ev,iter,si,parent,g,h,f,uncs,nodes,reason
pop,1,1,-1,0.0,,,0.945742;0.945742,1;1,
push,1,2,1,100.0,1000.0,1100.0,1.161851;1.161851,265;265,
push,1,3,1,100.0,1000.0,1100.0,1.182545;1.161851,181;265,
push,1,4,1,99.99999999999994,1100.0,1200.0,1.182545;1.182545,181;181,
push,1,5,1,100.00000000000003,1000.0,1100.0,1.161851;1.182545,265;344,
push,1,6,1,100.00000000000003,1000.0,1100.0,1.182545;1.182545,181;344,
push,1,7,1,100.00000000000003,1000.0,1100.0,1.182545;1.182545,344;344,
pop,2,2,1,100.0,,,1.161851;1.161851,265;265,
prune,2,0,2,200.0,,,1.323325;1.323325,271;271,obstacle:1
prune,2,0,2,200.0,,,1.395514;1.323325,187;271,obstacle:2
push,2,8,2,199.99999999999994,1000.0,1200.0,1.395514;1.395514,187;187,
prune,2,0,2,200.00000000000003,,,1.323325;1.395514,271;350,obstacle:1
push,2,9,2,200.00000000000003,900.0,1100.0,1.395514;1.395514,187;350,
push,2,10,2,200.00000000000003,900.0,1100.0,1.395514;1.395514,350;350,
pop,3,3,1,100.0,,,1.182545;1.161851,181;265,
prune,3,0,3,200.0,,,1.3512;1.323325,103;271,obstacle:2
prune,3,0,3,200.0,,,1.40762;1.323325,96;271,obstacle:2
prune,3,0,3,200.0,,,1.395514;1.323325,182;271,obstacle:2
push,3,11,3,199.99999999999994,1000.0,1200.0,1.395514;1.395514,182;187,
push,3,12,3,200.00000000000003,900.0,1100.0,1.3512;1.395514,103;350,
push,3,13,3,200.00000000000003,900.0,1100.0,1.40762;1.395514,96;350,
push,3,14,3,200.00000000000003,900.0,1100.0,1.395514;1.395514,182;350,
pop,4,7,1,100.00000000000003,,,1.182545;1.182545,344;344,
push,4,15,7,200.00000000000006,1000.0,1200.0,1.3512;1.3512,434;434,
push,4,16,7,200.00000000000006,1000.0,1200.0,1.395514;1.3512,349;434,
push,4,17,7,200.00000000000006,1000.0,1200.0,1.40762;1.3512,429;434,
push,4,18,7,200.00000000000003,900.0,1100.0,1.395514;1.395514,349;349,
push,4,19,7,200.00000000000006,1200.0,1400.0,1.3512;1.40762,434;429,
push,4,20,7,200.00000000000006,1200.0,1400.0,1.395514;1.40762,349;429,
push,4,21,7,200.00000000000006,1200.0,1400.0,1.40762;1.40762,429;429,
pop,5,6,1,100.00000000000003,,,1.182545;1.182545,181;344,
push,5,22,6,200.00000000000006,1000.0,1200.0,1.3512;1.3512,103;434,
push,5,23,6,200.00000000000006,1000.0,1200.0,1.40762;1.3512,96;434,
push,5,24,6,200.00000000000006,1000.0,1200.0,1.395514;1.3512,182;434,
push,5,25,6,200.00000000000003,900.0,1100.0,1.3512;1.395514,103;349,
push,5,26,6,200.00000000000003,900.0,1100.0,1.40762;1.395514,96;349,
push,5,27,6,200.00000000000003,900.0,1100.0,1.395514;1.395514,182;349,
push,5,28,6,200.00000000000006,1200.0,1400.0,1.3512;1.40762,103;429,
push,5,29,6,200.00000000000006,1200.0,1400.0,1.40762;1.40762,96;429,
push,5,30,6,200.00000000000006,1200.0,1400.0,1.395514;1.40762,182;429,
pop,6,5,1,100.00000000000003,,,1.161851;1.182545,265;344,
prune,6,0,5,200.00000000000006,,,1.323325;1.3512,271;434,obstacle:1
push,6,31,5,200.00000000000006,1000.0,1200.0,1.395514;1.3512,187;434,
push,6,32,5,200.00000000000006,1000.0,1200.0,1.395514;1.3512,350;434,
prune,6,0,5,200.00000000000003,,,1.323325;1.395514,271;349,obstacle:1
push,6,33,5,200.00000000000003,900.0,1100.0,1.395514;1.395514,187;349,
push,6,34,5,200.00000000000003,900.0,1100.0,1.395514;1.395514,350;349,
prune,6,0,5,200.00000000000006,,,1.323325;1.40762,271;429,obstacle:1
push,6,35,5,200.00000000000006,1200.0,1400.0,1.395514;1.40762,187;429,
push,6,36,5,200.00000000000006,1200.0,1400.0,1.395514;1.40762,350;429,
pop,7,10,2,200.00000000000003,,,1.395514;1.395514,350;350,
push,7,37,10,300.00000000000006,900.0,1200.0,1.564118;1.564118,440;440,
prune,7,0,10,300.00000000000006,,,1.555333;1.564118,355;440,obstacle:1
push,7,38,10,300.00000000000006,900.0,1200.0,1.601474;1.564118,435;440,
prune,7,0,10,300.0,,,1.555333;1.555333,355;355,obstacle:1
push,7,39,10,300.00000000000006,1100.0,1400.0,1.564118;1.601474,440;435,
prune,7,0,10,300.00000000000006,,,1.555333;1.601474,355;435,obstacle:1
push,7,40,10,300.00000000000006,1100.0,1400.0,1.601474;1.601474,435;435,
pop,8,9,2,200.00000000000003,,,1.395514;1.395514,187;350,
push,8,41,9,300.00000000000006,900.0,1200.0,1.564118;1.564118,109;440,
push,8,42,9,300.00000000000006,900.0,1200.0,1.601474;1.564118,102;440,
prune,8,0,9,300.00000000000006,,,1.555333;1.564118,188;440,obstacle:1
prune,8,0,9,300.0,,,1.564118;1.555333,109;355,obstacle:2
prune,8,0,9,300.0,,,1.601474;1.555333,102;355,obstacle:2
prune,8,0,9,300.0,,,1.555333;1.555333,188;355,obstacle:1
push,8,43,9,300.00000000000006,1100.0,1400.0,1.564118;1.601474,109;435,
push,8,44,9,300.00000000000006,1100.0,1400.0,1.601474;1.601474,102;435,
prune,8,0,9,300.00000000000006,,,1.555333;1.601474,188;435,obstacle:1
pop,9,18,7,200.00000000000003,,,1.395514;1.395514,349;349,
prune,9,0,18,300.0,,,1.555333;1.555333,355;355,obstacle:1
prune,9,0,18,300.00000000000006,,,1.555333;1.601474,355;276,obstacle:1
prune,9,0,18,300.00000000000006,,,1.601474;1.601474,276;276,obstacle:1
prune,9,0,18,300.00000000000006,,,1.564118;1.601474,440;276,obstacle:2
prune,9,0,18,300.00000000000006,,,1.555333;1.564118,355;440,obstacle:1
prune,9,0,18,300.00000000000006,,,1.601474;1.564118,276;440,obstacle:1
push,9,45,18,300.00000000000006,900.0,1200.0,1.564118;1.564118,440;440,
pop,10,34,5,200.00000000000003,,,1.395514;1.395514,350;349,
prune,10,0,34,300.0,,,1.555333;1.555333,355;355,obstacle:1
prune,10,0,34,300.00000000000006,,,1.564118;1.601474,440;276,obstacle:2
prune,10,0,34,300.00000000000006,,,1.555333;1.601474,355;276,obstacle:1
prune,10,0,34,300.00000000000006,,,1.601474;1.601474,435;276,obstacle:2
push,10,46,34,300.00000000000006,900.0,1200.0,1.564118;1.564118,440;440,
prune,10,0,34,300.00000000000006,,,1.555333;1.564118,355;440,obstacle:1
push,10,47,34,300.00000000000006,900.0,1200.0,1.601474;1.564118,435;440,
pop,11,33,5,200.00000000000003,,,1.395514;1.395514,187;349,
prune,11,0,33,300.0,,,1.564118;1.555333,109;355,obstacle:2
prune,11,0,33,300.0,,,1.601474;1.555333,102;355,obstacle:2
prune,11,0,33,300.0,,,1.555333;1.555333,188;355,obstacle:1
prune,11,0,33,300.00000000000006,,,1.564118;1.601474,109;276,obstacle:2
prune,11,0,33,300.00000000000006,,,1.601474;1.601474,102;276,obstacle:2
prune,11,0,33,300.00000000000006,,,1.555333;1.601474,188;276,obstacle:1
push,11,48,33,300.00000000000006,900.0,1200.0,1.564118;1.564118,109;440,
push,11,49,33,300.00000000000006,900.0,1200.0,1.601474;1.564118,102;440,
prune,11,0,33,300.00000000000006,,,1.555333;1.564118,188;440,obstacle:1
pop,12,13,3,200.00000000000003,,,1.40762;1.395514,96;350,
push,12,50,13,300.00000000000006,900.0,1200.0,1.572757;1.564118,6;440,
push,12,51,13,300.00000000000006,900.0,1200.0,1.601474;1.564118,89;440,
push,12,52,13,300.00000000000006,900.0,1200.0,1.572757;1.564118,13;440,
prune,12,0,13,300.0,,,1.572757;1.555333,6;355,obstacle:2
prune,12,0,13,300.0,,,1.601474;1.555333,89;355,obstacle:2
prune,12,0,13,300.0,,,1.572757;1.555333,13;355,obstacle:2
push,12,53,13,300.00000000000006,1100.0,1400.0,1.572757;1.601474,6;435,
push,12,54,13,300.00000000000006,1100.0,1400.0,1.601474;1.601474,89;435,
push,12,55,13,300.00000000000006,1100.0,1400.0,1.572757;1.601474,13;435,
pop,13,25,6,200.00000000000003,,,1.3512;1.395514,103;349,
prune,13,0,25,300.0,,,1.490339;1.555333,19;355,obstacle:2
prune,13,0,25,300.0,,,1.572757;1.555333,12;355,obstacle:2
prune,13,0,25,300.0,,,1.564118;1.555333,104;355,obstacle:2
prune,13,0,25,300.00000000000006,,,1.490339;1.601474,19;276,obstacle:2
prune,13,0,25,300.00000000000006,,,1.572757;1.601474,12;276,obstacle:2
prune,13,0,25,300.00000000000006,,,1.564118;1.601474,104;276,obstacle:2
push,13,56,25,300.00000000000006,900.0,1200.0,1.490339;1.564118,19;440,
push,13,57,25,300.00000000000006,900.0,1200.0,1.572757;1.564118,12;440,
push,13,58,25,300.00000000000006,900.0,1200.0,1.564118;1.564118,104;440,
pop,14,27,6,200.00000000000003,,,1.395514;1.395514,182;349,
prune,14,0,27,300.0,,,1.555333;1.555333,188;355,obstacle:1
prune,14,0,27,300.0,,,1.564118;1.555333,109;355,obstacle:2
prune,14,0,27,300.0,,,1.601474;1.555333,272;355,obstacle:1
prune,14,0,27,300.00000000000006,,,1.555333;1.601474,188;276,obstacle:1
prune,14,0,27,300.00000000000006,,,1.564118;1.601474,109;276,obstacle:2
prune,14,0,27,300.00000000000006,,,1.601474;1.601474,272;276,obstacle:1
prune,14,0,27,300.00000000000006,,,1.555333;1.564118,188;440,obstacle:1
push,14,59,27,300.00000000000006,900.0,1200.0,1.564118;1.564118,109;440,
prune,14,0,27,300.00000000000006,,,1.601474;1.564118,272;440,obstacle:1
pop,15,26,6,200.00000000000003,,,1.40762;1.395514,96;349,
prune,15,0,26,300.0,,,1.572757;1.555333,6;355,obstacle:2
prune,15,0,26,300.0,,,1.601474;1.555333,89;355,obstacle:2
prune,15,0,26,300.0,,,1.572757;1.555333,13;355,obstacle:2
prune,15,0,26,300.00000000000006,,,1.572757;1.601474,6;276,obstacle:2
prune,15,0,26,300.00000000000006,,,1.601474;1.601474,89;276,obstacle:2
prune,15,0,26,300.00000000000006,,,1.572757;1.601474,13;276,obstacle:2
push,15,60,26,300.00000000000006,900.0,1200.0,1.572757;1.564118,6;440,
push,15,61,26,300.00000000000006,900.0,1200.0,1.601474;1.564118,89;440,
push,15,62,26,300.00000000000006,900.0,1200.0,1.572757;1.564118,13;440,
pop,16,14,3,200.00000000000003,,,1.395514;1.395514,182;350,
prune,16,0,14,300.00000000000006,,,1.555333;1.564118,188;440,obstacle:1
push,16,63,14,300.00000000000006,900.0,1200.0,1.564118;1.564118,109;440,
prune,16,0,14,300.00000000000006,,,1.601474;1.564118,272;440,obstacle:1
prune,16,0,14,300.0,,,1.555333;1.555333,188;355,obstacle:1
prune,16,0,14,300.0,,,1.564118;1.555333,109;355,obstacle:2
prune,16,0,14,300.0,,,1.601474;1.555333,272;355,obstacle:1
prune,16,0,14,300.00000000000006,,,1.555333;1.601474,188;435,obstacle:1
push,16,64,14,300.00000000000006,1100.0,1400.0,1.564118;1.601474,109;435,
prune,16,0,14,300.00000000000006,,,1.601474;1.601474,272;435,obstacle:1
pop,17,12,3,200.00000000000003,,,1.3512;1.395514,103;350,
push,17,65,12,300.00000000000006,900.0,1200.0,1.490339;1.564118,19;440,
push,17,66,12,300.00000000000006,900.0,1200.0,1.572757;1.564118,12;440,
push,17,67,12,300.00000000000006,900.0,1200.0,1.564118;1.564118,104;440,
prune,17,0,12,300.0,,,1.490339;1.555333,19;355,obstacle:2
prune,17,0,12,300.0,,,1.572757;1.555333,12;355,obstacle:2
prune,17,0,12,300.0,,,1.564118;1.555333,104;355,obstacle:2
push,17,68,12,300.00000000000006,1100.0,1400.0,1.490339;1.601474,19;435,
push,17,69,12,300.00000000000006,1100.0,1400.0,1.572757;1.601474,12;435,
push,17,70,12,300.00000000000006,1100.0,1400.0,1.564118;1.601474,104;435,
pop,18,4,1,99.99999999999994,,,1.182545;1.182545,181;181,
push,18,71,4,199.99999999999997,1100.0,1300.0,1.3512;1.3512,103;103,
push,18,72,4,199.99999999999997,1100.0,1300.0,1.40762;1.3512,96;103,
push,18,73,4,199.99999999999997,1100.0,1300.0,1.395514;1.3512,182;103,
push,18,74,4,199.99999999999997,1300.0,1500.0,1.3512;1.40762,103;96,
push,18,75,4,199.99999999999997,1300.0,1500.0,1.40762;1.40762,96;96,
push,18,76,4,199.99999999999997,1300.0,1500.0,1.395514;1.40762,182;96,
push,18,77,4,199.99999999999994,1000.0,1200.0,1.395514;1.395514,182;182,
pop,19,16,7,200.00000000000006,,,1.395514;1.3512,349;434,
prune,19,0,16,300.0000000000001,,,1.555333;1.490339,355;518,obstacle:1
prune,19,0,16,300.0000000000001,,,1.601474;1.490339,276;518,obstacle:1
push,19,78,16,300.0000000000001,1000.0,1300.0,1.564118;1.490339,440;518,
prune,19,0,16,300.00000000000006,,,1.555333;1.564118,355;439,obstacle:1
prune,19,0,16,300.00000000000006,,,1.601474;1.564118,276;439,obstacle:1
push,19,79,16,300.00000000000006,900.0,1200.0,1.564118;1.564118,440;439,
prune,19,0,16,300.0000000000001,,,1.555333;1.572757,355;513,obstacle:1
prune,19,0,16,300.0000000000001,,,1.601474;1.572757,276;513,obstacle:1
push,19,80,16,300.0000000000001,1400.0,1700.0,1.564118;1.572757,440;513,
pop,20,17,7,200.00000000000006,,,1.40762;1.3512,429;434,
push,20,81,17,300.0000000000001,1000.0,1300.0,1.572757;1.490339,507;518,
push,20,82,17,300.0000000000001,1000.0,1300.0,1.572757;1.490339,512;518,
push,20,83,17,300.0000000000001,1000.0,1300.0,1.601474;1.490339,424;518,
push,20,84,17,300.00000000000006,900.0,1200.0,1.601474;1.564118,424;439,
push,20,85,17,300.0000000000001,1400.0,1700.0,1.572757;1.572757,507;513,
push,20,86,17,300.0000000000001,1400.0,1700.0,1.572757;1.572757,512;513,
push,20,87,17,300.0000000000001,1400.0,1700.0,1.601474;1.572757,424;513,
pop,21,32,5,200.00000000000006,,,1.395514;1.3512,350;434,
push,21,88,32,300.0000000000001,1000.0,1300.0,1.564118;1.490339,440;518,
prune,21,0,32,300.0000000000001,,,1.555333;1.490339,355;518,obstacle:1
push,21,89,32,300.0000000000001,1000.0,1300.0,1.601474;1.490339,435;518,
push,21,90,32,300.00000000000006,900.0,1200.0,1.564118;1.564118,440;439,
prune,21,0,32,300.00000000000006,,,1.555333;1.564118,355;439,obstacle:1
push,21,91,32,300.00000000000006,900.0,1200.0,1.601474;1.564118,435;439,
push,21,92,32,300.0000000000001,1400.0,1700.0,1.564118;1.572757,440;513,
prune,21,0,32,300.0000000000001,,,1.555333;1.572757,355;513,obstacle:1
push,21,93,32,300.0000000000001,1400.0,1700.0,1.601474;1.572757,435;513,
pop,22,15,7,200.00000000000006,,,1.3512;1.3512,434;434,
push,22,94,15,300.0000000000001,1000.0,1300.0,1.490339;1.490339,518;518,
push,22,95,15,300.0000000000001,1000.0,1300.0,1.564118;1.490339,439;518,
push,22,96,15,300.0000000000001,1000.0,1300.0,1.572757;1.490339,513;518,
push,22,97,15,300.00000000000006,900.0,1200.0,1.564118;1.564118,439;439,
push,22,98,15,300.0000000000001,1400.0,1700.0,1.490339;1.572757,518;513,
push,22,99,15,300.0000000000001,1400.0,1700.0,1.564118;1.572757,439;513,
push,22,100,15,300.0000000000001,1400.0,1700.0,1.572757;1.572757,513;513,
pop,23,31,5,200.00000000000006,,,1.395514;1.3512,187;434,
push,23,101,31,300.0000000000001,1000.0,1300.0,1.564118;1.490339,109;518,
push,23,102,31,300.0000000000001,1000.0,1300.0,1.601474;1.490339,102;518,
prune,23,0,31,300.0000000000001,,,1.555333;1.490339,188;518,obstacle:1
push,23,103,31,300.00000000000006,900.0,1200.0,1.564118;1.564118,109;439,
push,23,104,31,300.00000000000006,900.0,1200.0,1.601474;1.564118,102;439,
prune,23,0,31,300.00000000000006,,,1.555333;1.564118,188;439,obstacle:1
push,23,105,31,300.0000000000001,1400.0,1700.0,1.564118;1.572757,109;513,
push,23,106,31,300.0000000000001,1400.0,1700.0,1.601474;1.572757,102;513,
prune,23,0,31,300.0000000000001,,,1.555333;1.572757,188;513,obstacle:1
pop,24,24,6,200.00000000000006,,,1.395514;1.3512,182;434,
prune,24,0,24,300.0000000000001,,,1.555333;1.490339,188;518,obstacle:1
push,24,107,24,300.0000000000001,1000.0,1300.0,1.564118;1.490339,109;518,
prune,24,0,24,300.0000000000001,,,1.601474;1.490339,272;518,obstacle:1
prune,24,0,24,300.00000000000006,,,1.555333;1.564118,188;439,obstacle:1
push,24,108,24,300.00000000000006,900.0,1200.0,1.564118;1.564118,109;439,
prune,24,0,24,300.00000000000006,,,1.601474;1.564118,272;439,obstacle:1
prune,24,0,24,300.0000000000001,,,1.555333;1.572757,188;513,obstacle:1
push,24,109,24,300.0000000000001,1400.0,1700.0,1.564118;1.572757,109;513,
prune,24,0,24,300.0000000000001,,,1.601474;1.572757,272;513,obstacle:1
pop,25,23,6,200.00000000000006,,,1.40762;1.3512,96;434,
push,25,110,23,300.0000000000001,1000.0,1300.0,1.572757;1.490339,6;518,
push,25,111,23,300.0000000000001,1000.0,1300.0,1.601474;1.490339,89;518,
push,25,112,23,300.0000000000001,1000.0,1300.0,1.572757;1.490339,13;518,
push,25,113,23,300.00000000000006,900.0,1200.0,1.572757;1.564118,6;439,
push,25,114,23,300.00000000000006,900.0,1200.0,1.601474;1.564118,89;439,
push,25,115,23,300.00000000000006,900.0,1200.0,1.572757;1.564118,13;439,
push,25,116,23,300.0000000000001,1400.0,1700.0,1.572757;1.572757,6;513,
push,25,117,23,300.0000000000001,1400.0,1700.0,1.601474;1.572757,89;513,
push,25,118,23,300.0000000000001,1400.0,1700.0,1.572757;1.572757,13;513,
pop,26,22,6,200.00000000000006,,,1.3512;1.3512,103;434,
push,26,119,22,300.0000000000001,1000.0,1300.0,1.490339;1.490339,19;518,
push,26,120,22,300.0000000000001,1000.0,1300.0,1.572757;1.490339,12;518,
push,26,121,22,300.0000000000001,1000.0,1300.0,1.564118;1.490339,104;518,
push,26,122,22,300.00000000000006,900.0,1200.0,1.490339;1.564118,19;439,
push,26,123,22,300.00000000000006,900.0,1200.0,1.572757;1.564118,12;439,
push,26,124,22,300.00000000000006,900.0,1200.0,1.564118;1.564118,104;439,
push,26,125,22,300.0000000000001,1400.0,1700.0,1.490339;1.572757,19;513,
push,26,126,22,300.0000000000001,1400.0,1700.0,1.572757;1.572757,12;513,
push,26,127,22,300.0000000000001,1400.0,1700.0,1.564118;1.572757,104;513,
pop,27,77,4,199.99999999999994,,,1.395514;1.395514,182;182,
prune,27,0,77,299.99999999999994,,,1.555333;1.555333,188;188,obstacle:1
prune,27,0,77,299.99999999999994,,,1.601474;1.555333,272;188,obstacle:1
prune,27,0,77,300.0,,,1.555333;1.564118,188;109,obstacle:1
push,27,128,77,300.0,1000.0,1300.0,1.564118;1.564118,109;109,
prune,27,0,77,300.0,,,1.601474;1.564118,272;109,obstacle:1
prune,27,0,77,299.9999999999999,,,1.601474;1.601474,272;272,obstacle:1
pop,28,8,2,199.99999999999994,,,1.395514;1.395514,187;187,
push,28,129,8,300.0,1000.0,1300.0,1.564118;1.564118,109;109,
push,28,130,8,300.0,1000.0,1300.0,1.601474;1.564118,102;109,
prune,28,0,8,300.0,,,1.555333;1.564118,188;109,obstacle:1
push,28,131,8,300.0,1200.0,1500.0,1.564118;1.601474,109;102,
push,28,132,8,300.0,1200.0,1500.0,1.601474;1.601474,102;102,
prune,28,0,8,300.0,,,1.555333;1.601474,188;102,obstacle:1
prune,28,0,8,299.99999999999994,,,1.555333;1.555333,188;188,obstacle:1
pop,29,11,3,199.99999999999994,,,1.395514;1.395514,182;187,
prune,29,0,11,300.0,,,1.555333;1.564118,188;109,obstacle:1
push,29,133,11,300.0,1000.0,1300.0,1.564118;1.564118,109;109,
prune,29,0,11,300.0,,,1.601474;1.564118,272;109,obstacle:1
prune,29,0,11,300.0,,,1.555333;1.601474,188;102,obstacle:1
push,29,134,11,300.0,1200.0,1500.0,1.564118;1.601474,109;102,
prune,29,0,11,300.0,,,1.601474;1.601474,272;102,obstacle:1
prune,29,0,11,299.99999999999994,,,1.555333;1.555333,188;188,obstacle:1
prune,29,0,11,299.99999999999994,,,1.601474;1.555333,272;188,obstacle:1
pop,30,79,16,300.00000000000006,,,1.564118;1.564118,440;439,
push,30,135,79,400.00000000000006,800.0,1200.0,1.725239;1.725239,445;445,
prune,30,0,79,400.0000000000001,,,1.702432;1.759544,524;360,obstacle:2
prune,30,0,79,400.0000000000001,,,1.725239;1.759544,445;360,obstacle:2
prune,30,0,79,400.0000000000001,,,1.759544;1.759544,519;360,obstacle:2
push,30,136,79,400.0000000000001,900.0,1300.0,1.702432;1.702432,524;524,
push,30,137,79,400.0000000000001,900.0,1300.0,1.725239;1.702432,445;524,
push,30,138,79,400.0000000000001,900.0,1300.0,1.759544;1.702432,519;524,
pop,31,103,31,300.00000000000006,,,1.564118;1.564118,109;439,
push,31,139,103,400.00000000000006,800.0,1200.0,1.702432;1.725239,25;445,
push,31,140,103,400.00000000000006,800.0,1200.0,1.759544;1.725239,18;445,
push,31,141,103,400.00000000000006,800.0,1200.0,1.725239;1.725239,110;445,
prune,31,0,103,400.0000000000001,,,1.702432;1.759544,25;360,obstacle:2
prune,31,0,103,400.0000000000001,,,1.759544;1.759544,18;360,obstacle:2
prune,31,0,103,400.0000000000001,,,1.725239;1.759544,110;360,obstacle:2
push,31,142,103,400.0000000000001,900.0,1300.0,1.702432;1.702432,25;524,
push,31,143,103,400.0000000000001,900.0,1300.0,1.759544;1.702432,18;524,
push,31,144,103,400.0000000000001,900.0,1300.0,1.725239;1.702432,110;524,
pop,32,104,31,300.00000000000006,,,1.601474;1.564118,102;439,
push,32,145,104,400.00000000000006,800.0,1200.0,1.759544;1.725239,12;445,
push,32,146,104,400.00000000000006,800.0,1200.0,1.753393;1.725239,95;445,
push,32,147,104,400.00000000000006,800.0,1200.0,1.759544;1.725239,19;445,
prune,32,0,104,400.0000000000001,,,1.759544;1.759544,12;360,obstacle:2
prune,32,0,104,400.0000000000001,,,1.753393;1.759544,95;360,obstacle:2
prune,32,0,104,400.0000000000001,,,1.759544;1.759544,19;360,obstacle:2
push,32,148,104,400.0000000000001,900.0,1300.0,1.759544;1.702432,12;524,
push,32,149,104,400.0000000000001,900.0,1300.0,1.753393;1.702432,95;524,
push,32,150,104,400.0000000000001,900.0,1300.0,1.759544;1.702432,19;524,
pop,33,97,15,300.00000000000006,,,1.564118;1.564118,439;439,
push,33,151,97,400.00000000000006,800.0,1200.0,1.725239;1.725239,445;445,
prune,33,0,97,400.0000000000001,,,1.725239;1.759544,445;360,obstacle:2
prune,33,0,97,400.0000000000001,,,1.759544;1.759544,360;360,obstacle:1
prune,33,0,97,400.0000000000001,,,1.702432;1.759544,524;360,obstacle:2
push,33,152,97,400.0000000000001,900.0,1300.0,1.725239;1.702432,445;524,
prune,33,0,97,400.0000000000001,,,1.759544;1.702432,360;524,obstacle:1
push,33,153,97,400.0000000000001,900.0,1300.0,1.702432;1.702432,524;524,
pop,34,91,32,300.00000000000006,,,1.601474;1.564118,435;439,
push,34,154,91,400.00000000000006,800.0,1200.0,1.753393;1.725239,430;445,
prune,34,0,91,400.0000000000001,,,1.759544;1.759544,513;360,obstacle:2
prune,34,0,91,400.0000000000001,,,1.759544;1.759544,518;360,obstacle:2
prune,34,0,91,400.0000000000001,,,1.753393;1.759544,430;360,obstacle:2
push,34,155,91,400.0000000000001,900.0,1300.0,1.759544;1.702432,513;524,
push,34,156,91,400.0000000000001,900.0,1300.0,1.759544;1.702432,518;524,
push,34,157,91,400.0000000000001,900.0,1300.0,1.753393;1.702432,430;524,
pop,35,90,32,300.00000000000006,,,1.564118;1.564118,440;439,
push,35,158,90,400.00000000000006,800.0,1200.0,1.725239;1.725239,445;445,
prune,35,0,90,400.0000000000001,,,1.702432;1.759544,524;360,obstacle:2
prune,35,0,90,400.0000000000001,,,1.725239;1.759544,445;360,obstacle:2
prune,35,0,90,400.0000000000001,,,1.759544;1.759544,519;360,obstacle:2
push,35,159,90,400.0000000000001,900.0,1300.0,1.702432;1.702432,524;524,
push,35,160,90,400.0000000000001,900.0,1300.0,1.725239;1.702432,445;524,
push,35,161,90,400.0000000000001,900.0,1300.0,1.759544;1.702432,519;524,
pop,36,84,17,300.00000000000006,,,1.601474;1.564118,424;439,
pop,37,38,10,300.00000000000006,,,1.601474;1.564118,435;440,
push,37,162,38,400.0000000000001,900.0,1300.0,1.759544;1.702432,513;524,
push,37,163,38,400.0000000000001,900.0,1300.0,1.759544;1.702432,518;524,
push,37,164,38,400.0000000000001,900.0,1300.0,1.753393;1.702432,430;524,
push,37,165,38,400.00000000000006,800.0,1200.0,1.753393;1.725239,430;445,
push,37,166,38,400.0000000000001,1300.0,1700.0,1.759544;1.759544,513;519,
push,37,167,38,400.0000000000001,1300.0,1700.0,1.759544;1.759544,518;519,
push,37,168,38,400.0000000000001,1300.0,1700.0,1.753393;1.759544,430;519,
pop,38,37,10,300.00000000000006,,,1.564118;1.564118,440;440,
push,38,169,37,400.0000000000001,900.0,1300.0,1.702432;1.702432,524;524,
push,38,170,37,400.0000000000001,900.0,1300.0,1.725239;1.702432,445;524,
push,38,171,37,400.0000000000001,900.0,1300.0,1.759544;1.702432,519;524,
push,38,172,37,400.00000000000006,800.0,1200.0,1.725239;1.725239,445;445,
push,38,173,37,400.0000000000001,1300.0,1700.0,1.702432;1.759544,524;519,
push,38,174,37,400.0000000000001,1300.0,1700.0,1.725239;1.759544,445;519,
push,38,175,37,400.0000000000001,1300.0,1700.0,1.759544;1.759544,519;519,
pop,39,45,18,300.00000000000006,,,1.564118;1.564118,440;440,
push,39,176,45,400.0000000000001,900.0,1300.0,1.702432;1.702432,524;524,
push,39,177,45,400.0000000000001,900.0,1300.0,1.725239;1.702432,445;524,
push,39,178,45,400.0000000000001,900.0,1300.0,1.759544;1.702432,519;524,
push,39,179,45,400.00000000000006,800.0,1200.0,1.725239;1.725239,445;445,
push,39,180,45,400.0000000000001,1300.0,1700.0,1.702432;1.759544,524;519,
push,39,181,45,400.0000000000001,1300.0,1700.0,1.725239;1.759544,445;519,
push,39,182,45,400.0000000000001,1300.0,1700.0,1.759544;1.759544,519;519,
pop,40,67,12,300.00000000000006,,,1.564118;1.564118,104;440,
push,40,183,67,400.0000000000001,900.0,1300.0,1.725239;1.702432,110;524,
push,40,184,67,400.0000000000001,900.0,1300.0,1.702432;1.702432,25;524,
prune,40,0,67,400.0000000000001,,,1.759544;1.702432,189;524,obstacle:1
push,40,185,67,400.00000000000006,800.0,1200.0,1.725239;1.725239,110;445,
push,40,186,67,400.00000000000006,800.0,1200.0,1.702432;1.725239,25;445,
prune,40,0,67,400.00000000000006,,,1.759544;1.725239,189;445,obstacle:1
push,40,187,67,400.0000000000001,1300.0,1700.0,1.725239;1.759544,110;519,
push,40,188,67,400.0000000000001,1300.0,1700.0,1.702432;1.759544,25;519,
prune,40,0,67,400.0000000000001,,,1.759544;1.759544,189;519,obstacle:1
pop,41,65,12,300.00000000000006,,,1.490339;1.564118,19;440,
push,41,189,65,400.0000000000001,900.0,1300.0,1.702432;1.702432,20;524,
push,41,190,65,400.00000000000006,800.0,1200.0,1.702432;1.725239,20;445,
push,41,191,65,400.0000000000001,1300.0,1700.0,1.702432;1.759544,20;519,
pop,42,66,12,300.00000000000006,,,1.572757;1.564118,12;440,
push,42,192,66,400.0000000000001,900.0,1300.0,1.759544;1.702432,5;524,
push,42,193,66,400.00000000000006,800.0,1200.0,1.759544;1.725239,5;445,
push,42,194,66,400.0000000000001,1300.0,1700.0,1.759544;1.759544,5;519,
pop,43,124,22,300.00000000000006,,,1.564118;1.564118,104;439,
push,43,195,124,400.00000000000006,800.0,1200.0,1.725239;1.725239,110;445,
push,43,196,124,400.00000000000006,800.0,1200.0,1.702432;1.725239,25;445,
prune,43,0,124,400.00000000000006,,,1.759544;1.725239,189;445,obstacle:1
prune,43,0,124,400.0000000000001,,,1.725239;1.759544,110;360,obstacle:2
prune,43,0,124,400.0000000000001,,,1.702432;1.759544,25;360,obstacle:2
prune,43,0,124,400.0000000000001,,,1.759544;1.759544,189;360,obstacle:1
push,43,197,124,400.0000000000001,900.0,1300.0,1.725239;1.702432,110;524,
push,43,198,124,400.0000000000001,900.0,1300.0,1.702432;1.702432,25;524,
prune,43,0,124,400.0000000000001,,,1.759544;1.702432,189;524,obstacle:1
pop,44,122,22,300.00000000000006,,,1.490339;1.564118,19;439,
push,44,199,122,400.00000000000006,800.0,1200.0,1.702432;1.725239,20;445,
prune,44,0,122,400.0000000000001,,,1.702432;1.759544,20;360,obstacle:2
push,44,200,122,400.0000000000001,900.0,1300.0,1.702432;1.702432,20;524,
pop,45,123,22,300.00000000000006,,,1.572757;1.564118,12;439,
push,45,201,123,400.00000000000006,800.0,1200.0,1.759544;1.725239,5;445,
prune,45,0,123,400.0000000000001,,,1.759544;1.759544,5;360,obstacle:2
push,45,202,123,400.0000000000001,900.0,1300.0,1.759544;1.702432,5;524,
pop,46,61,26,300.00000000000006,,,1.601474;1.564118,89;440,
pop,47,63,14,300.00000000000006,,,1.564118;1.564118,109;440,
push,47,203,63,400.0000000000001,900.0,1300.0,1.702432;1.702432,25;524,
push,47,204,63,400.0000000000001,900.0,1300.0,1.759544;1.702432,18;524,
push,47,205,63,400.0000000000001,900.0,1300.0,1.725239;1.702432,110;524,
push,47,206,63,400.00000000000006,800.0,1200.0,1.702432;1.725239,25;445,
push,47,207,63,400.00000000000006,800.0,1200.0,1.759544;1.725239,18;445,
push,47,208,63,400.00000000000006,800.0,1200.0,1.725239;1.725239,110;445,
push,47,209,63,400.0000000000001,1300.0,1700.0,1.702432;1.759544,25;519,
push,47,210,63,400.0000000000001,1300.0,1700.0,1.759544;1.759544,18;519,
push,47,211,63,400.0000000000001,1300.0,1700.0,1.725239;1.759544,110;519,
pop,48,47,34,300.00000000000006,,,1.601474;1.564118,435;440,
push,48,212,47,400.0000000000001,900.0,1300.0,1.759544;1.702432,513;524,
push,48,213,47,400.0000000000001,900.0,1300.0,1.759544;1.702432,518;524,
push,48,214,47,400.0000000000001,900.0,1300.0,1.753393;1.702432,430;524,
push,48,215,47,400.00000000000006,800.0,1200.0,1.753393;1.725239,430;445,
push,48,216,47,400.0000000000001,1300.0,1700.0,1.759544;1.759544,513;519,
push,48,217,47,400.0000000000001,1300.0,1700.0,1.759544;1.759544,518;519,
push,48,218,47,400.0000000000001,1300.0,1700.0,1.753393;1.759544,430;519,
pop,49,60,26,300.00000000000006,,,1.572757;1.564118,6;440,
pop,50,115,23,300.00000000000006,,,1.572757;1.564118,13;439,
push,50,219,115,400.00000000000006,800.0,1200.0,1.759544;1.725239,14;445,
prune,50,0,115,400.0000000000001,,,1.759544;1.759544,14;360,obstacle:2
push,50,220,115,400.0000000000001,900.0,1300.0,1.759544;1.702432,14;524,
pop,51,57,25,300.00000000000006,,,1.572757;1.564118,12;440,
push,51,221,57,400.0000000000001,900.0,1300.0,1.759544;1.702432,5;524,
push,51,222,57,400.00000000000006,800.0,1200.0,1.759544;1.725239,5;445,
push,51,223,57,400.0000000000001,1300.0,1700.0,1.759544;1.759544,5;519,
pop,52,114,23,300.00000000000006,,,1.601474;1.564118,89;439,
pop,53,113,23,300.00000000000006,,,1.572757;1.564118,6;439,
pop,54,56,25,300.00000000000006,,,1.490339;1.564118,19;440,
push,54,224,56,400.0000000000001,900.0,1300.0,1.702432;1.702432,20;524,
push,54,225,56,400.00000000000006,800.0,1200.0,1.702432;1.725239,20;445,
push,54,226,56,400.0000000000001,1300.0,1700.0,1.702432;1.759544,20;519,
pop,55,108,24,300.00000000000006,,,1.564118;1.564118,109;439,
push,55,227,108,400.00000000000006,800.0,1200.0,1.702432;1.725239,25;445,
push,55,228,108,400.00000000000006,800.0,1200.0,1.759544;1.725239,18;445,
push,55,229,108,400.00000000000006,800.0,1200.0,1.725239;1.725239,110;445,
prune,55,0,108,400.0000000000001,,,1.702432;1.759544,25;360,obstacle:2
prune,55,0,108,400.0000000000001,,,1.759544;1.759544,18;360,obstacle:2
prune,55,0,108,400.0000000000001,,,1.725239;1.759544,110;360,obstacle:2
push,55,230,108,400.0000000000001,900.0,1300.0,1.702432;1.702432,25;524,
push,55,231,108,400.0000000000001,900.0,1300.0,1.759544;1.702432,18;524,
push,55,232,108,400.0000000000001,900.0,1300.0,1.725239;1.702432,110;524,
pop,56,62,26,300.00000000000006,,,1.572757;1.564118,13;440,
push,56,233,62,400.0000000000001,900.0,1300.0,1.759544;1.702432,14;524,
push,56,234,62,400.00000000000006,800.0,1200.0,1.759544;1.725239,14;445,
push,56,235,62,400.0000000000001,1300.0,1700.0,1.759544;1.759544,14;519,
pop,57,49,33,300.00000000000006,,,1.601474;1.564118,102;440,
push,57,236,49,400.0000000000001,900.0,1300.0,1.759544;1.702432,12;524,
push,57,237,49,400.0000000000001,900.0,1300.0,1.753393;1.702432,95;524,
push,57,238,49,400.0000000000001,900.0,1300.0,1.759544;1.702432,19;524,
push,57,239,49,400.00000000000006,800.0,1200.0,1.759544;1.725239,12;445,
push,57,240,49,400.00000000000006,800.0,1200.0,1.753393;1.725239,95;445,
push,57,241,49,400.00000000000006,800.0,1200.0,1.759544;1.725239,19;445,
push,57,242,49,400.0000000000001,1300.0,1700.0,1.759544;1.759544,12;519,
push,57,243,49,400.0000000000001,1300.0,1700.0,1.753393;1.759544,95;519,
push,57,244,49,400.0000000000001,1300.0,1700.0,1.759544;1.759544,19;519,
pop,58,52,13,300.00000000000006,,,1.572757;1.564118,13;440,
push,58,245,52,400.0000000000001,900.0,1300.0,1.759544;1.702432,14;524,
push,58,246,52,400.00000000000006,800.0,1200.0,1.759544;1.725239,14;445,
push,58,247,52,400.0000000000001,1300.0,1700.0,1.759544;1.759544,14;519,
pop,59,51,13,300.00000000000006,,,1.601474;1.564118,89;440,
pop,60,50,13,300.00000000000006,,,1.572757;1.564118,6;440,
pop,61,58,25,300.00000000000006,,,1.564118;1.564118,104;440,
push,61,248,58,400.0000000000001,900.0,1300.0,1.725239;1.702432,110;524,
push,61,249,58,400.0000000000001,900.0,1300.0,1.702432;1.702432,25;524,
prune,61,0,58,400.0000000000001,,,1.759544;1.702432,189;524,obstacle:1
push,61,250,58,400.00000000000006,800.0,1200.0,1.725239;1.725239,110;445,
push,61,251,58,400.00000000000006,800.0,1200.0,1.702432;1.725239,25;445,
prune,61,0,58,400.00000000000006,,,1.759544;1.725239,189;445,obstacle:1
push,61,252,58,400.0000000000001,1300.0,1700.0,1.725239;1.759544,110;519,
push,61,253,58,400.0000000000001,1300.0,1700.0,1.702432;1.759544,25;519,
prune,61,0,58,400.0000000000001,,,1.759544;1.759544,189;519,obstacle:1
pop,62,59,27,300.00000000000006,,,1.564118;1.564118,109;440,
push,62,254,59,400.0000000000001,900.0,1300.0,1.702432;1.702432,25;524,
push,62,255,59,400.0000000000001,900.0,1300.0,1.759544;1.702432,18;524,
push,62,256,59,400.0000000000001,900.0,1300.0,1.725239;1.702432,110;524,
push,62,257,59,400.00000000000006,800.0,1200.0,1.702432;1.725239,25;445,
push,62,258,59,400.00000000000006,800.0,1200.0,1.759544;1.725239,18;445,
push,62,259,59,400.00000000000006,800.0,1200.0,1.725239;1.725239,110;445,
push,62,260,59,400.0000000000001,1300.0,1700.0,1.702432;1.759544,25;519,
push,62,261,59,400.0000000000001,1300.0,1700.0,1.759544;1.759544,18;519,
push,62,262,59,400.0000000000001,1300.0,1700.0,1.725239;1.759544,110;519,
pop,63,48,33,300.00000000000006,,,1.564118;1.564118,109;440,
push,63,263,48,400.0000000000001,900.0,1300.0,1.702432;1.702432,25;524,
push,63,264,48,400.0000000000001,900.0,1300.0,1.759544;1.702432,18;524,
push,63,265,48,400.0000000000001,900.0,1300.0,1.725239;1.702432,110;524,
push,63,266,48,400.00000000000006,800.0,1200.0,1.702432;1.725239,25;445,
push,63,267,48,400.00000000000006,800.0,1200.0,1.759544;1.725239,18;445,
push,63,268,48,400.00000000000006,800.0,1200.0,1.725239;1.725239,110;445,
push,63,269,48,400.0000000000001,1300.0,1700.0,1.702432;1.759544,25;519,
push,63,270,48,400.0000000000001,1300.0,1700.0,1.759544;1.759544,18;519,
push,63,271,48,400.0000000000001,1300.0,1700.0,1.725239;1.759544,110;519,
pop,64,46,34,300.00000000000006,,,1.564118;1.564118,440;440,
push,64,272,46,400.0000000000001,900.0,1300.0,1.702432;1.702432,524;524,
push,64,273,46,400.0000000000001,900.0,1300.0,1.725239;1.702432,445;524,
push,64,274,46,400.0000000000001,900.0,1300.0,1.759544;1.702432,519;524,
push,64,275,46,400.00000000000006,800.0,1200.0,1.725239;1.725239,445;445,
push,64,276,46,400.0000000000001,1300.0,1700.0,1.702432;1.759544,524;519,
push,64,277,46,400.0000000000001,1300.0,1700.0,1.725239;1.759544,445;519,
push,64,278,46,400.0000000000001,1300.0,1700.0,1.759544;1.759544,519;519,
pop,65,42,9,300.00000000000006,,,1.601474;1.564118,102;440,
push,65,279,42,400.0000000000001,900.0,1300.0,1.759544;1.702432,12;524,
push,65,280,42,400.0000000000001,900.0,1300.0,1.753393;1.702432,95;524,
push,65,281,42,400.0000000000001,900.0,1300.0,1.759544;1.702432,19;524,
push,65,282,42,400.00000000000006,800.0,1200.0,1.759544;1.725239,12;445,
push,65,283,42,400.00000000000006,800.0,1200.0,1.753393;1.725239,95;445,
push,65,284,42,400.00000000000006,800.0,1200.0,1.759544;1.725239,19;445,
push,65,285,42,400.0000000000001,1300.0,1700.0,1.759544;1.759544,12;519,
push,65,286,42,400.0000000000001,1300.0,1700.0,1.753393;1.759544,95;519,
push,65,287,42,400.0000000000001,1300.0,1700.0,1.759544;1.759544,19;519,
pop,66,41,9,300.00000000000006,,,1.564118;1.564118,109;440,
push,66,288,41,400.0000000000001,900.0,1300.0,1.702432;1.702432,25;524,
push,66,289,41,400.0000000000001,900.0,1300.0,1.759544;1.702432,18;524,
push,66,290,41,400.0000000000001,900.0,1300.0,1.725239;1.702432,110;524,
push,66,291,41,400.00000000000006,800.0,1200.0,1.702432;1.725239,25;445,
push,66,292,41,400.00000000000006,800.0,1200.0,1.759544;1.725239,18;445,
push,66,293,41,400.00000000000006,800.0,1200.0,1.725239;1.725239,110;445,
push,66,294,41,400.0000000000001,1300.0,1700.0,1.702432;1.759544,25;519,
push,66,295,41,400.0000000000001,1300.0,1700.0,1.759544;1.759544,18;519,
push,66,296,41,400.0000000000001,1300.0,1700.0,1.725239;1.759544,110;519,
pop,67,154,91,400.00000000000006,,,1.753393;1.725239,430;445,
push,67,297,154,500.00000000000006,700.0,1200.0,1.88211;1.859484,424;451,
prune,67,0,154,500.0000000000001,,,1.88211;1.908759,424;366,obstacle:2
prune,67,0,154,500.0000000000001,,,1.908759;1.908759,507;366,obstacle:2
prune,67,0,154,500.0000000000001,,,1.908759;1.908759,341;366,obstacle:2
push,67,298,154,500.0000000000001,800.0,1300.0,1.88211;1.864647,424;530,
push,67,299,154,500.0000000000001,800.0,1300.0,1.908759;1.864647,507;530,
push,67,300,154,500.0000000000001,800.0,1300.0,1.908759;1.864647,341;530,
pop,68,158,90,400.00000000000006,,,1.725239;1.725239,445;445,
push,68,301,158,500.00000000000006,700.0,1200.0,1.859484;1.859484,451;451,
prune,68,0,158,500.0000000000001,,,1.859484;1.908759,451;366,obstacle:2
prune,68,0,158,500.0000000000001,,,1.908759;1.908759,366;366,obstacle:1
prune,68,0,158,500.0000000000001,,,1.864647;1.908759,530;366,obstacle:2
push,68,302,158,500.0000000000001,800.0,1300.0,1.859484;1.864647,451;530,
prune,68,0,158,500.0000000000001,,,1.908759;1.864647,366;530,obstacle:1
push,68,303,158,500.0000000000001,800.0,1300.0,1.864647;1.864647,530;530,
pop,69,145,104,400.00000000000006,,,1.759544;1.725239,12;445,
push,69,304,145,500.00000000000006,700.0,1200.0,1.908759;1.859484,5;451,
prune,69,0,145,500.0000000000001,,,1.908759;1.908759,5;366,obstacle:2
push,69,305,145,500.0000000000001,800.0,1300.0,1.908759;1.864647,5;530,
pop,70,151,97,400.00000000000006,,,1.725239;1.725239,445;445,
push,70,306,151,500.00000000000006,700.0,1200.0,1.859484;1.859484,451;451,
prune,70,0,151,500.0000000000001,,,1.859484;1.908759,451;366,obstacle:2
prune,70,0,151,500.0000000000001,,,1.908759;1.908759,366;366,obstacle:1
prune,70,0,151,500.0000000000001,,,1.864647;1.908759,530;366,obstacle:2
push,70,307,151,500.0000000000001,800.0,1300.0,1.859484;1.864647,451;530,
prune,70,0,151,500.0000000000001,,,1.908759;1.864647,366;530,obstacle:1
push,70,308,151,500.0000000000001,800.0,1300.0,1.864647;1.864647,530;530,
pop,71,146,104,400.00000000000006,,,1.753393;1.725239,95;445,
push,71,309,146,500.00000000000006,700.0,1200.0,1.88211;1.859484,89;451,
push,71,310,146,500.00000000000006,700.0,1200.0,1.908759;1.859484,172;451,
push,71,311,146,500.00000000000006,700.0,1200.0,1.908759;1.859484,6;451,
prune,71,0,146,500.0000000000001,,,1.88211;1.908759,89;366,obstacle:2
prune,71,0,146,500.0000000000001,,,1.908759;1.908759,172;366,obstacle:2
prune,71,0,146,500.0000000000001,,,1.908759;1.908759,6;366,obstacle:2
push,71,312,146,500.0000000000001,800.0,1300.0,1.88211;1.864647,89;530,
push,71,313,146,500.0000000000001,800.0,1300.0,1.908759;1.864647,172;530,
push,71,314,146,500.0000000000001,800.0,1300.0,1.908759;1.864647,6;530,
pop,72,147,104,400.00000000000006,,,1.759544;1.725239,19;445,
push,72,315,147,500.00000000000006,700.0,1200.0,1.908759;1.859484,20;451,
prune,72,0,147,500.0000000000001,,,1.908759;1.908759,20;366,obstacle:2
push,72,316,147,500.0000000000001,800.0,1300.0,1.908759;1.864647,20;530,
pop,73,291,41,400.00000000000006,,,1.702432;1.725239,25;445,
push,73,317,291,500.00000000000006,700.0,1200.0,1.864647;1.859484,26;451,
prune,73,0,291,500.0000000000001,,,1.864647;1.908759,26;366,obstacle:2
push,73,318,291,500.0000000000001,800.0,1300.0,1.864647;1.864647,26;530,
pop,74,292,41,400.00000000000006,,,1.759544;1.725239,18;445,
push,74,319,292,500.00000000000006,700.0,1200.0,1.908759;1.859484,11;451,
prune,74,0,292,500.0000000000001,,,1.908759;1.908759,11;366,obstacle:2
push,74,320,292,500.0000000000001,800.0,1300.0,1.908759;1.864647,11;530,
pop,75,293,41,400.00000000000006,,,1.725239;1.725239,110;445,
push,75,321,293,500.00000000000006,700.0,1200.0,1.859484;1.859484,116;451,
push,75,322,293,500.00000000000006,700.0,1200.0,1.864647;1.859484,31;451,
prune,75,0,293,500.00000000000006,,,1.908759;1.859484,195;451,obstacle:1
prune,75,0,293,500.0000000000001,,,1.859484;1.908759,116;366,obstacle:2
prune,75,0,293,500.0000000000001,,,1.864647;1.908759,31;366,obstacle:2
prune,75,0,293,500.0000000000001,,,1.908759;1.908759,195;366,obstacle:1
push,75,323,293,500.0000000000001,800.0,1300.0,1.859484;1.864647,116;530,
push,75,324,293,500.0000000000001,800.0,1300.0,1.864647;1.864647,31;530,
prune,75,0,293,500.0000000000001,,,1.908759;1.864647,195;530,obstacle:1
pop,76,135,79,400.00000000000006,,,1.725239;1.725239,445;445,
push,76,325,135,500.00000000000006,700.0,1200.0,1.859484;1.859484,451;451,
prune,76,0,135,500.0000000000001,,,1.859484;1.908759,451;366,obstacle:2
prune,76,0,135,500.0000000000001,,,1.908759;1.908759,366;366,obstacle:1
prune,76,0,135,500.0000000000001,,,1.864647;1.908759,530;366,obstacle:2
push,76,326,135,500.0000000000001,800.0,1300.0,1.859484;1.864647,451;530,
prune,76,0,135,500.0000000000001,,,1.908759;1.864647,366;530,obstacle:1
push,76,327,135,500.0000000000001,800.0,1300.0,1.864647;1.864647,530;530,
pop,77,139,103,400.00000000000006,,,1.702432;1.725239,25;445,
push,77,328,139,500.00000000000006,700.0,1200.0,1.864647;1.859484,26;451,
prune,77,0,139,500.0000000000001,,,1.864647;1.908759,26;366,obstacle:2
push,77,329,139,500.0000000000001,800.0,1300.0,1.864647;1.864647,26;530,
pop,78,141,103,400.00000000000006,,,1.725239;1.725239,110;445,
push,78,330,141,500.00000000000006,700.0,1200.0,1.859484;1.859484,116;451,
push,78,331,141,500.00000000000006,700.0,1200.0,1.864647;1.859484,31;451,
prune,78,0,141,500.00000000000006,,,1.908759;1.859484,195;451,obstacle:1
prune,78,0,141,500.0000000000001,,,1.859484;1.908759,116;366,obstacle:2
prune,78,0,141,500.0000000000001,,,1.864647;1.908759,31;366,obstacle:2
prune,78,0,141,500.0000000000001,,,1.908759;1.908759,195;366,obstacle:1
push,78,332,141,500.0000000000001,800.0,1300.0,1.859484;1.864647,116;530,
push,78,333,141,500.0000000000001,800.0,1300.0,1.864647;1.864647,31;530,
prune,78,0,141,500.0000000000001,,,1.908759;1.864647,195;530,obstacle:1
pop,79,140,103,400.00000000000006,,,1.759544;1.725239,18;445,
push,79,334,140,500.00000000000006,700.0,1200.0,1.908759;1.859484,11;451,
prune,79,0,140,500.0000000000001,,,1.908759;1.908759,11;366,obstacle:2
push,79,335,140,500.0000000000001,800.0,1300.0,1.908759;1.864647,11;530,
pop,80,283,42,400.00000000000006,,,1.753393;1.725239,95;445,
push,80,336,283,500.00000000000006,700.0,1200.0,1.88211;1.859484,89;451,
push,80,337,283,500.00000000000006,700.0,1200.0,1.908759;1.859484,172;451,
push,80,338,283,500.00000000000006,700.0,1200.0,1.908759;1.859484,6;451,
prune,80,0,283,500.0000000000001,,,1.88211;1.908759,89;366,obstacle:2
prune,80,0,283,500.0000000000001,,,1.908759;1.908759,172;366,obstacle:2
prune,80,0,283,500.0000000000001,,,1.908759;1.908759,6;366,obstacle:2
push,80,339,283,500.0000000000001,800.0,1300.0,1.88211;1.864647,89;530,
push,80,340,283,500.0000000000001,800.0,1300.0,1.908759;1.864647,172;530,
push,80,341,283,500.0000000000001,800.0,1300.0,1.908759;1.864647,6;530,
pop,81,284,42,400.00000000000006,,,1.759544;1.725239,19;445,
push,81,342,284,500.00000000000006,700.0,1200.0,1.908759;1.859484,20;451,
prune,81,0,284,500.0000000000001,,,1.908759;1.908759,20;366,obstacle:2
push,81,343,284,500.0000000000001,800.0,1300.0,1.908759;1.864647,20;530,
pop,82,282,42,400.00000000000006,,,1.759544;1.725239,12;445,
push,82,344,282,500.00000000000006,700.0,1200.0,1.908759;1.859484,5;451,
prune,82,0,282,500.0000000000001,,,1.908759;1.908759,5;366,obstacle:2
push,82,345,282,500.0000000000001,800.0,1300.0,1.908759;1.864647,5;530,
pop,83,275,46,400.00000000000006,,,1.725239;1.725239,445;445,
push,83,346,275,500.00000000000006,700.0,1200.0,1.859484;1.859484,451;451,
prune,83,0,275,500.0000000000001,,,1.859484;1.908759,451;366,obstacle:2
prune,83,0,275,500.0000000000001,,,1.908759;1.908759,366;366,obstacle:1
prune,83,0,275,500.0000000000001,,,1.864647;1.908759,530;366,obstacle:2
push,83,347,275,500.0000000000001,800.0,1300.0,1.859484;1.864647,451;530,
prune,83,0,275,500.0000000000001,,,1.908759;1.864647,366;530,obstacle:1
push,83,348,275,500.0000000000001,800.0,1300.0,1.864647;1.864647,530;530,
pop,84,257,59,400.00000000000006,,,1.702432;1.725239,25;445,
push,84,349,257,500.00000000000006,700.0,1200.0,1.864647;1.859484,26;451,
prune,84,0,257,500.0000000000001,,,1.864647;1.908759,26;366,obstacle:2
push,84,350,257,500.0000000000001,800.0,1300.0,1.864647;1.864647,26;530,
pop,85,266,48,400.00000000000006,,,1.702432;1.725239,25;445,
push,85,351,266,500.00000000000006,700.0,1200.0,1.864647;1.859484,26;451,
prune,85,0,266,500.0000000000001,,,1.864647;1.908759,26;366,obstacle:2
push,85,352,266,500.0000000000001,800.0,1300.0,1.864647;1.864647,26;530,
pop,86,267,48,400.00000000000006,,,1.759544;1.725239,18;445,
push,86,353,267,500.00000000000006,700.0,1200.0,1.908759;1.859484,11;451,
prune,86,0,267,500.0000000000001,,,1.908759;1.908759,11;366,obstacle:2
push,86,354,267,500.0000000000001,800.0,1300.0,1.908759;1.864647,11;530,
pop,87,268,48,400.00000000000006,,,1.725239;1.725239,110;445,
push,87,355,268,500.00000000000006,700.0,1200.0,1.859484;1.859484,116;451,
push,87,356,268,500.00000000000006,700.0,1200.0,1.864647;1.859484,31;451,
prune,87,0,268,500.00000000000006,,,1.908759;1.859484,195;451,obstacle:1
prune,87,0,268,500.0000000000001,,,1.859484;1.908759,116;366,obstacle:2
prune,87,0,268,500.0000000000001,,,1.864647;1.908759,31;366,obstacle:2
prune,87,0,268,500.0000000000001,,,1.908759;1.908759,195;366,obstacle:1
push,87,357,268,500.0000000000001,800.0,1300.0,1.859484;1.864647,116;530,
push,87,358,268,500.0000000000001,800.0,1300.0,1.864647;1.864647,31;530,
prune,87,0,268,500.0000000000001,,,1.908759;1.864647,195;530,obstacle:1
pop,88,258,59,400.00000000000006,,,1.759544;1.725239,18;445,
push,88,359,258,500.00000000000006,700.0,1200.0,1.908759;1.859484,11;451,
prune,88,0,258,500.0000000000001,,,1.908759;1.908759,11;366,obstacle:2
push,88,360,258,500.0000000000001,800.0,1300.0,1.908759;1.864647,11;530,
pop,89,259,59,400.00000000000006,,,1.725239;1.725239,110;445,
push,89,361,259,500.00000000000006,700.0,1200.0,1.859484;1.859484,116;451,
push,89,362,259,500.00000000000006,700.0,1200.0,1.864647;1.859484,31;451,
prune,89,0,259,500.00000000000006,,,1.908759;1.859484,195;451,obstacle:1
prune,89,0,259,500.0000000000001,,,1.859484;1.908759,116;366,obstacle:2
prune,89,0,259,500.0000000000001,,,1.864647;1.908759,31;366,obstacle:2
prune,89,0,259,500.0000000000001,,,1.908759;1.908759,195;366,obstacle:1
push,89,363,259,500.0000000000001,800.0,1300.0,1.859484;1.864647,116;530,
push,89,364,259,500.0000000000001,800.0,1300.0,1.864647;1.864647,31;530,
prune,89,0,259,500.0000000000001,,,1.908759;1.864647,195;530,obstacle:1
pop,90,219,115,400.00000000000006,,,1.759544;1.725239,14;445,
push,90,365,219,500.00000000000006,700.0,1200.0,1.908759;1.859484,20;451,
push,90,366,219,500.00000000000006,700.0,1200.0,1.913534;1.859484,105;451,
prune,90,0,219,500.0000000000001,,,1.908759;1.908759,20;366,obstacle:2
prune,90,0,219,500.0000000000001,,,1.913534;1.908759,105;366,obstacle:2
push,90,367,219,500.0000000000001,800.0,1300.0,1.908759;1.864647,20;530,
push,90,368,219,500.0000000000001,800.0,1300.0,1.913534;1.864647,105;530,
pop,91,234,62,400.00000000000006,,,1.759544;1.725239,14;445,
push,91,369,234,500.00000000000006,700.0,1200.0,1.908759;1.859484,20;451,
push,91,370,234,500.00000000000006,700.0,1200.0,1.913534;1.859484,105;451,
prune,91,0,234,500.0000000000001,,,1.908759;1.908759,20;366,obstacle:2
prune,91,0,234,500.0000000000001,,,1.913534;1.908759,105;366,obstacle:2
push,91,371,234,500.0000000000001,800.0,1300.0,1.908759;1.864647,20;530,
push,91,372,234,500.0000000000001,800.0,1300.0,1.913534;1.864647,105;530,
pop,92,241,49,400.00000000000006,,,1.759544;1.725239,19;445,
push,92,373,241,500.00000000000006,700.0,1200.0,1.908759;1.859484,20;451,
prune,92,0,241,500.0000000000001,,,1.908759;1.908759,20;366,obstacle:2
push,92,374,241,500.0000000000001,800.0,1300.0,1.908759;1.864647,20;530,
pop,93,246,52,400.00000000000006,,,1.759544;1.725239,14;445,
push,93,375,246,500.00000000000006,700.0,1200.0,1.908759;1.859484,20;451,
push,93,376,246,500.00000000000006,700.0,1200.0,1.913534;1.859484,105;451,
prune,93,0,246,500.0000000000001,,,1.908759;1.908759,20;366,obstacle:2
prune,93,0,246,500.0000000000001,,,1.913534;1.908759,105;366,obstacle:2
push,93,377,246,500.0000000000001,800.0,1300.0,1.908759;1.864647,20;530,
push,93,378,246,500.0000000000001,800.0,1300.0,1.913534;1.864647,105;530,
pop,94,251,58,400.00000000000006,,,1.702432;1.725239,25;445,
push,94,379,251,500.00000000000006,700.0,1200.0,1.864647;1.859484,26;451,
prune,94,0,251,500.0000000000001,,,1.864647;1.908759,26;366,obstacle:2
push,94,380,251,500.0000000000001,800.0,1300.0,1.864647;1.864647,26;530,
pop,95,250,58,400.00000000000006,,,1.725239;1.725239,110;445,
push,95,381,250,500.00000000000006,700.0,1200.0,1.859484;1.859484,116;451,
push,95,382,250,500.00000000000006,700.0,1200.0,1.864647;1.859484,31;451,
prune,95,0,250,500.00000000000006,,,1.908759;1.859484,195;451,obstacle:1
prune,95,0,250,500.0000000000001,,,1.859484;1.908759,116;366,obstacle:2
prune,95,0,250,500.0000000000001,,,1.864647;1.908759,31;366,obstacle:2
prune,95,0,250,500.0000000000001,,,1.908759;1.908759,195;366,obstacle:1
push,95,383,250,500.0000000000001,800.0,1300.0,1.859484;1.864647,116;530,
push,95,384,250,500.0000000000001,800.0,1300.0,1.864647;1.864647,31;530,
prune,95,0,250,500.0000000000001,,,1.908759;1.864647,195;530,obstacle:1
pop,96,239,49,400.00000000000006,,,1.759544;1.725239,12;445,
push,96,385,239,500.00000000000006,700.0,1200.0,1.908759;1.859484,5;451,
prune,96,0,239,500.0000000000001,,,1.908759;1.908759,5;366,obstacle:2
push,96,386,239,500.0000000000001,800.0,1300.0,1.908759;1.864647,5;530,
pop,97,240,49,400.00000000000006,,,1.753393;1.725239,95;445,
push,97,387,240,500.00000000000006,700.0,1200.0,1.88211;1.859484,89;451,
push,97,388,240,500.00000000000006,700.0,1200.0,1.908759;1.859484,172;451,
push,97,389,240,500.00000000000006,700.0,1200.0,1.908759;1.859484,6;451,
prune,97,0,240,500.0000000000001,,,1.88211;1.908759,89;366,obstacle:2
prune,97,0,240,500.0000000000001,,,1.908759;1.908759,172;366,obstacle:2
prune,97,0,240,500.0000000000001,,,1.908759;1.908759,6;366,obstacle:2
push,97,390,240,500.0000000000001,800.0,1300.0,1.88211;1.864647,89;530,
push,97,391,240,500.0000000000001,800.0,1300.0,1.908759;1.864647,172;530,
push,97,392,240,500.0000000000001,800.0,1300.0,1.908759;1.864647,6;530,
pop,98,222,57,400.00000000000006,,,1.759544;1.725239,5;445,
push,98,393,222,500.00000000000006,700.0,1200.0,1.89203;1.859484,88;451,
prune,98,0,222,500.0000000000001,,,1.89203;1.908759,88;366,obstacle:2
push,98,394,222,500.0000000000001,800.0,1300.0,1.89203;1.864647,88;530,
pop,99,227,108,400.00000000000006,,,1.702432;1.725239,25;445,
push,99,395,227,500.00000000000006,700.0,1200.0,1.864647;1.859484,26;451,
prune,99,0,227,500.0000000000001,,,1.864647;1.908759,26;366,obstacle:2
push,99,396,227,500.0000000000001,800.0,1300.0,1.864647;1.864647,26;530,
pop,100,229,108,400.00000000000006,,,1.725239;1.725239,110;445,
push,100,397,229,500.00000000000006,700.0,1200.0,1.859484;1.859484,116;451,
push,100,398,229,500.00000000000006,700.0,1200.0,1.864647;1.859484,31;451,
prune,100,0,229,500.00000000000006,,,1.908759;1.859484,195;451,obstacle:1
prune,100,0,229,500.0000000000001,,,1.859484;1.908759,116;366,obstacle:2
prune,100,0,229,500.0000000000001,,,1.864647;1.908759,31;366,obstacle:2
prune,100,0,229,500.0000000000001,,,1.908759;1.908759,195;366,obstacle:1
push,100,399,229,500.0000000000001,800.0,1300.0,1.859484;1.864647,116;530,
push,100,400,229,500.0000000000001,800.0,1300.0,1.864647;1.864647,31;530,
prune,100,0,229,500.0000000000001,,,1.908759;1.864647,195;530,obstacle:1
pop,101,228,108,400.00000000000006,,,1.759544;1.725239,18;445,
push,101,401,228,500.00000000000006,700.0,1200.0,1.908759;1.859484,11;451,
prune,101,0,228,500.0000000000001,,,1.908759;1.908759,11;366,obstacle:2
push,101,402,228,500.0000000000001,800.0,1300.0,1.908759;1.864647,11;530,
pop,102,225,56,400.00000000000006,,,1.702432;1.725239,20;445,
push,102,403,225,500.00000000000006,700.0,1200.0,1.864647;1.859484,26;451,
push,102,404,225,500.00000000000006,700.0,1200.0,1.89203;1.859484,111;451,
prune,102,0,225,500.0000000000001,,,1.864647;1.908759,26;366,obstacle:2
prune,102,0,225,500.0000000000001,,,1.89203;1.908759,111;366,obstacle:2
push,102,405,225,500.0000000000001,800.0,1300.0,1.864647;1.864647,26;530,
push,102,406,225,500.0000000000001,800.0,1300.0,1.89203;1.864647,111;530,
pop,103,215,47,400.00000000000006,,,1.753393;1.725239,430;445,
push,103,407,215,500.00000000000006,700.0,1200.0,1.88211;1.859484,424;451,
prune,103,0,215,500.0000000000001,,,1.88211;1.908759,424;366,obstacle:2
prune,103,0,215,500.0000000000001,,,1.908759;1.908759,507;366,obstacle:2
prune,103,0,215,500.0000000000001,,,1.908759;1.908759,341;366,obstacle:2
push,103,408,215,500.0000000000001,800.0,1300.0,1.88211;1.864647,424;530,
push,103,409,215,500.0000000000001,800.0,1300.0,1.908759;1.864647,507;530,
push,103,410,215,500.0000000000001,800.0,1300.0,1.908759;1.864647,341;530,
pop,104,207,63,400.00000000000006,,,1.759544;1.725239,18;445,
push,104,411,207,500.00000000000006,700.0,1200.0,1.908759;1.859484,11;451,
prune,104,0,207,500.0000000000001,,,1.908759;1.908759,11;366,obstacle:2
push,104,412,207,500.0000000000001,800.0,1300.0,1.908759;1.864647,11;530,
pop,105,208,63,400.00000000000006,,,1.725239;1.725239,110;445,
push,105,413,208,500.00000000000006,700.0,1200.0,1.859484;1.859484,116;451,
push,105,414,208,500.00000000000006,700.0,1200.0,1.864647;1.859484,31;451,
prune,105,0,208,500.00000000000006,,,1.908759;1.859484,195;451,obstacle:1
prune,105,0,208,500.0000000000001,,,1.859484;1.908759,116;366,obstacle:2
prune,105,0,208,500.0000000000001,,,1.864647;1.908759,31;366,obstacle:2
prune,105,0,208,500.0000000000001,,,1.908759;1.908759,195;366,obstacle:1
push,105,415,208,500.0000000000001,800.0,1300.0,1.859484;1.864647,116;530,
push,105,416,208,500.0000000000001,800.0,1300.0,1.864647;1.864647,31;530,
prune,105,0,208,500.0000000000001,,,1.908759;1.864647,195;530,obstacle:1
pop,106,195,124,400.00000000000006,,,1.725239;1.725239,110;445,
push,106,417,195,500.00000000000006,700.0,1200.0,1.859484;1.859484,116;451,
push,106,418,195,500.00000000000006,700.0,1200.0,1.864647;1.859484,31;451,
prune,106,0,195,500.00000000000006,,,1.908759;1.859484,195;451,obstacle:1
prune,106,0,195,500.0000000000001,,,1.859484;1.908759,116;366,obstacle:2
prune,106,0,195,500.0000000000001,,,1.864647;1.908759,31;366,obstacle:2
prune,106,0,195,500.0000000000001,,,1.908759;1.908759,195;366,obstacle:1
push,106,419,195,500.0000000000001,800.0,1300.0,1.859484;1.864647,116;530,
push,106,420,195,500.0000000000001,800.0,1300.0,1.864647;1.864647,31;530,
prune,106,0,195,500.0000000000001,,,1.908759;1.864647,195;530,obstacle:1
pop,107,201,123,400.00000000000006,,,1.759544;1.725239,5;445,
push,107,421,201,500.00000000000006,700.0,1200.0,1.89203;1.859484,88;451,
prune,107,0,201,500.0000000000001,,,1.89203;1.908759,88;366,obstacle:2
push,107,422,201,500.0000000000001,800.0,1300.0,1.89203;1.864647,88;530,
pop,108,206,63,400.00000000000006,,,1.702432;1.725239,25;445,
push,108,423,206,500.00000000000006,700.0,1200.0,1.864647;1.859484,26;451,
prune,108,0,206,500.0000000000001,,,1.864647;1.908759,26;366,obstacle:2
push,108,424,206,500.0000000000001,800.0,1300.0,1.864647;1.864647,26;530,
pop,109,196,124,400.00000000000006,,,1.702432;1.725239,25;445,
push,109,425,196,500.00000000000006,700.0,1200.0,1.864647;1.859484,26;451,
prune,109,0,196,500.0000000000001,,,1.864647;1.908759,26;366,obstacle:2
push,109,426,196,500.0000000000001,800.0,1300.0,1.864647;1.864647,26;530,
pop,110,199,122,400.00000000000006,,,1.702432;1.725239,20;445,
push,110,427,199,500.00000000000006,700.0,1200.0,1.864647;1.859484,26;451,
push,110,428,199,500.00000000000006,700.0,1200.0,1.89203;1.859484,111;451,
prune,110,0,199,500.0000000000001,,,1.864647;1.908759,26;366,obstacle:2
prune,110,0,199,500.0000000000001,,,1.89203;1.908759,111;366,obstacle:2
push,110,429,199,500.0000000000001,800.0,1300.0,1.864647;1.864647,26;530,
push,110,430,199,500.0000000000001,800.0,1300.0,1.89203;1.864647,111;530,
pop,111,193,66,400.00000000000006,,,1.759544;1.725239,5;445,
push,111,431,193,500.00000000000006,700.0,1200.0,1.89203;1.859484,88;451,
prune,111,0,193,500.0000000000001,,,1.89203;1.908759,88;366,obstacle:2
push,111,432,193,500.0000000000001,800.0,1300.0,1.89203;1.864647,88;530,
pop,112,190,65,400.00000000000006,,,1.702432;1.725239,20;445,
push,112,433,190,500.00000000000006,700.0,1200.0,1.864647;1.859484,26;451,
push,112,434,190,500.00000000000006,700.0,1200.0,1.89203;1.859484,111;451,
prune,112,0,190,500.0000000000001,,,1.864647;1.908759,26;366,obstacle:2
prune,112,0,190,500.0000000000001,,,1.89203;1.908759,111;366,obstacle:2
push,112,435,190,500.0000000000001,800.0,1300.0,1.864647;1.864647,26;530,
push,112,436,190,500.0000000000001,800.0,1300.0,1.89203;1.864647,111;530,
pop,113,186,67,400.00000000000006,,,1.702432;1.725239,25;445,
push,113,437,186,500.00000000000006,700.0,1200.0,1.864647;1.859484,26;451,
prune,113,0,186,500.0000000000001,,,1.864647;1.908759,26;366,obstacle:2
push,113,438,186,500.0000000000001,800.0,1300.0,1.864647;1.864647,26;530,
pop,114,185,67,400.00000000000006,,,1.725239;1.725239,110;445,
push,114,439,185,500.00000000000006,700.0,1200.0,1.859484;1.859484,116;451,
push,114,440,185,500.00000000000006,700.0,1200.0,1.864647;1.859484,31;451,
prune,114,0,185,500.00000000000006,,,1.908759;1.859484,195;451,obstacle:1
prune,114,0,185,500.0000000000001,,,1.859484;1.908759,116;366,obstacle:2
prune,114,0,185,500.0000000000001,,,1.864647;1.908759,31;366,obstacle:2
prune,114,0,185,500.0000000000001,,,1.908759;1.908759,195;366,obstacle:1
push,114,441,185,500.0000000000001,800.0,1300.0,1.859484;1.864647,116;530,
push,114,442,185,500.0000000000001,800.0,1300.0,1.864647;1.864647,31;530,
prune,114,0,185,500.0000000000001,,,1.908759;1.864647,195;530,obstacle:1
pop,115,179,45,400.00000000000006,,,1.725239;1.725239,445;445,
push,115,443,179,500.00000000000006,700.0,1200.0,1.859484;1.859484,451;451,
prune,115,0,179,500.0000000000001,,,1.859484;1.908759,451;366,obstacle:2
prune,115,0,179,500.0000000000001,,,1.908759;1.908759,366;366,obstacle:1
prune,115,0,179,500.0000000000001,,,1.864647;1.908759,530;366,obstacle:2
push,115,444,179,500.0000000000001,800.0,1300.0,1.859484;1.864647,451;530,
prune,115,0,179,500.0000000000001,,,1.908759;1.864647,366;530,obstacle:1
push,115,445,179,500.0000000000001,800.0,1300.0,1.864647;1.864647,530;530,
pop,116,172,37,400.00000000000006,,,1.725239;1.725239,445;445,
push,116,446,172,500.00000000000006,700.0,1200.0,1.859484;1.859484,451;451,
prune,116,0,172,500.0000000000001,,,1.859484;1.908759,451;366,obstacle:2
prune,116,0,172,500.0000000000001,,,1.908759;1.908759,366;366,obstacle:1
prune,116,0,172,500.0000000000001,,,1.864647;1.908759,530;366,obstacle:2
push,116,447,172,500.0000000000001,800.0,1300.0,1.859484;1.864647,451;530,
prune,116,0,172,500.0000000000001,,,1.908759;1.864647,366;530,obstacle:1
push,116,448,172,500.0000000000001,800.0,1300.0,1.864647;1.864647,530;530,
pop,117,165,38,400.00000000000006,,,1.753393;1.725239,430;445,
push,117,449,165,500.00000000000006,700.0,1200.0,1.88211;1.859484,424;451,
prune,117,0,165,500.0000000000001,,,1.88211;1.908759,424;366,obstacle:2
prune,117,0,165,500.0000000000001,,,1.908759;1.908759,507;366,obstacle:2
prune,117,0,165,500.0000000000001,,,1.908759;1.908759,341;366,obstacle:2
push,117,450,165,500.0000000000001,800.0,1300.0,1.88211;1.864647,424;530,
push,117,451,165,500.0000000000001,800.0,1300.0,1.908759;1.864647,507;530,
push,117,452,165,500.0000000000001,800.0,1300.0,1.908759;1.864647,341;530,
pop,118,301,158,500.00000000000006,,,1.859484;1.859484,451;451,
push,118,453,301,600.0,600.0,1200.0,1.976918;1.976918,457;457,
prune,118,0,301,600.0000000000001,,,1.976918;2.036051,457;372,obstacle:2
prune,118,0,301,600.0000000000001,,,2.036051;2.036051,372;372,obstacle:1
prune,118,0,301,600.0000000000001,,,2.0;2.036051,536;372,obstacle:2
push,118,454,301,600.0000000000001,700.0,1300.0,1.976918;2.0,457;536,
prune,118,0,301,600.0000000000001,,,2.036051;2.0,372;536,obstacle:1
push,118,455,301,600.0000000000001,700.0,1300.0,2.0;2.0,536;536,
pop,119,325,135,500.00000000000006,,,1.859484;1.859484,451;451,
push,119,456,325,600.0,600.0,1200.0,1.976918;1.976918,457;457,
prune,119,0,325,600.0000000000001,,,1.976918;2.036051,457;372,obstacle:2
prune,119,0,325,600.0000000000001,,,2.036051;2.036051,372;372,obstacle:1
prune,119,0,325,600.0000000000001,,,2.0;2.036051,536;372,obstacle:2
push,119,457,325,600.0000000000001,700.0,1300.0,1.976918;2.0,457;536,
prune,119,0,325,600.0000000000001,,,2.036051;2.0,372;536,obstacle:1
push,119,458,325,600.0000000000001,700.0,1300.0,2.0;2.0,536;536,
pop,120,306,151,500.00000000000006,,,1.859484;1.859484,451;451,
push,120,459,306,600.0,600.0,1200.0,1.976918;1.976918,457;457,
prune,120,0,306,600.0000000000001,,,1.976918;2.036051,457;372,obstacle:2
prune,120,0,306,600.0000000000001,,,2.036051;2.036051,372;372,obstacle:1
prune,120,0,306,600.0000000000001,,,2.0;2.036051,536;372,obstacle:2
push,120,460,306,600.0000000000001,700.0,1300.0,1.976918;2.0,457;536,
prune,120,0,306,600.0000000000001,,,2.036051;2.0,372;536,obstacle:1
push,120,461,306,600.0000000000001,700.0,1300.0,2.0;2.0,536;536,
pop,121,297,154,500.00000000000006,,,1.88211;1.859484,424;451,
pop,122,443,179,500.00000000000006,,,1.859484;1.859484,451;451,
push,122,462,443,600.0,600.0,1200.0,1.976918;1.976918,457;457,
prune,122,0,443,600.0000000000001,,,1.976918;2.036051,457;372,obstacle:2
prune,122,0,443,600.0000000000001,,,2.036051;2.036051,372;372,obstacle:1
prune,122,0,443,600.0000000000001,,,2.0;2.036051,536;372,obstacle:2
push,122,463,443,600.0000000000001,700.0,1300.0,1.976918;2.0,457;536,
prune,122,0,443,600.0000000000001,,,2.036051;2.0,372;536,obstacle:1
push,122,464,443,600.0000000000001,700.0,1300.0,2.0;2.0,536;536,
pop,123,446,172,500.00000000000006,,,1.859484;1.859484,451;451,
push,123,465,446,600.0,600.0,1200.0,1.976918;1.976918,457;457,
prune,123,0,446,600.0000000000001,,,1.976918;2.036051,457;372,obstacle:2
prune,123,0,446,600.0000000000001,,,2.036051;2.036051,372;372,obstacle:1
prune,123,0,446,600.0000000000001,,,2.0;2.036051,536;372,obstacle:2
push,123,466,446,600.0000000000001,700.0,1300.0,1.976918;2.0,457;536,
prune,123,0,446,600.0000000000001,,,2.036051;2.0,372;536,obstacle:1
push,123,467,446,600.0000000000001,700.0,1300.0,2.0;2.0,536;536,
pop,124,417,195,500.00000000000006,,,1.859484;1.859484,116;451,
push,124,468,417,600.0,600.0,1200.0,1.976918;1.976918,122;457,
push,124,469,417,600.0,600.0,1200.0,2.0;1.976918,37;457,
prune,124,0,417,600.0,,,2.036051;1.976918,201;457,obstacle:1
prune,124,0,417,600.0000000000001,,,1.976918;2.036051,122;372,obstacle:2
prune,124,0,417,600.0000000000001,,,2.0;2.036051,37;372,obstacle:2
prune,124,0,417,600.0000000000001,,,2.036051;2.036051,201;372,obstacle:1
push,124,470,417,600.0000000000001,700.0,1300.0,1.976918;2.0,122;536,
push,124,471,417,600.0000000000001,700.0,1300.0,2.0;2.0,37;536,
prune,124,0,417,600.0000000000001,,,2.036051;2.0,201;536,obstacle:1
pop,125,418,195,500.00000000000006,,,1.864647;1.859484,31;451,
push,125,472,418,600.0,600.0,1200.0,2.0;1.976918,32;457,
prune,125,0,418,600.0000000000001,,,2.0;2.036051,32;372,obstacle:2
push,125,473,418,600.0000000000001,700.0,1300.0,2.0;2.0,32;536,
pop,126,425,196,500.00000000000006,,,1.864647;1.859484,26;451,
push,126,474,425,600.0,600.0,1200.0,2.0;1.976918,32;457,
push,126,475,425,600.0,600.0,1200.0,2.039988;1.976918,117;457,
prune,126,0,425,600.0000000000001,,,2.0;2.036051,32;372,obstacle:2
prune,126,0,425,600.0000000000001,,,2.039988;2.036051,117;372,obstacle:2
push,126,476,425,600.0000000000001,700.0,1300.0,2.0;2.0,32;536,
push,126,477,425,600.0000000000001,700.0,1300.0,2.039988;2.0,117;536,
pop,127,428,199,500.00000000000006,,,1.89203;1.859484,111;451,
prune,127,0,428,600.0,,,2.043903;1.976918,195;457,obstacle:1
push,127,478,428,600.0,600.0,1200.0,2.039988;1.976918,116;457,
prune,127,0,428,600.0,,,2.008282;1.976918,190;457,obstacle:1
prune,127,0,428,600.0000000000001,,,2.043903;2.036051,195;372,obstacle:1
prune,127,0,428,600.0000000000001,,,2.039988;2.036051,116;372,obstacle:2
prune,127,0,428,600.0000000000001,,,2.008282;2.036051,190;372,obstacle:1
prune,127,0,428,600.0000000000001,,,2.043903;2.0,195;536,obstacle:1
push,127,479,428,600.0000000000001,700.0,1300.0,2.039988;2.0,116;536,
prune,127,0,428,600.0000000000001,,,2.008282;2.0,190;536,obstacle:1
pop,128,427,199,500.00000000000006,,,1.864647;1.859484,26;451,
push,128,480,427,600.0,600.0,1200.0,2.0;1.976918,32;457,
push,128,481,427,600.0,600.0,1200.0,2.039988;1.976918,117;457,
prune,128,0,427,600.0000000000001,,,2.0;2.036051,32;372,obstacle:2
prune,128,0,427,600.0000000000001,,,2.039988;2.036051,117;372,obstacle:2
push,128,482,427,600.0000000000001,700.0,1300.0,2.0;2.0,32;536,
push,128,483,427,600.0000000000001,700.0,1300.0,2.039988;2.0,117;536,
pop,129,421,201,500.00000000000006,,,1.89203;1.859484,88;451,
push,129,484,421,600.0,600.0,1200.0,2.043903;1.976918,171;457,
prune,129,0,421,600.0000000000001,,,2.043903;2.036051,171;372,obstacle:2
push,129,485,421,600.0000000000001,700.0,1300.0,2.043903;2.0,171;536,
pop,130,401,228,500.00000000000006,,,1.908759;1.859484,11;451,
push,130,486,401,600.0,600.0,1200.0,2.036051;1.976918,5;457,
push,130,487,401,600.0,600.0,1200.0,2.039988;1.976918,94;457,
prune,130,0,401,600.0000000000001,,,2.036051;2.036051,5;372,obstacle:2
prune,130,0,401,600.0000000000001,,,2.039988;2.036051,94;372,obstacle:2
push,130,488,401,600.0000000000001,700.0,1300.0,2.036051;2.0,5;536,
push,130,489,401,600.0000000000001,700.0,1300.0,2.039988;2.0,94;536,
pop,131,395,227,500.00000000000006,,,1.864647;1.859484,26;451,
push,131,490,395,600.0,600.0,1200.0,2.0;1.976918,32;457,
push,131,491,395,600.0,600.0,1200.0,2.039988;1.976918,117;457,
prune,131,0,395,600.0000000000001,,,2.0;2.036051,32;372,obstacle:2
prune,131,0,395,600.0000000000001,,,2.039988;2.036051,117;372,obstacle:2
push,131,492,395,600.0000000000001,700.0,1300.0,2.0;2.0,32;536,
push,131,493,395,600.0000000000001,700.0,1300.0,2.039988;2.0,117;536,
pop,132,398,229,500.00000000000006,,,1.864647;1.859484,31;451,
push,132,494,398,600.0,600.0,1200.0,2.0;1.976918,32;457,
prune,132,0,398,600.0000000000001,,,2.0;2.036051,32;372,obstacle:2
push,132,495,398,600.0000000000001,700.0,1300.0,2.0;2.0,32;536,
pop,133,397,229,500.00000000000006,,,1.859484;1.859484,116;451,
push,133,496,397,600.0,600.0,1200.0,1.976918;1.976918,122;457,
push,133,497,397,600.0,600.0,1200.0,2.0;1.976918,37;457,
prune,133,0,397,600.0,,,2.036051;1.976918,201;457,obstacle:1
prune,133,0,397,600.0000000000001,,,1.976918;2.036051,122;372,obstacle:2
prune,133,0,397,600.0000000000001,,,2.0;2.036051,37;372,obstacle:2
prune,133,0,397,600.0000000000001,,,2.036051;2.036051,201;372,obstacle:1
push,133,498,397,600.0000000000001,700.0,1300.0,1.976918;2.0,122;536,
push,133,499,397,600.0000000000001,700.0,1300.0,2.0;2.0,37;536,
prune,133,0,397,600.0000000000001,,,2.036051;2.0,201;536,obstacle:1
pop,134,365,219,500.00000000000006,,,1.908759;1.859484,20;451,
push,134,500,365,600.0,600.0,1200.0,2.036051;1.976918,26;457,
push,134,501,365,600.0,600.0,1200.0,2.057219;1.976918,111;457,
prune,134,0,365,600.0000000000001,,,2.036051;2.036051,26;372,obstacle:2
prune,134,0,365,600.0000000000001,,,2.057219;2.036051,111;372,obstacle:2
push,134,502,365,600.0000000000001,700.0,1300.0,2.036051;2.0,26;536,
push,134,503,365,600.0000000000001,700.0,1300.0,2.057219;2.0,111;536,
pop,135,366,219,500.00000000000006,,,1.913534;1.859484,105;451,
prune,135,0,366,600.0,,,2.043903;1.976918,189;457,obstacle:1
push,135,504,366,600.0,600.0,1200.0,2.057219;1.976918,110;457,
push,135,505,366,600.0,600.0,1200.0,2.043903;1.976918,184;457,
prune,135,0,366,600.0000000000001,,,2.043903;2.036051,189;372,obstacle:1
prune,135,0,366,600.0000000000001,,,2.057219;2.036051,110;372,obstacle:2
prune,135,0,366,600.0000000000001,,,2.043903;2.036051,184;372,obstacle:2
prune,135,0,366,600.0000000000001,,,2.043903;2.0,189;536,obstacle:1
push,135,506,366,600.0000000000001,700.0,1300.0,2.057219;2.0,110;536,
push,135,507,366,600.0000000000001,700.0,1300.0,2.043903;2.0,184;536,
pop,136,346,275,500.00000000000006,,,1.859484;1.859484,451;451,
push,136,508,346,600.0,600.0,1200.0,1.976918;1.976918,457;457,
prune,136,0,346,600.0000000000001,,,1.976918;2.036051,457;372,obstacle:2
prune,136,0,346,600.0000000000001,,,2.036051;2.036051,372;372,obstacle:1
prune,136,0,346,600.0000000000001,,,2.0;2.036051,536;372,obstacle:2
push,136,509,346,600.0000000000001,700.0,1300.0,1.976918;2.0,457;536,
prune,136,0,346,600.0000000000001,,,2.036051;2.0,372;536,obstacle:1
push,136,510,346,600.0000000000001,700.0,1300.0,2.0;2.0,536;536,
pop,137,311,146,500.00000000000006,,,1.908759;1.859484,6;451,
pop,138,330,141,500.00000000000006,,,1.859484;1.859484,116;451,
push,138,511,330,600.0,600.0,1200.0,1.976918;1.976918,122;457,
push,138,512,330,600.0,600.0,1200.0,2.0;1.976918,37;457,
prune,138,0,330,600.0,,,2.036051;1.976918,201;457,obstacle:1
prune,138,0,330,600.0000000000001,,,1.976918;2.036051,122;372,obstacle:2
prune,138,0,330,600.0000000000001,,,2.0;2.036051,37;372,obstacle:2
prune,138,0,330,600.0000000000001,,,2.036051;2.036051,201;372,obstacle:1
push,138,513,330,600.0000000000001,700.0,1300.0,1.976918;2.0,122;536,
push,138,514,330,600.0000000000001,700.0,1300.0,2.0;2.0,37;536,
prune,138,0,330,600.0000000000001,,,2.036051;2.0,201;536,obstacle:1
pop,139,334,140,500.00000000000006,,,1.908759;1.859484,11;451,
push,139,515,334,600.0,600.0,1200.0,2.036051;1.976918,5;457,
push,139,516,334,600.0,600.0,1200.0,2.039988;1.976918,94;457,
prune,139,0,334,600.0000000000001,,,2.036051;2.036051,5;372,obstacle:2
prune,139,0,334,600.0000000000001,,,2.039988;2.036051,94;372,obstacle:2
push,139,517,334,600.0000000000001,700.0,1300.0,2.036051;2.0,5;536,
push,139,518,334,600.0000000000001,700.0,1300.0,2.039988;2.0,94;536,
pop,140,331,141,500.00000000000006,,,1.864647;1.859484,31;451,
push,140,519,331,600.0,600.0,1200.0,2.0;1.976918,32;457,
prune,140,0,331,600.0000000000001,,,2.0;2.036051,32;372,obstacle:2
push,140,520,331,600.0000000000001,700.0,1300.0,2.0;2.0,32;536,
pop,141,328,139,500.00000000000006,,,1.864647;1.859484,26;451,
push,141,521,328,600.0,600.0,1200.0,2.0;1.976918,32;457,
push,141,522,328,600.0,600.0,1200.0,2.039988;1.976918,117;457,
prune,141,0,328,600.0000000000001,,,2.0;2.036051,32;372,obstacle:2
prune,141,0,328,600.0000000000001,,,2.039988;2.036051,117;372,obstacle:2
push,141,523,328,600.0000000000001,700.0,1300.0,2.0;2.0,32;536,
push,141,524,328,600.0000000000001,700.0,1300.0,2.039988;2.0,117;536,
pop,142,315,147,500.00000000000006,,,1.908759;1.859484,20;451,
push,142,525,315,600.0,600.0,1200.0,2.036051;1.976918,26;457,
push,142,526,315,600.0,600.0,1200.0,2.057219;1.976918,111;457,
prune,142,0,315,600.0000000000001,,,2.036051;2.036051,26;372,obstacle:2
prune,142,0,315,600.0000000000001,,,2.057219;2.036051,111;372,obstacle:2
push,142,527,315,600.0000000000001,700.0,1300.0,2.036051;2.0,26;536,
push,142,528,315,600.0000000000001,700.0,1300.0,2.057219;2.0,111;536,
pop,143,317,291,500.00000000000006,,,1.864647;1.859484,26;451,
push,143,529,317,600.0,600.0,1200.0,2.0;1.976918,32;457,
push,143,530,317,600.0,600.0,1200.0,2.039988;1.976918,117;457,
prune,143,0,317,600.0000000000001,,,2.0;2.036051,32;372,obstacle:2
prune,143,0,317,600.0000000000001,,,2.039988;2.036051,117;372,obstacle:2
push,143,531,317,600.0000000000001,700.0,1300.0,2.0;2.0,32;536,
push,143,532,317,600.0000000000001,700.0,1300.0,2.039988;2.0,117;536,
pop,144,321,293,500.00000000000006,,,1.859484;1.859484,116;451,
push,144,533,321,600.0,600.0,1200.0,1.976918;1.976918,122;457,
push,144,534,321,600.0,600.0,1200.0,2.0;1.976918,37;457,
prune,144,0,321,600.0,,,2.036051;1.976918,201;457,obstacle:1
prune,144,0,321,600.0000000000001,,,1.976918;2.036051,122;372,obstacle:2
prune,144,0,321,600.0000000000001,,,2.0;2.036051,37;372,obstacle:2
prune,144,0,321,600.0000000000001,,,2.036051;2.036051,201;372,obstacle:1
push,144,535,321,600.0000000000001,700.0,1300.0,1.976918;2.0,122;536,
push,144,536,321,600.0000000000001,700.0,1300.0,2.0;2.0,37;536,
prune,144,0,321,600.0000000000001,,,2.036051;2.0,201;536,obstacle:1
pop,145,322,293,500.00000000000006,,,1.864647;1.859484,31;451,
push,145,537,322,600.0,600.0,1200.0,2.0;1.976918,32;457,
prune,145,0,322,600.0000000000001,,,2.0;2.036051,32;372,obstacle:2
push,145,538,322,600.0000000000001,700.0,1300.0,2.0;2.0,32;536,
pop,146,319,292,500.00000000000006,,,1.908759;1.859484,11;451,
push,146,539,319,600.0,600.0,1200.0,2.036051;1.976918,5;457,
push,146,540,319,600.0,600.0,1200.0,2.039988;1.976918,94;457,
prune,146,0,319,600.0000000000001,,,2.036051;2.036051,5;372,obstacle:2
prune,146,0,319,600.0000000000001,,,2.039988;2.036051,94;372,obstacle:2
push,146,541,319,600.0000000000001,700.0,1300.0,2.036051;2.0,5;536,
push,146,542,319,600.0000000000001,700.0,1300.0,2.039988;2.0,94;536,
pop,147,309,146,500.00000000000006,,,1.88211;1.859484,89;451,
pop,148,310,146,500.00000000000006,,,1.908759;1.859484,172;451,
push,148,543,310,600.0,600.0,1200.0,2.039988;1.976918,256;457,
push,148,544,310,600.0,600.0,1200.0,2.057219;1.976918,260;457,
prune,148,0,310,600.0000000000001,,,2.039988;2.036051,256;372,obstacle:2
prune,148,0,310,600.0000000000001,,,2.057219;2.036051,260;372,obstacle:2
push,148,545,310,600.0000000000001,700.0,1300.0,2.039988;2.0,256;536,
push,148,546,310,600.0000000000001,700.0,1300.0,2.057219;2.0,260;536,
pop,149,304,145,500.00000000000006,,,1.908759;1.859484,5;451,
push,149,547,304,600.0,600.0,1200.0,2.057219;1.976918,88;457,
prune,149,0,304,600.0000000000001,,,2.057219;2.036051,88;372,obstacle:2
push,149,548,304,600.0000000000001,700.0,1300.0,2.057219;2.0,88;536,
pop,150,431,193,500.00000000000006,,,1.89203;1.859484,88;451,
push,150,549,431,600.0,600.0,1200.0,2.043903;1.976918,171;457,
prune,150,0,431,600.0000000000001,,,2.043903;2.036051,171;372,obstacle:2
push,150,550,431,600.0000000000001,700.0,1300.0,2.043903;2.0,171;536,
pop,151,433,190,500.00000000000006,,,1.864647;1.859484,26;451,
push,151,551,433,600.0,600.0,1200.0,2.0;1.976918,32;457,
push,151,552,433,600.0,600.0,1200.0,2.039988;1.976918,117;457,
prune,151,0,433,600.0000000000001,,,2.0;2.036051,32;372,obstacle:2
prune,151,0,433,600.0000000000001,,,2.039988;2.036051,117;372,obstacle:2
push,151,553,433,600.0000000000001,700.0,1300.0,2.0;2.0,32;536,
push,151,554,433,600.0000000000001,700.0,1300.0,2.039988;2.0,117;536,
pop,152,434,190,500.00000000000006,,,1.89203;1.859484,111;451,
prune,152,0,434,600.0,,,2.043903;1.976918,195;457,obstacle:1
push,152,555,434,600.0,600.0,1200.0,2.039988;1.976918,116;457,
prune,152,0,434,600.0,,,2.008282;1.976918,190;457,obstacle:1
prune,152,0,434,600.0000000000001,,,2.043903;2.036051,195;372,obstacle:1
prune,152,0,434,600.0000000000001,,,2.039988;2.036051,116;372,obstacle:2
prune,152,0,434,600.0000000000001,,,2.008282;2.036051,190;372,obstacle:1
prune,152,0,434,600.0000000000001,,,2.043903;2.0,195;536,obstacle:1
push,152,556,434,600.0000000000001,700.0,1300.0,2.039988;2.0,116;536,
prune,152,0,434,600.0000000000001,,,2.008282;2.0,190;536,obstacle:1
pop,153,437,186,500.00000000000006,,,1.864647;1.859484,26;451,
push,153,557,437,600.0,600.0,1200.0,2.0;1.976918,32;457,
push,153,558,437,600.0,600.0,1200.0,2.039988;1.976918,117;457,
prune,153,0,437,600.0000000000001,,,2.0;2.036051,32;372,obstacle:2
prune,153,0,437,600.0000000000001,,,2.039988;2.036051,117;372,obstacle:2
push,153,559,437,600.0000000000001,700.0,1300.0,2.0;2.0,32;536,
push,153,560,437,600.0000000000001,700.0,1300.0,2.039988;2.0,117;536,
pop,154,439,185,500.00000000000006,,,1.859484;1.859484,116;451,
push,154,561,439,600.0,600.0,1200.0,1.976918;1.976918,122;457,
push,154,562,439,600.0,600.0,1200.0,2.0;1.976918,37;457,
prune,154,0,439,600.0,,,2.036051;1.976918,201;457,obstacle:1
prune,154,0,439,600.0000000000001,,,1.976918;2.036051,122;372,obstacle:2
prune,154,0,439,600.0000000000001,,,2.0;2.036051,37;372,obstacle:2
prune,154,0,439,600.0000000000001,,,2.036051;2.036051,201;372,obstacle:1
push,154,563,439,600.0000000000001,700.0,1300.0,1.976918;2.0,122;536,
push,154,564,439,600.0000000000001,700.0,1300.0,2.0;2.0,37;536,
prune,154,0,439,600.0000000000001,,,2.036051;2.0,201;536,obstacle:1
pop,155,440,185,500.00000000000006,,,1.864647;1.859484,31;451,
push,155,565,440,600.0,600.0,1200.0,2.0;1.976918,32;457,
prune,155,0,440,600.0000000000001,,,2.0;2.036051,32;372,obstacle:2
push,155,566,440,600.0000000000001,700.0,1300.0,2.0;2.0,32;536,
pop,156,423,206,500.00000000000006,,,1.864647;1.859484,26;451,
push,156,567,423,600.0,600.0,1200.0,2.0;1.976918,32;457,
push,156,568,423,600.0,600.0,1200.0,2.039988;1.976918,117;457,
prune,156,0,423,600.0000000000001,,,2.0;2.036051,32;372,obstacle:2
prune,156,0,423,600.0000000000001,,,2.039988;2.036051,117;372,obstacle:2
push,156,569,423,600.0000000000001,700.0,1300.0,2.0;2.0,32;536,
push,156,570,423,600.0000000000001,700.0,1300.0,2.039988;2.0,117;536,
pop,157,407,215,500.00000000000006,,,1.88211;1.859484,424;451,
pop,158,413,208,500.00000000000006,,,1.859484;1.859484,116;451,
push,158,571,413,600.0,600.0,1200.0,1.976918;1.976918,122;457,
push,158,572,413,600.0,600.0,1200.0,2.0;1.976918,37;457,
prune,158,0,413,600.0,,,2.036051;1.976918,201;457,obstacle:1
prune,158,0,413,600.0000000000001,,,1.976918;2.036051,122;372,obstacle:2
prune,158,0,413,600.0000000000001,,,2.0;2.036051,37;372,obstacle:2
prune,158,0,413,600.0000000000001,,,2.036051;2.036051,201;372,obstacle:1
push,158,573,413,600.0000000000001,700.0,1300.0,1.976918;2.0,122;536,
push,158,574,413,600.0000000000001,700.0,1300.0,2.0;2.0,37;536,
prune,158,0,413,600.0000000000001,,,2.036051;2.0,201;536,obstacle:1
pop,159,414,208,500.00000000000006,,,1.864647;1.859484,31;451,
push,159,575,414,600.0,600.0,1200.0,2.0;1.976918,32;457,
prune,159,0,414,600.0000000000001,,,2.0;2.036051,32;372,obstacle:2
push,159,576,414,600.0000000000001,700.0,1300.0,2.0;2.0,32;536,
pop,160,411,207,500.00000000000006,,,1.908759;1.859484,11;451,
push,160,577,411,600.0,600.0,1200.0,2.036051;1.976918,5;457,
push,160,578,411,600.0,600.0,1200.0,2.039988;1.976918,94;457,
prune,160,0,411,600.0000000000001,,,2.036051;2.036051,5;372,obstacle:2
prune,160,0,411,600.0000000000001,,,2.039988;2.036051,94;372,obstacle:2
push,160,579,411,600.0000000000001,700.0,1300.0,2.036051;2.0,5;536,
push,160,580,411,600.0000000000001,700.0,1300.0,2.039988;2.0,94;536,
pop,161,404,225,500.00000000000006,,,1.89203;1.859484,111;451,
prune,161,0,404,600.0,,,2.043903;1.976918,195;457,obstacle:1
push,161,581,404,600.0,600.0,1200.0,2.039988;1.976918,116;457,
prune,161,0,404,600.0,,,2.008282;1.976918,190;457,obstacle:1
prune,161,0,404,600.0000000000001,,,2.043903;2.036051,195;372,obstacle:1
prune,161,0,404,600.0000000000001,,,2.039988;2.036051,116;372,obstacle:2
prune,161,0,404,600.0000000000001,,,2.008282;2.036051,190;372,obstacle:1
prune,161,0,404,600.0000000000001,,,2.043903;2.0,195;536,obstacle:1
push,161,582,404,600.0000000000001,700.0,1300.0,2.039988;2.0,116;536,
prune,161,0,404,600.0000000000001,,,2.008282;2.0,190;536,obstacle:1
pop,162,403,225,500.00000000000006,,,1.864647;1.859484,26;451,
push,162,583,403,600.0,600.0,1200.0,2.0;1.976918,32;457,
push,162,584,403,600.0,600.0,1200.0,2.039988;1.976918,117;457,
prune,162,0,403,600.0000000000001,,,2.0;2.036051,32;372,obstacle:2
prune,162,0,403,600.0000000000001,,,2.039988;2.036051,117;372,obstacle:2
push,162,585,403,600.0000000000001,700.0,1300.0,2.0;2.0,32;536,
push,162,586,403,600.0000000000001,700.0,1300.0,2.039988;2.0,117;536,
pop,163,389,240,500.00000000000006,,,1.908759;1.859484,6;451,
pop,164,393,222,500.00000000000006,,,1.89203;1.859484,88;451,
push,164,587,393,600.0,600.0,1200.0,2.043903;1.976918,171;457,
prune,164,0,393,600.0000000000001,,,2.043903;2.036051,171;372,obstacle:2
push,164,588,393,600.0000000000001,700.0,1300.0,2.043903;2.0,171;536,
pop,165,387,240,500.00000000000006,,,1.88211;1.859484,89;451,
pop,166,388,240,500.00000000000006,,,1.908759;1.859484,172;451,
push,166,589,388,600.0,600.0,1200.0,2.039988;1.976918,256;457,
push,166,590,388,600.0,600.0,1200.0,2.057219;1.976918,260;457,
prune,166,0,388,600.0000000000001,,,2.039988;2.036051,256;372,obstacle:2
prune,166,0,388,600.0000000000001,,,2.057219;2.036051,260;372,obstacle:2
push,166,591,388,600.0000000000001,700.0,1300.0,2.039988;2.0,256;536,
push,166,592,388,600.0000000000001,700.0,1300.0,2.057219;2.0,260;536,
pop,167,385,239,500.00000000000006,,,1.908759;1.859484,5;451,
push,167,593,385,600.0,600.0,1200.0,2.057219;1.976918,88;457,
prune,167,0,385,600.0000000000001,,,2.057219;2.036051,88;372,obstacle:2
push,167,594,385,600.0000000000001,700.0,1300.0,2.057219;2.0,88;536,
pop,168,373,241,500.00000000000006,,,1.908759;1.859484,20;451,
push,168,595,373,600.0,600.0,1200.0,2.036051;1.976918,26;457,
push,168,596,373,600.0,600.0,1200.0,2.057219;1.976918,111;457,
prune,168,0,373,600.0000000000001,,,2.036051;2.036051,26;372,obstacle:2
prune,168,0,373,600.0000000000001,,,2.057219;2.036051,111;372,obstacle:2
push,168,597,373,600.0000000000001,700.0,1300.0,2.036051;2.0,26;536,
push,168,598,373,600.0000000000001,700.0,1300.0,2.057219;2.0,111;536,
pop,169,379,251,500.00000000000006,,,1.864647;1.859484,26;451,
push,169,599,379,600.0,600.0,1200.0,2.0;1.976918,32;457,
push,169,600,379,600.0,600.0,1200.0,2.039988;1.976918,117;457,
prune,169,0,379,600.0000000000001,,,2.0;2.036051,32;372,obstacle:2
prune,169,0,379,600.0000000000001,,,2.039988;2.036051,117;372,obstacle:2
push,169,601,379,600.0000000000001,700.0,1300.0,2.0;2.0,32;536,
push,169,602,379,600.0000000000001,700.0,1300.0,2.039988;2.0,117;536,
pop,170,381,250,500.00000000000006,,,1.859484;1.859484,116;451,
push,170,603,381,600.0,600.0,1200.0,1.976918;1.976918,122;457,
push,170,604,381,600.0,600.0,1200.0,2.0;1.976918,37;457,
prune,170,0,381,600.0,,,2.036051;1.976918,201;457,obstacle:1
prune,170,0,381,600.0000000000001,,,1.976918;2.036051,122;372,obstacle:2
prune,170,0,381,600.0000000000001,,,2.0;2.036051,37;372,obstacle:2
prune,170,0,381,600.0000000000001,,,2.036051;2.036051,201;372,obstacle:1
push,170,605,381,600.0000000000001,700.0,1300.0,1.976918;2.0,122;536,
push,170,606,381,600.0000000000001,700.0,1300.0,2.0;2.0,37;536,
prune,170,0,381,600.0000000000001,,,2.036051;2.0,201;536,obstacle:1
pop,171,382,250,500.00000000000006,,,1.864647;1.859484,31;451,
push,171,607,382,600.0,600.0,1200.0,2.0;1.976918,32;457,
prune,171,0,382,600.0000000000001,,,2.0;2.036051,32;372,obstacle:2
push,171,608,382,600.0000000000001,700.0,1300.0,2.0;2.0,32;536,
pop,172,375,246,500.00000000000006,,,1.908759;1.859484,20;451,
push,172,609,375,600.0,600.0,1200.0,2.036051;1.976918,26;457,
push,172,610,375,600.0,600.0,1200.0,2.057219;1.976918,111;457,
prune,172,0,375,600.0000000000001,,,2.036051;2.036051,26;372,obstacle:2
prune,172,0,375,600.0000000000001,,,2.057219;2.036051,111;372,obstacle:2
push,172,611,375,600.0000000000001,700.0,1300.0,2.036051;2.0,26;536,
push,172,612,375,600.0000000000001,700.0,1300.0,2.057219;2.0,111;536,
pop,173,376,246,500.00000000000006,,,1.913534;1.859484,105;451,
prune,173,0,376,600.0,,,2.043903;1.976918,189;457,obstacle:1
push,173,613,376,600.0,600.0,1200.0,2.057219;1.976918,110;457,
push,173,614,376,600.0,600.0,1200.0,2.043903;1.976918,184;457,
prune,173,0,376,600.0000000000001,,,2.043903;2.036051,189;372,obstacle:1
prune,173,0,376,600.0000000000001,,,2.057219;2.036051,110;372,obstacle:2
prune,173,0,376,600.0000000000001,,,2.043903;2.036051,184;372,obstacle:2
prune,173,0,376,600.0000000000001,,,2.043903;2.0,189;536,obstacle:1
push,173,615,376,600.0000000000001,700.0,1300.0,2.057219;2.0,110;536,
push,173,616,376,600.0000000000001,700.0,1300.0,2.043903;2.0,184;536,
pop,174,361,259,500.00000000000006,,,1.859484;1.859484,116;451,
push,174,617,361,600.0,600.0,1200.0,1.976918;1.976918,122;457,
push,174,618,361,600.0,600.0,1200.0,2.0;1.976918,37;457,
prune,174,0,361,600.0,,,2.036051;1.976918,201;457,obstacle:1
prune,174,0,361,600.0000000000001,,,1.976918;2.036051,122;372,obstacle:2
prune,174,0,361,600.0000000000001,,,2.0;2.036051,37;372,obstacle:2
prune,174,0,361,600.0000000000001,,,2.036051;2.036051,201;372,obstacle:1
push,174,619,361,600.0000000000001,700.0,1300.0,1.976918;2.0,122;536,
push,174,620,361,600.0000000000001,700.0,1300.0,2.0;2.0,37;536,
prune,174,0,361,600.0000000000001,,,2.036051;2.0,201;536,obstacle:1
pop,175,369,234,500.00000000000006,,,1.908759;1.859484,20;451,
push,175,621,369,600.0,600.0,1200.0,2.036051;1.976918,26;457,
push,175,622,369,600.0,600.0,1200.0,2.057219;1.976918,111;457,
prune,175,0,369,600.0000000000001,,,2.036051;2.036051,26;372,obstacle:2
prune,175,0,369,600.0000000000001,,,2.057219;2.036051,111;372,obstacle:2
push,175,623,369,600.0000000000001,700.0,1300.0,2.036051;2.0,26;536,
push,175,624,369,600.0000000000001,700.0,1300.0,2.057219;2.0,111;536,
pop,176,370,234,500.00000000000006,,,1.913534;1.859484,105;451,
prune,176,0,370,600.0,,,2.043903;1.976918,189;457,obstacle:1
push,176,625,370,600.0,600.0,1200.0,2.057219;1.976918,110;457,
push,176,626,370,600.0,600.0,1200.0,2.043903;1.976918,184;457,
prune,176,0,370,600.0000000000001,,,2.043903;2.036051,189;372,obstacle:1
prune,176,0,370,600.0000000000001,,,2.057219;2.036051,110;372,obstacle:2
prune,176,0,370,600.0000000000001,,,2.043903;2.036051,184;372,obstacle:2
prune,176,0,370,600.0000000000001,,,2.043903;2.0,189;536,obstacle:1
push,176,627,370,600.0000000000001,700.0,1300.0,2.057219;2.0,110;536,
push,176,628,370,600.0000000000001,700.0,1300.0,2.043903;2.0,184;536,
pop,177,362,259,500.00000000000006,,,1.864647;1.859484,31;451,
push,177,629,362,600.0,600.0,1200.0,2.0;1.976918,32;457,
prune,177,0,362,600.0000000000001,,,2.0;2.036051,32;372,obstacle:2
push,177,630,362,600.0000000000001,700.0,1300.0,2.0;2.0,32;536,
pop,178,349,257,500.00000000000006,,,1.864647;1.859484,26;451,
push,178,631,349,600.0,600.0,1200.0,2.0;1.976918,32;457,
push,178,632,349,600.0,600.0,1200.0,2.039988;1.976918,117;457,
prune,178,0,349,600.0000000000001,,,2.0;2.036051,32;372,obstacle:2
prune,178,0,349,600.0000000000001,,,2.039988;2.036051,117;372,obstacle:2
push,178,633,349,600.0000000000001,700.0,1300.0,2.0;2.0,32;536,
push,178,634,349,600.0000000000001,700.0,1300.0,2.039988;2.0,117;536,
pop,179,355,268,500.00000000000006,,,1.859484;1.859484,116;451,
push,179,635,355,600.0,600.0,1200.0,1.976918;1.976918,122;457,
push,179,636,355,600.0,600.0,1200.0,2.0;1.976918,37;457,
prune,179,0,355,600.0,,,2.036051;1.976918,201;457,obstacle:1
prune,179,0,355,600.0000000000001,,,1.976918;2.036051,122;372,obstacle:2
prune,179,0,355,600.0000000000001,,,2.0;2.036051,37;372,obstacle:2
prune,179,0,355,600.0000000000001,,,2.036051;2.036051,201;372,obstacle:1
push,179,637,355,600.0000000000001,700.0,1300.0,1.976918;2.0,122;536,
push,179,638,355,600.0000000000001,700.0,1300.0,2.0;2.0,37;536,
prune,179,0,355,600.0000000000001,,,2.036051;2.0,201;536,obstacle:1
pop,180,359,258,500.00000000000006,,,1.908759;1.859484,11;451,
push,180,639,359,600.0,600.0,1200.0,2.036051;1.976918,5;457,
push,180,640,359,600.0,600.0,1200.0,2.039988;1.976918,94;457,
prune,180,0,359,600.0000000000001,,,2.036051;2.036051,5;372,obstacle:2
prune,180,0,359,600.0000000000001,,,2.039988;2.036051,94;372,obstacle:2
push,180,641,359,600.0000000000001,700.0,1300.0,2.036051;2.0,5;536,
push,180,642,359,600.0000000000001,700.0,1300.0,2.039988;2.0,94;536,
pop,181,356,268,500.00000000000006,,,1.864647;1.859484,31;451,
push,181,643,356,600.0,600.0,1200.0,2.0;1.976918,32;457,
prune,181,0,356,600.0000000000001,,,2.0;2.036051,32;372,obstacle:2
push,181,644,356,600.0000000000001,700.0,1300.0,2.0;2.0,32;536,
pop,182,351,266,500.00000000000006,,,1.864647;1.859484,26;451,
push,182,645,351,600.0,600.0,1200.0,2.0;1.976918,32;457,
push,182,646,351,600.0,600.0,1200.0,2.039988;1.976918,117;457,
prune,182,0,351,600.0000000000001,,,2.0;2.036051,32;372,obstacle:2
prune,182,0,351,600.0000000000001,,,2.039988;2.036051,117;372,obstacle:2
push,182,647,351,600.0000000000001,700.0,1300.0,2.0;2.0,32;536,
push,182,648,351,600.0000000000001,700.0,1300.0,2.039988;2.0,117;536,
pop,183,353,267,500.00000000000006,,,1.908759;1.859484,11;451,
push,183,649,353,600.0,600.0,1200.0,2.036051;1.976918,5;457,
push,183,650,353,600.0,600.0,1200.0,2.039988;1.976918,94;457,
prune,183,0,353,600.0000000000001,,,2.036051;2.036051,5;372,obstacle:2
prune,183,0,353,600.0000000000001,,,2.039988;2.036051,94;372,obstacle:2
push,183,651,353,600.0000000000001,700.0,1300.0,2.036051;2.0,5;536,
push,183,652,353,600.0000000000001,700.0,1300.0,2.039988;2.0,94;536,
pop,184,342,284,500.00000000000006,,,1.908759;1.859484,20;451,
push,184,653,342,600.0,600.0,1200.0,2.036051;1.976918,26;457,
push,184,654,342,600.0,600.0,1200.0,2.057219;1.976918,111;457,
prune,184,0,342,600.0000000000001,,,2.036051;2.036051,26;372,obstacle:2
prune,184,0,342,600.0000000000001,,,2.057219;2.036051,111;372,obstacle:2
push,184,655,342,600.0000000000001,700.0,1300.0,2.036051;2.0,26;536,
push,184,656,342,600.0000000000001,700.0,1300.0,2.057219;2.0,111;536,
pop,185,344,282,500.00000000000006,,,1.908759;1.859484,5;451,
push,185,657,344,600.0,600.0,1200.0,2.057219;1.976918,88;457,
prune,185,0,344,600.0000000000001,,,2.057219;2.036051,88;372,obstacle:2
push,185,658,344,600.0000000000001,700.0,1300.0,2.057219;2.0,88;536,
pop,186,336,283,500.00000000000006,,,1.88211;1.859484,89;451,
pop,187,338,283,500.00000000000006,,,1.908759;1.859484,6;451,
pop,188,337,283,500.00000000000006,,,1.908759;1.859484,172;451,
push,188,659,337,600.0,600.0,1200.0,2.039988;1.976918,256;457,
push,188,660,337,600.0,600.0,1200.0,2.057219;1.976918,260;457,
prune,188,0,337,600.0000000000001,,,2.039988;2.036051,256;372,obstacle:2
prune,188,0,337,600.0000000000001,,,2.057219;2.036051,260;372,obstacle:2
push,188,661,337,600.0000000000001,700.0,1300.0,2.039988;2.0,256;536,
push,188,662,337,600.0000000000001,700.0,1300.0,2.057219;2.0,260;536,
pop,189,449,165,500.00000000000006,,,1.88211;1.859484,424;451,
pop,190,508,346,600.0,,,1.976918;1.976918,457;457,
push,190,663,508,700.0,500.00000000000006,1200.0,2.082692;2.082692,463;463,
prune,190,0,508,700.0,,,2.148767;2.082692,378;463,obstacle:1
push,190,664,508,700.0,500.00000000000006,1200.0,2.118258;2.082692,542;463,
prune,190,0,508,700.0,,,2.082692;2.148767,463;378,obstacle:2
prune,190,0,508,700.0,,,2.148767;2.148767,378;378,obstacle:1
prune,190,0,508,700.0,,,2.118258;2.148767,542;378,obstacle:2
push,190,665,508,700.0,600.0,1300.0,2.082692;2.118258,463;542,
prune,190,0,508,700.0,,,2.148767;2.118258,378;542,obstacle:1
push,190,666,508,700.0,600.0,1300.0,2.118258;2.118258,542;542,
pop,191,462,443,600.0,,,1.976918;1.976918,457;457,
push,191,667,462,700.0,500.00000000000006,1200.0,2.082692;2.082692,463;463,
prune,191,0,462,700.0,,,2.148767;2.082692,378;463,obstacle:1
push,191,668,462,700.0,500.00000000000006,1200.0,2.118258;2.082692,542;463,
prune,191,0,462,700.0,,,2.082692;2.148767,463;378,obstacle:2
prune,191,0,462,700.0,,,2.148767;2.148767,378;378,obstacle:1
prune,191,0,462,700.0,,,2.118258;2.148767,542;378,obstacle:2
push,191,669,462,700.0,600.0,1300.0,2.082692;2.118258,463;542,
prune,191,0,462,700.0,,,2.148767;2.118258,378;542,obstacle:1
push,191,670,462,700.0,600.0,1300.0,2.118258;2.118258,542;542,
pop,192,465,446,600.0,,,1.976918;1.976918,457;457,
push,192,671,465,700.0,500.00000000000006,1200.0,2.082692;2.082692,463;463,
prune,192,0,465,700.0,,,2.148767;2.082692,378;463,obstacle:1
push,192,672,465,700.0,500.00000000000006,1200.0,2.118258;2.082692,542;463,
prune,192,0,465,700.0,,,2.082692;2.148767,463;378,obstacle:2
prune,192,0,465,700.0,,,2.148767;2.148767,378;378,obstacle:1
prune,192,0,465,700.0,,,2.118258;2.148767,542;378,obstacle:2
push,192,673,465,700.0,600.0,1300.0,2.082692;2.118258,463;542,
prune,192,0,465,700.0,,,2.148767;2.118258,378;542,obstacle:1
push,192,674,465,700.0,600.0,1300.0,2.118258;2.118258,542;542,
pop,193,526,315,600.0,,,2.057219;1.976918,111;457,
prune,193,0,526,700.0,,,2.184452;2.082692,195;463,obstacle:1
push,193,675,526,700.0,500.00000000000006,1200.0,2.181247;2.082692,116;463,
prune,193,0,526,700.0,,,2.184452;2.082692,190;463,obstacle:1
prune,193,0,526,700.0,,,2.184452;2.148767,195;378,obstacle:1
prune,193,0,526,700.0,,,2.181247;2.148767,116;378,obstacle:2
prune,193,0,526,700.0,,,2.184452;2.148767,190;378,obstacle:1
prune,193,0,526,700.0,,,2.184452;2.118258,195;542,obstacle:1
push,193,676,526,700.0,600.0,1300.0,2.181247;2.118258,116;542,
prune,193,0,526,700.0,,,2.184452;2.118258,190;542,obstacle:1
pop,194,625,370,600.0,,,2.057219;1.976918,110;457,
push,194,677,625,700.0,500.00000000000006,1200.0,2.181247;2.082692,116;463,
push,194,678,625,700.0,500.00000000000006,1200.0,2.184452;2.082692,31;463,
prune,194,0,625,700.0,,,2.184452;2.082692,195;463,obstacle:1
prune,194,0,625,700.0,,,2.181247;2.148767,116;378,obstacle:2
prune,194,0,625,700.0,,,2.184452;2.148767,31;378,obstacle:2
prune,194,0,625,700.0,,,2.184452;2.148767,195;378,obstacle:1
push,194,679,625,700.0,600.0,1300.0,2.181247;2.118258,116;542,
push,194,680,625,700.0,600.0,1300.0,2.184452;2.118258,31;542,
prune,194,0,625,700.0,,,2.184452;2.118258,195;542,obstacle:1
pop,195,626,370,600.0,,,2.043903;1.976918,184;457,
push,195,681,626,700.0,500.00000000000006,1200.0,2.158776;2.082692,267;463,
prune,195,0,626,700.0,,,2.173353;2.082692,272;463,obstacle:1
push,195,682,626,700.0,500.00000000000006,1200.0,2.184452;2.082692,179;463,
prune,195,0,626,700.0,,,2.158776;2.148767,267;378,obstacle:2
prune,195,0,626,700.0,,,2.173353;2.148767,272;378,obstacle:1
prune,195,0,626,700.0,,,2.184452;2.148767,179;378,obstacle:2
push,195,683,626,700.0,600.0,1300.0,2.158776;2.118258,267;542,
prune,195,0,626,700.0,,,2.173353;2.118258,272;542,obstacle:1
push,195,684,626,700.0,600.0,1300.0,2.184452;2.118258,179;542,
pop,196,646,351,600.0,,,2.039988;1.976918,117;457,
prune,196,0,646,700.0,,,2.184452;2.082692,201;463,obstacle:1
push,196,685,646,700.0,500.00000000000006,1200.0,2.16683;2.082692,122;463,
prune,196,0,646,700.0,,,2.155455;2.082692,196;463,obstacle:1
prune,196,0,646,700.0,,,2.184452;2.148767,201;378,obstacle:1
prune,196,0,646,700.0,,,2.16683;2.148767,122;378,obstacle:2
prune,196,0,646,700.0,,,2.155455;2.148767,196;378,obstacle:1
prune,196,0,646,700.0,,,2.184452;2.118258,201;542,obstacle:1
push,196,686,646,700.0,600.0,1300.0,2.16683;2.118258,122;542,
prune,196,0,646,700.0,,,2.155455;2.118258,196;542,obstacle:1
pop,197,657,344,600.0,,,2.057219;1.976918,88;457,
push,197,687,657,700.0,500.00000000000006,1200.0,2.184452;2.082692,171;463,
prune,197,0,657,700.0,,,2.184452;2.148767,171;378,obstacle:2
push,197,688,657,700.0,600.0,1300.0,2.184452;2.118258,171;542,
pop,198,660,337,600.0,,,2.057219;1.976918,260;457,
push,198,689,660,700.0,500.00000000000006,1200.0,2.184452;2.082692,344;463,
push,198,690,660,700.0,500.00000000000006,1200.0,2.184452;2.082692,339;463,
prune,198,0,660,700.0,,,2.184452;2.148767,344;378,obstacle:2
prune,198,0,660,700.0,,,2.184452;2.148767,339;378,obstacle:2
push,198,691,660,700.0,600.0,1300.0,2.184452;2.118258,344;542,
push,198,692,660,700.0,600.0,1300.0,2.184452;2.118258,339;542,
pop,199,649,353,600.0,,,2.036051;1.976918,5;457,
push,199,693,649,700.0,500.00000000000006,1200.0,2.16683;2.082692,88;463,
prune,199,0,649,700.0,,,2.16683;2.148767,88;378,obstacle:2
push,199,694,649,700.0,600.0,1300.0,2.16683;2.118258,88;542,
pop,200,653,342,600.0,,,2.036051;1.976918,26;457,
push,200,695,653,700.0,500.00000000000006,1200.0,2.148767;2.082692,32;463,
push,200,696,653,700.0,500.00000000000006,1200.0,2.181247;2.082692,117;463,
prune,200,0,653,700.0,,,2.148767;2.148767,32;378,obstacle:2
prune,200,0,653,700.0,,,2.181247;2.148767,117;378,obstacle:2
push,200,697,653,700.0,600.0,1300.0,2.148767;2.118258,32;542,
push,200,698,653,700.0,600.0,1300.0,2.181247;2.118258,117;542,
pop,201,654,342,600.0,,,2.057219;1.976918,111;457,
prune,201,0,654,700.0,,,2.184452;2.082692,195;463,obstacle:1
push,201,699,654,700.0,500.00000000000006,1200.0,2.181247;2.082692,116;463,
prune,201,0,654,700.0,,,2.184452;2.082692,190;463,obstacle:1
prune,201,0,654,700.0,,,2.184452;2.148767,195;378,obstacle:1
prune,201,0,654,700.0,,,2.181247;2.148767,116;378,obstacle:2
prune,201,0,654,700.0,,,2.184452;2.148767,190;378,obstacle:1
prune,201,0,654,700.0,,,2.184452;2.118258,195;542,obstacle:1
push,201,700,654,700.0,600.0,1300.0,2.181247;2.118258,116;542,
prune,201,0,654,700.0,,,2.184452;2.118258,190;542,obstacle:1
pop,202,659,337,600.0,,,2.039988;1.976918,256;457,
push,202,701,659,700.0,500.00000000000006,1200.0,2.184452;2.082692,338;463,
prune,202,0,659,700.0,,,2.184452;2.148767,338;378,obstacle:2
push,202,702,659,700.0,600.0,1300.0,2.184452;2.118258,338;542,
pop,203,650,353,600.0,,,2.039988;1.976918,94;457,
push,203,703,650,700.0,500.00000000000006,1200.0,2.155455;2.082692,172;463,
push,203,704,650,700.0,500.00000000000006,1200.0,2.184452;2.082692,177;463,
push,203,705,650,700.0,500.00000000000006,1200.0,2.16683;2.082692,89;463,
prune,203,0,650,700.0,,,2.155455;2.148767,172;378,obstacle:2
prune,203,0,650,700.0,,,2.184452;2.148767,177;378,obstacle:2
prune,203,0,650,700.0,,,2.16683;2.148767,89;378,obstacle:2
push,203,706,650,700.0,600.0,1300.0,2.155455;2.118258,172;542,
push,203,707,650,700.0,600.0,1300.0,2.184452;2.118258,177;542,
push,203,708,650,700.0,600.0,1300.0,2.16683;2.118258,89;542,
pop,204,629,362,600.0,,,2.0;1.976918,32;457,
push,204,709,629,700.0,500.00000000000006,1200.0,2.118258;2.082692,38;463,
push,204,710,629,700.0,500.00000000000006,1200.0,2.16683;2.082692,123;463,
prune,204,0,629,700.0,,,2.118258;2.148767,38;378,obstacle:2
prune,204,0,629,700.0,,,2.16683;2.148767,123;378,obstacle:2
push,204,711,629,700.0,600.0,1300.0,2.118258;2.118258,38;542,
push,204,712,629,700.0,600.0,1300.0,2.16683;2.118258,123;542,
pop,205,635,355,600.0,,,1.976918;1.976918,122;457,
push,205,713,635,700.0,500.00000000000006,1200.0,2.082692;2.082692,128;463,
push,205,714,635,700.0,500.00000000000006,1200.0,2.118258;2.082692,43;463,
prune,205,0,635,700.0,,,2.148767;2.082692,207;463,obstacle:1
prune,205,0,635,700.0,,,2.082692;2.148767,128;378,obstacle:2
prune,205,0,635,700.0,,,2.118258;2.148767,43;378,obstacle:2
prune,205,0,635,700.0,,,2.148767;2.148767,207;378,obstacle:1
push,205,715,635,700.0,600.0,1300.0,2.082692;2.118258,128;542,
push,205,716,635,700.0,600.0,1300.0,2.118258;2.118258,43;542,
prune,205,0,635,700.0,,,2.148767;2.118258,207;542,obstacle:1
pop,206,640,359,600.0,,,2.039988;1.976918,94;457,
push,206,717,640,700.0,500.00000000000006,1200.0,2.155455;2.082692,172;463,
push,206,718,640,700.0,500.00000000000006,1200.0,2.184452;2.082692,177;463,
push,206,719,640,700.0,500.00000000000006,1200.0,2.16683;2.082692,89;463,
prune,206,0,640,700.0,,,2.155455;2.148767,172;378,obstacle:2
prune,206,0,640,700.0,,,2.184452;2.148767,177;378,obstacle:2
prune,206,0,640,700.0,,,2.16683;2.148767,89;378,obstacle:2
push,206,720,640,700.0,600.0,1300.0,2.155455;2.118258,172;542,
push,206,721,640,700.0,600.0,1300.0,2.184452;2.118258,177;542,
push,206,722,640,700.0,600.0,1300.0,2.16683;2.118258,89;542,
pop,207,643,356,600.0,,,2.0;1.976918,32;457,
push,207,723,643,700.0,500.00000000000006,1200.0,2.118258;2.082692,38;463,
push,207,724,643,700.0,500.00000000000006,1200.0,2.16683;2.082692,123;463,
prune,207,0,643,700.0,,,2.118258;2.148767,38;378,obstacle:2
prune,207,0,643,700.0,,,2.16683;2.148767,123;378,obstacle:2
push,207,725,643,700.0,600.0,1300.0,2.118258;2.118258,38;542,
push,207,726,643,700.0,600.0,1300.0,2.16683;2.118258,123;542,
pop,208,645,351,600.0,,,2.0;1.976918,32;457,
push,208,727,645,700.0,500.00000000000006,1200.0,2.118258;2.082692,38;463,
push,208,728,645,700.0,500.00000000000006,1200.0,2.16683;2.082692,123;463,
prune,208,0,645,700.0,,,2.118258;2.148767,38;378,obstacle:2
prune,208,0,645,700.0,,,2.16683;2.148767,123;378,obstacle:2
push,208,729,645,700.0,600.0,1300.0,2.118258;2.118258,38;542,
push,208,730,645,700.0,600.0,1300.0,2.16683;2.118258,123;542,
pop,209,636,355,600.0,,,2.0;1.976918,37;457,
push,209,731,636,700.0,500.00000000000006,1200.0,2.118258;2.082692,38;463,
prune,209,0,636,700.0,,,2.118258;2.148767,38;378,obstacle:2
push,209,732,636,700.0,600.0,1300.0,2.118258;2.118258,38;542,
pop,210,639,359,600.0,,,2.036051;1.976918,5;457,
push,210,733,639,700.0,500.00000000000006,1200.0,2.16683;2.082692,88;463,
prune,210,0,639,700.0,,,2.16683;2.148767,88;378,obstacle:2
push,210,734,639,700.0,600.0,1300.0,2.16683;2.118258,88;542,
pop,211,631,349,600.0,,,2.0;1.976918,32;457,
push,211,735,631,700.0,500.00000000000006,1200.0,2.118258;2.082692,38;463,
push,211,736,631,700.0,500.00000000000006,1200.0,2.16683;2.082692,123;463,
prune,211,0,631,700.0,,,2.118258;2.148767,38;378,obstacle:2
prune,211,0,631,700.0,,,2.16683;2.148767,123;378,obstacle:2
push,211,737,631,700.0,600.0,1300.0,2.118258;2.118258,38;542,
push,211,738,631,700.0,600.0,1300.0,2.16683;2.118258,123;542,
pop,212,632,349,600.0,,,2.039988;1.976918,117;457,
prune,212,0,632,700.0,,,2.184452;2.082692,201;463,obstacle:1
push,212,739,632,700.0,500.00000000000006,1200.0,2.16683;2.082692,122;463,
prune,212,0,632,700.0,,,2.155455;2.082692,196;463,obstacle:1
prune,212,0,632,700.0,,,2.184452;2.148767,201;378,obstacle:1
prune,212,0,632,700.0,,,2.16683;2.148767,122;378,obstacle:2
prune,212,0,632,700.0,,,2.155455;2.148767,196;378,obstacle:1
prune,212,0,632,700.0,,,2.184452;2.118258,201;542,obstacle:1
push,212,740,632,700.0,600.0,1300.0,2.16683;2.118258,122;542,
prune,212,0,632,700.0,,,2.155455;2.118258,196;542,obstacle:1
pop,213,529,317,600.0,,,2.0;1.976918,32;457,
push,213,741,529,700.0,500.00000000000006,1200.0,2.118258;2.082692,38;463,
push,213,742,529,700.0,500.00000000000006,1200.0,2.16683;2.082692,123;463,
prune,213,0,529,700.0,,,2.118258;2.148767,38;378,obstacle:2
prune,213,0,529,700.0,,,2.16683;2.148767,123;378,obstacle:2
push,213,743,529,700.0,600.0,1300.0,2.118258;2.118258,38;542,
push,213,744,529,700.0,600.0,1300.0,2.16683;2.118258,123;542,
pop,214,575,414,600.0,,,2.0;1.976918,32;457,
push,214,745,575,700.0,500.00000000000006,1200.0,2.118258;2.082692,38;463,
push,214,746,575,700.0,500.00000000000006,1200.0,2.16683;2.082692,123;463,
prune,214,0,575,700.0,,,2.118258;2.148767,38;378,obstacle:2
prune,214,0,575,700.0,,,2.16683;2.148767,123;378,obstacle:2
push,214,747,575,700.0,600.0,1300.0,2.118258;2.118258,38;542,
push,214,748,575,700.0,600.0,1300.0,2.16683;2.118258,123;542,
pop,215,603,381,600.0,,,1.976918;1.976918,122;457,
push,215,749,603,700.0,500.00000000000006,1200.0,2.082692;2.082692,128;463,
push,215,750,603,700.0,500.00000000000006,1200.0,2.118258;2.082692,43;463,
prune,215,0,603,700.0,,,2.148767;2.082692,207;463,obstacle:1
prune,215,0,603,700.0,,,2.082692;2.148767,128;378,obstacle:2
prune,215,0,603,700.0,,,2.118258;2.148767,43;378,obstacle:2
prune,215,0,603,700.0,,,2.148767;2.148767,207;378,obstacle:1
push,215,751,603,700.0,600.0,1300.0,2.082692;2.118258,128;542,
push,215,752,603,700.0,600.0,1300.0,2.118258;2.118258,43;542,
prune,215,0,603,700.0,,,2.148767;2.118258,207;542,obstacle:1
pop,216,613,376,600.0,,,2.057219;1.976918,110;457,
push,216,753,613,700.0,500.00000000000006,1200.0,2.181247;2.082692,116;463,
push,216,754,613,700.0,500.00000000000006,1200.0,2.184452;2.082692,31;463,
prune,216,0,613,700.0,,,2.184452;2.082692,195;463,obstacle:1
prune,216,0,613,700.0,,,2.181247;2.148767,116;378,obstacle:2
prune,216,0,613,700.0,,,2.184452;2.148767,31;378,obstacle:2
prune,216,0,613,700.0,,,2.184452;2.148767,195;378,obstacle:1
push,216,755,613,700.0,600.0,1300.0,2.181247;2.118258,116;542,
push,216,756,613,700.0,600.0,1300.0,2.184452;2.118258,31;542,
prune,216,0,613,700.0,,,2.184452;2.118258,195;542,obstacle:1
pop,217,618,361,600.0,,,2.0;1.976918,37;457,
push,217,757,618,700.0,500.00000000000006,1200.0,2.118258;2.082692,38;463,
prune,217,0,618,700.0,,,2.118258;2.148767,38;378,obstacle:2
push,217,758,618,700.0,600.0,1300.0,2.118258;2.118258,38;542,
pop,218,621,369,600.0,,,2.036051;1.976918,26;457,
push,218,759,621,700.0,500.00000000000006,1200.0,2.148767;2.082692,32;463,
push,218,760,621,700.0,500.00000000000006,1200.0,2.181247;2.082692,117;463,
prune,218,0,621,700.0,,,2.148767;2.148767,32;378,obstacle:2
prune,218,0,621,700.0,,,2.181247;2.148767,117;378,obstacle:2
push,218,761,621,700.0,600.0,1300.0,2.148767;2.118258,32;542,
push,218,762,621,700.0,600.0,1300.0,2.181247;2.118258,117;542,
pop,219,622,369,600.0,,,2.057219;1.976918,111;457,
prune,219,0,622,700.0,,,2.184452;2.082692,195;463,obstacle:1
push,219,763,622,700.0,500.00000000000006,1200.0,2.181247;2.082692,116;463,
prune,219,0,622,700.0,,,2.184452;2.082692,190;463,obstacle:1
prune,219,0,622,700.0,,,2.184452;2.148767,195;378,obstacle:1
prune,219,0,622,700.0,,,2.181247;2.148767,116;378,obstacle:2
prune,219,0,622,700.0,,,2.184452;2.148767,190;378,obstacle:1
prune,219,0,622,700.0,,,2.184452;2.118258,195;542,obstacle:1
push,219,764,622,700.0,600.0,1300.0,2.181247;2.118258,116;542,
prune,219,0,622,700.0,,,2.184452;2.118258,190;542,obstacle:1
pop,220,614,376,600.0,,,2.043903;1.976918,184;457,
push,220,765,614,700.0,500.00000000000006,1200.0,2.158776;2.082692,267;463,
prune,220,0,614,700.0,,,2.173353;2.082692,272;463,obstacle:1
push,220,766,614,700.0,500.00000000000006,1200.0,2.184452;2.082692,179;463,
prune,220,0,614,700.0,,,2.158776;2.148767,267;378,obstacle:2
prune,220,0,614,700.0,,,2.173353;2.148767,272;378,obstacle:1
prune,220,0,614,700.0,,,2.184452;2.148767,179;378,obstacle:2
push,220,767,614,700.0,600.0,1300.0,2.158776;2.118258,267;542,
prune,220,0,614,700.0,,,2.173353;2.118258,272;542,obstacle:1
push,220,768,614,700.0,600.0,1300.0,2.184452;2.118258,179;542,
pop,221,617,361,600.0,,,1.976918;1.976918,122;457,
push,221,769,617,700.0,500.00000000000006,1200.0,2.082692;2.082692,128;463,
push,221,770,617,700.0,500.00000000000006,1200.0,2.118258;2.082692,43;463,
prune,221,0,617,700.0,,,2.148767;2.082692,207;463,obstacle:1
prune,221,0,617,700.0,,,2.082692;2.148767,128;378,obstacle:2
prune,221,0,617,700.0,,,2.118258;2.148767,43;378,obstacle:2
prune,221,0,617,700.0,,,2.148767;2.148767,207;378,obstacle:1
push,221,771,617,700.0,600.0,1300.0,2.082692;2.118258,128;542,
push,221,772,617,700.0,600.0,1300.0,2.118258;2.118258,43;542,
prune,221,0,617,700.0,,,2.148767;2.118258,207;542,obstacle:1
pop,222,604,381,600.0,,,2.0;1.976918,37;457,
push,222,773,604,700.0,500.00000000000006,1200.0,2.118258;2.082692,38;463,
prune,222,0,604,700.0,,,2.118258;2.148767,38;378,obstacle:2
push,222,774,604,700.0,600.0,1300.0,2.118258;2.118258,38;542,
pop,223,607,382,600.0,,,2.0;1.976918,32;457,
push,223,775,607,700.0,500.00000000000006,1200.0,2.118258;2.082692,38;463,
push,223,776,607,700.0,500.00000000000006,1200.0,2.16683;2.082692,123;463,
prune,223,0,607,700.0,,,2.118258;2.148767,38;378,obstacle:2
prune,223,0,607,700.0,,,2.16683;2.148767,123;378,obstacle:2
push,223,777,607,700.0,600.0,1300.0,2.118258;2.118258,38;542,
push,223,778,607,700.0,600.0,1300.0,2.16683;2.118258,123;542,
pop,224,610,375,600.0,,,2.057219;1.976918,111;457,
prune,224,0,610,700.0,,,2.184452;2.082692,195;463,obstacle:1
push,224,779,610,700.0,500.00000000000006,1200.0,2.181247;2.082692,116;463,
prune,224,0,610,700.0,,,2.184452;2.082692,190;463,obstacle:1
prune,224,0,610,700.0,,,2.184452;2.148767,195;378,obstacle:1
prune,224,0,610,700.0,,,2.181247;2.148767,116;378,obstacle:2
prune,224,0,610,700.0,,,2.184452;2.148767,190;378,obstacle:1
prune,224,0,610,700.0,,,2.184452;2.118258,195;542,obstacle:1
push,224,780,610,700.0,600.0,1300.0,2.181247;2.118258,116;542,
prune,224,0,610,700.0,,,2.184452;2.118258,190;542,obstacle:1
pop,225,609,375,600.0,,,2.036051;1.976918,26;457,
push,225,781,609,700.0,500.00000000000006,1200.0,2.148767;2.082692,32;463,
push,225,782,609,700.0,500.00000000000006,1200.0,2.181247;2.082692,117;463,
prune,225,0,609,700.0,,,2.148767;2.148767,32;378,obstacle:2
prune,225,0,609,700.0,,,2.181247;2.148767,117;378,obstacle:2
push,225,783,609,700.0,600.0,1300.0,2.148767;2.118258,32;542,
push,225,784,609,700.0,600.0,1300.0,2.181247;2.118258,117;542,
pop,226,577,411,600.0,,,2.036051;1.976918,5;457,
push,226,785,577,700.0,500.00000000000006,1200.0,2.16683;2.082692,88;463,
prune,226,0,577,700.0,,,2.16683;2.148767,88;378,obstacle:2
push,226,786,577,700.0,600.0,1300.0,2.16683;2.118258,88;542,
pop,227,590,388,600.0,,,2.057219;1.976918,260;457,
push,227,787,590,700.0,500.00000000000006,1200.0,2.184452;2.082692,344;463,
push,227,788,590,700.0,500.00000000000006,1200.0,2.184452;2.082692,339;463,
prune,227,0,590,700.0,,,2.184452;2.148767,344;378,obstacle:2
prune,227,0,590,700.0,,,2.184452;2.148767,339;378,obstacle:2
push,227,789,590,700.0,600.0,1300.0,2.184452;2.118258,344;542,
push,227,790,590,700.0,600.0,1300.0,2.184452;2.118258,339;542,
pop,228,596,373,600.0,,,2.057219;1.976918,111;457,
prune,228,0,596,700.0,,,2.184452;2.082692,195;463,obstacle:1
push,228,791,596,700.0,500.00000000000006,1200.0,2.181247;2.082692,116;463,
prune,228,0,596,700.0,,,2.184452;2.082692,190;463,obstacle:1
prune,228,0,596,700.0,,,2.184452;2.148767,195;378,obstacle:1
prune,228,0,596,700.0,,,2.181247;2.148767,116;378,obstacle:2
prune,228,0,596,700.0,,,2.184452;2.148767,190;378,obstacle:1
prune,228,0,596,700.0,,,2.184452;2.118258,195;542,obstacle:1
push,228,792,596,700.0,600.0,1300.0,2.181247;2.118258,116;542,
prune,228,0,596,700.0,,,2.184452;2.118258,190;542,obstacle:1
pop,229,599,379,600.0,,,2.0;1.976918,32;457,
push,229,793,599,700.0,500.00000000000006,1200.0,2.118258;2.082692,38;463,
push,229,794,599,700.0,500.00000000000006,1200.0,2.16683;2.082692,123;463,
prune,229,0,599,700.0,,,2.118258;2.148767,38;378,obstacle:2
prune,229,0,599,700.0,,,2.16683;2.148767,123;378,obstacle:2
push,229,795,599,700.0,600.0,1300.0,2.118258;2.118258,38;542,
push,229,796,599,700.0,600.0,1300.0,2.16683;2.118258,123;542,
pop,230,600,379,600.0,,,2.039988;1.976918,117;457,
prune,230,0,600,700.0,,,2.184452;2.082692,201;463,obstacle:1
push,230,797,600,700.0,500.00000000000006,1200.0,2.16683;2.082692,122;463,
prune,230,0,600,700.0,,,2.155455;2.082692,196;463,obstacle:1
prune,230,0,600,700.0,,,2.184452;2.148767,201;378,obstacle:1
prune,230,0,600,700.0,,,2.16683;2.148767,122;378,obstacle:2
prune,230,0,600,700.0,,,2.155455;2.148767,196;378,obstacle:1
prune,230,0,600,700.0,,,2.184452;2.118258,201;542,obstacle:1
push,230,798,600,700.0,600.0,1300.0,2.16683;2.118258,122;542,
prune,230,0,600,700.0,,,2.155455;2.118258,196;542,obstacle:1
pop,231,593,385,600.0,,,2.057219;1.976918,88;457,
push,231,799,593,700.0,500.00000000000006,1200.0,2.184452;2.082692,171;463,
prune,231,0,593,700.0,,,2.184452;2.148767,171;378,obstacle:2
push,231,800,593,700.0,600.0,1300.0,2.184452;2.118258,171;542,
pop,232,595,373,600.0,,,2.036051;1.976918,26;457,
push,232,801,595,700.0,500.00000000000006,1200.0,2.148767;2.082692,32;463,
push,232,802,595,700.0,500.00000000000006,1200.0,2.181247;2.082692,117;463,
prune,232,0,595,700.0,,,2.148767;2.148767,32;378,obstacle:2
prune,232,0,595,700.0,,,2.181247;2.148767,117;378,obstacle:2
push,232,803,595,700.0,600.0,1300.0,2.148767;2.118258,32;542,
push,232,804,595,700.0,600.0,1300.0,2.181247;2.118258,117;542,
pop,233,578,411,600.0,,,2.039988;1.976918,94;457,
push,233,805,578,700.0,500.00000000000006,1200.0,2.155455;2.082692,172;463,
push,233,806,578,700.0,500.00000000000006,1200.0,2.184452;2.082692,177;463,
push,233,807,578,700.0,500.00000000000006,1200.0,2.16683;2.082692,89;463,
prune,233,0,578,700.0,,,2.155455;2.148767,172;378,obstacle:2
prune,233,0,578,700.0,,,2.184452;2.148767,177;378,obstacle:2
prune,233,0,578,700.0,,,2.16683;2.148767,89;378,obstacle:2
push,233,808,578,700.0,600.0,1300.0,2.155455;2.118258,172;542,
push,233,809,578,700.0,600.0,1300.0,2.184452;2.118258,177;542,
push,233,810,578,700.0,600.0,1300.0,2.16683;2.118258,89;542,
pop,234,581,404,600.0,,,2.039988;1.976918,116;457,
push,234,811,581,700.0,500.00000000000006,1200.0,2.16683;2.082692,122;463,
push,234,812,581,700.0,500.00000000000006,1200.0,2.155455;2.082692,37;463,
prune,234,0,581,700.0,,,2.184452;2.082692,201;463,obstacle:1
prune,234,0,581,700.0,,,2.16683;2.148767,122;378,obstacle:2
prune,234,0,581,700.0,,,2.155455;2.148767,37;378,obstacle:2
prune,234,0,581,700.0,,,2.184452;2.148767,201;378,obstacle:1
push,234,813,581,700.0,600.0,1300.0,2.16683;2.118258,122;542,
push,234,814,581,700.0,600.0,1300.0,2.155455;2.118258,37;542,
prune,234,0,581,700.0,,,2.184452;2.118258,201;542,obstacle:1
pop,235,584,403,600.0,,,2.039988;1.976918,117;457,
prune,235,0,584,700.0,,,2.184452;2.082692,201;463,obstacle:1
push,235,815,584,700.0,500.00000000000006,1200.0,2.16683;2.082692,122;463,
prune,235,0,584,700.0,,,2.155455;2.082692,196;463,obstacle:1
prune,235,0,584,700.0,,,2.184452;2.148767,201;378,obstacle:1
prune,235,0,584,700.0,,,2.16683;2.148767,122;378,obstacle:2
prune,235,0,584,700.0,,,2.155455;2.148767,196;378,obstacle:1
prune,235,0,584,700.0,,,2.184452;2.118258,201;542,obstacle:1
push,235,816,584,700.0,600.0,1300.0,2.16683;2.118258,122;542,
prune,235,0,584,700.0,,,2.155455;2.118258,196;542,obstacle:1
pop,236,589,388,600.0,,,2.039988;1.976918,256;457,
push,236,817,589,700.0,500.00000000000006,1200.0,2.184452;2.082692,338;463,
prune,236,0,589,700.0,,,2.184452;2.148767,338;378,obstacle:2
push,236,818,589,700.0,600.0,1300.0,2.184452;2.118258,338;542,
pop,237,583,403,600.0,,,2.0;1.976918,32;457,
push,237,819,583,700.0,500.00000000000006,1200.0,2.118258;2.082692,38;463,
push,237,820,583,700.0,500.00000000000006,1200.0,2.16683;2.082692,123;463,
prune,237,0,583,700.0,,,2.118258;2.148767,38;378,obstacle:2
prune,237,0,583,700.0,,,2.16683;2.148767,123;378,obstacle:2
push,237,821,583,700.0,600.0,1300.0,2.118258;2.118258,38;542,
push,237,822,583,700.0,600.0,1300.0,2.16683;2.118258,123;542,
pop,238,530,317,600.0,,,2.039988;1.976918,117;457,
prune,238,0,530,700.0,,,2.184452;2.082692,201;463,obstacle:1
push,238,823,530,700.0,500.00000000000006,1200.0,2.16683;2.082692,122;463,
prune,238,0,530,700.0,,,2.155455;2.082692,196;463,obstacle:1
prune,238,0,530,700.0,,,2.184452;2.148767,201;378,obstacle:1
prune,238,0,530,700.0,,,2.16683;2.148767,122;378,obstacle:2
prune,238,0,530,700.0,,,2.155455;2.148767,196;378,obstacle:1
prune,238,0,530,700.0,,,2.184452;2.118258,201;542,obstacle:1
push,238,824,530,700.0,600.0,1300.0,2.16683;2.118258,122;542,
prune,238,0,530,700.0,,,2.155455;2.118258,196;542,obstacle:1
pop,239,551,433,600.0,,,2.0;1.976918,32;457,
push,239,825,551,700.0,500.00000000000006,1200.0,2.118258;2.082692,38;463,
push,239,826,551,700.0,500.00000000000006,1200.0,2.16683;2.082692,123;463,
prune,239,0,551,700.0,,,2.118258;2.148767,38;378,obstacle:2
prune,239,0,551,700.0,,,2.16683;2.148767,123;378,obstacle:2
push,239,827,551,700.0,600.0,1300.0,2.118258;2.118258,38;542,
push,239,828,551,700.0,600.0,1300.0,2.16683;2.118258,123;542,
pop,240,562,439,600.0,,,2.0;1.976918,37;457,
push,240,829,562,700.0,500.00000000000006,1200.0,2.118258;2.082692,38;463,
prune,240,0,562,700.0,,,2.118258;2.148767,38;378,obstacle:2
push,240,830,562,700.0,600.0,1300.0,2.118258;2.118258,38;542,
pop,241,568,423,600.0,,,2.039988;1.976918,117;457,
prune,241,0,568,700.0,,,2.184452;2.082692,201;463,obstacle:1
push,241,831,568,700.0,500.00000000000006,1200.0,2.16683;2.082692,122;463,
prune,241,0,568,700.0,,,2.155455;2.082692,196;463,obstacle:1
prune,241,0,568,700.0,,,2.184452;2.148767,201;378,obstacle:1
prune,241,0,568,700.0,,,2.16683;2.148767,122;378,obstacle:2
prune,241,0,568,700.0,,,2.155455;2.148767,196;378,obstacle:1
prune,241,0,568,700.0,,,2.184452;2.118258,201;542,obstacle:1
push,241,832,568,700.0,600.0,1300.0,2.16683;2.118258,122;542,
prune,241,0,568,700.0,,,2.155455;2.118258,196;542,obstacle:1
pop,242,572,413,600.0,,,2.0;1.976918,37;457,
push,242,833,572,700.0,500.00000000000006,1200.0,2.118258;2.082692,38;463,
prune,242,0,572,700.0,,,2.118258;2.148767,38;378,obstacle:2
push,242,834,572,700.0,600.0,1300.0,2.118258;2.118258,38;542,
pop,243,571,413,600.0,,,1.976918;1.976918,122;457,
push,243,835,571,700.0,500.00000000000006,1200.0,2.082692;2.082692,128;463,
push,243,836,571,700.0,500.00000000000006,1200.0,2.118258;2.082692,43;463,
prune,243,0,571,700.0,,,2.148767;2.082692,207;463,obstacle:1
prune,243,0,571,700.0,,,2.082692;2.148767,128;378,obstacle:2
prune,243,0,571,700.0,,,2.118258;2.148767,43;378,obstacle:2
prune,243,0,571,700.0,,,2.148767;2.148767,207;378,obstacle:1
push,243,837,571,700.0,600.0,1300.0,2.082692;2.118258,128;542,
push,243,838,571,700.0,600.0,1300.0,2.118258;2.118258,43;542,
prune,243,0,571,700.0,,,2.148767;2.118258,207;542,obstacle:1
pop,244,565,440,600.0,,,2.0;1.976918,32;457,
push,244,839,565,700.0,500.00000000000006,1200.0,2.118258;2.082692,38;463,
push,244,840,565,700.0,500.00000000000006,1200.0,2.16683;2.082692,123;463,
prune,244,0,565,700.0,,,2.118258;2.148767,38;378,obstacle:2
prune,244,0,565,700.0,,,2.16683;2.148767,123;378,obstacle:2
push,244,841,565,700.0,600.0,1300.0,2.118258;2.118258,38;542,
push,244,842,565,700.0,600.0,1300.0,2.16683;2.118258,123;542,
pop,245,567,423,600.0,,,2.0;1.976918,32;457,
push,245,843,567,700.0,500.00000000000006,1200.0,2.118258;2.082692,38;463,
push,245,844,567,700.0,500.00000000000006,1200.0,2.16683;2.082692,123;463,
prune,245,0,567,700.0,,,2.118258;2.148767,38;378,obstacle:2
prune,245,0,567,700.0,,,2.16683;2.148767,123;378,obstacle:2
push,245,845,567,700.0,600.0,1300.0,2.118258;2.118258,38;542,
push,245,846,567,700.0,600.0,1300.0,2.16683;2.118258,123;542,
pop,246,552,433,600.0,,,2.039988;1.976918,117;457,
prune,246,0,552,700.0,,,2.184452;2.082692,201;463,obstacle:1
push,246,847,552,700.0,500.00000000000006,1200.0,2.16683;2.082692,122;463,
prune,246,0,552,700.0,,,2.155455;2.082692,196;463,obstacle:1
prune,246,0,552,700.0,,,2.184452;2.148767,201;378,obstacle:1
prune,246,0,552,700.0,,,2.16683;2.148767,122;378,obstacle:2
prune,246,0,552,700.0,,,2.155455;2.148767,196;378,obstacle:1
prune,246,0,552,700.0,,,2.184452;2.118258,201;542,obstacle:1
push,246,848,552,700.0,600.0,1300.0,2.16683;2.118258,122;542,
prune,246,0,552,700.0,,,2.155455;2.118258,196;542,obstacle:1
pop,247,557,437,600.0,,,2.0;1.976918,32;457,
push,247,849,557,700.0,500.00000000000006,1200.0,2.118258;2.082692,38;463,
push,247,850,557,700.0,500.00000000000006,1200.0,2.16683;2.082692,123;463,
prune,247,0,557,700.0,,,2.118258;2.148767,38;378,obstacle:2
prune,247,0,557,700.0,,,2.16683;2.148767,123;378,obstacle:2
push,247,851,557,700.0,600.0,1300.0,2.118258;2.118258,38;542,
push,247,852,557,700.0,600.0,1300.0,2.16683;2.118258,123;542,
pop,248,561,439,600.0,,,1.976918;1.976918,122;457,
push,248,853,561,700.0,500.00000000000006,1200.0,2.082692;2.082692,128;463,
push,248,854,561,700.0,500.00000000000006,1200.0,2.118258;2.082692,43;463,
prune,248,0,561,700.0,,,2.148767;2.082692,207;463,obstacle:1
prune,248,0,561,700.0,,,2.082692;2.148767,128;378,obstacle:2
prune,248,0,561,700.0,,,2.118258;2.148767,43;378,obstacle:2
prune,248,0,561,700.0,,,2.148767;2.148767,207;378,obstacle:1
push,248,855,561,700.0,600.0,1300.0,2.082692;2.118258,128;542,
push,248,856,561,700.0,600.0,1300.0,2.118258;2.118258,43;542,
prune,248,0,561,700.0,,,2.148767;2.118258,207;542,obstacle:1
pop,249,558,437,600.0,,,2.039988;1.976918,117;457,
prune,249,0,558,700.0,,,2.184452;2.082692,201;463,obstacle:1
push,249,857,558,700.0,500.00000000000006,1200.0,2.16683;2.082692,122;463,
prune,249,0,558,700.0,,,2.155455;2.082692,196;463,obstacle:1
prune,249,0,558,700.0,,,2.184452;2.148767,201;378,obstacle:1
prune,249,0,558,700.0,,,2.16683;2.148767,122;378,obstacle:2
prune,249,0,558,700.0,,,2.155455;2.148767,196;378,obstacle:1
prune,249,0,558,700.0,,,2.184452;2.118258,201;542,obstacle:1
push,249,858,558,700.0,600.0,1300.0,2.16683;2.118258,122;542,
prune,249,0,558,700.0,,,2.155455;2.118258,196;542,obstacle:1
pop,250,555,434,600.0,,,2.039988;1.976918,116;457,
push,250,859,555,700.0,500.00000000000006,1200.0,2.16683;2.082692,122;463,
push,250,860,555,700.0,500.00000000000006,1200.0,2.155455;2.082692,37;463,
prune,250,0,555,700.0,,,2.184452;2.082692,201;463,obstacle:1
prune,250,0,555,700.0,,,2.16683;2.148767,122;378,obstacle:2
prune,250,0,555,700.0,,,2.155455;2.148767,37;378,obstacle:2
prune,250,0,555,700.0,,,2.184452;2.148767,201;378,obstacle:1
push,250,861,555,700.0,600.0,1300.0,2.16683;2.118258,122;542,
push,250,862,555,700.0,600.0,1300.0,2.155455;2.118258,37;542,
prune,250,0,555,700.0,,,2.184452;2.118258,201;542,obstacle:1
pop,251,537,322,600.0,,,2.0;1.976918,32;457,
push,251,863,537,700.0,500.00000000000006,1200.0,2.118258;2.082692,38;463,
push,251,864,537,700.0,500.00000000000006,1200.0,2.16683;2.082692,123;463,
prune,251,0,537,700.0,,,2.118258;2.148767,38;378,obstacle:2
prune,251,0,537,700.0,,,2.16683;2.148767,123;378,obstacle:2
push,251,865,537,700.0,600.0,1300.0,2.118258;2.118258,38;542,
push,251,866,537,700.0,600.0,1300.0,2.16683;2.118258,123;542,
pop,252,539,319,600.0,,,2.036051;1.976918,5;457,
push,252,867,539,700.0,500.00000000000006,1200.0,2.16683;2.082692,88;463,
prune,252,0,539,700.0,,,2.16683;2.148767,88;378,obstacle:2
push,252,868,539,700.0,600.0,1300.0,2.16683;2.118258,88;542,
pop,253,544,310,600.0,,,2.057219;1.976918,260;457,
push,253,869,544,700.0,500.00000000000006,1200.0,2.184452;2.082692,344;463,
push,253,870,544,700.0,500.00000000000006,1200.0,2.184452;2.082692,339;463,
prune,253,0,544,700.0,,,2.184452;2.148767,344;378,obstacle:2
prune,253,0,544,700.0,,,2.184452;2.148767,339;378,obstacle:2
push,253,871,544,700.0,600.0,1300.0,2.184452;2.118258,344;542,
push,253,872,544,700.0,600.0,1300.0,2.184452;2.118258,339;542,
pop,254,547,304,600.0,,,2.057219;1.976918,88;457,
push,254,873,547,700.0,500.00000000000006,1200.0,2.184452;2.082692,171;463,
prune,254,0,547,700.0,,,2.184452;2.148767,171;378,obstacle:2
push,254,874,547,700.0,600.0,1300.0,2.184452;2.118258,171;542,
pop,255,549,431,600.0,,,2.043903;1.976918,171;457,
push,255,875,549,700.0,500.00000000000006,1200.0,2.173353;2.082692,260;463,
push,255,876,549,700.0,500.00000000000006,1200.0,2.184452;2.082692,176;463,
push,255,877,549,700.0,500.00000000000006,1200.0,2.158776;2.082692,256;463,
prune,255,0,549,700.0,,,2.173353;2.148767,260;378,obstacle:2
prune,255,0,549,700.0,,,2.184452;2.148767,176;378,obstacle:2
prune,255,0,549,700.0,,,2.158776;2.148767,256;378,obstacle:2
push,255,878,549,700.0,600.0,1300.0,2.173353;2.118258,260;542,
push,255,879,549,700.0,600.0,1300.0,2.184452;2.118258,176;542,
push,255,880,549,700.0,600.0,1300.0,2.158776;2.118258,256;542,
pop,256,540,319,600.0,,,2.039988;1.976918,94;457,
push,256,881,540,700.0,500.00000000000006,1200.0,2.155455;2.082692,172;463,
push,256,882,540,700.0,500.00000000000006,1200.0,2.184452;2.082692,177;463,
push,256,883,540,700.0,500.00000000000006,1200.0,2.16683;2.082692,89;463,
prune,256,0,540,700.0,,,2.155455;2.148767,172;378,obstacle:2
prune,256,0,540,700.0,,,2.184452;2.148767,177;378,obstacle:2
prune,256,0,540,700.0,,,2.16683;2.148767,89;378,obstacle:2
push,256,884,540,700.0,600.0,1300.0,2.155455;2.118258,172;542,
push,256,885,540,700.0,600.0,1300.0,2.184452;2.118258,177;542,
push,256,886,540,700.0,600.0,1300.0,2.16683;2.118258,89;542,
pop,257,543,310,600.0,,,2.039988;1.976918,256;457,
push,257,887,543,700.0,500.00000000000006,1200.0,2.184452;2.082692,338;463,
prune,257,0,543,700.0,,,2.184452;2.148767,338;378,obstacle:2
push,257,888,543,700.0,600.0,1300.0,2.184452;2.118258,338;542,
pop,258,533,321,600.0,,,1.976918;1.976918,122;457,
push,258,889,533,700.0,500.00000000000006,1200.0,2.082692;2.082692,128;463,
push,258,890,533,700.0,500.00000000000006,1200.0,2.118258;2.082692,43;463,
prune,258,0,533,700.0,,,2.148767;2.082692,207;463,obstacle:1
prune,258,0,533,700.0,,,2.082692;2.148767,128;378,obstacle:2
prune,258,0,533,700.0,,,2.118258;2.148767,43;378,obstacle:2
prune,258,0,533,700.0,,,2.148767;2.148767,207;378,obstacle:1
push,258,891,533,700.0,600.0,1300.0,2.082692;2.118258,128;542,
push,258,892,533,700.0,600.0,1300.0,2.118258;2.118258,43;542,
prune,258,0,533,700.0,,,2.148767;2.118258,207;542,obstacle:1
pop,259,534,321,600.0,,,2.0;1.976918,37;457,
push,259,893,534,700.0,500.00000000000006,1200.0,2.118258;2.082692,38;463,
prune,259,0,534,700.0,,,2.118258;2.148767,38;378,obstacle:2
push,259,894,534,700.0,600.0,1300.0,2.118258;2.118258,38;542,
pop,260,480,427,600.0,,,2.0;1.976918,32;457,
push,260,895,480,700.0,500.00000000000006,1200.0,2.118258;2.082692,38;463,
push,260,896,480,700.0,500.00000000000006,1200.0,2.16683;2.082692,123;463,
prune,260,0,480,700.0,,,2.118258;2.148767,38;378,obstacle:2
prune,260,0,480,700.0,,,2.16683;2.148767,123;378,obstacle:2
push,260,897,480,700.0,600.0,1300.0,2.118258;2.118258,38;542,
push,260,898,480,700.0,600.0,1300.0,2.16683;2.118258,123;542,
pop,261,515,334,600.0,,,2.036051;1.976918,5;457,
push,261,899,515,700.0,500.00000000000006,1200.0,2.16683;2.082692,88;463,
prune,261,0,515,700.0,,,2.16683;2.148767,88;378,obstacle:2
push,261,900,515,700.0,600.0,1300.0,2.16683;2.118258,88;542,
pop,262,521,328,600.0,,,2.0;1.976918,32;457,
push,262,901,521,700.0,500.00000000000006,1200.0,2.118258;2.082692,38;463,
push,262,902,521,700.0,500.00000000000006,1200.0,2.16683;2.082692,123;463,
prune,262,0,521,700.0,,,2.118258;2.148767,38;378,obstacle:2
prune,262,0,521,700.0,,,2.16683;2.148767,123;378,obstacle:2
push,262,903,521,700.0,600.0,1300.0,2.118258;2.118258,38;542,
push,262,904,521,700.0,600.0,1300.0,2.16683;2.118258,123;542,
pop,263,525,315,600.0,,,2.036051;1.976918,26;457,
push,263,905,525,700.0,500.00000000000006,1200.0,2.148767;2.082692,32;463,
push,263,906,525,700.0,500.00000000000006,1200.0,2.181247;2.082692,117;463,
prune,263,0,525,700.0,,,2.148767;2.148767,32;378,obstacle:2
prune,263,0,525,700.0,,,2.181247;2.148767,117;378,obstacle:2
push,263,907,525,700.0,600.0,1300.0,2.148767;2.118258,32;542,
push,263,908,525,700.0,600.0,1300.0,2.181247;2.118258,117;542,
pop,264,522,328,600.0,,,2.039988;1.976918,117;457,
prune,264,0,522,700.0,,,2.184452;2.082692,201;463,obstacle:1
push,264,909,522,700.0,500.00000000000006,1200.0,2.16683;2.082692,122;463,
prune,264,0,522,700.0,,,2.155455;2.082692,196;463,obstacle:1
prune,264,0,522,700.0,,,2.184452;2.148767,201;378,obstacle:1
prune,264,0,522,700.0,,,2.16683;2.148767,122;378,obstacle:2
prune,264,0,522,700.0,,,2.155455;2.148767,196;378,obstacle:1
prune,264,0,522,700.0,,,2.184452;2.118258,201;542,obstacle:1
push,264,910,522,700.0,600.0,1300.0,2.16683;2.118258,122;542,
prune,264,0,522,700.0,,,2.155455;2.118258,196;542,obstacle:1
pop,265,516,334,600.0,,,2.039988;1.976918,94;457,
push,265,911,516,700.0,500.00000000000006,1200.0,2.155455;2.082692,172;463,
push,265,912,516,700.0,500.00000000000006,1200.0,2.184452;2.082692,177;463,
push,265,913,516,700.0,500.00000000000006,1200.0,2.16683;2.082692,89;463,
prune,265,0,516,700.0,,,2.155455;2.148767,172;378,obstacle:2
prune,265,0,516,700.0,,,2.184452;2.148767,177;378,obstacle:2
prune,265,0,516,700.0,,,2.16683;2.148767,89;378,obstacle:2
push,265,914,516,700.0,600.0,1300.0,2.155455;2.118258,172;542,
push,265,915,516,700.0,600.0,1300.0,2.184452;2.118258,177;542,
push,265,916,516,700.0,600.0,1300.0,2.16683;2.118258,89;542,
pop,266,519,331,600.0,,,2.0;1.976918,32;457,
push,266,917,519,700.0,500.00000000000006,1200.0,2.118258;2.082692,38;463,
push,266,918,519,700.0,500.00000000000006,1200.0,2.16683;2.082692,123;463,
prune,266,0,519,700.0,,,2.118258;2.148767,38;378,obstacle:2
prune,266,0,519,700.0,,,2.16683;2.148767,123;378,obstacle:2
push,266,919,519,700.0,600.0,1300.0,2.118258;2.118258,38;542,
push,266,920,519,700.0,600.0,1300.0,2.16683;2.118258,123;542,
pop,267,504,366,600.0,,,2.057219;1.976918,110;457,
push,267,921,504,700.0,500.00000000000006,1200.0,2.181247;2.082692,116;463,
push,267,922,504,700.0,500.00000000000006,1200.0,2.184452;2.082692,31;463,
prune,267,0,504,700.0,,,2.184452;2.082692,195;463,obstacle:1
prune,267,0,504,700.0,,,2.181247;2.148767,116;378,obstacle:2
prune,267,0,504,700.0,,,2.184452;2.148767,31;378,obstacle:2
prune,267,0,504,700.0,,,2.184452;2.148767,195;378,obstacle:1
push,267,923,504,700.0,600.0,1300.0,2.181247;2.118258,116;542,
push,267,924,504,700.0,600.0,1300.0,2.184452;2.118258,31;542,
prune,267,0,504,700.0,,,2.184452;2.118258,195;542,obstacle:1
pop,268,505,366,600.0,,,2.043903;1.976918,184;457,
push,268,925,505,700.0,500.00000000000006,1200.0,2.158776;2.082692,267;463,
prune,268,0,505,700.0,,,2.173353;2.082692,272;463,obstacle:1
push,268,926,505,700.0,500.00000000000006,1200.0,2.184452;2.082692,179;463,
prune,268,0,505,700.0,,,2.158776;2.148767,267;378,obstacle:2
prune,268,0,505,700.0,,,2.173353;2.148767,272;378,obstacle:1
prune,268,0,505,700.0,,,2.184452;2.148767,179;378,obstacle:2
push,268,927,505,700.0,600.0,1300.0,2.158776;2.118258,267;542,
prune,268,0,505,700.0,,,2.173353;2.118258,272;542,obstacle:1
push,268,928,505,700.0,600.0,1300.0,2.184452;2.118258,179;542,
pop,269,512,330,600.0,,,2.0;1.976918,37;457,
push,269,929,512,700.0,500.00000000000006,1200.0,2.118258;2.082692,38;463,
prune,269,0,512,700.0,,,2.118258;2.148767,38;378,obstacle:2
push,269,930,512,700.0,600.0,1300.0,2.118258;2.118258,38;542,
pop,270,511,330,600.0,,,1.976918;1.976918,122;457,
push,270,931,511,700.0,500.00000000000006,1200.0,2.082692;2.082692,128;463,
push,270,932,511,700.0,500.00000000000006,1200.0,2.118258;2.082692,43;463,
prune,270,0,511,700.0,,,2.148767;2.082692,207;463,obstacle:1
prune,270,0,511,700.0,,,2.082692;2.148767,128;378,obstacle:2
prune,270,0,511,700.0,,,2.118258;2.148767,43;378,obstacle:2
prune,270,0,511,700.0,,,2.148767;2.148767,207;378,obstacle:1
push,270,933,511,700.0,600.0,1300.0,2.082692;2.118258,128;542,
push,270,934,511,700.0,600.0,1300.0,2.118258;2.118258,43;542,
prune,270,0,511,700.0,,,2.148767;2.118258,207;542,obstacle:1
pop,271,481,427,600.0,,,2.039988;1.976918,117;457,
prune,271,0,481,700.0,,,2.184452;2.082692,201;463,obstacle:1
push,271,935,481,700.0,500.00000000000006,1200.0,2.16683;2.082692,122;463,
prune,271,0,481,700.0,,,2.155455;2.082692,196;463,obstacle:1
prune,271,0,481,700.0,,,2.184452;2.148767,201;378,obstacle:1
prune,271,0,481,700.0,,,2.16683;2.148767,122;378,obstacle:2
prune,271,0,481,700.0,,,2.155455;2.148767,196;378,obstacle:1
prune,271,0,481,700.0,,,2.184452;2.118258,201;542,obstacle:1
push,271,936,481,700.0,600.0,1300.0,2.16683;2.118258,122;542,
prune,271,0,481,700.0,,,2.155455;2.118258,196;542,obstacle:1
pop,272,491,395,600.0,,,2.039988;1.976918,117;457,
prune,272,0,491,700.0,,,2.184452;2.082692,201;463,obstacle:1
push,272,937,491,700.0,500.00000000000006,1200.0,2.16683;2.082692,122;463,
prune,272,0,491,700.0,,,2.155455;2.082692,196;463,obstacle:1
prune,272,0,491,700.0,,,2.184452;2.148767,201;378,obstacle:1
prune,272,0,491,700.0,,,2.16683;2.148767,122;378,obstacle:2
prune,272,0,491,700.0,,,2.155455;2.148767,196;378,obstacle:1
prune,272,0,491,700.0,,,2.184452;2.118258,201;542,obstacle:1
push,272,938,491,700.0,600.0,1300.0,2.16683;2.118258,122;542,
prune,272,0,491,700.0,,,2.155455;2.118258,196;542,obstacle:1
pop,273,497,397,600.0,,,2.0;1.976918,37;457,
push,273,939,497,700.0,500.00000000000006,1200.0,2.118258;2.082692,38;463,
prune,273,0,497,700.0,,,2.118258;2.148767,38;378,obstacle:2
push,273,940,497,700.0,600.0,1300.0,2.118258;2.118258,38;542,
pop,274,500,365,600.0,,,2.036051;1.976918,26;457,
push,274,941,500,700.0,500.00000000000006,1200.0,2.148767;2.082692,32;463,
push,274,942,500,700.0,500.00000000000006,1200.0,2.181247;2.082692,117;463,
prune,274,0,500,700.0,,,2.148767;2.148767,32;378,obstacle:2
prune,274,0,500,700.0,,,2.181247;2.148767,117;378,obstacle:2
push,274,943,500,700.0,600.0,1300.0,2.148767;2.118258,32;542,
push,274,944,500,700.0,600.0,1300.0,2.181247;2.118258,117;542,
pop,275,501,365,600.0,,,2.057219;1.976918,111;457,
prune,275,0,501,700.0,,,2.184452;2.082692,195;463,obstacle:1
push,275,945,501,700.0,500.00000000000006,1200.0,2.181247;2.082692,116;463,
prune,275,0,501,700.0,,,2.184452;2.082692,190;463,obstacle:1
prune,275,0,501,700.0,,,2.184452;2.148767,195;378,obstacle:1
prune,275,0,501,700.0,,,2.181247;2.148767,116;378,obstacle:2
prune,275,0,501,700.0,,,2.184452;2.148767,190;378,obstacle:1
prune,275,0,501,700.0,,,2.184452;2.118258,195;542,obstacle:1
push,275,946,501,700.0,600.0,1300.0,2.181247;2.118258,116;542,
prune,275,0,501,700.0,,,2.184452;2.118258,190;542,obstacle:1
pop,276,494,398,600.0,,,2.0;1.976918,32;457,
push,276,947,494,700.0,500.00000000000006,1200.0,2.118258;2.082692,38;463,
push,276,948,494,700.0,500.00000000000006,1200.0,2.16683;2.082692,123;463,
prune,276,0,494,700.0,,,2.118258;2.148767,38;378,obstacle:2
prune,276,0,494,700.0,,,2.16683;2.148767,123;378,obstacle:2
push,276,949,494,700.0,600.0,1300.0,2.118258;2.118258,38;542,
push,276,950,494,700.0,600.0,1300.0,2.16683;2.118258,123;542,
pop,277,496,397,600.0,,,1.976918;1.976918,122;457,
push,277,951,496,700.0,500.00000000000006,1200.0,2.082692;2.082692,128;463,
push,277,952,496,700.0,500.00000000000006,1200.0,2.118258;2.082692,43;463,
prune,277,0,496,700.0,,,2.148767;2.082692,207;463,obstacle:1
prune,277,0,496,700.0,,,2.082692;2.148767,128;378,obstacle:2
prune,277,0,496,700.0,,,2.118258;2.148767,43;378,obstacle:2
prune,277,0,496,700.0,,,2.148767;2.148767,207;378,obstacle:1
push,277,953,496,700.0,600.0,1300.0,2.082692;2.118258,128;542,
push,277,954,496,700.0,600.0,1300.0,2.118258;2.118258,43;542,
prune,277,0,496,700.0,,,2.148767;2.118258,207;542,obstacle:1
pop,278,484,421,600.0,,,2.043903;1.976918,171;457,
push,278,955,484,700.0,500.00000000000006,1200.0,2.173353;2.082692,260;463,
push,278,956,484,700.0,500.00000000000006,1200.0,2.184452;2.082692,176;463,
push,278,957,484,700.0,500.00000000000006,1200.0,2.158776;2.082692,256;463,
prune,278,0,484,700.0,,,2.173353;2.148767,260;378,obstacle:2
prune,278,0,484,700.0,,,2.184452;2.148767,176;378,obstacle:2
prune,278,0,484,700.0,,,2.158776;2.148767,256;378,obstacle:2
push,278,958,484,700.0,600.0,1300.0,2.173353;2.118258,260;542,
push,278,959,484,700.0,600.0,1300.0,2.184452;2.118258,176;542,
push,278,960,484,700.0,600.0,1300.0,2.158776;2.118258,256;542,
pop,279,486,401,600.0,,,2.036051;1.976918,5;457,
push,279,961,486,700.0,500.00000000000006,1200.0,2.16683;2.082692,88;463,
prune,279,0,486,700.0,,,2.16683;2.148767,88;378,obstacle:2
push,279,962,486,700.0,600.0,1300.0,2.16683;2.118258,88;542,
pop,280,490,395,600.0,,,2.0;1.976918,32;457,
push,280,963,490,700.0,500.00000000000006,1200.0,2.118258;2.082692,38;463,
push,280,964,490,700.0,500.00000000000006,1200.0,2.16683;2.082692,123;463,
prune,280,0,490,700.0,,,2.118258;2.148767,38;378,obstacle:2
prune,280,0,490,700.0,,,2.16683;2.148767,123;378,obstacle:2
push,280,965,490,700.0,600.0,1300.0,2.118258;2.118258,38;542,
push,280,966,490,700.0,600.0,1300.0,2.16683;2.118258,123;542,
pop,281,487,401,600.0,,,2.039988;1.976918,94;457,
push,281,967,487,700.0,500.00000000000006,1200.0,2.155455;2.082692,172;463,
push,281,968,487,700.0,500.00000000000006,1200.0,2.184452;2.082692,177;463,
push,281,969,487,700.0,500.00000000000006,1200.0,2.16683;2.082692,89;463,
prune,281,0,487,700.0,,,2.155455;2.148767,172;378,obstacle:2
prune,281,0,487,700.0,,,2.184452;2.148767,177;378,obstacle:2
prune,281,0,487,700.0,,,2.16683;2.148767,89;378,obstacle:2
push,281,970,487,700.0,600.0,1300.0,2.155455;2.118258,172;542,
push,281,971,487,700.0,600.0,1300.0,2.184452;2.118258,177;542,
push,281,972,487,700.0,600.0,1300.0,2.16683;2.118258,89;542,
pop,282,468,417,600.0,,,1.976918;1.976918,122;457,
push,282,973,468,700.0,500.00000000000006,1200.0,2.082692;2.082692,128;463,
push,282,974,468,700.0,500.00000000000006,1200.0,2.118258;2.082692,43;463,
prune,282,0,468,700.0,,,2.148767;2.082692,207;463,obstacle:1
prune,282,0,468,700.0,,,2.082692;2.148767,128;378,obstacle:2
prune,282,0,468,700.0,,,2.118258;2.148767,43;378,obstacle:2
prune,282,0,468,700.0,,,2.148767;2.148767,207;378,obstacle:1
push,282,975,468,700.0,600.0,1300.0,2.082692;2.118258,128;542,
push,282,976,468,700.0,600.0,1300.0,2.118258;2.118258,43;542,
prune,282,0,468,700.0,,,2.148767;2.118258,207;542,obstacle:1
pop,283,474,425,600.0,,,2.0;1.976918,32;457,
push,283,977,474,700.0,500.00000000000006,1200.0,2.118258;2.082692,38;463,
push,283,978,474,700.0,500.00000000000006,1200.0,2.16683;2.082692,123;463,
prune,283,0,474,700.0,,,2.118258;2.148767,38;378,obstacle:2
prune,283,0,474,700.0,,,2.16683;2.148767,123;378,obstacle:2
push,283,979,474,700.0,600.0,1300.0,2.118258;2.118258,38;542,
push,283,980,474,700.0,600.0,1300.0,2.16683;2.118258,123;542,
pop,284,478,428,600.0,,,2.039988;1.976918,116;457,
push,284,981,478,700.0,500.00000000000006,1200.0,2.16683;2.082692,122;463,
push,284,982,478,700.0,500.00000000000006,1200.0,2.155455;2.082692,37;463,
prune,284,0,478,700.0,,,2.184452;2.082692,201;463,obstacle:1
prune,284,0,478,700.0,,,2.16683;2.148767,122;378,obstacle:2
prune,284,0,478,700.0,,,2.155455;2.148767,37;378,obstacle:2
prune,284,0,478,700.0,,,2.184452;2.148767,201;378,obstacle:1
push,284,983,478,700.0,600.0,1300.0,2.16683;2.118258,122;542,
push,284,984,478,700.0,600.0,1300.0,2.155455;2.118258,37;542,
prune,284,0,478,700.0,,,2.184452;2.118258,201;542,obstacle:1
pop,285,475,425,600.0,,,2.039988;1.976918,117;457,
prune,285,0,475,700.0,,,2.184452;2.082692,201;463,obstacle:1
push,285,985,475,700.0,500.00000000000006,1200.0,2.16683;2.082692,122;463,
prune,285,0,475,700.0,,,2.155455;2.082692,196;463,obstacle:1
prune,285,0,475,700.0,,,2.184452;2.148767,201;378,obstacle:1
prune,285,0,475,700.0,,,2.16683;2.148767,122;378,obstacle:2
prune,285,0,475,700.0,,,2.155455;2.148767,196;378,obstacle:1
prune,285,0,475,700.0,,,2.184452;2.118258,201;542,obstacle:1
push,285,986,475,700.0,600.0,1300.0,2.16683;2.118258,122;542,
prune,285,0,475,700.0,,,2.155455;2.118258,196;542,obstacle:1
pop,286,469,417,600.0,,,2.0;1.976918,37;457,
push,286,987,469,700.0,500.00000000000006,1200.0,2.118258;2.082692,38;463,
prune,286,0,469,700.0,,,2.118258;2.148767,38;378,obstacle:2
push,286,988,469,700.0,600.0,1300.0,2.118258;2.118258,38;542,
pop,287,472,418,600.0,,,2.0;1.976918,32;457,
push,287,989,472,700.0,500.00000000000006,1200.0,2.118258;2.082692,38;463,
push,287,990,472,700.0,500.00000000000006,1200.0,2.16683;2.082692,123;463,
prune,287,0,472,700.0,,,2.118258;2.148767,38;378,obstacle:2
prune,287,0,472,700.0,,,2.16683;2.148767,123;378,obstacle:2
push,287,991,472,700.0,600.0,1300.0,2.118258;2.118258,38;542,
push,287,992,472,700.0,600.0,1300.0,2.16683;2.118258,123;542,
pop,288,587,393,600.0,,,2.043903;1.976918,171;457,
push,288,993,587,700.0,500.00000000000006,1200.0,2.173353;2.082692,260;463,
push,288,994,587,700.0,500.00000000000006,1200.0,2.184452;2.082692,176;463,
push,288,995,587,700.0,500.00000000000006,1200.0,2.158776;2.082692,256;463,
prune,288,0,587,700.0,,,2.173353;2.148767,260;378,obstacle:2
prune,288,0,587,700.0,,,2.184452;2.148767,176;378,obstacle:2
prune,288,0,587,700.0,,,2.158776;2.148767,256;378,obstacle:2
push,288,996,587,700.0,600.0,1300.0,2.173353;2.118258,260;542,
push,288,997,587,700.0,600.0,1300.0,2.184452;2.118258,176;542,
push,288,998,587,700.0,600.0,1300.0,2.158776;2.118258,256;542,
pop,289,456,325,600.0,,,1.976918;1.976918,457;457,
push,289,999,456,700.0,500.00000000000006,1200.0,2.082692;2.082692,463;463,
prune,289,0,456,700.0,,,2.148767;2.082692,378;463,obstacle:1
push,289,1000,456,700.0,500.00000000000006,1200.0,2.118258;2.082692,542;463,
prune,289,0,456,700.0,,,2.082692;2.148767,463;378,obstacle:2
prune,289,0,456,700.0,,,2.148767;2.148767,378;378,obstacle:1
prune,289,0,456,700.0,,,2.118258;2.148767,542;378,obstacle:2
push,289,1001,456,700.0,600.0,1300.0,2.082692;2.118258,463;542,
prune,289,0,456,700.0,,,2.148767;2.118258,378;542,obstacle:1
push,289,1002,456,700.0,600.0,1300.0,2.118258;2.118258,542;542,
pop,290,459,306,600.0,,,1.976918;1.976918,457;457,
push,290,1003,459,700.0,500.00000000000006,1200.0,2.082692;2.082692,463;463,
prune,290,0,459,700.0,,,2.148767;2.082692,378;463,obstacle:1
push,290,1004,459,700.0,500.00000000000006,1200.0,2.118258;2.082692,542;463,
prune,290,0,459,700.0,,,2.082692;2.148767,463;378,obstacle:2
prune,290,0,459,700.0,,,2.148767;2.148767,378;378,obstacle:1
prune,290,0,459,700.0,,,2.118258;2.148767,542;378,obstacle:2
push,290,1005,459,700.0,600.0,1300.0,2.082692;2.118258,463;542,
prune,290,0,459,700.0,,,2.148767;2.118258,378;542,obstacle:1
push,290,1006,459,700.0,600.0,1300.0,2.118258;2.118258,542;542,
pop,291,453,301,600.0,,,1.976918;1.976918,457;457,
push,291,1007,453,700.0,500.00000000000006,1200.0,2.082692;2.082692,463;463,
prune,291,0,453,700.0,,,2.148767;2.082692,378;463,obstacle:1
push,291,1008,453,700.0,500.00000000000006,1200.0,2.118258;2.082692,542;463,
prune,291,0,453,700.0,,,2.082692;2.148767,463;378,obstacle:2
prune,291,0,453,700.0,,,2.148767;2.148767,378;378,obstacle:1
prune,291,0,453,700.0,,,2.118258;2.148767,542;378,obstacle:2
push,291,1009,453,700.0,600.0,1300.0,2.082692;2.118258,463;542,
prune,291,0,453,700.0,,,2.148767;2.118258,378;542,obstacle:1
push,291,1010,453,700.0,600.0,1300.0,2.118258;2.118258,542;542,
pop,292,672,465,700.0,,,2.118258;2.082692,542;463,
push,292,1011,672,800.0,400.00000000000006,1200.0,2.224551;2.179818,547;469,
push,292,1012,672,800.0,400.00000000000006,1200.0,2.224551;2.250991,547;384,
push,292,1013,672,800.0,500.00000000000006,1300.0,2.224551;2.224551,547;548,
pop,293,667,462,700.0,,,2.082692;2.082692,463;463,
push,293,1014,667,800.0,400.00000000000006,1200.0,2.179818;2.179818,469;469,
push,293,1015,667,800.0,400.00000000000006,1200.0,2.250991;2.179818,384;469,
push,293,1016,667,800.0,400.00000000000006,1200.0,2.224551;2.179818,548;469,
push,293,1017,667,800.0,400.00000000000006,1200.0,2.179818;2.250991,469;384,
push,293,1018,667,800.0,400.00000000000006,1200.0,2.250991;2.250991,384;384,
push,293,1019,667,800.0,400.00000000000006,1200.0,2.224551;2.250991,548;384,
push,293,1020,667,800.0,500.00000000000006,1300.0,2.179818;2.224551,469;548,
push,293,1021,667,800.0,500.00000000000006,1300.0,2.250991;2.224551,384;548,
push,293,1022,667,800.0,500.00000000000006,1300.0,2.224551;2.224551,548;548,
pop,294,671,465,700.0,,,2.082692;2.082692,463;463,
push,294,1023,671,800.0,400.00000000000006,1200.0,2.179818;2.179818,469;469,
push,294,1024,671,800.0,400.00000000000006,1200.0,2.250991;2.179818,384;469,
push,294,1025,671,800.0,400.00000000000006,1200.0,2.224551;2.179818,548;469,
push,294,1026,671,800.0,400.00000000000006,1200.0,2.179818;2.250991,469;384,
push,294,1027,671,800.0,400.00000000000006,1200.0,2.250991;2.250991,384;384,
push,294,1028,671,800.0,400.00000000000006,1200.0,2.224551;2.250991,548;384,
push,294,1029,671,800.0,500.00000000000006,1300.0,2.179818;2.224551,469;548,
push,294,1030,671,800.0,500.00000000000006,1300.0,2.250991;2.224551,384;548,
push,294,1031,671,800.0,500.00000000000006,1300.0,2.224551;2.224551,548;548,
pop,295,668,462,700.0,,,2.118258;2.082692,542;463,
push,295,1032,668,800.0,400.00000000000006,1200.0,2.224551;2.179818,547;469,
push,295,1033,668,800.0,400.00000000000006,1200.0,2.224551;2.250991,547;384,
push,295,1034,668,800.0,500.00000000000006,1300.0,2.224551;2.224551,547;548,
pop,296,664,508,700.0,,,2.118258;2.082692,542;463,
push,296,1035,664,800.0,400.00000000000006,1200.0,2.224551;2.179818,547;469,
push,296,1036,664,800.0,400.00000000000006,1200.0,2.224551;2.250991,547;384,
push,296,1037,664,800.0,500.00000000000006,1300.0,2.224551;2.224551,547;548,
pop,297,663,508,700.0,,,2.082692;2.082692,463;463,
push,297,1038,663,800.0,400.00000000000006,1200.0,2.179818;2.179818,469;469,
push,297,1039,663,800.0,400.00000000000006,1200.0,2.250991;2.179818,384;469,
push,297,1040,663,800.0,400.00000000000006,1200.0,2.224551;2.179818,548;469,
push,297,1041,663,800.0,400.00000000000006,1200.0,2.179818;2.250991,469;384,
push,297,1042,663,800.0,400.00000000000006,1200.0,2.250991;2.250991,384;384,
push,297,1043,663,800.0,400.00000000000006,1200.0,2.224551;2.250991,548;384,
push,297,1044,663,800.0,500.00000000000006,1300.0,2.179818;2.224551,469;548,
push,297,1045,663,800.0,500.00000000000006,1300.0,2.250991;2.224551,384;548,
push,297,1046,663,800.0,500.00000000000006,1300.0,2.224551;2.224551,548;548,
pop,298,696,653,700.0,,,2.181247;2.082692,117;463,
prune,298,0,696,800.0,,,2.30669;2.179818,201;469,obstacle:1
push,298,1047,696,800.0,400.00000000000006,1200.0,2.291759;2.179818,122;469,
prune,298,0,696,800.0,,,2.30669;2.179818,196;469,obstacle:1
prune,298,0,696,800.0,,,2.30669;2.250991,201;384,obstacle:1
push,298,1048,696,800.0,400.00000000000006,1200.0,2.291759;2.250991,122;384,
prune,298,0,696,800.0,,,2.30669;2.250991,196;384,obstacle:1
prune,298,0,696,800.0,,,2.30669;2.224551,201;548,obstacle:1
push,298,1049,696,800.0,500.00000000000006,1300.0,2.291759;2.224551,122;548,
prune,298,0,696,800.0,,,2.30669;2.224551,196;548,obstacle:1
pop,299,709,629,700.0,,,2.118258;2.082692,38;463,
push,299,1050,709,800.0,400.00000000000006,1200.0,2.224551;2.179818,44;469,
push,299,1051,709,800.0,400.00000000000006,1200.0,2.279351;2.179818,129;469,
push,299,1052,709,800.0,400.00000000000006,1200.0,2.224551;2.250991,44;384,
push,299,1053,709,800.0,400.00000000000006,1200.0,2.279351;2.250991,129;384,
push,299,1054,709,800.0,500.00000000000006,1300.0,2.224551;2.224551,44;548,
push,299,1055,709,800.0,500.00000000000006,1300.0,2.279351;2.224551,129;548,
pop,300,713,635,700.0,,,2.082692;2.082692,128;463,
push,300,1056,713,800.0,400.00000000000006,1200.0,0.887411;2.179818,134;469,
push,300,1057,713,800.0,400.00000000000006,1200.0,2.224551;2.179818,49;469,
push,300,1058,713,800.0,400.00000000000006,1200.0,2.24714;2.179818,213;469,
push,300,1059,713,800.0,400.00000000000006,1200.0,0.887411;2.250991,134;384,
push,300,1060,713,800.0,400.00000000000006,1200.0,2.224551;2.250991,49;384,
push,300,1061,713,800.0,400.00000000000006,1200.0,2.24714;2.250991,213;384,
push,300,1062,713,800.0,500.00000000000006,1300.0,0.887411;2.224551,134;548,
push,300,1063,713,800.0,500.00000000000006,1300.0,2.224551;2.224551,49;548,
push,300,1064,713,800.0,500.00000000000006,1300.0,2.24714;2.224551,213;548,
pop,301,717,640,700.0,,,2.155455;2.082692,172;463,
push,301,1065,717,800.0,400.00000000000006,1200.0,2.259707;2.179818,256;469,
push,301,1066,717,800.0,400.00000000000006,1200.0,2.297278;2.179818,260;469,
push,301,1067,717,800.0,400.00000000000006,1200.0,2.259707;2.250991,256;384,
push,301,1068,717,800.0,400.00000000000006,1200.0,2.297278;2.250991,260;384,
push,301,1069,717,800.0,500.00000000000006,1300.0,2.259707;2.224551,256;548,
push,301,1070,717,800.0,500.00000000000006,1300.0,2.297278;2.224551,260;548,
pop,302,714,635,700.0,,,2.118258;2.082692,43;463,
push,302,1071,714,800.0,400.00000000000006,1200.0,2.224551;2.179818,44;469,
push,302,1072,714,800.0,400.00000000000006,1200.0,2.224551;2.250991,44;384,
push,302,1073,714,800.0,500.00000000000006,1300.0,2.224551;2.224551,44;548,
pop,303,710,629,700.0,,,2.16683;2.082692,123;463,
prune,303,0,710,800.0,,,2.30669;2.179818,207;469,obstacle:1
push,303,1074,710,800.0,400.00000000000006,1200.0,2.279351;2.179818,128;469,
prune,303,0,710,800.0,,,2.28216;2.179818,202;469,obstacle:1
prune,303,0,710,800.0,,,2.30669;2.250991,207;384,obstacle:1
push,303,1075,710,800.0,400.00000000000006,1200.0,2.279351;2.250991,128;384,
prune,303,0,710,800.0,,,2.28216;2.250991,202;384,obstacle:1
prune,303,0,710,800.0,,,2.30669;2.224551,207;548,obstacle:1
push,303,1076,710,800.0,500.00000000000006,1300.0,2.279351;2.224551,128;548,
prune,303,0,710,800.0,,,2.28216;2.224551,202;548,obstacle:1
pop,304,699,654,700.0,,,2.181247;2.082692,116;463,
push,304,1077,699,800.0,400.00000000000006,1200.0,2.291759;2.179818,122;469,
push,304,1078,699,800.0,400.00000000000006,1200.0,2.30669;2.179818,37;469,
prune,304,0,699,800.0,,,2.30669;2.179818,201;469,obstacle:1
push,304,1079,699,800.0,400.00000000000006,1200.0,2.291759;2.250991,122;384,
push,304,1080,699,800.0,400.00000000000006,1200.0,2.30669;2.250991,37;384,
prune,304,0,699,800.0,,,2.30669;2.250991,201;384,obstacle:1
push,304,1081,699,800.0,500.00000000000006,1300.0,2.291759;2.224551,122;548,
push,304,1082,699,800.0,500.00000000000006,1300.0,2.30669;2.224551,37;548,
prune,304,0,699,800.0,,,2.30669;2.224551,201;548,obstacle:1
pop,305,703,650,700.0,,,2.155455;2.082692,172;463,
push,305,1083,703,800.0,400.00000000000006,1200.0,2.259707;2.179818,256;469,
push,305,1084,703,800.0,400.00000000000006,1200.0,2.297278;2.179818,260;469,
push,305,1085,703,800.0,400.00000000000006,1200.0,2.259707;2.250991,256;384,
push,305,1086,703,800.0,400.00000000000006,1200.0,2.297278;2.250991,260;384,
push,305,1087,703,800.0,500.00000000000006,1300.0,2.259707;2.224551,256;548,
push,305,1088,703,800.0,500.00000000000006,1300.0,2.297278;2.224551,260;548,
pop,306,705,650,700.0,,,2.16683;2.082692,89;463,
pop,307,704,650,700.0,,,2.184452;2.082692,177;463,
push,307,1089,704,800.0,400.00000000000006,1200.0,2.309401;2.179818,266;469,
push,307,1090,704,800.0,400.00000000000006,1200.0,2.30669;2.179818,182;469,
push,307,1091,704,800.0,400.00000000000006,1200.0,2.297278;2.179818,261;469,
push,307,1092,704,800.0,400.00000000000006,1200.0,2.309401;2.250991,266;384,
push,307,1093,704,800.0,400.00000000000006,1200.0,2.30669;2.250991,182;384,
push,307,1094,704,800.0,400.00000000000006,1200.0,2.297278;2.250991,261;384,
push,307,1095,704,800.0,500.00000000000006,1300.0,2.309401;2.224551,266;548,
push,307,1096,704,800.0,500.00000000000006,1300.0,2.30669;2.224551,182;548,
push,307,1097,704,800.0,500.00000000000006,1300.0,2.297278;2.224551,261;548,
pop,308,701,659,700.0,,,2.184452;2.082692,338;463,
push,308,1098,701,800.0,400.00000000000006,1200.0,2.309401;2.179818,428;469,
push,308,1099,701,800.0,400.00000000000006,1200.0,2.30669;2.179818,343;469,
push,308,1100,701,800.0,400.00000000000006,1200.0,2.297278;2.179818,423;469,
push,308,1101,701,800.0,400.00000000000006,1200.0,2.309401;2.250991,428;384,
push,308,1102,701,800.0,400.00000000000006,1200.0,2.30669;2.250991,343;384,
push,308,1103,701,800.0,400.00000000000006,1200.0,2.297278;2.250991,423;384,
push,308,1104,701,800.0,500.00000000000006,1300.0,2.309401;2.224551,428;548,
push,308,1105,701,800.0,500.00000000000006,1300.0,2.30669;2.224551,343;548,
push,308,1106,701,800.0,500.00000000000006,1300.0,2.297278;2.224551,423;548,
pop,309,675,526,700.0,,,2.181247;2.082692,116;463,
push,309,1107,675,800.0,400.00000000000006,1200.0,2.291759;2.179818,122;469,
push,309,1108,675,800.0,400.00000000000006,1200.0,2.30669;2.179818,37;469,
prune,309,0,675,800.0,,,2.30669;2.179818,201;469,obstacle:1
push,309,1109,675,800.0,400.00000000000006,1200.0,2.291759;2.250991,122;384,
push,309,1110,675,800.0,400.00000000000006,1200.0,2.30669;2.250991,37;384,
prune,309,0,675,800.0,,,2.30669;2.250991,201;384,obstacle:1
push,309,1111,675,800.0,500.00000000000006,1300.0,2.291759;2.224551,122;548,
push,309,1112,675,800.0,500.00000000000006,1300.0,2.30669;2.224551,37;548,
prune,309,0,675,800.0,,,2.30669;2.224551,201;548,obstacle:1
pop,310,685,646,700.0,,,2.16683;2.082692,122;463,
push,310,1113,685,800.0,400.00000000000006,1200.0,2.279351;2.179818,128;469,
push,310,1114,685,800.0,400.00000000000006,1200.0,2.28216;2.179818,43;469,
prune,310,0,685,800.0,,,2.30669;2.179818,207;469,obstacle:1
push,310,1115,685,800.0,400.00000000000006,1200.0,2.279351;2.250991,128;384,
push,310,1116,685,800.0,400.00000000000006,1200.0,2.28216;2.250991,43;384,
prune,310,0,685,800.0,,,2.30669;2.250991,207;384,obstacle:1
push,310,1117,685,800.0,500.00000000000006,1300.0,2.279351;2.224551,128;548,
push,310,1118,685,800.0,500.00000000000006,1300.0,2.28216;2.224551,43;548,
prune,310,0,685,800.0,,,2.30669;2.224551,207;548,obstacle:1
pop,311,690,660,700.0,,,2.184452;2.082692,339;463,
push,311,1119,690,800.0,400.00000000000006,1200.0,2.297278;2.179818,423;469,
push,311,1120,690,800.0,400.00000000000006,1200.0,2.309401;2.179818,428;469,
push,311,1121,690,800.0,400.00000000000006,1200.0,2.297278;2.250991,423;384,
push,311,1122,690,800.0,400.00000000000006,1200.0,2.309401;2.250991,428;384,
push,311,1123,690,800.0,500.00000000000006,1300.0,2.297278;2.224551,423;548,
push,311,1124,690,800.0,500.00000000000006,1300.0,2.309401;2.224551,428;548,
pop,312,693,649,700.0,,,2.16683;2.082692,88;463,
push,312,1125,693,800.0,400.00000000000006,1200.0,2.30669;2.179818,171;469,
push,312,1126,693,800.0,400.00000000000006,1200.0,2.30669;2.250991,171;384,
push,312,1127,693,800.0,500.00000000000006,1300.0,2.30669;2.224551,171;548,
pop,313,695,653,700.0,,,2.148767;2.082692,32;463,
push,313,1128,695,800.0,400.00000000000006,1200.0,2.250991;2.179818,38;469,
push,313,1129,695,800.0,400.00000000000006,1200.0,2.291759;2.179818,123;469,
push,313,1130,695,800.0,400.00000000000006,1200.0,2.250991;2.250991,38;384,
push,313,1131,695,800.0,400.00000000000006,1200.0,2.291759;2.250991,123;384,
push,313,1132,695,800.0,500.00000000000006,1300.0,2.250991;2.224551,38;548,
push,313,1133,695,800.0,500.00000000000006,1300.0,2.291759;2.224551,123;548,
pop,314,687,657,700.0,,,2.184452;2.082692,171;463,
push,314,1134,687,800.0,400.00000000000006,1200.0,2.297278;2.179818,260;469,
push,314,1135,687,800.0,400.00000000000006,1200.0,2.30669;2.179818,176;469,
push,314,1136,687,800.0,400.00000000000006,1200.0,2.309401;2.179818,256;469,
push,314,1137,687,800.0,400.00000000000006,1200.0,2.297278;2.250991,260;384,
push,314,1138,687,800.0,400.00000000000006,1200.0,2.30669;2.250991,176;384,
push,314,1139,687,800.0,400.00000000000006,1200.0,2.309401;2.250991,256;384,
push,314,1140,687,800.0,500.00000000000006,1300.0,2.297278;2.224551,260;548,
push,314,1141,687,800.0,500.00000000000006,1300.0,2.30669;2.224551,176;548,
push,314,1142,687,800.0,500.00000000000006,1300.0,2.309401;2.224551,256;548,
pop,315,689,660,700.0,,,2.184452;2.082692,344;463,
push,315,1143,689,800.0,400.00000000000006,1200.0,2.297278;2.179818,434;469,
push,315,1144,689,800.0,400.00000000000006,1200.0,2.30669;2.179818,349;469,
push,315,1145,689,800.0,400.00000000000006,1200.0,2.309401;2.179818,429;469,
push,315,1146,689,800.0,400.00000000000006,1200.0,2.297278;2.250991,434;384,
push,315,1147,689,800.0,400.00000000000006,1200.0,2.30669;2.250991,349;384,
push,315,1148,689,800.0,400.00000000000006,1200.0,2.309401;2.250991,429;384,
push,315,1149,689,800.0,500.00000000000006,1300.0,2.297278;2.224551,434;548,
push,315,1150,689,800.0,500.00000000000006,1300.0,2.30669;2.224551,349;548,
push,315,1151,689,800.0,500.00000000000006,1300.0,2.309401;2.224551,429;548,
pop,316,677,625,700.0,,,2.181247;2.082692,116;463,
push,316,1152,677,800.0,400.00000000000006,1200.0,2.291759;2.179818,122;469,
push,316,1153,677,800.0,400.00000000000006,1200.0,2.30669;2.179818,37;469,
prune,316,0,677,800.0,,,2.30669;2.179818,201;469,obstacle:1
push,316,1154,677,800.0,400.00000000000006,1200.0,2.291759;2.250991,122;384,
push,316,1155,677,800.0,400.00000000000006,1200.0,2.30669;2.250991,37;384,
prune,316,0,677,800.0,,,2.30669;2.250991,201;384,obstacle:1
push,316,1156,677,800.0,500.00000000000006,1300.0,2.291759;2.224551,122;548,
push,316,1157,677,800.0,500.00000000000006,1300.0,2.30669;2.224551,37;548,
prune,316,0,677,800.0,,,2.30669;2.224551,201;548,obstacle:1
pop,317,678,625,700.0,,,2.184452;2.082692,31;463,
push,317,1158,678,800.0,400.00000000000006,1200.0,2.30669;2.179818,32;469,
push,317,1159,678,800.0,400.00000000000006,1200.0,2.30669;2.250991,32;384,
push,317,1160,678,800.0,500.00000000000006,1300.0,2.30669;2.224551,32;548,
pop,318,681,626,700.0,,,2.158776;2.082692,267;463,
push,318,1161,681,800.0,400.00000000000006,1200.0,2.262591;2.179818,345;469,
push,318,1162,681,800.0,400.00000000000006,1200.0,2.287749;2.179818,350;469,
push,318,1163,681,800.0,400.00000000000006,1200.0,2.297278;2.179818,262;469,
push,318,1164,681,800.0,400.00000000000006,1200.0,2.262591;2.250991,345;384,
push,318,1165,681,800.0,400.00000000000006,1200.0,2.287749;2.250991,350;384,
push,318,1166,681,800.0,400.00000000000006,1200.0,2.297278;2.250991,262;384,
push,318,1167,681,800.0,500.00000000000006,1300.0,2.262591;2.224551,345;548,
push,318,1168,681,800.0,500.00000000000006,1300.0,2.287749;2.224551,350;548,
push,318,1169,681,800.0,500.00000000000006,1300.0,2.297278;2.224551,262;548,
pop,319,682,626,700.0,,,2.184452;2.082692,179;463,
push,319,1170,682,800.0,400.00000000000006,1200.0,2.30669;2.179818,173;469,
push,319,1171,682,800.0,400.00000000000006,1200.0,2.297278;2.179818,261;469,
push,319,1172,682,800.0,400.00000000000006,1200.0,2.30669;2.250991,173;384,
push,319,1173,682,800.0,400.00000000000006,1200.0,2.297278;2.250991,261;384,
push,319,1174,682,800.0,500.00000000000006,1300.0,2.30669;2.224551,173;548,
push,319,1175,682,800.0,500.00000000000006,1300.0,2.297278;2.224551,261;548,
pop,320,993,587,700.0,,,2.173353;2.082692,260;463,
push,320,1176,993,800.0,400.00000000000006,1200.0,2.287749;2.179818,344;469,
push,320,1177,993,800.0,400.00000000000006,1200.0,2.309401;2.179818,265;469,
push,320,1178,993,800.0,400.00000000000006,1200.0,2.287749;2.179818,339;469,
push,320,1179,993,800.0,400.00000000000006,1200.0,2.287749;2.250991,344;384,
push,320,1180,993,800.0,400.00000000000006,1200.0,2.309401;2.250991,265;384,
push,320,1181,993,800.0,400.00000000000006,1200.0,2.287749;2.250991,339;384,
push,320,1182,993,800.0,500.00000000000006,1300.0,2.287749;2.224551,344;548,
push,320,1183,993,800.0,500.00000000000006,1300.0,2.309401;2.224551,265;548,
push,320,1184,993,800.0,500.00000000000006,1300.0,2.287749;2.224551,339;548,
pop,321,994,587,700.0,,,2.184452;2.082692,176;463,
push,321,1185,994,800.0,400.00000000000006,1200.0,2.30669;2.179818,182;469,
push,321,1186,994,800.0,400.00000000000006,1200.0,2.309401;2.179818,266;469,
push,321,1187,994,800.0,400.00000000000006,1200.0,2.30669;2.250991,182;384,
push,321,1188,994,800.0,400.00000000000006,1200.0,2.309401;2.250991,266;384,
push,321,1189,994,800.0,500.00000000000006,1300.0,2.30669;2.224551,182;548,
push,321,1190,994,800.0,500.00000000000006,1300.0,2.309401;2.224551,266;548,
pop,322,995,587,700.0,,,2.158776;2.082692,256;463,
push,322,1191,995,800.0,400.00000000000006,1200.0,2.287749;2.179818,338;469,
push,322,1192,995,800.0,400.00000000000006,1200.0,2.287749;2.250991,338;384,
push,322,1193,995,800.0,500.00000000000006,1300.0,2.287749;2.224551,338;548,
pop,323,999,456,700.0,,,2.082692;2.082692,463;463,
push,323,1194,999,800.0,400.00000000000006,1200.0,2.179818;2.179818,469;469,
push,323,1195,999,800.0,400.00000000000006,1200.0,2.250991;2.179818,384;469,
push,323,1196,999,800.0,400.00000000000006,1200.0,2.224551;2.179818,548;469,
push,323,1197,999,800.0,400.00000000000006,1200.0,2.179818;2.250991,469;384,
push,323,1198,999,800.0,400.00000000000006,1200.0,2.250991;2.250991,384;384,
push,323,1199,999,800.0,400.00000000000006,1200.0,2.224551;2.250991,548;384,
push,323,1200,999,800.0,500.00000000000006,1300.0,2.179818;2.224551,469;548,
push,323,1201,999,800.0,500.00000000000006,1300.0,2.250991;2.224551,384;548,
push,323,1202,999,800.0,500.00000000000006,1300.0,2.224551;2.224551,548;548,
pop,324,1000,456,700.0,,,2.118258;2.082692,542;463,
push,324,1203,1000,800.0,400.00000000000006,1200.0,2.224551;2.179818,547;469,
push,324,1204,1000,800.0,400.00000000000006,1200.0,2.224551;2.250991,547;384,
push,324,1205,1000,800.0,500.00000000000006,1300.0,2.224551;2.224551,547;548,
pop,325,1003,459,700.0,,,2.082692;2.082692,463;463,
push,325,1206,1003,800.0,400.00000000000006,1200.0,2.179818;2.179818,469;469,
push,325,1207,1003,800.0,400.00000000000006,1200.0,2.250991;2.179818,384;469,
push,325,1208,1003,800.0,400.00000000000006,1200.0,2.224551;2.179818,548;469,
push,325,1209,1003,800.0,400.00000000000006,1200.0,2.179818;2.250991,469;384,
push,325,1210,1003,800.0,400.00000000000006,1200.0,2.250991;2.250991,384;384,
push,325,1211,1003,800.0,400.00000000000006,1200.0,2.224551;2.250991,548;384,
push,325,1212,1003,800.0,500.00000000000006,1300.0,2.179818;2.224551,469;548,
push,325,1213,1003,800.0,500.00000000000006,1300.0,2.250991;2.224551,384;548,
push,325,1214,1003,800.0,500.00000000000006,1300.0,2.224551;2.224551,548;548,
pop,326,1007,453,700.0,,,2.082692;2.082692,463;463,
push,326,1215,1007,800.0,400.00000000000006,1200.0,2.179818;2.179818,469;469,
push,326,1216,1007,800.0,400.00000000000006,1200.0,2.250991;2.179818,384;469,
push,326,1217,1007,800.0,400.00000000000006,1200.0,2.224551;2.179818,548;469,
push,326,1218,1007,800.0,400.00000000000006,1200.0,2.179818;2.250991,469;384,
push,326,1219,1007,800.0,400.00000000000006,1200.0,2.250991;2.250991,384;384,
push,326,1220,1007,800.0,400.00000000000006,1200.0,2.224551;2.250991,548;384,
push,326,1221,1007,800.0,500.00000000000006,1300.0,2.179818;2.224551,469;548,
push,326,1222,1007,800.0,500.00000000000006,1300.0,2.250991;2.224551,384;548,
push,326,1223,1007,800.0,500.00000000000006,1300.0,2.224551;2.224551,548;548,
pop,327,1008,453,700.0,,,2.118258;2.082692,542;463,
push,327,1224,1008,800.0,400.00000000000006,1200.0,2.224551;2.179818,547;469,
push,327,1225,1008,800.0,400.00000000000006,1200.0,2.224551;2.250991,547;384,
push,327,1226,1008,800.0,500.00000000000006,1300.0,2.224551;2.224551,547;548,
pop,328,1004,459,700.0,,,2.118258;2.082692,542;463,
push,328,1227,1004,800.0,400.00000000000006,1200.0,2.224551;2.179818,547;469,
push,328,1228,1004,800.0,400.00000000000006,1200.0,2.224551;2.250991,547;384,
push,328,1229,1004,800.0,500.00000000000006,1300.0,2.224551;2.224551,547;548,
pop,329,969,487,700.0,,,2.16683;2.082692,89;463,
pop,330,981,478,700.0,,,2.16683;2.082692,122;463,
push,330,1230,981,800.0,400.00000000000006,1200.0,2.279351;2.179818,128;469,
push,330,1231,981,800.0,400.00000000000006,1200.0,2.28216;2.179818,43;469,
prune,330,0,981,800.0,,,2.30669;2.179818,207;469,obstacle:1
push,330,1232,981,800.0,400.00000000000006,1200.0,2.279351;2.250991,128;384,
push,330,1233,981,800.0,400.00000000000006,1200.0,2.28216;2.250991,43;384,
prune,330,0,981,800.0,,,2.30669;2.250991,207;384,obstacle:1
push,330,1234,981,800.0,500.00000000000006,1300.0,2.279351;2.224551,128;548,
push,330,1235,981,800.0,500.00000000000006,1300.0,2.28216;2.224551,43;548,
prune,330,0,981,800.0,,,2.30669;2.224551,207;548,obstacle:1
pop,331,982,478,700.0,,,2.155455;2.082692,37;463,
push,331,1236,982,800.0,400.00000000000006,1200.0,2.28216;2.179818,38;469,
push,331,1237,982,800.0,400.00000000000006,1200.0,2.28216;2.250991,38;384,
push,331,1238,982,800.0,500.00000000000006,1300.0,2.28216;2.224551,38;548,
pop,332,985,475,700.0,,,2.16683;2.082692,122;463,
push,332,1239,985,800.0,400.00000000000006,1200.0,2.279351;2.179818,128;469,
push,332,1240,985,800.0,400.00000000000006,1200.0,2.28216;2.179818,43;469,
prune,332,0,985,800.0,,,2.30669;2.179818,207;469,obstacle:1
push,332,1241,985,800.0,400.00000000000006,1200.0,2.279351;2.250991,128;384,
push,332,1242,985,800.0,400.00000000000006,1200.0,2.28216;2.250991,43;384,
prune,332,0,985,800.0,,,2.30669;2.250991,207;384,obstacle:1
push,332,1243,985,800.0,500.00000000000006,1300.0,2.279351;2.224551,128;548,
push,332,1244,985,800.0,500.00000000000006,1300.0,2.28216;2.224551,43;548,
prune,332,0,985,800.0,,,2.30669;2.224551,207;548,obstacle:1
pop,333,989,472,700.0,,,2.118258;2.082692,38;463,
push,333,1245,989,800.0,400.00000000000006,1200.0,2.224551;2.179818,44;469,
push,333,1246,989,800.0,400.00000000000006,1200.0,2.279351;2.179818,129;469,
push,333,1247,989,800.0,400.00000000000006,1200.0,2.224551;2.250991,44;384,
push,333,1248,989,800.0,400.00000000000006,1200.0,2.279351;2.250991,129;384,
push,333,1249,989,800.0,500.00000000000006,1300.0,2.224551;2.224551,44;548,
push,333,1250,989,800.0,500.00000000000006,1300.0,2.279351;2.224551,129;548,
pop,334,990,472,700.0,,,2.16683;2.082692,123;463,
prune,334,0,990,800.0,,,2.30669;2.179818,207;469,obstacle:1
push,334,1251,990,800.0,400.00000000000006,1200.0,2.279351;2.179818,128;469,
prune,334,0,990,800.0,,,2.28216;2.179818,202;469,obstacle:1
prune,334,0,990,800.0,,,2.30669;2.250991,207;384,obstacle:1
push,334,1252,990,800.0,400.00000000000006,1200.0,2.279351;2.250991,128;384,
prune,334,0,990,800.0,,,2.28216;2.250991,202;384,obstacle:1
prune,334,0,990,800.0,,,2.30669;2.224551,207;548,obstacle:1
push,334,1253,990,800.0,500.00000000000006,1300.0,2.279351;2.224551,128;548,
prune,334,0,990,800.0,,,2.28216;2.224551,202;548,obstacle:1
pop,335,987,469,700.0,,,2.118258;2.082692,38;463,
push,335,1254,987,800.0,400.00000000000006,1200.0,2.224551;2.179818,44;469,
push,335,1255,987,800.0,400.00000000000006,1200.0,2.279351;2.179818,129;469,
push,335,1256,987,800.0,400.00000000000006,1200.0,2.224551;2.250991,44;384,
push,335,1257,987,800.0,400.00000000000006,1200.0,2.279351;2.250991,129;384,
push,335,1258,987,800.0,500.00000000000006,1300.0,2.224551;2.224551,44;548,
push,335,1259,987,800.0,500.00000000000006,1300.0,2.279351;2.224551,129;548,
pop,336,973,468,700.0,,,2.082692;2.082692,128;463,
push,336,1260,973,800.0,400.00000000000006,1200.0,0.887411;2.179818,134;469,
push,336,1261,973,800.0,400.00000000000006,1200.0,2.224551;2.179818,49;469,
push,336,1262,973,800.0,400.00000000000006,1200.0,2.24714;2.179818,213;469,
push,336,1263,973,800.0,400.00000000000006,1200.0,0.887411;2.250991,134;384,
push,336,1264,973,800.0,400.00000000000006,1200.0,2.224551;2.250991,49;384,
push,336,1265,973,800.0,400.00000000000006,1200.0,2.24714;2.250991,213;384,
push,336,1266,973,800.0,500.00000000000006,1300.0,0.887411;2.224551,134;548,
push,336,1267,973,800.0,500.00000000000006,1300.0,2.224551;2.224551,49;548,
push,336,1268,973,800.0,500.00000000000006,1300.0,2.24714;2.224551,213;548,
pop,337,974,468,700.0,,,2.118258;2.082692,43;463,
push,337,1269,974,800.0,400.00000000000006,1200.0,2.224551;2.179818,44;469,
push,337,1270,974,800.0,400.00000000000006,1200.0,2.224551;2.250991,44;384,
push,337,1271,974,800.0,500.00000000000006,1300.0,2.224551;2.224551,44;548,
pop,338,977,474,700.0,,,2.118258;2.082692,38;463,
push,338,1272,977,800.0,400.00000000000006,1200.0,2.224551;2.179818,44;469,
push,338,1273,977,800.0,400.00000000000006,1200.0,2.279351;2.179818,129;469,
push,338,1274,977,800.0,400.00000000000006,1200.0,2.224551;2.250991,44;384,
push,338,1275,977,800.0,400.00000000000006,1200.0,2.279351;2.250991,129;384,
push,338,1276,977,800.0,500.00000000000006,1300.0,2.224551;2.224551,44;548,
push,338,1277,977,800.0,500.00000000000006,1300.0,2.279351;2.224551,129;548,
pop,339,978,474,700.0,,,2.16683;2.082692,123;463,
prune,339,0,978,800.0,,,2.30669;2.179818,207;469,obstacle:1
push,339,1278,978,800.0,400.00000000000006,1200.0,2.279351;2.179818,128;469,
prune,339,0,978,800.0,,,2.28216;2.179818,202;469,obstacle:1
prune,339,0,978,800.0,,,2.30669;2.250991,207;384,obstacle:1
push,339,1279,978,800.0,400.00000000000006,1200.0,2.279351;2.250991,128;384,
prune,339,0,978,800.0,,,2.28216;2.250991,202;384,obstacle:1
prune,339,0,978,800.0,,,2.30669;2.224551,207;548,obstacle:1
push,339,1280,978,800.0,500.00000000000006,1300.0,2.279351;2.224551,128;548,
prune,339,0,978,800.0,,,2.28216;2.224551,202;548,obstacle:1
pop,340,964,490,700.0,,,2.16683;2.082692,123;463,
prune,340,0,964,800.0,,,2.30669;2.179818,207;469,obstacle:1
push,340,1281,964,800.0,400.00000000000006,1200.0,2.279351;2.179818,128;469,
prune,340,0,964,800.0,,,2.28216;2.179818,202;469,obstacle:1
prune,340,0,964,800.0,,,2.30669;2.250991,207;384,obstacle:1
push,340,1282,964,800.0,400.00000000000006,1200.0,2.279351;2.250991,128;384,
prune,340,0,964,800.0,,,2.28216;2.250991,202;384,obstacle:1
prune,340,0,964,800.0,,,2.30669;2.224551,207;548,obstacle:1
push,340,1283,964,800.0,500.00000000000006,1300.0,2.279351;2.224551,128;548,
prune,340,0,964,800.0,,,2.28216;2.224551,202;548,obstacle:1
pop,341,967,487,700.0,,,2.155455;2.082692,172;463,
push,341,1284,967,800.0,400.00000000000006,1200.0,2.259707;2.179818,256;469,
push,341,1285,967,800.0,400.00000000000006,1200.0,2.297278;2.179818,260;469,
push,341,1286,967,800.0,400.00000000000006,1200.0,2.259707;2.250991,256;384,
push,341,1287,967,800.0,400.00000000000006,1200.0,2.297278;2.250991,260;384,
push,341,1288,967,800.0,500.00000000000006,1300.0,2.259707;2.224551,256;548,
push,341,1289,967,800.0,500.00000000000006,1300.0,2.297278;2.224551,260;548,
pop,342,968,487,700.0,,,2.184452;2.082692,177;463,
push,342,1290,968,800.0,400.00000000000006,1200.0,2.309401;2.179818,266;469,
push,342,1291,968,800.0,400.00000000000006,1200.0,2.297278;2.179818,261;469,
push,342,1292,968,800.0,400.00000000000006,1200.0,2.309401;2.250991,266;384,
push,342,1293,968,800.0,400.00000000000006,1200.0,2.297278;2.250991,261;384,
push,342,1294,968,800.0,500.00000000000006,1300.0,2.309401;2.224551,266;548,
push,342,1295,968,800.0,500.00000000000006,1300.0,2.297278;2.224551,261;548,
pop,343,961,486,700.0,,,2.16683;2.082692,88;463,
push,343,1296,961,800.0,400.00000000000006,1200.0,2.30669;2.179818,171;469,
push,343,1297,961,800.0,400.00000000000006,1200.0,2.30669;2.250991,171;384,
push,343,1298,961,800.0,500.00000000000006,1300.0,2.30669;2.224551,171;548,
pop,344,963,490,700.0,,,2.118258;2.082692,38;463,
push,344,1299,963,800.0,400.00000000000006,1200.0,2.224551;2.179818,44;469,
push,344,1300,963,800.0,400.00000000000006,1200.0,2.279351;2.179818,129;469,
push,344,1301,963,800.0,400.00000000000006,1200.0,2.224551;2.250991,44;384,
push,344,1302,963,800.0,400.00000000000006,1200.0,2.279351;2.250991,129;384,
push,344,1303,963,800.0,500.00000000000006,1300.0,2.224551;2.224551,44;548,
push,344,1304,963,800.0,500.00000000000006,1300.0,2.279351;2.224551,129;548,
pop,345,948,494,700.0,,,2.16683;2.082692,123;463,
prune,345,0,948,800.0,,,2.30669;2.179818,207;469,obstacle:1
push,345,1305,948,800.0,400.00000000000006,1200.0,2.279351;2.179818,128;469,
prune,345,0,948,800.0,,,2.28216;2.179818,202;469,obstacle:1
prune,345,0,948,800.0,,,2.30669;2.250991,207;384,obstacle:1
push,345,1306,948,800.0,400.00000000000006,1200.0,2.279351;2.250991,128;384,
prune,345,0,948,800.0,,,2.28216;2.250991,202;384,obstacle:1
prune,345,0,948,800.0,,,2.30669;2.224551,207;548,obstacle:1
push,345,1307,948,800.0,500.00000000000006,1300.0,2.279351;2.224551,128;548,
prune,345,0,948,800.0,,,2.28216;2.224551,202;548,obstacle:1
pop,346,955,484,700.0,,,2.173353;2.082692,260;463,
push,346,1308,955,800.0,400.00000000000006,1200.0,2.287749;2.179818,344;469,
push,346,1309,955,800.0,400.00000000000006,1200.0,2.309401;2.179818,265;469,
push,346,1310,955,800.0,400.00000000000006,1200.0,2.287749;2.179818,339;469,
push,346,1311,955,800.0,400.00000000000006,1200.0,2.287749;2.250991,344;384,
push,346,1312,955,800.0,400.00000000000006,1200.0,2.309401;2.250991,265;384,
push,346,1313,955,800.0,400.00000000000006,1200.0,2.287749;2.250991,339;384,
push,346,1314,955,800.0,500.00000000000006,1300.0,2.287749;2.224551,344;548,
push,346,1315,955,800.0,500.00000000000006,1300.0,2.309401;2.224551,265;548,
push,346,1316,955,800.0,500.00000000000006,1300.0,2.287749;2.224551,339;548,
pop,347,956,484,700.0,,,2.184452;2.082692,176;463,
push,347,1317,956,800.0,400.00000000000006,1200.0,2.30669;2.179818,182;469,
push,347,1318,956,800.0,400.00000000000006,1200.0,2.309401;2.179818,266;469,
push,347,1319,956,800.0,400.00000000000006,1200.0,2.30669;2.250991,182;384,
push,347,1320,956,800.0,400.00000000000006,1200.0,2.309401;2.250991,266;384,
push,347,1321,956,800.0,500.00000000000006,1300.0,2.30669;2.224551,182;548,
push,347,1322,956,800.0,500.00000000000006,1300.0,2.309401;2.224551,266;548,
pop,348,957,484,700.0,,,2.158776;2.082692,256;463,
push,348,1323,957,800.0,400.00000000000006,1200.0,2.287749;2.179818,338;469,
push,348,1324,957,800.0,400.00000000000006,1200.0,2.287749;2.250991,338;384,
push,348,1325,957,800.0,500.00000000000006,1300.0,2.287749;2.224551,338;548,
pop,349,951,496,700.0,,,2.082692;2.082692,128;463,
push,349,1326,951,800.0,400.00000000000006,1200.0,0.887411;2.179818,134;469,
push,349,1327,951,800.0,400.00000000000006,1200.0,2.224551;2.179818,49;469,
push,349,1328,951,800.0,400.00000000000006,1200.0,2.24714;2.179818,213;469,
push,349,1329,951,800.0,400.00000000000006,1200.0,0.887411;2.250991,134;384,
push,349,1330,951,800.0,400.00000000000006,1200.0,2.224551;2.250991,49;384,
push,349,1331,951,800.0,400.00000000000006,1200.0,2.24714;2.250991,213;384,
push,349,1332,951,800.0,500.00000000000006,1300.0,0.887411;2.224551,134;548,
push,349,1333,951,800.0,500.00000000000006,1300.0,2.224551;2.224551,49;548,
push,349,1334,951,800.0,500.00000000000006,1300.0,2.24714;2.224551,213;548,
pop,350,952,496,700.0,,,2.118258;2.082692,43;463,
push,350,1335,952,800.0,400.00000000000006,1200.0,2.224551;2.179818,44;469,
push,350,1336,952,800.0,400.00000000000006,1200.0,2.224551;2.250991,44;384,
push,350,1337,952,800.0,500.00000000000006,1300.0,2.224551;2.224551,44;548,
pop,351,925,505,700.0,,,2.158776;2.082692,267;463,
push,351,1338,925,800.0,400.00000000000006,1200.0,2.262591;2.179818,345;469,
push,351,1339,925,800.0,400.00000000000006,1200.0,2.287749;2.179818,350;469,
push,351,1340,925,800.0,400.00000000000006,1200.0,2.297278;2.179818,262;469,
push,351,1341,925,800.0,400.00000000000006,1200.0,2.262591;2.250991,345;384,
push,351,1342,925,800.0,400.00000000000006,1200.0,2.287749;2.250991,350;384,
push,351,1343,925,800.0,400.00000000000006,1200.0,2.297278;2.250991,262;384,
push,351,1344,925,800.0,500.00000000000006,1300.0,2.262591;2.224551,345;548,
push,351,1345,925,800.0,500.00000000000006,1300.0,2.287749;2.224551,350;548,
push,351,1346,925,800.0,500.00000000000006,1300.0,2.297278;2.224551,262;548,
pop,352,935,481,700.0,,,2.16683;2.082692,122;463,
push,352,1347,935,800.0,400.00000000000006,1200.0,2.279351;2.179818,128;469,
push,352,1348,935,800.0,400.00000000000006,1200.0,2.28216;2.179818,43;469,
prune,352,0,935,800.0,,,2.30669;2.179818,207;469,obstacle:1
push,352,1349,935,800.0,400.00000000000006,1200.0,2.279351;2.250991,128;384,
push,352,1350,935,800.0,400.00000000000006,1200.0,2.28216;2.250991,43;384,
prune,352,0,935,800.0,,,2.30669;2.250991,207;384,obstacle:1
push,352,1351,935,800.0,500.00000000000006,1300.0,2.279351;2.224551,128;548,
push,352,1352,935,800.0,500.00000000000006,1300.0,2.28216;2.224551,43;548,
prune,352,0,935,800.0,,,2.30669;2.224551,207;548,obstacle:1
pop,353,942,500,700.0,,,2.181247;2.082692,117;463,
prune,353,0,942,800.0,,,2.30669;2.179818,201;469,obstacle:1
push,353,1353,942,800.0,400.00000000000006,1200.0,2.291759;2.179818,122;469,
prune,353,0,942,800.0,,,2.30669;2.179818,196;469,obstacle:1
prune,353,0,942,800.0,,,2.30669;2.250991,201;384,obstacle:1
push,353,1354,942,800.0,400.00000000000006,1200.0,2.291759;2.250991,122;384,
prune,353,0,942,800.0,,,2.30669;2.250991,196;384,obstacle:1
prune,353,0,942,800.0,,,2.30669;2.224551,201;548,obstacle:1
push,353,1355,942,800.0,500.00000000000006,1300.0,2.291759;2.224551,122;548,
prune,353,0,942,800.0,,,2.30669;2.224551,196;548,obstacle:1
pop,354,945,501,700.0,,,2.181247;2.082692,116;463,
push,354,1356,945,800.0,400.00000000000006,1200.0,2.291759;2.179818,122;469,
push,354,1357,945,800.0,400.00000000000006,1200.0,2.30669;2.179818,37;469,
prune,354,0,945,800.0,,,2.30669;2.179818,201;469,obstacle:1
push,354,1358,945,800.0,400.00000000000006,1200.0,2.291759;2.250991,122;384,
push,354,1359,945,800.0,400.00000000000006,1200.0,2.30669;2.250991,37;384,
prune,354,0,945,800.0,,,2.30669;2.250991,201;384,obstacle:1
push,354,1360,945,800.0,500.00000000000006,1300.0,2.291759;2.224551,122;548,
push,354,1361,945,800.0,500.00000000000006,1300.0,2.30669;2.224551,37;548,
prune,354,0,945,800.0,,,2.30669;2.224551,201;548,obstacle:1
pop,355,947,494,700.0,,,2.118258;2.082692,38;463,
push,355,1362,947,800.0,400.00000000000006,1200.0,2.224551;2.179818,44;469,
push,355,1363,947,800.0,400.00000000000006,1200.0,2.279351;2.179818,129;469,
push,355,1364,947,800.0,400.00000000000006,1200.0,2.224551;2.250991,44;384,
push,355,1365,947,800.0,400.00000000000006,1200.0,2.279351;2.250991,129;384,
push,355,1366,947,800.0,500.00000000000006,1300.0,2.224551;2.224551,44;548,
push,355,1367,947,800.0,500.00000000000006,1300.0,2.279351;2.224551,129;548,
pop,356,937,491,700.0,,,2.16683;2.082692,122;463,
push,356,1368,937,800.0,400.00000000000006,1200.0,2.279351;2.179818,128;469,
push,356,1369,937,800.0,400.00000000000006,1200.0,2.28216;2.179818,43;469,
prune,356,0,937,800.0,,,2.30669;2.179818,207;469,obstacle:1
push,356,1370,937,800.0,400.00000000000006,1200.0,2.279351;2.250991,128;384,
push,356,1371,937,800.0,400.00000000000006,1200.0,2.28216;2.250991,43;384,
prune,356,0,937,800.0,,,2.30669;2.250991,207;384,obstacle:1
push,356,1372,937,800.0,500.00000000000006,1300.0,2.279351;2.224551,128;548,
push,356,1373,937,800.0,500.00000000000006,1300.0,2.28216;2.224551,43;548,
prune,356,0,937,800.0,,,2.30669;2.224551,207;548,obstacle:1
pop,357,939,497,700.0,,,2.118258;2.082692,38;463,
push,357,1374,939,800.0,400.00000000000006,1200.0,2.224551;2.179818,44;469,
push,357,1375,939,800.0,400.00000000000006,1200.0,2.279351;2.179818,129;469,
push,357,1376,939,800.0,400.00000000000006,1200.0,2.224551;2.250991,44;384,
push,357,1377,939,800.0,400.00000000000006,1200.0,2.279351;2.250991,129;384,
push,357,1378,939,800.0,500.00000000000006,1300.0,2.224551;2.224551,44;548,
push,357,1379,939,800.0,500.00000000000006,1300.0,2.279351;2.224551,129;548,
pop,358,941,500,700.0,,,2.148767;2.082692,32;463,
push,358,1380,941,800.0,400.00000000000006,1200.0,2.250991;2.179818,38;469,
push,358,1381,941,800.0,400.00000000000006,1200.0,2.291759;2.179818,123;469,
push,358,1382,941,800.0,400.00000000000006,1200.0,2.250991;2.250991,38;384,
push,358,1383,941,800.0,400.00000000000006,1200.0,2.291759;2.250991,123;384,
push,358,1384,941,800.0,500.00000000000006,1300.0,2.250991;2.224551,38;548,
push,358,1385,941,800.0,500.00000000000006,1300.0,2.291759;2.224551,123;548,
pop,359,926,505,700.0,,,2.184452;2.082692,179;463,
push,359,1386,926,800.0,400.00000000000006,1200.0,2.30669;2.179818,173;469,
push,359,1387,926,800.0,400.00000000000006,1200.0,2.297278;2.179818,261;469,
push,359,1388,926,800.0,400.00000000000006,1200.0,2.30669;2.250991,173;384,
push,359,1389,926,800.0,400.00000000000006,1200.0,2.297278;2.250991,261;384,
push,359,1390,926,800.0,500.00000000000006,1300.0,2.30669;2.224551,173;548,
push,359,1391,926,800.0,500.00000000000006,1300.0,2.297278;2.224551,261;548,
pop,360,929,512,700.0,,,2.118258;2.082692,38;463,
push,360,1392,929,800.0,400.00000000000006,1200.0,2.224551;2.179818,44;469,
push,360,1393,929,800.0,400.00000000000006,1200.0,2.279351;2.179818,129;469,
push,360,1394,929,800.0,400.00000000000006,1200.0,2.224551;2.250991,44;384,
push,360,1395,929,800.0,400.00000000000006,1200.0,2.279351;2.250991,129;384,
push,360,1396,929,800.0,500.00000000000006,1300.0,2.224551;2.224551,44;548,
push,360,1397,929,800.0,500.00000000000006,1300.0,2.279351;2.224551,129;548,
pop,361,932,511,700.0,,,2.118258;2.082692,43;463,
push,361,1398,932,800.0,400.00000000000006,1200.0,2.224551;2.179818,44;469,
push,361,1399,932,800.0,400.00000000000006,1200.0,2.224551;2.250991,44;384,
push,361,1400,932,800.0,500.00000000000006,1300.0,2.224551;2.224551,44;548,
pop,362,931,511,700.0,,,2.082692;2.082692,128;463,
push,362,1401,931,800.0,400.00000000000006,1200.0,0.887411;2.179818,134;469,
push,362,1402,931,800.0,400.00000000000006,1200.0,2.224551;2.179818,49;469,
push,362,1403,931,800.0,400.00000000000006,1200.0,2.24714;2.179818,213;469,
push,362,1404,931,800.0,400.00000000000006,1200.0,0.887411;2.250991,134;384,
push,362,1405,931,800.0,400.00000000000006,1200.0,2.224551;2.250991,49;384,
push,362,1406,931,800.0,400.00000000000006,1200.0,2.24714;2.250991,213;384,
push,362,1407,931,800.0,500.00000000000006,1300.0,0.887411;2.224551,134;548,
push,362,1408,931,800.0,500.00000000000006,1300.0,2.224551;2.224551,49;548,
push,362,1409,931,800.0,500.00000000000006,1300.0,2.24714;2.224551,213;548,
pop,363,902,521,700.0,,,2.16683;2.082692,123;463,
prune,363,0,902,800.0,,,2.30669;2.179818,207;469,obstacle:1
push,363,1410,902,800.0,400.00000000000006,1200.0,2.279351;2.179818,128;469,
prune,363,0,902,800.0,,,2.28216;2.179818,202;469,obstacle:1
prune,363,0,902,800.0,,,2.30669;2.250991,207;384,obstacle:1
push,363,1411,902,800.0,400.00000000000006,1200.0,2.279351;2.250991,128;384,
prune,363,0,902,800.0,,,2.28216;2.250991,202;384,obstacle:1
prune,363,0,902,800.0,,,2.30669;2.224551,207;548,obstacle:1
push,363,1412,902,800.0,500.00000000000006,1300.0,2.279351;2.224551,128;548,
prune,363,0,902,800.0,,,2.28216;2.224551,202;548,obstacle:1
pop,364,913,516,700.0,,,2.16683;2.082692,89;463,
pop,365,918,519,700.0,,,2.16683;2.082692,123;463,
prune,365,0,918,800.0,,,2.30669;2.179818,207;469,obstacle:1
push,365,1413,918,800.0,400.00000000000006,1200.0,2.279351;2.179818,128;469,
prune,365,0,918,800.0,,,2.28216;2.179818,202;469,obstacle:1
prune,365,0,918,800.0,,,2.30669;2.250991,207;384,obstacle:1
push,365,1414,918,800.0,400.00000000000006,1200.0,2.279351;2.250991,128;384,
prune,365,0,918,800.0,,,2.28216;2.250991,202;384,obstacle:1
prune,365,0,918,800.0,,,2.30669;2.224551,207;548,obstacle:1
push,365,1415,918,800.0,500.00000000000006,1300.0,2.279351;2.224551,128;548,
prune,365,0,918,800.0,,,2.28216;2.224551,202;548,obstacle:1
pop,366,921,504,700.0,,,2.181247;2.082692,116;463,
push,366,1416,921,800.0,400.00000000000006,1200.0,2.291759;2.179818,122;469,
push,366,1417,921,800.0,400.00000000000006,1200.0,2.30669;2.179818,37;469,
prune,366,0,921,800.0,,,2.30669;2.179818,201;469,obstacle:1
push,366,1418,921,800.0,400.00000000000006,1200.0,2.291759;2.250991,122;384,
push,366,1419,921,800.0,400.00000000000006,1200.0,2.30669;2.250991,37;384,
prune,366,0,921,800.0,,,2.30669;2.250991,201;384,obstacle:1
push,366,1420,921,800.0,500.00000000000006,1300.0,2.291759;2.224551,122;548,
push,366,1421,921,800.0,500.00000000000006,1300.0,2.30669;2.224551,37;548,
prune,366,0,921,800.0,,,2.30669;2.224551,201;548,obstacle:1
pop,367,922,504,700.0,,,2.184452;2.082692,31;463,
push,367,1422,922,800.0,400.00000000000006,1200.0,2.30669;2.179818,32;469,
push,367,1423,922,800.0,400.00000000000006,1200.0,2.30669;2.250991,32;384,
push,367,1424,922,800.0,500.00000000000006,1300.0,2.30669;2.224551,32;548,
pop,368,917,519,700.0,,,2.118258;2.082692,38;463,
push,368,1425,917,800.0,400.00000000000006,1200.0,2.224551;2.179818,44;469,
push,368,1426,917,800.0,400.00000000000006,1200.0,2.279351;2.179818,129;469,
push,368,1427,917,800.0,400.00000000000006,1200.0,2.224551;2.250991,44;384,
push,368,1428,917,800.0,400.00000000000006,1200.0,2.279351;2.250991,129;384,
push,368,1429,917,800.0,500.00000000000006,1300.0,2.224551;2.224551,44;548,
push,368,1430,917,800.0,500.00000000000006,1300.0,2.279351;2.224551,129;548,
pop,369,905,525,700.0,,,2.148767;2.082692,32;463,
push,369,1431,905,800.0,400.00000000000006,1200.0,2.250991;2.179818,38;469,
push,369,1432,905,800.0,400.00000000000006,1200.0,2.291759;2.179818,123;469,
push,369,1433,905,800.0,400.00000000000006,1200.0,2.250991;2.250991,38;384,
push,369,1434,905,800.0,400.00000000000006,1200.0,2.291759;2.250991,123;384,
push,369,1435,905,800.0,500.00000000000006,1300.0,2.250991;2.224551,38;548,
push,369,1436,905,800.0,500.00000000000006,1300.0,2.291759;2.224551,123;548,
pop,370,909,522,700.0,,,2.16683;2.082692,122;463,
push,370,1437,909,800.0,400.00000000000006,1200.0,2.279351;2.179818,128;469,
push,370,1438,909,800.0,400.00000000000006,1200.0,2.28216;2.179818,43;469,
prune,370,0,909,800.0,,,2.30669;2.179818,207;469,obstacle:1
push,370,1439,909,800.0,400.00000000000006,1200.0,2.279351;2.250991,128;384,
push,370,1440,909,800.0,400.00000000000006,1200.0,2.28216;2.250991,43;384,
prune,370,0,909,800.0,,,2.30669;2.250991,207;384,obstacle:1
push,370,1441,909,800.0,500.00000000000006,1300.0,2.279351;2.224551,128;548,
push,370,1442,909,800.0,500.00000000000006,1300.0,2.28216;2.224551,43;548,
prune,370,0,909,800.0,,,2.30669;2.224551,207;548,obstacle:1
pop,371,911,516,700.0,,,2.155455;2.082692,172;463,
push,371,1443,911,800.0,400.00000000000006,1200.0,2.259707;2.179818,256;469,
push,371,1444,911,800.0,400.00000000000006,1200.0,2.297278;2.179818,260;469,
push,371,1445,911,800.0,400.00000000000006,1200.0,2.259707;2.250991,256;384,
push,371,1446,911,800.0,400.00000000000006,1200.0,2.297278;2.250991,260;384,
push,371,1447,911,800.0,500.00000000000006,1300.0,2.259707;2.224551,256;548,
push,371,1448,911,800.0,500.00000000000006,1300.0,2.297278;2.224551,260;548,
pop,372,912,516,700.0,,,2.184452;2.082692,177;463,
push,372,1449,912,800.0,400.00000000000006,1200.0,2.309401;2.179818,266;469,
push,372,1450,912,800.0,400.00000000000006,1200.0,2.30669;2.179818,182;469,
push,372,1451,912,800.0,400.00000000000006,1200.0,2.297278;2.179818,261;469,
push,372,1452,912,800.0,400.00000000000006,1200.0,2.309401;2.250991,266;384,
push,372,1453,912,800.0,400.00000000000006,1200.0,2.30669;2.250991,182;384,
push,372,1454,912,800.0,400.00000000000006,1200.0,2.297278;2.250991,261;384,
push,372,1455,912,800.0,500.00000000000006,1300.0,2.309401;2.224551,266;548,
push,372,1456,912,800.0,500.00000000000006,1300.0,2.30669;2.224551,182;548,
push,372,1457,912,800.0,500.00000000000006,1300.0,2.297278;2.224551,261;548,
pop,373,906,525,700.0,,,2.181247;2.082692,117;463,
prune,373,0,906,800.0,,,2.30669;2.179818,201;469,obstacle:1
push,373,1458,906,800.0,400.00000000000006,1200.0,2.291759;2.179818,122;469,
prune,373,0,906,800.0,,,2.30669;2.179818,196;469,obstacle:1
prune,373,0,906,800.0,,,2.30669;2.250991,201;384,obstacle:1
push,373,1459,906,800.0,400.00000000000006,1200.0,2.291759;2.250991,122;384,
prune,373,0,906,800.0,,,2.30669;2.250991,196;384,obstacle:1
prune,373,0,906,800.0,,,2.30669;2.224551,201;548,obstacle:1
push,373,1460,906,800.0,500.00000000000006,1300.0,2.291759;2.224551,122;548,
prune,373,0,906,800.0,,,2.30669;2.224551,196;548,obstacle:1
pop,374,811,581,700.0,,,2.16683;2.082692,122;463,
push,374,1461,811,800.0,400.00000000000006,1200.0,2.279351;2.179818,128;469,
push,374,1462,811,800.0,400.00000000000006,1200.0,2.28216;2.179818,43;469,
prune,374,0,811,800.0,,,2.30669;2.179818,207;469,obstacle:1
push,374,1463,811,800.0,400.00000000000006,1200.0,2.279351;2.250991,128;384,
push,374,1464,811,800.0,400.00000000000006,1200.0,2.28216;2.250991,43;384,
prune,374,0,811,800.0,,,2.30669;2.250991,207;384,obstacle:1
push,374,1465,811,800.0,500.00000000000006,1300.0,2.279351;2.224551,128;548,
push,374,1466,811,800.0,500.00000000000006,1300.0,2.28216;2.224551,43;548,
prune,374,0,811,800.0,,,2.30669;2.224551,207;548,obstacle:1
pop,375,857,558,700.0,,,2.16683;2.082692,122;463,
push,375,1467,857,800.0,400.00000000000006,1200.0,2.279351;2.179818,128;469,
push,375,1468,857,800.0,400.00000000000006,1200.0,2.28216;2.179818,43;469,
prune,375,0,857,800.0,,,2.30669;2.179818,207;469,obstacle:1
push,375,1469,857,800.0,400.00000000000006,1200.0,2.279351;2.250991,128;384,
push,375,1470,857,800.0,400.00000000000006,1200.0,2.28216;2.250991,43;384,
prune,375,0,857,800.0,,,2.30669;2.250991,207;384,obstacle:1
push,375,1471,857,800.0,500.00000000000006,1300.0,2.279351;2.224551,128;548,
push,375,1472,857,800.0,500.00000000000006,1300.0,2.28216;2.224551,43;548,
prune,375,0,857,800.0,,,2.30669;2.224551,207;548,obstacle:1
pop,376,881,540,700.0,,,2.155455;2.082692,172;463,
push,376,1473,881,800.0,400.00000000000006,1200.0,2.259707;2.179818,256;469,
push,376,1474,881,800.0,400.00000000000006,1200.0,2.297278;2.179818,260;469,
push,376,1475,881,800.0,400.00000000000006,1200.0,2.259707;2.250991,256;384,
push,376,1476,881,800.0,400.00000000000006,1200.0,2.297278;2.250991,260;384,
push,376,1477,881,800.0,500.00000000000006,1300.0,2.259707;2.224551,256;548,
push,376,1478,881,800.0,500.00000000000006,1300.0,2.297278;2.224551,260;548,
pop,377,890,533,700.0,,,2.118258;2.082692,43;463,
push,377,1479,890,800.0,400.00000000000006,1200.0,2.224551;2.179818,44;469,
push,377,1480,890,800.0,400.00000000000006,1200.0,2.224551;2.250991,44;384,
push,377,1481,890,800.0,500.00000000000006,1300.0,2.224551;2.224551,44;548,
pop,378,896,480,700.0,,,2.16683;2.082692,123;463,
prune,378,0,896,800.0,,,2.30669;2.179818,207;469,obstacle:1
push,378,1482,896,800.0,400.00000000000006,1200.0,2.279351;2.179818,128;469,
prune,378,0,896,800.0,,,2.28216;2.179818,202;469,obstacle:1
prune,378,0,896,800.0,,,2.30669;2.250991,207;384,obstacle:1
push,378,1483,896,800.0,400.00000000000006,1200.0,2.279351;2.250991,128;384,
prune,378,0,896,800.0,,,2.28216;2.250991,202;384,obstacle:1
prune,378,0,896,800.0,,,2.30669;2.224551,207;548,obstacle:1
push,378,1484,896,800.0,500.00000000000006,1300.0,2.279351;2.224551,128;548,
prune,378,0,896,800.0,,,2.28216;2.224551,202;548,obstacle:1
pop,379,899,515,700.0,,,2.16683;2.082692,88;463,
push,379,1485,899,800.0,400.00000000000006,1200.0,2.30669;2.179818,171;469,
push,379,1486,899,800.0,400.00000000000006,1200.0,2.30669;2.250991,171;384,
push,379,1487,899,800.0,500.00000000000006,1300.0,2.30669;2.224551,171;548,
pop,380,901,521,700.0,,,2.118258;2.082692,38;463,
push,380,1488,901,800.0,400.00000000000006,1200.0,2.224551;2.179818,44;469,
push,380,1489,901,800.0,400.00000000000006,1200.0,2.279351;2.179818,129;469,
push,380,1490,901,800.0,400.00000000000006,1200.0,2.224551;2.250991,44;384,
push,380,1491,901,800.0,400.00000000000006,1200.0,2.279351;2.250991,129;384,
push,380,1492,901,800.0,500.00000000000006,1300.0,2.224551;2.224551,44;548,
push,380,1493,901,800.0,500.00000000000006,1300.0,2.279351;2.224551,129;548,
pop,381,893,534,700.0,,,2.118258;2.082692,38;463,
push,381,1494,893,800.0,400.00000000000006,1200.0,2.224551;2.179818,44;469,
push,381,1495,893,800.0,400.00000000000006,1200.0,2.279351;2.179818,129;469,
push,381,1496,893,800.0,400.00000000000006,1200.0,2.224551;2.250991,44;384,
push,381,1497,893,800.0,400.00000000000006,1200.0,2.279351;2.250991,129;384,
push,381,1498,893,800.0,500.00000000000006,1300.0,2.224551;2.224551,44;548,
push,381,1499,893,800.0,500.00000000000006,1300.0,2.279351;2.224551,129;548,
pop,382,895,480,700.0,,,2.118258;2.082692,38;463,
push,382,1500,895,800.0,400.00000000000006,1200.0,2.224551;2.179818,44;469,
push,382,1501,895,800.0,400.00000000000006,1200.0,2.279351;2.179818,129;469,
push,382,1502,895,800.0,400.00000000000006,1200.0,2.224551;2.250991,44;384,
push,382,1503,895,800.0,400.00000000000006,1200.0,2.279351;2.250991,129;384,
push,382,1504,895,800.0,500.00000000000006,1300.0,2.224551;2.224551,44;548,
push,382,1505,895,800.0,500.00000000000006,1300.0,2.279351;2.224551,129;548,
pop,383,882,540,700.0,,,2.184452;2.082692,177;463,
push,383,1506,882,800.0,400.00000000000006,1200.0,2.309401;2.179818,266;469,
push,383,1507,882,800.0,400.00000000000006,1200.0,2.30669;2.179818,182;469,
push,383,1508,882,800.0,400.00000000000006,1200.0,2.297278;2.179818,261;469,
push,383,1509,882,800.0,400.00000000000006,1200.0,2.309401;2.250991,266;384,
push,383,1510,882,800.0,400.00000000000006,1200.0,2.30669;2.250991,182;384,
push,383,1511,882,800.0,400.00000000000006,1200.0,2.297278;2.250991,261;384,
push,383,1512,882,800.0,500.00000000000006,1300.0,2.309401;2.224551,266;548,
push,383,1513,882,800.0,500.00000000000006,1300.0,2.30669;2.224551,182;548,
push,383,1514,882,800.0,500.00000000000006,1300.0,2.297278;2.224551,261;548,
pop,384,887,543,700.0,,,2.184452;2.082692,338;463,
push,384,1515,887,800.0,400.00000000000006,1200.0,2.309401;2.179818,428;469,
push,384,1516,887,800.0,400.00000000000006,1200.0,2.30669;2.179818,343;469,
push,384,1517,887,800.0,400.00000000000006,1200.0,2.297278;2.179818,423;469,
push,384,1518,887,800.0,400.00000000000006,1200.0,2.309401;2.250991,428;384,
push,384,1519,887,800.0,400.00000000000006,1200.0,2.30669;2.250991,343;384,
push,384,1520,887,800.0,400.00000000000006,1200.0,2.297278;2.250991,423;384,
push,384,1521,887,800.0,500.00000000000006,1300.0,2.309401;2.224551,428;548,
push,384,1522,887,800.0,500.00000000000006,1300.0,2.30669;2.224551,343;548,
push,384,1523,887,800.0,500.00000000000006,1300.0,2.297278;2.224551,423;548,
pop,385,889,533,700.0,,,2.082692;2.082692,128;463,
push,385,1524,889,800.0,400.00000000000006,1200.0,0.887411;2.179818,134;469,
push,385,1525,889,800.0,400.00000000000006,1200.0,2.224551;2.179818,49;469,
push,385,1526,889,800.0,400.00000000000006,1200.0,2.24714;2.179818,213;469,
push,385,1527,889,800.0,400.00000000000006,1200.0,0.887411;2.250991,134;384,
push,385,1528,889,800.0,400.00000000000006,1200.0,2.224551;2.250991,49;384,
push,385,1529,889,800.0,400.00000000000006,1200.0,2.24714;2.250991,213;384,
push,385,1530,889,800.0,500.00000000000006,1300.0,0.887411;2.224551,134;548,
push,385,1531,889,800.0,500.00000000000006,1300.0,2.224551;2.224551,49;548,
push,385,1532,889,800.0,500.00000000000006,1300.0,2.24714;2.224551,213;548,
pop,386,883,540,700.0,,,2.16683;2.082692,89;463,
pop,387,859,555,700.0,,,2.16683;2.082692,122;463,
push,387,1533,859,800.0,400.00000000000006,1200.0,2.279351;2.179818,128;469,
push,387,1534,859,800.0,400.00000000000006,1200.0,2.28216;2.179818,43;469,
prune,387,0,859,800.0,,,2.30669;2.179818,207;469,obstacle:1
push,387,1535,859,800.0,400.00000000000006,1200.0,2.279351;2.250991,128;384,
push,387,1536,859,800.0,400.00000000000006,1200.0,2.28216;2.250991,43;384,
prune,387,0,859,800.0,,,2.30669;2.250991,207;384,obstacle:1
push,387,1537,859,800.0,500.00000000000006,1300.0,2.279351;2.224551,128;548,
push,387,1538,859,800.0,500.00000000000006,1300.0,2.28216;2.224551,43;548,
prune,387,0,859,800.0,,,2.30669;2.224551,207;548,obstacle:1
pop,388,869,544,700.0,,,2.184452;2.082692,344;463,
push,388,1539,869,800.0,400.00000000000006,1200.0,2.297278;2.179818,434;469,
push,388,1540,869,800.0,400.00000000000006,1200.0,2.30669;2.179818,349;469,
push,388,1541,869,800.0,400.00000000000006,1200.0,2.309401;2.179818,429;469,
push,388,1542,869,800.0,400.00000000000006,1200.0,2.297278;2.250991,434;384,
push,388,1543,869,800.0,400.00000000000006,1200.0,2.30669;2.250991,349;384,
push,388,1544,869,800.0,400.00000000000006,1200.0,2.309401;2.250991,429;384,
push,388,1545,869,800.0,500.00000000000006,1300.0,2.297278;2.224551,434;548,
push,388,1546,869,800.0,500.00000000000006,1300.0,2.30669;2.224551,349;548,
push,388,1547,869,800.0,500.00000000000006,1300.0,2.309401;2.224551,429;548,
pop,389,875,549,700.0,,,2.173353;2.082692,260;463,
push,389,1548,875,800.0,400.00000000000006,1200.0,2.287749;2.179818,344;469,
push,389,1549,875,800.0,400.00000000000006,1200.0,2.309401;2.179818,265;469,
push,389,1550,875,800.0,400.00000000000006,1200.0,2.287749;2.179818,339;469,
push,389,1551,875,800.0,400.00000000000006,1200.0,2.287749;2.250991,344;384,
push,389,1552,875,800.0,400.00000000000006,1200.0,2.309401;2.250991,265;384,
push,389,1553,875,800.0,400.00000000000006,1200.0,2.287749;2.250991,339;384,
push,389,1554,875,800.0,500.00000000000006,1300.0,2.287749;2.224551,344;548,
push,389,1555,875,800.0,500.00000000000006,1300.0,2.309401;2.224551,265;548,
push,389,1556,875,800.0,500.00000000000006,1300.0,2.287749;2.224551,339;548,
pop,390,877,549,700.0,,,2.158776;2.082692,256;463,
push,390,1557,877,800.0,400.00000000000006,1200.0,2.287749;2.179818,338;469,
push,390,1558,877,800.0,400.00000000000006,1200.0,2.287749;2.250991,338;384,
push,390,1559,877,800.0,500.00000000000006,1300.0,2.287749;2.224551,338;548,
pop,391,876,549,700.0,,,2.184452;2.082692,176;463,
push,391,1560,876,800.0,400.00000000000006,1200.0,2.30669;2.179818,182;469,
push,391,1561,876,800.0,400.00000000000006,1200.0,2.309401;2.179818,266;469,
push,391,1562,876,800.0,400.00000000000006,1200.0,2.30669;2.250991,182;384,
push,391,1563,876,800.0,400.00000000000006,1200.0,2.309401;2.250991,266;384,
push,391,1564,876,800.0,500.00000000000006,1300.0,2.30669;2.224551,182;548,
push,391,1565,876,800.0,500.00000000000006,1300.0,2.309401;2.224551,266;548,
pop,392,870,544,700.0,,,2.184452;2.082692,339;463,
push,392,1566,870,800.0,400.00000000000006,1200.0,2.297278;2.179818,423;469,
push,392,1567,870,800.0,400.00000000000006,1200.0,2.309401;2.179818,428;469,
push,392,1568,870,800.0,400.00000000000006,1200.0,2.297278;2.250991,423;384,
push,392,1569,870,800.0,400.00000000000006,1200.0,2.309401;2.250991,428;384,
push,392,1570,870,800.0,500.00000000000006,1300.0,2.297278;2.224551,423;548,
push,392,1571,870,800.0,500.00000000000006,1300.0,2.309401;2.224551,428;548,
pop,393,873,547,700.0,,,2.184452;2.082692,171;463,
push,393,1572,873,800.0,400.00000000000006,1200.0,2.297278;2.179818,260;469,
push,393,1573,873,800.0,400.00000000000006,1200.0,2.30669;2.179818,176;469,
push,393,1574,873,800.0,400.00000000000006,1200.0,2.309401;2.179818,256;469,
push,393,1575,873,800.0,400.00000000000006,1200.0,2.297278;2.250991,260;384,
push,393,1576,873,800.0,400.00000000000006,1200.0,2.30669;2.250991,176;384,
push,393,1577,873,800.0,400.00000000000006,1200.0,2.309401;2.250991,256;384,
push,393,1578,873,800.0,500.00000000000006,1300.0,2.297278;2.224551,260;548,
push,393,1579,873,800.0,500.00000000000006,1300.0,2.30669;2.224551,176;548,
push,393,1580,873,800.0,500.00000000000006,1300.0,2.309401;2.224551,256;548,
pop,394,860,555,700.0,,,2.155455;2.082692,37;463,
push,394,1581,860,800.0,400.00000000000006,1200.0,2.28216;2.179818,38;469,
push,394,1582,860,800.0,400.00000000000006,1200.0,2.28216;2.250991,38;384,
push,394,1583,860,800.0,500.00000000000006,1300.0,2.28216;2.224551,38;548,
pop,395,863,537,700.0,,,2.118258;2.082692,38;463,
push,395,1584,863,800.0,400.00000000000006,1200.0,2.224551;2.179818,44;469,
push,395,1585,863,800.0,400.00000000000006,1200.0,2.279351;2.179818,129;469,
push,395,1586,863,800.0,400.00000000000006,1200.0,2.224551;2.250991,44;384,
push,395,1587,863,800.0,400.00000000000006,1200.0,2.279351;2.250991,129;384,
push,395,1588,863,800.0,500.00000000000006,1300.0,2.224551;2.224551,44;548,
push,395,1589,863,800.0,500.00000000000006,1300.0,2.279351;2.224551,129;548,
pop,396,867,539,700.0,,,2.16683;2.082692,88;463,
push,396,1590,867,800.0,400.00000000000006,1200.0,2.30669;2.179818,171;469,
push,396,1591,867,800.0,400.00000000000006,1200.0,2.30669;2.250991,171;384,
push,396,1592,867,800.0,500.00000000000006,1300.0,2.30669;2.224551,171;548,
pop,397,864,537,700.0,,,2.16683;2.082692,123;463,
prune,397,0,864,800.0,,,2.30669;2.179818,207;469,obstacle:1
push,397,1593,864,800.0,400.00000000000006,1200.0,2.279351;2.179818,128;469,
prune,397,0,864,800.0,,,2.28216;2.179818,202;469,obstacle:1
prune,397,0,864,800.0,,,2.30669;2.250991,207;384,obstacle:1
push,397,1594,864,800.0,400.00000000000006,1200.0,2.279351;2.250991,128;384,
prune,397,0,864,800.0,,,2.28216;2.250991,202;384,obstacle:1
prune,397,0,864,800.0,,,2.30669;2.224551,207;548,obstacle:1
push,397,1595,864,800.0,500.00000000000006,1300.0,2.279351;2.224551,128;548,
prune,397,0,864,800.0,,,2.28216;2.224551,202;548,obstacle:1
pop,398,812,581,700.0,,,2.155455;2.082692,37;463,
push,398,1596,812,800.0,400.00000000000006,1200.0,2.28216;2.179818,38;469,
push,398,1597,812,800.0,400.00000000000006,1200.0,2.28216;2.250991,38;384,
push,398,1598,812,800.0,500.00000000000006,1300.0,2.28216;2.224551,38;548,
pop,399,835,571,700.0,,,2.082692;2.082692,128;463,
push,399,1599,835,800.0,400.00000000000006,1200.0,0.887411;2.179818,134;469,
push,399,1600,835,800.0,400.00000000000006,1200.0,2.224551;2.179818,49;469,
push,399,1601,835,800.0,400.00000000000006,1200.0,2.24714;2.179818,213;469,
push,399,1602,835,800.0,400.00000000000006,1200.0,0.887411;2.250991,134;384,
push,399,1603,835,800.0,400.00000000000006,1200.0,2.224551;2.250991,49;384,
push,399,1604,835,800.0,400.00000000000006,1200.0,2.24714;2.250991,213;384,
push,399,1605,835,800.0,500.00000000000006,1300.0,0.887411;2.224551,134;548,
push,399,1606,835,800.0,500.00000000000006,1300.0,2.224551;2.224551,49;548,
push,399,1607,835,800.0,500.00000000000006,1300.0,2.24714;2.224551,213;548,
pop,400,847,552,700.0,,,2.16683;2.082692,122;463,
push,400,1608,847,800.0,400.00000000000006,1200.0,2.279351;2.179818,128;469,
push,400,1609,847,800.0,400.00000000000006,1200.0,2.28216;2.179818,43;469,
prune,400,0,847,800.0,,,2.30669;2.179818,207;469,obstacle:1
push,400,1610,847,800.0,400.00000000000006,1200.0,2.279351;2.250991,128;384,
push,400,1611,847,800.0,400.00000000000006,1200.0,2.28216;2.250991,43;384,
prune,400,0,847,800.0,,,2.30669;2.250991,207;384,obstacle:1
push,400,1612,847,800.0,500.00000000000006,1300.0,2.279351;2.224551,128;548,
push,400,1613,847,800.0,500.00000000000006,1300.0,2.28216;2.224551,43;548,
prune,400,0,847,800.0,,,2.30669;2.224551,207;548,obstacle:1
pop,401,853,561,700.0,,,2.082692;2.082692,128;463,
push,401,1614,853,800.0,400.00000000000006,1200.0,0.887411;2.179818,134;469,
push,401,1615,853,800.0,400.00000000000006,1200.0,2.224551;2.179818,49;469,
push,401,1616,853,800.0,400.00000000000006,1200.0,2.24714;2.179818,213;469,
push,401,1617,853,800.0,400.00000000000006,1200.0,0.887411;2.250991,134;384,
push,401,1618,853,800.0,400.00000000000006,1200.0,2.224551;2.250991,49;384,
push,401,1619,853,800.0,400.00000000000006,1200.0,2.24714;2.250991,213;384,
push,401,1620,853,800.0,500.00000000000006,1300.0,0.887411;2.224551,134;548,
push,401,1621,853,800.0,500.00000000000006,1300.0,2.224551;2.224551,49;548,
push,401,1622,853,800.0,500.00000000000006,1300.0,2.24714;2.224551,213;548,
pop,402,854,561,700.0,,,2.118258;2.082692,43;463,
push,402,1623,854,800.0,400.00000000000006,1200.0,2.224551;2.179818,44;469,
push,402,1624,854,800.0,400.00000000000006,1200.0,2.224551;2.250991,44;384,
push,402,1625,854,800.0,500.00000000000006,1300.0,2.224551;2.224551,44;548,
pop,403,849,557,700.0,,,2.118258;2.082692,38;463,
push,403,1626,849,800.0,400.00000000000006,1200.0,2.224551;2.179818,44;469,
push,403,1627,849,800.0,400.00000000000006,1200.0,2.279351;2.179818,129;469,
push,403,1628,849,800.0,400.00000000000006,1200.0,2.224551;2.250991,44;384,
push,403,1629,849,800.0,400.00000000000006,1200.0,2.279351;2.250991,129;384,
push,403,1630,849,800.0,500.00000000000006,1300.0,2.224551;2.224551,44;548,
push,403,1631,849,800.0,500.00000000000006,1300.0,2.279351;2.224551,129;548,
pop,404,850,557,700.0,,,2.16683;2.082692,123;463,
prune,404,0,850,800.0,,,2.30669;2.179818,207;469,obstacle:1
push,404,1632,850,800.0,400.00000000000006,1200.0,2.279351;2.179818,128;469,
prune,404,0,850,800.0,,,2.28216;2.179818,202;469,obstacle:1
prune,404,0,850,800.0,,,2.30669;2.250991,207;384,obstacle:1
push,404,1633,850,800.0,400.00000000000006,1200.0,2.279351;2.250991,128;384,
prune,404,0,850,800.0,,,2.28216;2.250991,202;384,obstacle:1
prune,404,0,850,800.0,,,2.30669;2.224551,207;548,obstacle:1
push,404,1634,850,800.0,500.00000000000006,1300.0,2.279351;2.224551,128;548,
prune,404,0,850,800.0,,,2.28216;2.224551,202;548,obstacle:1
pop,405,836,571,700.0,,,2.118258;2.082692,43;463,
push,405,1635,836,800.0,400.00000000000006,1200.0,2.224551;2.179818,44;469,
push,405,1636,836,800.0,400.00000000000006,1200.0,2.224551;2.250991,44;384,
push,405,1637,836,800.0,500.00000000000006,1300.0,2.224551;2.224551,44;548,
pop,406,840,565,700.0,,,2.16683;2.082692,123;463,
prune,406,0,840,800.0,,,2.30669;2.179818,207;469,obstacle:1
push,406,1638,840,800.0,400.00000000000006,1200.0,2.279351;2.179818,128;469,
prune,406,0,840,800.0,,,2.28216;2.179818,202;469,obstacle:1
prune,406,0,840,800.0,,,2.30669;2.250991,207;384,obstacle:1
push,406,1639,840,800.0,400.00000000000006,1200.0,2.279351;2.250991,128;384,
prune,406,0,840,800.0,,,2.28216;2.250991,202;384,obstacle:1
prune,406,0,840,800.0,,,2.30669;2.224551,207;548,obstacle:1
push,406,1640,840,800.0,500.00000000000006,1300.0,2.279351;2.224551,128;548,
prune,406,0,840,800.0,,,2.28216;2.224551,202;548,obstacle:1
pop,407,843,567,700.0,,,2.118258;2.082692,38;463,
push,407,1641,843,800.0,400.00000000000006,1200.0,2.224551;2.179818,44;469,
push,407,1642,843,800.0,400.00000000000006,1200.0,2.279351;2.179818,129;469,
push,407,1643,843,800.0,400.00000000000006,1200.0,2.224551;2.250991,44;384,
push,407,1644,843,800.0,400.00000000000006,1200.0,2.279351;2.250991,129;384,
push,407,1645,843,800.0,500.00000000000006,1300.0,2.224551;2.224551,44;548,
push,407,1646,843,800.0,500.00000000000006,1300.0,2.279351;2.224551,129;548,
pop,408,844,567,700.0,,,2.16683;2.082692,123;463,
prune,408,0,844,800.0,,,2.30669;2.179818,207;469,obstacle:1
push,408,1647,844,800.0,400.00000000000006,1200.0,2.279351;2.179818,128;469,
prune,408,0,844,800.0,,,2.28216;2.179818,202;469,obstacle:1
prune,408,0,844,800.0,,,2.30669;2.250991,207;384,obstacle:1
push,408,1648,844,800.0,400.00000000000006,1200.0,2.279351;2.250991,128;384,
prune,408,0,844,800.0,,,2.28216;2.250991,202;384,obstacle:1
prune,408,0,844,800.0,,,2.30669;2.224551,207;548,obstacle:1
push,408,1649,844,800.0,500.00000000000006,1300.0,2.279351;2.224551,128;548,
prune,408,0,844,800.0,,,2.28216;2.224551,202;548,obstacle:1
pop,409,839,565,700.0,,,2.118258;2.082692,38;463,
push,409,1650,839,800.0,400.00000000000006,1200.0,2.224551;2.179818,44;469,
push,409,1651,839,800.0,400.00000000000006,1200.0,2.279351;2.179818,129;469,
push,409,1652,839,800.0,400.00000000000006,1200.0,2.224551;2.250991,44;384,
push,409,1653,839,800.0,400.00000000000006,1200.0,2.279351;2.250991,129;384,
push,409,1654,839,800.0,500.00000000000006,1300.0,2.224551;2.224551,44;548,
push,409,1655,839,800.0,500.00000000000006,1300.0,2.279351;2.224551,129;548,
pop,410,815,584,700.0,,,2.16683;2.082692,122;463,
push,410,1656,815,800.0,400.00000000000006,1200.0,2.279351;2.179818,128;469,
push,410,1657,815,800.0,400.00000000000006,1200.0,2.28216;2.179818,43;469,
prune,410,0,815,800.0,,,2.30669;2.179818,207;469,obstacle:1
push,410,1658,815,800.0,400.00000000000006,1200.0,2.279351;2.250991,128;384,
push,410,1659,815,800.0,400.00000000000006,1200.0,2.28216;2.250991,43;384,
prune,410,0,815,800.0,,,2.30669;2.250991,207;384,obstacle:1
push,410,1660,815,800.0,500.00000000000006,1300.0,2.279351;2.224551,128;548,
push,410,1661,815,800.0,500.00000000000006,1300.0,2.28216;2.224551,43;548,
prune,410,0,815,800.0,,,2.30669;2.224551,207;548,obstacle:1
pop,411,823,530,700.0,,,2.16683;2.082692,122;463,
push,411,1662,823,800.0,400.00000000000006,1200.0,2.279351;2.179818,128;469,
push,411,1663,823,800.0,400.00000000000006,1200.0,2.28216;2.179818,43;469,
prune,411,0,823,800.0,,,2.30669;2.179818,207;469,obstacle:1
push,411,1664,823,800.0,400.00000000000006,1200.0,2.279351;2.250991,128;384,
push,411,1665,823,800.0,400.00000000000006,1200.0,2.28216;2.250991,43;384,
prune,411,0,823,800.0,,,2.30669;2.250991,207;384,obstacle:1
push,411,1666,823,800.0,500.00000000000006,1300.0,2.279351;2.224551,128;548,
push,411,1667,823,800.0,500.00000000000006,1300.0,2.28216;2.224551,43;548,
prune,411,0,823,800.0,,,2.30669;2.224551,207;548,obstacle:1
pop,412,829,562,700.0,,,2.118258;2.082692,38;463,
push,412,1668,829,800.0,400.00000000000006,1200.0,2.224551;2.179818,44;469,
push,412,1669,829,800.0,400.00000000000006,1200.0,2.279351;2.179818,129;469,
push,412,1670,829,800.0,400.00000000000006,1200.0,2.224551;2.250991,44;384,
push,412,1671,829,800.0,400.00000000000006,1200.0,2.279351;2.250991,129;384,
push,412,1672,829,800.0,500.00000000000006,1300.0,2.224551;2.224551,44;548,
push,412,1673,829,800.0,500.00000000000006,1300.0,2.279351;2.224551,129;548,
pop,413,831,568,700.0,,,2.16683;2.082692,122;463,
push,413,1674,831,800.0,400.00000000000006,1200.0,2.279351;2.179818,128;469,
push,413,1675,831,800.0,400.00000000000006,1200.0,2.28216;2.179818,43;469,
prune,413,0,831,800.0,,,2.30669;2.179818,207;469,obstacle:1
push,413,1676,831,800.0,400.00000000000006,1200.0,2.279351;2.250991,128;384,
push,413,1677,831,800.0,400.00000000000006,1200.0,2.28216;2.250991,43;384,
prune,413,0,831,800.0,,,2.30669;2.250991,207;384,obstacle:1
push,413,1678,831,800.0,500.00000000000006,1300.0,2.279351;2.224551,128;548,
push,413,1679,831,800.0,500.00000000000006,1300.0,2.28216;2.224551,43;548,
prune,413,0,831,800.0,,,2.30669;2.224551,207;548,obstacle:1
pop,414,833,572,700.0,,,2.118258;2.082692,38;463,
push,414,1680,833,800.0,400.00000000000006,1200.0,2.224551;2.179818,44;469,
push,414,1681,833,800.0,400.00000000000006,1200.0,2.279351;2.179818,129;469,
push,414,1682,833,800.0,400.00000000000006,1200.0,2.224551;2.250991,44;384,
push,414,1683,833,800.0,400.00000000000006,1200.0,2.279351;2.250991,129;384,
push,414,1684,833,800.0,500.00000000000006,1300.0,2.224551;2.224551,44;548,
push,414,1685,833,800.0,500.00000000000006,1300.0,2.279351;2.224551,129;548,
pop,415,825,551,700.0,,,2.118258;2.082692,38;463,
push,415,1686,825,800.0,400.00000000000006,1200.0,2.224551;2.179818,44;469,
push,415,1687,825,800.0,400.00000000000006,1200.0,2.279351;2.179818,129;469,
push,415,1688,825,800.0,400.00000000000006,1200.0,2.224551;2.250991,44;384,
push,415,1689,825,800.0,400.00000000000006,1200.0,2.279351;2.250991,129;384,
push,415,1690,825,800.0,500.00000000000006,1300.0,2.224551;2.224551,44;548,
push,415,1691,825,800.0,500.00000000000006,1300.0,2.279351;2.224551,129;548,
pop,416,826,551,700.0,,,2.16683;2.082692,123;463,
prune,416,0,826,800.0,,,2.30669;2.179818,207;469,obstacle:1
push,416,1692,826,800.0,400.00000000000006,1200.0,2.279351;2.179818,128;469,
prune,416,0,826,800.0,,,2.28216;2.179818,202;469,obstacle:1
prune,416,0,826,800.0,,,2.30669;2.250991,207;384,obstacle:1
push,416,1693,826,800.0,400.00000000000006,1200.0,2.279351;2.250991,128;384,
prune,416,0,826,800.0,,,2.28216;2.250991,202;384,obstacle:1
prune,416,0,826,800.0,,,2.30669;2.224551,207;548,obstacle:1
push,416,1694,826,800.0,500.00000000000006,1300.0,2.279351;2.224551,128;548,
prune,416,0,826,800.0,,,2.28216;2.224551,202;548,obstacle:1
pop,417,817,589,700.0,,,2.184452;2.082692,338;463,
push,417,1695,817,800.0,400.00000000000006,1200.0,2.309401;2.179818,428;469,
push,417,1696,817,800.0,400.00000000000006,1200.0,2.30669;2.179818,343;469,
push,417,1697,817,800.0,400.00000000000006,1200.0,2.297278;2.179818,423;469,
push,417,1698,817,800.0,400.00000000000006,1200.0,2.309401;2.250991,428;384,
push,417,1699,817,800.0,400.00000000000006,1200.0,2.30669;2.250991,343;384,
push,417,1700,817,800.0,400.00000000000006,1200.0,2.297278;2.250991,423;384,
push,417,1701,817,800.0,500.00000000000006,1300.0,2.309401;2.224551,428;548,
push,417,1702,817,800.0,500.00000000000006,1300.0,2.30669;2.224551,343;548,
push,417,1703,817,800.0,500.00000000000006,1300.0,2.297278;2.224551,423;548,
pop,418,819,583,700.0,,,2.118258;2.082692,38;463,
push,418,1704,819,800.0,400.00000000000006,1200.0,2.224551;2.179818,44;469,
push,418,1705,819,800.0,400.00000000000006,1200.0,2.279351;2.179818,129;469,
push,418,1706,819,800.0,400.00000000000006,1200.0,2.224551;2.250991,44;384,
push,418,1707,819,800.0,400.00000000000006,1200.0,2.279351;2.250991,129;384,
push,418,1708,819,800.0,500.00000000000006,1300.0,2.224551;2.224551,44;548,
push,418,1709,819,800.0,500.00000000000006,1300.0,2.279351;2.224551,129;548,
pop,419,820,583,700.0,,,2.16683;2.082692,123;463,
prune,419,0,820,800.0,,,2.30669;2.179818,207;469,obstacle:1
push,419,1710,820,800.0,400.00000000000006,1200.0,2.279351;2.179818,128;469,
prune,419,0,820,800.0,,,2.28216;2.179818,202;469,obstacle:1
prune,419,0,820,800.0,,,2.30669;2.250991,207;384,obstacle:1
push,419,1711,820,800.0,400.00000000000006,1200.0,2.279351;2.250991,128;384,
prune,419,0,820,800.0,,,2.28216;2.250991,202;384,obstacle:1
prune,419,0,820,800.0,,,2.30669;2.224551,207;548,obstacle:1
push,419,1712,820,800.0,500.00000000000006,1300.0,2.279351;2.224551,128;548,
prune,419,0,820,800.0,,,2.28216;2.224551,202;548,obstacle:1
pop,420,718,640,700.0,,,2.184452;2.082692,177;463,
push,420,1713,718,800.0,400.00000000000006,1200.0,2.309401;2.179818,266;469,
push,420,1714,718,800.0,400.00000000000006,1200.0,2.297278;2.179818,261;469,
push,420,1715,718,800.0,400.00000000000006,1200.0,2.309401;2.250991,266;384,
push,420,1716,718,800.0,400.00000000000006,1200.0,2.297278;2.250991,261;384,
push,420,1717,718,800.0,500.00000000000006,1300.0,2.309401;2.224551,266;548,
push,420,1718,718,800.0,500.00000000000006,1300.0,2.297278;2.224551,261;548,
pop,421,763,622,700.0,,,2.181247;2.082692,116;463,
push,421,1719,763,800.0,400.00000000000006,1200.0,2.291759;2.179818,122;469,
push,421,1720,763,800.0,400.00000000000006,1200.0,2.30669;2.179818,37;469,
prune,421,0,763,800.0,,,2.30669;2.179818,201;469,obstacle:1
push,421,1721,763,800.0,400.00000000000006,1200.0,2.291759;2.250991,122;384,
push,421,1722,763,800.0,400.00000000000006,1200.0,2.30669;2.250991,37;384,
prune,421,0,763,800.0,,,2.30669;2.250991,201;384,obstacle:1
push,421,1723,763,800.0,500.00000000000006,1300.0,2.291759;2.224551,122;548,
push,421,1724,763,800.0,500.00000000000006,1300.0,2.30669;2.224551,37;548,
prune,421,0,763,800.0,,,2.30669;2.224551,201;548,obstacle:1
pop,422,787,590,700.0,,,2.184452;2.082692,344;463,
push,422,1725,787,800.0,400.00000000000006,1200.0,2.297278;2.179818,434;469,
push,422,1726,787,800.0,400.00000000000006,1200.0,2.30669;2.179818,349;469,
push,422,1727,787,800.0,400.00000000000006,1200.0,2.309401;2.179818,429;469,
push,422,1728,787,800.0,400.00000000000006,1200.0,2.297278;2.250991,434;384,
push,422,1729,787,800.0,400.00000000000006,1200.0,2.30669;2.250991,349;384,
push,422,1730,787,800.0,400.00000000000006,1200.0,2.309401;2.250991,429;384,
push,422,1731,787,800.0,500.00000000000006,1300.0,2.297278;2.224551,434;548,
push,422,1732,787,800.0,500.00000000000006,1300.0,2.30669;2.224551,349;548,
push,422,1733,787,800.0,500.00000000000006,1300.0,2.309401;2.224551,429;548,
pop,423,799,593,700.0,,,2.184452;2.082692,171;463,
push,423,1734,799,800.0,400.00000000000006,1200.0,2.297278;2.179818,260;469,
push,423,1735,799,800.0,400.00000000000006,1200.0,2.30669;2.179818,176;469,
push,423,1736,799,800.0,400.00000000000006,1200.0,2.309401;2.179818,256;469,
push,423,1737,799,800.0,400.00000000000006,1200.0,2.297278;2.250991,260;384,
push,423,1738,799,800.0,400.00000000000006,1200.0,2.30669;2.250991,176;384,
push,423,1739,799,800.0,400.00000000000006,1200.0,2.309401;2.250991,256;384,
push,423,1740,799,800.0,500.00000000000006,1300.0,2.297278;2.224551,260;548,
push,423,1741,799,800.0,500.00000000000006,1300.0,2.30669;2.224551,176;548,
push,423,1742,799,800.0,500.00000000000006,1300.0,2.309401;2.224551,256;548,
pop,424,805,578,700.0,,,2.155455;2.082692,172;463,
push,424,1743,805,800.0,400.00000000000006,1200.0,2.259707;2.179818,256;469,
push,424,1744,805,800.0,400.00000000000006,1200.0,2.297278;2.179818,260;469,
push,424,1745,805,800.0,400.00000000000006,1200.0,2.259707;2.250991,256;384,
push,424,1746,805,800.0,400.00000000000006,1200.0,2.297278;2.250991,260;384,
push,424,1747,805,800.0,500.00000000000006,1300.0,2.259707;2.224551,256;548,
push,424,1748,805,800.0,500.00000000000006,1300.0,2.297278;2.224551,260;548,
pop,425,807,578,700.0,,,2.16683;2.082692,89;463,
pop,426,806,578,700.0,,,2.184452;2.082692,177;463,
push,426,1749,806,800.0,400.00000000000006,1200.0,2.309401;2.179818,266;469,
push,426,1750,806,800.0,400.00000000000006,1200.0,2.297278;2.179818,261;469,
push,426,1751,806,800.0,400.00000000000006,1200.0,2.309401;2.250991,266;384,
push,426,1752,806,800.0,400.00000000000006,1200.0,2.297278;2.250991,261;384,
push,426,1753,806,800.0,500.00000000000006,1300.0,2.309401;2.224551,266;548,
push,426,1754,806,800.0,500.00000000000006,1300.0,2.297278;2.224551,261;548,
pop,427,801,595,700.0,,,2.148767;2.082692,32;463,
push,427,1755,801,800.0,400.00000000000006,1200.0,2.250991;2.179818,38;469,
push,427,1756,801,800.0,400.00000000000006,1200.0,2.291759;2.179818,123;469,
push,427,1757,801,800.0,400.00000000000006,1200.0,2.250991;2.250991,38;384,
push,427,1758,801,800.0,400.00000000000006,1200.0,2.291759;2.250991,123;384,
push,427,1759,801,800.0,500.00000000000006,1300.0,2.250991;2.224551,38;548,
push,427,1760,801,800.0,500.00000000000006,1300.0,2.291759;2.224551,123;548,
pop,428,802,595,700.0,,,2.181247;2.082692,117;463,
prune,428,0,802,800.0,,,2.30669;2.179818,201;469,obstacle:1
push,428,1761,802,800.0,400.00000000000006,1200.0,2.291759;2.179818,122;469,
prune,428,0,802,800.0,,,2.30669;2.179818,196;469,obstacle:1
prune,428,0,802,800.0,,,2.30669;2.250991,201;384,obstacle:1
push,428,1762,802,800.0,400.00000000000006,1200.0,2.291759;2.250991,122;384,
prune,428,0,802,800.0,,,2.30669;2.250991,196;384,obstacle:1
prune,428,0,802,800.0,,,2.30669;2.224551,201;548,obstacle:1
push,428,1763,802,800.0,500.00000000000006,1300.0,2.291759;2.224551,122;548,
prune,428,0,802,800.0,,,2.30669;2.224551,196;548,obstacle:1
pop,429,788,590,700.0,,,2.184452;2.082692,339;463,
push,429,1764,788,800.0,400.00000000000006,1200.0,2.297278;2.179818,423;469,
push,429,1765,788,800.0,400.00000000000006,1200.0,2.309401;2.179818,428;469,
push,429,1766,788,800.0,400.00000000000006,1200.0,2.297278;2.250991,423;384,
push,429,1767,788,800.0,400.00000000000006,1200.0,2.309401;2.250991,428;384,
push,429,1768,788,800.0,500.00000000000006,1300.0,2.297278;2.224551,423;548,
push,429,1769,788,800.0,500.00000000000006,1300.0,2.309401;2.224551,428;548,
pop,430,793,599,700.0,,,2.118258;2.082692,38;463,
push,430,1770,793,800.0,400.00000000000006,1200.0,2.224551;2.179818,44;469,
push,430,1771,793,800.0,400.00000000000006,1200.0,2.279351;2.179818,129;469,
push,430,1772,793,800.0,400.00000000000006,1200.0,2.224551;2.250991,44;384,
push,430,1773,793,800.0,400.00000000000006,1200.0,2.279351;2.250991,129;384,
push,430,1774,793,800.0,500.00000000000006,1300.0,2.224551;2.224551,44;548,
push,430,1775,793,800.0,500.00000000000006,1300.0,2.279351;2.224551,129;548,
pop,431,797,600,700.0,,,2.16683;2.082692,122;463,
push,431,1776,797,800.0,400.00000000000006,1200.0,2.279351;2.179818,128;469,
push,431,1777,797,800.0,400.00000000000006,1200.0,2.28216;2.179818,43;469,
prune,431,0,797,800.0,,,2.30669;2.179818,207;469,obstacle:1
push,431,1778,797,800.0,400.00000000000006,1200.0,2.279351;2.250991,128;384,
push,431,1779,797,800.0,400.00000000000006,1200.0,2.28216;2.250991,43;384,
prune,431,0,797,800.0,,,2.30669;2.250991,207;384,obstacle:1
push,431,1780,797,800.0,500.00000000000006,1300.0,2.279351;2.224551,128;548,
push,431,1781,797,800.0,500.00000000000006,1300.0,2.28216;2.224551,43;548,
prune,431,0,797,800.0,,,2.30669;2.224551,207;548,obstacle:1
pop,432,794,599,700.0,,,2.16683;2.082692,123;463,
prune,432,0,794,800.0,,,2.30669;2.179818,207;469,obstacle:1
push,432,1782,794,800.0,400.00000000000006,1200.0,2.279351;2.179818,128;469,
prune,432,0,794,800.0,,,2.28216;2.179818,202;469,obstacle:1
prune,432,0,794,800.0,,,2.30669;2.250991,207;384,obstacle:1
push,432,1783,794,800.0,400.00000000000006,1200.0,2.279351;2.250991,128;384,
prune,432,0,794,800.0,,,2.28216;2.250991,202;384,obstacle:1
prune,432,0,794,800.0,,,2.30669;2.224551,207;548,obstacle:1
push,432,1784,794,800.0,500.00000000000006,1300.0,2.279351;2.224551,128;548,
prune,432,0,794,800.0,,,2.28216;2.224551,202;548,obstacle:1
pop,433,791,596,700.0,,,2.181247;2.082692,116;463,
push,433,1785,791,800.0,400.00000000000006,1200.0,2.291759;2.179818,122;469,
push,433,1786,791,800.0,400.00000000000006,1200.0,2.30669;2.179818,37;469,
prune,433,0,791,800.0,,,2.30669;2.179818,201;469,obstacle:1
push,433,1787,791,800.0,400.00000000000006,1200.0,2.291759;2.250991,122;384,
push,433,1788,791,800.0,400.00000000000006,1200.0,2.30669;2.250991,37;384,
prune,433,0,791,800.0,,,2.30669;2.250991,201;384,obstacle:1
push,433,1789,791,800.0,500.00000000000006,1300.0,2.291759;2.224551,122;548,
push,433,1790,791,800.0,500.00000000000006,1300.0,2.30669;2.224551,37;548,
prune,433,0,791,800.0,,,2.30669;2.224551,201;548,obstacle:1
pop,434,765,614,700.0,,,2.158776;2.082692,267;463,
push,434,1791,765,800.0,400.00000000000006,1200.0,2.262591;2.179818,345;469,
push,434,1792,765,800.0,400.00000000000006,1200.0,2.287749;2.179818,350;469,
push,434,1793,765,800.0,400.00000000000006,1200.0,2.297278;2.179818,262;469,
push,434,1794,765,800.0,400.00000000000006,1200.0,2.262591;2.250991,345;384,
push,434,1795,765,800.0,400.00000000000006,1200.0,2.287749;2.250991,350;384,
push,434,1796,765,800.0,400.00000000000006,1200.0,2.297278;2.250991,262;384,
push,434,1797,765,800.0,500.00000000000006,1300.0,2.262591;2.224551,345;548,
push,434,1798,765,800.0,500.00000000000006,1300.0,2.287749;2.224551,350;548,
push,434,1799,765,800.0,500.00000000000006,1300.0,2.297278;2.224551,262;548,
pop,435,775,607,700.0,,,2.118258;2.082692,38;463,
push,435,1800,775,800.0,400.00000000000006,1200.0,2.224551;2.179818,44;469,
push,435,1801,775,800.0,400.00000000000006,1200.0,2.279351;2.179818,129;469,
push,435,1802,775,800.0,400.00000000000006,1200.0,2.224551;2.250991,44;384,
push,435,1803,775,800.0,400.00000000000006,1200.0,2.279351;2.250991,129;384,
push,435,1804,775,800.0,500.00000000000006,1300.0,2.224551;2.224551,44;548,
push,435,1805,775,800.0,500.00000000000006,1300.0,2.279351;2.224551,129;548,
pop,436,781,609,700.0,,,2.148767;2.082692,32;463,
push,436,1806,781,800.0,400.00000000000006,1200.0,2.250991;2.179818,38;469,
push,436,1807,781,800.0,400.00000000000006,1200.0,2.291759;2.179818,123;469,
push,436,1808,781,800.0,400.00000000000006,1200.0,2.250991;2.250991,38;384,
push,436,1809,781,800.0,400.00000000000006,1200.0,2.291759;2.250991,123;384,
push,436,1810,781,800.0,500.00000000000006,1300.0,2.250991;2.224551,38;548,
push,436,1811,781,800.0,500.00000000000006,1300.0,2.291759;2.224551,123;548,
pop,437,785,577,700.0,,,2.16683;2.082692,88;463,
push,437,1812,785,800.0,400.00000000000006,1200.0,2.30669;2.179818,171;469,
push,437,1813,785,800.0,400.00000000000006,1200.0,2.30669;2.250991,171;384,
push,437,1814,785,800.0,500.00000000000006,1300.0,2.30669;2.224551,171;548,
pop,438,782,609,700.0,,,2.181247;2.082692,117;463,
prune,438,0,782,800.0,,,2.30669;2.179818,201;469,obstacle:1
push,438,1815,782,800.0,400.00000000000006,1200.0,2.291759;2.179818,122;469,
prune,438,0,782,800.0,,,2.30669;2.179818,196;469,obstacle:1
prune,438,0,782,800.0,,,2.30669;2.250991,201;384,obstacle:1
push,438,1816,782,800.0,400.00000000000006,1200.0,2.291759;2.250991,122;384,
prune,438,0,782,800.0,,,2.30669;2.250991,196;384,obstacle:1
prune,438,0,782,800.0,,,2.30669;2.224551,201;548,obstacle:1
push,438,1817,782,800.0,500.00000000000006,1300.0,2.291759;2.224551,122;548,
prune,438,0,782,800.0,,,2.30669;2.224551,196;548,obstacle:1
pop,439,776,607,700.0,,,2.16683;2.082692,123;463,
prune,439,0,776,800.0,,,2.30669;2.179818,207;469,obstacle:1
push,439,1818,776,800.0,400.00000000000006,1200.0,2.279351;2.179818,128;469,
prune,439,0,776,800.0,,,2.28216;2.179818,202;469,obstacle:1
prune,439,0,776,800.0,,,2.30669;2.250991,207;384,obstacle:1
push,439,1819,776,800.0,400.00000000000006,1200.0,2.279351;2.250991,128;384,
prune,439,0,776,800.0,,,2.28216;2.250991,202;384,obstacle:1
prune,439,0,776,800.0,,,2.30669;2.224551,207;548,obstacle:1
push,439,1820,776,800.0,500.00000000000006,1300.0,2.279351;2.224551,128;548,
prune,439,0,776,800.0,,,2.28216;2.224551,202;548,obstacle:1
pop,440,779,610,700.0,,,2.181247;2.082692,116;463,
push,440,1821,779,800.0,400.00000000000006,1200.0,2.291759;2.179818,122;469,
push,440,1822,779,800.0,400.00000000000006,1200.0,2.30669;2.179818,37;469,
prune,440,0,779,800.0,,,2.30669;2.179818,201;469,obstacle:1
push,440,1823,779,800.0,400.00000000000006,1200.0,2.291759;2.250991,122;384,
push,440,1824,779,800.0,400.00000000000006,1200.0,2.30669;2.250991,37;384,
prune,440,0,779,800.0,,,2.30669;2.250991,201;384,obstacle:1
push,440,1825,779,800.0,500.00000000000006,1300.0,2.291759;2.224551,122;548,
push,440,1826,779,800.0,500.00000000000006,1300.0,2.30669;2.224551,37;548,
prune,440,0,779,800.0,,,2.30669;2.224551,201;548,obstacle:1
pop,441,766,614,700.0,,,2.184452;2.082692,179;463,
push,441,1827,766,800.0,400.00000000000006,1200.0,2.30669;2.179818,173;469,
push,441,1828,766,800.0,400.00000000000006,1200.0,2.297278;2.179818,261;469,
push,441,1829,766,800.0,400.00000000000006,1200.0,2.30669;2.250991,173;384,
push,441,1830,766,800.0,400.00000000000006,1200.0,2.297278;2.250991,261;384,
push,441,1831,766,800.0,500.00000000000006,1300.0,2.30669;2.224551,173;548,
push,441,1832,766,800.0,500.00000000000006,1300.0,2.297278;2.224551,261;548,
pop,442,769,617,700.0,,,2.082692;2.082692,128;463,
push,442,1833,769,800.0,400.00000000000006,1200.0,0.887411;2.179818,134;469,
push,442,1834,769,800.0,400.00000000000006,1200.0,2.224551;2.179818,49;469,
push,442,1835,769,800.0,400.00000000000006,1200.0,2.24714;2.179818,213;469,
push,442,1836,769,800.0,400.00000000000006,1200.0,0.887411;2.250991,134;384,
push,442,1837,769,800.0,400.00000000000006,1200.0,2.224551;2.250991,49;384,
push,442,1838,769,800.0,400.00000000000006,1200.0,2.24714;2.250991,213;384,
push,442,1839,769,800.0,500.00000000000006,1300.0,0.887411;2.224551,134;548,
push,442,1840,769,800.0,500.00000000000006,1300.0,2.224551;2.224551,49;548,
push,442,1841,769,800.0,500.00000000000006,1300.0,2.24714;2.224551,213;548,
pop,443,773,604,700.0,,,2.118258;2.082692,38;463,
push,443,1842,773,800.0,400.00000000000006,1200.0,2.224551;2.179818,44;469,
push,443,1843,773,800.0,400.00000000000006,1200.0,2.279351;2.179818,129;469,
push,443,1844,773,800.0,400.00000000000006,1200.0,2.224551;2.250991,44;384,
push,443,1845,773,800.0,400.00000000000006,1200.0,2.279351;2.250991,129;384,
push,443,1846,773,800.0,500.00000000000006,1300.0,2.224551;2.224551,44;548,
push,443,1847,773,800.0,500.00000000000006,1300.0,2.279351;2.224551,129;548,
pop,444,770,617,700.0,,,2.118258;2.082692,43;463,
push,444,1848,770,800.0,400.00000000000006,1200.0,2.224551;2.179818,44;469,
push,444,1849,770,800.0,400.00000000000006,1200.0,2.224551;2.250991,44;384,
push,444,1850,770,800.0,500.00000000000006,1300.0,2.224551;2.224551,44;548,
pop,445,719,640,700.0,,,2.16683;2.082692,89;463,
pop,446,741,529,700.0,,,2.118258;2.082692,38;463,
push,446,1851,741,800.0,400.00000000000006,1200.0,2.224551;2.179818,44;469,
push,446,1852,741,800.0,400.00000000000006,1200.0,2.279351;2.179818,129;469,
push,446,1853,741,800.0,400.00000000000006,1200.0,2.224551;2.250991,44;384,
push,446,1854,741,800.0,400.00000000000006,1200.0,2.279351;2.250991,129;384,
push,446,1855,741,800.0,500.00000000000006,1300.0,2.224551;2.224551,44;548,
push,446,1856,741,800.0,500.00000000000006,1300.0,2.279351;2.224551,129;548,
pop,447,753,613,700.0,,,2.181247;2.082692,116;463,
push,447,1857,753,800.0,400.00000000000006,1200.0,2.291759;2.179818,122;469,
push,447,1858,753,800.0,400.00000000000006,1200.0,2.30669;2.179818,37;469,
prune,447,0,753,800.0,,,2.30669;2.179818,201;469,obstacle:1
push,447,1859,753,800.0,400.00000000000006,1200.0,2.291759;2.250991,122;384,
push,447,1860,753,800.0,400.00000000000006,1200.0,2.30669;2.250991,37;384,
prune,447,0,753,800.0,,,2.30669;2.250991,201;384,obstacle:1
push,447,1861,753,800.0,500.00000000000006,1300.0,2.291759;2.224551,122;548,
push,447,1862,753,800.0,500.00000000000006,1300.0,2.30669;2.224551,37;548,
prune,447,0,753,800.0,,,2.30669;2.224551,201;548,obstacle:1
pop,448,757,618,700.0,,,2.118258;2.082692,38;463,
push,448,1863,757,800.0,400.00000000000006,1200.0,2.224551;2.179818,44;469,
push,448,1864,757,800.0,400.00000000000006,1200.0,2.279351;2.179818,129;469,
push,448,1865,757,800.0,400.00000000000006,1200.0,2.224551;2.250991,44;384,
push,448,1866,757,800.0,400.00000000000006,1200.0,2.279351;2.250991,129;384,
push,448,1867,757,800.0,500.00000000000006,1300.0,2.224551;2.224551,44;548,
push,448,1868,757,800.0,500.00000000000006,1300.0,2.279351;2.224551,129;548,
pop,449,760,621,700.0,,,2.181247;2.082692,117;463,
prune,449,0,760,800.0,,,2.30669;2.179818,201;469,obstacle:1
push,449,1869,760,800.0,400.00000000000006,1200.0,2.291759;2.179818,122;469,
prune,449,0,760,800.0,,,2.30669;2.179818,196;469,obstacle:1
prune,449,0,760,800.0,,,2.30669;2.250991,201;384,obstacle:1
push,449,1870,760,800.0,400.00000000000006,1200.0,2.291759;2.250991,122;384,
prune,449,0,760,800.0,,,2.30669;2.250991,196;384,obstacle:1
prune,449,0,760,800.0,,,2.30669;2.224551,201;548,obstacle:1
push,449,1871,760,800.0,500.00000000000006,1300.0,2.291759;2.224551,122;548,
prune,449,0,760,800.0,,,2.30669;2.224551,196;548,obstacle:1
pop,450,759,621,700.0,,,2.148767;2.082692,32;463,
push,450,1872,759,800.0,400.00000000000006,1200.0,2.250991;2.179818,38;469,
push,450,1873,759,800.0,400.00000000000006,1200.0,2.291759;2.179818,123;469,
push,450,1874,759,800.0,400.00000000000006,1200.0,2.250991;2.250991,38;384,
push,450,1875,759,800.0,400.00000000000006,1200.0,2.291759;2.250991,123;384,
push,450,1876,759,800.0,500.00000000000006,1300.0,2.250991;2.224551,38;548,
push,450,1877,759,800.0,500.00000000000006,1300.0,2.291759;2.224551,123;548,
pop,451,754,613,700.0,,,2.184452;2.082692,31;463,
push,451,1878,754,800.0,400.00000000000006,1200.0,2.30669;2.179818,32;469,
push,451,1879,754,800.0,400.00000000000006,1200.0,2.30669;2.250991,32;384,
push,451,1880,754,800.0,500.00000000000006,1300.0,2.30669;2.224551,32;548,
pop,452,742,529,700.0,,,2.16683;2.082692,123;463,
prune,452,0,742,800.0,,,2.30669;2.179818,207;469,obstacle:1
push,452,1881,742,800.0,400.00000000000006,1200.0,2.279351;2.179818,128;469,
prune,452,0,742,800.0,,,2.28216;2.179818,202;469,obstacle:1
prune,452,0,742,800.0,,,2.30669;2.250991,207;384,obstacle:1
push,452,1882,742,800.0,400.00000000000006,1200.0,2.279351;2.250991,128;384,
prune,452,0,742,800.0,,,2.28216;2.250991,202;384,obstacle:1
prune,452,0,742,800.0,,,2.30669;2.224551,207;548,obstacle:1
push,452,1883,742,800.0,500.00000000000006,1300.0,2.279351;2.224551,128;548,
prune,452,0,742,800.0,,,2.28216;2.224551,202;548,obstacle:1
pop,453,746,575,700.0,,,2.16683;2.082692,123;463,
prune,453,0,746,800.0,,,2.30669;2.179818,207;469,obstacle:1
push,453,1884,746,800.0,400.00000000000006,1200.0,2.279351;2.179818,128;469,
prune,453,0,746,800.0,,,2.28216;2.179818,202;469,obstacle:1
prune,453,0,746,800.0,,,2.30669;2.250991,207;384,obstacle:1
push,453,1885,746,800.0,400.00000000000006,1200.0,2.279351;2.250991,128;384,
prune,453,0,746,800.0,,,2.28216;2.250991,202;384,obstacle:1
prune,453,0,746,800.0,,,2.30669;2.224551,207;548,obstacle:1
push,453,1886,746,800.0,500.00000000000006,1300.0,2.279351;2.224551,128;548,
prune,453,0,746,800.0,,,2.28216;2.224551,202;548,obstacle:1
pop,454,749,603,700.0,,,2.082692;2.082692,128;463,
push,454,1887,749,800.0,400.00000000000006,1200.0,0.887411;2.179818,134;469,
push,454,1888,749,800.0,400.00000000000006,1200.0,2.224551;2.179818,49;469,
push,454,1889,749,800.0,400.00000000000006,1200.0,2.24714;2.179818,213;469,
push,454,1890,749,800.0,400.00000000000006,1200.0,0.887411;2.250991,134;384,
push,454,1891,749,800.0,400.00000000000006,1200.0,2.224551;2.250991,49;384,
push,454,1892,749,800.0,400.00000000000006,1200.0,2.24714;2.250991,213;384,
push,454,1893,749,800.0,500.00000000000006,1300.0,0.887411;2.224551,134;548,
push,454,1894,749,800.0,500.00000000000006,1300.0,2.224551;2.224551,49;548,
push,454,1895,749,800.0,500.00000000000006,1300.0,2.24714;2.224551,213;548,
pop,455,750,603,700.0,,,2.118258;2.082692,43;463,
push,455,1896,750,800.0,400.00000000000006,1200.0,2.224551;2.179818,44;469,
push,455,1897,750,800.0,400.00000000000006,1200.0,2.224551;2.250991,44;384,
push,455,1898,750,800.0,500.00000000000006,1300.0,2.224551;2.224551,44;548,
pop,456,745,575,700.0,,,2.118258;2.082692,38;463,
push,456,1899,745,800.0,400.00000000000006,1200.0,2.224551;2.179818,44;469,
push,456,1900,745,800.0,400.00000000000006,1200.0,2.279351;2.179818,129;469,
push,456,1901,745,800.0,400.00000000000006,1200.0,2.224551;2.250991,44;384,
push,456,1902,745,800.0,400.00000000000006,1200.0,2.279351;2.250991,129;384,
push,456,1903,745,800.0,500.00000000000006,1300.0,2.224551;2.224551,44;548,
push,456,1904,745,800.0,500.00000000000006,1300.0,2.279351;2.224551,129;548,
pop,457,723,643,700.0,,,2.118258;2.082692,38;463,
push,457,1905,723,800.0,400.00000000000006,1200.0,2.224551;2.179818,44;469,
push,457,1906,723,800.0,400.00000000000006,1200.0,2.279351;2.179818,129;469,
push,457,1907,723,800.0,400.00000000000006,1200.0,2.224551;2.250991,44;384,
push,457,1908,723,800.0,400.00000000000006,1200.0,2.279351;2.250991,129;384,
push,457,1909,723,800.0,500.00000000000006,1300.0,2.224551;2.224551,44;548,
push,457,1910,723,800.0,500.00000000000006,1300.0,2.279351;2.224551,129;548,
pop,458,728,645,700.0,,,2.16683;2.082692,123;463,
prune,458,0,728,800.0,,,2.30669;2.179818,207;469,obstacle:1
push,458,1911,728,800.0,400.00000000000006,1200.0,2.279351;2.179818,128;469,
prune,458,0,728,800.0,,,2.28216;2.179818,202;469,obstacle:1
prune,458,0,728,800.0,,,2.30669;2.250991,207;384,obstacle:1
push,458,1912,728,800.0,400.00000000000006,1200.0,2.279351;2.250991,128;384,
prune,458,0,728,800.0,,,2.28216;2.250991,202;384,obstacle:1
prune,458,0,728,800.0,,,2.30669;2.224551,207;548,obstacle:1
push,458,1913,728,800.0,500.00000000000006,1300.0,2.279351;2.224551,128;548,
prune,458,0,728,800.0,,,2.28216;2.224551,202;548,obstacle:1
pop,459,735,631,700.0,,,2.118258;2.082692,38;463,
push,459,1914,735,800.0,400.00000000000006,1200.0,2.224551;2.179818,44;469,
push,459,1915,735,800.0,400.00000000000006,1200.0,2.279351;2.179818,129;469,
push,459,1916,735,800.0,400.00000000000006,1200.0,2.224551;2.250991,44;384,
push,459,1917,735,800.0,400.00000000000006,1200.0,2.279351;2.250991,129;384,
push,459,1918,735,800.0,500.00000000000006,1300.0,2.224551;2.224551,44;548,
push,459,1919,735,800.0,500.00000000000006,1300.0,2.279351;2.224551,129;548,
pop,460,739,632,700.0,,,2.16683;2.082692,122;463,
push,460,1920,739,800.0,400.00000000000006,1200.0,2.279351;2.179818,128;469,
push,460,1921,739,800.0,400.00000000000006,1200.0,2.28216;2.179818,43;469,
prune,460,0,739,800.0,,,2.30669;2.179818,207;469,obstacle:1
push,460,1922,739,800.0,400.00000000000006,1200.0,2.279351;2.250991,128;384,
push,460,1923,739,800.0,400.00000000000006,1200.0,2.28216;2.250991,43;384,
prune,460,0,739,800.0,,,2.30669;2.250991,207;384,obstacle:1
push,460,1924,739,800.0,500.00000000000006,1300.0,2.279351;2.224551,128;548,
push,460,1925,739,800.0,500.00000000000006,1300.0,2.28216;2.224551,43;548,
prune,460,0,739,800.0,,,2.30669;2.224551,207;548,obstacle:1
pop,461,736,631,700.0,,,2.16683;2.082692,123;463,
prune,461,0,736,800.0,,,2.30669;2.179818,207;469,obstacle:1
push,461,1926,736,800.0,400.00000000000006,1200.0,2.279351;2.179818,128;469,
prune,461,0,736,800.0,,,2.28216;2.179818,202;469,obstacle:1
prune,461,0,736,800.0,,,2.30669;2.250991,207;384,obstacle:1
push,461,1927,736,800.0,400.00000000000006,1200.0,2.279351;2.250991,128;384,
prune,461,0,736,800.0,,,2.28216;2.250991,202;384,obstacle:1
prune,461,0,736,800.0,,,2.30669;2.224551,207;548,obstacle:1
push,461,1928,736,800.0,500.00000000000006,1300.0,2.279351;2.224551,128;548,
prune,461,0,736,800.0,,,2.28216;2.224551,202;548,obstacle:1
pop,462,731,636,700.0,,,2.118258;2.082692,38;463,
push,462,1929,731,800.0,400.00000000000006,1200.0,2.224551;2.179818,44;469,
push,462,1930,731,800.0,400.00000000000006,1200.0,2.279351;2.179818,129;469,
push,462,1931,731,800.0,400.00000000000006,1200.0,2.224551;2.250991,44;384,
push,462,1932,731,800.0,400.00000000000006,1200.0,2.279351;2.250991,129;384,
push,462,1933,731,800.0,500.00000000000006,1300.0,2.224551;2.224551,44;548,
push,462,1934,731,800.0,500.00000000000006,1300.0,2.279351;2.224551,129;548,
pop,463,733,639,700.0,,,2.16683;2.082692,88;463,
push,463,1935,733,800.0,400.00000000000006,1200.0,2.30669;2.179818,171;469,
push,463,1936,733,800.0,400.00000000000006,1200.0,2.30669;2.250991,171;384,
push,463,1937,733,800.0,500.00000000000006,1300.0,2.30669;2.224551,171;548,
pop,464,724,643,700.0,,,2.16683;2.082692,123;463,
prune,464,0,724,800.0,,,2.30669;2.179818,207;469,obstacle:1
push,464,1938,724,800.0,400.00000000000006,1200.0,2.279351;2.179818,128;469,
prune,464,0,724,800.0,,,2.28216;2.179818,202;469,obstacle:1
prune,464,0,724,800.0,,,2.30669;2.250991,207;384,obstacle:1
push,464,1939,724,800.0,400.00000000000006,1200.0,2.279351;2.250991,128;384,
prune,464,0,724,800.0,,,2.28216;2.250991,202;384,obstacle:1
prune,464,0,724,800.0,,,2.30669;2.224551,207;548,obstacle:1
push,464,1940,724,800.0,500.00000000000006,1300.0,2.279351;2.224551,128;548,
prune,464,0,724,800.0,,,2.28216;2.224551,202;548,obstacle:1
pop,465,727,645,700.0,,,2.118258;2.082692,38;463,
push,465,1941,727,800.0,400.00000000000006,1200.0,2.224551;2.179818,44;469,
push,465,1942,727,800.0,400.00000000000006,1200.0,2.279351;2.179818,129;469,
push,465,1943,727,800.0,400.00000000000006,1200.0,2.224551;2.250991,44;384,
push,465,1944,727,800.0,400.00000000000006,1200.0,2.279351;2.250991,129;384,
push,465,1945,727,800.0,500.00000000000006,1300.0,2.224551;2.224551,44;548,
push,465,1946,727,800.0,500.00000000000006,1300.0,2.279351;2.224551,129;548,
pop,466,1032,668,800.0,,,2.224551;2.179818,547;469,
push,466,1947,1032,900.0,300.00000000000006,1200.0,2.321928;2.270226,553;475,
push,466,1948,1032,900.0,300.00000000000006,1200.0,2.381437;2.270226,474;475,
push,466,1949,1032,900.0,300.00000000000006,1200.0,2.321928;2.345244,553;390,
push,466,1950,1032,900.0,300.00000000000006,1200.0,2.381437;2.345244,474;390,
push,466,1951,1032,900.0,400.0000000000001,1300.0,2.321928;2.321928,553;554,
push,466,1952,1032,900.0,400.0000000000001,1300.0,2.381437;2.321928,474;554,
pop,467,1035,664,800.0,,,2.224551;2.179818,547;469,
push,467,1953,1035,900.0,300.00000000000006,1200.0,2.321928;2.270226,553;475,
push,467,1954,1035,900.0,300.00000000000006,1200.0,2.381437;2.270226,474;475,
push,467,1955,1035,900.0,300.00000000000006,1200.0,2.321928;2.345244,553;390,
push,467,1956,1035,900.0,300.00000000000006,1200.0,2.381437;2.345244,474;390,
push,467,1957,1035,900.0,400.0000000000001,1300.0,2.321928;2.321928,553;554,
push,467,1958,1035,900.0,400.0000000000001,1300.0,2.381437;2.321928,474;554,
pop,468,1038,663,800.0,,,2.179818;2.179818,469;469,
push,468,1959,1038,900.0,300.00000000000006,1200.0,2.270226;2.270226,475;475,
push,468,1960,1038,900.0,300.00000000000006,1200.0,2.345244;2.270226,390;475,
push,468,1961,1038,900.0,300.00000000000006,1200.0,2.321928;2.270226,554;475,
push,468,1962,1038,900.0,300.00000000000006,1200.0,2.270226;2.345244,475;390,
push,468,1963,1038,900.0,300.00000000000006,1200.0,2.345244;2.345244,390;390,
push,468,1964,1038,900.0,300.00000000000006,1200.0,2.321928;2.345244,554;390,
push,468,1965,1038,900.0,400.0000000000001,1300.0,2.270226;2.321928,475;554,
push,468,1966,1038,900.0,400.0000000000001,1300.0,2.345244;2.321928,390;554,
push,468,1967,1038,900.0,400.0000000000001,1300.0,2.321928;2.321928,554;554,
pop,469,1039,663,800.0,,,2.250991;2.179818,384;469,
push,469,1968,1039,900.0,300.00000000000006,1200.0,2.392331;2.270226,306;475,
prune,469,0,1039,900.0,,,2.381437;2.270226,299;475,obstacle:1
push,469,1969,1039,900.0,300.00000000000006,1200.0,2.345244;2.270226,385;475,
push,469,1970,1039,900.0,300.00000000000006,1200.0,2.392331;2.345244,306;390,
prune,469,0,1039,900.0,,,2.381437;2.345244,299;390,obstacle:1
push,469,1971,1039,900.0,300.00000000000006,1200.0,2.345244;2.345244,385;390,
push,469,1972,1039,900.0,400.0000000000001,1300.0,2.392331;2.321928,306;554,
prune,469,0,1039,900.0,,,2.381437;2.321928,299;554,obstacle:1
push,469,1973,1039,900.0,400.0000000000001,1300.0,2.345244;2.321928,385;554,
pop,470,1040,663,800.0,,,2.224551;2.179818,548;469,
push,470,1974,1040,900.0,300.00000000000006,1200.0,2.321928;2.270226,553;475,
push,470,1975,1040,900.0,300.00000000000006,1200.0,2.321928;2.345244,553;390,
push,470,1976,1040,900.0,400.0000000000001,1300.0,2.321928;2.321928,553;554,
pop,471,1014,667,800.0,,,2.179818;2.179818,469;469,
push,471,1977,1014,900.0,300.00000000000006,1200.0,2.270226;2.270226,475;475,
push,471,1978,1014,900.0,300.00000000000006,1200.0,2.345244;2.270226,390;475,
push,471,1979,1014,900.0,300.00000000000006,1200.0,2.321928;2.270226,554;475,
push,471,1980,1014,900.0,300.00000000000006,1200.0,2.270226;2.345244,475;390,
push,471,1981,1014,900.0,300.00000000000006,1200.0,2.345244;2.345244,390;390,
push,471,1982,1014,900.0,300.00000000000006,1200.0,2.321928;2.345244,554;390,
push,471,1983,1014,900.0,400.0000000000001,1300.0,2.270226;2.321928,475;554,
push,471,1984,1014,900.0,400.0000000000001,1300.0,2.345244;2.321928,390;554,
push,471,1985,1014,900.0,400.0000000000001,1300.0,2.321928;2.321928,554;554,
pop,472,1015,667,800.0,,,2.250991;2.179818,384;469,
push,472,1986,1015,900.0,300.00000000000006,1200.0,2.392331;2.270226,306;475,
prune,472,0,1015,900.0,,,2.381437;2.270226,299;475,obstacle:1
push,472,1987,1015,900.0,300.00000000000006,1200.0,2.345244;2.270226,385;475,
push,472,1988,1015,900.0,300.00000000000006,1200.0,2.392331;2.345244,306;390,
prune,472,0,1015,900.0,,,2.381437;2.345244,299;390,obstacle:1
push,472,1989,1015,900.0,300.00000000000006,1200.0,2.345244;2.345244,385;390,
push,472,1990,1015,900.0,400.0000000000001,1300.0,2.392331;2.321928,306;554,
prune,472,0,1015,900.0,,,2.381437;2.321928,299;554,obstacle:1
push,472,1991,1015,900.0,400.0000000000001,1300.0,2.345244;2.321928,385;554,
pop,473,1016,667,800.0,,,2.224551;2.179818,548;469,
push,473,1992,1016,900.0,300.00000000000006,1200.0,2.321928;2.270226,553;475,
push,473,1993,1016,900.0,300.00000000000006,1200.0,2.321928;2.345244,553;390,
push,473,1994,1016,900.0,400.0000000000001,1300.0,2.321928;2.321928,553;554,
pop,474,1071,714,800.0,,,2.224551;2.179818,44;469,
push,474,1995,1071,900.0,300.00000000000006,1200.0,2.198211;2.270226,50;475,
push,474,1996,1071,900.0,300.00000000000006,1200.0,0.903241;2.270226,135;475,
push,474,1997,1071,900.0,300.00000000000006,1200.0,2.198211;2.345244,50;390,
push,474,1998,1071,900.0,300.00000000000006,1200.0,0.903241;2.345244,135;390,
push,474,1999,1071,900.0,400.0000000000001,1300.0,2.198211;2.321928,50;554,
push,474,2000,1071,900.0,400.0000000000001,1300.0,0.903241;2.321928,135;554,
pop,475,1230,981,800.0,,,2.279351;2.179818,128;469,
push,475,2001,1230,900.0,300.00000000000006,1200.0,0.903241;2.270226,134;475,
push,475,2002,1230,900.0,300.00000000000006,1200.0,2.394762;2.270226,49;475,
push,475,2003,1230,900.0,300.00000000000006,1200.0,2.411382;2.270226,213;475,
push,475,2004,1230,900.0,300.00000000000006,1200.0,0.903241;2.345244,134;390,
push,475,2005,1230,900.0,300.00000000000006,1200.0,2.394762;2.345244,49;390,
push,475,2006,1230,900.0,300.00000000000006,1200.0,2.411382;2.345244,213;390,
push,475,2007,1230,900.0,400.0000000000001,1300.0,0.903241;2.321928,134;554,
push,475,2008,1230,900.0,400.0000000000001,1300.0,2.394762;2.321928,49;554,
push,475,2009,1230,900.0,400.0000000000001,1300.0,2.411382;2.321928,213;554,
pop,476,1305,948,800.0,,,2.279351;2.179818,128;469,
push,476,2010,1305,900.0,300.00000000000006,1200.0,0.903241;2.270226,134;475,
push,476,2011,1305,900.0,300.00000000000006,1200.0,2.394762;2.270226,49;475,
push,476,2012,1305,900.0,300.00000000000006,1200.0,2.411382;2.270226,213;475,
push,476,2013,1305,900.0,300.00000000000006,1200.0,0.903241;2.345244,134;390,
push,476,2014,1305,900.0,300.00000000000006,1200.0,2.394762;2.345244,49;390,
push,476,2015,1305,900.0,300.00000000000006,1200.0,2.411382;2.345244,213;390,
push,476,2016,1305,900.0,400.0000000000001,1300.0,0.903241;2.321928,134;554,
push,476,2017,1305,900.0,400.0000000000001,1300.0,2.394762;2.321928,49;554,
push,476,2018,1305,900.0,400.0000000000001,1300.0,2.411382;2.321928,213;554,
pop,477,1347,935,800.0,,,2.279351;2.179818,128;469,
push,477,2019,1347,900.0,300.00000000000006,1200.0,0.903241;2.270226,134;475,
push,477,2020,1347,900.0,300.00000000000006,1200.0,2.394762;2.270226,49;475,
push,477,2021,1347,900.0,300.00000000000006,1200.0,2.411382;2.270226,213;475,
push,477,2022,1347,900.0,300.00000000000006,1200.0,0.903241;2.345244,134;390,
push,477,2023,1347,900.0,300.00000000000006,1200.0,2.394762;2.345244,49;390,
push,477,2024,1347,900.0,300.00000000000006,1200.0,2.411382;2.345244,213;390,
push,477,2025,1347,900.0,400.0000000000001,1300.0,0.903241;2.321928,134;554,
push,477,2026,1347,900.0,400.0000000000001,1300.0,2.394762;2.321928,49;554,
push,477,2027,1347,900.0,400.0000000000001,1300.0,2.411382;2.321928,213;554,
pop,478,1363,947,800.0,,,2.279351;2.179818,129;469,
push,478,2028,1363,900.0,300.00000000000006,1200.0,2.411382;2.270226,213;475,
push,478,2029,1363,900.0,300.00000000000006,1200.0,0.903241;2.270226,134;475,
prune,478,0,1363,900.0,,,2.394762;2.270226,208;475,obstacle:1
push,478,2030,1363,900.0,300.00000000000006,1200.0,2.411382;2.345244,213;390,
push,478,2031,1363,900.0,300.00000000000006,1200.0,0.903241;2.345244,134;390,
prune,478,0,1363,900.0,,,2.394762;2.345244,208;390,obstacle:1
push,478,2032,1363,900.0,400.0000000000001,1300.0,2.411382;2.321928,213;554,
push,478,2033,1363,900.0,400.0000000000001,1300.0,0.903241;2.321928,134;554,
prune,478,0,1363,900.0,,,2.394762;2.321928,208;554,obstacle:1
pop,479,1374,939,800.0,,,2.224551;2.179818,44;469,
push,479,2034,1374,900.0,300.00000000000006,1200.0,2.198211;2.270226,50;475,
push,479,2035,1374,900.0,300.00000000000006,1200.0,0.903241;2.270226,135;475,
push,479,2036,1374,900.0,300.00000000000006,1200.0,2.198211;2.345244,50;390,
push,479,2037,1374,900.0,300.00000000000006,1200.0,0.903241;2.345244,135;390,
push,479,2038,1374,900.0,400.0000000000001,1300.0,2.198211;2.321928,50;554,
push,479,2039,1374,900.0,400.0000000000001,1300.0,0.903241;2.321928,135;554,
pop,480,1380,941,800.0,,,2.250991;2.179818,38;469,
push,480,2040,1380,900.0,300.00000000000006,1200.0,2.345244;2.270226,44;475,
push,480,2041,1380,900.0,300.00000000000006,1200.0,2.392331;2.270226,129;475,
push,480,2042,1380,900.0,300.00000000000006,1200.0,2.345244;2.345244,44;390,
push,480,2043,1380,900.0,300.00000000000006,1200.0,2.392331;2.345244,129;390,
push,480,2044,1380,900.0,400.0000000000001,1300.0,2.345244;2.321928,44;554,
push,480,2045,1380,900.0,400.0000000000001,1300.0,2.392331;2.321928,129;554,
pop,481,1381,941,800.0,,,2.291759;2.179818,123;469,
prune,481,0,1381,900.0,,,2.416051;2.270226,207;475,obstacle:1
push,481,2046,1381,900.0,300.00000000000006,1200.0,2.392331;2.270226,128;475,
prune,481,0,1381,900.0,,,2.416051;2.270226,202;475,obstacle:1
prune,481,0,1381,900.0,,,2.416051;2.345244,207;390,obstacle:1
push,481,2047,1381,900.0,300.00000000000006,1200.0,2.392331;2.345244,128;390,
prune,481,0,1381,900.0,,,2.416051;2.345244,202;390,obstacle:1
prune,481,0,1381,900.0,,,2.416051;2.321928,207;554,obstacle:1
push,481,2048,1381,900.0,400.0000000000001,1300.0,2.392331;2.321928,128;554,
prune,481,0,1381,900.0,,,2.416051;2.321928,202;554,obstacle:1
pop,482,1375,939,800.0,,,2.279351;2.179818,129;469,
push,482,2049,1375,900.0,300.00000000000006,1200.0,2.411382;2.270226,213;475,
push,482,2050,1375,900.0,300.00000000000006,1200.0,0.903241;2.270226,134;475,
prune,482,0,1375,900.0,,,2.394762;2.270226,208;475,obstacle:1
push,482,2051,1375,900.0,300.00000000000006,1200.0,2.411382;2.345244,213;390,
push,482,2052,1375,900.0,300.00000000000006,1200.0,0.903241;2.345244,134;390,
prune,482,0,1375,900.0,,,2.394762;2.345244,208;390,obstacle:1
push,482,2053,1375,900.0,400.0000000000001,1300.0,2.411382;2.321928,213;554,
push,482,2054,1375,900.0,400.0000000000001,1300.0,0.903241;2.321928,134;554,
prune,482,0,1375,900.0,,,2.394762;2.321928,208;554,obstacle:1
pop,483,1368,937,800.0,,,2.279351;2.179818,128;469,
push,483,2055,1368,900.0,300.00000000000006,1200.0,0.903241;2.270226,134;475,
push,483,2056,1368,900.0,300.00000000000006,1200.0,2.394762;2.270226,49;475,
push,483,2057,1368,900.0,300.00000000000006,1200.0,2.411382;2.270226,213;475,
push,483,2058,1368,900.0,300.00000000000006,1200.0,0.903241;2.345244,134;390,
push,483,2059,1368,900.0,300.00000000000006,1200.0,2.394762;2.345244,49;390,
push,483,2060,1368,900.0,300.00000000000006,1200.0,2.411382;2.345244,213;390,
push,483,2061,1368,900.0,400.0000000000001,1300.0,0.903241;2.321928,134;554,
push,483,2062,1368,900.0,400.0000000000001,1300.0,2.394762;2.321928,49;554,
push,483,2063,1368,900.0,400.0000000000001,1300.0,2.411382;2.321928,213;554,
pop,484,1369,937,800.0,,,2.28216;2.179818,43;469,
push,484,2064,1369,900.0,300.00000000000006,1200.0,2.394762;2.270226,44;475,
push,484,2065,1369,900.0,300.00000000000006,1200.0,2.394762;2.345244,44;390,
push,484,2066,1369,900.0,400.0000000000001,1300.0,2.394762;2.321928,44;554,
pop,485,1348,935,800.0,,,2.28216;2.179818,43;469,
push,485,2067,1348,900.0,300.00000000000006,1200.0,2.394762;2.270226,44;475,
push,485,2068,1348,900.0,300.00000000000006,1200.0,2.394762;2.345244,44;390,
push,485,2069,1348,900.0,400.0000000000001,1300.0,2.394762;2.321928,44;554,
pop,486,1353,942,800.0,,,2.291759;2.179818,122;469,
push,486,2070,1353,900.0,300.00000000000006,1200.0,2.392331;2.270226,128;475,
push,486,2071,1353,900.0,300.00000000000006,1200.0,2.416051;2.270226,43;475,
prune,486,0,1353,900.0,,,2.416051;2.270226,207;475,obstacle:1
push,486,2072,1353,900.0,300.00000000000006,1200.0,2.392331;2.345244,128;390,
push,486,2073,1353,900.0,300.00000000000006,1200.0,2.416051;2.345244,43;390,
prune,486,0,1353,900.0,,,2.416051;2.345244,207;390,obstacle:1
push,486,2074,1353,900.0,400.0000000000001,1300.0,2.392331;2.321928,128;554,
push,486,2075,1353,900.0,400.0000000000001,1300.0,2.416051;2.321928,43;554,
prune,486,0,1353,900.0,,,2.416051;2.321928,207;554,obstacle:1
pop,487,1362,947,800.0,,,2.224551;2.179818,44;469,
push,487,2076,1362,900.0,300.00000000000006,1200.0,2.198211;2.270226,50;475,
push,487,2077,1362,900.0,300.00000000000006,1200.0,0.903241;2.270226,135;475,
push,487,2078,1362,900.0,300.00000000000006,1200.0,2.198211;2.345244,50;390,
push,487,2079,1362,900.0,300.00000000000006,1200.0,0.903241;2.345244,135;390,
push,487,2080,1362,900.0,400.0000000000001,1300.0,2.198211;2.321928,50;554,
push,487,2081,1362,900.0,400.0000000000001,1300.0,0.903241;2.321928,135;554,
pop,488,1356,945,800.0,,,2.291759;2.179818,122;469,
push,488,2082,1356,900.0,300.00000000000006,1200.0,2.392331;2.270226,128;475,
push,488,2083,1356,900.0,300.00000000000006,1200.0,2.416051;2.270226,43;475,
prune,488,0,1356,900.0,,,2.416051;2.270226,207;475,obstacle:1
push,488,2084,1356,900.0,300.00000000000006,1200.0,2.392331;2.345244,128;390,
push,488,2085,1356,900.0,300.00000000000006,1200.0,2.416051;2.345244,43;390,
prune,488,0,1356,900.0,,,2.416051;2.345244,207;390,obstacle:1
push,488,2086,1356,900.0,400.0000000000001,1300.0,2.392331;2.321928,128;554,
push,488,2087,1356,900.0,400.0000000000001,1300.0,2.416051;2.321928,43;554,
prune,488,0,1356,900.0,,,2.416051;2.321928,207;554,obstacle:1
pop,489,1357,945,800.0,,,2.30669;2.179818,37;469,
push,489,2088,1357,900.0,300.00000000000006,1200.0,2.416051;2.270226,38;475,
push,489,2089,1357,900.0,300.00000000000006,1200.0,2.416051;2.345244,38;390,
push,489,2090,1357,900.0,400.0000000000001,1300.0,2.416051;2.321928,38;554,
pop,490,1308,955,800.0,,,2.287749;2.179818,344;469,
push,490,2091,1308,900.0,300.00000000000006,1200.0,2.391248;2.270226,434;475,
push,490,2092,1308,900.0,300.00000000000006,1200.0,2.420764;2.270226,349;475,
push,490,2093,1308,900.0,300.00000000000006,1200.0,2.40201;2.270226,429;475,
push,490,2094,1308,900.0,300.00000000000006,1200.0,2.391248;2.345244,434;390,
push,490,2095,1308,900.0,300.00000000000006,1200.0,2.420764;2.345244,349;390,
push,490,2096,1308,900.0,300.00000000000006,1200.0,2.40201;2.345244,429;390,
push,490,2097,1308,900.0,400.0000000000001,1300.0,2.391248;2.321928,434;554,
push,490,2098,1308,900.0,400.0000000000001,1300.0,2.420764;2.321928,349;554,
push,490,2099,1308,900.0,400.0000000000001,1300.0,2.40201;2.321928,429;554,
pop,491,1326,951,800.0,,,0.887411;2.179818,134;469,
push,491,2100,1326,900.0,300.00000000000006,1200.0,0.726929;2.270226,140;475,
push,491,2101,1326,900.0,300.00000000000006,1200.0,1.124937;2.270226,55;475,
push,491,2102,1326,900.0,300.00000000000006,1200.0,0.73931;2.270226,219;475,
push,491,2103,1326,900.0,300.00000000000006,1200.0,0.726929;2.345244,140;390,
push,491,2104,1326,900.0,300.00000000000006,1200.0,1.124937;2.345244,55;390,
push,491,2105,1326,900.0,300.00000000000006,1200.0,0.73931;2.345244,219;390,
push,491,2106,1326,900.0,400.0000000000001,1300.0,0.726929;2.321928,140;554,
push,491,2107,1326,900.0,400.0000000000001,1300.0,1.124937;2.321928,55;554,
push,491,2108,1326,900.0,400.0000000000001,1300.0,0.73931;2.321928,219;554,
pop,492,1335,952,800.0,,,2.224551;2.179818,44;469,
push,492,2109,1335,900.0,300.00000000000006,1200.0,2.198211;2.270226,50;475,
push,492,2110,1335,900.0,300.00000000000006,1200.0,0.903241;2.270226,135;475,
push,492,2111,1335,900.0,300.00000000000006,1200.0,2.198211;2.345244,50;390,
push,492,2112,1335,900.0,300.00000000000006,1200.0,0.903241;2.345244,135;390,
push,492,2113,1335,900.0,400.0000000000001,1300.0,2.198211;2.321928,50;554,
push,492,2114,1335,900.0,400.0000000000001,1300.0,0.903241;2.321928,135;554,
pop,493,1339,925,800.0,,,2.287749;2.179818,350;469,
push,493,2115,1339,900.0,300.00000000000006,1200.0,2.40201;2.270226,440;475,
prune,493,0,1339,900.0,,,2.420764;2.270226,355;475,obstacle:1
push,493,2116,1339,900.0,300.00000000000006,1200.0,2.391248;2.270226,435;475,
push,493,2117,1339,900.0,300.00000000000006,1200.0,2.40201;2.345244,440;390,
prune,493,0,1339,900.0,,,2.420764;2.345244,355;390,obstacle:1
push,493,2118,1339,900.0,300.00000000000006,1200.0,2.391248;2.345244,435;390,
push,493,2119,1339,900.0,400.0000000000001,1300.0,2.40201;2.321928,440;554,
prune,493,0,1339,900.0,,,2.420764;2.321928,355;554,obstacle:1
push,493,2120,1339,900.0,400.0000000000001,1300.0,2.391248;2.321928,435;554,
pop,494,1340,925,800.0,,,2.297278;2.179818,262;469,
push,494,2121,1340,900.0,300.00000000000006,1200.0,2.418411;2.270226,257;475,
push,494,2122,1340,900.0,300.00000000000006,1200.0,2.399601;2.270226,339;475,
push,494,2123,1340,900.0,300.00000000000006,1200.0,2.420764;2.270226,174;475,
push,494,2124,1340,900.0,300.00000000000006,1200.0,2.418411;2.345244,257;390,
push,494,2125,1340,900.0,300.00000000000006,1200.0,2.399601;2.345244,339;390,
push,494,2126,1340,900.0,300.00000000000006,1200.0,2.420764;2.345244,174;390,
push,494,2127,1340,900.0,400.0000000000001,1300.0,2.418411;2.321928,257;554,
push,494,2128,1340,900.0,400.0000000000001,1300.0,2.399601;2.321928,339;554,
push,494,2129,1340,900.0,400.0000000000001,1300.0,2.420764;2.321928,174;554,
pop,495,1338,925,800.0,,,2.262591;2.179818,345;469,
push,495,2130,1338,900.0,300.00000000000006,1200.0,2.358059;2.270226,429;475,
push,495,2131,1338,900.0,300.00000000000006,1200.0,2.391248;2.270226,434;475,
push,495,2132,1338,900.0,300.00000000000006,1200.0,2.399601;2.270226,340;475,
push,495,2133,1338,900.0,300.00000000000006,1200.0,2.358059;2.345244,429;390,
push,495,2134,1338,900.0,300.00000000000006,1200.0,2.391248;2.345244,434;390,
push,495,2135,1338,900.0,300.00000000000006,1200.0,2.399601;2.345244,340;390,
push,495,2136,1338,900.0,400.0000000000001,1300.0,2.358059;2.321928,429;554,
push,495,2137,1338,900.0,400.0000000000001,1300.0,2.391248;2.321928,434;554,
push,495,2138,1338,900.0,400.0000000000001,1300.0,2.399601;2.321928,340;554,
pop,496,1327,951,800.0,,,2.224551;2.179818,49;469,
push,496,2139,1327,900.0,300.00000000000006,1200.0,2.198211;2.270226,50;475,
push,496,2140,1327,900.0,300.00000000000006,1200.0,2.198211;2.345244,50;390,
push,496,2141,1327,900.0,400.0000000000001,1300.0,2.198211;2.321928,50;554,
pop,497,1328,951,800.0,,,2.24714;2.179818,213;469,
push,497,2142,1328,900.0,300.00000000000006,1200.0,2.388627;2.270226,302;475,
push,497,2143,1328,900.0,300.00000000000006,1200.0,0.902229;2.270226,218;475,
prune,497,0,1328,900.0,,,2.377737;2.270226,297;475,obstacle:1
push,497,2144,1328,900.0,300.00000000000006,1200.0,2.388627;2.345244,302;390,
push,497,2145,1328,900.0,300.00000000000006,1200.0,0.902229;2.345244,218;390,
prune,497,0,1328,900.0,,,2.377737;2.345244,297;390,obstacle:1
push,497,2146,1328,900.0,400.0000000000001,1300.0,2.388627;2.321928,302;554,
push,497,2147,1328,900.0,400.0000000000001,1300.0,0.902229;2.321928,218;554,
prune,497,0,1328,900.0,,,2.377737;2.321928,297;554,obstacle:1
pop,498,1309,955,800.0,,,2.309401;2.179818,265;469,
prune,498,0,1309,900.0,,,2.428817;2.270226,271;475,obstacle:1
push,498,2148,1309,900.0,300.00000000000006,1200.0,2.420764;2.270226,187;475,
push,498,2149,1309,900.0,300.00000000000006,1200.0,2.420764;2.270226,350;475,
prune,498,0,1309,900.0,,,2.428817;2.345244,271;390,obstacle:1
push,498,2150,1309,900.0,300.00000000000006,1200.0,2.420764;2.345244,187;390,
push,498,2151,1309,900.0,300.00000000000006,1200.0,2.420764;2.345244,350;390,
prune,498,0,1309,900.0,,,2.428817;2.321928,271;554,obstacle:1
push,498,2152,1309,900.0,400.0000000000001,1300.0,2.420764;2.321928,187;554,
push,498,2153,1309,900.0,400.0000000000001,1300.0,2.420764;2.321928,350;554,
pop,499,1317,956,800.0,,,2.30669;2.179818,182;469,
prune,499,0,1317,900.0,,,2.416051;2.270226,188;475,obstacle:1
push,499,2154,1317,900.0,300.00000000000006,1200.0,2.418411;2.270226,109;475,
prune,499,0,1317,900.0,,,2.428817;2.270226,272;475,obstacle:1
prune,499,0,1317,900.0,,,2.416051;2.345244,188;390,obstacle:1
push,499,2155,1317,900.0,300.00000000000006,1200.0,2.418411;2.345244,109;390,
prune,499,0,1317,900.0,,,2.428817;2.345244,272;390,obstacle:1
prune,499,0,1317,900.0,,,2.416051;2.321928,188;554,obstacle:1
push,499,2156,1317,900.0,400.0000000000001,1300.0,2.418411;2.321928,109;554,
prune,499,0,1317,900.0,,,2.428817;2.321928,272;554,obstacle:1
pop,500,1323,957,800.0,,,2.287749;2.179818,338;469,
push,500,2157,1323,900.0,300.00000000000006,1200.0,2.40201;2.270226,428;475,
push,500,2158,1323,900.0,300.00000000000006,1200.0,2.420764;2.270226,343;475,
push,500,2159,1323,900.0,300.00000000000006,1200.0,2.391248;2.270226,423;475,
push,500,2160,1323,900.0,300.00000000000006,1200.0,2.40201;2.345244,428;390,
push,500,2161,1323,900.0,300.00000000000006,1200.0,2.420764;2.345244,343;390,
push,500,2162,1323,900.0,300.00000000000006,1200.0,2.391248;2.345244,423;390,
push,500,2163,1323,900.0,400.0000000000001,1300.0,2.40201;2.321928,428;554,
push,500,2164,1323,900.0,400.0000000000001,1300.0,2.420764;2.321928,343;554,
push,500,2165,1323,900.0,400.0000000000001,1300.0,2.391248;2.321928,423;554,
pop,501,1318,956,800.0,,,2.309401;2.179818,266;469,
push,501,2166,1318,900.0,300.00000000000006,1200.0,2.420764;2.270226,350;475,
prune,501,0,1318,900.0,,,2.428817;2.270226,271;475,obstacle:1
push,501,2167,1318,900.0,300.00000000000006,1200.0,2.420764;2.270226,345;475,
push,501,2168,1318,900.0,300.00000000000006,1200.0,2.420764;2.345244,350;390,
prune,501,0,1318,900.0,,,2.428817;2.345244,271;390,obstacle:1
push,501,2169,1318,900.0,300.00000000000006,1200.0,2.420764;2.345244,345;390,
push,501,2170,1318,900.0,400.0000000000001,1300.0,2.420764;2.321928,350;554,
prune,501,0,1318,900.0,,,2.428817;2.321928,271;554,obstacle:1
push,501,2171,1318,900.0,400.0000000000001,1300.0,2.420764;2.321928,345;554,
pop,502,1310,955,800.0,,,2.287749;2.179818,339;469,
push,502,2172,1310,900.0,300.00000000000006,1200.0,2.391248;2.270226,423;475,
push,502,2173,1310,900.0,300.00000000000006,1200.0,2.40201;2.270226,428;475,
push,502,2174,1310,900.0,300.00000000000006,1200.0,2.391248;2.345244,423;390,
push,502,2175,1310,900.0,300.00000000000006,1200.0,2.40201;2.345244,428;390,
push,502,2176,1310,900.0,400.0000000000001,1300.0,2.391248;2.321928,423;554,
push,502,2177,1310,900.0,400.0000000000001,1300.0,2.40201;2.321928,428;554,
pop,503,1231,981,800.0,,,2.28216;2.179818,43;469,
push,503,2178,1231,900.0,300.00000000000006,1200.0,2.394762;2.270226,44;475,
push,503,2179,1231,900.0,300.00000000000006,1200.0,2.394762;2.345244,44;390,
push,503,2180,1231,900.0,400.0000000000001,1300.0,2.394762;2.321928,44;554,
pop,504,1269,974,800.0,,,2.224551;2.179818,44;469,
push,504,2181,1269,900.0,300.00000000000006,1200.0,2.198211;2.270226,50;475,
push,504,2182,1269,900.0,300.00000000000006,1200.0,0.903241;2.270226,135;475,
push,504,2183,1269,900.0,300.00000000000006,1200.0,2.198211;2.345244,50;390,
push,504,2184,1269,900.0,300.00000000000006,1200.0,0.903241;2.345244,135;390,
push,504,2185,1269,900.0,400.0000000000001,1300.0,2.198211;2.321928,50;554,
push,504,2186,1269,900.0,400.0000000000001,1300.0,0.903241;2.321928,135;554,
pop,505,1285,967,800.0,,,2.297278;2.179818,260;469,
push,505,2187,1285,900.0,300.00000000000006,1200.0,2.420764;2.270226,344;475,
push,505,2188,1285,900.0,300.00000000000006,1200.0,2.418411;2.270226,265;475,
push,505,2189,1285,900.0,300.00000000000006,1200.0,2.399601;2.270226,339;475,
push,505,2190,1285,900.0,300.00000000000006,1200.0,2.420764;2.345244,344;390,
push,505,2191,1285,900.0,300.00000000000006,1200.0,2.418411;2.345244,265;390,
push,505,2192,1285,900.0,300.00000000000006,1200.0,2.399601;2.345244,339;390,
push,505,2193,1285,900.0,400.0000000000001,1300.0,2.420764;2.321928,344;554,
push,505,2194,1285,900.0,400.0000000000001,1300.0,2.418411;2.321928,265;554,
push,505,2195,1285,900.0,400.0000000000001,1300.0,2.399601;2.321928,339;554,
pop,506,1296,961,800.0,,,2.30669;2.179818,171;469,
push,506,2196,1296,900.0,300.00000000000006,1200.0,2.428817;2.270226,260;475,
push,506,2197,1296,900.0,300.00000000000006,1200.0,2.416051;2.270226,176;475,
push,506,2198,1296,900.0,300.00000000000006,1200.0,2.418411;2.270226,256;475,
push,506,2199,1296,900.0,300.00000000000006,1200.0,2.428817;2.345244,260;390,
push,506,2200,1296,900.0,300.00000000000006,1200.0,2.416051;2.345244,176;390,
push,506,2201,1296,900.0,300.00000000000006,1200.0,2.418411;2.345244,256;390,
push,506,2202,1296,900.0,400.0000000000001,1300.0,2.428817;2.321928,260;554,
push,506,2203,1296,900.0,400.0000000000001,1300.0,2.416051;2.321928,176;554,
push,506,2204,1296,900.0,400.0000000000001,1300.0,2.418411;2.321928,256;554,
pop,507,1300,963,800.0,,,2.279351;2.179818,129;469,
push,507,2205,1300,900.0,300.00000000000006,1200.0,2.411382;2.270226,213;475,
push,507,2206,1300,900.0,300.00000000000006,1200.0,0.903241;2.270226,134;475,
prune,507,0,1300,900.0,,,2.394762;2.270226,208;475,obstacle:1
push,507,2207,1300,900.0,300.00000000000006,1200.0,2.411382;2.345244,213;390,
push,507,2208,1300,900.0,300.00000000000006,1200.0,0.903241;2.345244,134;390,
prune,507,0,1300,900.0,,,2.394762;2.345244,208;390,obstacle:1
push,507,2209,1300,900.0,400.0000000000001,1300.0,2.411382;2.321928,213;554,
push,507,2210,1300,900.0,400.0000000000001,1300.0,0.903241;2.321928,134;554,
prune,507,0,1300,900.0,,,2.394762;2.321928,208;554,obstacle:1
pop,508,1299,963,800.0,,,2.224551;2.179818,44;469,
push,508,2211,1299,900.0,300.00000000000006,1200.0,2.198211;2.270226,50;475,
push,508,2212,1299,900.0,300.00000000000006,1200.0,0.903241;2.270226,135;475,
push,508,2213,1299,900.0,300.00000000000006,1200.0,2.198211;2.345244,50;390,
push,508,2214,1299,900.0,300.00000000000006,1200.0,0.903241;2.345244,135;390,
push,508,2215,1299,900.0,400.0000000000001,1300.0,2.198211;2.321928,50;554,
push,508,2216,1299,900.0,400.0000000000001,1300.0,0.903241;2.321928,135;554,
pop,509,1290,968,800.0,,,2.309401;2.179818,266;469,
push,509,2217,1290,900.0,300.00000000000006,1200.0,2.420764;2.270226,350;475,
prune,509,0,1290,900.0,,,2.428817;2.270226,271;475,obstacle:1
push,509,2218,1290,900.0,300.00000000000006,1200.0,2.420764;2.270226,345;475,
push,509,2219,1290,900.0,300.00000000000006,1200.0,2.420764;2.345244,350;390,
prune,509,0,1290,900.0,,,2.428817;2.345244,271;390,obstacle:1
push,509,2220,1290,900.0,300.00000000000006,1200.0,2.420764;2.345244,345;390,
push,509,2221,1290,900.0,400.0000000000001,1300.0,2.420764;2.321928,350;554,
prune,509,0,1290,900.0,,,2.428817;2.321928,271;554,obstacle:1
push,509,2222,1290,900.0,400.0000000000001,1300.0,2.420764;2.321928,345;554,
pop,510,1291,968,800.0,,,2.297278;2.179818,261;469,
push,510,2223,1291,900.0,300.00000000000006,1200.0,2.399601;2.270226,339;475,
push,510,2224,1291,900.0,300.00000000000006,1200.0,2.420764;2.270226,344;475,
push,510,2225,1291,900.0,300.00000000000006,1200.0,2.418411;2.270226,257;475,
push,510,2226,1291,900.0,300.00000000000006,1200.0,2.399601;2.345244,339;390,
push,510,2227,1291,900.0,300.00000000000006,1200.0,2.420764;2.345244,344;390,
push,510,2228,1291,900.0,300.00000000000006,1200.0,2.418411;2.345244,257;390,
push,510,2229,1291,900.0,400.0000000000001,1300.0,2.399601;2.321928,339;554,
push,510,2230,1291,900.0,400.0000000000001,1300.0,2.420764;2.321928,344;554,
push,510,2231,1291,900.0,400.0000000000001,1300.0,2.418411;2.321928,257;554,
pop,511,1272,977,800.0,,,2.224551;2.179818,44;469,
push,511,2232,1272,900.0,300.00000000000006,1200.0,2.198211;2.270226,50;475,
push,511,2233,1272,900.0,300.00000000000006,1200.0,0.903241;2.270226,135;475,
push,511,2234,1272,900.0,300.00000000000006,1200.0,2.198211;2.345244,50;390,
push,511,2235,1272,900.0,300.00000000000006,1200.0,0.903241;2.345244,135;390,
push,511,2236,1272,900.0,400.0000000000001,1300.0,2.198211;2.321928,50;554,
push,511,2237,1272,900.0,400.0000000000001,1300.0,0.903241;2.321928,135;554,
pop,512,1278,978,800.0,,,2.279351;2.179818,128;469,
push,512,2238,1278,900.0,300.00000000000006,1200.0,0.903241;2.270226,134;475,
push,512,2239,1278,900.0,300.00000000000006,1200.0,2.394762;2.270226,49;475,
push,512,2240,1278,900.0,300.00000000000006,1200.0,2.411382;2.270226,213;475,
push,512,2241,1278,900.0,300.00000000000006,1200.0,0.903241;2.345244,134;390,
push,512,2242,1278,900.0,300.00000000000006,1200.0,2.394762;2.345244,49;390,
push,512,2243,1278,900.0,300.00000000000006,1200.0,2.411382;2.345244,213;390,
push,512,2244,1278,900.0,400.0000000000001,1300.0,0.903241;2.321928,134;554,
push,512,2245,1278,900.0,400.0000000000001,1300.0,2.394762;2.321928,49;554,
push,512,2246,1278,900.0,400.0000000000001,1300.0,2.411382;2.321928,213;554,
pop,513,1281,964,800.0,,,2.279351;2.179818,128;469,
push,513,2247,1281,900.0,300.00000000000006,1200.0,0.903241;2.270226,134;475,
push,513,2248,1281,900.0,300.00000000000006,1200.0,2.394762;2.270226,49;475,
push,513,2249,1281,900.0,300.00000000000006,1200.0,2.411382;2.270226,213;475,
push,513,2250,1281,900.0,300.00000000000006,1200.0,0.903241;2.345244,134;390,
push,513,2251,1281,900.0,300.00000000000006,1200.0,2.394762;2.345244,49;390,
push,513,2252,1281,900.0,300.00000000000006,1200.0,2.411382;2.345244,213;390,
push,513,2253,1281,900.0,400.0000000000001,1300.0,0.903241;2.321928,134;554,
push,513,2254,1281,900.0,400.0000000000001,1300.0,2.394762;2.321928,49;554,
push,513,2255,1281,900.0,400.0000000000001,1300.0,2.411382;2.321928,213;554,
pop,514,1284,967,800.0,,,2.259707;2.179818,256;469,
push,514,2256,1284,900.0,300.00000000000006,1200.0,2.399601;2.270226,338;475,
push,514,2257,1284,900.0,300.00000000000006,1200.0,2.399601;2.345244,338;390,
push,514,2258,1284,900.0,400.0000000000001,1300.0,2.399601;2.321928,338;554,
pop,515,1273,977,800.0,,,2.279351;2.179818,129;469,
push,515,2259,1273,900.0,300.00000000000006,1200.0,2.411382;2.270226,213;475,
push,515,2260,1273,900.0,300.00000000000006,1200.0,0.903241;2.270226,134;475,
prune,515,0,1273,900.0,,,2.394762;2.270226,208;475,obstacle:1
push,515,2261,1273,900.0,300.00000000000006,1200.0,2.411382;2.345244,213;390,
push,515,2262,1273,900.0,300.00000000000006,1200.0,0.903241;2.345244,134;390,
prune,515,0,1273,900.0,,,2.394762;2.345244,208;390,obstacle:1
push,515,2263,1273,900.0,400.0000000000001,1300.0,2.411382;2.321928,213;554,
push,515,2264,1273,900.0,400.0000000000001,1300.0,0.903241;2.321928,134;554,
prune,515,0,1273,900.0,,,2.394762;2.321928,208;554,obstacle:1
pop,516,1236,982,800.0,,,2.28216;2.179818,38;469,
push,516,2265,1236,900.0,300.00000000000006,1200.0,2.394762;2.270226,44;475,
push,516,2266,1236,900.0,300.00000000000006,1200.0,2.418411;2.270226,129;475,
push,516,2267,1236,900.0,300.00000000000006,1200.0,2.394762;2.345244,44;390,
push,516,2268,1236,900.0,300.00000000000006,1200.0,2.418411;2.345244,129;390,
push,516,2269,1236,900.0,400.0000000000001,1300.0,2.394762;2.321928,44;554,
push,516,2270,1236,900.0,400.0000000000001,1300.0,2.418411;2.321928,129;554,
pop,517,1245,989,800.0,,,2.224551;2.179818,44;469,
push,517,2271,1245,900.0,300.00000000000006,1200.0,2.198211;2.270226,50;475,
push,517,2272,1245,900.0,300.00000000000006,1200.0,0.903241;2.270226,135;475,
push,517,2273,1245,900.0,300.00000000000006,1200.0,2.198211;2.345244,50;390,
push,517,2274,1245,900.0,300.00000000000006,1200.0,0.903241;2.345244,135;390,
push,517,2275,1245,900.0,400.0000000000001,1300.0,2.198211;2.321928,50;554,
push,517,2276,1245,900.0,400.0000000000001,1300.0,0.903241;2.321928,135;554,
pop,518,1255,987,800.0,,,2.279351;2.179818,129;469,
push,518,2277,1255,900.0,300.00000000000006,1200.0,2.411382;2.270226,213;475,
push,518,2278,1255,900.0,300.00000000000006,1200.0,0.903241;2.270226,134;475,
prune,518,0,1255,900.0,,,2.394762;2.270226,208;475,obstacle:1
push,518,2279,1255,900.0,300.00000000000006,1200.0,2.411382;2.345244,213;390,
push,518,2280,1255,900.0,300.00000000000006,1200.0,0.903241;2.345244,134;390,
prune,518,0,1255,900.0,,,2.394762;2.345244,208;390,obstacle:1
push,518,2281,1255,900.0,400.0000000000001,1300.0,2.411382;2.321928,213;554,
push,518,2282,1255,900.0,400.0000000000001,1300.0,0.903241;2.321928,134;554,
prune,518,0,1255,900.0,,,2.394762;2.321928,208;554,obstacle:1
pop,519,1260,973,800.0,,,0.887411;2.179818,134;469,
push,519,2283,1260,900.0,300.00000000000006,1200.0,0.726929;2.270226,140;475,
push,519,2284,1260,900.0,300.00000000000006,1200.0,1.124937;2.270226,55;475,
push,519,2285,1260,900.0,300.00000000000006,1200.0,0.73931;2.270226,219;475,
push,519,2286,1260,900.0,300.00000000000006,1200.0,0.726929;2.345244,140;390,
push,519,2287,1260,900.0,300.00000000000006,1200.0,1.124937;2.345244,55;390,
push,519,2288,1260,900.0,300.00000000000006,1200.0,0.73931;2.345244,219;390,
push,519,2289,1260,900.0,400.0000000000001,1300.0,0.726929;2.321928,140;554,
push,519,2290,1260,900.0,400.0000000000001,1300.0,1.124937;2.321928,55;554,
push,519,2291,1260,900.0,400.0000000000001,1300.0,0.73931;2.321928,219;554,
pop,520,1262,973,800.0,,,2.24714;2.179818,213;469,
push,520,2292,1262,900.0,300.00000000000006,1200.0,2.388627;2.270226,302;475,
push,520,2293,1262,900.0,300.00000000000006,1200.0,0.902229;2.270226,218;475,
prune,520,0,1262,900.0,,,2.377737;2.270226,297;475,obstacle:1
push,520,2294,1262,900.0,300.00000000000006,1200.0,2.388627;2.345244,302;390,
push,520,2295,1262,900.0,300.00000000000006,1200.0,0.902229;2.345244,218;390,
prune,520,0,1262,900.0,,,2.377737;2.345244,297;390,obstacle:1
push,520,2296,1262,900.0,400.0000000000001,1300.0,2.388627;2.321928,302;554,
push,520,2297,1262,900.0,400.0000000000001,1300.0,0.902229;2.321928,218;554,
prune,520,0,1262,900.0,,,2.377737;2.321928,297;554,obstacle:1
pop,521,1261,973,800.0,,,2.224551;2.179818,49;469,
push,521,2298,1261,900.0,300.00000000000006,1200.0,2.198211;2.270226,50;475,
push,521,2299,1261,900.0,300.00000000000006,1200.0,2.198211;2.345244,50;390,
push,521,2300,1261,900.0,400.0000000000001,1300.0,2.198211;2.321928,50;554,
pop,522,1246,989,800.0,,,2.279351;2.179818,129;469,
push,522,2301,1246,900.0,300.00000000000006,1200.0,2.411382;2.270226,213;475,
push,522,2302,1246,900.0,300.00000000000006,1200.0,0.903241;2.270226,134;475,
prune,522,0,1246,900.0,,,2.394762;2.270226,208;475,obstacle:1
push,522,2303,1246,900.0,300.00000000000006,1200.0,2.411382;2.345244,213;390,
push,522,2304,1246,900.0,300.00000000000006,1200.0,0.903241;2.345244,134;390,
prune,522,0,1246,900.0,,,2.394762;2.345244,208;390,obstacle:1
push,522,2305,1246,900.0,400.0000000000001,1300.0,2.411382;2.321928,213;554,
push,522,2306,1246,900.0,400.0000000000001,1300.0,0.903241;2.321928,134;554,
prune,522,0,1246,900.0,,,2.394762;2.321928,208;554,obstacle:1
pop,523,1251,990,800.0,,,2.279351;2.179818,128;469,
push,523,2307,1251,900.0,300.00000000000006,1200.0,0.903241;2.270226,134;475,
push,523,2308,1251,900.0,300.00000000000006,1200.0,2.394762;2.270226,49;475,
push,523,2309,1251,900.0,300.00000000000006,1200.0,2.411382;2.270226,213;475,
push,523,2310,1251,900.0,300.00000000000006,1200.0,0.903241;2.345244,134;390,
push,523,2311,1251,900.0,300.00000000000006,1200.0,2.394762;2.345244,49;390,
push,523,2312,1251,900.0,300.00000000000006,1200.0,2.411382;2.345244,213;390,
push,523,2313,1251,900.0,400.0000000000001,1300.0,0.903241;2.321928,134;554,
push,523,2314,1251,900.0,400.0000000000001,1300.0,2.394762;2.321928,49;554,
push,523,2315,1251,900.0,400.0000000000001,1300.0,2.411382;2.321928,213;554,
pop,524,1254,987,800.0,,,2.224551;2.179818,44;469,
push,524,2316,1254,900.0,300.00000000000006,1200.0,2.198211;2.270226,50;475,
push,524,2317,1254,900.0,300.00000000000006,1200.0,0.903241;2.270226,135;475,
push,524,2318,1254,900.0,300.00000000000006,1200.0,2.198211;2.345244,50;390,
push,524,2319,1254,900.0,300.00000000000006,1200.0,0.903241;2.345244,135;390,
push,524,2320,1254,900.0,400.0000000000001,1300.0,2.198211;2.321928,50;554,
push,524,2321,1254,900.0,400.0000000000001,1300.0,0.903241;2.321928,135;554,
pop,525,1239,985,800.0,,,2.279351;2.179818,128;469,
push,525,2322,1239,900.0,300.00000000000006,1200.0,0.903241;2.270226,134;475,
push,525,2323,1239,900.0,300.00000000000006,1200.0,2.394762;2.270226,49;475,
push,525,2324,1239,900.0,300.00000000000006,1200.0,2.411382;2.270226,213;475,
push,525,2325,1239,900.0,300.00000000000006,1200.0,0.903241;2.345244,134;390,
push,525,2326,1239,900.0,300.00000000000006,1200.0,2.394762;2.345244,49;390,
push,525,2327,1239,900.0,300.00000000000006,1200.0,2.411382;2.345244,213;390,
push,525,2328,1239,900.0,400.0000000000001,1300.0,0.903241;2.321928,134;554,
push,525,2329,1239,900.0,400.0000000000001,1300.0,2.394762;2.321928,49;554,
push,525,2330,1239,900.0,400.0000000000001,1300.0,2.411382;2.321928,213;554,
pop,526,1240,985,800.0,,,2.28216;2.179818,43;469,
push,526,2331,1240,900.0,300.00000000000006,1200.0,2.394762;2.270226,44;475,
push,526,2332,1240,900.0,300.00000000000006,1200.0,2.394762;2.345244,44;390,
push,526,2333,1240,900.0,400.0000000000001,1300.0,2.394762;2.321928,44;554,
pop,527,1152,677,800.0,,,2.291759;2.179818,122;469,
push,527,2334,1152,900.0,300.00000000000006,1200.0,2.392331;2.270226,128;475,
push,527,2335,1152,900.0,300.00000000000006,1200.0,2.416051;2.270226,43;475,
prune,527,0,1152,900.0,,,2.416051;2.270226,207;475,obstacle:1
push,527,2336,1152,900.0,300.00000000000006,1200.0,2.392331;2.345244,128;390,
push,527,2337,1152,900.0,300.00000000000006,1200.0,2.416051;2.345244,43;390,
prune,527,0,1152,900.0,,,2.416051;2.345244,207;390,obstacle:1
push,527,2338,1152,900.0,400.0000000000001,1300.0,2.392331;2.321928,128;554,
push,527,2339,1152,900.0,400.0000000000001,1300.0,2.416051;2.321928,43;554,
prune,527,0,1152,900.0,,,2.416051;2.321928,207;554,obstacle:1
pop,528,1153,677,800.0,,,2.30669;2.179818,37;469,
push,528,2340,1153,900.0,300.00000000000006,1200.0,2.416051;2.270226,38;475,
push,528,2341,1153,900.0,300.00000000000006,1200.0,2.416051;2.345244,38;390,
push,528,2342,1153,900.0,400.0000000000001,1300.0,2.416051;2.321928,38;554,
pop,529,1185,994,800.0,,,2.30669;2.179818,182;469,
prune,529,0,1185,900.0,,,2.416051;2.270226,188;475,obstacle:1
push,529,2343,1185,900.0,300.00000000000006,1200.0,2.418411;2.270226,109;475,
prune,529,0,1185,900.0,,,2.428817;2.270226,272;475,obstacle:1
prune,529,0,1185,900.0,,,2.416051;2.345244,188;390,obstacle:1
push,529,2344,1185,900.0,300.00000000000006,1200.0,2.418411;2.345244,109;390,
prune,529,0,1185,900.0,,,2.428817;2.345244,272;390,obstacle:1
prune,529,0,1185,900.0,,,2.416051;2.321928,188;554,obstacle:1
push,529,2345,1185,900.0,400.0000000000001,1300.0,2.418411;2.321928,109;554,
prune,529,0,1185,900.0,,,2.428817;2.321928,272;554,obstacle:1
pop,530,1186,994,800.0,,,2.309401;2.179818,266;469,
push,530,2346,1186,900.0,300.00000000000006,1200.0,2.420764;2.270226,350;475,
prune,530,0,1186,900.0,,,2.428817;2.270226,271;475,obstacle:1
push,530,2347,1186,900.0,300.00000000000006,1200.0,2.420764;2.270226,345;475,
push,530,2348,1186,900.0,300.00000000000006,1200.0,2.420764;2.345244,350;390,
prune,530,0,1186,900.0,,,2.428817;2.345244,271;390,obstacle:1
push,530,2349,1186,900.0,300.00000000000006,1200.0,2.420764;2.345244,345;390,
push,530,2350,1186,900.0,400.0000000000001,1300.0,2.420764;2.321928,350;554,
prune,530,0,1186,900.0,,,2.428817;2.321928,271;554,obstacle:1
push,530,2351,1186,900.0,400.0000000000001,1300.0,2.420764;2.321928,345;554,
pop,531,1191,995,800.0,,,2.287749;2.179818,338;469,
push,531,2352,1191,900.0,300.00000000000006,1200.0,2.40201;2.270226,428;475,
push,531,2353,1191,900.0,300.00000000000006,1200.0,2.420764;2.270226,343;475,
push,531,2354,1191,900.0,300.00000000000006,1200.0,2.391248;2.270226,423;475,
push,531,2355,1191,900.0,300.00000000000006,1200.0,2.40201;2.345244,428;390,
push,531,2356,1191,900.0,300.00000000000006,1200.0,2.420764;2.345244,343;390,
push,531,2357,1191,900.0,300.00000000000006,1200.0,2.391248;2.345244,423;390,
push,531,2358,1191,900.0,400.0000000000001,1300.0,2.40201;2.321928,428;554,
push,531,2359,1191,900.0,400.0000000000001,1300.0,2.420764;2.321928,343;554,
push,531,2360,1191,900.0,400.0000000000001,1300.0,2.391248;2.321928,423;554,
pop,532,1158,678,800.0,,,2.30669;2.179818,32;469,
push,532,2361,1158,900.0,300.00000000000006,1200.0,2.416051;2.270226,38;475,
push,532,2362,1158,900.0,300.00000000000006,1200.0,2.428817;2.270226,123;475,
push,532,2363,1158,900.0,300.00000000000006,1200.0,2.416051;2.345244,38;390,
push,532,2364,1158,900.0,300.00000000000006,1200.0,2.428817;2.345244,123;390,
push,532,2365,1158,900.0,400.0000000000001,1300.0,2.416051;2.321928,38;554,
push,532,2366,1158,900.0,400.0000000000001,1300.0,2.428817;2.321928,123;554,
pop,533,1170,682,800.0,,,2.30669;2.179818,173;469,
push,533,2367,1170,900.0,300.00000000000006,1200.0,2.418411;2.270226,256;475,
push,533,2368,1170,900.0,300.00000000000006,1200.0,2.428817;2.270226,90;475,
push,533,2369,1170,900.0,300.00000000000006,1200.0,2.418411;2.345244,256;390,
push,533,2370,1170,900.0,300.00000000000006,1200.0,2.428817;2.345244,90;390,
push,533,2371,1170,900.0,400.0000000000001,1300.0,2.418411;2.321928,256;554,
push,533,2372,1170,900.0,400.0000000000001,1300.0,2.428817;2.321928,90;554,
pop,534,1176,993,800.0,,,2.287749;2.179818,344;469,
push,534,2373,1176,900.0,300.00000000000006,1200.0,2.391248;2.270226,434;475,
push,534,2374,1176,900.0,300.00000000000006,1200.0,2.420764;2.270226,349;475,
push,534,2375,1176,900.0,300.00000000000006,1200.0,2.40201;2.270226,429;475,
push,534,2376,1176,900.0,300.00000000000006,1200.0,2.391248;2.345244,434;390,
push,534,2377,1176,900.0,300.00000000000006,1200.0,2.420764;2.345244,349;390,
push,534,2378,1176,900.0,300.00000000000006,1200.0,2.40201;2.345244,429;390,
push,534,2379,1176,900.0,400.0000000000001,1300.0,2.391248;2.321928,434;554,
push,534,2380,1176,900.0,400.0000000000001,1300.0,2.420764;2.321928,349;554,
push,534,2381,1176,900.0,400.0000000000001,1300.0,2.40201;2.321928,429;554,
pop,535,1177,993,800.0,,,2.309401;2.179818,265;469,
prune,535,0,1177,900.0,,,2.428817;2.270226,271;475,obstacle:1
push,535,2382,1177,900.0,300.00000000000006,1200.0,2.420764;2.270226,187;475,
push,535,2383,1177,900.0,300.00000000000006,1200.0,2.420764;2.270226,350;475,
prune,535,0,1177,900.0,,,2.428817;2.345244,271;390,obstacle:1
push,535,2384,1177,900.0,300.00000000000006,1200.0,2.420764;2.345244,187;390,
push,535,2385,1177,900.0,300.00000000000006,1200.0,2.420764;2.345244,350;390,
prune,535,0,1177,900.0,,,2.428817;2.321928,271;554,obstacle:1
push,535,2386,1177,900.0,400.0000000000001,1300.0,2.420764;2.321928,187;554,
push,535,2387,1177,900.0,400.0000000000001,1300.0,2.420764;2.321928,350;554,
pop,536,1178,993,800.0,,,2.287749;2.179818,339;469,
push,536,2388,1178,900.0,300.00000000000006,1200.0,2.391248;2.270226,423;475,
push,536,2389,1178,900.0,300.00000000000006,1200.0,2.40201;2.270226,428;475,
push,536,2390,1178,900.0,300.00000000000006,1200.0,2.391248;2.345244,423;390,
push,536,2391,1178,900.0,300.00000000000006,1200.0,2.40201;2.345244,428;390,
push,536,2392,1178,900.0,400.0000000000001,1300.0,2.391248;2.321928,423;554,
push,536,2393,1178,900.0,400.0000000000001,1300.0,2.40201;2.321928,428;554,
pop,537,1171,682,800.0,,,2.297278;2.179818,261;469,
push,537,2394,1171,900.0,300.00000000000006,1200.0,2.399601;2.270226,339;475,
push,537,2395,1171,900.0,300.00000000000006,1200.0,2.420764;2.270226,344;475,
push,537,2396,1171,900.0,300.00000000000006,1200.0,2.418411;2.270226,257;475,
push,537,2397,1171,900.0,300.00000000000006,1200.0,2.399601;2.345244,339;390,
push,537,2398,1171,900.0,300.00000000000006,1200.0,2.420764;2.345244,344;390,
push,537,2399,1171,900.0,300.00000000000006,1200.0,2.418411;2.345244,257;390,
push,537,2400,1171,900.0,400.0000000000001,1300.0,2.399601;2.321928,339;554,
push,537,2401,1171,900.0,400.0000000000001,1300.0,2.420764;2.321928,344;554,
push,537,2402,1171,900.0,400.0000000000001,1300.0,2.418411;2.321928,257;554,
pop,538,1161,681,800.0,,,2.262591;2.179818,345;469,
push,538,2403,1161,900.0,300.00000000000006,1200.0,2.358059;2.270226,429;475,
push,538,2404,1161,900.0,300.00000000000006,1200.0,2.391248;2.270226,434;475,
push,538,2405,1161,900.0,300.00000000000006,1200.0,2.399601;2.270226,340;475,
push,538,2406,1161,900.0,300.00000000000006,1200.0,2.358059;2.345244,429;390,
push,538,2407,1161,900.0,300.00000000000006,1200.0,2.391248;2.345244,434;390,
push,538,2408,1161,900.0,300.00000000000006,1200.0,2.399601;2.345244,340;390,
push,538,2409,1161,900.0,400.0000000000001,1300.0,2.358059;2.321928,429;554,
push,538,2410,1161,900.0,400.0000000000001,1300.0,2.391248;2.321928,434;554,
push,538,2411,1161,900.0,400.0000000000001,1300.0,2.399601;2.321928,340;554,
pop,539,1162,681,800.0,,,2.287749;2.179818,350;469,
push,539,2412,1162,900.0,300.00000000000006,1200.0,2.40201;2.270226,440;475,
prune,539,0,1162,900.0,,,2.420764;2.270226,355;475,obstacle:1
push,539,2413,1162,900.0,300.00000000000006,1200.0,2.391248;2.270226,435;475,
push,539,2414,1162,900.0,300.00000000000006,1200.0,2.40201;2.345244,440;390,
prune,539,0,1162,900.0,,,2.420764;2.345244,355;390,obstacle:1
push,539,2415,1162,900.0,300.00000000000006,1200.0,2.391248;2.345244,435;390,
push,539,2416,1162,900.0,400.0000000000001,1300.0,2.40201;2.321928,440;554,
prune,539,0,1162,900.0,,,2.420764;2.321928,355;554,obstacle:1
push,539,2417,1162,900.0,400.0000000000001,1300.0,2.391248;2.321928,435;554,
pop,540,1163,681,800.0,,,2.297278;2.179818,262;469,
push,540,2418,1163,900.0,300.00000000000006,1200.0,2.418411;2.270226,257;475,
push,540,2419,1163,900.0,300.00000000000006,1200.0,2.399601;2.270226,339;475,
push,540,2420,1163,900.0,300.00000000000006,1200.0,2.420764;2.270226,174;475,
push,540,2421,1163,900.0,300.00000000000006,1200.0,2.418411;2.345244,257;390,
push,540,2422,1163,900.0,300.00000000000006,1200.0,2.399601;2.345244,339;390,
push,540,2423,1163,900.0,300.00000000000006,1200.0,2.420764;2.345244,174;390,
push,540,2424,1163,900.0,400.0000000000001,1300.0,2.418411;2.321928,257;554,
push,540,2425,1163,900.0,400.0000000000001,1300.0,2.399601;2.321928,339;554,
push,540,2426,1163,900.0,400.0000000000001,1300.0,2.420764;2.321928,174;554,
pop,541,1074,710,800.0,,,2.279351;2.179818,128;469,
push,541,2427,1074,900.0,300.00000000000006,1200.0,0.903241;2.270226,134;475,
push,541,2428,1074,900.0,300.00000000000006,1200.0,2.394762;2.270226,49;475,
push,541,2429,1074,900.0,300.00000000000006,1200.0,2.411382;2.270226,213;475,
push,541,2430,1074,900.0,300.00000000000006,1200.0,0.903241;2.345244,134;390,
push,541,2431,1074,900.0,300.00000000000006,1200.0,2.394762;2.345244,49;390,
push,541,2432,1074,900.0,300.00000000000006,1200.0,2.411382;2.345244,213;390,
push,541,2433,1074,900.0,400.0000000000001,1300.0,0.903241;2.321928,134;554,
push,541,2434,1074,900.0,400.0000000000001,1300.0,2.394762;2.321928,49;554,
push,541,2435,1074,900.0,400.0000000000001,1300.0,2.411382;2.321928,213;554,
pop,542,1113,685,800.0,,,2.279351;2.179818,128;469,
push,542,2436,1113,900.0,300.00000000000006,1200.0,0.903241;2.270226,134;475,
push,542,2437,1113,900.0,300.00000000000006,1200.0,2.394762;2.270226,49;475,
push,542,2438,1113,900.0,300.00000000000006,1200.0,2.411382;2.270226,213;475,
push,542,2439,1113,900.0,300.00000000000006,1200.0,0.903241;2.345244,134;390,
push,542,2440,1113,900.0,300.00000000000006,1200.0,2.394762;2.345244,49;390,
push,542,2441,1113,900.0,300.00000000000006,1200.0,2.411382;2.345244,213;390,
push,542,2442,1113,900.0,400.0000000000001,1300.0,0.903241;2.321928,134;554,
push,542,2443,1113,900.0,400.0000000000001,1300.0,2.394762;2.321928,49;554,
push,542,2444,1113,900.0,400.0000000000001,1300.0,2.411382;2.321928,213;554,
pop,543,1129,695,800.0,,,2.291759;2.179818,123;469,
prune,543,0,1129,900.0,,,2.416051;2.270226,207;475,obstacle:1
push,543,2445,1129,900.0,300.00000000000006,1200.0,2.392331;2.270226,128;475,
prune,543,0,1129,900.0,,,2.416051;2.270226,202;475,obstacle:1
prune,543,0,1129,900.0,,,2.416051;2.345244,207;390,obstacle:1
push,543,2446,1129,900.0,300.00000000000006,1200.0,2.392331;2.345244,128;390,
prune,543,0,1129,900.0,,,2.416051;2.345244,202;390,obstacle:1
prune,543,0,1129,900.0,,,2.416051;2.321928,207;554,obstacle:1
push,543,2447,1129,900.0,400.0000000000001,1300.0,2.392331;2.321928,128;554,
prune,543,0,1129,900.0,,,2.416051;2.321928,202;554,obstacle:1
pop,544,1143,689,800.0,,,2.297278;2.179818,434;469,
push,544,2448,1143,900.0,300.00000000000006,1200.0,2.399601;2.270226,518;475,
push,544,2449,1143,900.0,300.00000000000006,1200.0,2.418411;2.270226,439;475,
push,544,2450,1143,900.0,300.00000000000006,1200.0,2.420764;2.270226,513;475,
push,544,2451,1143,900.0,300.00000000000006,1200.0,2.399601;2.345244,518;390,
push,544,2452,1143,900.0,300.00000000000006,1200.0,2.418411;2.345244,439;390,
push,544,2453,1143,900.0,300.00000000000006,1200.0,2.420764;2.345244,513;390,
push,544,2454,1143,900.0,400.0000000000001,1300.0,2.399601;2.321928,518;554,
push,544,2455,1143,900.0,400.0000000000001,1300.0,2.418411;2.321928,439;554,
push,544,2456,1143,900.0,400.0000000000001,1300.0,2.420764;2.321928,513;554,
pop,545,1144,689,800.0,,,2.30669;2.179818,349;469,
prune,545,0,1144,900.0,,,2.416051;2.270226,355;475,obstacle:1
prune,545,0,1144,900.0,,,2.428817;2.270226,276;475,obstacle:1
push,545,2457,1144,900.0,300.00000000000006,1200.0,2.418411;2.270226,440;475,
prune,545,0,1144,900.0,,,2.416051;2.345244,355;390,obstacle:1
prune,545,0,1144,900.0,,,2.428817;2.345244,276;390,obstacle:1
push,545,2458,1144,900.0,300.00000000000006,1200.0,2.418411;2.345244,440;390,
prune,545,0,1144,900.0,,,2.416051;2.321928,355;554,obstacle:1
prune,545,0,1144,900.0,,,2.428817;2.321928,276;554,obstacle:1
push,545,2459,1144,900.0,400.0000000000001,1300.0,2.418411;2.321928,440;554,
pop,546,1145,689,800.0,,,2.309401;2.179818,429;469,
push,546,2460,1145,900.0,300.00000000000006,1200.0,2.420764;2.270226,507;475,
push,546,2461,1145,900.0,300.00000000000006,1200.0,2.420764;2.270226,512;475,
push,546,2462,1145,900.0,300.00000000000006,1200.0,2.428817;2.270226,424;475,
push,546,2463,1145,900.0,300.00000000000006,1200.0,2.420764;2.345244,507;390,
push,546,2464,1145,900.0,300.00000000000006,1200.0,2.420764;2.345244,512;390,
push,546,2465,1145,900.0,300.00000000000006,1200.0,2.428817;2.345244,424;390,
push,546,2466,1145,900.0,400.0000000000001,1300.0,2.420764;2.321928,507;554,
push,546,2467,1145,900.0,400.0000000000001,1300.0,2.420764;2.321928,512;554,
push,546,2468,1145,900.0,400.0000000000001,1300.0,2.428817;2.321928,424;554,
pop,547,1134,687,800.0,,,2.297278;2.179818,260;469,
push,547,2469,1134,900.0,300.00000000000006,1200.0,2.399601;2.270226,344;475,
push,547,2470,1134,900.0,300.00000000000006,1200.0,2.420764;2.270226,339;475,
push,547,2471,1134,900.0,300.00000000000006,1200.0,2.399601;2.345244,344;390,
push,547,2472,1134,900.0,300.00000000000006,1200.0,2.420764;2.345244,339;390,
push,547,2473,1134,900.0,400.0000000000001,1300.0,2.399601;2.321928,344;554,
push,547,2474,1134,900.0,400.0000000000001,1300.0,2.420764;2.321928,339;554,
pop,548,1135,687,800.0,,,2.30669;2.179818,176;469,
push,548,2475,1135,900.0,300.00000000000006,1200.0,2.416051;2.270226,182;475,
push,548,2476,1135,900.0,300.00000000000006,1200.0,2.428817;2.270226,103;475,
push,548,2477,1135,900.0,300.00000000000006,1200.0,2.418411;2.270226,266;475,
push,548,2478,1135,900.0,300.00000000000006,1200.0,2.416051;2.345244,182;390,
push,548,2479,1135,900.0,300.00000000000006,1200.0,2.428817;2.345244,103;390,
push,548,2480,1135,900.0,300.00000000000006,1200.0,2.418411;2.345244,266;390,
push,548,2481,1135,900.0,400.0000000000001,1300.0,2.416051;2.321928,182;554,
push,548,2482,1135,900.0,400.0000000000001,1300.0,2.428817;2.321928,103;554,
push,548,2483,1135,900.0,400.0000000000001,1300.0,2.418411;2.321928,266;554,
pop,549,1136,687,800.0,,,2.309401;2.179818,256;469,
push,549,2484,1136,900.0,300.00000000000006,1200.0,2.420764;2.270226,338;475,
push,549,2485,1136,900.0,300.00000000000006,1200.0,2.420764;2.345244,338;390,
push,549,2486,1136,900.0,400.0000000000001,1300.0,2.420764;2.321928,338;554,
pop,550,1114,685,800.0,,,2.28216;2.179818,43;469,
push,550,2487,1114,900.0,300.00000000000006,1200.0,2.394762;2.270226,44;475,
push,550,2488,1114,900.0,300.00000000000006,1200.0,2.394762;2.345244,44;390,
push,550,2489,1114,900.0,400.0000000000001,1300.0,2.394762;2.321928,44;554,
pop,551,1119,690,800.0,,,2.297278;2.179818,423;469,
push,551,2490,1119,900.0,300.00000000000006,1200.0,2.420764;2.270226,506;475,
push,551,2491,1119,900.0,300.00000000000006,1200.0,2.420764;2.345244,506;390,
push,551,2492,1119,900.0,400.0000000000001,1300.0,2.420764;2.321928,506;554,
pop,552,1125,693,800.0,,,2.30669;2.179818,171;469,
push,552,2493,1125,900.0,300.00000000000006,1200.0,2.428817;2.270226,260;475,
push,552,2494,1125,900.0,300.00000000000006,1200.0,2.416051;2.270226,176;475,
push,552,2495,1125,900.0,300.00000000000006,1200.0,2.418411;2.270226,256;475,
push,552,2496,1125,900.0,300.00000000000006,1200.0,2.428817;2.345244,260;390,
push,552,2497,1125,900.0,300.00000000000006,1200.0,2.416051;2.345244,176;390,
push,552,2498,1125,900.0,300.00000000000006,1200.0,2.418411;2.345244,256;390,
push,552,2499,1125,900.0,400.0000000000001,1300.0,2.428817;2.321928,260;554,
push,552,2500,1125,900.0,400.0000000000001,1300.0,2.416051;2.321928,176;554,
push,552,2501,1125,900.0,400.0000000000001,1300.0,2.418411;2.321928,256;554,
pop,553,1128,695,800.0,,,2.250991;2.179818,38;469,
push,553,2502,1128,900.0,300.00000000000006,1200.0,2.345244;2.270226,44;475,
push,553,2503,1128,900.0,300.00000000000006,1200.0,2.392331;2.270226,129;475,
push,553,2504,1128,900.0,300.00000000000006,1200.0,2.345244;2.345244,44;390,
push,553,2505,1128,900.0,300.00000000000006,1200.0,2.392331;2.345244,129;390,
push,553,2506,1128,900.0,400.0000000000001,1300.0,2.345244;2.321928,44;554,
push,553,2507,1128,900.0,400.0000000000001,1300.0,2.392331;2.321928,129;554,
pop,554,1120,690,800.0,,,2.309401;2.179818,428;469,
push,554,2508,1120,900.0,300.00000000000006,1200.0,2.420764;2.270226,512;475,
push,554,2509,1120,900.0,300.00000000000006,1200.0,2.428817;2.270226,433;475,
push,554,2510,1120,900.0,300.00000000000006,1200.0,2.420764;2.270226,507;475,
push,554,2511,1120,900.0,300.00000000000006,1200.0,2.420764;2.345244,512;390,
push,554,2512,1120,900.0,300.00000000000006,1200.0,2.428817;2.345244,433;390,
push,554,2513,1120,900.0,300.00000000000006,1200.0,2.420764;2.345244,507;390,
push,554,2514,1120,900.0,400.0000000000001,1300.0,2.420764;2.321928,512;554,
push,554,2515,1120,900.0,400.0000000000001,1300.0,2.428817;2.321928,433;554,
push,554,2516,1120,900.0,400.0000000000001,1300.0,2.420764;2.321928,507;554,
pop,555,1077,699,800.0,,,2.291759;2.179818,122;469,
push,555,2517,1077,900.0,300.00000000000006,1200.0,2.392331;2.270226,128;475,
push,555,2518,1077,900.0,300.00000000000006,1200.0,2.416051;2.270226,43;475,
prune,555,0,1077,900.0,,,2.416051;2.270226,207;475,obstacle:1
push,555,2519,1077,900.0,300.00000000000006,1200.0,2.392331;2.345244,128;390,
push,555,2520,1077,900.0,300.00000000000006,1200.0,2.416051;2.345244,43;390,
prune,555,0,1077,900.0,,,2.416051;2.345244,207;390,obstacle:1
push,555,2521,1077,900.0,400.0000000000001,1300.0,2.392331;2.321928,128;554,
push,555,2522,1077,900.0,400.0000000000001,1300.0,2.416051;2.321928,43;554,
prune,555,0,1077,900.0,,,2.416051;2.321928,207;554,obstacle:1
pop,556,1091,704,800.0,,,2.297278;2.179818,261;469,
push,556,2523,1091,900.0,300.00000000000006,1200.0,2.399601;2.270226,339;475,
push,556,2524,1091,900.0,300.00000000000006,1200.0,2.420764;2.270226,344;475,
push,556,2525,1091,900.0,300.00000000000006,1200.0,2.418411;2.270226,257;475,
push,556,2526,1091,900.0,300.00000000000006,1200.0,2.399601;2.345244,339;390,
push,556,2527,1091,900.0,300.00000000000006,1200.0,2.420764;2.345244,344;390,
push,556,2528,1091,900.0,300.00000000000006,1200.0,2.418411;2.345244,257;390,
push,556,2529,1091,900.0,400.0000000000001,1300.0,2.399601;2.321928,339;554,
push,556,2530,1091,900.0,400.0000000000001,1300.0,2.420764;2.321928,344;554,
push,556,2531,1091,900.0,400.0000000000001,1300.0,2.418411;2.321928,257;554,
pop,557,1100,701,800.0,,,2.297278;2.179818,423;469,
push,557,2532,1100,900.0,300.00000000000006,1200.0,2.420764;2.270226,506;475,
push,557,2533,1100,900.0,300.00000000000006,1200.0,2.420764;2.345244,506;390,
push,557,2534,1100,900.0,400.0000000000001,1300.0,2.420764;2.321928,506;554,
pop,558,1107,675,800.0,,,2.291759;2.179818,122;469,
push,558,2535,1107,900.0,300.00000000000006,1200.0,2.392331;2.270226,128;475,
push,558,2536,1107,900.0,300.00000000000006,1200.0,2.416051;2.270226,43;475,
prune,558,0,1107,900.0,,,2.416051;2.270226,207;475,obstacle:1
push,558,2537,1107,900.0,300.00000000000006,1200.0,2.392331;2.345244,128;390,
push,558,2538,1107,900.0,300.00000000000006,1200.0,2.416051;2.345244,43;390,
prune,558,0,1107,900.0,,,2.416051;2.345244,207;390,obstacle:1
push,558,2539,1107,900.0,400.0000000000001,1300.0,2.392331;2.321928,128;554,
push,558,2540,1107,900.0,400.0000000000001,1300.0,2.416051;2.321928,43;554,
prune,558,0,1107,900.0,,,2.416051;2.321928,207;554,obstacle:1
pop,559,1108,675,800.0,,,2.30669;2.179818,37;469,
push,559,2541,1108,900.0,300.00000000000006,1200.0,2.416051;2.270226,38;475,
push,559,2542,1108,900.0,300.00000000000006,1200.0,2.416051;2.345244,38;390,
push,559,2543,1108,900.0,400.0000000000001,1300.0,2.416051;2.321928,38;554,
pop,560,1098,701,800.0,,,2.309401;2.179818,428;469,
push,560,2544,1098,900.0,300.00000000000006,1200.0,2.420764;2.270226,512;475,
push,560,2545,1098,900.0,300.00000000000006,1200.0,2.428817;2.270226,433;475,
push,560,2546,1098,900.0,300.00000000000006,1200.0,2.420764;2.270226,507;475,
push,560,2547,1098,900.0,300.00000000000006,1200.0,2.420764;2.345244,512;390,
push,560,2548,1098,900.0,300.00000000000006,1200.0,2.428817;2.345244,433;390,
push,560,2549,1098,900.0,300.00000000000006,1200.0,2.420764;2.345244,507;390,
push,560,2550,1098,900.0,400.0000000000001,1300.0,2.420764;2.321928,512;554,
push,560,2551,1098,900.0,400.0000000000001,1300.0,2.428817;2.321928,433;554,
push,560,2552,1098,900.0,400.0000000000001,1300.0,2.420764;2.321928,507;554,
pop,561,1099,701,800.0,,,2.30669;2.179818,343;469,
push,561,2553,1099,900.0,300.00000000000006,1200.0,2.416051;2.270226,349;475,
push,561,2554,1099,900.0,300.00000000000006,1200.0,2.418411;2.270226,270;475,
push,561,2555,1099,900.0,300.00000000000006,1200.0,2.428817;2.270226,434;475,
push,561,2556,1099,900.0,300.00000000000006,1200.0,2.416051;2.345244,349;390,
push,561,2557,1099,900.0,300.00000000000006,1200.0,2.418411;2.345244,270;390,
push,561,2558,1099,900.0,300.00000000000006,1200.0,2.428817;2.345244,434;390,
push,561,2559,1099,900.0,400.0000000000001,1300.0,2.416051;2.321928,349;554,
push,561,2560,1099,900.0,400.0000000000001,1300.0,2.418411;2.321928,270;554,
push,561,2561,1099,900.0,400.0000000000001,1300.0,2.428817;2.321928,434;554,
pop,562,1078,699,800.0,,,2.30669;2.179818,37;469,
push,562,2562,1078,900.0,300.00000000000006,1200.0,2.416051;2.270226,38;475,
push,562,2563,1078,900.0,300.00000000000006,1200.0,2.416051;2.345244,38;390,
push,562,2564,1078,900.0,400.0000000000001,1300.0,2.416051;2.321928,38;554,
pop,563,1083,703,800.0,,,2.259707;2.179818,256;469,
push,563,2565,1083,900.0,300.00000000000006,1200.0,2.399601;2.270226,338;475,
push,563,2566,1083,900.0,300.00000000000006,1200.0,2.399601;2.345244,338;390,
push,563,2567,1083,900.0,400.0000000000001,1300.0,2.399601;2.321928,338;554,
pop,564,1089,704,800.0,,,2.309401;2.179818,266;469,
push,564,2568,1089,900.0,300.00000000000006,1200.0,2.420764;2.270226,350;475,
prune,564,0,1089,900.0,,,2.428817;2.270226,271;475,obstacle:1
push,564,2569,1089,900.0,300.00000000000006,1200.0,2.420764;2.270226,345;475,
push,564,2570,1089,900.0,300.00000000000006,1200.0,2.420764;2.345244,350;390,
prune,564,0,1089,900.0,,,2.428817;2.345244,271;390,obstacle:1
push,564,2571,1089,900.0,300.00000000000006,1200.0,2.420764;2.345244,345;390,
push,564,2572,1089,900.0,400.0000000000001,1300.0,2.420764;2.321928,350;554,
prune,564,0,1089,900.0,,,2.428817;2.321928,271;554,obstacle:1
push,564,2573,1089,900.0,400.0000000000001,1300.0,2.420764;2.321928,345;554,
pop,565,1090,704,800.0,,,2.30669;2.179818,182;469,
prune,565,0,1090,900.0,,,2.416051;2.270226,188;475,obstacle:1
prune,565,0,1090,900.0,,,2.428817;2.270226,272;475,obstacle:1
prune,565,0,1090,900.0,,,2.416051;2.345244,188;390,obstacle:1
prune,565,0,1090,900.0,,,2.428817;2.345244,272;390,obstacle:1
prune,565,0,1090,900.0,,,2.416051;2.321928,188;554,obstacle:1
prune,565,0,1090,900.0,,,2.428817;2.321928,272;554,obstacle:1
pop,566,1084,703,800.0,,,2.297278;2.179818,260;469,
push,566,2574,1084,900.0,300.00000000000006,1200.0,2.420764;2.270226,344;475,
push,566,2575,1084,900.0,300.00000000000006,1200.0,2.399601;2.270226,339;475,
push,566,2576,1084,900.0,300.00000000000006,1200.0,2.420764;2.345244,344;390,
push,566,2577,1084,900.0,300.00000000000006,1200.0,2.399601;2.345244,339;390,
push,566,2578,1084,900.0,400.0000000000001,1300.0,2.420764;2.321928,344;554,
push,566,2579,1084,900.0,400.0000000000001,1300.0,2.399601;2.321928,339;554,
pop,567,1051,709,800.0,,,2.279351;2.179818,129;469,
push,567,2580,1051,900.0,300.00000000000006,1200.0,2.411382;2.270226,213;475,
push,567,2581,1051,900.0,300.00000000000006,1200.0,0.903241;2.270226,134;475,
prune,567,0,1051,900.0,,,2.394762;2.270226,208;475,obstacle:1
push,567,2582,1051,900.0,300.00000000000006,1200.0,2.411382;2.345244,213;390,
push,567,2583,1051,900.0,300.00000000000006,1200.0,0.903241;2.345244,134;390,
prune,567,0,1051,900.0,,,2.394762;2.345244,208;390,obstacle:1
push,567,2584,1051,900.0,400.0000000000001,1300.0,2.411382;2.321928,213;554,
push,567,2585,1051,900.0,400.0000000000001,1300.0,0.903241;2.321928,134;554,
prune,567,0,1051,900.0,,,2.394762;2.321928,208;554,obstacle:1
pop,568,1065,717,800.0,,,2.259707;2.179818,256;469,
push,568,2586,1065,900.0,300.00000000000006,1200.0,2.399601;2.270226,338;475,
push,568,2587,1065,900.0,300.00000000000006,1200.0,2.399601;2.345244,338;390,
push,568,2588,1065,900.0,400.0000000000001,1300.0,2.399601;2.321928,338;554,
pop,569,1066,717,800.0,,,2.297278;2.179818,260;469,
push,569,2589,1066,900.0,300.00000000000006,1200.0,2.420764;2.270226,344;475,
push,569,2590,1066,900.0,300.00000000000006,1200.0,2.418411;2.270226,265;475,
push,569,2591,1066,900.0,300.00000000000006,1200.0,2.399601;2.270226,339;475,
push,569,2592,1066,900.0,300.00000000000006,1200.0,2.420764;2.345244,344;390,
push,569,2593,1066,900.0,300.00000000000006,1200.0,2.418411;2.345244,265;390,
push,569,2594,1066,900.0,300.00000000000006,1200.0,2.399601;2.345244,339;390,
push,569,2595,1066,900.0,400.0000000000001,1300.0,2.420764;2.321928,344;554,
push,569,2596,1066,900.0,400.0000000000001,1300.0,2.418411;2.321928,265;554,
push,569,2597,1066,900.0,400.0000000000001,1300.0,2.399601;2.321928,339;554,
pop,570,1056,713,800.0,,,0.887411;2.179818,134;469,
push,570,2598,1056,900.0,300.00000000000006,1200.0,0.726929;2.270226,140;475,
push,570,2599,1056,900.0,300.00000000000006,1200.0,1.124937;2.270226,55;475,
push,570,2600,1056,900.0,300.00000000000006,1200.0,0.73931;2.270226,219;475,
push,570,2601,1056,900.0,300.00000000000006,1200.0,0.726929;2.345244,140;390,
push,570,2602,1056,900.0,300.00000000000006,1200.0,1.124937;2.345244,55;390,
push,570,2603,1056,900.0,300.00000000000006,1200.0,0.73931;2.345244,219;390,
push,570,2604,1056,900.0,400.0000000000001,1300.0,0.726929;2.321928,140;554,
push,570,2605,1056,900.0,400.0000000000001,1300.0,1.124937;2.321928,55;554,
push,570,2606,1056,900.0,400.0000000000001,1300.0,0.73931;2.321928,219;554,
pop,571,1057,713,800.0,,,2.224551;2.179818,49;469,
push,571,2607,1057,900.0,300.00000000000006,1200.0,2.198211;2.270226,50;475,
push,571,2608,1057,900.0,300.00000000000006,1200.0,2.198211;2.345244,50;390,
push,571,2609,1057,900.0,400.0000000000001,1300.0,2.198211;2.321928,50;554,
pop,572,1058,713,800.0,,,2.24714;2.179818,213;469,
push,572,2610,1058,900.0,300.00000000000006,1200.0,2.388627;2.270226,302;475,
push,572,2611,1058,900.0,300.00000000000006,1200.0,0.902229;2.270226,218;475,
prune,572,0,1058,900.0,,,2.377737;2.270226,297;475,obstacle:1
push,572,2612,1058,900.0,300.00000000000006,1200.0,2.388627;2.345244,302;390,
push,572,2613,1058,900.0,300.00000000000006,1200.0,0.902229;2.345244,218;390,
prune,572,0,1058,900.0,,,2.377737;2.345244,297;390,obstacle:1
push,572,2614,1058,900.0,400.0000000000001,1300.0,2.388627;2.321928,302;554,
push,572,2615,1058,900.0,400.0000000000001,1300.0,0.902229;2.321928,218;554,
prune,572,0,1058,900.0,,,2.377737;2.321928,297;554,obstacle:1
pop,573,1047,696,800.0,,,2.291759;2.179818,122;469,
push,573,2616,1047,900.0,300.00000000000006,1200.0,2.392331;2.270226,128;475,
push,573,2617,1047,900.0,300.00000000000006,1200.0,2.416051;2.270226,43;475,
prune,573,0,1047,900.0,,,2.416051;2.270226,207;475,obstacle:1
push,573,2618,1047,900.0,300.00000000000006,1200.0,2.392331;2.345244,128;390,
push,573,2619,1047,900.0,300.00000000000006,1200.0,2.416051;2.345244,43;390,
prune,573,0,1047,900.0,,,2.416051;2.345244,207;390,obstacle:1
push,573,2620,1047,900.0,400.0000000000001,1300.0,2.392331;2.321928,128;554,
push,573,2621,1047,900.0,400.0000000000001,1300.0,2.416051;2.321928,43;554,
prune,573,0,1047,900.0,,,2.416051;2.321928,207;554,obstacle:1
pop,574,1050,709,800.0,,,2.224551;2.179818,44;469,
push,574,2622,1050,900.0,300.00000000000006,1200.0,2.198211;2.270226,50;475,
push,574,2623,1050,900.0,300.00000000000006,1200.0,0.903241;2.270226,135;475,
push,574,2624,1050,900.0,300.00000000000006,1200.0,2.198211;2.345244,50;390,
push,574,2625,1050,900.0,300.00000000000006,1200.0,0.903241;2.345244,135;390,
push,574,2626,1050,900.0,400.0000000000001,1300.0,2.198211;2.321928,50;554,
push,574,2627,1050,900.0,400.0000000000001,1300.0,0.903241;2.321928,135;554,
pop,575,1935,733,800.0,,,2.30669;2.179818,171;469,
push,575,2628,1935,900.0,300.00000000000006,1200.0,2.428817;2.270226,260;475,
push,575,2629,1935,900.0,300.00000000000006,1200.0,2.416051;2.270226,176;475,
push,575,2630,1935,900.0,300.00000000000006,1200.0,2.418411;2.270226,256;475,
push,575,2631,1935,900.0,300.00000000000006,1200.0,2.428817;2.345244,260;390,
push,575,2632,1935,900.0,300.00000000000006,1200.0,2.416051;2.345244,176;390,
push,575,2633,1935,900.0,300.00000000000006,1200.0,2.418411;2.345244,256;390,
push,575,2634,1935,900.0,400.0000000000001,1300.0,2.428817;2.321928,260;554,
push,575,2635,1935,900.0,400.0000000000001,1300.0,2.416051;2.321928,176;554,
push,575,2636,1935,900.0,400.0000000000001,1300.0,2.418411;2.321928,256;554,
pop,576,1938,724,800.0,,,2.279351;2.179818,128;469,
push,576,2637,1938,900.0,300.00000000000006,1200.0,0.903241;2.270226,134;475,
push,576,2638,1938,900.0,300.00000000000006,1200.0,2.394762;2.270226,49;475,
push,576,2639,1938,900.0,300.00000000000006,1200.0,2.411382;2.270226,213;475,
push,576,2640,1938,900.0,300.00000000000006,1200.0,0.903241;2.345244,134;390,
push,576,2641,1938,900.0,300.00000000000006,1200.0,2.394762;2.345244,49;390,
push,576,2642,1938,900.0,300.00000000000006,1200.0,2.411382;2.345244,213;390,
push,576,2643,1938,900.0,400.0000000000001,1300.0,0.903241;2.321928,134;554,
push,576,2644,1938,900.0,400.0000000000001,1300.0,2.394762;2.321928,49;554,
push,576,2645,1938,900.0,400.0000000000001,1300.0,2.411382;2.321928,213;554,
pop,577,1941,727,800.0,,,2.224551;2.179818,44;469,
push,577,2646,1941,900.0,300.00000000000006,1200.0,2.198211;2.270226,50;475,
push,577,2647,1941,900.0,300.00000000000006,1200.0,0.903241;2.270226,135;475,
push,577,2648,1941,900.0,300.00000000000006,1200.0,2.198211;2.345244,50;390,
push,577,2649,1941,900.0,300.00000000000006,1200.0,0.903241;2.345244,135;390,
push,577,2650,1941,900.0,400.0000000000001,1300.0,2.198211;2.321928,50;554,
push,577,2651,1941,900.0,400.0000000000001,1300.0,0.903241;2.321928,135;554,
pop,578,1942,727,800.0,,,2.279351;2.179818,129;469,
push,578,2652,1942,900.0,300.00000000000006,1200.0,2.411382;2.270226,213;475,
push,578,2653,1942,900.0,300.00000000000006,1200.0,0.903241;2.270226,134;475,
prune,578,0,1942,900.0,,,2.394762;2.270226,208;475,obstacle:1
push,578,2654,1942,900.0,300.00000000000006,1200.0,2.411382;2.345244,213;390,
push,578,2655,1942,900.0,300.00000000000006,1200.0,0.903241;2.345244,134;390,
prune,578,0,1942,900.0,,,2.394762;2.345244,208;390,obstacle:1
push,578,2656,1942,900.0,400.0000000000001,1300.0,2.411382;2.321928,213;554,
push,578,2657,1942,900.0,400.0000000000001,1300.0,0.903241;2.321928,134;554,
prune,578,0,1942,900.0,,,2.394762;2.321928,208;554,obstacle:1
pop,579,1023,671,800.0,,,2.179818;2.179818,469;469,
push,579,2658,1023,900.0,300.00000000000006,1200.0,2.270226;2.270226,475;475,
push,579,2659,1023,900.0,300.00000000000006,1200.0,2.345244;2.270226,390;475,
push,579,2660,1023,900.0,300.00000000000006,1200.0,2.321928;2.270226,554;475,
push,579,2661,1023,900.0,300.00000000000006,1200.0,2.270226;2.345244,475;390,
push,579,2662,1023,900.0,300.00000000000006,1200.0,2.345244;2.345244,390;390,
push,579,2663,1023,900.0,300.00000000000006,1200.0,2.321928;2.345244,554;390,
push,579,2664,1023,900.0,400.0000000000001,1300.0,2.270226;2.321928,475;554,
push,579,2665,1023,900.0,400.0000000000001,1300.0,2.345244;2.321928,390;554,
push,579,2666,1023,900.0,400.0000000000001,1300.0,2.321928;2.321928,554;554,
pop,580,1926,736,800.0,,,2.279351;2.179818,128;469,
push,580,2667,1926,900.0,300.00000000000006,1200.0,0.903241;2.270226,134;475,
push,580,2668,1926,900.0,300.00000000000006,1200.0,2.394762;2.270226,49;475,
push,580,2669,1926,900.0,300.00000000000006,1200.0,2.411382;2.270226,213;475,
push,580,2670,1926,900.0,300.00000000000006,1200.0,0.903241;2.345244,134;390,
push,580,2671,1926,900.0,300.00000000000006,1200.0,2.394762;2.345244,49;390,
push,580,2672,1926,900.0,300.00000000000006,1200.0,2.411382;2.345244,213;390,
push,580,2673,1926,900.0,400.0000000000001,1300.0,0.903241;2.321928,134;554,
push,580,2674,1926,900.0,400.0000000000001,1300.0,2.394762;2.321928,49;554,
push,580,2675,1926,900.0,400.0000000000001,1300.0,2.411382;2.321928,213;554,
pop,581,1930,731,800.0,,,2.279351;2.179818,129;469,
push,581,2676,1930,900.0,300.00000000000006,1200.0,2.411382;2.270226,213;475,
push,581,2677,1930,900.0,300.00000000000006,1200.0,0.903241;2.270226,134;475,
prune,581,0,1930,900.0,,,2.394762;2.270226,208;475,obstacle:1
push,581,2678,1930,900.0,300.00000000000006,1200.0,2.411382;2.345244,213;390,
push,581,2679,1930,900.0,300.00000000000006,1200.0,0.903241;2.345244,134;390,
prune,581,0,1930,900.0,,,2.394762;2.345244,208;390,obstacle:1
push,581,2680,1930,900.0,400.0000000000001,1300.0,2.411382;2.321928,213;554,
push,581,2681,1930,900.0,400.0000000000001,1300.0,0.903241;2.321928,134;554,
prune,581,0,1930,900.0,,,2.394762;2.321928,208;554,obstacle:1
pop,582,1929,731,800.0,,,2.224551;2.179818,44;469,
push,582,2682,1929,900.0,300.00000000000006,1200.0,2.198211;2.270226,50;475,
push,582,2683,1929,900.0,300.00000000000006,1200.0,0.903241;2.270226,135;475,
push,582,2684,1929,900.0,300.00000000000006,1200.0,2.198211;2.345244,50;390,
push,582,2685,1929,900.0,300.00000000000006,1200.0,0.903241;2.345244,135;390,
push,582,2686,1929,900.0,400.0000000000001,1300.0,2.198211;2.321928,50;554,
push,582,2687,1929,900.0,400.0000000000001,1300.0,0.903241;2.321928,135;554,
pop,583,1024,671,800.0,,,2.250991;2.179818,384;469,
push,583,2688,1024,900.0,300.00000000000006,1200.0,2.392331;2.270226,306;475,
prune,583,0,1024,900.0,,,2.381437;2.270226,299;475,obstacle:1
push,583,2689,1024,900.0,300.00000000000006,1200.0,2.345244;2.270226,385;475,
push,583,2690,1024,900.0,300.00000000000006,1200.0,2.392331;2.345244,306;390,
prune,583,0,1024,900.0,,,2.381437;2.345244,299;390,obstacle:1
push,583,2691,1024,900.0,300.00000000000006,1200.0,2.345244;2.345244,385;390,
push,583,2692,1024,900.0,400.0000000000001,1300.0,2.392331;2.321928,306;554,
prune,583,0,1024,900.0,,,2.381437;2.321928,299;554,obstacle:1
push,583,2693,1024,900.0,400.0000000000001,1300.0,2.345244;2.321928,385;554,
pop,584,1025,671,800.0,,,2.224551;2.179818,548;469,
push,584,2694,1025,900.0,300.00000000000006,1200.0,2.321928;2.270226,553;475,
push,584,2695,1025,900.0,300.00000000000006,1200.0,2.321928;2.345244,553;390,
push,584,2696,1025,900.0,400.0000000000001,1300.0,2.321928;2.321928,553;554,
pop,585,1920,739,800.0,,,2.279351;2.179818,128;469,
push,585,2697,1920,900.0,300.00000000000006,1200.0,0.903241;2.270226,134;475,
push,585,2698,1920,900.0,300.00000000000006,1200.0,2.394762;2.270226,49;475,
push,585,2699,1920,900.0,300.00000000000006,1200.0,2.411382;2.270226,213;475,
push,585,2700,1920,900.0,300.00000000000006,1200.0,0.903241;2.345244,134;390,
push,585,2701,1920,900.0,300.00000000000006,1200.0,2.394762;2.345244,49;390,
push,585,2702,1920,900.0,300.00000000000006,1200.0,2.411382;2.345244,213;390,
push,585,2703,1920,900.0,400.0000000000001,1300.0,0.903241;2.321928,134;554,
push,585,2704,1920,900.0,400.0000000000001,1300.0,2.394762;2.321928,49;554,
push,585,2705,1920,900.0,400.0000000000001,1300.0,2.411382;2.321928,213;554,
pop,586,1921,739,800.0,,,2.28216;2.179818,43;469,
push,586,2706,1921,900.0,300.00000000000006,1200.0,2.394762;2.270226,44;475,
push,586,2707,1921,900.0,300.00000000000006,1200.0,2.394762;2.345244,44;390,
push,586,2708,1921,900.0,400.0000000000001,1300.0,2.394762;2.321928,44;554,
pop,587,1915,735,800.0,,,2.279351;2.179818,129;469,
push,587,2709,1915,900.0,300.00000000000006,1200.0,2.411382;2.270226,213;475,
push,587,2710,1915,900.0,300.00000000000006,1200.0,0.903241;2.270226,134;475,
prune,587,0,1915,900.0,,,2.394762;2.270226,208;475,obstacle:1
push,587,2711,1915,900.0,300.00000000000006,1200.0,2.411382;2.345244,213;390,
push,587,2712,1915,900.0,300.00000000000006,1200.0,0.903241;2.345244,134;390,
prune,587,0,1915,900.0,,,2.394762;2.345244,208;390,obstacle:1
push,587,2713,1915,900.0,400.0000000000001,1300.0,2.411382;2.321928,213;554,
push,587,2714,1915,900.0,400.0000000000001,1300.0,0.903241;2.321928,134;554,
prune,587,0,1915,900.0,,,2.394762;2.321928,208;554,obstacle:1
pop,588,1905,723,800.0,,,2.224551;2.179818,44;469,
push,588,2715,1905,900.0,300.00000000000006,1200.0,2.198211;2.270226,50;475,
push,588,2716,1905,900.0,300.00000000000006,1200.0,0.903241;2.270226,135;475,
push,588,2717,1905,900.0,300.00000000000006,1200.0,2.198211;2.345244,50;390,
push,588,2718,1905,900.0,300.00000000000006,1200.0,0.903241;2.345244,135;390,
push,588,2719,1905,900.0,400.0000000000001,1300.0,2.198211;2.321928,50;554,
push,588,2720,1905,900.0,400.0000000000001,1300.0,0.903241;2.321928,135;554,
pop,589,1911,728,800.0,,,2.279351;2.179818,128;469,
push,589,2721,1911,900.0,300.00000000000006,1200.0,0.903241;2.270226,134;475,
push,589,2722,1911,900.0,300.00000000000006,1200.0,2.394762;2.270226,49;475,
push,589,2723,1911,900.0,300.00000000000006,1200.0,2.411382;2.270226,213;475,
push,589,2724,1911,900.0,300.00000000000006,1200.0,0.903241;2.345244,134;390,
push,589,2725,1911,900.0,300.00000000000006,1200.0,2.394762;2.345244,49;390,
push,589,2726,1911,900.0,300.00000000000006,1200.0,2.411382;2.345244,213;390,
push,589,2727,1911,900.0,400.0000000000001,1300.0,0.903241;2.321928,134;554,
push,589,2728,1911,900.0,400.0000000000001,1300.0,2.394762;2.321928,49;554,
push,589,2729,1911,900.0,400.0000000000001,1300.0,2.411382;2.321928,213;554,
pop,590,1914,735,800.0,,,2.224551;2.179818,44;469,
push,590,2730,1914,900.0,300.00000000000006,1200.0,2.198211;2.270226,50;475,
push,590,2731,1914,900.0,300.00000000000006,1200.0,0.903241;2.270226,135;475,
push,590,2732,1914,900.0,300.00000000000006,1200.0,2.198211;2.345244,50;390,
push,590,2733,1914,900.0,300.00000000000006,1200.0,0.903241;2.345244,135;390,
push,590,2734,1914,900.0,400.0000000000001,1300.0,2.198211;2.321928,50;554,
push,590,2735,1914,900.0,400.0000000000001,1300.0,0.903241;2.321928,135;554,
pop,591,1906,723,800.0,,,2.279351;2.179818,129;469,
push,591,2736,1906,900.0,300.00000000000006,1200.0,2.411382;2.270226,213;475,
push,591,2737,1906,900.0,300.00000000000006,1200.0,0.903241;2.270226,134;475,
prune,591,0,1906,900.0,,,2.394762;2.270226,208;475,obstacle:1
push,591,2738,1906,900.0,300.00000000000006,1200.0,2.411382;2.345244,213;390,
push,591,2739,1906,900.0,300.00000000000006,1200.0,0.903241;2.345244,134;390,
prune,591,0,1906,900.0,,,2.394762;2.345244,208;390,obstacle:1
push,591,2740,1906,900.0,400.0000000000001,1300.0,2.411382;2.321928,213;554,
push,591,2741,1906,900.0,400.0000000000001,1300.0,0.903241;2.321928,134;554,
prune,591,0,1906,900.0,,,2.394762;2.321928,208;554,obstacle:1
pop,592,1896,750,800.0,,,2.224551;2.179818,44;469,
push,592,2742,1896,900.0,300.00000000000006,1200.0,2.198211;2.270226,50;475,
push,592,2743,1896,900.0,300.00000000000006,1200.0,0.903241;2.270226,135;475,
push,592,2744,1896,900.0,300.00000000000006,1200.0,2.198211;2.345244,50;390,
push,592,2745,1896,900.0,300.00000000000006,1200.0,0.903241;2.345244,135;390,
push,592,2746,1896,900.0,400.0000000000001,1300.0,2.198211;2.321928,50;554,
push,592,2747,1896,900.0,400.0000000000001,1300.0,0.903241;2.321928,135;554,
pop,593,1900,745,800.0,,,2.279351;2.179818,129;469,
push,593,2748,1900,900.0,300.00000000000006,1200.0,2.411382;2.270226,213;475,
push,593,2749,1900,900.0,300.00000000000006,1200.0,0.903241;2.270226,134;475,
prune,593,0,1900,900.0,,,2.394762;2.270226,208;475,obstacle:1
push,593,2750,1900,900.0,300.00000000000006,1200.0,2.411382;2.345244,213;390,
push,593,2751,1900,900.0,300.00000000000006,1200.0,0.903241;2.345244,134;390,
prune,593,0,1900,900.0,,,2.394762;2.345244,208;390,obstacle:1
push,593,2752,1900,900.0,400.0000000000001,1300.0,2.411382;2.321928,213;554,
push,593,2753,1900,900.0,400.0000000000001,1300.0,0.903241;2.321928,134;554,
prune,593,0,1900,900.0,,,2.394762;2.321928,208;554,obstacle:1
pop,594,1899,745,800.0,,,2.224551;2.179818,44;469,
push,594,2754,1899,900.0,300.00000000000006,1200.0,2.198211;2.270226,50;475,
push,594,2755,1899,900.0,300.00000000000006,1200.0,0.903241;2.270226,135;475,
push,594,2756,1899,900.0,300.00000000000006,1200.0,2.198211;2.345244,50;390,
push,594,2757,1899,900.0,300.00000000000006,1200.0,0.903241;2.345244,135;390,
push,594,2758,1899,900.0,400.0000000000001,1300.0,2.198211;2.321928,50;554,
push,594,2759,1899,900.0,400.0000000000001,1300.0,0.903241;2.321928,135;554,
pop,595,1011,672,800.0,,,2.224551;2.179818,547;469,
push,595,2760,1011,900.0,300.00000000000006,1200.0,2.321928;2.270226,553;475,
push,595,2761,1011,900.0,300.00000000000006,1200.0,2.381437;2.270226,474;475,
push,595,2762,1011,900.0,300.00000000000006,1200.0,2.321928;2.345244,553;390,
push,595,2763,1011,900.0,300.00000000000006,1200.0,2.381437;2.345244,474;390,
push,595,2764,1011,900.0,400.0000000000001,1300.0,2.321928;2.321928,553;554,
push,595,2765,1011,900.0,400.0000000000001,1300.0,2.381437;2.321928,474;554,
pop,596,1878,754,800.0,,,2.30669;2.179818,32;469,
push,596,2766,1878,900.0,300.00000000000006,1200.0,2.416051;2.270226,38;475,
push,596,2767,1878,900.0,300.00000000000006,1200.0,2.428817;2.270226,123;475,
push,596,2768,1878,900.0,300.00000000000006,1200.0,2.416051;2.345244,38;390,
push,596,2769,1878,900.0,300.00000000000006,1200.0,2.428817;2.345244,123;390,
push,596,2770,1878,900.0,400.0000000000001,1300.0,2.416051;2.321928,38;554,
push,596,2771,1878,900.0,400.0000000000001,1300.0,2.428817;2.321928,123;554,
pop,597,1887,749,800.0,,,0.887411;2.179818,134;469,
push,597,2772,1887,900.0,300.00000000000006,1200.0,0.726929;2.270226,140;475,
push,597,2773,1887,900.0,300.00000000000006,1200.0,1.124937;2.270226,55;475,
push,597,2774,1887,900.0,300.00000000000006,1200.0,0.73931;2.270226,219;475,
push,597,2775,1887,900.0,300.00000000000006,1200.0,0.726929;2.345244,140;390,
push,597,2776,1887,900.0,300.00000000000006,1200.0,1.124937;2.345244,55;390,
push,597,2777,1887,900.0,300.00000000000006,1200.0,0.73931;2.345244,219;390,
push,597,2778,1887,900.0,400.0000000000001,1300.0,0.726929;2.321928,140;554,
push,597,2779,1887,900.0,400.0000000000001,1300.0,1.124937;2.321928,55;554,
push,597,2780,1887,900.0,400.0000000000001,1300.0,0.73931;2.321928,219;554,
pop,598,1888,749,800.0,,,2.224551;2.179818,49;469,
push,598,2781,1888,900.0,300.00000000000006,1200.0,2.198211;2.270226,50;475,
push,598,2782,1888,900.0,300.00000000000006,1200.0,2.198211;2.345244,50;390,
push,598,2783,1888,900.0,400.0000000000001,1300.0,2.198211;2.321928,50;554,
pop,599,1889,749,800.0,,,2.24714;2.179818,213;469,
push,599,2784,1889,900.0,300.00000000000006,1200.0,2.388627;2.270226,302;475,
push,599,2785,1889,900.0,300.00000000000006,1200.0,0.902229;2.270226,218;475,
prune,599,0,1889,900.0,,,2.377737;2.270226,297;475,obstacle:1
push,599,2786,1889,900.0,300.00000000000006,1200.0,2.388627;2.345244,302;390,
push,599,2787,1889,900.0,300.00000000000006,1200.0,0.902229;2.345244,218;390,
prune,599,0,1889,900.0,,,2.377737;2.345244,297;390,obstacle:1
push,599,2788,1889,900.0,400.0000000000001,1300.0,2.388627;2.321928,302;554,
push,599,2789,1889,900.0,400.0000000000001,1300.0,0.902229;2.321928,218;554,
prune,599,0,1889,900.0,,,2.377737;2.321928,297;554,obstacle:1
pop,600,1881,742,800.0,,,2.279351;2.179818,128;469,
push,600,2790,1881,900.0,300.00000000000006,1200.0,0.903241;2.270226,134;475,
push,600,2791,1881,900.0,300.00000000000006,1200.0,2.394762;2.270226,49;475,
push,600,2792,1881,900.0,300.00000000000006,1200.0,2.411382;2.270226,213;475,
push,600,2793,1881,900.0,300.00000000000006,1200.0,0.903241;2.345244,134;390,
push,600,2794,1881,900.0,300.00000000000006,1200.0,2.394762;2.345244,49;390,
push,600,2795,1881,900.0,300.00000000000006,1200.0,2.411382;2.345244,213;390,
push,600,2796,1881,900.0,400.0000000000001,1300.0,0.903241;2.321928,134;554,
push,600,2797,1881,900.0,400.0000000000001,1300.0,2.394762;2.321928,49;554,
push,600,2798,1881,900.0,400.0000000000001,1300.0,2.411382;2.321928,213;554,
pop,601,1884,746,800.0,,,2.279351;2.179818,128;469,
push,601,2799,1884,900.0,300.00000000000006,1200.0,0.903241;2.270226,134;475,
push,601,2800,1884,900.0,300.00000000000006,1200.0,2.394762;2.270226,49;475,
push,601,2801,1884,900.0,300.00000000000006,1200.0,2.411382;2.270226,213;475,
push,601,2802,1884,900.0,300.00000000000006,1200.0,0.903241;2.345244,134;390,
push,601,2803,1884,900.0,300.00000000000006,1200.0,2.394762;2.345244,49;390,
push,601,2804,1884,900.0,300.00000000000006,1200.0,2.411382;2.345244,213;390,
push,601,2805,1884,900.0,400.0000000000001,1300.0,0.903241;2.321928,134;554,
push,601,2806,1884,900.0,400.0000000000001,1300.0,2.394762;2.321928,49;554,
push,601,2807,1884,900.0,400.0000000000001,1300.0,2.411382;2.321928,213;554,
pop,602,1857,753,800.0,,,2.291759;2.179818,122;469,
push,602,2808,1857,900.0,300.00000000000006,1200.0,2.392331;2.270226,128;475,
push,602,2809,1857,900.0,300.00000000000006,1200.0,2.416051;2.270226,43;475,
prune,602,0,1857,900.0,,,2.416051;2.270226,207;475,obstacle:1
push,602,2810,1857,900.0,300.00000000000006,1200.0,2.392331;2.345244,128;390,
push,602,2811,1857,900.0,300.00000000000006,1200.0,2.416051;2.345244,43;390,
prune,602,0,1857,900.0,,,2.416051;2.345244,207;390,obstacle:1
push,602,2812,1857,900.0,400.0000000000001,1300.0,2.392331;2.321928,128;554,
push,602,2813,1857,900.0,400.0000000000001,1300.0,2.416051;2.321928,43;554,
prune,602,0,1857,900.0,,,2.416051;2.321928,207;554,obstacle:1
pop,603,1864,757,800.0,,,2.279351;2.179818,129;469,
push,603,2814,1864,900.0,300.00000000000006,1200.0,2.411382;2.270226,213;475,
push,603,2815,1864,900.0,300.00000000000006,1200.0,0.903241;2.270226,134;475,
prune,603,0,1864,900.0,,,2.394762;2.270226,208;475,obstacle:1
push,603,2816,1864,900.0,300.00000000000006,1200.0,2.411382;2.345244,213;390,
push,603,2817,1864,900.0,300.00000000000006,1200.0,0.903241;2.345244,134;390,
prune,603,0,1864,900.0,,,2.394762;2.345244,208;390,obstacle:1
push,603,2818,1864,900.0,400.0000000000001,1300.0,2.411382;2.321928,213;554,
push,603,2819,1864,900.0,400.0000000000001,1300.0,0.903241;2.321928,134;554,
prune,603,0,1864,900.0,,,2.394762;2.321928,208;554,obstacle:1
pop,604,1869,760,800.0,,,2.291759;2.179818,122;469,
push,604,2820,1869,900.0,300.00000000000006,1200.0,2.392331;2.270226,128;475,
push,604,2821,1869,900.0,300.00000000000006,1200.0,2.416051;2.270226,43;475,
prune,604,0,1869,900.0,,,2.416051;2.270226,207;475,obstacle:1
push,604,2822,1869,900.0,300.00000000000006,1200.0,2.392331;2.345244,128;390,
push,604,2823,1869,900.0,300.00000000000006,1200.0,2.416051;2.345244,43;390,
prune,604,0,1869,900.0,,,2.416051;2.345244,207;390,obstacle:1
push,604,2824,1869,900.0,400.0000000000001,1300.0,2.392331;2.321928,128;554,
push,604,2825,1869,900.0,400.0000000000001,1300.0,2.416051;2.321928,43;554,
prune,604,0,1869,900.0,,,2.416051;2.321928,207;554,obstacle:1
pop,605,1872,759,800.0,,,2.250991;2.179818,38;469,
push,605,2826,1872,900.0,300.00000000000006,1200.0,2.345244;2.270226,44;475,
push,605,2827,1872,900.0,300.00000000000006,1200.0,2.392331;2.270226,129;475,
push,605,2828,1872,900.0,300.00000000000006,1200.0,2.345244;2.345244,44;390,
push,605,2829,1872,900.0,300.00000000000006,1200.0,2.392331;2.345244,129;390,
push,605,2830,1872,900.0,400.0000000000001,1300.0,2.345244;2.321928,44;554,
push,605,2831,1872,900.0,400.0000000000001,1300.0,2.392331;2.321928,129;554,
pop,606,1873,759,800.0,,,2.291759;2.179818,123;469,
prune,606,0,1873,900.0,,,2.416051;2.270226,207;475,obstacle:1
push,606,2832,1873,900.0,300.00000000000006,1200.0,2.392331;2.270226,128;475,
prune,606,0,1873,900.0,,,2.416051;2.270226,202;475,obstacle:1
prune,606,0,1873,900.0,,,2.416051;2.345244,207;390,obstacle:1
push,606,2833,1873,900.0,300.00000000000006,1200.0,2.392331;2.345244,128;390,
prune,606,0,1873,900.0,,,2.416051;2.345244,202;390,obstacle:1
prune,606,0,1873,900.0,,,2.416051;2.321928,207;554,obstacle:1
push,606,2834,1873,900.0,400.0000000000001,1300.0,2.392331;2.321928,128;554,
prune,606,0,1873,900.0,,,2.416051;2.321928,202;554,obstacle:1
pop,607,1858,753,800.0,,,2.30669;2.179818,37;469,
push,607,2835,1858,900.0,300.00000000000006,1200.0,2.416051;2.270226,38;475,
push,607,2836,1858,900.0,300.00000000000006,1200.0,2.416051;2.345244,38;390,
push,607,2837,1858,900.0,400.0000000000001,1300.0,2.416051;2.321928,38;554,
pop,608,1863,757,800.0,,,2.224551;2.179818,44;469,
push,608,2838,1863,900.0,300.00000000000006,1200.0,2.198211;2.270226,50;475,
push,608,2839,1863,900.0,300.00000000000006,1200.0,0.903241;2.270226,135;475,
push,608,2840,1863,900.0,300.00000000000006,1200.0,2.198211;2.345244,50;390,
push,608,2841,1863,900.0,300.00000000000006,1200.0,0.903241;2.345244,135;390,
push,608,2842,1863,900.0,400.0000000000001,1300.0,2.198211;2.321928,50;554,
push,608,2843,1863,900.0,400.0000000000001,1300.0,0.903241;2.321928,135;554,
pop,609,1697,817,800.0,,,2.297278;2.179818,423;469,
push,609,2844,1697,900.0,300.00000000000006,1200.0,2.420764;2.270226,506;475,
push,609,2845,1697,900.0,300.00000000000006,1200.0,2.420764;2.345244,506;390,
push,609,2846,1697,900.0,400.0000000000001,1300.0,2.420764;2.321928,506;554,
pop,610,1776,797,800.0,,,2.279351;2.179818,128;469,
push,610,2847,1776,900.0,300.00000000000006,1200.0,0.903241;2.270226,134;475,
push,610,2848,1776,900.0,300.00000000000006,1200.0,2.394762;2.270226,49;475,
push,610,2849,1776,900.0,300.00000000000006,1200.0,2.411382;2.270226,213;475,
push,610,2850,1776,900.0,300.00000000000006,1200.0,0.903241;2.345244,134;390,
push,610,2851,1776,900.0,300.00000000000006,1200.0,2.394762;2.345244,49;390,
push,610,2852,1776,900.0,300.00000000000006,1200.0,2.411382;2.345244,213;390,
push,610,2853,1776,900.0,400.0000000000001,1300.0,0.903241;2.321928,134;554,
push,610,2854,1776,900.0,400.0000000000001,1300.0,2.394762;2.321928,49;554,
push,610,2855,1776,900.0,400.0000000000001,1300.0,2.411382;2.321928,213;554,
pop,611,1815,782,800.0,,,2.291759;2.179818,122;469,
push,611,2856,1815,900.0,300.00000000000006,1200.0,2.392331;2.270226,128;475,
push,611,2857,1815,900.0,300.00000000000006,1200.0,2.416051;2.270226,43;475,
prune,611,0,1815,900.0,,,2.416051;2.270226,207;475,obstacle:1
push,611,2858,1815,900.0,300.00000000000006,1200.0,2.392331;2.345244,128;390,
push,611,2859,1815,900.0,300.00000000000006,1200.0,2.416051;2.345244,43;390,
prune,611,0,1815,900.0,,,2.416051;2.345244,207;390,obstacle:1
push,611,2860,1815,900.0,400.0000000000001,1300.0,2.392331;2.321928,128;554,
push,611,2861,1815,900.0,400.0000000000001,1300.0,2.416051;2.321928,43;554,
prune,611,0,1815,900.0,,,2.416051;2.321928,207;554,obstacle:1
pop,612,1834,769,800.0,,,2.224551;2.179818,49;469,
push,612,2862,1834,900.0,300.00000000000006,1200.0,2.198211;2.270226,50;475,
push,612,2863,1834,900.0,300.00000000000006,1200.0,2.198211;2.345244,50;390,
push,612,2864,1834,900.0,400.0000000000001,1300.0,2.198211;2.321928,50;554,
pop,613,1843,773,800.0,,,2.279351;2.179818,129;469,
push,613,2865,1843,900.0,300.00000000000006,1200.0,2.411382;2.270226,213;475,
push,613,2866,1843,900.0,300.00000000000006,1200.0,0.903241;2.270226,134;475,
prune,613,0,1843,900.0,,,2.394762;2.270226,208;475,obstacle:1
push,613,2867,1843,900.0,300.00000000000006,1200.0,2.411382;2.345244,213;390,
push,613,2868,1843,900.0,300.00000000000006,1200.0,0.903241;2.345244,134;390,
prune,613,0,1843,900.0,,,2.394762;2.345244,208;390,obstacle:1
push,613,2869,1843,900.0,400.0000000000001,1300.0,2.411382;2.321928,213;554,
push,613,2870,1843,900.0,400.0000000000001,1300.0,0.903241;2.321928,134;554,
prune,613,0,1843,900.0,,,2.394762;2.321928,208;554,obstacle:1
pop,614,1848,770,800.0,,,2.224551;2.179818,44;469,
push,614,2871,1848,900.0,300.00000000000006,1200.0,2.198211;2.270226,50;475,
push,614,2872,1848,900.0,300.00000000000006,1200.0,0.903241;2.270226,135;475,
push,614,2873,1848,900.0,300.00000000000006,1200.0,2.198211;2.345244,50;390,
push,614,2874,1848,900.0,300.00000000000006,1200.0,0.903241;2.345244,135;390,
push,614,2875,1848,900.0,400.0000000000001,1300.0,2.198211;2.321928,50;554,
push,614,2876,1848,900.0,400.0000000000001,1300.0,0.903241;2.321928,135;554,
pop,615,1852,741,800.0,,,2.279351;2.179818,129;469,
push,615,2877,1852,900.0,300.00000000000006,1200.0,2.411382;2.270226,213;475,
push,615,2878,1852,900.0,300.00000000000006,1200.0,0.903241;2.270226,134;475,
prune,615,0,1852,900.0,,,2.394762;2.270226,208;475,obstacle:1
push,615,2879,1852,900.0,300.00000000000006,1200.0,2.411382;2.345244,213;390,
push,615,2880,1852,900.0,300.00000000000006,1200.0,0.903241;2.345244,134;390,
prune,615,0,1852,900.0,,,2.394762;2.345244,208;390,obstacle:1
push,615,2881,1852,900.0,400.0000000000001,1300.0,2.411382;2.321928,213;554,
push,615,2882,1852,900.0,400.0000000000001,1300.0,0.903241;2.321928,134;554,
prune,615,0,1852,900.0,,,2.394762;2.321928,208;554,obstacle:1
pop,616,1851,741,800.0,,,2.224551;2.179818,44;469,
push,616,2883,1851,900.0,300.00000000000006,1200.0,2.198211;2.270226,50;475,
push,616,2884,1851,900.0,300.00000000000006,1200.0,0.903241;2.270226,135;475,
push,616,2885,1851,900.0,300.00000000000006,1200.0,2.198211;2.345244,50;390,
push,616,2886,1851,900.0,300.00000000000006,1200.0,0.903241;2.345244,135;390,
push,616,2887,1851,900.0,400.0000000000001,1300.0,2.198211;2.321928,50;554,
push,616,2888,1851,900.0,400.0000000000001,1300.0,0.903241;2.321928,135;554,
pop,617,1835,769,800.0,,,2.24714;2.179818,213;469,
push,617,2889,1835,900.0,300.00000000000006,1200.0,2.388627;2.270226,302;475,
push,617,2890,1835,900.0,300.00000000000006,1200.0,0.902229;2.270226,218;475,
prune,617,0,1835,900.0,,,2.377737;2.270226,297;475,obstacle:1
push,617,2891,1835,900.0,300.00000000000006,1200.0,2.388627;2.345244,302;390,
push,617,2892,1835,900.0,300.00000000000006,1200.0,0.902229;2.345244,218;390,
prune,617,0,1835,900.0,,,2.377737;2.345244,297;390,obstacle:1
push,617,2893,1835,900.0,400.0000000000001,1300.0,2.388627;2.321928,302;554,
push,617,2894,1835,900.0,400.0000000000001,1300.0,0.902229;2.321928,218;554,
prune,617,0,1835,900.0,,,2.377737;2.321928,297;554,obstacle:1
pop,618,1842,773,800.0,,,2.224551;2.179818,44;469,
push,618,2895,1842,900.0,300.00000000000006,1200.0,2.198211;2.270226,50;475,
push,618,2896,1842,900.0,300.00000000000006,1200.0,0.903241;2.270226,135;475,
push,618,2897,1842,900.0,300.00000000000006,1200.0,2.198211;2.345244,50;390,
push,618,2898,1842,900.0,300.00000000000006,1200.0,0.903241;2.345244,135;390,
push,618,2899,1842,900.0,400.0000000000001,1300.0,2.198211;2.321928,50;554,
push,618,2900,1842,900.0,400.0000000000001,1300.0,0.903241;2.321928,135;554,
pop,619,1818,776,800.0,,,2.279351;2.179818,128;469,
push,619,2901,1818,900.0,300.00000000000006,1200.0,0.903241;2.270226,134;475,
push,619,2902,1818,900.0,300.00000000000006,1200.0,2.394762;2.270226,49;475,
push,619,2903,1818,900.0,300.00000000000006,1200.0,2.411382;2.270226,213;475,
push,619,2904,1818,900.0,300.00000000000006,1200.0,0.903241;2.345244,134;390,
push,619,2905,1818,900.0,300.00000000000006,1200.0,2.394762;2.345244,49;390,
push,619,2906,1818,900.0,300.00000000000006,1200.0,2.411382;2.345244,213;390,
push,619,2907,1818,900.0,400.0000000000001,1300.0,0.903241;2.321928,134;554,
push,619,2908,1818,900.0,400.0000000000001,1300.0,2.394762;2.321928,49;554,
push,619,2909,1818,900.0,400.0000000000001,1300.0,2.411382;2.321928,213;554,
pop,620,1827,766,800.0,,,2.30669;2.179818,173;469,
push,620,2910,1827,900.0,300.00000000000006,1200.0,2.418411;2.270226,256;475,
push,620,2911,1827,900.0,300.00000000000006,1200.0,2.428817;2.270226,90;475,
push,620,2912,1827,900.0,300.00000000000006,1200.0,2.418411;2.345244,256;390,
push,620,2913,1827,900.0,300.00000000000006,1200.0,2.428817;2.345244,90;390,
push,620,2914,1827,900.0,400.0000000000001,1300.0,2.418411;2.321928,256;554,
push,620,2915,1827,900.0,400.0000000000001,1300.0,2.428817;2.321928,90;554,
pop,621,1833,769,800.0,,,0.887411;2.179818,134;469,
push,621,2916,1833,900.0,300.00000000000006,1200.0,0.726929;2.270226,140;475,
push,621,2917,1833,900.0,300.00000000000006,1200.0,1.124937;2.270226,55;475,
push,621,2918,1833,900.0,300.00000000000006,1200.0,0.73931;2.270226,219;475,
push,621,2919,1833,900.0,300.00000000000006,1200.0,0.726929;2.345244,140;390,
push,621,2920,1833,900.0,300.00000000000006,1200.0,1.124937;2.345244,55;390,
push,621,2921,1833,900.0,300.00000000000006,1200.0,0.73931;2.345244,219;390,
push,621,2922,1833,900.0,400.0000000000001,1300.0,0.726929;2.321928,140;554,
push,621,2923,1833,900.0,400.0000000000001,1300.0,1.124937;2.321928,55;554,
push,621,2924,1833,900.0,400.0000000000001,1300.0,0.73931;2.321928,219;554,
pop,622,1828,766,800.0,,,2.297278;2.179818,261;469,
push,622,2925,1828,900.0,300.00000000000006,1200.0,2.399601;2.270226,339;475,
push,622,2926,1828,900.0,300.00000000000006,1200.0,2.420764;2.270226,344;475,
push,622,2927,1828,900.0,300.00000000000006,1200.0,2.418411;2.270226,257;475,
push,622,2928,1828,900.0,300.00000000000006,1200.0,2.399601;2.345244,339;390,
push,622,2929,1828,900.0,300.00000000000006,1200.0,2.420764;2.345244,344;390,
push,622,2930,1828,900.0,300.00000000000006,1200.0,2.418411;2.345244,257;390,
push,622,2931,1828,900.0,400.0000000000001,1300.0,2.399601;2.321928,339;554,
push,622,2932,1828,900.0,400.0000000000001,1300.0,2.420764;2.321928,344;554,
push,622,2933,1828,900.0,400.0000000000001,1300.0,2.418411;2.321928,257;554,
pop,623,1821,779,800.0,,,2.291759;2.179818,122;469,
push,623,2934,1821,900.0,300.00000000000006,1200.0,2.392331;2.270226,128;475,
push,623,2935,1821,900.0,300.00000000000006,1200.0,2.416051;2.270226,43;475,
prune,623,0,1821,900.0,,,2.416051;2.270226,207;475,obstacle:1
push,623,2936,1821,900.0,300.00000000000006,1200.0,2.392331;2.345244,128;390,
push,623,2937,1821,900.0,300.00000000000006,1200.0,2.416051;2.345244,43;390,
prune,623,0,1821,900.0,,,2.416051;2.345244,207;390,obstacle:1
push,623,2938,1821,900.0,400.0000000000001,1300.0,2.392331;2.321928,128;554,
push,623,2939,1821,900.0,400.0000000000001,1300.0,2.416051;2.321928,43;554,
prune,623,0,1821,900.0,,,2.416051;2.321928,207;554,obstacle:1
pop,624,1822,779,800.0,,,2.30669;2.179818,37;469,
push,624,2940,1822,900.0,300.00000000000006,1200.0,2.416051;2.270226,38;475,
push,624,2941,1822,900.0,300.00000000000006,1200.0,2.416051;2.345244,38;390,
push,624,2942,1822,900.0,400.0000000000001,1300.0,2.416051;2.321928,38;554,
pop,625,1777,797,800.0,,,2.28216;2.179818,43;469,
push,625,2943,1777,900.0,300.00000000000006,1200.0,2.394762;2.270226,44;475,
push,625,2944,1777,900.0,300.00000000000006,1200.0,2.394762;2.345244,44;390,
push,625,2945,1777,900.0,400.0000000000001,1300.0,2.394762;2.321928,44;554,
pop,626,1800,775,800.0,,,2.224551;2.179818,44;469,
push,626,2946,1800,900.0,300.00000000000006,1200.0,2.198211;2.270226,50;475,
push,626,2947,1800,900.0,300.00000000000006,1200.0,0.903241;2.270226,135;475,
push,626,2948,1800,900.0,300.00000000000006,1200.0,2.198211;2.345244,50;390,
push,626,2949,1800,900.0,300.00000000000006,1200.0,0.903241;2.345244,135;390,
push,626,2950,1800,900.0,400.0000000000001,1300.0,2.198211;2.321928,50;554,
push,626,2951,1800,900.0,400.0000000000001,1300.0,0.903241;2.321928,135;554,
pop,627,1806,781,800.0,,,2.250991;2.179818,38;469,
push,627,2952,1806,900.0,300.00000000000006,1200.0,2.345244;2.270226,44;475,
push,627,2953,1806,900.0,300.00000000000006,1200.0,2.392331;2.270226,129;475,
push,627,2954,1806,900.0,300.00000000000006,1200.0,2.345244;2.345244,44;390,
push,627,2955,1806,900.0,300.00000000000006,1200.0,2.392331;2.345244,129;390,
push,627,2956,1806,900.0,400.0000000000001,1300.0,2.345244;2.321928,44;554,
push,627,2957,1806,900.0,400.0000000000001,1300.0,2.392331;2.321928,129;554,
pop,628,1812,785,800.0,,,2.30669;2.179818,171;469,
push,628,2958,1812,900.0,300.00000000000006,1200.0,2.428817;2.270226,260;475,
push,628,2959,1812,900.0,300.00000000000006,1200.0,2.416051;2.270226,176;475,
push,628,2960,1812,900.0,300.00000000000006,1200.0,2.418411;2.270226,256;475,
push,628,2961,1812,900.0,300.00000000000006,1200.0,2.428817;2.345244,260;390,
push,628,2962,1812,900.0,300.00000000000006,1200.0,2.416051;2.345244,176;390,
push,628,2963,1812,900.0,300.00000000000006,1200.0,2.418411;2.345244,256;390,
push,628,2964,1812,900.0,400.0000000000001,1300.0,2.428817;2.321928,260;554,
push,628,2965,1812,900.0,400.0000000000001,1300.0,2.416051;2.321928,176;554,
push,628,2966,1812,900.0,400.0000000000001,1300.0,2.418411;2.321928,256;554,
pop,629,1807,781,800.0,,,2.291759;2.179818,123;469,
prune,629,0,1807,900.0,,,2.416051;2.270226,207;475,obstacle:1
push,629,2967,1807,900.0,300.00000000000006,1200.0,2.392331;2.270226,128;475,
prune,629,0,1807,900.0,,,2.416051;2.270226,202;475,obstacle:1
prune,629,0,1807,900.0,,,2.416051;2.345244,207;390,obstacle:1
push,629,2968,1807,900.0,300.00000000000006,1200.0,2.392331;2.345244,128;390,
prune,629,0,1807,900.0,,,2.416051;2.345244,202;390,obstacle:1
prune,629,0,1807,900.0,,,2.416051;2.321928,207;554,obstacle:1
push,629,2969,1807,900.0,400.0000000000001,1300.0,2.392331;2.321928,128;554,
prune,629,0,1807,900.0,,,2.416051;2.321928,202;554,obstacle:1
pop,630,1801,775,800.0,,,2.279351;2.179818,129;469,
push,630,2970,1801,900.0,300.00000000000006,1200.0,2.411382;2.270226,213;475,
push,630,2971,1801,900.0,300.00000000000006,1200.0,0.903241;2.270226,134;475,
prune,630,0,1801,900.0,,,2.394762;2.270226,208;475,obstacle:1
push,630,2972,1801,900.0,300.00000000000006,1200.0,2.411382;2.345244,213;390,
push,630,2973,1801,900.0,300.00000000000006,1200.0,0.903241;2.345244,134;390,
prune,630,0,1801,900.0,,,2.394762;2.345244,208;390,obstacle:1
push,630,2974,1801,900.0,400.0000000000001,1300.0,2.411382;2.321928,213;554,
push,630,2975,1801,900.0,400.0000000000001,1300.0,0.903241;2.321928,134;554,
prune,630,0,1801,900.0,,,2.394762;2.321928,208;554,obstacle:1
pop,631,1782,794,800.0,,,2.279351;2.179818,128;469,
push,631,2976,1782,900.0,300.00000000000006,1200.0,0.903241;2.270226,134;475,
push,631,2977,1782,900.0,300.00000000000006,1200.0,2.394762;2.270226,49;475,
push,631,2978,1782,900.0,300.00000000000006,1200.0,2.411382;2.270226,213;475,
push,631,2979,1782,900.0,300.00000000000006,1200.0,0.903241;2.345244,134;390,
push,631,2980,1782,900.0,300.00000000000006,1200.0,2.394762;2.345244,49;390,
push,631,2981,1782,900.0,300.00000000000006,1200.0,2.411382;2.345244,213;390,
push,631,2982,1782,900.0,400.0000000000001,1300.0,0.903241;2.321928,134;554,
push,631,2983,1782,900.0,400.0000000000001,1300.0,2.394762;2.321928,49;554,
push,631,2984,1782,900.0,400.0000000000001,1300.0,2.411382;2.321928,213;554,
pop,632,1785,791,800.0,,,2.291759;2.179818,122;469,
push,632,2985,1785,900.0,300.00000000000006,1200.0,2.392331;2.270226,128;475,
push,632,2986,1785,900.0,300.00000000000006,1200.0,2.416051;2.270226,43;475,
prune,632,0,1785,900.0,,,2.416051;2.270226,207;475,obstacle:1
push,632,2987,1785,900.0,300.00000000000006,1200.0,2.392331;2.345244,128;390,
push,632,2988,1785,900.0,300.00000000000006,1200.0,2.416051;2.345244,43;390,
prune,632,0,1785,900.0,,,2.416051;2.345244,207;390,obstacle:1
push,632,2989,1785,900.0,400.0000000000001,1300.0,2.392331;2.321928,128;554,
push,632,2990,1785,900.0,400.0000000000001,1300.0,2.416051;2.321928,43;554,
prune,632,0,1785,900.0,,,2.416051;2.321928,207;554,obstacle:1
pop,633,1791,765,800.0,,,2.262591;2.179818,345;469,
push,633,2991,1791,900.0,300.00000000000006,1200.0,2.358059;2.270226,429;475,
push,633,2992,1791,900.0,300.00000000000006,1200.0,2.391248;2.270226,434;475,
push,633,2993,1791,900.0,300.00000000000006,1200.0,2.399601;2.270226,340;475,
push,633,2994,1791,900.0,300.00000000000006,1200.0,2.358059;2.345244,429;390,
push,633,2995,1791,900.0,300.00000000000006,1200.0,2.391248;2.345244,434;390,
push,633,2996,1791,900.0,300.00000000000006,1200.0,2.399601;2.345244,340;390,
push,633,2997,1791,900.0,400.0000000000001,1300.0,2.358059;2.321928,429;554,
push,633,2998,1791,900.0,400.0000000000001,1300.0,2.391248;2.321928,434;554,
push,633,2999,1791,900.0,400.0000000000001,1300.0,2.399601;2.321928,340;554,
pop,634,1792,765,800.0,,,2.287749;2.179818,350;469,
push,634,3000,1792,900.0,300.00000000000006,1200.0,2.40201;2.270226,440;475,
prune,634,0,1792,900.0,,,2.420764;2.270226,355;475,obstacle:1
push,634,3001,1792,900.0,300.00000000000006,1200.0,2.391248;2.270226,435;475,
push,634,3002,1792,900.0,300.00000000000006,1200.0,2.40201;2.345244,440;390,
prune,634,0,1792,900.0,,,2.420764;2.345244,355;390,obstacle:1
push,634,3003,1792,900.0,300.00000000000006,1200.0,2.391248;2.345244,435;390,
push,634,3004,1792,900.0,400.0000000000001,1300.0,2.40201;2.321928,440;554,
prune,634,0,1792,900.0,,,2.420764;2.321928,355;554,obstacle:1
push,634,3005,1792,900.0,400.0000000000001,1300.0,2.391248;2.321928,435;554,
pop,635,1793,765,800.0,,,2.297278;2.179818,262;469,
push,635,3006,1793,900.0,300.00000000000006,1200.0,2.418411;2.270226,257;475,
push,635,3007,1793,900.0,300.00000000000006,1200.0,2.399601;2.270226,339;475,
push,635,3008,1793,900.0,300.00000000000006,1200.0,2.420764;2.270226,174;475,
push,635,3009,1793,900.0,300.00000000000006,1200.0,2.418411;2.345244,257;390,
push,635,3010,1793,900.0,300.00000000000006,1200.0,2.399601;2.345244,339;390,
push,635,3011,1793,900.0,300.00000000000006,1200.0,2.420764;2.345244,174;390,
push,635,3012,1793,900.0,400.0000000000001,1300.0,2.418411;2.321928,257;554,
push,635,3013,1793,900.0,400.0000000000001,1300.0,2.399601;2.321928,339;554,
push,635,3014,1793,900.0,400.0000000000001,1300.0,2.420764;2.321928,174;554,
pop,636,1786,791,800.0,,,2.30669;2.179818,37;469,
push,636,3015,1786,900.0,300.00000000000006,1200.0,2.416051;2.270226,38;475,
push,636,3016,1786,900.0,300.00000000000006,1200.0,2.416051;2.345244,38;390,
push,636,3017,1786,900.0,400.0000000000001,1300.0,2.416051;2.321928,38;554,
pop,637,1704,819,800.0,,,2.224551;2.179818,44;469,
push,637,3018,1704,900.0,300.00000000000006,1200.0,2.198211;2.270226,50;475,
push,637,3019,1704,900.0,300.00000000000006,1200.0,0.903241;2.270226,135;475,
push,637,3020,1704,900.0,300.00000000000006,1200.0,2.198211;2.345244,50;390,
push,637,3021,1704,900.0,300.00000000000006,1200.0,0.903241;2.345244,135;390,
push,637,3022,1704,900.0,400.0000000000001,1300.0,2.198211;2.321928,50;554,
push,637,3023,1704,900.0,400.0000000000001,1300.0,0.903241;2.321928,135;554,
pop,638,1735,799,800.0,,,2.30669;2.179818,176;469,
push,638,3024,1735,900.0,300.00000000000006,1200.0,2.416051;2.270226,182;475,
push,638,3025,1735,900.0,300.00000000000006,1200.0,2.428817;2.270226,103;475,
push,638,3026,1735,900.0,300.00000000000006,1200.0,2.418411;2.270226,266;475,
push,638,3027,1735,900.0,300.00000000000006,1200.0,2.416051;2.345244,182;390,
push,638,3028,1735,900.0,300.00000000000006,1200.0,2.428817;2.345244,103;390,
push,638,3029,1735,900.0,300.00000000000006,1200.0,2.418411;2.345244,266;390,
push,638,3030,1735,900.0,400.0000000000001,1300.0,2.416051;2.321928,182;554,
push,638,3031,1735,900.0,400.0000000000001,1300.0,2.428817;2.321928,103;554,
push,638,3032,1735,900.0,400.0000000000001,1300.0,2.418411;2.321928,266;554,
pop,639,1755,801,800.0,,,2.250991;2.179818,38;469,
push,639,3033,1755,900.0,300.00000000000006,1200.0,2.345244;2.270226,44;475,
push,639,3034,1755,900.0,300.00000000000006,1200.0,2.392331;2.270226,129;475,
push,639,3035,1755,900.0,300.00000000000006,1200.0,2.345244;2.345244,44;390,
push,639,3036,1755,900.0,300.00000000000006,1200.0,2.392331;2.345244,129;390,
push,639,3037,1755,900.0,400.0000000000001,1300.0,2.345244;2.321928,44;554,
push,639,3038,1755,900.0,400.0000000000001,1300.0,2.392331;2.321928,129;554,
pop,640,1765,788,800.0,,,2.309401;2.179818,428;469,
push,640,3039,1765,900.0,300.00000000000006,1200.0,2.420764;2.270226,512;475,
push,640,3040,1765,900.0,300.00000000000006,1200.0,2.428817;2.270226,433;475,
push,640,3041,1765,900.0,300.00000000000006,1200.0,2.420764;2.270226,507;475,
push,640,3042,1765,900.0,300.00000000000006,1200.0,2.420764;2.345244,512;390,
push,640,3043,1765,900.0,300.00000000000006,1200.0,2.428817;2.345244,433;390,
push,640,3044,1765,900.0,300.00000000000006,1200.0,2.420764;2.345244,507;390,
push,640,3045,1765,900.0,400.0000000000001,1300.0,2.420764;2.321928,512;554,
push,640,3046,1765,900.0,400.0000000000001,1300.0,2.428817;2.321928,433;554,
push,640,3047,1765,900.0,400.0000000000001,1300.0,2.420764;2.321928,507;554,
pop,641,1770,793,800.0,,,2.224551;2.179818,44;469,
push,641,3048,1770,900.0,300.00000000000006,1200.0,2.198211;2.270226,50;475,
push,641,3049,1770,900.0,300.00000000000006,1200.0,0.903241;2.270226,135;475,
push,641,3050,1770,900.0,300.00000000000006,1200.0,2.198211;2.345244,50;390,
push,641,3051,1770,900.0,300.00000000000006,1200.0,0.903241;2.345244,135;390,
push,641,3052,1770,900.0,400.0000000000001,1300.0,2.198211;2.321928,50;554,
push,641,3053,1770,900.0,400.0000000000001,1300.0,0.903241;2.321928,135;554,
pop,642,1771,793,800.0,,,2.279351;2.179818,129;469,
push,642,3054,1771,900.0,300.00000000000006,1200.0,2.411382;2.270226,213;475,
push,642,3055,1771,900.0,300.00000000000006,1200.0,0.903241;2.270226,134;475,
prune,642,0,1771,900.0,,,2.394762;2.270226,208;475,obstacle:1
push,642,3056,1771,900.0,300.00000000000006,1200.0,2.411382;2.345244,213;390,
push,642,3057,1771,900.0,300.00000000000006,1200.0,0.903241;2.345244,134;390,
prune,642,0,1771,900.0,,,2.394762;2.345244,208;390,obstacle:1
push,642,3058,1771,900.0,400.0000000000001,1300.0,2.411382;2.321928,213;554,
push,642,3059,1771,900.0,400.0000000000001,1300.0,0.903241;2.321928,134;554,
prune,642,0,1771,900.0,,,2.394762;2.321928,208;554,obstacle:1
pop,643,1756,801,800.0,,,2.291759;2.179818,123;469,
prune,643,0,1756,900.0,,,2.416051;2.270226,207;475,obstacle:1
push,643,3060,1756,900.0,300.00000000000006,1200.0,2.392331;2.270226,128;475,
prune,643,0,1756,900.0,,,2.416051;2.270226,202;475,obstacle:1
prune,643,0,1756,900.0,,,2.416051;2.345244,207;390,obstacle:1
push,643,3061,1756,900.0,300.00000000000006,1200.0,2.392331;2.345244,128;390,
prune,643,0,1756,900.0,,,2.416051;2.345244,202;390,obstacle:1
prune,643,0,1756,900.0,,,2.416051;2.321928,207;554,obstacle:1
push,643,3062,1756,900.0,400.0000000000001,1300.0,2.392331;2.321928,128;554,
prune,643,0,1756,900.0,,,2.416051;2.321928,202;554,obstacle:1
pop,644,1761,802,800.0,,,2.291759;2.179818,122;469,
push,644,3063,1761,900.0,300.00000000000006,1200.0,2.392331;2.270226,128;475,
push,644,3064,1761,900.0,300.00000000000006,1200.0,2.416051;2.270226,43;475,
prune,644,0,1761,900.0,,,2.416051;2.270226,207;475,obstacle:1
push,644,3065,1761,900.0,300.00000000000006,1200.0,2.392331;2.345244,128;390,
push,644,3066,1761,900.0,300.00000000000006,1200.0,2.416051;2.345244,43;390,
prune,644,0,1761,900.0,,,2.416051;2.345244,207;390,obstacle:1
push,644,3067,1761,900.0,400.0000000000001,1300.0,2.392331;2.321928,128;554,
push,644,3068,1761,900.0,400.0000000000001,1300.0,2.416051;2.321928,43;554,
prune,644,0,1761,900.0,,,2.416051;2.321928,207;554,obstacle:1
pop,645,1764,788,800.0,,,2.297278;2.179818,423;469,
push,645,3069,1764,900.0,300.00000000000006,1200.0,2.420764;2.270226,506;475,
push,645,3070,1764,900.0,300.00000000000006,1200.0,2.420764;2.345244,506;390,
push,645,3071,1764,900.0,400.0000000000001,1300.0,2.420764;2.321928,506;554,
pop,646,1736,799,800.0,,,2.309401;2.179818,256;469,
push,646,3072,1736,900.0,300.00000000000006,1200.0,2.420764;2.270226,338;475,
push,646,3073,1736,900.0,300.00000000000006,1200.0,2.420764;2.345244,338;390,
push,646,3074,1736,900.0,400.0000000000001,1300.0,2.420764;2.321928,338;554,
pop,647,1744,805,800.0,,,2.297278;2.179818,260;469,
push,647,3075,1744,900.0,300.00000000000006,1200.0,2.420764;2.270226,344;475,
push,647,3076,1744,900.0,300.00000000000006,1200.0,2.418411;2.270226,265;475,
push,647,3077,1744,900.0,300.00000000000006,1200.0,2.399601;2.270226,339;475,
push,647,3078,1744,900.0,300.00000000000006,1200.0,2.420764;2.345244,344;390,
push,647,3079,1744,900.0,300.00000000000006,1200.0,2.418411;2.345244,265;390,
push,647,3080,1744,900.0,300.00000000000006,1200.0,2.399601;2.345244,339;390,
push,647,3081,1744,900.0,400.0000000000001,1300.0,2.420764;2.321928,344;554,
push,647,3082,1744,900.0,400.0000000000001,1300.0,2.418411;2.321928,265;554,
push,647,3083,1744,900.0,400.0000000000001,1300.0,2.399601;2.321928,339;554,
pop,648,1750,806,800.0,,,2.297278;2.179818,261;469,
push,648,3084,1750,900.0,300.00000000000006,1200.0,2.399601;2.270226,339;475,
push,648,3085,1750,900.0,300.00000000000006,1200.0,2.420764;2.270226,344;475,
push,648,3086,1750,900.0,300.00000000000006,1200.0,2.418411;2.270226,257;475,
push,648,3087,1750,900.0,300.00000000000006,1200.0,2.399601;2.345244,339;390,
push,648,3088,1750,900.0,300.00000000000006,1200.0,2.420764;2.345244,344;390,
push,648,3089,1750,900.0,300.00000000000006,1200.0,2.418411;2.345244,257;390,
push,648,3090,1750,900.0,400.0000000000001,1300.0,2.399601;2.321928,339;554,
push,648,3091,1750,900.0,400.0000000000001,1300.0,2.420764;2.321928,344;554,
push,648,3092,1750,900.0,400.0000000000001,1300.0,2.418411;2.321928,257;554,
pop,649,1749,806,800.0,,,2.309401;2.179818,266;469,
push,649,3093,1749,900.0,300.00000000000006,1200.0,2.420764;2.270226,350;475,
prune,649,0,1749,900.0,,,2.428817;2.270226,271;475,obstacle:1
push,649,3094,1749,900.0,300.00000000000006,1200.0,2.420764;2.270226,345;475,
push,649,3095,1749,900.0,300.00000000000006,1200.0,2.420764;2.345244,350;390,
prune,649,0,1749,900.0,,,2.428817;2.345244,271;390,obstacle:1
push,649,3096,1749,900.0,300.00000000000006,1200.0,2.420764;2.345244,345;390,
push,649,3097,1749,900.0,400.0000000000001,1300.0,2.420764;2.321928,350;554,
prune,649,0,1749,900.0,,,2.428817;2.321928,271;554,obstacle:1
push,649,3098,1749,900.0,400.0000000000001,1300.0,2.420764;2.321928,345;554,
pop,650,1743,805,800.0,,,2.259707;2.179818,256;469,
push,650,3099,1743,900.0,300.00000000000006,1200.0,2.399601;2.270226,338;475,
push,650,3100,1743,900.0,300.00000000000006,1200.0,2.399601;2.345244,338;390,
push,650,3101,1743,900.0,400.0000000000001,1300.0,2.399601;2.321928,338;554,
pop,651,1705,819,800.0,,,2.279351;2.179818,129;469,
push,651,3102,1705,900.0,300.00000000000006,1200.0,2.411382;2.270226,213;475,
push,651,3103,1705,900.0,300.00000000000006,1200.0,0.903241;2.270226,134;475,
prune,651,0,1705,900.0,,,2.394762;2.270226,208;475,obstacle:1
push,651,3104,1705,900.0,300.00000000000006,1200.0,2.411382;2.345244,213;390,
push,651,3105,1705,900.0,300.00000000000006,1200.0,0.903241;2.345244,134;390,
prune,651,0,1705,900.0,,,2.394762;2.345244,208;390,obstacle:1
push,651,3106,1705,900.0,400.0000000000001,1300.0,2.411382;2.321928,213;554,
push,651,3107,1705,900.0,400.0000000000001,1300.0,0.903241;2.321928,134;554,
prune,651,0,1705,900.0,,,2.394762;2.321928,208;554,obstacle:1
pop,652,1719,763,800.0,,,2.291759;2.179818,122;469,
push,652,3108,1719,900.0,300.00000000000006,1200.0,2.392331;2.270226,128;475,
push,652,3109,1719,900.0,300.00000000000006,1200.0,2.416051;2.270226,43;475,
prune,652,0,1719,900.0,,,2.416051;2.270226,207;475,obstacle:1
push,652,3110,1719,900.0,300.00000000000006,1200.0,2.392331;2.345244,128;390,
push,652,3111,1719,900.0,300.00000000000006,1200.0,2.416051;2.345244,43;390,
prune,652,0,1719,900.0,,,2.416051;2.345244,207;390,obstacle:1
push,652,3112,1719,900.0,400.0000000000001,1300.0,2.392331;2.321928,128;554,
push,652,3113,1719,900.0,400.0000000000001,1300.0,2.416051;2.321928,43;554,
prune,652,0,1719,900.0,,,2.416051;2.321928,207;554,obstacle:1
pop,653,1726,787,800.0,,,2.30669;2.179818,349;469,
prune,653,0,1726,900.0,,,2.416051;2.270226,355;475,obstacle:1
prune,653,0,1726,900.0,,,2.428817;2.270226,276;475,obstacle:1
push,653,3114,1726,900.0,300.00000000000006,1200.0,2.418411;2.270226,440;475,
prune,653,0,1726,900.0,,,2.416051;2.345244,355;390,obstacle:1
prune,653,0,1726,900.0,,,2.428817;2.345244,276;390,obstacle:1
push,653,3115,1726,900.0,300.00000000000006,1200.0,2.418411;2.345244,440;390,
prune,653,0,1726,900.0,,,2.416051;2.321928,355;554,obstacle:1
prune,653,0,1726,900.0,,,2.428817;2.321928,276;554,obstacle:1
push,653,3116,1726,900.0,400.0000000000001,1300.0,2.418411;2.321928,440;554,
pop,654,1734,799,800.0,,,2.297278;2.179818,260;469,
push,654,3117,1734,900.0,300.00000000000006,1200.0,2.399601;2.270226,344;475,
push,654,3118,1734,900.0,300.00000000000006,1200.0,2.420764;2.270226,339;475,
push,654,3119,1734,900.0,300.00000000000006,1200.0,2.399601;2.345244,344;390,
push,654,3120,1734,900.0,300.00000000000006,1200.0,2.420764;2.345244,339;390,
push,654,3121,1734,900.0,400.0000000000001,1300.0,2.399601;2.321928,344;554,
push,654,3122,1734,900.0,400.0000000000001,1300.0,2.420764;2.321928,339;554,
pop,655,1727,787,800.0,,,2.309401;2.179818,429;469,
push,655,3123,1727,900.0,300.00000000000006,1200.0,2.420764;2.270226,507;475,
push,655,3124,1727,900.0,300.00000000000006,1200.0,2.420764;2.270226,512;475,
push,655,3125,1727,900.0,300.00000000000006,1200.0,2.428817;2.270226,424;475,
push,655,3126,1727,900.0,300.00000000000006,1200.0,2.420764;2.345244,507;390,
push,655,3127,1727,900.0,300.00000000000006,1200.0,2.420764;2.345244,512;390,
push,655,3128,1727,900.0,300.00000000000006,1200.0,2.428817;2.345244,424;390,
push,655,3129,1727,900.0,400.0000000000001,1300.0,2.420764;2.321928,507;554,
push,655,3130,1727,900.0,400.0000000000001,1300.0,2.420764;2.321928,512;554,
push,655,3131,1727,900.0,400.0000000000001,1300.0,2.428817;2.321928,424;554,
pop,656,1720,763,800.0,,,2.30669;2.179818,37;469,
push,656,3132,1720,900.0,300.00000000000006,1200.0,2.416051;2.270226,38;475,
push,656,3133,1720,900.0,300.00000000000006,1200.0,2.416051;2.345244,38;390,
push,656,3134,1720,900.0,400.0000000000001,1300.0,2.416051;2.321928,38;554,
pop,657,1725,787,800.0,,,2.297278;2.179818,434;469,
push,657,3135,1725,900.0,300.00000000000006,1200.0,2.399601;2.270226,518;475,
push,657,3136,1725,900.0,300.00000000000006,1200.0,2.418411;2.270226,439;475,
push,657,3137,1725,900.0,300.00000000000006,1200.0,2.420764;2.270226,513;475,
push,657,3138,1725,900.0,300.00000000000006,1200.0,2.399601;2.345244,518;390,
push,657,3139,1725,900.0,300.00000000000006,1200.0,2.418411;2.345244,439;390,
push,657,3140,1725,900.0,300.00000000000006,1200.0,2.420764;2.345244,513;390,
push,657,3141,1725,900.0,400.0000000000001,1300.0,2.399601;2.321928,518;554,
push,657,3142,1725,900.0,400.0000000000001,1300.0,2.418411;2.321928,439;554,
push,657,3143,1725,900.0,400.0000000000001,1300.0,2.420764;2.321928,513;554,
pop,658,1710,820,800.0,,,2.279351;2.179818,128;469,
push,658,3144,1710,900.0,300.00000000000006,1200.0,0.903241;2.270226,134;475,
push,658,3145,1710,900.0,300.00000000000006,1200.0,2.394762;2.270226,49;475,
push,658,3146,1710,900.0,300.00000000000006,1200.0,2.411382;2.270226,213;475,
push,658,3147,1710,900.0,300.00000000000006,1200.0,0.903241;2.345244,134;390,
push,658,3148,1710,900.0,300.00000000000006,1200.0,2.394762;2.345244,49;390,
push,658,3149,1710,900.0,300.00000000000006,1200.0,2.411382;2.345244,213;390,
push,658,3150,1710,900.0,400.0000000000001,1300.0,0.903241;2.321928,134;554,
push,658,3151,1710,900.0,400.0000000000001,1300.0,2.394762;2.321928,49;554,
push,658,3152,1710,900.0,400.0000000000001,1300.0,2.411382;2.321928,213;554,
pop,659,1713,718,800.0,,,2.309401;2.179818,266;469,
push,659,3153,1713,900.0,300.00000000000006,1200.0,2.420764;2.270226,350;475,
prune,659,0,1713,900.0,,,2.428817;2.270226,271;475,obstacle:1
push,659,3154,1713,900.0,300.00000000000006,1200.0,2.420764;2.270226,345;475,
push,659,3155,1713,900.0,300.00000000000006,1200.0,2.420764;2.345244,350;390,
prune,659,0,1713,900.0,,,2.428817;2.345244,271;390,obstacle:1
push,659,3156,1713,900.0,300.00000000000006,1200.0,2.420764;2.345244,345;390,
push,659,3157,1713,900.0,400.0000000000001,1300.0,2.420764;2.321928,350;554,
prune,659,0,1713,900.0,,,2.428817;2.321928,271;554,obstacle:1
push,659,3158,1713,900.0,400.0000000000001,1300.0,2.420764;2.321928,345;554,
pop,660,1714,718,800.0,,,2.297278;2.179818,261;469,
push,660,3159,1714,900.0,300.00000000000006,1200.0,2.399601;2.270226,339;475,
push,660,3160,1714,900.0,300.00000000000006,1200.0,2.420764;2.270226,344;475,
push,660,3161,1714,900.0,300.00000000000006,1200.0,2.418411;2.270226,257;475,
push,660,3162,1714,900.0,300.00000000000006,1200.0,2.399601;2.345244,339;390,
push,660,3163,1714,900.0,300.00000000000006,1200.0,2.420764;2.345244,344;390,
push,660,3164,1714,900.0,300.00000000000006,1200.0,2.418411;2.345244,257;390,
push,660,3165,1714,900.0,400.0000000000001,1300.0,2.399601;2.321928,339;554,
push,660,3166,1714,900.0,400.0000000000001,1300.0,2.420764;2.321928,344;554,
push,660,3167,1714,900.0,400.0000000000001,1300.0,2.418411;2.321928,257;554,
pop,661,1623,854,800.0,,,2.224551;2.179818,44;469,
push,661,3168,1623,900.0,300.00000000000006,1200.0,2.198211;2.270226,50;475,
push,661,3169,1623,900.0,300.00000000000006,1200.0,0.903241;2.270226,135;475,
push,661,3170,1623,900.0,300.00000000000006,1200.0,2.198211;2.345244,50;390,
push,661,3171,1623,900.0,300.00000000000006,1200.0,0.903241;2.345244,135;390,
push,661,3172,1623,900.0,400.0000000000001,1300.0,2.198211;2.321928,50;554,
push,661,3173,1623,900.0,400.0000000000001,1300.0,0.903241;2.321928,135;554,
pop,662,1662,823,800.0,,,2.279351;2.179818,128;469,
push,662,3174,1662,900.0,300.00000000000006,1200.0,0.903241;2.270226,134;475,
push,662,3175,1662,900.0,300.00000000000006,1200.0,2.394762;2.270226,49;475,
push,662,3176,1662,900.0,300.00000000000006,1200.0,2.411382;2.270226,213;475,
push,662,3177,1662,900.0,300.00000000000006,1200.0,0.903241;2.345244,134;390,
push,662,3178,1662,900.0,300.00000000000006,1200.0,2.394762;2.345244,49;390,
push,662,3179,1662,900.0,300.00000000000006,1200.0,2.411382;2.345244,213;390,
push,662,3180,1662,900.0,400.0000000000001,1300.0,0.903241;2.321928,134;554,
push,662,3181,1662,900.0,400.0000000000001,1300.0,2.394762;2.321928,49;554,
push,662,3182,1662,900.0,400.0000000000001,1300.0,2.411382;2.321928,213;554,
pop,663,1680,833,800.0,,,2.224551;2.179818,44;469,
push,663,3183,1680,900.0,300.00000000000006,1200.0,2.198211;2.270226,50;475,
push,663,3184,1680,900.0,300.00000000000006,1200.0,0.903241;2.270226,135;475,
push,663,3185,1680,900.0,300.00000000000006,1200.0,2.198211;2.345244,50;390,
push,663,3186,1680,900.0,300.00000000000006,1200.0,0.903241;2.345244,135;390,
push,663,3187,1680,900.0,400.0000000000001,1300.0,2.198211;2.321928,50;554,
push,663,3188,1680,900.0,400.0000000000001,1300.0,0.903241;2.321928,135;554,
pop,664,1687,825,800.0,,,2.279351;2.179818,129;469,
push,664,3189,1687,900.0,300.00000000000006,1200.0,2.411382;2.270226,213;475,
push,664,3190,1687,900.0,300.00000000000006,1200.0,0.903241;2.270226,134;475,
prune,664,0,1687,900.0,,,2.394762;2.270226,208;475,obstacle:1
push,664,3191,1687,900.0,300.00000000000006,1200.0,2.411382;2.345244,213;390,
push,664,3192,1687,900.0,300.00000000000006,1200.0,0.903241;2.345244,134;390,
prune,664,0,1687,900.0,,,2.394762;2.345244,208;390,obstacle:1
push,664,3193,1687,900.0,400.0000000000001,1300.0,2.411382;2.321928,213;554,
push,664,3194,1687,900.0,400.0000000000001,1300.0,0.903241;2.321928,134;554,
prune,664,0,1687,900.0,,,2.394762;2.321928,208;554,obstacle:1
pop,665,1692,826,800.0,,,2.279351;2.179818,128;469,
push,665,3195,1692,900.0,300.00000000000006,1200.0,0.903241;2.270226,134;475,
push,665,3196,1692,900.0,300.00000000000006,1200.0,2.394762;2.270226,49;475,
push,665,3197,1692,900.0,300.00000000000006,1200.0,2.411382;2.270226,213;475,
push,665,3198,1692,900.0,300.00000000000006,1200.0,0.903241;2.345244,134;390,
push,665,3199,1692,900.0,300.00000000000006,1200.0,2.394762;2.345244,49;390,
push,665,3200,1692,900.0,300.00000000000006,1200.0,2.411382;2.345244,213;390,
push,665,3201,1692,900.0,400.0000000000001,1300.0,0.903241;2.321928,134;554,
push,665,3202,1692,900.0,400.0000000000001,1300.0,2.394762;2.321928,49;554,
push,665,3203,1692,900.0,400.0000000000001,1300.0,2.411382;2.321928,213;554,
pop,666,1695,817,800.0,,,2.309401;2.179818,428;469,
push,666,3204,1695,900.0,300.00000000000006,1200.0,2.420764;2.270226,512;475,
push,666,3205,1695,900.0,300.00000000000006,1200.0,2.428817;2.270226,433;475,
push,666,3206,1695,900.0,300.00000000000006,1200.0,2.420764;2.270226,507;475,
push,666,3207,1695,900.0,300.00000000000006,1200.0,2.420764;2.345244,512;390,
push,666,3208,1695,900.0,300.00000000000006,1200.0,2.428817;2.345244,433;390,
push,666,3209,1695,900.0,300.00000000000006,1200.0,2.420764;2.345244,507;390,
push,666,3210,1695,900.0,400.0000000000001,1300.0,2.420764;2.321928,512;554,
push,666,3211,1695,900.0,400.0000000000001,1300.0,2.428817;2.321928,433;554,
push,666,3212,1695,900.0,400.0000000000001,1300.0,2.420764;2.321928,507;554,
pop,667,1696,817,800.0,,,2.30669;2.179818,343;469,
push,667,3213,1696,900.0,300.00000000000006,1200.0,2.416051;2.270226,349;475,
push,667,3214,1696,900.0,300.00000000000006,1200.0,2.418411;2.270226,270;475,
push,667,3215,1696,900.0,300.00000000000006,1200.0,2.428817;2.270226,434;475,
push,667,3216,1696,900.0,300.00000000000006,1200.0,2.416051;2.345244,349;390,
push,667,3217,1696,900.0,300.00000000000006,1200.0,2.418411;2.345244,270;390,
push,667,3218,1696,900.0,300.00000000000006,1200.0,2.428817;2.345244,434;390,
push,667,3219,1696,900.0,400.0000000000001,1300.0,2.416051;2.321928,349;554,
push,667,3220,1696,900.0,400.0000000000001,1300.0,2.418411;2.321928,270;554,
push,667,3221,1696,900.0,400.0000000000001,1300.0,2.428817;2.321928,434;554,
pop,668,1681,833,800.0,,,2.279351;2.179818,129;469,
push,668,3222,1681,900.0,300.00000000000006,1200.0,2.411382;2.270226,213;475,
push,668,3223,1681,900.0,300.00000000000006,1200.0,0.903241;2.270226,134;475,
prune,668,0,1681,900.0,,,2.394762;2.270226,208;475,obstacle:1
push,668,3224,1681,900.0,300.00000000000006,1200.0,2.411382;2.345244,213;390,
push,668,3225,1681,900.0,300.00000000000006,1200.0,0.903241;2.345244,134;390,
prune,668,0,1681,900.0,,,2.394762;2.345244,208;390,obstacle:1
push,668,3226,1681,900.0,400.0000000000001,1300.0,2.411382;2.321928,213;554,
push,668,3227,1681,900.0,400.0000000000001,1300.0,0.903241;2.321928,134;554,
prune,668,0,1681,900.0,,,2.394762;2.321928,208;554,obstacle:1
pop,669,1686,825,800.0,,,2.224551;2.179818,44;469,
push,669,3228,1686,900.0,300.00000000000006,1200.0,2.198211;2.270226,50;475,
push,669,3229,1686,900.0,300.00000000000006,1200.0,0.903241;2.270226,135;475,
push,669,3230,1686,900.0,300.00000000000006,1200.0,2.198211;2.345244,50;390,
push,669,3231,1686,900.0,300.00000000000006,1200.0,0.903241;2.345244,135;390,
push,669,3232,1686,900.0,400.0000000000001,1300.0,2.198211;2.321928,50;554,
push,669,3233,1686,900.0,400.0000000000001,1300.0,0.903241;2.321928,135;554,
pop,670,1663,823,800.0,,,2.28216;2.179818,43;469,
push,670,3234,1663,900.0,300.00000000000006,1200.0,2.394762;2.270226,44;475,
push,670,3235,1663,900.0,300.00000000000006,1200.0,2.394762;2.345244,44;390,
push,670,3236,1663,900.0,400.0000000000001,1300.0,2.394762;2.321928,44;554,
pop,671,1668,829,800.0,,,2.224551;2.179818,44;469,
push,671,3237,1668,900.0,300.00000000000006,1200.0,2.198211;2.270226,50;475,
push,671,3238,1668,900.0,300.00000000000006,1200.0,0.903241;2.270226,135;475,
push,671,3239,1668,900.0,300.00000000000006,1200.0,2.198211;2.345244,50;390,
push,671,3240,1668,900.0,300.00000000000006,1200.0,0.903241;2.345244,135;390,
push,671,3241,1668,900.0,400.0000000000001,1300.0,2.198211;2.321928,50;554,
push,671,3242,1668,900.0,400.0000000000001,1300.0,0.903241;2.321928,135;554,
pop,672,1674,831,800.0,,,2.279351;2.179818,128;469,
push,672,3243,1674,900.0,300.00000000000006,1200.0,0.903241;2.270226,134;475,
push,672,3244,1674,900.0,300.00000000000006,1200.0,2.394762;2.270226,49;475,
push,672,3245,1674,900.0,300.00000000000006,1200.0,2.411382;2.270226,213;475,
push,672,3246,1674,900.0,300.00000000000006,1200.0,0.903241;2.345244,134;390,
push,672,3247,1674,900.0,300.00000000000006,1200.0,2.394762;2.345244,49;390,
push,672,3248,1674,900.0,300.00000000000006,1200.0,2.411382;2.345244,213;390,
push,672,3249,1674,900.0,400.0000000000001,1300.0,0.903241;2.321928,134;554,
push,672,3250,1674,900.0,400.0000000000001,1300.0,2.394762;2.321928,49;554,
push,672,3251,1674,900.0,400.0000000000001,1300.0,2.411382;2.321928,213;554,
pop,673,1675,831,800.0,,,2.28216;2.179818,43;469,
push,673,3252,1675,900.0,300.00000000000006,1200.0,2.394762;2.270226,44;475,
push,673,3253,1675,900.0,300.00000000000006,1200.0,2.394762;2.345244,44;390,
push,673,3254,1675,900.0,400.0000000000001,1300.0,2.394762;2.321928,44;554,
pop,674,1669,829,800.0,,,2.279351;2.179818,129;469,
push,674,3255,1669,900.0,300.00000000000006,1200.0,2.411382;2.270226,213;475,
push,674,3256,1669,900.0,300.00000000000006,1200.0,0.903241;2.270226,134;475,
prune,674,0,1669,900.0,,,2.394762;2.270226,208;475,obstacle:1
push,674,3257,1669,900.0,300.00000000000006,1200.0,2.411382;2.345244,213;390,
push,674,3258,1669,900.0,300.00000000000006,1200.0,0.903241;2.345244,134;390,
prune,674,0,1669,900.0,,,2.394762;2.345244,208;390,obstacle:1
push,674,3259,1669,900.0,400.0000000000001,1300.0,2.411382;2.321928,213;554,
push,674,3260,1669,900.0,400.0000000000001,1300.0,0.903241;2.321928,134;554,
prune,674,0,1669,900.0,,,2.394762;2.321928,208;554,obstacle:1
pop,675,1626,849,800.0,,,2.224551;2.179818,44;469,
push,675,3261,1626,900.0,300.00000000000006,1200.0,2.198211;2.270226,50;475,
push,675,3262,1626,900.0,300.00000000000006,1200.0,0.903241;2.270226,135;475,
push,675,3263,1626,900.0,300.00000000000006,1200.0,2.198211;2.345244,50;390,
push,675,3264,1626,900.0,300.00000000000006,1200.0,0.903241;2.345244,135;390,
push,675,3265,1626,900.0,400.0000000000001,1300.0,2.198211;2.321928,50;554,
push,675,3266,1626,900.0,400.0000000000001,1300.0,0.903241;2.321928,135;554,
pop,676,1638,840,800.0,,,2.279351;2.179818,128;469,
push,676,3267,1638,900.0,300.00000000000006,1200.0,0.903241;2.270226,134;475,
push,676,3268,1638,900.0,300.00000000000006,1200.0,2.394762;2.270226,49;475,
push,676,3269,1638,900.0,300.00000000000006,1200.0,2.411382;2.270226,213;475,
push,676,3270,1638,900.0,300.00000000000006,1200.0,0.903241;2.345244,134;390,
push,676,3271,1638,900.0,300.00000000000006,1200.0,2.394762;2.345244,49;390,
push,676,3272,1638,900.0,300.00000000000006,1200.0,2.411382;2.345244,213;390,
push,676,3273,1638,900.0,400.0000000000001,1300.0,0.903241;2.321928,134;554,
push,676,3274,1638,900.0,400.0000000000001,1300.0,2.394762;2.321928,49;554,
push,676,3275,1638,900.0,400.0000000000001,1300.0,2.411382;2.321928,213;554,
pop,677,1650,839,800.0,,,2.224551;2.179818,44;469,
push,677,3276,1650,900.0,300.00000000000006,1200.0,2.198211;2.270226,50;475,
push,677,3277,1650,900.0,300.00000000000006,1200.0,0.903241;2.270226,135;475,
push,677,3278,1650,900.0,300.00000000000006,1200.0,2.198211;2.345244,50;390,
push,677,3279,1650,900.0,300.00000000000006,1200.0,0.903241;2.345244,135;390,
push,677,3280,1650,900.0,400.0000000000001,1300.0,2.198211;2.321928,50;554,
push,677,3281,1650,900.0,400.0000000000001,1300.0,0.903241;2.321928,135;554,
pop,678,1656,815,800.0,,,2.279351;2.179818,128;469,
push,678,3282,1656,900.0,300.00000000000006,1200.0,0.903241;2.270226,134;475,
push,678,3283,1656,900.0,300.00000000000006,1200.0,2.394762;2.270226,49;475,
push,678,3284,1656,900.0,300.00000000000006,1200.0,2.411382;2.270226,213;475,
push,678,3285,1656,900.0,300.00000000000006,1200.0,0.903241;2.345244,134;390,
push,678,3286,1656,900.0,300.00000000000006,1200.0,2.394762;2.345244,49;390,
push,678,3287,1656,900.0,300.00000000000006,1200.0,2.411382;2.345244,213;390,
push,678,3288,1656,900.0,400.0000000000001,1300.0,0.903241;2.321928,134;554,
push,678,3289,1656,900.0,400.0000000000001,1300.0,2.394762;2.321928,49;554,
push,678,3290,1656,900.0,400.0000000000001,1300.0,2.411382;2.321928,213;554,
pop,679,1657,815,800.0,,,2.28216;2.179818,43;469,
push,679,3291,1657,900.0,300.00000000000006,1200.0,2.394762;2.270226,44;475,
push,679,3292,1657,900.0,300.00000000000006,1200.0,2.394762;2.345244,44;390,
push,679,3293,1657,900.0,400.0000000000001,1300.0,2.394762;2.321928,44;554,
pop,680,1651,839,800.0,,,2.279351;2.179818,129;469,
push,680,3294,1651,900.0,300.00000000000006,1200.0,2.411382;2.270226,213;475,
push,680,3295,1651,900.0,300.00000000000006,1200.0,0.903241;2.270226,134;475,
prune,680,0,1651,900.0,,,2.394762;2.270226,208;475,obstacle:1
push,680,3296,1651,900.0,300.00000000000006,1200.0,2.411382;2.345244,213;390,
push,680,3297,1651,900.0,300.00000000000006,1200.0,0.903241;2.345244,134;390,
prune,680,0,1651,900.0,,,2.394762;2.345244,208;390,obstacle:1
push,680,3298,1651,900.0,400.0000000000001,1300.0,2.411382;2.321928,213;554,
push,680,3299,1651,900.0,400.0000000000001,1300.0,0.903241;2.321928,134;554,
prune,680,0,1651,900.0,,,2.394762;2.321928,208;554,obstacle:1
pop,681,1641,843,800.0,,,2.224551;2.179818,44;469,
push,681,3300,1641,900.0,300.00000000000006,1200.0,2.198211;2.270226,50;475,
push,681,3301,1641,900.0,300.00000000000006,1200.0,0.903241;2.270226,135;475,
push,681,3302,1641,900.0,300.00000000000006,1200.0,2.198211;2.345244,50;390,
push,681,3303,1641,900.0,300.00000000000006,1200.0,0.903241;2.345244,135;390,
push,681,3304,1641,900.0,400.0000000000001,1300.0,2.198211;2.321928,50;554,
push,681,3305,1641,900.0,400.0000000000001,1300.0,0.903241;2.321928,135;554,
pop,682,1647,844,800.0,,,2.279351;2.179818,128;469,
push,682,3306,1647,900.0,300.00000000000006,1200.0,0.903241;2.270226,134;475,
push,682,3307,1647,900.0,300.00000000000006,1200.0,2.394762;2.270226,49;475,
push,682,3308,1647,900.0,300.00000000000006,1200.0,2.411382;2.270226,213;475,
push,682,3309,1647,900.0,300.00000000000006,1200.0,0.903241;2.345244,134;390,
push,682,3310,1647,900.0,300.00000000000006,1200.0,2.394762;2.345244,49;390,
push,682,3311,1647,900.0,300.00000000000006,1200.0,2.411382;2.345244,213;390,
push,682,3312,1647,900.0,400.0000000000001,1300.0,0.903241;2.321928,134;554,
push,682,3313,1647,900.0,400.0000000000001,1300.0,2.394762;2.321928,49;554,
push,682,3314,1647,900.0,400.0000000000001,1300.0,2.411382;2.321928,213;554,
pop,683,1642,843,800.0,,,2.279351;2.179818,129;469,
push,683,3315,1642,900.0,300.00000000000006,1200.0,2.411382;2.270226,213;475,
push,683,3316,1642,900.0,300.00000000000006,1200.0,0.903241;2.270226,134;475,
prune,683,0,1642,900.0,,,2.394762;2.270226,208;475,obstacle:1
push,683,3317,1642,900.0,300.00000000000006,1200.0,2.411382;2.345244,213;390,
push,683,3318,1642,900.0,300.00000000000006,1200.0,0.903241;2.345244,134;390,
prune,683,0,1642,900.0,,,2.394762;2.345244,208;390,obstacle:1
push,683,3319,1642,900.0,400.0000000000001,1300.0,2.411382;2.321928,213;554,
push,683,3320,1642,900.0,400.0000000000001,1300.0,0.903241;2.321928,134;554,
prune,683,0,1642,900.0,,,2.394762;2.321928,208;554,obstacle:1
pop,684,1627,849,800.0,,,2.279351;2.179818,129;469,
push,684,3321,1627,900.0,300.00000000000006,1200.0,2.411382;2.270226,213;475,
push,684,3322,1627,900.0,300.00000000000006,1200.0,0.903241;2.270226,134;475,
prune,684,0,1627,900.0,,,2.394762;2.270226,208;475,obstacle:1
push,684,3323,1627,900.0,300.00000000000006,1200.0,2.411382;2.345244,213;390,
push,684,3324,1627,900.0,300.00000000000006,1200.0,0.903241;2.345244,134;390,
prune,684,0,1627,900.0,,,2.394762;2.345244,208;390,obstacle:1
push,684,3325,1627,900.0,400.0000000000001,1300.0,2.411382;2.321928,213;554,
push,684,3326,1627,900.0,400.0000000000001,1300.0,0.903241;2.321928,134;554,
prune,684,0,1627,900.0,,,2.394762;2.321928,208;554,obstacle:1
pop,685,1632,850,800.0,,,2.279351;2.179818,128;469,
push,685,3327,1632,900.0,300.00000000000006,1200.0,0.903241;2.270226,134;475,
push,685,3328,1632,900.0,300.00000000000006,1200.0,2.394762;2.270226,49;475,
push,685,3329,1632,900.0,300.00000000000006,1200.0,2.411382;2.270226,213;475,
push,685,3330,1632,900.0,300.00000000000006,1200.0,0.903241;2.345244,134;390,
push,685,3331,1632,900.0,300.00000000000006,1200.0,2.394762;2.345244,49;390,
push,685,3332,1632,900.0,300.00000000000006,1200.0,2.411382;2.345244,213;390,
push,685,3333,1632,900.0,400.0000000000001,1300.0,0.903241;2.321928,134;554,
push,685,3334,1632,900.0,400.0000000000001,1300.0,2.394762;2.321928,49;554,
push,685,3335,1632,900.0,400.0000000000001,1300.0,2.411382;2.321928,213;554,
pop,686,1635,836,800.0,,,2.224551;2.179818,44;469,
push,686,3336,1635,900.0,300.00000000000006,1200.0,2.198211;2.270226,50;475,
push,686,3337,1635,900.0,300.00000000000006,1200.0,0.903241;2.270226,135;475,
push,686,3338,1635,900.0,300.00000000000006,1200.0,2.198211;2.345244,50;390,
push,686,3339,1635,900.0,300.00000000000006,1200.0,0.903241;2.345244,135;390,
push,686,3340,1635,900.0,400.0000000000001,1300.0,2.198211;2.321928,50;554,
push,686,3341,1635,900.0,400.0000000000001,1300.0,0.903241;2.321928,135;554,
pop,687,1599,835,800.0,,,0.887411;2.179818,134;469,
push,687,3342,1599,900.0,300.00000000000006,1200.0,0.726929;2.270226,140;475,
push,687,3343,1599,900.0,300.00000000000006,1200.0,1.124937;2.270226,55;475,
push,687,3344,1599,900.0,300.00000000000006,1200.0,0.73931;2.270226,219;475,
push,687,3345,1599,900.0,300.00000000000006,1200.0,0.726929;2.345244,140;390,
push,687,3346,1599,900.0,300.00000000000006,1200.0,1.124937;2.345244,55;390,
push,687,3347,1599,900.0,300.00000000000006,1200.0,0.73931;2.345244,219;390,
push,687,3348,1599,900.0,400.0000000000001,1300.0,0.726929;2.321928,140;554,
push,687,3349,1599,900.0,400.0000000000001,1300.0,1.124937;2.321928,55;554,
push,687,3350,1599,900.0,400.0000000000001,1300.0,0.73931;2.321928,219;554,
pop,688,1608,847,800.0,,,2.279351;2.179818,128;469,
push,688,3351,1608,900.0,300.00000000000006,1200.0,0.903241;2.270226,134;475,
push,688,3352,1608,900.0,300.00000000000006,1200.0,2.394762;2.270226,49;475,
push,688,3353,1608,900.0,300.00000000000006,1200.0,2.411382;2.270226,213;475,
push,688,3354,1608,900.0,300.00000000000006,1200.0,0.903241;2.345244,134;390,
push,688,3355,1608,900.0,300.00000000000006,1200.0,2.394762;2.345244,49;390,
push,688,3356,1608,900.0,300.00000000000006,1200.0,2.411382;2.345244,213;390,
push,688,3357,1608,900.0,400.0000000000001,1300.0,0.903241;2.321928,134;554,
push,688,3358,1608,900.0,400.0000000000001,1300.0,2.394762;2.321928,49;554,
push,688,3359,1608,900.0,400.0000000000001,1300.0,2.411382;2.321928,213;554,
pop,689,1614,853,800.0,,,0.887411;2.179818,134;469,
push,689,3360,1614,900.0,300.00000000000006,1200.0,0.726929;2.270226,140;475,
push,689,3361,1614,900.0,300.00000000000006,1200.0,1.124937;2.270226,55;475,
push,689,3362,1614,900.0,300.00000000000006,1200.0,0.73931;2.270226,219;475,
push,689,3363,1614,900.0,300.00000000000006,1200.0,0.726929;2.345244,140;390,
push,689,3364,1614,900.0,300.00000000000006,1200.0,1.124937;2.345244,55;390,
push,689,3365,1614,900.0,300.00000000000006,1200.0,0.73931;2.345244,219;390,
push,689,3366,1614,900.0,400.0000000000001,1300.0,0.726929;2.321928,140;554,
push,689,3367,1614,900.0,400.0000000000001,1300.0,1.124937;2.321928,55;554,
push,689,3368,1614,900.0,400.0000000000001,1300.0,0.73931;2.321928,219;554,
pop,690,1615,853,800.0,,,2.224551;2.179818,49;469,
push,690,3369,1615,900.0,300.00000000000006,1200.0,2.198211;2.270226,50;475,
push,690,3370,1615,900.0,300.00000000000006,1200.0,2.198211;2.345244,50;390,
push,690,3371,1615,900.0,400.0000000000001,1300.0,2.198211;2.321928,50;554,
pop,691,1616,853,800.0,,,2.24714;2.179818,213;469,
push,691,3372,1616,900.0,300.00000000000006,1200.0,2.388627;2.270226,302;475,
push,691,3373,1616,900.0,300.00000000000006,1200.0,0.902229;2.270226,218;475,
prune,691,0,1616,900.0,,,2.377737;2.270226,297;475,obstacle:1
push,691,3374,1616,900.0,300.00000000000006,1200.0,2.388627;2.345244,302;390,
push,691,3375,1616,900.0,300.00000000000006,1200.0,0.902229;2.345244,218;390,
prune,691,0,1616,900.0,,,2.377737;2.345244,297;390,obstacle:1
push,691,3376,1616,900.0,400.0000000000001,1300.0,2.388627;2.321928,302;554,
push,691,3377,1616,900.0,400.0000000000001,1300.0,0.902229;2.321928,218;554,
prune,691,0,1616,900.0,,,2.377737;2.321928,297;554,obstacle:1
pop,692,1609,847,800.0,,,2.28216;2.179818,43;469,
push,692,3378,1609,900.0,300.00000000000006,1200.0,2.394762;2.270226,44;475,
push,692,3379,1609,900.0,300.00000000000006,1200.0,2.394762;2.345244,44;390,
push,692,3380,1609,900.0,400.0000000000001,1300.0,2.394762;2.321928,44;554,
pop,693,1600,835,800.0,,,2.224551;2.179818,49;469,
push,693,3381,1600,900.0,300.00000000000006,1200.0,2.198211;2.270226,50;475,
push,693,3382,1600,900.0,300.00000000000006,1200.0,2.198211;2.345244,50;390,
push,693,3383,1600,900.0,400.0000000000001,1300.0,2.198211;2.321928,50;554,
pop,694,1601,835,800.0,,,2.24714;2.179818,213;469,
push,694,3384,1601,900.0,300.00000000000006,1200.0,2.388627;2.270226,302;475,
push,694,3385,1601,900.0,300.00000000000006,1200.0,0.902229;2.270226,218;475,
prune,694,0,1601,900.0,,,2.377737;2.270226,297;475,obstacle:1
push,694,3386,1601,900.0,300.00000000000006,1200.0,2.388627;2.345244,302;390,
push,694,3387,1601,900.0,300.00000000000006,1200.0,0.902229;2.345244,218;390,
prune,694,0,1601,900.0,,,2.377737;2.345244,297;390,obstacle:1
push,694,3388,1601,900.0,400.0000000000001,1300.0,2.388627;2.321928,302;554,
push,694,3389,1601,900.0,400.0000000000001,1300.0,0.902229;2.321928,218;554,
prune,694,0,1601,900.0,,,2.377737;2.321928,297;554,obstacle:1
pop,695,1596,812,800.0,,,2.28216;2.179818,38;469,
push,695,3390,1596,900.0,300.00000000000006,1200.0,2.394762;2.270226,44;475,
push,695,3391,1596,900.0,300.00000000000006,1200.0,2.418411;2.270226,129;475,
push,695,3392,1596,900.0,300.00000000000006,1200.0,2.394762;2.345244,44;390,
push,695,3393,1596,900.0,300.00000000000006,1200.0,2.418411;2.345244,129;390,
push,695,3394,1596,900.0,400.0000000000001,1300.0,2.394762;2.321928,44;554,
push,695,3395,1596,900.0,400.0000000000001,1300.0,2.418411;2.321928,129;554,
pop,696,1593,864,800.0,,,2.279351;2.179818,128;469,
push,696,3396,1593,900.0,300.00000000000006,1200.0,0.903241;2.270226,134;475,
push,696,3397,1593,900.0,300.00000000000006,1200.0,2.394762;2.270226,49;475,
push,696,3398,1593,900.0,300.00000000000006,1200.0,2.411382;2.270226,213;475,
push,696,3399,1593,900.0,300.00000000000006,1200.0,0.903241;2.345244,134;390,
push,696,3400,1593,900.0,300.00000000000006,1200.0,2.394762;2.345244,49;390,
push,696,3401,1593,900.0,300.00000000000006,1200.0,2.411382;2.345244,213;390,
push,696,3402,1593,900.0,400.0000000000001,1300.0,0.903241;2.321928,134;554,
push,696,3403,1593,900.0,400.0000000000001,1300.0,2.394762;2.321928,49;554,
push,696,3404,1593,900.0,400.0000000000001,1300.0,2.411382;2.321928,213;554,
pop,697,1590,867,800.0,,,2.30669;2.179818,171;469,
push,697,3405,1590,900.0,300.00000000000006,1200.0,2.428817;2.270226,260;475,
push,697,3406,1590,900.0,300.00000000000006,1200.0,2.416051;2.270226,176;475,
push,697,3407,1590,900.0,300.00000000000006,1200.0,2.418411;2.270226,256;475,
push,697,3408,1590,900.0,300.00000000000006,1200.0,2.428817;2.345244,260;390,
push,697,3409,1590,900.0,300.00000000000006,1200.0,2.416051;2.345244,176;390,
push,697,3410,1590,900.0,300.00000000000006,1200.0,2.418411;2.345244,256;390,
push,697,3411,1590,900.0,400.0000000000001,1300.0,2.428817;2.321928,260;554,
push,697,3412,1590,900.0,400.0000000000001,1300.0,2.416051;2.321928,176;554,
push,697,3413,1590,900.0,400.0000000000001,1300.0,2.418411;2.321928,256;554,
pop,698,1584,863,800.0,,,2.224551;2.179818,44;469,
push,698,3414,1584,900.0,300.00000000000006,1200.0,2.198211;2.270226,50;475,
push,698,3415,1584,900.0,300.00000000000006,1200.0,0.903241;2.270226,135;475,
push,698,3416,1584,900.0,300.00000000000006,1200.0,2.198211;2.345244,50;390,
push,698,3417,1584,900.0,300.00000000000006,1200.0,0.903241;2.345244,135;390,
push,698,3418,1584,900.0,400.0000000000001,1300.0,2.198211;2.321928,50;554,
push,698,3419,1584,900.0,400.0000000000001,1300.0,0.903241;2.321928,135;554,
pop,699,1585,863,800.0,,,2.279351;2.179818,129;469,
push,699,3420,1585,900.0,300.00000000000006,1200.0,2.411382;2.270226,213;475,
push,699,3421,1585,900.0,300.00000000000006,1200.0,0.903241;2.270226,134;475,
prune,699,0,1585,900.0,,,2.394762;2.270226,208;475,obstacle:1
push,699,3422,1585,900.0,300.00000000000006,1200.0,2.411382;2.345244,213;390,
push,699,3423,1585,900.0,300.00000000000006,1200.0,0.903241;2.345244,134;390,
prune,699,0,1585,900.0,,,2.394762;2.345244,208;390,obstacle:1
push,699,3424,1585,900.0,400.0000000000001,1300.0,2.411382;2.321928,213;554,
push,699,3425,1585,900.0,400.0000000000001,1300.0,0.903241;2.321928,134;554,
prune,699,0,1585,900.0,,,2.394762;2.321928,208;554,obstacle:1
pop,700,1581,860,800.0,,,2.28216;2.179818,38;469,
push,700,3426,1581,900.0,300.00000000000006,1200.0,2.394762;2.270226,44;475,
push,700,3427,1581,900.0,300.00000000000006,1200.0,2.418411;2.270226,129;475,
push,700,3428,1581,900.0,300.00000000000006,1200.0,2.394762;2.345244,44;390,
push,700,3429,1581,900.0,300.00000000000006,1200.0,2.418411;2.345244,129;390,
push,700,3430,1581,900.0,400.0000000000001,1300.0,2.394762;2.321928,44;554,
push,700,3431,1581,900.0,400.0000000000001,1300.0,2.418411;2.321928,129;554,
pop,701,1573,873,800.0,,,2.30669;2.179818,176;469,
push,701,3432,1573,900.0,300.00000000000006,1200.0,2.416051;2.270226,182;475,
push,701,3433,1573,900.0,300.00000000000006,1200.0,2.428817;2.270226,103;475,
push,701,3434,1573,900.0,300.00000000000006,1200.0,2.418411;2.270226,266;475,
push,701,3435,1573,900.0,300.00000000000006,1200.0,2.416051;2.345244,182;390,
push,701,3436,1573,900.0,300.00000000000006,1200.0,2.428817;2.345244,103;390,
push,701,3437,1573,900.0,300.00000000000006,1200.0,2.418411;2.345244,266;390,
push,701,3438,1573,900.0,400.0000000000001,1300.0,2.416051;2.321928,182;554,
push,701,3439,1573,900.0,400.0000000000001,1300.0,2.428817;2.321928,103;554,
push,701,3440,1573,900.0,400.0000000000001,1300.0,2.418411;2.321928,266;554,
pop,702,1574,873,800.0,,,2.309401;2.179818,256;469,
push,702,3441,1574,900.0,300.00000000000006,1200.0,2.420764;2.270226,338;475,
push,702,3442,1574,900.0,300.00000000000006,1200.0,2.420764;2.345244,338;390,
push,702,3443,1574,900.0,400.0000000000001,1300.0,2.420764;2.321928,338;554,
pop,703,1572,873,800.0,,,2.297278;2.179818,260;469,
push,703,3444,1572,900.0,300.00000000000006,1200.0,2.399601;2.270226,344;475,
push,703,3445,1572,900.0,300.00000000000006,1200.0,2.420764;2.270226,339;475,
push,703,3446,1572,900.0,300.00000000000006,1200.0,2.399601;2.345244,344;390,
push,703,3447,1572,900.0,300.00000000000006,1200.0,2.420764;2.345244,339;390,
push,703,3448,1572,900.0,400.0000000000001,1300.0,2.399601;2.321928,344;554,
push,703,3449,1572,900.0,400.0000000000001,1300.0,2.420764;2.321928,339;554,
pop,704,1566,870,800.0,,,2.297278;2.179818,423;469,
push,704,3450,1566,900.0,300.00000000000006,1200.0,2.420764;2.270226,506;475,
push,704,3451,1566,900.0,300.00000000000006,1200.0,2.420764;2.345244,506;390,
push,704,3452,1566,900.0,400.0000000000001,1300.0,2.420764;2.321928,506;554,
pop,705,1567,870,800.0,,,2.309401;2.179818,428;469,
push,705,3453,1567,900.0,300.00000000000006,1200.0,2.420764;2.270226,512;475,
push,705,3454,1567,900.0,300.00000000000006,1200.0,2.428817;2.270226,433;475,
push,705,3455,1567,900.0,300.00000000000006,1200.0,2.420764;2.270226,507;475,
push,705,3456,1567,900.0,300.00000000000006,1200.0,2.420764;2.345244,512;390,
push,705,3457,1567,900.0,300.00000000000006,1200.0,2.428817;2.345244,433;390,
push,705,3458,1567,900.0,300.00000000000006,1200.0,2.420764;2.345244,507;390,
push,705,3459,1567,900.0,400.0000000000001,1300.0,2.420764;2.321928,512;554,
push,705,3460,1567,900.0,400.0000000000001,1300.0,2.428817;2.321928,433;554,
push,705,3461,1567,900.0,400.0000000000001,1300.0,2.420764;2.321928,507;554,
pop,706,1560,876,800.0,,,2.30669;2.179818,182;469,
prune,706,0,1560,900.0,,,2.416051;2.270226,188;475,obstacle:1
push,706,3462,1560,900.0,300.00000000000006,1200.0,2.418411;2.270226,109;475,
prune,706,0,1560,900.0,,,2.428817;2.270226,272;475,obstacle:1
prune,706,0,1560,900.0,,,2.416051;2.345244,188;390,obstacle:1
push,706,3463,1560,900.0,300.00000000000006,1200.0,2.418411;2.345244,109;390,
prune,706,0,1560,900.0,,,2.428817;2.345244,272;390,obstacle:1
prune,706,0,1560,900.0,,,2.416051;2.321928,188;554,obstacle:1
push,706,3464,1560,900.0,400.0000000000001,1300.0,2.418411;2.321928,109;554,
prune,706,0,1560,900.0,,,2.428817;2.321928,272;554,obstacle:1
pop,707,1561,876,800.0,,,2.309401;2.179818,266;469,
push,707,3465,1561,900.0,300.00000000000006,1200.0,2.420764;2.270226,350;475,
prune,707,0,1561,900.0,,,2.428817;2.270226,271;475,obstacle:1
push,707,3466,1561,900.0,300.00000000000006,1200.0,2.420764;2.270226,345;475,
push,707,3467,1561,900.0,300.00000000000006,1200.0,2.420764;2.345244,350;390,
prune,707,0,1561,900.0,,,2.428817;2.345244,271;390,obstacle:1
push,707,3468,1561,900.0,300.00000000000006,1200.0,2.420764;2.345244,345;390,
push,707,3469,1561,900.0,400.0000000000001,1300.0,2.420764;2.321928,350;554,
prune,707,0,1561,900.0,,,2.428817;2.321928,271;554,obstacle:1
push,707,3470,1561,900.0,400.0000000000001,1300.0,2.420764;2.321928,345;554,
pop,708,1557,877,800.0,,,2.287749;2.179818,338;469,
push,708,3471,1557,900.0,300.00000000000006,1200.0,2.40201;2.270226,428;475,
push,708,3472,1557,900.0,300.00000000000006,1200.0,2.420764;2.270226,343;475,
push,708,3473,1557,900.0,300.00000000000006,1200.0,2.391248;2.270226,423;475,
push,708,3474,1557,900.0,300.00000000000006,1200.0,2.40201;2.345244,428;390,
push,708,3475,1557,900.0,300.00000000000006,1200.0,2.420764;2.345244,343;390,
push,708,3476,1557,900.0,300.00000000000006,1200.0,2.391248;2.345244,423;390,
push,708,3477,1557,900.0,400.0000000000001,1300.0,2.40201;2.321928,428;554,
push,708,3478,1557,900.0,400.0000000000001,1300.0,2.420764;2.321928,343;554,
push,708,3479,1557,900.0,400.0000000000001,1300.0,2.391248;2.321928,423;554,
pop,709,1549,875,800.0,,,2.309401;2.179818,265;469,
prune,709,0,1549,900.0,,,2.428817;2.270226,271;475,obstacle:1
push,709,3480,1549,900.0,300.00000000000006,1200.0,2.420764;2.270226,187;475,
push,709,3481,1549,900.0,300.00000000000006,1200.0,2.420764;2.270226,350;475,
prune,709,0,1549,900.0,,,2.428817;2.345244,271;390,obstacle:1
push,709,3482,1549,900.0,300.00000000000006,1200.0,2.420764;2.345244,187;390,
push,709,3483,1549,900.0,300.00000000000006,1200.0,2.420764;2.345244,350;390,
prune,709,0,1549,900.0,,,2.428817;2.321928,271;554,obstacle:1
push,709,3484,1549,900.0,400.0000000000001,1300.0,2.420764;2.321928,187;554,
push,709,3485,1549,900.0,400.0000000000001,1300.0,2.420764;2.321928,350;554,
pop,710,1550,875,800.0,,,2.287749;2.179818,339;469,
push,710,3486,1550,900.0,300.00000000000006,1200.0,2.391248;2.270226,423;475,
push,710,3487,1550,900.0,300.00000000000006,1200.0,2.40201;2.270226,428;475,
push,710,3488,1550,900.0,300.00000000000006,1200.0,2.391248;2.345244,423;390,
push,710,3489,1550,900.0,300.00000000000006,1200.0,2.40201;2.345244,428;390,
push,710,3490,1550,900.0,400.0000000000001,1300.0,2.391248;2.321928,423;554,
push,710,3491,1550,900.0,400.0000000000001,1300.0,2.40201;2.321928,428;554,
pop,711,1540,869,800.0,,,2.30669;2.179818,349;469,
prune,711,0,1540,900.0,,,2.416051;2.270226,355;475,obstacle:1
prune,711,0,1540,900.0,,,2.428817;2.270226,276;475,obstacle:1
push,711,3492,1540,900.0,300.00000000000006,1200.0,2.418411;2.270226,440;475,
prune,711,0,1540,900.0,,,2.416051;2.345244,355;390,obstacle:1
prune,711,0,1540,900.0,,,2.428817;2.345244,276;390,obstacle:1
push,711,3493,1540,900.0,300.00000000000006,1200.0,2.418411;2.345244,440;390,
prune,711,0,1540,900.0,,,2.416051;2.321928,355;554,obstacle:1
prune,711,0,1540,900.0,,,2.428817;2.321928,276;554,obstacle:1
push,711,3494,1540,900.0,400.0000000000001,1300.0,2.418411;2.321928,440;554,
pop,712,1548,875,800.0,,,2.287749;2.179818,344;469,
push,712,3495,1548,900.0,300.00000000000006,1200.0,2.391248;2.270226,434;475,
push,712,3496,1548,900.0,300.00000000000006,1200.0,2.420764;2.270226,349;475,
push,712,3497,1548,900.0,300.00000000000006,1200.0,2.40201;2.270226,429;475,
push,712,3498,1548,900.0,300.00000000000006,1200.0,2.391248;2.345244,434;390,
push,712,3499,1548,900.0,300.00000000000006,1200.0,2.420764;2.345244,349;390,
push,712,3500,1548,900.0,300.00000000000006,1200.0,2.40201;2.345244,429;390,
push,712,3501,1548,900.0,400.0000000000001,1300.0,2.391248;2.321928,434;554,
push,712,3502,1548,900.0,400.0000000000001,1300.0,2.420764;2.321928,349;554,
push,712,3503,1548,900.0,400.0000000000001,1300.0,2.40201;2.321928,429;554,
pop,713,1541,869,800.0,,,2.309401;2.179818,429;469,
push,713,3504,1541,900.0,300.00000000000006,1200.0,2.420764;2.270226,507;475,
push,713,3505,1541,900.0,300.00000000000006,1200.0,2.420764;2.270226,512;475,
push,713,3506,1541,900.0,300.00000000000006,1200.0,2.428817;2.270226,424;475,
push,713,3507,1541,900.0,300.00000000000006,1200.0,2.420764;2.345244,507;390,
push,713,3508,1541,900.0,300.00000000000006,1200.0,2.420764;2.345244,512;390,
push,713,3509,1541,900.0,300.00000000000006,1200.0,2.428817;2.345244,424;390,
push,713,3510,1541,900.0,400.0000000000001,1300.0,2.420764;2.321928,507;554,
push,713,3511,1541,900.0,400.0000000000001,1300.0,2.420764;2.321928,512;554,
push,713,3512,1541,900.0,400.0000000000001,1300.0,2.428817;2.321928,424;554,
pop,714,1539,869,800.0,,,2.297278;2.179818,434;469,
push,714,3513,1539,900.0,300.00000000000006,1200.0,2.399601;2.270226,518;475,
push,714,3514,1539,900.0,300.00000000000006,1200.0,2.418411;2.270226,439;475,
push,714,3515,1539,900.0,300.00000000000006,1200.0,2.420764;2.270226,513;475,
push,714,3516,1539,900.0,300.00000000000006,1200.0,2.399601;2.345244,518;390,
push,714,3517,1539,900.0,300.00000000000006,1200.0,2.418411;2.345244,439;390,
push,714,3518,1539,900.0,300.00000000000006,1200.0,2.420764;2.345244,513;390,
push,714,3519,1539,900.0,400.0000000000001,1300.0,2.399601;2.321928,518;554,
push,714,3520,1539,900.0,400.0000000000001,1300.0,2.418411;2.321928,439;554,
push,714,3521,1539,900.0,400.0000000000001,1300.0,2.420764;2.321928,513;554,
pop,715,1533,859,800.0,,,2.279351;2.179818,128;469,
push,715,3522,1533,900.0,300.00000000000006,1200.0,0.903241;2.270226,134;475,
push,715,3523,1533,900.0,300.00000000000006,1200.0,2.394762;2.270226,49;475,
push,715,3524,1533,900.0,300.00000000000006,1200.0,2.411382;2.270226,213;475,
push,715,3525,1533,900.0,300.00000000000006,1200.0,0.903241;2.345244,134;390,
push,715,3526,1533,900.0,300.00000000000006,1200.0,2.394762;2.345244,49;390,
push,715,3527,1533,900.0,300.00000000000006,1200.0,2.411382;2.345244,213;390,
push,715,3528,1533,900.0,400.0000000000001,1300.0,0.903241;2.321928,134;554,
push,715,3529,1533,900.0,400.0000000000001,1300.0,2.394762;2.321928,49;554,
push,715,3530,1533,900.0,400.0000000000001,1300.0,2.411382;2.321928,213;554,
pop,716,1534,859,800.0,,,2.28216;2.179818,43;469,
push,716,3531,1534,900.0,300.00000000000006,1200.0,2.394762;2.270226,44;475,
push,716,3532,1534,900.0,300.00000000000006,1200.0,2.394762;2.345244,44;390,
push,716,3533,1534,900.0,400.0000000000001,1300.0,2.394762;2.321928,44;554,
pop,717,1525,889,800.0,,,2.224551;2.179818,49;469,
push,717,3534,1525,900.0,300.00000000000006,1200.0,2.198211;2.270226,50;475,
push,717,3535,1525,900.0,300.00000000000006,1200.0,2.198211;2.345244,50;390,
push,717,3536,1525,900.0,400.0000000000001,1300.0,2.198211;2.321928,50;554,
pop,718,1526,889,800.0,,,2.24714;2.179818,213;469,
push,718,3537,1526,900.0,300.00000000000006,1200.0,2.388627;2.270226,302;475,
push,718,3538,1526,900.0,300.00000000000006,1200.0,0.902229;2.270226,218;475,
prune,718,0,1526,900.0,,,2.377737;2.270226,297;475,obstacle:1
push,718,3539,1526,900.0,300.00000000000006,1200.0,2.388627;2.345244,302;390,
push,718,3540,1526,900.0,300.00000000000006,1200.0,0.902229;2.345244,218;390,
prune,718,0,1526,900.0,,,2.377737;2.345244,297;390,obstacle:1
push,718,3541,1526,900.0,400.0000000000001,1300.0,2.388627;2.321928,302;554,
push,718,3542,1526,900.0,400.0000000000001,1300.0,0.902229;2.321928,218;554,
prune,718,0,1526,900.0,,,2.377737;2.321928,297;554,obstacle:1
pop,719,1524,889,800.0,,,0.887411;2.179818,134;469,
push,719,3543,1524,900.0,300.00000000000006,1200.0,0.726929;2.270226,140;475,
push,719,3544,1524,900.0,300.00000000000006,1200.0,1.124937;2.270226,55;475,
push,719,3545,1524,900.0,300.00000000000006,1200.0,0.73931;2.270226,219;475,
push,719,3546,1524,900.0,300.00000000000006,1200.0,0.726929;2.345244,140;390,
push,719,3547,1524,900.0,300.00000000000006,1200.0,1.124937;2.345244,55;390,
push,719,3548,1524,900.0,300.00000000000006,1200.0,0.73931;2.345244,219;390,
push,719,3549,1524,900.0,400.0000000000001,1300.0,0.726929;2.321928,140;554,
push,719,3550,1524,900.0,400.0000000000001,1300.0,1.124937;2.321928,55;554,
push,719,3551,1524,900.0,400.0000000000001,1300.0,0.73931;2.321928,219;554,
pop,720,1516,887,800.0,,,2.30669;2.179818,343;469,
push,720,3552,1516,900.0,300.00000000000006,1200.0,2.416051;2.270226,349;475,
push,720,3553,1516,900.0,300.00000000000006,1200.0,2.418411;2.270226,270;475,
push,720,3554,1516,900.0,300.00000000000006,1200.0,2.428817;2.270226,434;475,
push,720,3555,1516,900.0,300.00000000000006,1200.0,2.416051;2.345244,349;390,
push,720,3556,1516,900.0,300.00000000000006,1200.0,2.418411;2.345244,270;390,
push,720,3557,1516,900.0,300.00000000000006,1200.0,2.428817;2.345244,434;390,
push,720,3558,1516,900.0,400.0000000000001,1300.0,2.416051;2.321928,349;554,
push,720,3559,1516,900.0,400.0000000000001,1300.0,2.418411;2.321928,270;554,
push,720,3560,1516,900.0,400.0000000000001,1300.0,2.428817;2.321928,434;554,
pop,721,1517,887,800.0,,,2.297278;2.179818,423;469,
push,721,3561,1517,900.0,300.00000000000006,1200.0,2.420764;2.270226,506;475,
push,721,3562,1517,900.0,300.00000000000006,1200.0,2.420764;2.345244,506;390,
push,721,3563,1517,900.0,400.0000000000001,1300.0,2.420764;2.321928,506;554,
pop,722,1515,887,800.0,,,2.309401;2.179818,428;469,
push,722,3564,1515,900.0,300.00000000000006,1200.0,2.420764;2.270226,512;475,
push,722,3565,1515,900.0,300.00000000000006,1200.0,2.428817;2.270226,433;475,
push,722,3566,1515,900.0,300.00000000000006,1200.0,2.420764;2.270226,507;475,
push,722,3567,1515,900.0,300.00000000000006,1200.0,2.420764;2.345244,512;390,
push,722,3568,1515,900.0,300.00000000000006,1200.0,2.428817;2.345244,433;390,
push,722,3569,1515,900.0,300.00000000000006,1200.0,2.420764;2.345244,507;390,
push,722,3570,1515,900.0,400.0000000000001,1300.0,2.420764;2.321928,512;554,
push,722,3571,1515,900.0,400.0000000000001,1300.0,2.428817;2.321928,433;554,
push,722,3572,1515,900.0,400.0000000000001,1300.0,2.420764;2.321928,507;554,
pop,723,1507,882,800.0,,,2.30669;2.179818,182;469,
prune,723,0,1507,900.0,,,2.416051;2.270226,188;475,obstacle:1
prune,723,0,1507,900.0,,,2.428817;2.270226,272;475,obstacle:1
prune,723,0,1507,900.0,,,2.416051;2.345244,188;390,obstacle:1
prune,723,0,1507,900.0,,,2.428817;2.345244,272;390,obstacle:1
prune,723,0,1507,900.0,,,2.416051;2.321928,188;554,obstacle:1
prune,723,0,1507,900.0,,,2.428817;2.321928,272;554,obstacle:1
pop,724,1508,882,800.0,,,2.297278;2.179818,261;469,
push,724,3573,1508,900.0,300.00000000000006,1200.0,2.399601;2.270226,339;475,
push,724,3574,1508,900.0,300.00000000000006,1200.0,2.420764;2.270226,344;475,
push,724,3575,1508,900.0,300.00000000000006,1200.0,2.418411;2.270226,257;475,
push,724,3576,1508,900.0,300.00000000000006,1200.0,2.399601;2.345244,339;390,
push,724,3577,1508,900.0,300.00000000000006,1200.0,2.420764;2.345244,344;390,
push,724,3578,1508,900.0,300.00000000000006,1200.0,2.418411;2.345244,257;390,
push,724,3579,1508,900.0,400.0000000000001,1300.0,2.399601;2.321928,339;554,
push,724,3580,1508,900.0,400.0000000000001,1300.0,2.420764;2.321928,344;554,
push,724,3581,1508,900.0,400.0000000000001,1300.0,2.418411;2.321928,257;554,
pop,725,1506,882,800.0,,,2.309401;2.179818,266;469,
push,725,3582,1506,900.0,300.00000000000006,1200.0,2.420764;2.270226,350;475,
prune,725,0,1506,900.0,,,2.428817;2.270226,271;475,obstacle:1
push,725,3583,1506,900.0,300.00000000000006,1200.0,2.420764;2.270226,345;475,
push,725,3584,1506,900.0,300.00000000000006,1200.0,2.420764;2.345244,350;390,
prune,725,0,1506,900.0,,,2.428817;2.345244,271;390,obstacle:1
push,725,3585,1506,900.0,300.00000000000006,1200.0,2.420764;2.345244,345;390,
push,725,3586,1506,900.0,400.0000000000001,1300.0,2.420764;2.321928,350;554,
prune,725,0,1506,900.0,,,2.428817;2.321928,271;554,obstacle:1
push,725,3587,1506,900.0,400.0000000000001,1300.0,2.420764;2.321928,345;554,
pop,726,1500,895,800.0,,,2.224551;2.179818,44;469,
push,726,3588,1500,900.0,300.00000000000006,1200.0,2.198211;2.270226,50;475,
push,726,3589,1500,900.0,300.00000000000006,1200.0,0.903241;2.270226,135;475,
push,726,3590,1500,900.0,300.00000000000006,1200.0,2.198211;2.345244,50;390,
push,726,3591,1500,900.0,300.00000000000006,1200.0,0.903241;2.345244,135;390,
push,726,3592,1500,900.0,400.0000000000001,1300.0,2.198211;2.321928,50;554,
push,726,3593,1500,900.0,400.0000000000001,1300.0,0.903241;2.321928,135;554,
pop,727,1501,895,800.0,,,2.279351;2.179818,129;469,
push,727,3594,1501,900.0,300.00000000000006,1200.0,2.411382;2.270226,213;475,
push,727,3595,1501,900.0,300.00000000000006,1200.0,0.903241;2.270226,134;475,
prune,727,0,1501,900.0,,,2.394762;2.270226,208;475,obstacle:1
push,727,3596,1501,900.0,300.00000000000006,1200.0,2.411382;2.345244,213;390,
push,727,3597,1501,900.0,300.00000000000006,1200.0,0.903241;2.345244,134;390,
prune,727,0,1501,900.0,,,2.394762;2.345244,208;390,obstacle:1
push,727,3598,1501,900.0,400.0000000000001,1300.0,2.411382;2.321928,213;554,
push,727,3599,1501,900.0,400.0000000000001,1300.0,0.903241;2.321928,134;554,
prune,727,0,1501,900.0,,,2.394762;2.321928,208;554,obstacle:1
pop,728,1495,893,800.0,,,2.279351;2.179818,129;469,
push,728,3600,1495,900.0,300.00000000000006,1200.0,2.411382;2.270226,213;475,
push,728,3601,1495,900.0,300.00000000000006,1200.0,0.903241;2.270226,134;475,
prune,728,0,1495,900.0,,,2.394762;2.270226,208;475,obstacle:1
push,728,3602,1495,900.0,300.00000000000006,1200.0,2.411382;2.345244,213;390,
push,728,3603,1495,900.0,300.00000000000006,1200.0,0.903241;2.345244,134;390,
prune,728,0,1495,900.0,,,2.394762;2.345244,208;390,obstacle:1
push,728,3604,1495,900.0,400.0000000000001,1300.0,2.411382;2.321928,213;554,
push,728,3605,1495,900.0,400.0000000000001,1300.0,0.903241;2.321928,134;554,
prune,728,0,1495,900.0,,,2.394762;2.321928,208;554,obstacle:1
pop,729,1494,893,800.0,,,2.224551;2.179818,44;469,
push,729,3606,1494,900.0,300.00000000000006,1200.0,2.198211;2.270226,50;475,
push,729,3607,1494,900.0,300.00000000000006,1200.0,0.903241;2.270226,135;475,
push,729,3608,1494,900.0,300.00000000000006,1200.0,2.198211;2.345244,50;390,
push,729,3609,1494,900.0,300.00000000000006,1200.0,0.903241;2.345244,135;390,
push,729,3610,1494,900.0,400.0000000000001,1300.0,2.198211;2.321928,50;554,
push,729,3611,1494,900.0,400.0000000000001,1300.0,0.903241;2.321928,135;554,
pop,730,1488,901,800.0,,,2.224551;2.179818,44;469,
push,730,3612,1488,900.0,300.00000000000006,1200.0,2.198211;2.270226,50;475,
push,730,3613,1488,900.0,300.00000000000006,1200.0,0.903241;2.270226,135;475,
push,730,3614,1488,900.0,300.00000000000006,1200.0,2.198211;2.345244,50;390,
push,730,3615,1488,900.0,300.00000000000006,1200.0,0.903241;2.345244,135;390,
push,730,3616,1488,900.0,400.0000000000001,1300.0,2.198211;2.321928,50;554,
push,730,3617,1488,900.0,400.0000000000001,1300.0,0.903241;2.321928,135;554,
pop,731,1489,901,800.0,,,2.279351;2.179818,129;469,
push,731,3618,1489,900.0,300.00000000000006,1200.0,2.411382;2.270226,213;475,
push,731,3619,1489,900.0,300.00000000000006,1200.0,0.903241;2.270226,134;475,
prune,731,0,1489,900.0,,,2.394762;2.270226,208;475,obstacle:1
push,731,3620,1489,900.0,300.00000000000006,1200.0,2.411382;2.345244,213;390,
push,731,3621,1489,900.0,300.00000000000006,1200.0,0.903241;2.345244,134;390,
prune,731,0,1489,900.0,,,2.394762;2.345244,208;390,obstacle:1
push,731,3622,1489,900.0,400.0000000000001,1300.0,2.411382;2.321928,213;554,
push,731,3623,1489,900.0,400.0000000000001,1300.0,0.903241;2.321928,134;554,
prune,731,0,1489,900.0,,,2.394762;2.321928,208;554,obstacle:1
pop,732,1482,896,800.0,,,2.279351;2.179818,128;469,
push,732,3624,1482,900.0,300.00000000000006,1200.0,0.903241;2.270226,134;475,
push,732,3625,1482,900.0,300.00000000000006,1200.0,2.394762;2.270226,49;475,
push,732,3626,1482,900.0,300.00000000000006,1200.0,2.411382;2.270226,213;475,
push,732,3627,1482,900.0,300.00000000000006,1200.0,0.903241;2.345244,134;390,
push,732,3628,1482,900.0,300.00000000000006,1200.0,2.394762;2.345244,49;390,
push,732,3629,1482,900.0,300.00000000000006,1200.0,2.411382;2.345244,213;390,
push,732,3630,1482,900.0,400.0000000000001,1300.0,0.903241;2.321928,134;554,
push,732,3631,1482,900.0,400.0000000000001,1300.0,2.394762;2.321928,49;554,
push,732,3632,1482,900.0,400.0000000000001,1300.0,2.411382;2.321928,213;554,
pop,733,1485,899,800.0,,,2.30669;2.179818,171;469,
push,733,3633,1485,900.0,300.00000000000006,1200.0,2.428817;2.270226,260;475,
push,733,3634,1485,900.0,300.00000000000006,1200.0,2.416051;2.270226,176;475,
push,733,3635,1485,900.0,300.00000000000006,1200.0,2.418411;2.270226,256;475,
push,733,3636,1485,900.0,300.00000000000006,1200.0,2.428817;2.345244,260;390,
push,733,3637,1485,900.0,300.00000000000006,1200.0,2.416051;2.345244,176;390,
push,733,3638,1485,900.0,300.00000000000006,1200.0,2.418411;2.345244,256;390,
push,733,3639,1485,900.0,400.0000000000001,1300.0,2.428817;2.321928,260;554,
push,733,3640,1485,900.0,400.0000000000001,1300.0,2.416051;2.321928,176;554,
push,733,3641,1485,900.0,400.0000000000001,1300.0,2.418411;2.321928,256;554,
pop,734,1479,890,800.0,,,2.224551;2.179818,44;469,
push,734,3642,1479,900.0,300.00000000000006,1200.0,2.198211;2.270226,50;475,
push,734,3643,1479,900.0,300.00000000000006,1200.0,0.903241;2.270226,135;475,
push,734,3644,1479,900.0,300.00000000000006,1200.0,2.198211;2.345244,50;390,
push,734,3645,1479,900.0,300.00000000000006,1200.0,0.903241;2.345244,135;390,
push,734,3646,1479,900.0,400.0000000000001,1300.0,2.198211;2.321928,50;554,
push,734,3647,1479,900.0,400.0000000000001,1300.0,0.903241;2.321928,135;554,
pop,735,1474,881,800.0,,,2.297278;2.179818,260;469,
push,735,3648,1474,900.0,300.00000000000006,1200.0,2.420764;2.270226,344;475,
push,735,3649,1474,900.0,300.00000000000006,1200.0,2.399601;2.270226,339;475,
push,735,3650,1474,900.0,300.00000000000006,1200.0,2.420764;2.345244,344;390,
push,735,3651,1474,900.0,300.00000000000006,1200.0,2.399601;2.345244,339;390,
push,735,3652,1474,900.0,400.0000000000001,1300.0,2.420764;2.321928,344;554,
push,735,3653,1474,900.0,400.0000000000001,1300.0,2.399601;2.321928,339;554,
pop,736,1473,881,800.0,,,2.259707;2.179818,256;469,
push,736,3654,1473,900.0,300.00000000000006,1200.0,2.399601;2.270226,338;475,
push,736,3655,1473,900.0,300.00000000000006,1200.0,2.399601;2.345244,338;390,
push,736,3656,1473,900.0,400.0000000000001,1300.0,2.399601;2.321928,338;554,
pop,737,1462,811,800.0,,,2.28216;2.179818,43;469,
push,737,3657,1462,900.0,300.00000000000006,1200.0,2.394762;2.270226,44;475,
push,737,3658,1462,900.0,300.00000000000006,1200.0,2.394762;2.345244,44;390,
push,737,3659,1462,900.0,400.0000000000001,1300.0,2.394762;2.321928,44;554,
pop,738,1467,857,800.0,,,2.279351;2.179818,128;469,
push,738,3660,1467,900.0,300.00000000000006,1200.0,0.903241;2.270226,134;475,
push,738,3661,1467,900.0,300.00000000000006,1200.0,2.394762;2.270226,49;475,
push,738,3662,1467,900.0,300.00000000000006,1200.0,2.411382;2.270226,213;475,
push,738,3663,1467,900.0,300.00000000000006,1200.0,0.903241;2.345244,134;390,
push,738,3664,1467,900.0,300.00000000000006,1200.0,2.394762;2.345244,49;390,
push,738,3665,1467,900.0,300.00000000000006,1200.0,2.411382;2.345244,213;390,
push,738,3666,1467,900.0,400.0000000000001,1300.0,0.903241;2.321928,134;554,
push,738,3667,1467,900.0,400.0000000000001,1300.0,2.394762;2.321928,49;554,
push,738,3668,1467,900.0,400.0000000000001,1300.0,2.411382;2.321928,213;554,
pop,739,1468,857,800.0,,,2.28216;2.179818,43;469,
push,739,3669,1468,900.0,300.00000000000006,1200.0,2.394762;2.270226,44;475,
push,739,3670,1468,900.0,300.00000000000006,1200.0,2.394762;2.345244,44;390,
push,739,3671,1468,900.0,400.0000000000001,1300.0,2.394762;2.321928,44;554,
pop,740,1461,811,800.0,,,2.279351;2.179818,128;469,
push,740,3672,1461,900.0,300.00000000000006,1200.0,0.903241;2.270226,134;475,
push,740,3673,1461,900.0,300.00000000000006,1200.0,2.394762;2.270226,49;475,
push,740,3674,1461,900.0,300.00000000000006,1200.0,2.411382;2.270226,213;475,
push,740,3675,1461,900.0,300.00000000000006,1200.0,0.903241;2.345244,134;390,
push,740,3676,1461,900.0,300.00000000000006,1200.0,2.394762;2.345244,49;390,
push,740,3677,1461,900.0,300.00000000000006,1200.0,2.411382;2.345244,213;390,
push,740,3678,1461,900.0,400.0000000000001,1300.0,0.903241;2.321928,134;554,
push,740,3679,1461,900.0,400.0000000000001,1300.0,2.394762;2.321928,49;554,
push,740,3680,1461,900.0,400.0000000000001,1300.0,2.411382;2.321928,213;554,
pop,741,1458,906,800.0,,,2.291759;2.179818,122;469,
push,741,3681,1458,900.0,300.00000000000006,1200.0,2.392331;2.270226,128;475,
push,741,3682,1458,900.0,300.00000000000006,1200.0,2.416051;2.270226,43;475,
prune,741,0,1458,900.0,,,2.416051;2.270226,207;475,obstacle:1
push,741,3683,1458,900.0,300.00000000000006,1200.0,2.392331;2.345244,128;390,
push,741,3684,1458,900.0,300.00000000000006,1200.0,2.416051;2.345244,43;390,
prune,741,0,1458,900.0,,,2.416051;2.345244,207;390,obstacle:1
push,741,3685,1458,900.0,400.0000000000001,1300.0,2.392331;2.321928,128;554,
push,741,3686,1458,900.0,400.0000000000001,1300.0,2.416051;2.321928,43;554,
prune,741,0,1458,900.0,,,2.416051;2.321928,207;554,obstacle:1
pop,742,1449,912,800.0,,,2.309401;2.179818,266;469,
push,742,3687,1449,900.0,300.00000000000006,1200.0,2.420764;2.270226,350;475,
prune,742,0,1449,900.0,,,2.428817;2.270226,271;475,obstacle:1
push,742,3688,1449,900.0,300.00000000000006,1200.0,2.420764;2.270226,345;475,
push,742,3689,1449,900.0,300.00000000000006,1200.0,2.420764;2.345244,350;390,
prune,742,0,1449,900.0,,,2.428817;2.345244,271;390,obstacle:1
push,742,3690,1449,900.0,300.00000000000006,1200.0,2.420764;2.345244,345;390,
push,742,3691,1449,900.0,400.0000000000001,1300.0,2.420764;2.321928,350;554,
prune,742,0,1449,900.0,,,2.428817;2.321928,271;554,obstacle:1
push,742,3692,1449,900.0,400.0000000000001,1300.0,2.420764;2.321928,345;554,
pop,743,1450,912,800.0,,,2.30669;2.179818,182;469,
prune,743,0,1450,900.0,,,2.416051;2.270226,188;475,obstacle:1
prune,743,0,1450,900.0,,,2.428817;2.270226,272;475,obstacle:1
prune,743,0,1450,900.0,,,2.416051;2.345244,188;390,obstacle:1
prune,743,0,1450,900.0,,,2.428817;2.345244,272;390,obstacle:1
prune,743,0,1450,900.0,,,2.416051;2.321928,188;554,obstacle:1
prune,743,0,1450,900.0,,,2.428817;2.321928,272;554,obstacle:1
pop,744,1451,912,800.0,,,2.297278;2.179818,261;469,
push,744,3693,1451,900.0,300.00000000000006,1200.0,2.399601;2.270226,339;475,
push,744,3694,1451,900.0,300.00000000000006,1200.0,2.420764;2.270226,344;475,
push,744,3695,1451,900.0,300.00000000000006,1200.0,2.418411;2.270226,257;475,
push,744,3696,1451,900.0,300.00000000000006,1200.0,2.399601;2.345244,339;390,
push,744,3697,1451,900.0,300.00000000000006,1200.0,2.420764;2.345244,344;390,
push,744,3698,1451,900.0,300.00000000000006,1200.0,2.418411;2.345244,257;390,
push,744,3699,1451,900.0,400.0000000000001,1300.0,2.399601;2.321928,339;554,
push,744,3700,1451,900.0,400.0000000000001,1300.0,2.420764;2.321928,344;554,
push,744,3701,1451,900.0,400.0000000000001,1300.0,2.418411;2.321928,257;554,
pop,745,1443,911,800.0,,,2.259707;2.179818,256;469,
push,745,3702,1443,900.0,300.00000000000006,1200.0,2.399601;2.270226,338;475,
push,745,3703,1443,900.0,300.00000000000006,1200.0,2.399601;2.345244,338;390,
push,745,3704,1443,900.0,400.0000000000001,1300.0,2.399601;2.321928,338;554,
pop,746,1444,911,800.0,,,2.297278;2.179818,260;469,
push,746,3705,1444,900.0,300.00000000000006,1200.0,2.420764;2.270226,344;475,
push,746,3706,1444,900.0,300.00000000000006,1200.0,2.399601;2.270226,339;475,
push,746,3707,1444,900.0,300.00000000000006,1200.0,2.420764;2.345244,344;390,
push,746,3708,1444,900.0,300.00000000000006,1200.0,2.399601;2.345244,339;390,
push,746,3709,1444,900.0,400.0000000000001,1300.0,2.420764;2.321928,344;554,
push,746,3710,1444,900.0,400.0000000000001,1300.0,2.399601;2.321928,339;554,
pop,747,1438,909,800.0,,,2.28216;2.179818,43;469,
push,747,3711,1438,900.0,300.00000000000006,1200.0,2.394762;2.270226,44;475,
push,747,3712,1438,900.0,300.00000000000006,1200.0,2.394762;2.345244,44;390,
push,747,3713,1438,900.0,400.0000000000001,1300.0,2.394762;2.321928,44;554,
pop,748,1437,909,800.0,,,2.279351;2.179818,128;469,
push,748,3714,1437,900.0,300.00000000000006,1200.0,0.903241;2.270226,134;475,
push,748,3715,1437,900.0,300.00000000000006,1200.0,2.394762;2.270226,49;475,
push,748,3716,1437,900.0,300.00000000000006,1200.0,2.411382;2.270226,213;475,
push,748,3717,1437,900.0,300.00000000000006,1200.0,0.903241;2.345244,134;390,
push,748,3718,1437,900.0,300.00000000000006,1200.0,2.394762;2.345244,49;390,
push,748,3719,1437,900.0,300.00000000000006,1200.0,2.411382;2.345244,213;390,
push,748,3720,1437,900.0,400.0000000000001,1300.0,0.903241;2.321928,134;554,
push,748,3721,1437,900.0,400.0000000000001,1300.0,2.394762;2.321928,49;554,
push,748,3722,1437,900.0,400.0000000000001,1300.0,2.411382;2.321928,213;554,
pop,749,1431,905,800.0,,,2.250991;2.179818,38;469,
push,749,3723,1431,900.0,300.00000000000006,1200.0,2.345244;2.270226,44;475,
push,749,3724,1431,900.0,300.00000000000006,1200.0,2.392331;2.270226,129;475,
push,749,3725,1431,900.0,300.00000000000006,1200.0,2.345244;2.345244,44;390,
push,749,3726,1431,900.0,300.00000000000006,1200.0,2.392331;2.345244,129;390,
push,749,3727,1431,900.0,400.0000000000001,1300.0,2.345244;2.321928,44;554,
push,749,3728,1431,900.0,400.0000000000001,1300.0,2.392331;2.321928,129;554,
pop,750,1432,905,800.0,,,2.291759;2.179818,123;469,
prune,750,0,1432,900.0,,,2.416051;2.270226,207;475,obstacle:1
push,750,3729,1432,900.0,300.00000000000006,1200.0,2.392331;2.270226,128;475,
prune,750,0,1432,900.0,,,2.416051;2.270226,202;475,obstacle:1
prune,750,0,1432,900.0,,,2.416051;2.345244,207;390,obstacle:1
push,750,3730,1432,900.0,300.00000000000006,1200.0,2.392331;2.345244,128;390,
prune,750,0,1432,900.0,,,2.416051;2.345244,202;390,obstacle:1
prune,750,0,1432,900.0,,,2.416051;2.321928,207;554,obstacle:1
push,750,3731,1432,900.0,400.0000000000001,1300.0,2.392331;2.321928,128;554,
prune,750,0,1432,900.0,,,2.416051;2.321928,202;554,obstacle:1
pop,751,1425,917,800.0,,,2.224551;2.179818,44;469,
push,751,3732,1425,900.0,300.00000000000006,1200.0,2.198211;2.270226,50;475,
push,751,3733,1425,900.0,300.00000000000006,1200.0,0.903241;2.270226,135;475,
push,751,3734,1425,900.0,300.00000000000006,1200.0,2.198211;2.345244,50;390,
push,751,3735,1425,900.0,300.00000000000006,1200.0,0.903241;2.345244,135;390,
push,751,3736,1425,900.0,400.0000000000001,1300.0,2.198211;2.321928,50;554,
push,751,3737,1425,900.0,400.0000000000001,1300.0,0.903241;2.321928,135;554,
pop,752,1426,917,800.0,,,2.279351;2.179818,129;469,
push,752,3738,1426,900.0,300.00000000000006,1200.0,2.411382;2.270226,213;475,
push,752,3739,1426,900.0,300.00000000000006,1200.0,0.903241;2.270226,134;475,
prune,752,0,1426,900.0,,,2.394762;2.270226,208;475,obstacle:1
push,752,3740,1426,900.0,300.00000000000006,1200.0,2.411382;2.345244,213;390,
push,752,3741,1426,900.0,300.00000000000006,1200.0,0.903241;2.345244,134;390,
prune,752,0,1426,900.0,,,2.394762;2.345244,208;390,obstacle:1
push,752,3742,1426,900.0,400.0000000000001,1300.0,2.411382;2.321928,213;554,
push,752,3743,1426,900.0,400.0000000000001,1300.0,0.903241;2.321928,134;554,
prune,752,0,1426,900.0,,,2.394762;2.321928,208;554,obstacle:1
pop,753,1422,922,800.0,,,2.30669;2.179818,32;469,
push,753,3744,1422,900.0,300.00000000000006,1200.0,2.416051;2.270226,38;475,
push,753,3745,1422,900.0,300.00000000000006,1200.0,2.428817;2.270226,123;475,
push,753,3746,1422,900.0,300.00000000000006,1200.0,2.416051;2.345244,38;390,
push,753,3747,1422,900.0,300.00000000000006,1200.0,2.428817;2.345244,123;390,
push,753,3748,1422,900.0,400.0000000000001,1300.0,2.416051;2.321928,38;554,
push,753,3749,1422,900.0,400.0000000000001,1300.0,2.428817;2.321928,123;554,
pop,754,1416,921,800.0,,,2.291759;2.179818,122;469,
push,754,3750,1416,900.0,300.00000000000006,1200.0,2.392331;2.270226,128;475,
push,754,3751,1416,900.0,300.00000000000006,1200.0,2.416051;2.270226,43;475,
prune,754,0,1416,900.0,,,2.416051;2.270226,207;475,obstacle:1
push,754,3752,1416,900.0,300.00000000000006,1200.0,2.392331;2.345244,128;390,
push,754,3753,1416,900.0,300.00000000000006,1200.0,2.416051;2.345244,43;390,
prune,754,0,1416,900.0,,,2.416051;2.345244,207;390,obstacle:1
push,754,3754,1416,900.0,400.0000000000001,1300.0,2.392331;2.321928,128;554,
push,754,3755,1416,900.0,400.0000000000001,1300.0,2.416051;2.321928,43;554,
prune,754,0,1416,900.0,,,2.416051;2.321928,207;554,obstacle:1
pop,755,1417,921,800.0,,,2.30669;2.179818,37;469,
push,755,3756,1417,900.0,300.00000000000006,1200.0,2.416051;2.270226,38;475,
push,755,3757,1417,900.0,300.00000000000006,1200.0,2.416051;2.345244,38;390,
push,755,3758,1417,900.0,400.0000000000001,1300.0,2.416051;2.321928,38;554,
pop,756,1413,918,800.0,,,2.279351;2.179818,128;469,
push,756,3759,1413,900.0,300.00000000000006,1200.0,0.903241;2.270226,134;475,
push,756,3760,1413,900.0,300.00000000000006,1200.0,2.394762;2.270226,49;475,
push,756,3761,1413,900.0,300.00000000000006,1200.0,2.411382;2.270226,213;475,
push,756,3762,1413,900.0,300.00000000000006,1200.0,0.903241;2.345244,134;390,
push,756,3763,1413,900.0,300.00000000000006,1200.0,2.394762;2.345244,49;390,
push,756,3764,1413,900.0,300.00000000000006,1200.0,2.411382;2.345244,213;390,
push,756,3765,1413,900.0,400.0000000000001,1300.0,0.903241;2.321928,134;554,
push,756,3766,1413,900.0,400.0000000000001,1300.0,2.394762;2.321928,49;554,
push,756,3767,1413,900.0,400.0000000000001,1300.0,2.411382;2.321928,213;554,
pop,757,1410,902,800.0,,,2.279351;2.179818,128;469,
push,757,3768,1410,900.0,300.00000000000006,1200.0,0.903241;2.270226,134;475,
push,757,3769,1410,900.0,300.00000000000006,1200.0,2.394762;2.270226,49;475,
push,757,3770,1410,900.0,300.00000000000006,1200.0,2.411382;2.270226,213;475,
push,757,3771,1410,900.0,300.00000000000006,1200.0,0.903241;2.345244,134;390,
push,757,3772,1410,900.0,300.00000000000006,1200.0,2.394762;2.345244,49;390,
push,757,3773,1410,900.0,300.00000000000006,1200.0,2.411382;2.345244,213;390,
push,757,3774,1410,900.0,400.0000000000001,1300.0,0.903241;2.321928,134;554,
push,757,3775,1410,900.0,400.0000000000001,1300.0,2.394762;2.321928,49;554,
push,757,3776,1410,900.0,400.0000000000001,1300.0,2.411382;2.321928,213;554,
pop,758,1402,931,800.0,,,2.224551;2.179818,49;469,
push,758,3777,1402,900.0,300.00000000000006,1200.0,2.198211;2.270226,50;475,
push,758,3778,1402,900.0,300.00000000000006,1200.0,2.198211;2.345244,50;390,
push,758,3779,1402,900.0,400.0000000000001,1300.0,2.198211;2.321928,50;554,
pop,759,1403,931,800.0,,,2.24714;2.179818,213;469,
push,759,3780,1403,900.0,300.00000000000006,1200.0,2.388627;2.270226,302;475,
push,759,3781,1403,900.0,300.00000000000006,1200.0,0.902229;2.270226,218;475,
prune,759,0,1403,900.0,,,2.377737;2.270226,297;475,obstacle:1
push,759,3782,1403,900.0,300.00000000000006,1200.0,2.388627;2.345244,302;390,
push,759,3783,1403,900.0,300.00000000000006,1200.0,0.902229;2.345244,218;390,
prune,759,0,1403,900.0,,,2.377737;2.345244,297;390,obstacle:1
push,759,3784,1403,900.0,400.0000000000001,1300.0,2.388627;2.321928,302;554,
push,759,3785,1403,900.0,400.0000000000001,1300.0,0.902229;2.321928,218;554,
prune,759,0,1403,900.0,,,2.377737;2.321928,297;554,obstacle:1
pop,760,1398,932,800.0,,,2.224551;2.179818,44;469,
push,760,3786,1398,900.0,300.00000000000006,1200.0,2.198211;2.270226,50;475,
push,760,3787,1398,900.0,300.00000000000006,1200.0,0.903241;2.270226,135;475,
push,760,3788,1398,900.0,300.00000000000006,1200.0,2.198211;2.345244,50;390,
push,760,3789,1398,900.0,300.00000000000006,1200.0,0.903241;2.345244,135;390,
push,760,3790,1398,900.0,400.0000000000001,1300.0,2.198211;2.321928,50;554,
push,760,3791,1398,900.0,400.0000000000001,1300.0,0.903241;2.321928,135;554,
pop,761,1401,931,800.0,,,0.887411;2.179818,134;469,
push,761,3792,1401,900.0,300.00000000000006,1200.0,0.726929;2.270226,140;475,
push,761,3793,1401,900.0,300.00000000000006,1200.0,1.124937;2.270226,55;475,
push,761,3794,1401,900.0,300.00000000000006,1200.0,0.73931;2.270226,219;475,
push,761,3795,1401,900.0,300.00000000000006,1200.0,0.726929;2.345244,140;390,
push,761,3796,1401,900.0,300.00000000000006,1200.0,1.124937;2.345244,55;390,
push,761,3797,1401,900.0,300.00000000000006,1200.0,0.73931;2.345244,219;390,
push,761,3798,1401,900.0,400.0000000000001,1300.0,0.726929;2.321928,140;554,
push,761,3799,1401,900.0,400.0000000000001,1300.0,1.124937;2.321928,55;554,
push,761,3800,1401,900.0,400.0000000000001,1300.0,0.73931;2.321928,219;554,
pop,762,1392,929,800.0,,,2.224551;2.179818,44;469,
push,762,3801,1392,900.0,300.00000000000006,1200.0,2.198211;2.270226,50;475,
push,762,3802,1392,900.0,300.00000000000006,1200.0,0.903241;2.270226,135;475,
push,762,3803,1392,900.0,300.00000000000006,1200.0,2.198211;2.345244,50;390,
push,762,3804,1392,900.0,300.00000000000006,1200.0,0.903241;2.345244,135;390,
push,762,3805,1392,900.0,400.0000000000001,1300.0,2.198211;2.321928,50;554,
push,762,3806,1392,900.0,400.0000000000001,1300.0,0.903241;2.321928,135;554,
pop,763,1393,929,800.0,,,2.279351;2.179818,129;469,
push,763,3807,1393,900.0,300.00000000000006,1200.0,2.411382;2.270226,213;475,
push,763,3808,1393,900.0,300.00000000000006,1200.0,0.903241;2.270226,134;475,
prune,763,0,1393,900.0,,,2.394762;2.270226,208;475,obstacle:1
push,763,3809,1393,900.0,300.00000000000006,1200.0,2.411382;2.345244,213;390,
push,763,3810,1393,900.0,300.00000000000006,1200.0,0.903241;2.345244,134;390,
prune,763,0,1393,900.0,,,2.394762;2.345244,208;390,obstacle:1
push,763,3811,1393,900.0,400.0000000000001,1300.0,2.411382;2.321928,213;554,
push,763,3812,1393,900.0,400.0000000000001,1300.0,0.903241;2.321928,134;554,
prune,763,0,1393,900.0,,,2.394762;2.321928,208;554,obstacle:1
pop,764,1386,926,800.0,,,2.30669;2.179818,173;469,
push,764,3813,1386,900.0,300.00000000000006,1200.0,2.418411;2.270226,256;475,
push,764,3814,1386,900.0,300.00000000000006,1200.0,2.428817;2.270226,90;475,
push,764,3815,1386,900.0,300.00000000000006,1200.0,2.418411;2.345244,256;390,
push,764,3816,1386,900.0,300.00000000000006,1200.0,2.428817;2.345244,90;390,
push,764,3817,1386,900.0,400.0000000000001,1300.0,2.418411;2.321928,256;554,
push,764,3818,1386,900.0,400.0000000000001,1300.0,2.428817;2.321928,90;554,
pop,765,1387,926,800.0,,,2.297278;2.179818,261;469,
push,765,3819,1387,900.0,300.00000000000006,1200.0,2.399601;2.270226,339;475,
push,765,3820,1387,900.0,300.00000000000006,1200.0,2.420764;2.270226,344;475,
push,765,3821,1387,900.0,300.00000000000006,1200.0,2.418411;2.270226,257;475,
push,765,3822,1387,900.0,300.00000000000006,1200.0,2.399601;2.345244,339;390,
push,765,3823,1387,900.0,300.00000000000006,1200.0,2.420764;2.345244,344;390,
push,765,3824,1387,900.0,300.00000000000006,1200.0,2.418411;2.345244,257;390,
push,765,3825,1387,900.0,400.0000000000001,1300.0,2.399601;2.321928,339;554,
push,765,3826,1387,900.0,400.0000000000001,1300.0,2.420764;2.321928,344;554,
push,765,3827,1387,900.0,400.0000000000001,1300.0,2.418411;2.321928,257;554,
pop,766,1224,1008,800.0,,,2.224551;2.179818,547;469,
push,766,3828,1224,900.0,300.00000000000006,1200.0,2.321928;2.270226,553;475,
push,766,3829,1224,900.0,300.00000000000006,1200.0,2.381437;2.270226,474;475,
push,766,3830,1224,900.0,300.00000000000006,1200.0,2.321928;2.345244,553;390,
push,766,3831,1224,900.0,300.00000000000006,1200.0,2.381437;2.345244,474;390,
push,766,3832,1224,900.0,400.0000000000001,1300.0,2.321928;2.321928,553;554,
push,766,3833,1224,900.0,400.0000000000001,1300.0,2.381437;2.321928,474;554,
pop,767,1227,1004,800.0,,,2.224551;2.179818,547;469,
push,767,3834,1227,900.0,300.00000000000006,1200.0,2.321928;2.270226,553;475,
push,767,3835,1227,900.0,300.00000000000006,1200.0,2.381437;2.270226,474;475,
push,767,3836,1227,900.0,300.00000000000006,1200.0,2.321928;2.345244,553;390,
push,767,3837,1227,900.0,300.00000000000006,1200.0,2.381437;2.345244,474;390,
push,767,3838,1227,900.0,400.0000000000001,1300.0,2.321928;2.321928,553;554,
push,767,3839,1227,900.0,400.0000000000001,1300.0,2.381437;2.321928,474;554,
pop,768,1206,1003,800.0,,,2.179818;2.179818,469;469,
push,768,3840,1206,900.0,300.00000000000006,1200.0,2.270226;2.270226,475;475,
push,768,3841,1206,900.0,300.00000000000006,1200.0,2.345244;2.270226,390;475,
push,768,3842,1206,900.0,300.00000000000006,1200.0,2.321928;2.270226,554;475,
push,768,3843,1206,900.0,300.00000000000006,1200.0,2.270226;2.345244,475;390,
push,768,3844,1206,900.0,300.00000000000006,1200.0,2.345244;2.345244,390;390,
push,768,3845,1206,900.0,300.00000000000006,1200.0,2.321928;2.345244,554;390,
push,768,3846,1206,900.0,400.0000000000001,1300.0,2.270226;2.321928,475;554,
push,768,3847,1206,900.0,400.0000000000001,1300.0,2.345244;2.321928,390;554,
push,768,3848,1206,900.0,400.0000000000001,1300.0,2.321928;2.321928,554;554,
pop,769,1215,1007,800.0,,,2.179818;2.179818,469;469,
push,769,3849,1215,900.0,300.00000000000006,1200.0,2.270226;2.270226,475;475,
push,769,3850,1215,900.0,300.00000000000006,1200.0,2.345244;2.270226,390;475,
push,769,3851,1215,900.0,300.00000000000006,1200.0,2.321928;2.270226,554;475,
push,769,3852,1215,900.0,300.00000000000006,1200.0,2.270226;2.345244,475;390,
push,769,3853,1215,900.0,300.00000000000006,1200.0,2.345244;2.345244,390;390,
push,769,3854,1215,900.0,300.00000000000006,1200.0,2.321928;2.345244,554;390,
push,769,3855,1215,900.0,400.0000000000001,1300.0,2.270226;2.321928,475;554,
push,769,3856,1215,900.0,400.0000000000001,1300.0,2.345244;2.321928,390;554,
push,769,3857,1215,900.0,400.0000000000001,1300.0,2.321928;2.321928,554;554,
pop,770,1216,1007,800.0,,,2.250991;2.179818,384;469,
push,770,3858,1216,900.0,300.00000000000006,1200.0,2.392331;2.270226,306;475,
prune,770,0,1216,900.0,,,2.381437;2.270226,299;475,obstacle:1
push,770,3859,1216,900.0,300.00000000000006,1200.0,2.345244;2.270226,385;475,
push,770,3860,1216,900.0,300.00000000000006,1200.0,2.392331;2.345244,306;390,
prune,770,0,1216,900.0,,,2.381437;2.345244,299;390,obstacle:1
push,770,3861,1216,900.0,300.00000000000006,1200.0,2.345244;2.345244,385;390,
push,770,3862,1216,900.0,400.0000000000001,1300.0,2.392331;2.321928,306;554,
prune,770,0,1216,900.0,,,2.381437;2.321928,299;554,obstacle:1
push,770,3863,1216,900.0,400.0000000000001,1300.0,2.345244;2.321928,385;554,
pop,771,1217,1007,800.0,,,2.224551;2.179818,548;469,
push,771,3864,1217,900.0,300.00000000000006,1200.0,2.321928;2.270226,553;475,
push,771,3865,1217,900.0,300.00000000000006,1200.0,2.321928;2.345244,553;390,
push,771,3866,1217,900.0,400.0000000000001,1300.0,2.321928;2.321928,553;554,
pop,772,1207,1003,800.0,,,2.250991;2.179818,384;469,
push,772,3867,1207,900.0,300.00000000000006,1200.0,2.392331;2.270226,306;475,
prune,772,0,1207,900.0,,,2.381437;2.270226,299;475,obstacle:1
push,772,3868,1207,900.0,300.00000000000006,1200.0,2.345244;2.270226,385;475,
push,772,3869,1207,900.0,300.00000000000006,1200.0,2.392331;2.345244,306;390,
prune,772,0,1207,900.0,,,2.381437;2.345244,299;390,obstacle:1
push,772,3870,1207,900.0,300.00000000000006,1200.0,2.345244;2.345244,385;390,
push,772,3871,1207,900.0,400.0000000000001,1300.0,2.392331;2.321928,306;554,
prune,772,0,1207,900.0,,,2.381437;2.321928,299;554,obstacle:1
push,772,3872,1207,900.0,400.0000000000001,1300.0,2.345244;2.321928,385;554,
pop,773,1208,1003,800.0,,,2.224551;2.179818,548;469,
push,773,3873,1208,900.0,300.00000000000006,1200.0,2.321928;2.270226,553;475,
push,773,3874,1208,900.0,300.00000000000006,1200.0,2.321928;2.345244,553;390,
push,773,3875,1208,900.0,400.0000000000001,1300.0,2.321928;2.321928,553;554,
pop,774,1195,999,800.0,,,2.250991;2.179818,384;469,
push,774,3876,1195,900.0,300.00000000000006,1200.0,2.392331;2.270226,306;475,
prune,774,0,1195,900.0,,,2.381437;2.270226,299;475,obstacle:1
push,774,3877,1195,900.0,300.00000000000006,1200.0,2.345244;2.270226,385;475,
push,774,3878,1195,900.0,300.00000000000006,1200.0,2.392331;2.345244,306;390,
prune,774,0,1195,900.0,,,2.381437;2.345244,299;390,obstacle:1
push,774,3879,1195,900.0,300.00000000000006,1200.0,2.345244;2.345244,385;390,
push,774,3880,1195,900.0,400.0000000000001,1300.0,2.392331;2.321928,306;554,
prune,774,0,1195,900.0,,,2.381437;2.321928,299;554,obstacle:1
push,774,3881,1195,900.0,400.0000000000001,1300.0,2.345244;2.321928,385;554,
pop,775,1203,1000,800.0,,,2.224551;2.179818,547;469,
push,775,3882,1203,900.0,300.00000000000006,1200.0,2.321928;2.270226,553;475,
push,775,3883,1203,900.0,300.00000000000006,1200.0,2.381437;2.270226,474;475,
push,775,3884,1203,900.0,300.00000000000006,1200.0,2.321928;2.345244,553;390,
push,775,3885,1203,900.0,300.00000000000006,1200.0,2.381437;2.345244,474;390,
push,775,3886,1203,900.0,400.0000000000001,1300.0,2.321928;2.321928,553;554,
push,775,3887,1203,900.0,400.0000000000001,1300.0,2.381437;2.321928,474;554,
pop,776,1196,999,800.0,,,2.224551;2.179818,548;469,
push,776,3888,1196,900.0,300.00000000000006,1200.0,2.321928;2.270226,553;475,
push,776,3889,1196,900.0,300.00000000000006,1200.0,2.321928;2.345244,553;390,
push,776,3890,1196,900.0,400.0000000000001,1300.0,2.321928;2.321928,553;554,
pop,777,1194,999,800.0,,,2.179818;2.179818,469;469,
push,777,3891,1194,900.0,300.00000000000006,1200.0,2.270226;2.270226,475;475,
push,777,3892,1194,900.0,300.00000000000006,1200.0,2.345244;2.270226,390;475,
push,777,3893,1194,900.0,300.00000000000006,1200.0,2.321928;2.270226,554;475,
push,777,3894,1194,900.0,300.00000000000006,1200.0,2.270226;2.345244,475;390,
push,777,3895,1194,900.0,300.00000000000006,1200.0,2.345244;2.345244,390;390,
push,777,3896,1194,900.0,300.00000000000006,1200.0,2.321928;2.345244,554;390,
push,777,3897,1194,900.0,400.0000000000001,1300.0,2.270226;2.321928,475;554,
push,777,3898,1194,900.0,400.0000000000001,1300.0,2.345244;2.321928,390;554,
push,777,3899,1194,900.0,400.0000000000001,1300.0,2.321928;2.321928,554;554,
pop,778,1041,663,800.0,,,2.179818;2.250991,469;384,
push,778,3900,1041,900.0,400.00000000000006,1300.0,2.270226;2.392331,475;306,
push,778,3901,1041,900.0,400.00000000000006,1300.0,2.345244;2.392331,390;306,
push,778,3902,1041,900.0,400.00000000000006,1300.0,2.321928;2.392331,554;306,
prune,778,0,1041,900.0,,,2.270226;2.381437,475;299,obstacle:2
prune,778,0,1041,900.0,,,2.345244;2.381437,390;299,obstacle:2
prune,778,0,1041,900.0,,,2.321928;2.381437,554;299,obstacle:2
push,778,3903,1041,900.0,300.00000000000006,1200.0,2.270226;2.345244,475;385,
push,778,3904,1041,900.0,300.00000000000006,1200.0,2.345244;2.345244,390;385,
push,778,3905,1041,900.0,300.00000000000006,1200.0,2.321928;2.345244,554;385,
pop,779,1042,663,800.0,,,2.250991;2.250991,384;384,
push,779,3906,1042,900.0,400.00000000000006,1300.0,2.392331;2.392331,306;306,
prune,779,0,1042,900.0,,,2.381437;2.392331,299;306,obstacle:1
push,779,3907,1042,900.0,400.00000000000006,1300.0,2.345244;2.392331,385;306,
prune,779,0,1042,900.0,,,2.392331;2.381437,306;299,obstacle:2
prune,779,0,1042,900.0,,,2.381437;2.381437,299;299,obstacle:1
prune,779,0,1042,900.0,,,2.345244;2.381437,385;299,obstacle:2
push,779,3908,1042,900.0,300.00000000000006,1200.0,2.392331;2.345244,306;385,
prune,779,0,1042,900.0,,,2.381437;2.345244,299;385,obstacle:1
push,779,3909,1042,900.0,300.00000000000006,1200.0,2.345244;2.345244,385;385,
pop,780,1043,663,800.0,,,2.224551;2.250991,548;384,
push,780,3910,1043,900.0,400.00000000000006,1300.0,2.321928;2.392331,553;306,
prune,780,0,1043,900.0,,,2.321928;2.381437,553;299,obstacle:2
push,780,3911,1043,900.0,300.00000000000006,1200.0,2.321928;2.345244,553;385,
pop,781,1033,668,800.0,,,2.224551;2.250991,547;384,
push,781,3912,1033,900.0,400.00000000000006,1300.0,2.321928;2.392331,553;306,
push,781,3913,1033,900.0,400.00000000000006,1300.0,2.381437;2.392331,474;306,
prune,781,0,1033,900.0,,,2.321928;2.381437,553;299,obstacle:2
prune,781,0,1033,900.0,,,2.381437;2.381437,474;299,obstacle:2
push,781,3914,1033,900.0,300.00000000000006,1200.0,2.321928;2.345244,553;385,
push,781,3915,1033,900.0,300.00000000000006,1200.0,2.381437;2.345244,474;385,
pop,782,1036,664,800.0,,,2.224551;2.250991,547;384,
push,782,3916,1036,900.0,400.00000000000006,1300.0,2.321928;2.392331,553;306,
push,782,3917,1036,900.0,400.00000000000006,1300.0,2.381437;2.392331,474;306,
prune,782,0,1036,900.0,,,2.321928;2.381437,553;299,obstacle:2
prune,782,0,1036,900.0,,,2.381437;2.381437,474;299,obstacle:2
push,782,3918,1036,900.0,300.00000000000006,1200.0,2.321928;2.345244,553;385,
push,782,3919,1036,900.0,300.00000000000006,1200.0,2.381437;2.345244,474;385,
pop,783,1028,671,800.0,,,2.224551;2.250991,548;384,
push,783,3920,1028,900.0,400.00000000000006,1300.0,2.321928;2.392331,553;306,
prune,783,0,1028,900.0,,,2.321928;2.381437,553;299,obstacle:2
push,783,3921,1028,900.0,300.00000000000006,1200.0,2.321928;2.345244,553;385,
pop,784,1026,671,800.0,,,2.179818;2.250991,469;384,
push,784,3922,1026,900.0,400.00000000000006,1300.0,2.270226;2.392331,475;306,
push,784,3923,1026,900.0,400.00000000000006,1300.0,2.345244;2.392331,390;306,
push,784,3924,1026,900.0,400.00000000000006,1300.0,2.321928;2.392331,554;306,
prune,784,0,1026,900.0,,,2.270226;2.381437,475;299,obstacle:2
prune,784,0,1026,900.0,,,2.345244;2.381437,390;299,obstacle:2
prune,784,0,1026,900.0,,,2.321928;2.381437,554;299,obstacle:2
push,784,3925,1026,900.0,300.00000000000006,1200.0,2.270226;2.345244,475;385,
push,784,3926,1026,900.0,300.00000000000006,1200.0,2.345244;2.345244,390;385,
push,784,3927,1026,900.0,300.00000000000006,1200.0,2.321928;2.345244,554;385,
pop,785,1027,671,800.0,,,2.250991;2.250991,384;384,
push,785,3928,1027,900.0,400.00000000000006,1300.0,2.392331;2.392331,306;306,
prune,785,0,1027,900.0,,,2.381437;2.392331,299;306,obstacle:1
push,785,3929,1027,900.0,400.00000000000006,1300.0,2.345244;2.392331,385;306,
prune,785,0,1027,900.0,,,2.392331;2.381437,306;299,obstacle:2
prune,785,0,1027,900.0,,,2.381437;2.381437,299;299,obstacle:1
prune,785,0,1027,900.0,,,2.345244;2.381437,385;299,obstacle:2
push,785,3930,1027,900.0,300.00000000000006,1200.0,2.392331;2.345244,306;385,
prune,785,0,1027,900.0,,,2.381437;2.345244,299;385,obstacle:1
push,785,3931,1027,900.0,300.00000000000006,1200.0,2.345244;2.345244,385;385,
pop,786,1019,667,800.0,,,2.224551;2.250991,548;384,
push,786,3932,1019,900.0,400.00000000000006,1300.0,2.321928;2.392331,553;306,
prune,786,0,1019,900.0,,,2.321928;2.381437,553;299,obstacle:2
push,786,3933,1019,900.0,300.00000000000006,1200.0,2.321928;2.345244,553;385,
pop,787,1017,667,800.0,,,2.179818;2.250991,469;384,
push,787,3934,1017,900.0,400.00000000000006,1300.0,2.270226;2.392331,475;306,
push,787,3935,1017,900.0,400.00000000000006,1300.0,2.345244;2.392331,390;306,
push,787,3936,1017,900.0,400.00000000000006,1300.0,2.321928;2.392331,554;306,
prune,787,0,1017,900.0,,,2.270226;2.381437,475;299,obstacle:2
prune,787,0,1017,900.0,,,2.345244;2.381437,390;299,obstacle:2
prune,787,0,1017,900.0,,,2.321928;2.381437,554;299,obstacle:2
push,787,3937,1017,900.0,300.00000000000006,1200.0,2.270226;2.345244,475;385,
push,787,3938,1017,900.0,300.00000000000006,1200.0,2.345244;2.345244,390;385,
push,787,3939,1017,900.0,300.00000000000006,1200.0,2.321928;2.345244,554;385,
pop,788,1018,667,800.0,,,2.250991;2.250991,384;384,
push,788,3940,1018,900.0,400.00000000000006,1300.0,2.392331;2.392331,306;306,
prune,788,0,1018,900.0,,,2.381437;2.392331,299;306,obstacle:1
push,788,3941,1018,900.0,400.00000000000006,1300.0,2.345244;2.392331,385;306,
prune,788,0,1018,900.0,,,2.392331;2.381437,306;299,obstacle:2
prune,788,0,1018,900.0,,,2.381437;2.381437,299;299,obstacle:1
prune,788,0,1018,900.0,,,2.345244;2.381437,385;299,obstacle:2
push,788,3942,1018,900.0,300.00000000000006,1200.0,2.392331;2.345244,306;385,
prune,788,0,1018,900.0,,,2.381437;2.345244,299;385,obstacle:1
push,788,3943,1018,900.0,300.00000000000006,1200.0,2.345244;2.345244,385;385,
pop,789,1012,672,800.0,,,2.224551;2.250991,547;384,
push,789,3944,1012,900.0,400.00000000000006,1300.0,2.321928;2.392331,553;306,
push,789,3945,1012,900.0,400.00000000000006,1300.0,2.381437;2.392331,474;306,
prune,789,0,1012,900.0,,,2.321928;2.381437,553;299,obstacle:2
prune,789,0,1012,900.0,,,2.381437;2.381437,474;299,obstacle:2
push,789,3946,1012,900.0,300.00000000000006,1200.0,2.321928;2.345244,553;385,
push,789,3947,1012,900.0,300.00000000000006,1200.0,2.381437;2.345244,474;385,
pop,790,1377,939,800.0,,,2.279351;2.250991,129;384,
push,790,3948,1377,900.0,400.00000000000006,1300.0,2.411382;2.392331,213;306,
push,790,3949,1377,900.0,400.00000000000006,1300.0,0.903241;2.392331,134;306,
prune,790,0,1377,900.0,,,2.394762;2.392331,208;306,obstacle:1
prune,790,0,1377,900.0,,,2.411382;2.381437,213;299,obstacle:2
prune,790,0,1377,900.0,,,0.903241;2.381437,134;299,obstacle:2
prune,790,0,1377,900.0,,,2.394762;2.381437,208;299,obstacle:1
push,790,3950,1377,900.0,300.00000000000006,1200.0,2.411382;2.345244,213;385,
push,790,3951,1377,900.0,300.00000000000006,1200.0,0.903241;2.345244,134;385,
prune,790,0,1377,900.0,,,2.394762;2.345244,208;385,obstacle:1
pop,791,1376,939,800.0,,,2.224551;2.250991,44;384,
push,791,3952,1376,900.0,400.00000000000006,1300.0,2.198211;2.392331,50;306,
push,791,3953,1376,900.0,400.00000000000006,1300.0,0.903241;2.392331,135;306,
prune,791,0,1376,900.0,,,2.198211;2.381437,50;299,obstacle:2
prune,791,0,1376,900.0,,,0.903241;2.381437,135;299,obstacle:2
push,791,3954,1376,900.0,300.00000000000006,1200.0,2.198211;2.345244,50;385,
push,791,3955,1376,900.0,300.00000000000006,1200.0,0.903241;2.345244,135;385,
pop,792,1370,937,800.0,,,2.279351;2.250991,128;384,
push,792,3956,1370,900.0,400.00000000000006,1300.0,0.903241;2.392331,134;306,
push,792,3957,1370,900.0,400.00000000000006,1300.0,2.394762;2.392331,49;306,
push,792,3958,1370,900.0,400.00000000000006,1300.0,2.411382;2.392331,213;306,
prune,792,0,1370,900.0,,,0.903241;2.381437,134;299,obstacle:2
prune,792,0,1370,900.0,,,2.394762;2.381437,49;299,obstacle:2
prune,792,0,1370,900.0,,,2.411382;2.381437,213;299,obstacle:2
push,792,3959,1370,900.0,300.00000000000006,1200.0,0.903241;2.345244,134;385,
push,792,3960,1370,900.0,300.00000000000006,1200.0,2.394762;2.345244,49;385,
push,792,3961,1370,900.0,300.00000000000006,1200.0,2.411382;2.345244,213;385,
pop,793,1371,937,800.0,,,2.28216;2.250991,43;384,
push,793,3962,1371,900.0,400.00000000000006,1300.0,2.394762;2.392331,44;306,
prune,793,0,1371,900.0,,,2.394762;2.381437,44;299,obstacle:2
push,793,3963,1371,900.0,300.00000000000006,1200.0,2.394762;2.345244,44;385,
pop,794,1364,947,800.0,,,2.224551;2.250991,44;384,
push,794,3964,1364,900.0,400.00000000000006,1300.0,2.198211;2.392331,50;306,
push,794,3965,1364,900.0,400.00000000000006,1300.0,0.903241;2.392331,135;306,
prune,794,0,1364,900.0,,,2.198211;2.381437,50;299,obstacle:2
prune,794,0,1364,900.0,,,0.903241;2.381437,135;299,obstacle:2
push,794,3966,1364,900.0,300.00000000000006,1200.0,2.198211;2.345244,50;385,
push,794,3967,1364,900.0,300.00000000000006,1200.0,0.903241;2.345244,135;385,
pop,795,1365,947,800.0,,,2.279351;2.250991,129;384,
push,795,3968,1365,900.0,400.00000000000006,1300.0,2.411382;2.392331,213;306,
push,795,3969,1365,900.0,400.00000000000006,1300.0,0.903241;2.392331,134;306,
prune,795,0,1365,900.0,,,2.394762;2.392331,208;306,obstacle:1
prune,795,0,1365,900.0,,,2.411382;2.381437,213;299,obstacle:2
prune,795,0,1365,900.0,,,0.903241;2.381437,134;299,obstacle:2
prune,795,0,1365,900.0,,,2.394762;2.381437,208;299,obstacle:1
push,795,3970,1365,900.0,300.00000000000006,1200.0,2.411382;2.345244,213;385,
push,795,3971,1365,900.0,300.00000000000006,1200.0,0.903241;2.345244,134;385,
prune,795,0,1365,900.0,,,2.394762;2.345244,208;385,obstacle:1
pop,796,1358,945,800.0,,,2.291759;2.250991,122;384,
push,796,3972,1358,900.0,400.00000000000006,1300.0,2.392331;2.392331,128;306,
push,796,3973,1358,900.0,400.00000000000006,1300.0,2.416051;2.392331,43;306,
prune,796,0,1358,900.0,,,2.416051;2.392331,207;306,obstacle:1
prune,796,0,1358,900.0,,,2.392331;2.381437,128;299,obstacle:2
prune,796,0,1358,900.0,,,2.416051;2.381437,43;299,obstacle:2
prune,796,0,1358,900.0,,,2.416051;2.381437,207;299,obstacle:1
push,796,3974,1358,900.0,300.00000000000006,1200.0,2.392331;2.345244,128;385,
push,796,3975,1358,900.0,300.00000000000006,1200.0,2.416051;2.345244,43;385,
prune,796,0,1358,900.0,,,2.416051;2.345244,207;385,obstacle:1
pop,797,1359,945,800.0,,,2.30669;2.250991,37;384,
push,797,3976,1359,900.0,400.00000000000006,1300.0,2.416051;2.392331,38;306,
prune,797,0,1359,900.0,,,2.416051;2.381437,38;299,obstacle:2
push,797,3977,1359,900.0,300.00000000000006,1200.0,2.416051;2.345244,38;385,
pop,798,1354,942,800.0,,,2.291759;2.250991,122;384,
push,798,3978,1354,900.0,400.00000000000006,1300.0,2.392331;2.392331,128;306,
push,798,3979,1354,900.0,400.00000000000006,1300.0,2.416051;2.392331,43;306,
prune,798,0,1354,900.0,,,2.416051;2.392331,207;306,obstacle:1
prune,798,0,1354,900.0,,,2.392331;2.381437,128;299,obstacle:2
prune,798,0,1354,900.0,,,2.416051;2.381437,43;299,obstacle:2
prune,798,0,1354,900.0,,,2.416051;2.381437,207;299,obstacle:1
push,798,3980,1354,900.0,300.00000000000006,1200.0,2.392331;2.345244,128;385,
push,798,3981,1354,900.0,300.00000000000006,1200.0,2.416051;2.345244,43;385,
prune,798,0,1354,900.0,,,2.416051;2.345244,207;385,obstacle:1
pop,799,1343,925,800.0,,,2.297278;2.250991,262;384,
push,799,3982,1343,900.0,400.00000000000006,1300.0,2.418411;2.392331,257;306,
push,799,3983,1343,900.0,400.00000000000006,1300.0,2.399601;2.392331,339;306,
push,799,3984,1343,900.0,400.00000000000006,1300.0,2.420764;2.392331,174;306,
prune,799,0,1343,900.0,,,2.418411;2.381437,257;299,obstacle:2
prune,799,0,1343,900.0,,,2.399601;2.381437,339;299,obstacle:2
prune,799,0,1343,900.0,,,2.420764;2.381437,174;299,obstacle:2
push,799,3985,1343,900.0,300.00000000000006,1200.0,2.418411;2.345244,257;385,
push,799,3986,1343,900.0,300.00000000000006,1200.0,2.399601;2.345244,339;385,
push,799,3987,1343,900.0,300.00000000000006,1200.0,2.420764;2.345244,174;385,
pop,800,1349,935,800.0,,,2.279351;2.250991,128;384,
push,800,3988,1349,900.0,400.00000000000006,1300.0,0.903241;2.392331,134;306,
push,800,3989,1349,900.0,400.00000000000006,1300.0,2.394762;2.392331,49;306,
push,800,3990,1349,900.0,400.00000000000006,1300.0,2.411382;2.392331,213;306,
prune,800,0,1349,900.0,,,0.903241;2.381437,134;299,obstacle:2
prune,800,0,1349,900.0,,,2.394762;2.381437,49;299,obstacle:2
prune,800,0,1349,900.0,,,2.411382;2.381437,213;299,obstacle:2
push,800,3991,1349,900.0,300.00000000000006,1200.0,0.903241;2.345244,134;385,
push,800,3992,1349,900.0,300.00000000000006,1200.0,2.394762;2.345244,49;385,
push,800,3993,1349,900.0,300.00000000000006,1200.0,2.411382;2.345244,213;385,
pop,801,1350,935,800.0,,,2.28216;2.250991,43;384,
push,801,3994,1350,900.0,400.00000000000006,1300.0,2.394762;2.392331,44;306,
prune,801,0,1350,900.0,,,2.394762;2.381437,44;299,obstacle:2
push,801,3995,1350,900.0,300.00000000000006,1200.0,2.394762;2.345244,44;385,
pop,802,1341,925,800.0,,,2.262591;2.250991,345;384,
push,802,3996,1341,900.0,400.00000000000006,1300.0,2.358059;2.392331,429;306,
push,802,3997,1341,900.0,400.00000000000006,1300.0,2.391248;2.392331,434;306,
push,802,3998,1341,900.0,400.00000000000006,1300.0,2.399601;2.392331,340;306,
prune,802,0,1341,900.0,,,2.358059;2.381437,429;299,obstacle:2
prune,802,0,1341,900.0,,,2.391248;2.381437,434;299,obstacle:2
prune,802,0,1341,900.0,,,2.399601;2.381437,340;299,obstacle:2
push,802,3999,1341,900.0,300.00000000000006,1200.0,2.358059;2.345244,429;385,
push,802,4000,1341,900.0,300.00000000000006,1200.0,2.391248;2.345244,434;385,
push,802,4001,1341,900.0,300.00000000000006,1200.0,2.399601;2.345244,340;385,
pop,803,1342,925,800.0,,,2.287749;2.250991,350;384,
push,803,4002,1342,900.0,400.00000000000006,1300.0,2.40201;2.392331,440;306,
prune,803,0,1342,900.0,,,2.420764;2.392331,355;306,obstacle:1
push,803,4003,1342,900.0,400.00000000000006,1300.0,2.391248;2.392331,435;306,
prune,803,0,1342,900.0,,,2.40201;2.381437,440;299,obstacle:2
prune,803,0,1342,900.0,,,2.420764;2.381437,355;299,obstacle:1
prune,803,0,1342,900.0,,,2.391248;2.381437,435;299,obstacle:2
push,803,4004,1342,900.0,300.00000000000006,1200.0,2.40201;2.345244,440;385,
prune,803,0,1342,900.0,,,2.420764;2.345244,355;385,obstacle:1
push,803,4005,1342,900.0,300.00000000000006,1200.0,2.391248;2.345244,435;385,
pop,804,1336,952,800.0,,,2.224551;2.250991,44;384,
push,804,4006,1336,900.0,400.00000000000006,1300.0,2.198211;2.392331,50;306,
push,804,4007,1336,900.0,400.00000000000006,1300.0,0.903241;2.392331,135;306,
prune,804,0,1336,900.0,,,2.198211;2.381437,50;299,obstacle:2
prune,804,0,1336,900.0,,,0.903241;2.381437,135;299,obstacle:2
push,804,4008,1336,900.0,300.00000000000006,1200.0,2.198211;2.345244,50;385,
push,804,4009,1336,900.0,300.00000000000006,1200.0,0.903241;2.345244,135;385,
pop,805,1329,951,800.0,,,0.887411;2.250991,134;384,
push,805,4010,1329,900.0,400.00000000000006,1300.0,0.726929;2.392331,140;306,
push,805,4011,1329,900.0,400.00000000000006,1300.0,1.124937;2.392331,55;306,
push,805,4012,1329,900.0,400.00000000000006,1300.0,0.73931;1.263269,219;306,
prune,805,0,1329,900.0,,,0.726929;2.381437,140;299,obstacle:2
prune,805,0,1329,900.0,,,1.124937;2.381437,55;299,obstacle:2
prune,805,0,1329,900.0,,,0.73931;2.381437,219;299,obstacle:2
push,805,4013,1329,900.0,300.00000000000006,1200.0,0.726929;2.345244,140;385,
push,805,4014,1329,900.0,300.00000000000006,1200.0,1.124937;2.345244,55;385,
push,805,4015,1329,900.0,300.00000000000006,1200.0,0.73931;2.345244,219;385,
pop,806,1331,951,800.0,,,2.24714;2.250991,213;384,
push,806,4016,1331,900.0,400.00000000000006,1300.0,2.388627;2.392331,302;306,
push,806,4017,1331,900.0,400.00000000000006,1300.0,0.902229;1.459517,218;306,
prune,806,0,1331,900.0,,,2.377737;2.392331,297;306,obstacle:1
prune,806,0,1331,900.0,,,2.388627;2.381437,302;299,obstacle:2
prune,806,0,1331,900.0,,,0.902229;2.381437,218;299,obstacle:2
prune,806,0,1331,900.0,,,2.377737;2.381437,297;299,obstacle:1
push,806,4018,1331,900.0,300.00000000000006,1200.0,2.388627;2.345244,302;385,
push,806,4019,1331,900.0,300.00000000000006,1200.0,0.902229;2.345244,218;385,
prune,806,0,1331,900.0,,,2.377737;2.345244,297;385,obstacle:1
pop,807,1330,951,800.0,,,2.224551;2.250991,49;384,
push,807,4020,1330,900.0,400.00000000000006,1300.0,2.198211;2.392331,50;306,
prune,807,0,1330,900.0,,,2.198211;2.381437,50;299,obstacle:2
push,807,4021,1330,900.0,300.00000000000006,1200.0,2.198211;2.345244,50;385,
pop,808,1324,957,800.0,,,2.287749;2.250991,338;384,
push,808,4022,1324,900.0,400.00000000000006,1300.0,2.40201;2.392331,428;306,
push,808,4023,1324,900.0,400.00000000000006,1300.0,2.420764;2.392331,343;306,
push,808,4024,1324,900.0,400.00000000000006,1300.0,2.391248;2.392331,423;306,
prune,808,0,1324,900.0,,,2.40201;2.381437,428;299,obstacle:2
prune,808,0,1324,900.0,,,2.420764;2.381437,343;299,obstacle:2
prune,808,0,1324,900.0,,,2.391248;2.381437,423;299,obstacle:2
push,808,4025,1324,900.0,300.00000000000006,1200.0,2.40201;2.345244,428;385,
push,808,4026,1324,900.0,300.00000000000006,1200.0,2.420764;2.345244,343;385,
push,808,4027,1324,900.0,300.00000000000006,1200.0,2.391248;2.345244,423;385,
pop,809,1319,956,800.0,,,2.30669;2.250991,182;384,
prune,809,0,1319,900.0,,,2.416051;2.392331,188;306,obstacle:1
push,809,4028,1319,900.0,400.00000000000006,1300.0,2.418411;2.392331,109;306,
prune,809,0,1319,900.0,,,2.428817;2.392331,272;306,obstacle:1
prune,809,0,1319,900.0,,,2.416051;2.381437,188;299,obstacle:1
prune,809,0,1319,900.0,,,2.418411;2.381437,109;299,obstacle:2
prune,809,0,1319,900.0,,,2.428817;2.381437,272;299,obstacle:1
prune,809,0,1319,900.0,,,2.416051;2.345244,188;385,obstacle:1
push,809,4029,1319,900.0,300.00000000000006,1200.0,2.418411;2.345244,109;385,
prune,809,0,1319,900.0,,,2.428817;2.345244,272;385,obstacle:1
pop,810,1320,956,800.0,,,2.309401;2.250991,266;384,
push,810,4030,1320,900.0,400.00000000000006,1300.0,2.420764;2.392331,350;306,
prune,810,0,1320,900.0,,,2.428817;2.392331,271;306,obstacle:1
push,810,4031,1320,900.0,400.00000000000006,1300.0,2.420764;2.392331,345;306,
prune,810,0,1320,900.0,,,2.420764;2.381437,350;299,obstacle:2
prune,810,0,1320,900.0,,,2.428817;2.381437,271;299,obstacle:1
prune,810,0,1320,900.0,,,2.420764;2.381437,345;299,obstacle:2
push,810,4032,1320,900.0,300.00000000000006,1200.0,2.420764;2.345244,350;385,
prune,810,0,1320,900.0,,,2.428817;2.345244,271;385,obstacle:1
push,810,4033,1320,900.0,300.00000000000006,1200.0,2.420764;2.345244,345;385,
pop,811,1306,948,800.0,,,2.279351;2.250991,128;384,
push,811,4034,1306,900.0,400.00000000000006,1300.0,0.903241;2.392331,134;306,
push,811,4035,1306,900.0,400.00000000000006,1300.0,2.394762;2.392331,49;306,
push,811,4036,1306,900.0,400.00000000000006,1300.0,2.411382;2.392331,213;306,
prune,811,0,1306,900.0,,,0.903241;2.381437,134;299,obstacle:2
prune,811,0,1306,900.0,,,2.394762;2.381437,49;299,obstacle:2
prune,811,0,1306,900.0,,,2.411382;2.381437,213;299,obstacle:2
push,811,4037,1306,900.0,300.00000000000006,1200.0,0.903241;2.345244,134;385,
push,811,4038,1306,900.0,300.00000000000006,1200.0,2.394762;2.345244,49;385,
push,811,4039,1306,900.0,300.00000000000006,1200.0,2.411382;2.345244,213;385,
pop,812,1312,955,800.0,,,2.309401;2.250991,265;384,
prune,812,0,1312,900.0,,,2.428817;2.392331,271;306,obstacle:1
push,812,4040,1312,900.0,400.00000000000006,1300.0,2.420764;2.392331,187;306,
push,812,4041,1312,900.0,400.00000000000006,1300.0,2.420764;2.392331,350;306,
prune,812,0,1312,900.0,,,2.428817;2.381437,271;299,obstacle:1
prune,812,0,1312,900.0,,,2.420764;2.381437,187;299,obstacle:2
prune,812,0,1312,900.0,,,2.420764;2.381437,350;299,obstacle:2
prune,812,0,1312,900.0,,,2.428817;2.345244,271;385,obstacle:1
push,812,4042,1312,900.0,300.00000000000006,1200.0,2.420764;2.345244,187;385,
push,812,4043,1312,900.0,300.00000000000006,1200.0,2.420764;2.345244,350;385,
pop,813,1313,955,800.0,,,2.287749;2.250991,339;384,
push,813,4044,1313,900.0,400.00000000000006,1300.0,2.391248;2.392331,423;306,
push,813,4045,1313,900.0,400.00000000000006,1300.0,2.40201;2.392331,428;306,
prune,813,0,1313,900.0,,,2.391248;2.381437,423;299,obstacle:2
prune,813,0,1313,900.0,,,2.40201;2.381437,428;299,obstacle:2
push,813,4046,1313,900.0,300.00000000000006,1200.0,2.391248;2.345244,423;385,
push,813,4047,1313,900.0,300.00000000000006,1200.0,2.40201;2.345244,428;385,
pop,814,1311,955,800.0,,,2.287749;2.250991,344;384,
push,814,4048,1311,900.0,400.00000000000006,1300.0,2.391248;2.392331,434;306,
push,814,4049,1311,900.0,400.00000000000006,1300.0,2.420764;2.392331,349;306,
push,814,4050,1311,900.0,400.00000000000006,1300.0,2.40201;2.392331,429;306,
prune,814,0,1311,900.0,,,2.391248;2.381437,434;299,obstacle:2
prune,814,0,1311,900.0,,,2.420764;2.381437,349;299,obstacle:2
prune,814,0,1311,900.0,,,2.40201;2.381437,429;299,obstacle:2
push,814,4051,1311,900.0,300.00000000000006,1200.0,2.391248;2.345244,434;385,
push,814,4052,1311,900.0,300.00000000000006,1200.0,2.420764;2.345244,349;385,
push,814,4053,1311,900.0,300.00000000000006,1200.0,2.40201;2.345244,429;385,
pop,815,1302,963,800.0,,,2.279351;2.250991,129;384,
push,815,4054,1302,900.0,400.00000000000006,1300.0,2.411382;2.392331,213;306,
push,815,4055,1302,900.0,400.00000000000006,1300.0,0.903241;2.392331,134;306,
prune,815,0,1302,900.0,,,2.394762;2.392331,208;306,obstacle:1
prune,815,0,1302,900.0,,,2.411382;2.381437,213;299,obstacle:2
prune,815,0,1302,900.0,,,0.903241;2.381437,134;299,obstacle:2
prune,815,0,1302,900.0,,,2.394762;2.381437,208;299,obstacle:1
push,815,4056,1302,900.0,300.00000000000006,1200.0,2.411382;2.345244,213;385,
push,815,4057,1302,900.0,300.00000000000006,1200.0,0.903241;2.345244,134;385,
prune,815,0,1302,900.0,,,2.394762;2.345244,208;385,obstacle:1
pop,816,1301,963,800.0,,,2.224551;2.250991,44;384,
push,816,4058,1301,900.0,400.00000000000006,1300.0,2.198211;2.392331,50;306,
push,816,4059,1301,900.0,400.00000000000006,1300.0,0.903241;2.392331,135;306,
prune,816,0,1301,900.0,,,2.198211;2.381437,50;299,obstacle:2
prune,816,0,1301,900.0,,,0.903241;2.381437,135;299,obstacle:2
push,816,4060,1301,900.0,300.00000000000006,1200.0,2.198211;2.345244,50;385,
push,816,4061,1301,900.0,300.00000000000006,1200.0,0.903241;2.345244,135;385,
pop,817,1297,961,800.0,,,2.30669;2.250991,171;384,
push,817,4062,1297,900.0,400.00000000000006,1300.0,2.428817;2.392331,260;306,
push,817,4063,1297,900.0,400.00000000000006,1300.0,2.416051;2.392331,176;306,
push,817,4064,1297,900.0,400.00000000000006,1300.0,2.418411;2.392331,256;306,
prune,817,0,1297,900.0,,,2.428817;2.381437,260;299,obstacle:2
prune,817,0,1297,900.0,,,2.416051;2.381437,176;299,obstacle:2
prune,817,0,1297,900.0,,,2.418411;2.381437,256;299,obstacle:2
push,817,4065,1297,900.0,300.00000000000006,1200.0,2.428817;2.345244,260;385,
push,817,4066,1297,900.0,300.00000000000006,1200.0,2.416051;2.345244,176;385,
push,817,4067,1297,900.0,300.00000000000006,1200.0,2.418411;2.345244,256;385,
pop,818,1292,968,800.0,,,2.309401;2.250991,266;384,
push,818,4068,1292,900.0,400.00000000000006,1300.0,2.420764;2.392331,350;306,
prune,818,0,1292,900.0,,,2.428817;2.392331,271;306,obstacle:1
push,818,4069,1292,900.0,400.00000000000006,1300.0,2.420764;2.392331,345;306,
prune,818,0,1292,900.0,,,2.420764;2.381437,350;299,obstacle:2
prune,818,0,1292,900.0,,,2.428817;2.381437,271;299,obstacle:1
prune,818,0,1292,900.0,,,2.420764;2.381437,345;299,obstacle:2
push,818,4070,1292,900.0,300.00000000000006,1200.0,2.420764;2.345244,350;385,
prune,818,0,1292,900.0,,,2.428817;2.345244,271;385,obstacle:1
push,818,4071,1292,900.0,300.00000000000006,1200.0,2.420764;2.345244,345;385,
pop,819,1293,968,800.0,,,2.297278;2.250991,261;384,
push,819,4072,1293,900.0,400.00000000000006,1300.0,2.399601;2.392331,339;306,
push,819,4073,1293,900.0,400.00000000000006,1300.0,2.420764;2.392331,344;306,
push,819,4074,1293,900.0,400.00000000000006,1300.0,2.418411;2.392331,257;306,
prune,819,0,1293,900.0,,,2.399601;2.381437,339;299,obstacle:2
prune,819,0,1293,900.0,,,2.420764;2.381437,344;299,obstacle:2
prune,819,0,1293,900.0,,,2.418411;2.381437,257;299,obstacle:2
push,819,4075,1293,900.0,300.00000000000006,1200.0,2.399601;2.345244,339;385,
push,819,4076,1293,900.0,300.00000000000006,1200.0,2.420764;2.345244,344;385,
push,819,4077,1293,900.0,300.00000000000006,1200.0,2.418411;2.345244,257;385,
pop,820,1286,967,800.0,,,2.259707;2.250991,256;384,
push,820,4078,1286,900.0,400.00000000000006,1300.0,2.399601;2.392331,338;306,
prune,820,0,1286,900.0,,,2.399601;2.381437,338;299,obstacle:2
push,820,4079,1286,900.0,300.00000000000006,1200.0,2.399601;2.345244,338;385,
pop,821,1287,967,800.0,,,2.297278;2.250991,260;384,
push,821,4080,1287,900.0,400.00000000000006,1300.0,2.420764;2.392331,344;306,
push,821,4081,1287,900.0,400.00000000000006,1300.0,2.418411;2.392331,265;306,
push,821,4082,1287,900.0,400.00000000000006,1300.0,2.399601;2.392331,339;306,
prune,821,0,1287,900.0,,,2.420764;2.381437,344;299,obstacle:2
prune,821,0,1287,900.0,,,2.418411;2.381437,265;299,obstacle:2
prune,821,0,1287,900.0,,,2.399601;2.381437,339;299,obstacle:2
push,821,4083,1287,900.0,300.00000000000006,1200.0,2.420764;2.345244,344;385,
push,821,4084,1287,900.0,300.00000000000006,1200.0,2.418411;2.345244,265;385,
push,821,4085,1287,900.0,300.00000000000006,1200.0,2.399601;2.345244,339;385,
pop,822,1282,964,800.0,,,2.279351;2.250991,128;384,
push,822,4086,1282,900.0,400.00000000000006,1300.0,0.903241;2.392331,134;306,
push,822,4087,1282,900.0,400.00000000000006,1300.0,2.394762;2.392331,49;306,
push,822,4088,1282,900.0,400.00000000000006,1300.0,2.411382;2.392331,213;306,
prune,822,0,1282,900.0,,,0.903241;2.381437,134;299,obstacle:2
prune,822,0,1282,900.0,,,2.394762;2.381437,49;299,obstacle:2
prune,822,0,1282,900.0,,,2.411382;2.381437,213;299,obstacle:2
push,822,4089,1282,900.0,300.00000000000006,1200.0,0.903241;2.345244,134;385,
push,822,4090,1282,900.0,300.00000000000006,1200.0,2.394762;2.345244,49;385,
push,822,4091,1282,900.0,300.00000000000006,1200.0,2.411382;2.345244,213;385,
pop,823,1279,978,800.0,,,2.279351;2.250991,128;384,
push,823,4092,1279,900.0,400.00000000000006,1300.0,0.903241;2.392331,134;306,
push,823,4093,1279,900.0,400.00000000000006,1300.0,2.394762;2.392331,49;306,
push,823,4094,1279,900.0,400.00000000000006,1300.0,2.411382;2.392331,213;306,
prune,823,0,1279,900.0,,,0.903241;2.381437,134;299,obstacle:2
prune,823,0,1279,900.0,,,2.394762;2.381437,49;299,obstacle:2
prune,823,0,1279,900.0,,,2.411382;2.381437,213;299,obstacle:2
push,823,4095,1279,900.0,300.00000000000006,1200.0,0.903241;2.345244,134;385,
push,823,4096,1279,900.0,300.00000000000006,1200.0,2.394762;2.345244,49;385,
push,823,4097,1279,900.0,300.00000000000006,1200.0,2.411382;2.345244,213;385,
pop,824,1274,977,800.0,,,2.224551;2.250991,44;384,
push,824,4098,1274,900.0,400.00000000000006,1300.0,2.198211;2.392331,50;306,
push,824,4099,1274,900.0,400.00000000000006,1300.0,0.903241;2.392331,135;306,
prune,824,0,1274,900.0,,,2.198211;2.381437,50;299,obstacle:2
prune,824,0,1274,900.0,,,0.903241;2.381437,135;299,obstacle:2
push,824,4100,1274,900.0,300.00000000000006,1200.0,2.198211;2.345244,50;385,
push,824,4101,1274,900.0,300.00000000000006,1200.0,0.903241;2.345244,135;385,
pop,825,1275,977,800.0,,,2.279351;2.250991,129;384,
push,825,4102,1275,900.0,400.00000000000006,1300.0,2.411382;2.392331,213;306,
push,825,4103,1275,900.0,400.00000000000006,1300.0,0.903241;2.392331,134;306,
prune,825,0,1275,900.0,,,2.394762;2.392331,208;306,obstacle:1
prune,825,0,1275,900.0,,,2.411382;2.381437,213;299,obstacle:2
prune,825,0,1275,900.0,,,0.903241;2.381437,134;299,obstacle:2
prune,825,0,1275,900.0,,,2.394762;2.381437,208;299,obstacle:1
push,825,4104,1275,900.0,300.00000000000006,1200.0,2.411382;2.345244,213;385,
push,825,4105,1275,900.0,300.00000000000006,1200.0,0.903241;2.345244,134;385,
prune,825,0,1275,900.0,,,2.394762;2.345244,208;385,obstacle:1
pop,826,1264,973,800.0,,,2.224551;2.250991,49;384,
push,826,4106,1264,900.0,400.00000000000006,1300.0,2.198211;2.392331,50;306,
prune,826,0,1264,900.0,,,2.198211;2.381437,50;299,obstacle:2
push,826,4107,1264,900.0,300.00000000000006,1200.0,2.198211;2.345244,50;385,
pop,827,1265,973,800.0,,,2.24714;2.250991,213;384,
push,827,4108,1265,900.0,400.00000000000006,1300.0,2.388627;2.392331,302;306,
push,827,4109,1265,900.0,400.00000000000006,1300.0,0.902229;1.459517,218;306,
prune,827,0,1265,900.0,,,2.377737;2.392331,297;306,obstacle:1
prune,827,0,1265,900.0,,,2.388627;2.381437,302;299,obstacle:2
prune,827,0,1265,900.0,,,0.902229;2.381437,218;299,obstacle:2
prune,827,0,1265,900.0,,,2.377737;2.381437,297;299,obstacle:1
push,827,4110,1265,900.0,300.00000000000006,1200.0,2.388627;2.345244,302;385,
push,827,4111,1265,900.0,300.00000000000006,1200.0,0.902229;2.345244,218;385,
prune,827,0,1265,900.0,,,2.377737;2.345244,297;385,obstacle:1
pop,828,1270,974,800.0,,,2.224551;2.250991,44;384,
push,828,4112,1270,900.0,400.00000000000006,1300.0,2.198211;2.392331,50;306,
push,828,4113,1270,900.0,400.00000000000006,1300.0,0.903241;2.392331,135;306,
prune,828,0,1270,900.0,,,2.198211;2.381437,50;299,obstacle:2
prune,828,0,1270,900.0,,,0.903241;2.381437,135;299,obstacle:2
push,828,4114,1270,900.0,300.00000000000006,1200.0,2.198211;2.345244,50;385,
push,828,4115,1270,900.0,300.00000000000006,1200.0,0.903241;2.345244,135;385,
pop,829,1263,973,800.0,,,0.887411;2.250991,134;384,
push,829,4116,1263,900.0,400.00000000000006,1300.0,0.726929;2.392331,140;306,
push,829,4117,1263,900.0,400.00000000000006,1300.0,1.124937;2.392331,55;306,
push,829,4118,1263,900.0,400.00000000000006,1300.0,0.73931;1.263269,219;306,
prune,829,0,1263,900.0,,,0.726929;2.381437,140;299,obstacle:2
prune,829,0,1263,900.0,,,1.124937;2.381437,55;299,obstacle:2
prune,829,0,1263,900.0,,,0.73931;2.381437,219;299,obstacle:2
push,829,4119,1263,900.0,300.00000000000006,1200.0,0.726929;2.345244,140;385,
push,829,4120,1263,900.0,300.00000000000006,1200.0,1.124937;2.345244,55;385,
push,829,4121,1263,900.0,300.00000000000006,1200.0,0.73931;2.345244,219;385,
pop,830,1256,987,800.0,,,2.224551;2.250991,44;384,
push,830,4122,1256,900.0,400.00000000000006,1300.0,2.198211;2.392331,50;306,
push,830,4123,1256,900.0,400.00000000000006,1300.0,0.903241;2.392331,135;306,
prune,830,0,1256,900.0,,,2.198211;2.381437,50;299,obstacle:2
prune,830,0,1256,900.0,,,0.903241;2.381437,135;299,obstacle:2
push,830,4124,1256,900.0,300.00000000000006,1200.0,2.198211;2.345244,50;385,
push,830,4125,1256,900.0,300.00000000000006,1200.0,0.903241;2.345244,135;385,
pop,831,1257,987,800.0,,,2.279351;2.250991,129;384,
push,831,4126,1257,900.0,400.00000000000006,1300.0,2.411382;2.392331,213;306,
push,831,4127,1257,900.0,400.00000000000006,1300.0,0.903241;2.392331,134;306,
prune,831,0,1257,900.0,,,2.394762;2.392331,208;306,obstacle:1
prune,831,0,1257,900.0,,,2.411382;2.381437,213;299,obstacle:2
prune,831,0,1257,900.0,,,0.903241;2.381437,134;299,obstacle:2
prune,831,0,1257,900.0,,,2.394762;2.381437,208;299,obstacle:1
push,831,4128,1257,900.0,300.00000000000006,1200.0,2.411382;2.345244,213;385,
push,831,4129,1257,900.0,300.00000000000006,1200.0,0.903241;2.345244,134;385,
prune,831,0,1257,900.0,,,2.394762;2.345244,208;385,obstacle:1
pop,832,1252,990,800.0,,,2.279351;2.250991,128;384,
push,832,4130,1252,900.0,400.00000000000006,1300.0,0.903241;2.392331,134;306,
push,832,4131,1252,900.0,400.00000000000006,1300.0,2.394762;2.392331,49;306,
push,832,4132,1252,900.0,400.00000000000006,1300.0,2.411382;2.392331,213;306,
prune,832,0,1252,900.0,,,0.903241;2.381437,134;299,obstacle:2
prune,832,0,1252,900.0,,,2.394762;2.381437,49;299,obstacle:2
prune,832,0,1252,900.0,,,2.411382;2.381437,213;299,obstacle:2
push,832,4133,1252,900.0,300.00000000000006,1200.0,0.903241;2.345244,134;385,
push,832,4134,1252,900.0,300.00000000000006,1200.0,2.394762;2.345244,49;385,
push,832,4135,1252,900.0,300.00000000000006,1200.0,2.411382;2.345244,213;385,
pop,833,1247,989,800.0,,,2.224551;2.250991,44;384,
push,833,4136,1247,900.0,400.00000000000006,1300.0,2.198211;2.392331,50;306,
push,833,4137,1247,900.0,400.00000000000006,1300.0,0.903241;2.392331,135;306,
prune,833,0,1247,900.0,,,2.198211;2.381437,50;299,obstacle:2
prune,833,0,1247,900.0,,,0.903241;2.381437,135;299,obstacle:2
push,833,4138,1247,900.0,300.00000000000006,1200.0,2.198211;2.345244,50;385,
push,833,4139,1247,900.0,300.00000000000006,1200.0,0.903241;2.345244,135;385,
pop,834,1248,989,800.0,,,2.279351;2.250991,129;384,
push,834,4140,1248,900.0,400.00000000000006,1300.0,2.411382;2.392331,213;306,
push,834,4141,1248,900.0,400.00000000000006,1300.0,0.903241;2.392331,134;306,
prune,834,0,1248,900.0,,,2.394762;2.392331,208;306,obstacle:1
prune,834,0,1248,900.0,,,2.411382;2.381437,213;299,obstacle:2
prune,834,0,1248,900.0,,,0.903241;2.381437,134;299,obstacle:2
prune,834,0,1248,900.0,,,2.394762;2.381437,208;299,obstacle:1
push,834,4142,1248,900.0,300.00000000000006,1200.0,2.411382;2.345244,213;385,
push,834,4143,1248,900.0,300.00000000000006,1200.0,0.903241;2.345244,134;385,
prune,834,0,1248,900.0,,,2.394762;2.345244,208;385,obstacle:1
pop,835,1242,985,800.0,,,2.28216;2.250991,43;384,
push,835,4144,1242,900.0,400.00000000000006,1300.0,2.394762;2.392331,44;306,
prune,835,0,1242,900.0,,,2.394762;2.381437,44;299,obstacle:2
push,835,4145,1242,900.0,300.00000000000006,1200.0,2.394762;2.345244,44;385,
pop,836,1241,985,800.0,,,2.279351;2.250991,128;384,
push,836,4146,1241,900.0,400.00000000000006,1300.0,0.903241;2.392331,134;306,
push,836,4147,1241,900.0,400.00000000000006,1300.0,2.394762;2.392331,49;306,
push,836,4148,1241,900.0,400.00000000000006,1300.0,2.411382;2.392331,213;306,
prune,836,0,1241,900.0,,,0.903241;2.381437,134;299,obstacle:2
prune,836,0,1241,900.0,,,2.394762;2.381437,49;299,obstacle:2
prune,836,0,1241,900.0,,,2.411382;2.381437,213;299,obstacle:2
push,836,4149,1241,900.0,300.00000000000006,1200.0,0.903241;2.345244,134;385,
push,836,4150,1241,900.0,300.00000000000006,1200.0,2.394762;2.345244,49;385,
push,836,4151,1241,900.0,300.00000000000006,1200.0,2.411382;2.345244,213;385,
pop,837,1237,982,800.0,,,2.28216;2.250991,38;384,
push,837,4152,1237,900.0,400.00000000000006,1300.0,2.394762;2.392331,44;306,
push,837,4153,1237,900.0,400.00000000000006,1300.0,2.418411;2.392331,129;306,
prune,837,0,1237,900.0,,,2.394762;2.381437,44;299,obstacle:2
prune,837,0,1237,900.0,,,2.418411;2.381437,129;299,obstacle:2
push,837,4154,1237,900.0,300.00000000000006,1200.0,2.394762;2.345244,44;385,
push,837,4155,1237,900.0,300.00000000000006,1200.0,2.418411;2.345244,129;385,
pop,838,1225,1008,800.0,,,2.224551;2.250991,547;384,
push,838,4156,1225,900.0,400.00000000000006,1300.0,2.321928;2.392331,553;306,
push,838,4157,1225,900.0,400.00000000000006,1300.0,2.381437;2.392331,474;306,
prune,838,0,1225,900.0,,,2.321928;2.381437,553;299,obstacle:2
prune,838,0,1225,900.0,,,2.381437;2.381437,474;299,obstacle:2
push,838,4158,1225,900.0,300.00000000000006,1200.0,2.321928;2.345244,553;385,
push,838,4159,1225,900.0,300.00000000000006,1200.0,2.381437;2.345244,474;385,
pop,839,1228,1004,800.0,,,2.224551;2.250991,547;384,
push,839,4160,1228,900.0,400.00000000000006,1300.0,2.321928;2.392331,553;306,
push,839,4161,1228,900.0,400.00000000000006,1300.0,2.381437;2.392331,474;306,
prune,839,0,1228,900.0,,,2.321928;2.381437,553;299,obstacle:2
prune,839,0,1228,900.0,,,2.381437;2.381437,474;299,obstacle:2
push,839,4162,1228,900.0,300.00000000000006,1200.0,2.321928;2.345244,553;385,
push,839,4163,1228,900.0,300.00000000000006,1200.0,2.381437;2.345244,474;385,
pop,840,1232,981,800.0,,,2.279351;2.250991,128;384,
push,840,4164,1232,900.0,400.00000000000006,1300.0,0.903241;2.392331,134;306,
push,840,4165,1232,900.0,400.00000000000006,1300.0,2.394762;2.392331,49;306,
push,840,4166,1232,900.0,400.00000000000006,1300.0,2.411382;2.392331,213;306,
prune,840,0,1232,900.0,,,0.903241;2.381437,134;299,obstacle:2
prune,840,0,1232,900.0,,,2.394762;2.381437,49;299,obstacle:2
prune,840,0,1232,900.0,,,2.411382;2.381437,213;299,obstacle:2
push,840,4167,1232,900.0,300.00000000000006,1200.0,0.903241;2.345244,134;385,
push,840,4168,1232,900.0,300.00000000000006,1200.0,2.394762;2.345244,49;385,
push,840,4169,1232,900.0,300.00000000000006,1200.0,2.411382;2.345244,213;385,
pop,841,1233,981,800.0,,,2.28216;2.250991,43;384,
push,841,4170,1233,900.0,400.00000000000006,1300.0,2.394762;2.392331,44;306,
prune,841,0,1233,900.0,,,2.394762;2.381437,44;299,obstacle:2
push,841,4171,1233,900.0,300.00000000000006,1200.0,2.394762;2.345244,44;385,
pop,842,1218,1007,800.0,,,2.179818;2.250991,469;384,
push,842,4172,1218,900.0,400.00000000000006,1300.0,2.270226;2.392331,475;306,
push,842,4173,1218,900.0,400.00000000000006,1300.0,2.345244;2.392331,390;306,
push,842,4174,1218,900.0,400.00000000000006,1300.0,2.321928;2.392331,554;306,
prune,842,0,1218,900.0,,,2.270226;2.381437,475;299,obstacle:2
prune,842,0,1218,900.0,,,2.345244;2.381437,390;299,obstacle:2
prune,842,0,1218,900.0,,,2.321928;2.381437,554;299,obstacle:2
push,842,4175,1218,900.0,300.00000000000006,1200.0,2.270226;2.345244,475;385,
push,842,4176,1218,900.0,300.00000000000006,1200.0,2.345244;2.345244,390;385,
push,842,4177,1218,900.0,300.00000000000006,1200.0,2.321928;2.345244,554;385,
pop,843,1220,1007,800.0,,,2.224551;2.250991,548;384,
push,843,4178,1220,900.0,400.00000000000006,1300.0,2.321928;2.392331,553;306,
prune,843,0,1220,900.0,,,2.321928;2.381437,553;299,obstacle:2
push,843,4179,1220,900.0,300.00000000000006,1200.0,2.321928;2.345244,553;385,
pop,844,1219,1007,800.0,,,2.250991;2.250991,384;384,
push,844,4180,1219,900.0,400.00000000000006,1300.0,2.392331;2.392331,306;306,
prune,844,0,1219,900.0,,,2.381437;2.392331,299;306,obstacle:1
push,844,4181,1219,900.0,400.00000000000006,1300.0,2.345244;2.392331,385;306,
prune,844,0,1219,900.0,,,2.392331;2.381437,306;299,obstacle:2
prune,844,0,1219,900.0,,,2.381437;2.381437,299;299,obstacle:1
prune,844,0,1219,900.0,,,2.345244;2.381437,385;299,obstacle:2
push,844,4182,1219,900.0,300.00000000000006,1200.0,2.392331;2.345244,306;385,
prune,844,0,1219,900.0,,,2.381437;2.345244,299;385,obstacle:1
push,844,4183,1219,900.0,300.00000000000006,1200.0,2.345244;2.345244,385;385,
pop,845,1209,1003,800.0,,,2.179818;2.250991,469;384,
push,845,4184,1209,900.0,400.00000000000006,1300.0,2.270226;2.392331,475;306,
push,845,4185,1209,900.0,400.00000000000006,1300.0,2.345244;2.392331,390;306,
push,845,4186,1209,900.0,400.00000000000006,1300.0,2.321928;2.392331,554;306,
prune,845,0,1209,900.0,,,2.270226;2.381437,475;299,obstacle:2
prune,845,0,1209,900.0,,,2.345244;2.381437,390;299,obstacle:2
prune,845,0,1209,900.0,,,2.321928;2.381437,554;299,obstacle:2
push,845,4187,1209,900.0,300.00000000000006,1200.0,2.270226;2.345244,475;385,
push,845,4188,1209,900.0,300.00000000000006,1200.0,2.345244;2.345244,390;385,
push,845,4189,1209,900.0,300.00000000000006,1200.0,2.321928;2.345244,554;385,
pop,846,1211,1003,800.0,,,2.224551;2.250991,548;384,
push,846,4190,1211,900.0,400.00000000000006,1300.0,2.321928;2.392331,553;306,
prune,846,0,1211,900.0,,,2.321928;2.381437,553;299,obstacle:2
push,846,4191,1211,900.0,300.00000000000006,1200.0,2.321928;2.345244,553;385,
pop,847,1210,1003,800.0,,,2.250991;2.250991,384;384,
push,847,4192,1210,900.0,400.00000000000006,1300.0,2.392331;2.392331,306;306,
prune,847,0,1210,900.0,,,2.381437;2.392331,299;306,obstacle:1
push,847,4193,1210,900.0,400.00000000000006,1300.0,2.345244;2.392331,385;306,
prune,847,0,1210,900.0,,,2.392331;2.381437,306;299,obstacle:2
prune,847,0,1210,900.0,,,2.381437;2.381437,299;299,obstacle:1
prune,847,0,1210,900.0,,,2.345244;2.381437,385;299,obstacle:2
push,847,4194,1210,900.0,300.00000000000006,1200.0,2.392331;2.345244,306;385,
prune,847,0,1210,900.0,,,2.381437;2.345244,299;385,obstacle:1
push,847,4195,1210,900.0,300.00000000000006,1200.0,2.345244;2.345244,385;385,
pop,848,1204,1000,800.0,,,2.224551;2.250991,547;384,
push,848,4196,1204,900.0,400.00000000000006,1300.0,2.321928;2.392331,553;306,
push,848,4197,1204,900.0,400.00000000000006,1300.0,2.381437;2.392331,474;306,
prune,848,0,1204,900.0,,,2.321928;2.381437,553;299,obstacle:2
prune,848,0,1204,900.0,,,2.381437;2.381437,474;299,obstacle:2
push,848,4198,1204,900.0,300.00000000000006,1200.0,2.321928;2.345244,553;385,
push,848,4199,1204,900.0,300.00000000000006,1200.0,2.381437;2.345244,474;385,
pop,849,1199,999,800.0,,,2.224551;2.250991,548;384,
push,849,4200,1199,900.0,400.00000000000006,1300.0,2.321928;2.392331,553;306,
prune,849,0,1199,900.0,,,2.321928;2.381437,553;299,obstacle:2
push,849,4201,1199,900.0,300.00000000000006,1200.0,2.321928;2.345244,553;385,
pop,850,1197,999,800.0,,,2.179818;2.250991,469;384,
push,850,4202,1197,900.0,400.00000000000006,1300.0,2.270226;2.392331,475;306,
push,850,4203,1197,900.0,400.00000000000006,1300.0,2.345244;2.392331,390;306,
push,850,4204,1197,900.0,400.00000000000006,1300.0,2.321928;2.392331,554;306,
prune,850,0,1197,900.0,,,2.270226;2.381437,475;299,obstacle:2
prune,850,0,1197,900.0,,,2.345244;2.381437,390;299,obstacle:2
prune,850,0,1197,900.0,,,2.321928;2.381437,554;299,obstacle:2
push,850,4205,1197,900.0,300.00000000000006,1200.0,2.270226;2.345244,475;385,
push,850,4206,1197,900.0,300.00000000000006,1200.0,2.345244;2.345244,390;385,
push,850,4207,1197,900.0,300.00000000000006,1200.0,2.321928;2.345244,554;385,
pop,851,1198,999,800.0,,,2.250991;2.250991,384;384,
push,851,4208,1198,900.0,400.00000000000006,1300.0,2.392331;2.392331,306;306,
prune,851,0,1198,900.0,,,2.381437;2.392331,299;306,obstacle:1
push,851,4209,1198,900.0,400.00000000000006,1300.0,2.345244;2.392331,385;306,
prune,851,0,1198,900.0,,,2.392331;2.381437,306;299,obstacle:2
prune,851,0,1198,900.0,,,2.381437;2.381437,299;299,obstacle:1
prune,851,0,1198,900.0,,,2.345244;2.381437,385;299,obstacle:2
push,851,4210,1198,900.0,300.00000000000006,1200.0,2.392331;2.345244,306;385,
prune,851,0,1198,900.0,,,2.381437;2.345244,299;385,obstacle:1
push,851,4211,1198,900.0,300.00000000000006,1200.0,2.345244;2.345244,385;385,
pop,852,1187,994,800.0,,,2.30669;2.250991,182;384,
prune,852,0,1187,900.0,,,2.416051;2.392331,188;306,obstacle:1
push,852,4212,1187,900.0,400.00000000000006,1300.0,2.418411;2.392331,109;306,
prune,852,0,1187,900.0,,,2.428817;2.392331,272;306,obstacle:1
prune,852,0,1187,900.0,,,2.416051;2.381437,188;299,obstacle:1
prune,852,0,1187,900.0,,,2.418411;2.381437,109;299,obstacle:2
prune,852,0,1187,900.0,,,2.428817;2.381437,272;299,obstacle:1
prune,852,0,1187,900.0,,,2.416051;2.345244,188;385,obstacle:1
push,852,4213,1187,900.0,300.00000000000006,1200.0,2.418411;2.345244,109;385,
prune,852,0,1187,900.0,,,2.428817;2.345244,272;385,obstacle:1
pop,853,1192,995,800.0,,,2.287749;2.250991,338;384,
push,853,4214,1192,900.0,400.00000000000006,1300.0,2.40201;2.392331,428;306,
push,853,4215,1192,900.0,400.00000000000006,1300.0,2.420764;2.392331,343;306,
push,853,4216,1192,900.0,400.00000000000006,1300.0,2.391248;2.392331,423;306,
prune,853,0,1192,900.0,,,2.40201;2.381437,428;299,obstacle:2
prune,853,0,1192,900.0,,,2.420764;2.381437,343;299,obstacle:2
prune,853,0,1192,900.0,,,2.391248;2.381437,423;299,obstacle:2
push,853,4217,1192,900.0,300.00000000000006,1200.0,2.40201;2.345244,428;385,
push,853,4218,1192,900.0,300.00000000000006,1200.0,2.420764;2.345244,343;385,
push,853,4219,1192,900.0,300.00000000000006,1200.0,2.391248;2.345244,423;385,
pop,854,1188,994,800.0,,,2.309401;2.250991,266;384,
push,854,4220,1188,900.0,400.00000000000006,1300.0,2.420764;2.392331,350;306,
prune,854,0,1188,900.0,,,2.428817;2.392331,271;306,obstacle:1
push,854,4221,1188,900.0,400.00000000000006,1300.0,2.420764;2.392331,345;306,
prune,854,0,1188,900.0,,,2.420764;2.381437,350;299,obstacle:2
prune,854,0,1188,900.0,,,2.428817;2.381437,271;299,obstacle:1
prune,854,0,1188,900.0,,,2.420764;2.381437,345;299,obstacle:2
push,854,4222,1188,900.0,300.00000000000006,1200.0,2.420764;2.345244,350;385,
prune,854,0,1188,900.0,,,2.428817;2.345244,271;385,obstacle:1
push,854,4223,1188,900.0,300.00000000000006,1200.0,2.420764;2.345244,345;385,
pop,855,1180,993,800.0,,,2.309401;2.250991,265;384,
prune,855,0,1180,900.0,,,2.428817;2.392331,271;306,obstacle:1
push,855,4224,1180,900.0,400.00000000000006,1300.0,2.420764;2.392331,187;306,
push,855,4225,1180,900.0,400.00000000000006,1300.0,2.420764;2.392331,350;306,
prune,855,0,1180,900.0,,,2.428817;2.381437,271;299,obstacle:1
prune,855,0,1180,900.0,,,2.420764;2.381437,187;299,obstacle:2
prune,855,0,1180,900.0,,,2.420764;2.381437,350;299,obstacle:2
prune,855,0,1180,900.0,,,2.428817;2.345244,271;385,obstacle:1
push,855,4226,1180,900.0,300.00000000000006,1200.0,2.420764;2.345244,187;385,
push,855,4227,1180,900.0,300.00000000000006,1200.0,2.420764;2.345244,350;385,
pop,856,1181,993,800.0,,,2.287749;2.250991,339;384,
push,856,4228,1181,900.0,400.00000000000006,1300.0,2.391248;2.392331,423;306,
push,856,4229,1181,900.0,400.00000000000006,1300.0,2.40201;2.392331,428;306,
prune,856,0,1181,900.0,,,2.391248;2.381437,423;299,obstacle:2
prune,856,0,1181,900.0,,,2.40201;2.381437,428;299,obstacle:2
push,856,4230,1181,900.0,300.00000000000006,1200.0,2.391248;2.345244,423;385,
push,856,4231,1181,900.0,300.00000000000006,1200.0,2.40201;2.345244,428;385,
pop,857,1179,993,800.0,,,2.287749;2.250991,344;384,
push,857,4232,1179,900.0,400.00000000000006,1300.0,2.391248;2.392331,434;306,
push,857,4233,1179,900.0,400.00000000000006,1300.0,2.420764;2.392331,349;306,
push,857,4234,1179,900.0,400.00000000000006,1300.0,2.40201;2.392331,429;306,
prune,857,0,1179,900.0,,,2.391248;2.381437,434;299,obstacle:2
prune,857,0,1179,900.0,,,2.420764;2.381437,349;299,obstacle:2
prune,857,0,1179,900.0,,,2.40201;2.381437,429;299,obstacle:2
push,857,4235,1179,900.0,300.00000000000006,1200.0,2.391248;2.345244,434;385,
push,857,4236,1179,900.0,300.00000000000006,1200.0,2.420764;2.345244,349;385,
push,857,4237,1179,900.0,300.00000000000006,1200.0,2.40201;2.345244,429;385,
pop,858,1166,681,800.0,,,2.297278;2.250991,262;384,
push,858,4238,1166,900.0,400.00000000000006,1300.0,2.418411;2.392331,257;306,
push,858,4239,1166,900.0,400.00000000000006,1300.0,2.399601;2.392331,339;306,
push,858,4240,1166,900.0,400.00000000000006,1300.0,2.420764;2.392331,174;306,
prune,858,0,1166,900.0,,,2.418411;2.381437,257;299,obstacle:2
prune,858,0,1166,900.0,,,2.399601;2.381437,339;299,obstacle:2
prune,858,0,1166,900.0,,,2.420764;2.381437,174;299,obstacle:2
push,858,4241,1166,900.0,300.00000000000006,1200.0,2.418411;2.345244,257;385,
push,858,4242,1166,900.0,300.00000000000006,1200.0,2.399601;2.345244,339;385,
push,858,4243,1166,900.0,300.00000000000006,1200.0,2.420764;2.345244,174;385,
pop,859,1173,682,800.0,,,2.297278;2.250991,261;384,
push,859,4244,1173,900.0,400.00000000000006,1300.0,2.399601;2.392331,339;306,
push,859,4245,1173,900.0,400.00000000000006,1300.0,2.420764;2.392331,344;306,
push,859,4246,1173,900.0,400.00000000000006,1300.0,2.418411;2.392331,257;306,
prune,859,0,1173,900.0,,,2.399601;2.381437,339;299,obstacle:2
prune,859,0,1173,900.0,,,2.420764;2.381437,344;299,obstacle:2
prune,859,0,1173,900.0,,,2.418411;2.381437,257;299,obstacle:2
push,859,4247,1173,900.0,300.00000000000006,1200.0,2.399601;2.345244,339;385,
push,859,4248,1173,900.0,300.00000000000006,1200.0,2.420764;2.345244,344;385,
push,859,4249,1173,900.0,300.00000000000006,1200.0,2.418411;2.345244,257;385,
pop,860,1172,682,800.0,,,2.30669;2.250991,173;384,
push,860,4250,1172,900.0,400.00000000000006,1300.0,2.418411;2.392331,256;306,
push,860,4251,1172,900.0,400.00000000000006,1300.0,2.428817;2.392331,90;306,
prune,860,0,1172,900.0,,,2.418411;2.381437,256;299,obstacle:2
prune,860,0,1172,900.0,,,2.428817;2.381437,90;299,obstacle:2
push,860,4252,1172,900.0,300.00000000000006,1200.0,2.418411;2.345244,256;385,
push,860,4253,1172,900.0,300.00000000000006,1200.0,2.428817;2.345244,90;385,
pop,861,1164,681,800.0,,,2.262591;2.250991,345;384,
push,861,4254,1164,900.0,400.00000000000006,1300.0,2.358059;2.392331,429;306,
push,861,4255,1164,900.0,400.00000000000006,1300.0,2.391248;2.392331,434;306,
push,861,4256,1164,900.0,400.00000000000006,1300.0,2.399601;2.392331,340;306,
prune,861,0,1164,900.0,,,2.358059;2.381437,429;299,obstacle:2
prune,861,0,1164,900.0,,,2.391248;2.381437,434;299,obstacle:2
prune,861,0,1164,900.0,,,2.399601;2.381437,340;299,obstacle:2
push,861,4257,1164,900.0,300.00000000000006,1200.0,2.358059;2.345244,429;385,
push,861,4258,1164,900.0,300.00000000000006,1200.0,2.391248;2.345244,434;385,
push,861,4259,1164,900.0,300.00000000000006,1200.0,2.399601;2.345244,340;385,
pop,862,1165,681,800.0,,,2.287749;2.250991,350;384,
push,862,4260,1165,900.0,400.00000000000006,1300.0,2.40201;2.392331,440;306,
prune,862,0,1165,900.0,,,2.420764;2.392331,355;306,obstacle:1
push,862,4261,1165,900.0,400.00000000000006,1300.0,2.391248;2.392331,435;306,
prune,862,0,1165,900.0,,,2.40201;2.381437,440;299,obstacle:2
prune,862,0,1165,900.0,,,2.420764;2.381437,355;299,obstacle:1
prune,862,0,1165,900.0,,,2.391248;2.381437,435;299,obstacle:2
push,862,4262,1165,900.0,300.00000000000006,1200.0,2.40201;2.345244,440;385,
prune,862,0,1165,900.0,,,2.420764;2.345244,355;385,obstacle:1
push,862,4263,1165,900.0,300.00000000000006,1200.0,2.391248;2.345244,435;385,
pop,863,1147,689,800.0,,,2.30669;2.250991,349;384,
prune,863,0,1147,900.0,,,2.416051;2.392331,355;306,obstacle:1
prune,863,0,1147,900.0,,,2.428817;2.392331,276;306,obstacle:1
push,863,4264,1147,900.0,400.00000000000006,1300.0,2.418411;2.392331,440;306,
prune,863,0,1147,900.0,,,2.416051;2.381437,355;299,obstacle:1
prune,863,0,1147,900.0,,,2.428817;2.381437,276;299,obstacle:1
prune,863,0,1147,900.0,,,2.418411;2.381437,440;299,obstacle:2
prune,863,0,1147,900.0,,,2.416051;2.345244,355;385,obstacle:1
prune,863,0,1147,900.0,,,2.428817;2.345244,276;385,obstacle:1
push,863,4265,1147,900.0,300.00000000000006,1200.0,2.418411;2.345244,440;385,
pop,864,1159,678,800.0,,,2.30669;2.250991,32;384,
push,864,4266,1159,900.0,400.00000000000006,1300.0,2.416051;2.392331,38;306,
push,864,4267,1159,900.0,400.00000000000006,1300.0,2.428817;2.392331,123;306,
prune,864,0,1159,900.0,,,2.416051;2.381437,38;299,obstacle:2
prune,864,0,1159,900.0,,,2.428817;2.381437,123;299,obstacle:2
push,864,4268,1159,900.0,300.00000000000006,1200.0,2.416051;2.345244,38;385,
push,864,4269,1159,900.0,300.00000000000006,1200.0,2.428817;2.345244,123;385,
pop,865,1148,689,800.0,,,2.309401;2.250991,429;384,
push,865,4270,1148,900.0,400.00000000000006,1300.0,2.420764;2.392331,507;306,
push,865,4271,1148,900.0,400.00000000000006,1300.0,2.420764;2.392331,512;306,
push,865,4272,1148,900.0,400.00000000000006,1300.0,2.428817;2.392331,424;306,
prune,865,0,1148,900.0,,,2.420764;2.381437,507;299,obstacle:2
prune,865,0,1148,900.0,,,2.420764;2.381437,512;299,obstacle:2
prune,865,0,1148,900.0,,,2.428817;2.381437,424;299,obstacle:2
push,865,4273,1148,900.0,300.00000000000006,1200.0,2.420764;2.345244,507;385,
push,865,4274,1148,900.0,300.00000000000006,1200.0,2.420764;2.345244,512;385,
push,865,4275,1148,900.0,300.00000000000006,1200.0,2.428817;2.345244,424;385,
pop,866,1154,677,800.0,,,2.291759;2.250991,122;384,
push,866,4276,1154,900.0,400.00000000000006,1300.0,2.392331;2.392331,128;306,
push,866,4277,1154,900.0,400.00000000000006,1300.0,2.416051;2.392331,43;306,
prune,866,0,1154,900.0,,,2.416051;2.392331,207;306,obstacle:1
prune,866,0,1154,900.0,,,2.392331;2.381437,128;299,obstacle:2
prune,866,0,1154,900.0,,,2.416051;2.381437,43;299,obstacle:2
prune,866,0,1154,900.0,,,2.416051;2.381437,207;299,obstacle:1
push,866,4278,1154,900.0,300.00000000000006,1200.0,2.392331;2.345244,128;385,
push,866,4279,1154,900.0,300.00000000000006,1200.0,2.416051;2.345244,43;385,
prune,866,0,1154,900.0,,,2.416051;2.345244,207;385,obstacle:1
pop,867,1155,677,800.0,,,2.30669;2.250991,37;384,
push,867,4280,1155,900.0,400.00000000000006,1300.0,2.416051;2.392331,38;306,
prune,867,0,1155,900.0,,,2.416051;2.381437,38;299,obstacle:2
push,867,4281,1155,900.0,300.00000000000006,1200.0,2.416051;2.345244,38;385,
pop,868,1146,689,800.0,,,2.297278;2.250991,434;384,
push,868,4282,1146,900.0,400.00000000000006,1300.0,2.399601;2.392331,518;306,
push,868,4283,1146,900.0,400.00000000000006,1300.0,2.418411;2.392331,439;306,
push,868,4284,1146,900.0,400.00000000000006,1300.0,2.420764;2.392331,513;306,
prune,868,0,1146,900.0,,,2.399601;2.381437,518;299,obstacle:2
prune,868,0,1146,900.0,,,2.418411;2.381437,439;299,obstacle:2
prune,868,0,1146,900.0,,,2.420764;2.381437,513;299,obstacle:2
push,868,4285,1146,900.0,300.00000000000006,1200.0,2.399601;2.345244,518;385,
push,868,4286,1146,900.0,300.00000000000006,1200.0,2.418411;2.345244,439;385,
push,868,4287,1146,900.0,300.00000000000006,1200.0,2.420764;2.345244,513;385,
pop,869,1138,687,800.0,,,2.30669;2.250991,176;384,
push,869,4288,1138,900.0,400.00000000000006,1300.0,2.416051;2.392331,182;306,
push,869,4289,1138,900.0,400.00000000000006,1300.0,2.428817;2.392331,103;306,
push,869,4290,1138,900.0,400.00000000000006,1300.0,2.418411;2.392331,266;306,
prune,869,0,1138,900.0,,,2.416051;2.381437,182;299,obstacle:2
prune,869,0,1138,900.0,,,2.428817;2.381437,103;299,obstacle:2
prune,869,0,1138,900.0,,,2.418411;2.381437,266;299,obstacle:2
push,869,4291,1138,900.0,300.00000000000006,1200.0,2.416051;2.345244,182;385,
push,869,4292,1138,900.0,300.00000000000006,1200.0,2.428817;2.345244,103;385,
push,869,4293,1138,900.0,300.00000000000006,1200.0,2.418411;2.345244,266;385,
pop,870,1139,687,800.0,,,2.309401;2.250991,256;384,
push,870,4294,1139,900.0,400.00000000000006,1300.0,2.420764;2.392331,338;306,
prune,870,0,1139,900.0,,,2.420764;2.381437,338;299,obstacle:2
push,870,4295,1139,900.0,300.00000000000006,1200.0,2.420764;2.345244,338;385,
pop,871,1137,687,800.0,,,2.297278;2.250991,260;384,
push,871,4296,1137,900.0,400.00000000000006,1300.0,2.399601;2.392331,344;306,
push,871,4297,1137,900.0,400.00000000000006,1300.0,2.420764;2.392331,339;306,
prune,871,0,1137,900.0,,,2.399601;2.381437,344;299,obstacle:2
prune,871,0,1137,900.0,,,2.420764;2.381437,339;299,obstacle:2
push,871,4298,1137,900.0,300.00000000000006,1200.0,2.399601;2.345244,344;385,
push,871,4299,1137,900.0,300.00000000000006,1200.0,2.420764;2.345244,339;385,
pop,872,1130,695,800.0,,,2.250991;2.250991,38;384,
push,872,4300,1130,900.0,400.00000000000006,1300.0,2.345244;2.392331,44;306,
push,872,4301,1130,900.0,400.00000000000006,1300.0,2.392331;2.392331,129;306,
prune,872,0,1130,900.0,,,2.345244;2.381437,44;299,obstacle:2
prune,872,0,1130,900.0,,,2.392331;2.381437,129;299,obstacle:2
push,872,4302,1130,900.0,300.00000000000006,1200.0,2.345244;2.345244,44;385,
push,872,4303,1130,900.0,300.00000000000006,1200.0,2.392331;2.345244,129;385,
pop,873,1131,695,800.0,,,2.291759;2.250991,123;384,
prune,873,0,1131,900.0,,,2.416051;2.392331,207;306,obstacle:1
push,873,4304,1131,900.0,400.00000000000006,1300.0,2.392331;2.392331,128;306,
prune,873,0,1131,900.0,,,2.416051;2.392331,202;306,obstacle:1
prune,873,0,1131,900.0,,,2.416051;2.381437,207;299,obstacle:1
prune,873,0,1131,900.0,,,2.392331;2.381437,128;299,obstacle:2
prune,873,0,1131,900.0,,,2.416051;2.381437,202;299,obstacle:1
prune,873,0,1131,900.0,,,2.416051;2.345244,207;385,obstacle:1
push,873,4305,1131,900.0,300.00000000000006,1200.0,2.392331;2.345244,128;385,
prune,873,0,1131,900.0,,,2.416051;2.345244,202;385,obstacle:1
pop,874,1126,693,800.0,,,2.30669;2.250991,171;384,
push,874,4306,1126,900.0,400.00000000000006,1300.0,2.428817;2.392331,260;306,
push,874,4307,1126,900.0,400.00000000000006,1300.0,2.416051;2.392331,176;306,
push,874,4308,1126,900.0,400.00000000000006,1300.0,2.418411;2.392331,256;306,
prune,874,0,1126,900.0,,,2.428817;2.381437,260;299,obstacle:2
prune,874,0,1126,900.0,,,2.416051;2.381437,176;299,obstacle:2
prune,874,0,1126,900.0,,,2.418411;2.381437,256;299,obstacle:2
push,874,4309,1126,900.0,300.00000000000006,1200.0,2.428817;2.345244,260;385,
push,874,4310,1126,900.0,300.00000000000006,1200.0,2.416051;2.345244,176;385,
push,874,4311,1126,900.0,300.00000000000006,1200.0,2.418411;2.345244,256;385,
pop,875,1121,690,800.0,,,2.297278;2.250991,423;384,
push,875,4312,1121,900.0,400.00000000000006,1300.0,2.420764;2.392331,506;306,
prune,875,0,1121,900.0,,,2.420764;2.381437,506;299,obstacle:2
push,875,4313,1121,900.0,300.00000000000006,1200.0,2.420764;2.345244,506;385,
pop,876,1122,690,800.0,,,2.309401;2.250991,428;384,
push,876,4314,1122,900.0,400.00000000000006,1300.0,2.420764;2.392331,512;306,
push,876,4315,1122,900.0,400.00000000000006,1300.0,2.428817;2.392331,433;306,
push,876,4316,1122,900.0,400.00000000000006,1300.0,2.420764;2.392331,507;306,
prune,876,0,1122,900.0,,,2.420764;2.381437,512;299,obstacle:2
prune,876,0,1122,900.0,,,2.428817;2.381437,433;299,obstacle:2
prune,876,0,1122,900.0,,,2.420764;2.381437,507;299,obstacle:2
push,876,4317,1122,900.0,300.00000000000006,1200.0,2.420764;2.345244,512;385,
push,876,4318,1122,900.0,300.00000000000006,1200.0,2.428817;2.345244,433;385,
push,876,4319,1122,900.0,300.00000000000006,1200.0,2.420764;2.345244,507;385,
pop,877,1109,675,800.0,,,2.291759;2.250991,122;384,
push,877,4320,1109,900.0,400.00000000000006,1300.0,2.392331;2.392331,128;306,
push,877,4321,1109,900.0,400.00000000000006,1300.0,2.416051;2.392331,43;306,
prune,877,0,1109,900.0,,,2.416051;2.392331,207;306,obstacle:1
prune,877,0,1109,900.0,,,2.392331;2.381437,128;299,obstacle:2
prune,877,0,1109,900.0,,,2.416051;2.381437,43;299,obstacle:2
prune,877,0,1109,900.0,,,2.416051;2.381437,207;299,obstacle:1
push,877,4322,1109,900.0,300.00000000000006,1200.0,2.392331;2.345244,128;385,
push,877,4323,1109,900.0,300.00000000000006,1200.0,2.416051;2.345244,43;385,
prune,877,0,1109,900.0,,,2.416051;2.345244,207;385,obstacle:1
pop,878,1110,675,800.0,,,2.30669;2.250991,37;384,
push,878,4324,1110,900.0,400.00000000000006,1300.0,2.416051;2.392331,38;306,
prune,878,0,1110,900.0,,,2.416051;2.381437,38;299,obstacle:2
push,878,4325,1110,900.0,300.00000000000006,1200.0,2.416051;2.345244,38;385,
pop,879,1116,685,800.0,,,2.28216;2.250991,43;384,
push,879,4326,1116,900.0,400.00000000000006,1300.0,2.394762;2.392331,44;306,
prune,879,0,1116,900.0,,,2.394762;2.381437,44;299,obstacle:2
push,879,4327,1116,900.0,300.00000000000006,1200.0,2.394762;2.345244,44;385,
pop,880,1115,685,800.0,,,2.279351;2.250991,128;384,
push,880,4328,1115,900.0,400.00000000000006,1300.0,0.903241;2.392331,134;306,
push,880,4329,1115,900.0,400.00000000000006,1300.0,2.394762;2.392331,49;306,
push,880,4330,1115,900.0,400.00000000000006,1300.0,2.411382;2.392331,213;306,
prune,880,0,1115,900.0,,,0.903241;2.381437,134;299,obstacle:2
prune,880,0,1115,900.0,,,2.394762;2.381437,49;299,obstacle:2
prune,880,0,1115,900.0,,,2.411382;2.381437,213;299,obstacle:2
push,880,4331,1115,900.0,300.00000000000006,1200.0,0.903241;2.345244,134;385,
push,880,4332,1115,900.0,300.00000000000006,1200.0,2.394762;2.345244,49;385,
push,880,4333,1115,900.0,300.00000000000006,1200.0,2.411382;2.345244,213;385,
pop,881,1101,701,800.0,,,2.309401;2.250991,428;384,
push,881,4334,1101,900.0,400.00000000000006,1300.0,2.420764;2.392331,512;306,
push,881,4335,1101,900.0,400.00000000000006,1300.0,2.428817;2.392331,433;306,
push,881,4336,1101,900.0,400.00000000000006,1300.0,2.420764;2.392331,507;306,
prune,881,0,1101,900.0,,,2.420764;2.381437,512;299,obstacle:2
prune,881,0,1101,900.0,,,2.428817;2.381437,433;299,obstacle:2
prune,881,0,1101,900.0,,,2.420764;2.381437,507;299,obstacle:2
push,881,4337,1101,900.0,300.00000000000006,1200.0,2.420764;2.345244,512;385,
push,881,4338,1101,900.0,300.00000000000006,1200.0,2.428817;2.345244,433;385,
push,881,4339,1101,900.0,300.00000000000006,1200.0,2.420764;2.345244,507;385,
pop,882,1102,701,800.0,,,2.30669;2.250991,343;384,
push,882,4340,1102,900.0,400.00000000000006,1300.0,2.416051;2.392331,349;306,
push,882,4341,1102,900.0,400.00000000000006,1300.0,2.418411;2.392331,270;306,
push,882,4342,1102,900.0,400.00000000000006,1300.0,2.428817;2.392331,434;306,
prune,882,0,1102,900.0,,,2.416051;2.381437,349;299,obstacle:2
prune,882,0,1102,900.0,,,2.418411;2.381437,270;299,obstacle:2
prune,882,0,1102,900.0,,,2.428817;2.381437,434;299,obstacle:2
push,882,4343,1102,900.0,300.00000000000006,1200.0,2.416051;2.345244,349;385,
push,882,4344,1102,900.0,300.00000000000006,1200.0,2.418411;2.345244,270;385,
push,882,4345,1102,900.0,300.00000000000006,1200.0,2.428817;2.345244,434;385,
pop,883,1103,701,800.0,,,2.297278;2.250991,423;384,
push,883,4346,1103,900.0,400.00000000000006,1300.0,2.420764;2.392331,506;306,
prune,883,0,1103,900.0,,,2.420764;2.381437,506;299,obstacle:2
push,883,4347,1103,900.0,300.00000000000006,1200.0,2.420764;2.345244,506;385,
pop,884,1092,704,800.0,,,2.309401;2.250991,266;384,
push,884,4348,1092,900.0,400.00000000000006,1300.0,2.420764;2.392331,350;306,
prune,884,0,1092,900.0,,,2.428817;2.392331,271;306,obstacle:1
push,884,4349,1092,900.0,400.00000000000006,1300.0,2.420764;2.392331,345;306,
prune,884,0,1092,900.0,,,2.420764;2.381437,350;299,obstacle:2
prune,884,0,1092,900.0,,,2.428817;2.381437,271;299,obstacle:1
prune,884,0,1092,900.0,,,2.420764;2.381437,345;299,obstacle:2
push,884,4350,1092,900.0,300.00000000000006,1200.0,2.420764;2.345244,350;385,
prune,884,0,1092,900.0,,,2.428817;2.345244,271;385,obstacle:1
push,884,4351,1092,900.0,300.00000000000006,1200.0,2.420764;2.345244,345;385,
pop,885,1093,704,800.0,,,2.30669;2.250991,182;384,
prune,885,0,1093,900.0,,,2.416051;2.392331,188;306,obstacle:1
prune,885,0,1093,900.0,,,2.428817;2.392331,272;306,obstacle:1
prune,885,0,1093,900.0,,,2.416051;2.381437,188;299,obstacle:1
prune,885,0,1093,900.0,,,2.428817;2.381437,272;299,obstacle:1
prune,885,0,1093,900.0,,,2.416051;2.345244,188;385,obstacle:1
prune,885,0,1093,900.0,,,2.428817;2.345244,272;385,obstacle:1
pop,886,1094,704,800.0,,,2.297278;2.250991,261;384,
push,886,4352,1094,900.0,400.00000000000006,1300.0,2.399601;2.392331,339;306,
push,886,4353,1094,900.0,400.00000000000006,1300.0,2.420764;2.392331,344;306,
push,886,4354,1094,900.0,400.00000000000006,1300.0,2.418411;2.392331,257;306,
prune,886,0,1094,900.0,,,2.399601;2.381437,339;299,obstacle:2
prune,886,0,1094,900.0,,,2.420764;2.381437,344;299,obstacle:2
prune,886,0,1094,900.0,,,2.418411;2.381437,257;299,obstacle:2
push,886,4355,1094,900.0,300.00000000000006,1200.0,2.399601;2.345244,339;385,
push,886,4356,1094,900.0,300.00000000000006,1200.0,2.420764;2.345244,344;385,
push,886,4357,1094,900.0,300.00000000000006,1200.0,2.418411;2.345244,257;385,
pop,887,1085,703,800.0,,,2.259707;2.250991,256;384,
push,887,4358,1085,900.0,400.00000000000006,1300.0,2.399601;2.392331,338;306,
prune,887,0,1085,900.0,,,2.399601;2.381437,338;299,obstacle:2
push,887,4359,1085,900.0,300.00000000000006,1200.0,2.399601;2.345244,338;385,
pop,888,1086,703,800.0,,,2.297278;2.250991,260;384,
push,888,4360,1086,900.0,400.00000000000006,1300.0,2.420764;2.392331,344;306,
push,888,4361,1086,900.0,400.00000000000006,1300.0,2.399601;2.392331,339;306,
prune,888,0,1086,900.0,,,2.420764;2.381437,344;299,obstacle:2
prune,888,0,1086,900.0,,,2.399601;2.381437,339;299,obstacle:2
push,888,4362,1086,900.0,300.00000000000006,1200.0,2.420764;2.345244,344;385,
push,888,4363,1086,900.0,300.00000000000006,1200.0,2.399601;2.345244,339;385,
pop,889,1080,699,800.0,,,2.30669;2.250991,37;384,
push,889,4364,1080,900.0,400.00000000000006,1300.0,2.416051;2.392331,38;306,
prune,889,0,1080,900.0,,,2.416051;2.381437,38;299,obstacle:2
push,889,4365,1080,900.0,300.00000000000006,1200.0,2.416051;2.345244,38;385,
pop,890,1072,714,800.0,,,2.224551;2.250991,44;384,
push,890,4366,1072,900.0,400.00000000000006,1300.0,2.198211;2.392331,50;306,
push,890,4367,1072,900.0,400.00000000000006,1300.0,0.903241;2.392331,135;306,
prune,890,0,1072,900.0,,,2.198211;2.381437,50;299,obstacle:2
prune,890,0,1072,900.0,,,0.903241;2.381437,135;299,obstacle:2
push,890,4368,1072,900.0,300.00000000000006,1200.0,2.198211;2.345244,50;385,
push,890,4369,1072,900.0,300.00000000000006,1200.0,0.903241;2.345244,135;385,
pop,891,1075,710,800.0,,,2.279351;2.250991,128;384,
push,891,4370,1075,900.0,400.00000000000006,1300.0,0.903241;2.392331,134;306,
push,891,4371,1075,900.0,400.00000000000006,1300.0,2.394762;2.392331,49;306,
push,891,4372,1075,900.0,400.00000000000006,1300.0,2.411382;2.392331,213;306,
prune,891,0,1075,900.0,,,0.903241;2.381437,134;299,obstacle:2
prune,891,0,1075,900.0,,,2.394762;2.381437,49;299,obstacle:2
prune,891,0,1075,900.0,,,2.411382;2.381437,213;299,obstacle:2
push,891,4373,1075,900.0,300.00000000000006,1200.0,0.903241;2.345244,134;385,
push,891,4374,1075,900.0,300.00000000000006,1200.0,2.394762;2.345244,49;385,
push,891,4375,1075,900.0,300.00000000000006,1200.0,2.411382;2.345244,213;385,
pop,892,1079,699,800.0,,,2.291759;2.250991,122;384,
push,892,4376,1079,900.0,400.00000000000006,1300.0,2.392331;2.392331,128;306,
push,892,4377,1079,900.0,400.00000000000006,1300.0,2.416051;2.392331,43;306,
prune,892,0,1079,900.0,,,2.416051;2.392331,207;306,obstacle:1
prune,892,0,1079,900.0,,,2.392331;2.381437,128;299,obstacle:2
prune,892,0,1079,900.0,,,2.416051;2.381437,43;299,obstacle:2
prune,892,0,1079,900.0,,,2.416051;2.381437,207;299,obstacle:1
push,892,4378,1079,900.0,300.00000000000006,1200.0,2.392331;2.345244,128;385,
push,892,4379,1079,900.0,300.00000000000006,1200.0,2.416051;2.345244,43;385,
prune,892,0,1079,900.0,,,2.416051;2.345244,207;385,obstacle:1
pop,893,1067,717,800.0,,,2.259707;2.250991,256;384,
push,893,4380,1067,900.0,400.00000000000006,1300.0,2.399601;2.392331,338;306,
prune,893,0,1067,900.0,,,2.399601;2.381437,338;299,obstacle:2
push,893,4381,1067,900.0,300.00000000000006,1200.0,2.399601;2.345244,338;385,
pop,894,1068,717,800.0,,,2.297278;2.250991,260;384,
push,894,4382,1068,900.0,400.00000000000006,1300.0,2.420764;2.392331,344;306,
push,894,4383,1068,900.0,400.00000000000006,1300.0,2.418411;2.392331,265;306,
push,894,4384,1068,900.0,400.00000000000006,1300.0,2.399601;2.392331,339;306,
prune,894,0,1068,900.0,,,2.420764;2.381437,344;299,obstacle:2
prune,894,0,1068,900.0,,,2.418411;2.381437,265;299,obstacle:2
prune,894,0,1068,900.0,,,2.399601;2.381437,339;299,obstacle:2
push,894,4385,1068,900.0,300.00000000000006,1200.0,2.420764;2.345244,344;385,
push,894,4386,1068,900.0,300.00000000000006,1200.0,2.418411;2.345244,265;385,
push,894,4387,1068,900.0,300.00000000000006,1200.0,2.399601;2.345244,339;385,
pop,895,1060,713,800.0,,,2.224551;2.250991,49;384,
push,895,4388,1060,900.0,400.00000000000006,1300.0,2.198211;2.392331,50;306,
prune,895,0,1060,900.0,,,2.198211;2.381437,50;299,obstacle:2
push,895,4389,1060,900.0,300.00000000000006,1200.0,2.198211;2.345244,50;385,
pop,896,1061,713,800.0,,,2.24714;2.250991,213;384,
push,896,4390,1061,900.0,400.00000000000006,1300.0,2.388627;2.392331,302;306,
push,896,4391,1061,900.0,400.00000000000006,1300.0,0.902229;1.459517,218;306,
prune,896,0,1061,900.0,,,2.377737;2.392331,297;306,obstacle:1
prune,896,0,1061,900.0,,,2.388627;2.381437,302;299,obstacle:2
prune,896,0,1061,900.0,,,0.902229;2.381437,218;299,obstacle:2
prune,896,0,1061,900.0,,,2.377737;2.381437,297;299,obstacle:1
push,896,4392,1061,900.0,300.00000000000006,1200.0,2.388627;2.345244,302;385,
push,896,4393,1061,900.0,300.00000000000006,1200.0,0.902229;2.345244,218;385,
prune,896,0,1061,900.0,,,2.377737;2.345244,297;385,obstacle:1
pop,897,1059,713,800.0,,,0.887411;2.250991,134;384,
push,897,4394,1059,900.0,400.00000000000006,1300.0,0.726929;2.392331,140;306,
push,897,4395,1059,900.0,400.00000000000006,1300.0,1.124937;2.392331,55;306,
push,897,4396,1059,900.0,400.00000000000006,1300.0,0.73931;1.263269,219;306,
prune,897,0,1059,900.0,,,0.726929;2.381437,140;299,obstacle:2
prune,897,0,1059,900.0,,,1.124937;2.381437,55;299,obstacle:2
prune,897,0,1059,900.0,,,0.73931;2.381437,219;299,obstacle:2
push,897,4397,1059,900.0,300.00000000000006,1200.0,0.726929;2.345244,140;385,
push,897,4398,1059,900.0,300.00000000000006,1200.0,1.124937;2.345244,55;385,
push,897,4399,1059,900.0,300.00000000000006,1200.0,0.73931;2.345244,219;385,
pop,898,1052,709,800.0,,,2.224551;2.250991,44;384,
push,898,4400,1052,900.0,400.00000000000006,1300.0,2.198211;2.392331,50;306,
push,898,4401,1052,900.0,400.00000000000006,1300.0,0.903241;2.392331,135;306,
prune,898,0,1052,900.0,,,2.198211;2.381437,50;299,obstacle:2
prune,898,0,1052,900.0,,,0.903241;2.381437,135;299,obstacle:2
push,898,4402,1052,900.0,300.00000000000006,1200.0,2.198211;2.345244,50;385,
push,898,4403,1052,900.0,300.00000000000006,1200.0,0.903241;2.345244,135;385,
pop,899,1053,709,800.0,,,2.279351;2.250991,129;384,
push,899,4404,1053,900.0,400.00000000000006,1300.0,2.411382;2.392331,213;306,
push,899,4405,1053,900.0,400.00000000000006,1300.0,0.903241;2.392331,134;306,
prune,899,0,1053,900.0,,,2.394762;2.392331,208;306,obstacle:1
prune,899,0,1053,900.0,,,2.411382;2.381437,213;299,obstacle:2
prune,899,0,1053,900.0,,,0.903241;2.381437,134;299,obstacle:2
prune,899,0,1053,900.0,,,2.394762;2.381437,208;299,obstacle:1
push,899,4406,1053,900.0,300.00000000000006,1200.0,2.411382;2.345244,213;385,
push,899,4407,1053,900.0,300.00000000000006,1200.0,0.903241;2.345244,134;385,
prune,899,0,1053,900.0,,,2.394762;2.345244,208;385,obstacle:1
pop,900,1048,696,800.0,,,2.291759;2.250991,122;384,
push,900,4408,1048,900.0,400.00000000000006,1300.0,2.392331;2.392331,128;306,
push,900,4409,1048,900.0,400.00000000000006,1300.0,2.416051;2.392331,43;306,
prune,900,0,1048,900.0,,,2.416051;2.392331,207;306,obstacle:1
prune,900,0,1048,900.0,,,2.392331;2.381437,128;299,obstacle:2
prune,900,0,1048,900.0,,,2.416051;2.381437,43;299,obstacle:2
prune,900,0,1048,900.0,,,2.416051;2.381437,207;299,obstacle:1
push,900,4410,1048,900.0,300.00000000000006,1200.0,2.392331;2.345244,128;385,
push,900,4411,1048,900.0,300.00000000000006,1200.0,2.416051;2.345244,43;385,
prune,900,0,1048,900.0,,,2.416051;2.345244,207;385,obstacle:1
pop,901,1943,727,800.0,,,2.224551;2.250991,44;384,
push,901,4412,1943,900.0,400.00000000000006,1300.0,2.198211;2.392331,50;306,
push,901,4413,1943,900.0,400.00000000000006,1300.0,0.903241;2.392331,135;306,
prune,901,0,1943,900.0,,,2.198211;2.381437,50;299,obstacle:2
prune,901,0,1943,900.0,,,0.903241;2.381437,135;299,obstacle:2
push,901,4414,1943,900.0,300.00000000000006,1200.0,2.198211;2.345244,50;385,
push,901,4415,1943,900.0,300.00000000000006,1200.0,0.903241;2.345244,135;385,
pop,902,1944,727,800.0,,,2.279351;2.250991,129;384,
push,902,4416,1944,900.0,400.00000000000006,1300.0,2.411382;2.392331,213;306,
push,902,4417,1944,900.0,400.00000000000006,1300.0,0.903241;2.392331,134;306,
prune,902,0,1944,900.0,,,2.394762;2.392331,208;306,obstacle:1
prune,902,0,1944,900.0,,,2.411382;2.381437,213;299,obstacle:2
prune,902,0,1944,900.0,,,0.903241;2.381437,134;299,obstacle:2
prune,902,0,1944,900.0,,,2.394762;2.381437,208;299,obstacle:1
push,902,4418,1944,900.0,300.00000000000006,1200.0,2.411382;2.345244,213;385,
push,902,4419,1944,900.0,300.00000000000006,1200.0,0.903241;2.345244,134;385,
prune,902,0,1944,900.0,,,2.394762;2.345244,208;385,obstacle:1
pop,903,1936,733,800.0,,,2.30669;2.250991,171;384,
push,903,4420,1936,900.0,400.00000000000006,1300.0,2.428817;2.392331,260;306,
push,903,4421,1936,900.0,400.00000000000006,1300.0,2.416051;2.392331,176;306,
push,903,4422,1936,900.0,400.00000000000006,1300.0,2.418411;2.392331,256;306,
prune,903,0,1936,900.0,,,2.428817;2.381437,260;299,obstacle:2
prune,903,0,1936,900.0,,,2.416051;2.381437,176;299,obstacle:2
prune,903,0,1936,900.0,,,2.418411;2.381437,256;299,obstacle:2
push,903,4423,1936,900.0,300.00000000000006,1200.0,2.428817;2.345244,260;385,
push,903,4424,1936,900.0,300.00000000000006,1200.0,2.416051;2.345244,176;385,
push,903,4425,1936,900.0,300.00000000000006,1200.0,2.418411;2.345244,256;385,
pop,904,1939,724,800.0,,,2.279351;2.250991,128;384,
push,904,4426,1939,900.0,400.00000000000006,1300.0,0.903241;2.392331,134;306,
push,904,4427,1939,900.0,400.00000000000006,1300.0,2.394762;2.392331,49;306,
push,904,4428,1939,900.0,400.00000000000006,1300.0,2.411382;2.392331,213;306,
prune,904,0,1939,900.0,,,0.903241;2.381437,134;299,obstacle:2
prune,904,0,1939,900.0,,,2.394762;2.381437,49;299,obstacle:2
prune,904,0,1939,900.0,,,2.411382;2.381437,213;299,obstacle:2
push,904,4429,1939,900.0,300.00000000000006,1200.0,0.903241;2.345244,134;385,
push,904,4430,1939,900.0,300.00000000000006,1200.0,2.394762;2.345244,49;385,
push,904,4431,1939,900.0,300.00000000000006,1200.0,2.411382;2.345244,213;385,
pop,905,1932,731,800.0,,,2.279351;2.250991,129;384,
push,905,4432,1932,900.0,400.00000000000006,1300.0,2.411382;2.392331,213;306,
push,905,4433,1932,900.0,400.00000000000006,1300.0,0.903241;2.392331,134;306,
prune,905,0,1932,900.0,,,2.394762;2.392331,208;306,obstacle:1
prune,905,0,1932,900.0,,,2.411382;2.381437,213;299,obstacle:2
prune,905,0,1932,900.0,,,0.903241;2.381437,134;299,obstacle:2
prune,905,0,1932,900.0,,,2.394762;2.381437,208;299,obstacle:1
push,905,4434,1932,900.0,300.00000000000006,1200.0,2.411382;2.345244,213;385,
push,905,4435,1932,900.0,300.00000000000006,1200.0,0.903241;2.345244,134;385,
prune,905,0,1932,900.0,,,2.394762;2.345244,208;385,obstacle:1
pop,906,1931,731,800.0,,,2.224551;2.250991,44;384,
push,906,4436,1931,900.0,400.00000000000006,1300.0,2.198211;2.392331,50;306,
push,906,4437,1931,900.0,400.00000000000006,1300.0,0.903241;2.392331,135;306,
prune,906,0,1931,900.0,,,2.198211;2.381437,50;299,obstacle:2
prune,906,0,1931,900.0,,,0.903241;2.381437,135;299,obstacle:2
push,906,4438,1931,900.0,300.00000000000006,1200.0,2.198211;2.345244,50;385,
push,906,4439,1931,900.0,300.00000000000006,1200.0,0.903241;2.345244,135;385,
pop,907,1927,736,800.0,,,2.279351;2.250991,128;384,
push,907,4440,1927,900.0,400.00000000000006,1300.0,0.903241;2.392331,134;306,
push,907,4441,1927,900.0,400.00000000000006,1300.0,2.394762;2.392331,49;306,
push,907,4442,1927,900.0,400.00000000000006,1300.0,2.411382;2.392331,213;306,
prune,907,0,1927,900.0,,,0.903241;2.381437,134;299,obstacle:2
prune,907,0,1927,900.0,,,2.394762;2.381437,49;299,obstacle:2
prune,907,0,1927,900.0,,,2.411382;2.381437,213;299,obstacle:2
push,907,4443,1927,900.0,300.00000000000006,1200.0,0.903241;2.345244,134;385,
push,907,4444,1927,900.0,300.00000000000006,1200.0,2.394762;2.345244,49;385,
push,907,4445,1927,900.0,300.00000000000006,1200.0,2.411382;2.345244,213;385,
pop,908,1922,739,800.0,,,2.279351;2.250991,128;384,
push,908,4446,1922,900.0,400.00000000000006,1300.0,0.903241;2.392331,134;306,
push,908,4447,1922,900.0,400.00000000000006,1300.0,2.394762;2.392331,49;306,
push,908,4448,1922,900.0,400.00000000000006,1300.0,2.411382;2.392331,213;306,
prune,908,0,1922,900.0,,,0.903241;2.381437,134;299,obstacle:2
prune,908,0,1922,900.0,,,2.394762;2.381437,49;299,obstacle:2
prune,908,0,1922,900.0,,,2.411382;2.381437,213;299,obstacle:2
push,908,4449,1922,900.0,300.00000000000006,1200.0,0.903241;2.345244,134;385,
push,908,4450,1922,900.0,300.00000000000006,1200.0,2.394762;2.345244,49;385,
push,908,4451,1922,900.0,300.00000000000006,1200.0,2.411382;2.345244,213;385,
pop,909,1923,739,800.0,,,2.28216;2.250991,43;384,
push,909,4452,1923,900.0,400.00000000000006,1300.0,2.394762;2.392331,44;306,
prune,909,0,1923,900.0,,,2.394762;2.381437,44;299,obstacle:2
push,909,4453,1923,900.0,300.00000000000006,1200.0,2.394762;2.345244,44;385,
pop,910,1917,735,800.0,,,2.279351;2.250991,129;384,
push,910,4454,1917,900.0,400.00000000000006,1300.0,2.411382;2.392331,213;306,
push,910,4455,1917,900.0,400.00000000000006,1300.0,0.903241;2.392331,134;306,
prune,910,0,1917,900.0,,,2.394762;2.392331,208;306,obstacle:1
prune,910,0,1917,900.0,,,2.411382;2.381437,213;299,obstacle:2
prune,910,0,1917,900.0,,,0.903241;2.381437,134;299,obstacle:2
prune,910,0,1917,900.0,,,2.394762;2.381437,208;299,obstacle:1
push,910,4456,1917,900.0,300.00000000000006,1200.0,2.411382;2.345244,213;385,
push,910,4457,1917,900.0,300.00000000000006,1200.0,0.903241;2.345244,134;385,
prune,910,0,1917,900.0,,,2.394762;2.345244,208;385,obstacle:1
pop,911,1916,735,800.0,,,2.224551;2.250991,44;384,
push,911,4458,1916,900.0,400.00000000000006,1300.0,2.198211;2.392331,50;306,
push,911,4459,1916,900.0,400.00000000000006,1300.0,0.903241;2.392331,135;306,
prune,911,0,1916,900.0,,,2.198211;2.381437,50;299,obstacle:2
prune,911,0,1916,900.0,,,0.903241;2.381437,135;299,obstacle:2
push,911,4460,1916,900.0,300.00000000000006,1200.0,2.198211;2.345244,50;385,
push,911,4461,1916,900.0,300.00000000000006,1200.0,0.903241;2.345244,135;385,
pop,912,1912,728,800.0,,,2.279351;2.250991,128;384,
push,912,4462,1912,900.0,400.00000000000006,1300.0,0.903241;2.392331,134;306,
push,912,4463,1912,900.0,400.00000000000006,1300.0,2.394762;2.392331,49;306,
push,912,4464,1912,900.0,400.00000000000006,1300.0,2.411382;2.392331,213;306,
prune,912,0,1912,900.0,,,0.903241;2.381437,134;299,obstacle:2
prune,912,0,1912,900.0,,,2.394762;2.381437,49;299,obstacle:2
prune,912,0,1912,900.0,,,2.411382;2.381437,213;299,obstacle:2
push,912,4465,1912,900.0,300.00000000000006,1200.0,0.903241;2.345244,134;385,
push,912,4466,1912,900.0,300.00000000000006,1200.0,2.394762;2.345244,49;385,
push,912,4467,1912,900.0,300.00000000000006,1200.0,2.411382;2.345244,213;385,
pop,913,1907,723,800.0,,,2.224551;2.250991,44;384,
push,913,4468,1907,900.0,400.00000000000006,1300.0,2.198211;2.392331,50;306,
push,913,4469,1907,900.0,400.00000000000006,1300.0,0.903241;2.392331,135;306,
prune,913,0,1907,900.0,,,2.198211;2.381437,50;299,obstacle:2
prune,913,0,1907,900.0,,,0.903241;2.381437,135;299,obstacle:2
push,913,4470,1907,900.0,300.00000000000006,1200.0,2.198211;2.345244,50;385,
push,913,4471,1907,900.0,300.00000000000006,1200.0,0.903241;2.345244,135;385,
pop,914,1908,723,800.0,,,2.279351;2.250991,129;384,
push,914,4472,1908,900.0,400.00000000000006,1300.0,2.411382;2.392331,213;306,
push,914,4473,1908,900.0,400.00000000000006,1300.0,0.903241;2.392331,134;306,
prune,914,0,1908,900.0,,,2.394762;2.392331,208;306,obstacle:1
prune,914,0,1908,900.0,,,2.411382;2.381437,213;299,obstacle:2
prune,914,0,1908,900.0,,,0.903241;2.381437,134;299,obstacle:2
prune,914,0,1908,900.0,,,2.394762;2.381437,208;299,obstacle:1
push,914,4474,1908,900.0,300.00000000000006,1200.0,2.411382;2.345244,213;385,
push,914,4475,1908,900.0,300.00000000000006,1200.0,0.903241;2.345244,134;385,
prune,914,0,1908,900.0,,,2.394762;2.345244,208;385,obstacle:1
pop,915,1902,745,800.0,,,2.279351;2.250991,129;384,
push,915,4476,1902,900.0,400.00000000000006,1300.0,2.411382;2.392331,213;306,
push,915,4477,1902,900.0,400.00000000000006,1300.0,0.903241;2.392331,134;306,
prune,915,0,1902,900.0,,,2.394762;2.392331,208;306,obstacle:1
prune,915,0,1902,900.0,,,2.411382;2.381437,213;299,obstacle:2
prune,915,0,1902,900.0,,,0.903241;2.381437,134;299,obstacle:2
prune,915,0,1902,900.0,,,2.394762;2.381437,208;299,obstacle:1
push,915,4478,1902,900.0,300.00000000000006,1200.0,2.411382;2.345244,213;385,
push,915,4479,1902,900.0,300.00000000000006,1200.0,0.903241;2.345244,134;385,
prune,915,0,1902,900.0,,,2.394762;2.345244,208;385,obstacle:1
pop,916,1901,745,800.0,,,2.224551;2.250991,44;384,
push,916,4480,1901,900.0,400.00000000000006,1300.0,2.198211;2.392331,50;306,
push,916,4481,1901,900.0,400.00000000000006,1300.0,0.903241;2.392331,135;306,
prune,916,0,1901,900.0,,,2.198211;2.381437,50;299,obstacle:2
prune,916,0,1901,900.0,,,0.903241;2.381437,135;299,obstacle:2
push,916,4482,1901,900.0,300.00000000000006,1200.0,2.198211;2.345244,50;385,
push,916,4483,1901,900.0,300.00000000000006,1200.0,0.903241;2.345244,135;385,
pop,917,1897,750,800.0,,,2.224551;2.250991,44;384,
push,917,4484,1897,900.0,400.00000000000006,1300.0,2.198211;2.392331,50;306,
push,917,4485,1897,900.0,400.00000000000006,1300.0,0.903241;2.392331,135;306,
prune,917,0,1897,900.0,,,2.198211;2.381437,50;299,obstacle:2
prune,917,0,1897,900.0,,,0.903241;2.381437,135;299,obstacle:2
push,917,4486,1897,900.0,300.00000000000006,1200.0,2.198211;2.345244,50;385,
push,917,4487,1897,900.0,300.00000000000006,1200.0,0.903241;2.345244,135;385,
pop,918,1890,749,800.0,,,0.887411;2.250991,134;384,
push,918,4488,1890,900.0,400.00000000000006,1300.0,0.726929;2.392331,140;306,
push,918,4489,1890,900.0,400.00000000000006,1300.0,1.124937;2.392331,55;306,
push,918,4490,1890,900.0,400.00000000000006,1300.0,0.73931;1.263269,219;306,
prune,918,0,1890,900.0,,,0.726929;2.381437,140;299,obstacle:2
prune,918,0,1890,900.0,,,1.124937;2.381437,55;299,obstacle:2
prune,918,0,1890,900.0,,,0.73931;2.381437,219;299,obstacle:2
push,918,4491,1890,900.0,300.00000000000006,1200.0,0.726929;2.345244,140;385,
push,918,4492,1890,900.0,300.00000000000006,1200.0,1.124937;2.345244,55;385,
push,918,4493,1890,900.0,300.00000000000006,1200.0,0.73931;2.345244,219;385,
pop,919,1892,749,800.0,,,2.24714;2.250991,213;384,
push,919,4494,1892,900.0,400.00000000000006,1300.0,2.388627;2.392331,302;306,
push,919,4495,1892,900.0,400.00000000000006,1300.0,0.902229;1.459517,218;306,
prune,919,0,1892,900.0,,,2.377737;2.392331,297;306,obstacle:1
prune,919,0,1892,900.0,,,2.388627;2.381437,302;299,obstacle:2
prune,919,0,1892,900.0,,,0.902229;2.381437,218;299,obstacle:2
prune,919,0,1892,900.0,,,2.377737;2.381437,297;299,obstacle:1
push,919,4496,1892,900.0,300.00000000000006,1200.0,2.388627;2.345244,302;385,
push,919,4497,1892,900.0,300.00000000000006,1200.0,0.902229;2.345244,218;385,
prune,919,0,1892,900.0,,,2.377737;2.345244,297;385,obstacle:1
pop,920,1891,749,800.0,,,2.224551;2.250991,49;384,
push,920,4498,1891,900.0,400.00000000000006,1300.0,2.198211;2.392331,50;306,
prune,920,0,1891,900.0,,,2.198211;2.381437,50;299,obstacle:2
push,920,4499,1891,900.0,300.00000000000006,1200.0,2.198211;2.345244,50;385,
pop,921,1885,746,800.0,,,2.279351;2.250991,128;384,
push,921,4500,1885,900.0,400.00000000000006,1300.0,0.903241;2.392331,134;306,
push,921,4501,1885,900.0,400.00000000000006,1300.0,2.394762;2.392331,49;306,
push,921,4502,1885,900.0,400.00000000000006,1300.0,2.411382;2.392331,213;306,
prune,921,0,1885,900.0,,,0.903241;2.381437,134;299,obstacle:2
prune,921,0,1885,900.0,,,2.394762;2.381437,49;299,obstacle:2
prune,921,0,1885,900.0,,,2.411382;2.381437,213;299,obstacle:2
push,921,4503,1885,900.0,300.00000000000006,1200.0,0.903241;2.345244,134;385,
push,921,4504,1885,900.0,300.00000000000006,1200.0,2.394762;2.345244,49;385,
push,921,4505,1885,900.0,300.00000000000006,1200.0,2.411382;2.345244,213;385,
pop,922,1874,759,800.0,,,2.250991;2.250991,38;384,
push,922,4506,1874,900.0,400.00000000000006,1300.0,2.345244;2.392331,44;306,
push,922,4507,1874,900.0,400.00000000000006,1300.0,2.392331;2.392331,129;306,
prune,922,0,1874,900.0,,,2.345244;2.381437,44;299,obstacle:2
prune,922,0,1874,900.0,,,2.392331;2.381437,129;299,obstacle:2
push,922,4508,1874,900.0,300.00000000000006,1200.0,2.345244;2.345244,44;385,
push,922,4509,1874,900.0,300.00000000000006,1200.0,2.392331;2.345244,129;385,
pop,923,1882,742,800.0,,,2.279351;2.250991,128;384,
push,923,4510,1882,900.0,400.00000000000006,1300.0,0.903241;2.392331,134;306,
push,923,4511,1882,900.0,400.00000000000006,1300.0,2.394762;2.392331,49;306,
push,923,4512,1882,900.0,400.00000000000006,1300.0,2.411382;2.392331,213;306,
prune,923,0,1882,900.0,,,0.903241;2.381437,134;299,obstacle:2
prune,923,0,1882,900.0,,,2.394762;2.381437,49;299,obstacle:2
prune,923,0,1882,900.0,,,2.411382;2.381437,213;299,obstacle:2
push,923,4513,1882,900.0,300.00000000000006,1200.0,0.903241;2.345244,134;385,
push,923,4514,1882,900.0,300.00000000000006,1200.0,2.394762;2.345244,49;385,
push,923,4515,1882,900.0,300.00000000000006,1200.0,2.411382;2.345244,213;385,
pop,924,1879,754,800.0,,,2.30669;2.250991,32;384,
push,924,4516,1879,900.0,400.00000000000006,1300.0,2.416051;2.392331,38;306,
push,924,4517,1879,900.0,400.00000000000006,1300.0,2.428817;2.392331,123;306,
prune,924,0,1879,900.0,,,2.416051;2.381437,38;299,obstacle:2
prune,924,0,1879,900.0,,,2.428817;2.381437,123;299,obstacle:2
push,924,4518,1879,900.0,300.00000000000006,1200.0,2.416051;2.345244,38;385,
push,924,4519,1879,900.0,300.00000000000006,1200.0,2.428817;2.345244,123;385,
pop,925,1875,759,800.0,,,2.291759;2.250991,123;384,
prune,925,0,1875,900.0,,,2.416051;2.392331,207;306,obstacle:1
push,925,4520,1875,900.0,400.00000000000006,1300.0,2.392331;2.392331,128;306,
prune,925,0,1875,900.0,,,2.416051;2.392331,202;306,obstacle:1
prune,925,0,1875,900.0,,,2.416051;2.381437,207;299,obstacle:1
prune,925,0,1875,900.0,,,2.392331;2.381437,128;299,obstacle:2
prune,925,0,1875,900.0,,,2.416051;2.381437,202;299,obstacle:1
prune,925,0,1875,900.0,,,2.416051;2.345244,207;385,obstacle:1
push,925,4521,1875,900.0,300.00000000000006,1200.0,2.392331;2.345244,128;385,
prune,925,0,1875,900.0,,,2.416051;2.345244,202;385,obstacle:1
pop,926,1870,760,800.0,,,2.291759;2.250991,122;384,
push,926,4522,1870,900.0,400.00000000000006,1300.0,2.392331;2.392331,128;306,
push,926,4523,1870,900.0,400.00000000000006,1300.0,2.416051;2.392331,43;306,
prune,926,0,1870,900.0,,,2.416051;2.392331,207;306,obstacle:1
prune,926,0,1870,900.0,,,2.392331;2.381437,128;299,obstacle:2
prune,926,0,1870,900.0,,,2.416051;2.381437,43;299,obstacle:2
prune,926,0,1870,900.0,,,2.416051;2.381437,207;299,obstacle:1
push,926,4524,1870,900.0,300.00000000000006,1200.0,2.392331;2.345244,128;385,
push,926,4525,1870,900.0,300.00000000000006,1200.0,2.416051;2.345244,43;385,
prune,926,0,1870,900.0,,,2.416051;2.345244,207;385,obstacle:1
pop,927,1865,757,800.0,,,2.224551;2.250991,44;384,
push,927,4526,1865,900.0,400.00000000000006,1300.0,2.198211;2.392331,50;306,
push,927,4527,1865,900.0,400.00000000000006,1300.0,0.903241;2.392331,135;306,
prune,927,0,1865,900.0,,,2.198211;2.381437,50;299,obstacle:2
prune,927,0,1865,900.0,,,0.903241;2.381437,135;299,obstacle:2
push,927,4528,1865,900.0,300.00000000000006,1200.0,2.198211;2.345244,50;385,
push,927,4529,1865,900.0,300.00000000000006,1200.0,0.903241;2.345244,135;385,
pop,928,1866,757,800.0,,,2.279351;2.250991,129;384,
push,928,4530,1866,900.0,400.00000000000006,1300.0,2.411382;2.392331,213;306,
push,928,4531,1866,900.0,400.00000000000006,1300.0,0.903241;2.392331,134;306,
prune,928,0,1866,900.0,,,2.394762;2.392331,208;306,obstacle:1
prune,928,0,1866,900.0,,,2.411382;2.381437,213;299,obstacle:2
prune,928,0,1866,900.0,,,0.903241;2.381437,134;299,obstacle:2
prune,928,0,1866,900.0,,,2.394762;2.381437,208;299,obstacle:1
push,928,4532,1866,900.0,300.00000000000006,1200.0,2.411382;2.345244,213;385,
push,928,4533,1866,900.0,300.00000000000006,1200.0,0.903241;2.345244,134;385,
prune,928,0,1866,900.0,,,2.394762;2.345244,208;385,obstacle:1
pop,929,1859,753,800.0,,,2.291759;2.250991,122;384,
push,929,4534,1859,900.0,400.00000000000006,1300.0,2.392331;2.392331,128;306,
push,929,4535,1859,900.0,400.00000000000006,1300.0,2.416051;2.392331,43;306,
prune,929,0,1859,900.0,,,2.416051;2.392331,207;306,obstacle:1
prune,929,0,1859,900.0,,,2.392331;2.381437,128;299,obstacle:2
prune,929,0,1859,900.0,,,2.416051;2.381437,43;299,obstacle:2
prune,929,0,1859,900.0,,,2.416051;2.381437,207;299,obstacle:1
push,929,4536,1859,900.0,300.00000000000006,1200.0,2.392331;2.345244,128;385,
push,929,4537,1859,900.0,300.00000000000006,1200.0,2.416051;2.345244,43;385,
prune,929,0,1859,900.0,,,2.416051;2.345244,207;385,obstacle:1
pop,930,1860,753,800.0,,,2.30669;2.250991,37;384,
push,930,4538,1860,900.0,400.00000000000006,1300.0,2.416051;2.392331,38;306,
prune,930,0,1860,900.0,,,2.416051;2.381437,38;299,obstacle:2
push,930,4539,1860,900.0,300.00000000000006,1200.0,2.416051;2.345244,38;385,
pop,931,1854,741,800.0,,,2.279351;2.250991,129;384,
push,931,4540,1854,900.0,400.00000000000006,1300.0,2.411382;2.392331,213;306,
push,931,4541,1854,900.0,400.00000000000006,1300.0,0.903241;2.392331,134;306,
prune,931,0,1854,900.0,,,2.394762;2.392331,208;306,obstacle:1
prune,931,0,1854,900.0,,,2.411382;2.381437,213;299,obstacle:2
prune,931,0,1854,900.0,,,0.903241;2.381437,134;299,obstacle:2
prune,931,0,1854,900.0,,,2.394762;2.381437,208;299,obstacle:1
push,931,4542,1854,900.0,300.00000000000006,1200.0,2.411382;2.345244,213;385,
push,931,4543,1854,900.0,300.00000000000006,1200.0,0.903241;2.345244,134;385,
prune,931,0,1854,900.0,,,2.394762;2.345244,208;385,obstacle:1
pop,932,1853,741,800.0,,,2.224551;2.250991,44;384,
push,932,4544,1853,900.0,400.00000000000006,1300.0,2.198211;2.392331,50;306,
push,932,4545,1853,900.0,400.00000000000006,1300.0,0.903241;2.392331,135;306,
prune,932,0,1853,900.0,,,2.198211;2.381437,50;299,obstacle:2
prune,932,0,1853,900.0,,,0.903241;2.381437,135;299,obstacle:2
push,932,4546,1853,900.0,300.00000000000006,1200.0,2.198211;2.345244,50;385,
push,932,4547,1853,900.0,300.00000000000006,1200.0,0.903241;2.345244,135;385,
pop,933,1849,770,800.0,,,2.224551;2.250991,44;384,
push,933,4548,1849,900.0,400.00000000000006,1300.0,2.198211;2.392331,50;306,
push,933,4549,1849,900.0,400.00000000000006,1300.0,0.903241;2.392331,135;306,
prune,933,0,1849,900.0,,,2.198211;2.381437,50;299,obstacle:2
prune,933,0,1849,900.0,,,0.903241;2.381437,135;299,obstacle:2
push,933,4550,1849,900.0,300.00000000000006,1200.0,2.198211;2.345244,50;385,
push,933,4551,1849,900.0,300.00000000000006,1200.0,0.903241;2.345244,135;385,
pop,934,1844,773,800.0,,,2.224551;2.250991,44;384,
push,934,4552,1844,900.0,400.00000000000006,1300.0,2.198211;2.392331,50;306,
push,934,4553,1844,900.0,400.00000000000006,1300.0,0.903241;2.392331,135;306,
prune,934,0,1844,900.0,,,2.198211;2.381437,50;299,obstacle:2
prune,934,0,1844,900.0,,,0.903241;2.381437,135;299,obstacle:2
push,934,4554,1844,900.0,300.00000000000006,1200.0,2.198211;2.345244,50;385,
push,934,4555,1844,900.0,300.00000000000006,1200.0,0.903241;2.345244,135;385,
pop,935,1845,773,800.0,,,2.279351;2.250991,129;384,
push,935,4556,1845,900.0,400.00000000000006,1300.0,2.411382;2.392331,213;306,
push,935,4557,1845,900.0,400.00000000000006,1300.0,0.903241;2.392331,134;306,
prune,935,0,1845,900.0,,,2.394762;2.392331,208;306,obstacle:1
prune,935,0,1845,900.0,,,2.411382;2.381437,213;299,obstacle:2
prune,935,0,1845,900.0,,,0.903241;2.381437,134;299,obstacle:2
prune,935,0,1845,900.0,,,2.394762;2.381437,208;299,obstacle:1
push,935,4558,1845,900.0,300.00000000000006,1200.0,2.411382;2.345244,213;385,
push,935,4559,1845,900.0,300.00000000000006,1200.0,0.903241;2.345244,134;385,
prune,935,0,1845,900.0,,,2.394762;2.345244,208;385,obstacle:1
pop,936,1838,769,800.0,,,2.24714;2.250991,213;384,
push,936,4560,1838,900.0,400.00000000000006,1300.0,2.388627;2.392331,302;306,
push,936,4561,1838,900.0,400.00000000000006,1300.0,0.902229;1.459517,218;306,
prune,936,0,1838,900.0,,,2.377737;2.392331,297;306,obstacle:1
prune,936,0,1838,900.0,,,2.388627;2.381437,302;299,obstacle:2
prune,936,0,1838,900.0,,,0.902229;2.381437,218;299,obstacle:2
prune,936,0,1838,900.0,,,2.377737;2.381437,297;299,obstacle:1
push,936,4562,1838,900.0,300.00000000000006,1200.0,2.388627;2.345244,302;385,
push,936,4563,1838,900.0,300.00000000000006,1200.0,0.902229;2.345244,218;385,
prune,936,0,1838,900.0,,,2.377737;2.345244,297;385,obstacle:1
pop,937,1836,769,800.0,,,0.887411;2.250991,134;384,
push,937,4564,1836,900.0,400.00000000000006,1300.0,0.726929;2.392331,140;306,
push,937,4565,1836,900.0,400.00000000000006,1300.0,1.124937;2.392331,55;306,
push,937,4566,1836,900.0,400.00000000000006,1300.0,0.73931;1.263269,219;306,
prune,937,0,1836,900.0,,,0.726929;2.381437,140;299,obstacle:2
prune,937,0,1836,900.0,,,1.124937;2.381437,55;299,obstacle:2
prune,937,0,1836,900.0,,,0.73931;2.381437,219;299,obstacle:2
push,937,4567,1836,900.0,300.00000000000006,1200.0,0.726929;2.345244,140;385,
push,937,4568,1836,900.0,300.00000000000006,1200.0,1.124937;2.345244,55;385,
push,937,4569,1836,900.0,300.00000000000006,1200.0,0.73931;2.345244,219;385,
pop,938,1837,769,800.0,,,2.224551;2.250991,49;384,
push,938,4570,1837,900.0,400.00000000000006,1300.0,2.198211;2.392331,50;306,
prune,938,0,1837,900.0,,,2.198211;2.381437,50;299,obstacle:2
push,938,4571,1837,900.0,300.00000000000006,1200.0,2.198211;2.345244,50;385,
pop,939,1829,766,800.0,,,2.30669;2.250991,173;384,
push,939,4572,1829,900.0,400.00000000000006,1300.0,2.418411;2.392331,256;306,
push,939,4573,1829,900.0,400.00000000000006,1300.0,2.428817;2.392331,90;306,
prune,939,0,1829,900.0,,,2.418411;2.381437,256;299,obstacle:2
prune,939,0,1829,900.0,,,2.428817;2.381437,90;299,obstacle:2
push,939,4574,1829,900.0,300.00000000000006,1200.0,2.418411;2.345244,256;385,
push,939,4575,1829,900.0,300.00000000000006,1200.0,2.428817;2.345244,90;385,
pop,940,1830,766,800.0,,,2.297278;2.250991,261;384,
push,940,4576,1830,900.0,400.00000000000006,1300.0,2.399601;2.392331,339;306,
push,940,4577,1830,900.0,400.00000000000006,1300.0,2.420764;2.392331,344;306,
push,940,4578,1830,900.0,400.00000000000006,1300.0,2.418411;2.392331,257;306,
prune,940,0,1830,900.0,,,2.399601;2.381437,339;299,obstacle:2
prune,940,0,1830,900.0,,,2.420764;2.381437,344;299,obstacle:2
prune,940,0,1830,900.0,,,2.418411;2.381437,257;299,obstacle:2
push,940,4579,1830,900.0,300.00000000000006,1200.0,2.399601;2.345244,339;385,
push,940,4580,1830,900.0,300.00000000000006,1200.0,2.420764;2.345244,344;385,
push,940,4581,1830,900.0,300.00000000000006,1200.0,2.418411;2.345244,257;385,
pop,941,1824,779,800.0,,,2.30669;2.250991,37;384,
push,941,4582,1824,900.0,400.00000000000006,1300.0,2.416051;2.392331,38;306,
prune,941,0,1824,900.0,,,2.416051;2.381437,38;299,obstacle:2
push,941,4583,1824,900.0,300.00000000000006,1200.0,2.416051;2.345244,38;385,
pop,942,1813,785,800.0,,,2.30669;2.250991,171;384,
push,942,4584,1813,900.0,400.00000000000006,1300.0,2.428817;2.392331,260;306,
push,942,4585,1813,900.0,400.00000000000006,1300.0,2.416051;2.392331,176;306,
push,942,4586,1813,900.0,400.00000000000006,1300.0,2.418411;2.392331,256;306,
prune,942,0,1813,900.0,,,2.428817;2.381437,260;299,obstacle:2
prune,942,0,1813,900.0,,,2.416051;2.381437,176;299,obstacle:2
prune,942,0,1813,900.0,,,2.418411;2.381437,256;299,obstacle:2
push,942,4587,1813,900.0,300.00000000000006,1200.0,2.428817;2.345244,260;385,
push,942,4588,1813,900.0,300.00000000000006,1200.0,2.416051;2.345244,176;385,
push,942,4589,1813,900.0,300.00000000000006,1200.0,2.418411;2.345244,256;385,
pop,943,1823,779,800.0,,,2.291759;2.250991,122;384,
push,943,4590,1823,900.0,400.00000000000006,1300.0,2.392331;2.392331,128;306,
push,943,4591,1823,900.0,400.00000000000006,1300.0,2.416051;2.392331,43;306,
prune,943,0,1823,900.0,,,2.416051;2.392331,207;306,obstacle:1
prune,943,0,1823,900.0,,,2.392331;2.381437,128;299,obstacle:2
prune,943,0,1823,900.0,,,2.416051;2.381437,43;299,obstacle:2
prune,943,0,1823,900.0,,,2.416051;2.381437,207;299,obstacle:1
push,943,4592,1823,900.0,300.00000000000006,1200.0,2.392331;2.345244,128;385,
push,943,4593,1823,900.0,300.00000000000006,1200.0,2.416051;2.345244,43;385,
prune,943,0,1823,900.0,,,2.416051;2.345244,207;385,obstacle:1
pop,944,1819,776,800.0,,,2.279351;2.250991,128;384,
push,944,4594,1819,900.0,400.00000000000006,1300.0,0.903241;2.392331,134;306,
push,944,4595,1819,900.0,400.00000000000006,1300.0,2.394762;2.392331,49;306,
push,944,4596,1819,900.0,400.00000000000006,1300.0,2.411382;2.392331,213;306,
prune,944,0,1819,900.0,,,0.903241;2.381437,134;299,obstacle:2
prune,944,0,1819,900.0,,,2.394762;2.381437,49;299,obstacle:2
prune,944,0,1819,900.0,,,2.411382;2.381437,213;299,obstacle:2
push,944,4597,1819,900.0,300.00000000000006,1200.0,0.903241;2.345244,134;385,
push,944,4598,1819,900.0,300.00000000000006,1200.0,2.394762;2.345244,49;385,
push,944,4599,1819,900.0,300.00000000000006,1200.0,2.411382;2.345244,213;385,
pop,945,1816,782,800.0,,,2.291759;2.250991,122;384,
push,945,4600,1816,900.0,400.00000000000006,1300.0,2.392331;2.392331,128;306,
push,945,4601,1816,900.0,400.00000000000006,1300.0,2.416051;2.392331,43;306,
prune,945,0,1816,900.0,,,2.416051;2.392331,207;306,obstacle:1
prune,945,0,1816,900.0,,,2.392331;2.381437,128;299,obstacle:2
prune,945,0,1816,900.0,,,2.416051;2.381437,43;299,obstacle:2
prune,945,0,1816,900.0,,,2.416051;2.381437,207;299,obstacle:1
push,945,4602,1816,900.0,300.00000000000006,1200.0,2.392331;2.345244,128;385,
push,945,4603,1816,900.0,300.00000000000006,1200.0,2.416051;2.345244,43;385,
prune,945,0,1816,900.0,,,2.416051;2.345244,207;385,obstacle:1
pop,946,1808,781,800.0,,,2.250991;2.250991,38;384,
push,946,4604,1808,900.0,400.00000000000006,1300.0,2.345244;2.392331,44;306,
push,946,4605,1808,900.0,400.00000000000006,1300.0,2.392331;2.392331,129;306,
prune,946,0,1808,900.0,,,2.345244;2.381437,44;299,obstacle:2
prune,946,0,1808,900.0,,,2.392331;2.381437,129;299,obstacle:2
push,946,4606,1808,900.0,300.00000000000006,1200.0,2.345244;2.345244,44;385,
push,946,4607,1808,900.0,300.00000000000006,1200.0,2.392331;2.345244,129;385,
pop,947,1809,781,800.0,,,2.291759;2.250991,123;384,
prune,947,0,1809,900.0,,,2.416051;2.392331,207;306,obstacle:1
push,947,4608,1809,900.0,400.00000000000006,1300.0,2.392331;2.392331,128;306,
prune,947,0,1809,900.0,,,2.416051;2.392331,202;306,obstacle:1
prune,947,0,1809,900.0,,,2.416051;2.381437,207;299,obstacle:1
prune,947,0,1809,900.0,,,2.392331;2.381437,128;299,obstacle:2
prune,947,0,1809,900.0,,,2.416051;2.381437,202;299,obstacle:1
prune,947,0,1809,900.0,,,2.416051;2.345244,207;385,obstacle:1
push,947,4609,1809,900.0,300.00000000000006,1200.0,2.392331;2.345244,128;385,
prune,947,0,1809,900.0,,,2.416051;2.345244,202;385,obstacle:1
pop,948,1803,775,800.0,,,2.279351;2.250991,129;384,
push,948,4610,1803,900.0,400.00000000000006,1300.0,2.411382;2.392331,213;306,
push,948,4611,1803,900.0,400.00000000000006,1300.0,0.903241;2.392331,134;306,
prune,948,0,1803,900.0,,,2.394762;2.392331,208;306,obstacle:1
prune,948,0,1803,900.0,,,2.411382;2.381437,213;299,obstacle:2
prune,948,0,1803,900.0,,,0.903241;2.381437,134;299,obstacle:2
prune,948,0,1803,900.0,,,2.394762;2.381437,208;299,obstacle:1
push,948,4612,1803,900.0,300.00000000000006,1200.0,2.411382;2.345244,213;385,
push,948,4613,1803,900.0,300.00000000000006,1200.0,0.903241;2.345244,134;385,
prune,948,0,1803,900.0,,,2.394762;2.345244,208;385,obstacle:1
pop,949,1794,765,800.0,,,2.262591;2.250991,345;384,
push,949,4614,1794,900.0,400.00000000000006,1300.0,2.358059;2.392331,429;306,
push,949,4615,1794,900.0,400.00000000000006,1300.0,2.391248;2.392331,434;306,
push,949,4616,1794,900.0,400.00000000000006,1300.0,2.399601;2.392331,340;306,
prune,949,0,1794,900.0,,,2.358059;2.381437,429;299,obstacle:2
prune,949,0,1794,900.0,,,2.391248;2.381437,434;299,obstacle:2
prune,949,0,1794,900.0,,,2.399601;2.381437,340;299,obstacle:2
push,949,4617,1794,900.0,300.00000000000006,1200.0,2.358059;2.345244,429;385,
push,949,4618,1794,900.0,300.00000000000006,1200.0,2.391248;2.345244,434;385,
push,949,4619,1794,900.0,300.00000000000006,1200.0,2.399601;2.345244,340;385,
pop,950,1795,765,800.0,,,2.287749;2.250991,350;384,
push,950,4620,1795,900.0,400.00000000000006,1300.0,2.40201;2.392331,440;306,
prune,950,0,1795,900.0,,,2.420764;2.392331,355;306,obstacle:1
push,950,4621,1795,900.0,400.00000000000006,1300.0,2.391248;2.392331,435;306,
prune,950,0,1795,900.0,,,2.40201;2.381437,440;299,obstacle:2
prune,950,0,1795,900.0,,,2.420764;2.381437,355;299,obstacle:1
prune,950,0,1795,900.0,,,2.391248;2.381437,435;299,obstacle:2
push,950,4622,1795,900.0,300.00000000000006,1200.0,2.40201;2.345244,440;385,
prune,950,0,1795,900.0,,,2.420764;2.345244,355;385,obstacle:1
push,950,4623,1795,900.0,300.00000000000006,1200.0,2.391248;2.345244,435;385,
pop,951,1802,775,800.0,,,2.224551;2.250991,44;384,
push,951,4624,1802,900.0,400.00000000000006,1300.0,2.198211;2.392331,50;306,
push,951,4625,1802,900.0,400.00000000000006,1300.0,0.903241;2.392331,135;306,
prune,951,0,1802,900.0,,,2.198211;2.381437,50;299,obstacle:2
prune,951,0,1802,900.0,,,0.903241;2.381437,135;299,obstacle:2
push,951,4626,1802,900.0,300.00000000000006,1200.0,2.198211;2.345244,50;385,
push,951,4627,1802,900.0,300.00000000000006,1200.0,0.903241;2.345244,135;385,
pop,952,1796,765,800.0,,,2.297278;2.250991,262;384,
push,952,4628,1796,900.0,400.00000000000006,1300.0,2.418411;2.392331,257;306,
push,952,4629,1796,900.0,400.00000000000006,1300.0,2.399601;2.392331,339;306,
push,952,4630,1796,900.0,400.00000000000006,1300.0,2.420764;2.392331,174;306,
prune,952,0,1796,900.0,,,2.418411;2.381437,257;299,obstacle:2
prune,952,0,1796,900.0,,,2.399601;2.381437,339;299,obstacle:2
prune,952,0,1796,900.0,,,2.420764;2.381437,174;299,obstacle:2
push,952,4631,1796,900.0,300.00000000000006,1200.0,2.418411;2.345244,257;385,
push,952,4632,1796,900.0,300.00000000000006,1200.0,2.399601;2.345244,339;385,
push,952,4633,1796,900.0,300.00000000000006,1200.0,2.420764;2.345244,174;385,
pop,953,1787,791,800.0,,,2.291759;2.250991,122;384,
push,953,4634,1787,900.0,400.00000000000006,1300.0,2.392331;2.392331,128;306,
push,953,4635,1787,900.0,400.00000000000006,1300.0,2.416051;2.392331,43;306,
prune,953,0,1787,900.0,,,2.416051;2.392331,207;306,obstacle:1
prune,953,0,1787,900.0,,,2.392331;2.381437,128;299,obstacle:2
prune,953,0,1787,900.0,,,2.416051;2.381437,43;299,obstacle:2
prune,953,0,1787,900.0,,,2.416051;2.381437,207;299,obstacle:1
push,953,4636,1787,900.0,300.00000000000006,1200.0,2.392331;2.345244,128;385,
push,953,4637,1787,900.0,300.00000000000006,1200.0,2.416051;2.345244,43;385,
prune,953,0,1787,900.0,,,2.416051;2.345244,207;385,obstacle:1
pop,954,1788,791,800.0,,,2.30669;2.250991,37;384,
push,954,4638,1788,900.0,400.00000000000006,1300.0,2.416051;2.392331,38;306,
prune,954,0,1788,900.0,,,2.416051;2.381437,38;299,obstacle:2
push,954,4639,1788,900.0,300.00000000000006,1200.0,2.416051;2.345244,38;385,
pop,955,1778,797,800.0,,,2.279351;2.250991,128;384,
push,955,4640,1778,900.0,400.00000000000006,1300.0,0.903241;2.392331,134;306,
push,955,4641,1778,900.0,400.00000000000006,1300.0,2.394762;2.392331,49;306,
push,955,4642,1778,900.0,400.00000000000006,1300.0,2.411382;2.392331,213;306,
prune,955,0,1778,900.0,,,0.903241;2.381437,134;299,obstacle:2
prune,955,0,1778,900.0,,,2.394762;2.381437,49;299,obstacle:2
prune,955,0,1778,900.0,,,2.411382;2.381437,213;299,obstacle:2
push,955,4643,1778,900.0,300.00000000000006,1200.0,0.903241;2.345244,134;385,
push,955,4644,1778,900.0,300.00000000000006,1200.0,2.394762;2.345244,49;385,
push,955,4645,1778,900.0,300.00000000000006,1200.0,2.411382;2.345244,213;385,
pop,956,1779,797,800.0,,,2.28216;2.250991,43;384,
push,956,4646,1779,900.0,400.00000000000006,1300.0,2.394762;2.392331,44;306,
prune,956,0,1779,900.0,,,2.394762;2.381437,44;299,obstacle:2
push,956,4647,1779,900.0,300.00000000000006,1200.0,2.394762;2.345244,44;385,
pop,957,1783,794,800.0,,,2.279351;2.250991,128;384,
push,957,4648,1783,900.0,400.00000000000006,1300.0,0.903241;2.392331,134;306,
push,957,4649,1783,900.0,400.00000000000006,1300.0,2.394762;2.392331,49;306,
push,957,4650,1783,900.0,400.00000000000006,1300.0,2.411382;2.392331,213;306,
prune,957,0,1783,900.0,,,0.903241;2.381437,134;299,obstacle:2
prune,957,0,1783,900.0,,,2.394762;2.381437,49;299,obstacle:2
prune,957,0,1783,900.0,,,2.411382;2.381437,213;299,obstacle:2
push,957,4651,1783,900.0,300.00000000000006,1200.0,0.903241;2.345244,134;385,
push,957,4652,1783,900.0,300.00000000000006,1200.0,2.394762;2.345244,49;385,
push,957,4653,1783,900.0,300.00000000000006,1200.0,2.411382;2.345244,213;385,
pop,958,1772,793,800.0,,,2.224551;2.250991,44;384,
push,958,4654,1772,900.0,400.00000000000006,1300.0,2.198211;2.392331,50;306,
push,958,4655,1772,900.0,400.00000000000006,1300.0,0.903241;2.392331,135;306,
prune,958,0,1772,900.0,,,2.198211;2.381437,50;299,obstacle:2
prune,958,0,1772,900.0,,,0.903241;2.381437,135;299,obstacle:2
push,958,4656,1772,900.0,300.00000000000006,1200.0,2.198211;2.345244,50;385,
push,958,4657,1772,900.0,300.00000000000006,1200.0,0.903241;2.345244,135;385,
pop,959,1773,793,800.0,,,2.279351;2.250991,129;384,
push,959,4658,1773,900.0,400.00000000000006,1300.0,2.411382;2.392331,213;306,
push,959,4659,1773,900.0,400.00000000000006,1300.0,0.903241;2.392331,134;306,
prune,959,0,1773,900.0,,,2.394762;2.392331,208;306,obstacle:1
prune,959,0,1773,900.0,,,2.411382;2.381437,213;299,obstacle:2
prune,959,0,1773,900.0,,,0.903241;2.381437,134;299,obstacle:2
prune,959,0,1773,900.0,,,2.394762;2.381437,208;299,obstacle:1
push,959,4660,1773,900.0,300.00000000000006,1200.0,2.411382;2.345244,213;385,
push,959,4661,1773,900.0,300.00000000000006,1200.0,0.903241;2.345244,134;385,
prune,959,0,1773,900.0,,,2.394762;2.345244,208;385,obstacle:1
pop,960,1766,788,800.0,,,2.297278;2.250991,423;384,
push,960,4662,1766,900.0,400.00000000000006,1300.0,2.420764;2.392331,506;306,
prune,960,0,1766,900.0,,,2.420764;2.381437,506;299,obstacle:2
push,960,4663,1766,900.0,300.00000000000006,1200.0,2.420764;2.345244,506;385,
pop,961,1767,788,800.0,,,2.309401;2.250991,428;384,
push,961,4664,1767,900.0,400.00000000000006,1300.0,2.420764;2.392331,512;306,
push,961,4665,1767,900.0,400.00000000000006,1300.0,2.428817;2.392331,433;306,
push,961,4666,1767,900.0,400.00000000000006,1300.0,2.420764;2.392331,507;306,
prune,961,0,1767,900.0,,,2.420764;2.381437,512;299,obstacle:2
prune,961,0,1767,900.0,,,2.428817;2.381437,433;299,obstacle:2
prune,961,0,1767,900.0,,,2.420764;2.381437,507;299,obstacle:2
push,961,4667,1767,900.0,300.00000000000006,1200.0,2.420764;2.345244,512;385,
push,961,4668,1767,900.0,300.00000000000006,1200.0,2.428817;2.345244,433;385,
push,961,4669,1767,900.0,300.00000000000006,1200.0,2.420764;2.345244,507;385,
pop,962,1762,802,800.0,,,2.291759;2.250991,122;384,
push,962,4670,1762,900.0,400.00000000000006,1300.0,2.392331;2.392331,128;306,
push,962,4671,1762,900.0,400.00000000000006,1300.0,2.416051;2.392331,43;306,
prune,962,0,1762,900.0,,,2.416051;2.392331,207;306,obstacle:1
prune,962,0,1762,900.0,,,2.392331;2.381437,128;299,obstacle:2
prune,962,0,1762,900.0,,,2.416051;2.381437,43;299,obstacle:2
prune,962,0,1762,900.0,,,2.416051;2.381437,207;299,obstacle:1
push,962,4672,1762,900.0,300.00000000000006,1200.0,2.392331;2.345244,128;385,
push,962,4673,1762,900.0,300.00000000000006,1200.0,2.416051;2.345244,43;385,
prune,962,0,1762,900.0,,,2.416051;2.345244,207;385,obstacle:1
pop,963,1757,801,800.0,,,2.250991;2.250991,38;384,
push,963,4674,1757,900.0,400.00000000000006,1300.0,2.345244;2.392331,44;306,
push,963,4675,1757,900.0,400.00000000000006,1300.0,2.392331;2.392331,129;306,
prune,963,0,1757,900.0,,,2.345244;2.381437,44;299,obstacle:2
prune,963,0,1757,900.0,,,2.392331;2.381437,129;299,obstacle:2
push,963,4676,1757,900.0,300.00000000000006,1200.0,2.345244;2.345244,44;385,
push,963,4677,1757,900.0,300.00000000000006,1200.0,2.392331;2.345244,129;385,
pop,964,1758,801,800.0,,,2.291759;2.250991,123;384,
prune,964,0,1758,900.0,,,2.416051;2.392331,207;306,obstacle:1
push,964,4678,1758,900.0,400.00000000000006,1300.0,2.392331;2.392331,128;306,
prune,964,0,1758,900.0,,,2.416051;2.392331,202;306,obstacle:1
prune,964,0,1758,900.0,,,2.416051;2.381437,207;299,obstacle:1
prune,964,0,1758,900.0,,,2.392331;2.381437,128;299,obstacle:2
prune,964,0,1758,900.0,,,2.416051;2.381437,202;299,obstacle:1
prune,964,0,1758,900.0,,,2.416051;2.345244,207;385,obstacle:1
push,964,4679,1758,900.0,300.00000000000006,1200.0,2.392331;2.345244,128;385,
prune,964,0,1758,900.0,,,2.416051;2.345244,202;385,obstacle:1
pop,965,1752,806,800.0,,,2.297278;2.250991,261;384,
push,965,4680,1752,900.0,400.00000000000006,1300.0,2.399601;2.392331,339;306,
push,965,4681,1752,900.0,400.00000000000006,1300.0,2.420764;2.392331,344;306,
push,965,4682,1752,900.0,400.00000000000006,1300.0,2.418411;2.392331,257;306,
prune,965,0,1752,900.0,,,2.399601;2.381437,339;299,obstacle:2
prune,965,0,1752,900.0,,,2.420764;2.381437,344;299,obstacle:2
prune,965,0,1752,900.0,,,2.418411;2.381437,257;299,obstacle:2
push,965,4683,1752,900.0,300.00000000000006,1200.0,2.399601;2.345244,339;385,
push,965,4684,1752,900.0,300.00000000000006,1200.0,2.420764;2.345244,344;385,
push,965,4685,1752,900.0,300.00000000000006,1200.0,2.418411;2.345244,257;385,
pop,966,1751,806,800.0,,,2.309401;2.250991,266;384,
push,966,4686,1751,900.0,400.00000000000006,1300.0,2.420764;2.392331,350;306,
prune,966,0,1751,900.0,,,2.428817;2.392331,271;306,obstacle:1
push,966,4687,1751,900.0,400.00000000000006,1300.0,2.420764;2.392331,345;306,
prune,966,0,1751,900.0,,,2.420764;2.381437,350;299,obstacle:2
prune,966,0,1751,900.0,,,2.428817;2.381437,271;299,obstacle:1
prune,966,0,1751,900.0,,,2.420764;2.381437,345;299,obstacle:2
push,966,4688,1751,900.0,300.00000000000006,1200.0,2.420764;2.345244,350;385,
prune,966,0,1751,900.0,,,2.428817;2.345244,271;385,obstacle:1
push,966,4689,1751,900.0,300.00000000000006,1200.0,2.420764;2.345244,345;385,
pop,967,1745,805,800.0,,,2.259707;2.250991,256;384,
push,967,4690,1745,900.0,400.00000000000006,1300.0,2.399601;2.392331,338;306,
prune,967,0,1745,900.0,,,2.399601;2.381437,338;299,obstacle:2
push,967,4691,1745,900.0,300.00000000000006,1200.0,2.399601;2.345244,338;385,
pop,968,1746,805,800.0,,,2.297278;2.250991,260;384,
push,968,4692,1746,900.0,400.00000000000006,1300.0,2.420764;2.392331,344;306,
push,968,4693,1746,900.0,400.00000000000006,1300.0,2.418411;2.392331,265;306,
push,968,4694,1746,900.0,400.00000000000006,1300.0,2.399601;2.392331,339;306,
prune,968,0,1746,900.0,,,2.420764;2.381437,344;299,obstacle:2
prune,968,0,1746,900.0,,,2.418411;2.381437,265;299,obstacle:2
prune,968,0,1746,900.0,,,2.399601;2.381437,339;299,obstacle:2
push,968,4695,1746,900.0,300.00000000000006,1200.0,2.420764;2.345244,344;385,
push,968,4696,1746,900.0,300.00000000000006,1200.0,2.418411;2.345244,265;385,
push,968,4697,1746,900.0,300.00000000000006,1200.0,2.399601;2.345244,339;385,
pop,969,1737,799,800.0,,,2.297278;2.250991,260;384,
push,969,4698,1737,900.0,400.00000000000006,1300.0,2.399601;2.392331,344;306,
push,969,4699,1737,900.0,400.00000000000006,1300.0,2.420764;2.392331,339;306,
prune,969,0,1737,900.0,,,2.399601;2.381437,344;299,obstacle:2
prune,969,0,1737,900.0,,,2.420764;2.381437,339;299,obstacle:2
push,969,4700,1737,900.0,300.00000000000006,1200.0,2.399601;2.345244,344;385,
push,969,4701,1737,900.0,300.00000000000006,1200.0,2.420764;2.345244,339;385,
pop,970,1739,799,800.0,,,2.309401;2.250991,256;384,
push,970,4702,1739,900.0,400.00000000000006,1300.0,2.420764;2.392331,338;306,
prune,970,0,1739,900.0,,,2.420764;2.381437,338;299,obstacle:2
push,970,4703,1739,900.0,300.00000000000006,1200.0,2.420764;2.345244,338;385,
pop,971,1738,799,800.0,,,2.30669;2.250991,176;384,
push,971,4704,1738,900.0,400.00000000000006,1300.0,2.416051;2.392331,182;306,
push,971,4705,1738,900.0,400.00000000000006,1300.0,2.428817;2.392331,103;306,
push,971,4706,1738,900.0,400.00000000000006,1300.0,2.418411;2.392331,266;306,
prune,971,0,1738,900.0,,,2.416051;2.381437,182;299,obstacle:2
prune,971,0,1738,900.0,,,2.428817;2.381437,103;299,obstacle:2
prune,971,0,1738,900.0,,,2.418411;2.381437,266;299,obstacle:2
push,971,4707,1738,900.0,300.00000000000006,1200.0,2.416051;2.345244,182;385,
push,971,4708,1738,900.0,300.00000000000006,1200.0,2.428817;2.345244,103;385,
push,971,4709,1738,900.0,300.00000000000006,1200.0,2.418411;2.345244,266;385,
pop,972,1730,787,800.0,,,2.309401;2.250991,429;384,
push,972,4710,1730,900.0,400.00000000000006,1300.0,2.420764;2.392331,507;306,
push,972,4711,1730,900.0,400.00000000000006,1300.0,2.420764;2.392331,512;306,
push,972,4712,1730,900.0,400.00000000000006,1300.0,2.428817;2.392331,424;306,
prune,972,0,1730,900.0,,,2.420764;2.381437,507;299,obstacle:2
prune,972,0,1730,900.0,,,2.420764;2.381437,512;299,obstacle:2
prune,972,0,1730,900.0,,,2.428817;2.381437,424;299,obstacle:2
push,972,4713,1730,900.0,300.00000000000006,1200.0,2.420764;2.345244,507;385,
push,972,4714,1730,900.0,300.00000000000006,1200.0,2.420764;2.345244,512;385,
push,972,4715,1730,900.0,300.00000000000006,1200.0,2.428817;2.345244,424;385,
pop,973,1728,787,800.0,,,2.297278;2.250991,434;384,
push,973,4716,1728,900.0,400.00000000000006,1300.0,2.399601;2.392331,518;306,
push,973,4717,1728,900.0,400.00000000000006,1300.0,2.418411;2.392331,439;306,
push,973,4718,1728,900.0,400.00000000000006,1300.0,2.420764;2.392331,513;306,
prune,973,0,1728,900.0,,,2.399601;2.381437,518;299,obstacle:2
prune,973,0,1728,900.0,,,2.418411;2.381437,439;299,obstacle:2
prune,973,0,1728,900.0,,,2.420764;2.381437,513;299,obstacle:2
push,973,4719,1728,900.0,300.00000000000006,1200.0,2.399601;2.345244,518;385,
push,973,4720,1728,900.0,300.00000000000006,1200.0,2.418411;2.345244,439;385,
push,973,4721,1728,900.0,300.00000000000006,1200.0,2.420764;2.345244,513;385,
pop,974,1729,787,800.0,,,2.30669;2.250991,349;384,
prune,974,0,1729,900.0,,,2.416051;2.392331,355;306,obstacle:1
prune,974,0,1729,900.0,,,2.428817;2.392331,276;306,obstacle:1
push,974,4722,1729,900.0,400.00000000000006,1300.0,2.418411;2.392331,440;306,
prune,974,0,1729,900.0,,,2.416051;2.381437,355;299,obstacle:1
prune,974,0,1729,900.0,,,2.428817;2.381437,276;299,obstacle:1
prune,974,0,1729,900.0,,,2.418411;2.381437,440;299,obstacle:2
prune,974,0,1729,900.0,,,2.416051;2.345244,355;385,obstacle:1
prune,974,0,1729,900.0,,,2.428817;2.345244,276;385,obstacle:1
push,974,4723,1729,900.0,300.00000000000006,1200.0,2.418411;2.345244,440;385,
pop,975,1721,763,800.0,,,2.291759;2.250991,122;384,
push,975,4724,1721,900.0,400.00000000000006,1300.0,2.392331;2.392331,128;306,
push,975,4725,1721,900.0,400.00000000000006,1300.0,2.416051;2.392331,43;306,
prune,975,0,1721,900.0,,,2.416051;2.392331,207;306,obstacle:1
prune,975,0,1721,900.0,,,2.392331;2.381437,128;299,obstacle:2
prune,975,0,1721,900.0,,,2.416051;2.381437,43;299,obstacle:2
prune,975,0,1721,900.0,,,2.416051;2.381437,207;299,obstacle:1
push,975,4726,1721,900.0,300.00000000000006,1200.0,2.392331;2.345244,128;385,
push,975,4727,1721,900.0,300.00000000000006,1200.0,2.416051;2.345244,43;385,
prune,975,0,1721,900.0,,,2.416051;2.345244,207;385,obstacle:1
pop,976,1722,763,800.0,,,2.30669;2.250991,37;384,
push,976,4728,1722,900.0,400.00000000000006,1300.0,2.416051;2.392331,38;306,
prune,976,0,1722,900.0,,,2.416051;2.381437,38;299,obstacle:2
push,976,4729,1722,900.0,300.00000000000006,1200.0,2.416051;2.345244,38;385,
pop,977,1716,718,800.0,,,2.297278;2.250991,261;384,
push,977,4730,1716,900.0,400.00000000000006,1300.0,2.399601;2.392331,339;306,
push,977,4731,1716,900.0,400.00000000000006,1300.0,2.420764;2.392331,344;306,
push,977,4732,1716,900.0,400.00000000000006,1300.0,2.418411;2.392331,257;306,
prune,977,0,1716,900.0,,,2.399601;2.381437,339;299,obstacle:2
prune,977,0,1716,900.0,,,2.420764;2.381437,344;299,obstacle:2
prune,977,0,1716,900.0,,,2.418411;2.381437,257;299,obstacle:2
push,977,4733,1716,900.0,300.00000000000006,1200.0,2.399601;2.345244,339;385,
push,977,4734,1716,900.0,300.00000000000006,1200.0,2.420764;2.345244,344;385,
push,977,4735,1716,900.0,300.00000000000006,1200.0,2.418411;2.345244,257;385,
pop,978,1698,817,800.0,,,2.309401;2.250991,428;384,
push,978,4736,1698,900.0,400.00000000000006,1300.0,2.420764;2.392331,512;306,
push,978,4737,1698,900.0,400.00000000000006,1300.0,2.428817;2.392331,433;306,
push,978,4738,1698,900.0,400.00000000000006,1300.0,2.420764;2.392331,507;306,
prune,978,0,1698,900.0,,,2.420764;2.381437,512;299,obstacle:2
prune,978,0,1698,900.0,,,2.428817;2.381437,433;299,obstacle:2
prune,978,0,1698,900.0,,,2.420764;2.381437,507;299,obstacle:2
push,978,4739,1698,900.0,300.00000000000006,1200.0,2.420764;2.345244,512;385,
push,978,4740,1698,900.0,300.00000000000006,1200.0,2.428817;2.345244,433;385,
push,978,4741,1698,900.0,300.00000000000006,1200.0,2.420764;2.345244,507;385,
pop,979,1715,718,800.0,,,2.309401;2.250991,266;384,
push,979,4742,1715,900.0,400.00000000000006,1300.0,2.420764;2.392331,350;306,
prune,979,0,1715,900.0,,,2.428817;2.392331,271;306,obstacle:1
push,979,4743,1715,900.0,400.00000000000006,1300.0,2.420764;2.392331,345;306,
prune,979,0,1715,900.0,,,2.420764;2.381437,350;299,obstacle:2
prune,979,0,1715,900.0,,,2.428817;2.381437,271;299,obstacle:1
prune,979,0,1715,900.0,,,2.420764;2.381437,345;299,obstacle:2
push,979,4744,1715,900.0,300.00000000000006,1200.0,2.420764;2.345244,350;385,
prune,979,0,1715,900.0,,,2.428817;2.345244,271;385,obstacle:1
push,979,4745,1715,900.0,300.00000000000006,1200.0,2.420764;2.345244,345;385,
pop,980,1711,820,800.0,,,2.279351;2.250991,128;384,
push,980,4746,1711,900.0,400.00000000000006,1300.0,0.903241;2.392331,134;306,
push,980,4747,1711,900.0,400.00000000000006,1300.0,2.394762;2.392331,49;306,
push,980,4748,1711,900.0,400.00000000000006,1300.0,2.411382;2.392331,213;306,
prune,980,0,1711,900.0,,,0.903241;2.381437,134;299,obstacle:2
prune,980,0,1711,900.0,,,2.394762;2.381437,49;299,obstacle:2
prune,980,0,1711,900.0,,,2.411382;2.381437,213;299,obstacle:2
push,980,4749,1711,900.0,300.00000000000006,1200.0,0.903241;2.345244,134;385,
push,980,4750,1711,900.0,300.00000000000006,1200.0,2.394762;2.345244,49;385,
push,980,4751,1711,900.0,300.00000000000006,1200.0,2.411382;2.345244,213;385,
pop,981,1706,819,800.0,,,2.224551;2.250991,44;384,
push,981,4752,1706,900.0,400.00000000000006,1300.0,2.198211;2.392331,50;306,
push,981,4753,1706,900.0,400.00000000000006,1300.0,0.903241;2.392331,135;306,
prune,981,0,1706,900.0,,,2.198211;2.381437,50;299,obstacle:2
prune,981,0,1706,900.0,,,0.903241;2.381437,135;299,obstacle:2
push,981,4754,1706,900.0,300.00000000000006,1200.0,2.198211;2.345244,50;385,
push,981,4755,1706,900.0,300.00000000000006,1200.0,0.903241;2.345244,135;385,
pop,982,1707,819,800.0,,,2.279351;2.250991,129;384,
push,982,4756,1707,900.0,400.00000000000006,1300.0,2.411382;2.392331,213;306,
push,982,4757,1707,900.0,400.00000000000006,1300.0,0.903241;2.392331,134;306,
prune,982,0,1707,900.0,,,2.394762;2.392331,208;306,obstacle:1
prune,982,0,1707,900.0,,,2.411382;2.381437,213;299,obstacle:2
prune,982,0,1707,900.0,,,0.903241;2.381437,134;299,obstacle:2
prune,982,0,1707,900.0,,,2.394762;2.381437,208;299,obstacle:1
push,982,4758,1707,900.0,300.00000000000006,1200.0,2.411382;2.345244,213;385,
push,982,4759,1707,900.0,300.00000000000006,1200.0,0.903241;2.345244,134;385,
prune,982,0,1707,900.0,,,2.394762;2.345244,208;385,obstacle:1
pop,983,1699,817,800.0,,,2.30669;2.250991,343;384,
push,983,4760,1699,900.0,400.00000000000006,1300.0,2.416051;2.392331,349;306,
push,983,4761,1699,900.0,400.00000000000006,1300.0,2.418411;2.392331,270;306,
push,983,4762,1699,900.0,400.00000000000006,1300.0,2.428817;2.392331,434;306,
prune,983,0,1699,900.0,,,2.416051;2.381437,349;299,obstacle:2
prune,983,0,1699,900.0,,,2.418411;2.381437,270;299,obstacle:2
prune,983,0,1699,900.0,,,2.428817;2.381437,434;299,obstacle:2
push,983,4763,1699,900.0,300.00000000000006,1200.0,2.416051;2.345244,349;385,
push,983,4764,1699,900.0,300.00000000000006,1200.0,2.418411;2.345244,270;385,
push,983,4765,1699,900.0,300.00000000000006,1200.0,2.428817;2.345244,434;385,
pop,984,1700,817,800.0,,,2.297278;2.250991,423;384,
push,984,4766,1700,900.0,400.00000000000006,1300.0,2.420764;2.392331,506;306,
prune,984,0,1700,900.0,,,2.420764;2.381437,506;299,obstacle:2
push,984,4767,1700,900.0,300.00000000000006,1200.0,2.420764;2.345244,506;385,
pop,985,1688,825,800.0,,,2.224551;2.250991,44;384,
push,985,4768,1688,900.0,400.00000000000006,1300.0,2.198211;2.392331,50;306,
push,985,4769,1688,900.0,400.00000000000006,1300.0,0.903241;2.392331,135;306,
prune,985,0,1688,900.0,,,2.198211;2.381437,50;299,obstacle:2
prune,985,0,1688,900.0,,,0.903241;2.381437,135;299,obstacle:2
push,985,4770,1688,900.0,300.00000000000006,1200.0,2.198211;2.345244,50;385,
push,985,4771,1688,900.0,300.00000000000006,1200.0,0.903241;2.345244,135;385,
pop,986,1693,826,800.0,,,2.279351;2.250991,128;384,
push,986,4772,1693,900.0,400.00000000000006,1300.0,0.903241;2.392331,134;306,
push,986,4773,1693,900.0,400.00000000000006,1300.0,2.394762;2.392331,49;306,
push,986,4774,1693,900.0,400.00000000000006,1300.0,2.411382;2.392331,213;306,
prune,986,0,1693,900.0,,,0.903241;2.381437,134;299,obstacle:2
prune,986,0,1693,900.0,,,2.394762;2.381437,49;299,obstacle:2
prune,986,0,1693,900.0,,,2.411382;2.381437,213;299,obstacle:2
push,986,4775,1693,900.0,300.00000000000006,1200.0,0.903241;2.345244,134;385,
push,986,4776,1693,900.0,300.00000000000006,1200.0,2.394762;2.345244,49;385,
push,986,4777,1693,900.0,300.00000000000006,1200.0,2.411382;2.345244,213;385,
pop,987,1689,825,800.0,,,2.279351;2.250991,129;384,
push,987,4778,1689,900.0,400.00000000000006,1300.0,2.411382;2.392331,213;306,
push,987,4779,1689,900.0,400.00000000000006,1300.0,0.903241;2.392331,134;306,
prune,987,0,1689,900.0,,,2.394762;2.392331,208;306,obstacle:1
prune,987,0,1689,900.0,,,2.411382;2.381437,213;299,obstacle:2
prune,987,0,1689,900.0,,,0.903241;2.381437,134;299,obstacle:2
prune,987,0,1689,900.0,,,2.394762;2.381437,208;299,obstacle:1
push,987,4780,1689,900.0,300.00000000000006,1200.0,2.411382;2.345244,213;385,
push,987,4781,1689,900.0,300.00000000000006,1200.0,0.903241;2.345244,134;385,
prune,987,0,1689,900.0,,,2.394762;2.345244,208;385,obstacle:1
pop,988,1682,833,800.0,,,2.224551;2.250991,44;384,
push,988,4782,1682,900.0,400.00000000000006,1300.0,2.198211;2.392331,50;306,
push,988,4783,1682,900.0,400.00000000000006,1300.0,0.903241;2.392331,135;306,
prune,988,0,1682,900.0,,,2.198211;2.381437,50;299,obstacle:2
prune,988,0,1682,900.0,,,0.903241;2.381437,135;299,obstacle:2
push,988,4784,1682,900.0,300.00000000000006,1200.0,2.198211;2.345244,50;385,
push,988,4785,1682,900.0,300.00000000000006,1200.0,0.903241;2.345244,135;385,
pop,989,1683,833,800.0,,,2.279351;2.250991,129;384,
push,989,4786,1683,900.0,400.00000000000006,1300.0,2.411382;2.392331,213;306,
push,989,4787,1683,900.0,400.00000000000006,1300.0,0.903241;2.392331,134;306,
prune,989,0,1683,900.0,,,2.394762;2.392331,208;306,obstacle:1
prune,989,0,1683,900.0,,,2.411382;2.381437,213;299,obstacle:2
prune,989,0,1683,900.0,,,0.903241;2.381437,134;299,obstacle:2
prune,989,0,1683,900.0,,,2.394762;2.381437,208;299,obstacle:1
push,989,4788,1683,900.0,300.00000000000006,1200.0,2.411382;2.345244,213;385,
push,989,4789,1683,900.0,300.00000000000006,1200.0,0.903241;2.345244,134;385,
prune,989,0,1683,900.0,,,2.394762;2.345244,208;385,obstacle:1
pop,990,1677,831,800.0,,,2.28216;2.250991,43;384,
push,990,4790,1677,900.0,400.00000000000006,1300.0,2.394762;2.392331,44;306,
prune,990,0,1677,900.0,,,2.394762;2.381437,44;299,obstacle:2
push,990,4791,1677,900.0,300.00000000000006,1200.0,2.394762;2.345244,44;385,
pop,991,1676,831,800.0,,,2.279351;2.250991,128;384,
push,991,4792,1676,900.0,400.00000000000006,1300.0,0.903241;2.392331,134;306,
push,991,4793,1676,900.0,400.00000000000006,1300.0,2.394762;2.392331,49;306,
push,991,4794,1676,900.0,400.00000000000006,1300.0,2.411382;2.392331,213;306,
prune,991,0,1676,900.0,,,0.903241;2.381437,134;299,obstacle:2
prune,991,0,1676,900.0,,,2.394762;2.381437,49;299,obstacle:2
prune,991,0,1676,900.0,,,2.411382;2.381437,213;299,obstacle:2
push,991,4795,1676,900.0,300.00000000000006,1200.0,0.903241;2.345244,134;385,
push,991,4796,1676,900.0,300.00000000000006,1200.0,2.394762;2.345244,49;385,
push,991,4797,1676,900.0,300.00000000000006,1200.0,2.411382;2.345244,213;385,
pop,992,1670,829,800.0,,,2.224551;2.250991,44;384,
push,992,4798,1670,900.0,400.00000000000006,1300.0,2.198211;2.392331,50;306,
push,992,4799,1670,900.0,400.00000000000006,1300.0,0.903241;2.392331,135;306,
prune,992,0,1670,900.0,,,2.198211;2.381437,50;299,obstacle:2
prune,992,0,1670,900.0,,,0.903241;2.381437,135;299,obstacle:2
push,992,4800,1670,900.0,300.00000000000006,1200.0,2.198211;2.345244,50;385,
push,992,4801,1670,900.0,300.00000000000006,1200.0,0.903241;2.345244,135;385,
pop,993,1671,829,800.0,,,2.279351;2.250991,129;384,
push,993,4802,1671,900.0,400.00000000000006,1300.0,2.411382;2.392331,213;306,
push,993,4803,1671,900.0,400.00000000000006,1300.0,0.903241;2.392331,134;306,
prune,993,0,1671,900.0,,,2.394762;2.392331,208;306,obstacle:1
prune,993,0,1671,900.0,,,2.411382;2.381437,213;299,obstacle:2
prune,993,0,1671,900.0,,,0.903241;2.381437,134;299,obstacle:2
prune,993,0,1671,900.0,,,2.394762;2.381437,208;299,obstacle:1
push,993,4804,1671,900.0,300.00000000000006,1200.0,2.411382;2.345244,213;385,
push,993,4805,1671,900.0,300.00000000000006,1200.0,0.903241;2.345244,134;385,
prune,993,0,1671,900.0,,,2.394762;2.345244,208;385,obstacle:1
pop,994,1658,815,800.0,,,2.279351;2.250991,128;384,
push,994,4806,1658,900.0,400.00000000000006,1300.0,0.903241;2.392331,134;306,
push,994,4807,1658,900.0,400.00000000000006,1300.0,2.394762;2.392331,49;306,
push,994,4808,1658,900.0,400.00000000000006,1300.0,2.411382;2.392331,213;306,
prune,994,0,1658,900.0,,,0.903241;2.381437,134;299,obstacle:2
prune,994,0,1658,900.0,,,2.394762;2.381437,49;299,obstacle:2
prune,994,0,1658,900.0,,,2.411382;2.381437,213;299,obstacle:2
push,994,4809,1658,900.0,300.00000000000006,1200.0,0.903241;2.345244,134;385,
push,994,4810,1658,900.0,300.00000000000006,1200.0,2.394762;2.345244,49;385,
push,994,4811,1658,900.0,300.00000000000006,1200.0,2.411382;2.345244,213;385,
pop,995,1659,815,800.0,,,2.28216;2.250991,43;384,
push,995,4812,1659,900.0,400.00000000000006,1300.0,2.394762;2.392331,44;306,
prune,995,0,1659,900.0,,,2.394762;2.381437,44;299,obstacle:2
push,995,4813,1659,900.0,300.00000000000006,1200.0,2.394762;2.345244,44;385,
pop,996,1665,823,800.0,,,2.28216;2.250991,43;384,
push,996,4814,1665,900.0,400.00000000000006,1300.0,2.394762;2.392331,44;306,
prune,996,0,1665,900.0,,,2.394762;2.381437,44;299,obstacle:2
push,996,4815,1665,900.0,300.00000000000006,1200.0,2.394762;2.345244,44;385,
pop,997,1664,823,800.0,,,2.279351;2.250991,128;384,
push,997,4816,1664,900.0,400.00000000000006,1300.0,0.903241;2.392331,134;306,
push,997,4817,1664,900.0,400.00000000000006,1300.0,2.394762;2.392331,49;306,
push,997,4818,1664,900.0,400.00000000000006,1300.0,2.411382;2.392331,213;306,
prune,997,0,1664,900.0,,,0.903241;2.381437,134;299,obstacle:2
prune,997,0,1664,900.0,,,2.394762;2.381437,49;299,obstacle:2
prune,997,0,1664,900.0,,,2.411382;2.381437,213;299,obstacle:2
push,997,4819,1664,900.0,300.00000000000006,1200.0,0.903241;2.345244,134;385,
push,997,4820,1664,900.0,300.00000000000006,1200.0,2.394762;2.345244,49;385,
push,997,4821,1664,900.0,300.00000000000006,1200.0,2.411382;2.345244,213;385,
pop,998,1653,839,800.0,,,2.279351;2.250991,129;384,
push,998,4822,1653,900.0,400.00000000000006,1300.0,2.411382;2.392331,213;306,
push,998,4823,1653,900.0,400.00000000000006,1300.0,0.903241;2.392331,134;306,
prune,998,0,1653,900.0,,,2.394762;2.392331,208;306,obstacle:1
prune,998,0,1653,900.0,,,2.411382;2.381437,213;299,obstacle:2
prune,998,0,1653,900.0,,,0.903241;2.381437,134;299,obstacle:2
prune,998,0,1653,900.0,,,2.394762;2.381437,208;299,obstacle:1
push,998,4824,1653,900.0,300.00000000000006,1200.0,2.411382;2.345244,213;385,
push,998,4825,1653,900.0,300.00000000000006,1200.0,0.903241;2.345244,134;385,
prune,998,0,1653,900.0,,,2.394762;2.345244,208;385,obstacle:1
pop,999,1648,844,800.0,,,2.279351;2.250991,128;384,
push,999,4826,1648,900.0,400.00000000000006,1300.0,0.903241;2.392331,134;306,
push,999,4827,1648,900.0,400.00000000000006,1300.0,2.394762;2.392331,49;306,
push,999,4828,1648,900.0,400.00000000000006,1300.0,2.411382;2.392331,213;306,
prune,999,0,1648,900.0,,,0.903241;2.381437,134;299,obstacle:2
prune,999,0,1648,900.0,,,2.394762;2.381437,49;299,obstacle:2
prune,999,0,1648,900.0,,,2.411382;2.381437,213;299,obstacle:2
push,999,4829,1648,900.0,300.00000000000006,1200.0,0.903241;2.345244,134;385,
push,999,4830,1648,900.0,300.00000000000006,1200.0,2.394762;2.345244,49;385,
push,999,4831,1648,900.0,300.00000000000006,1200.0,2.411382;2.345244,213;385,
pop,1000,1652,839,800.0,,,2.224551;2.250991,44;384,
push,1000,4832,1652,900.0,400.00000000000006,1300.0,2.198211;2.392331,50;306,
push,1000,4833,1652,900.0,400.00000000000006,1300.0,0.903241;2.392331,135;306,
prune,1000,0,1652,900.0,,,2.198211;2.381437,50;299,obstacle:2
prune,1000,0,1652,900.0,,,0.903241;2.381437,135;299,obstacle:2
push,1000,4834,1652,900.0,300.00000000000006,1200.0,2.198211;2.345244,50;385,
push,1000,4835,1652,900.0,300.00000000000006,1200.0,0.903241;2.345244,135;385,
pop,1001,1643,843,800.0,,,2.224551;2.250991,44;384,
push,1001,4836,1643,900.0,400.00000000000006,1300.0,2.198211;2.392331,50;306,
push,1001,4837,1643,900.0,400.00000000000006,1300.0,0.903241;2.392331,135;306,
prune,1001,0,1643,900.0,,,2.198211;2.381437,50;299,obstacle:2
prune,1001,0,1643,900.0,,,0.903241;2.381437,135;299,obstacle:2
push,1001,4838,1643,900.0,300.00000000000006,1200.0,2.198211;2.345244,50;385,
push,1001,4839,1643,900.0,300.00000000000006,1200.0,0.903241;2.345244,135;385,
pop,1002,1644,843,800.0,,,2.279351;2.250991,129;384,
push,1002,4840,1644,900.0,400.00000000000006,1300.0,2.411382;2.392331,213;306,
push,1002,4841,1644,900.0,400.00000000000006,1300.0,0.903241;2.392331,134;306,
prune,1002,0,1644,900.0,,,2.394762;2.392331,208;306,obstacle:1
prune,1002,0,1644,900.0,,,2.411382;2.381437,213;299,obstacle:2
prune,1002,0,1644,900.0,,,0.903241;2.381437,134;299,obstacle:2
prune,1002,0,1644,900.0,,,2.394762;2.381437,208;299,obstacle:1
push,1002,4842,1644,900.0,300.00000000000006,1200.0,2.411382;2.345244,213;385,
push,1002,4843,1644,900.0,300.00000000000006,1200.0,0.903241;2.345244,134;385,
prune,1002,0,1644,900.0,,,2.394762;2.345244,208;385,obstacle:1
pop,1003,1639,840,800.0,,,2.279351;2.250991,128;384,
push,1003,4844,1639,900.0,400.00000000000006,1300.0,0.903241;2.392331,134;306,
push,1003,4845,1639,900.0,400.00000000000006,1300.0,2.394762;2.392331,49;306,
push,1003,4846,1639,900.0,400.00000000000006,1300.0,2.411382;2.392331,213;306,
prune,1003,0,1639,900.0,,,0.903241;2.381437,134;299,obstacle:2
prune,1003,0,1639,900.0,,,2.394762;2.381437,49;299,obstacle:2
prune,1003,0,1639,900.0,,,2.411382;2.381437,213;299,obstacle:2
push,1003,4847,1639,900.0,300.00000000000006,1200.0,0.903241;2.345244,134;385,
push,1003,4848,1639,900.0,300.00000000000006,1200.0,2.394762;2.345244,49;385,
push,1003,4849,1639,900.0,300.00000000000006,1200.0,2.411382;2.345244,213;385,
pop,1004,1617,853,800.0,,,0.887411;2.250991,134;384,
push,1004,4850,1617,900.0,400.00000000000006,1300.0,0.726929;2.392331,140;306,
push,1004,4851,1617,900.0,400.00000000000006,1300.0,1.124937;2.392331,55;306,
push,1004,4852,1617,900.0,400.00000000000006,1300.0,0.73931;1.263269,219;306,
prune,1004,0,1617,900.0,,,0.726929;2.381437,140;299,obstacle:2
prune,1004,0,1617,900.0,,,1.124937;2.381437,55;299,obstacle:2
prune,1004,0,1617,900.0,,,0.73931;2.381437,219;299,obstacle:2
push,1004,4853,1617,900.0,300.00000000000006,1200.0,0.726929;2.345244,140;385,
push,1004,4854,1617,900.0,300.00000000000006,1200.0,1.124937;2.345244,55;385,
push,1004,4855,1617,900.0,300.00000000000006,1200.0,0.73931;2.345244,219;385,
pop,1005,1636,836,800.0,,,2.224551;2.250991,44;384,
push,1005,4856,1636,900.0,400.00000000000006,1300.0,2.198211;2.392331,50;306,
push,1005,4857,1636,900.0,400.00000000000006,1300.0,0.903241;2.392331,135;306,
prune,1005,0,1636,900.0,,,2.198211;2.381437,50;299,obstacle:2
prune,1005,0,1636,900.0,,,0.903241;2.381437,135;299,obstacle:2
push,1005,4858,1636,900.0,300.00000000000006,1200.0,2.198211;2.345244,50;385,
push,1005,4859,1636,900.0,300.00000000000006,1200.0,0.903241;2.345244,135;385,
pop,1006,1633,850,800.0,,,2.279351;2.250991,128;384,
push,1006,4860,1633,900.0,400.00000000000006,1300.0,0.903241;2.392331,134;306,
push,1006,4861,1633,900.0,400.00000000000006,1300.0,2.394762;2.392331,49;306,
push,1006,4862,1633,900.0,400.00000000000006,1300.0,2.411382;2.392331,213;306,
prune,1006,0,1633,900.0,,,0.903241;2.381437,134;299,obstacle:2
prune,1006,0,1633,900.0,,,2.394762;2.381437,49;299,obstacle:2
prune,1006,0,1633,900.0,,,2.411382;2.381437,213;299,obstacle:2
push,1006,4863,1633,900.0,300.00000000000006,1200.0,0.903241;2.345244,134;385,
push,1006,4864,1633,900.0,300.00000000000006,1200.0,2.394762;2.345244,49;385,
push,1006,4865,1633,900.0,300.00000000000006,1200.0,2.411382;2.345244,213;385,
pop,1007,1628,849,800.0,,,2.224551;2.250991,44;384,
push,1007,4866,1628,900.0,400.00000000000006,1300.0,2.198211;2.392331,50;306,
push,1007,4867,1628,900.0,400.00000000000006,1300.0,0.903241;2.392331,135;306,
prune,1007,0,1628,900.0,,,2.198211;2.381437,50;299,obstacle:2
prune,1007,0,1628,900.0,,,0.903241;2.381437,135;299,obstacle:2
push,1007,4868,1628,900.0,300.00000000000006,1200.0,2.198211;2.345244,50;385,
push,1007,4869,1628,900.0,300.00000000000006,1200.0,0.903241;2.345244,135;385,
pop,1008,1629,849,800.0,,,2.279351;2.250991,129;384,
push,1008,4870,1629,900.0,400.00000000000006,1300.0,2.411382;2.392331,213;306,
push,1008,4871,1629,900.0,400.00000000000006,1300.0,0.903241;2.392331,134;306,
prune,1008,0,1629,900.0,,,2.394762;2.392331,208;306,obstacle:1
prune,1008,0,1629,900.0,,,2.411382;2.381437,213;299,obstacle:2
prune,1008,0,1629,900.0,,,0.903241;2.381437,134;299,obstacle:2
prune,1008,0,1629,900.0,,,2.394762;2.381437,208;299,obstacle:1
push,1008,4872,1629,900.0,300.00000000000006,1200.0,2.411382;2.345244,213;385,
push,1008,4873,1629,900.0,300.00000000000006,1200.0,0.903241;2.345244,134;385,
prune,1008,0,1629,900.0,,,2.394762;2.345244,208;385,obstacle:1
pop,1009,1618,853,800.0,,,2.224551;2.250991,49;384,
push,1009,4874,1618,900.0,400.00000000000006,1300.0,2.198211;2.392331,50;306,
prune,1009,0,1618,900.0,,,2.198211;2.381437,50;299,obstacle:2
push,1009,4875,1618,900.0,300.00000000000006,1200.0,2.198211;2.345244,50;385,
pop,1010,1619,853,800.0,,,2.24714;2.250991,213;384,
push,1010,4876,1619,900.0,400.00000000000006,1300.0,2.388627;2.392331,302;306,
push,1010,4877,1619,900.0,400.00000000000006,1300.0,0.902229;1.459517,218;306,
prune,1010,0,1619,900.0,,,2.377737;2.392331,297;306,obstacle:1
prune,1010,0,1619,900.0,,,2.388627;2.381437,302;299,obstacle:2
prune,1010,0,1619,900.0,,,0.902229;2.381437,218;299,obstacle:2
prune,1010,0,1619,900.0,,,2.377737;2.381437,297;299,obstacle:1
push,1010,4878,1619,900.0,300.00000000000006,1200.0,2.388627;2.345244,302;385,
push,1010,4879,1619,900.0,300.00000000000006,1200.0,0.902229;2.345244,218;385,
prune,1010,0,1619,900.0,,,2.377737;2.345244,297;385,obstacle:1
pop,1011,1624,854,800.0,,,2.224551;2.250991,44;384,
push,1011,4880,1624,900.0,400.00000000000006,1300.0,2.198211;2.392331,50;306,
push,1011,4881,1624,900.0,400.00000000000006,1300.0,0.903241;2.392331,135;306,
prune,1011,0,1624,900.0,,,2.198211;2.381437,50;299,obstacle:2
prune,1011,0,1624,900.0,,,0.903241;2.381437,135;299,obstacle:2
push,1011,4882,1624,900.0,300.00000000000006,1200.0,2.198211;2.345244,50;385,
push,1011,4883,1624,900.0,300.00000000000006,1200.0,0.903241;2.345244,135;385,
pop,1012,1610,847,800.0,,,2.279351;2.250991,128;384,
push,1012,4884,1610,900.0,400.00000000000006,1300.0,0.903241;2.392331,134;306,
push,1012,4885,1610,900.0,400.00000000000006,1300.0,2.394762;2.392331,49;306,
push,1012,4886,1610,900.0,400.00000000000006,1300.0,2.411382;2.392331,213;306,
prune,1012,0,1610,900.0,,,0.903241;2.381437,134;299,obstacle:2
prune,1012,0,1610,900.0,,,2.394762;2.381437,49;299,obstacle:2
prune,1012,0,1610,900.0,,,2.411382;2.381437,213;299,obstacle:2
push,1012,4887,1610,900.0,300.00000000000006,1200.0,0.903241;2.345244,134;385,
push,1012,4888,1610,900.0,300.00000000000006,1200.0,2.394762;2.345244,49;385,
push,1012,4889,1610,900.0,300.00000000000006,1200.0,2.411382;2.345244,213;385,
pop,1013,1611,847,800.0,,,2.28216;2.250991,43;384,
push,1013,4890,1611,900.0,400.00000000000006,1300.0,2.394762;2.392331,44;306,
prune,1013,0,1611,900.0,,,2.394762;2.381437,44;299,obstacle:2
push,1013,4891,1611,900.0,300.00000000000006,1200.0,2.394762;2.345244,44;385,
pop,1014,1603,835,800.0,,,2.224551;2.250991,49;384,
push,1014,4892,1603,900.0,400.00000000000006,1300.0,2.198211;2.392331,50;306,
prune,1014,0,1603,900.0,,,2.198211;2.381437,50;299,obstacle:2
push,1014,4893,1603,900.0,300.00000000000006,1200.0,2.198211;2.345244,50;385,
pop,1015,1604,835,800.0,,,2.24714;2.250991,213;384,
push,1015,4894,1604,900.0,400.00000000000006,1300.0,2.388627;2.392331,302;306,
push,1015,4895,1604,900.0,400.00000000000006,1300.0,0.902229;1.459517,218;306,
prune,1015,0,1604,900.0,,,2.377737;2.392331,297;306,obstacle:1
prune,1015,0,1604,900.0,,,2.388627;2.381437,302;299,obstacle:2
prune,1015,0,1604,900.0,,,0.902229;2.381437,218;299,obstacle:2
prune,1015,0,1604,900.0,,,2.377737;2.381437,297;299,obstacle:1
push,1015,4896,1604,900.0,300.00000000000006,1200.0,2.388627;2.345244,302;385,
push,1015,4897,1604,900.0,300.00000000000006,1200.0,0.902229;2.345244,218;385,
prune,1015,0,1604,900.0,,,2.377737;2.345244,297;385,obstacle:1
pop,1016,1602,835,800.0,,,0.887411;2.250991,134;384,
push,1016,4898,1602,900.0,400.00000000000006,1300.0,0.726929;2.392331,140;306,
push,1016,4899,1602,900.0,400.00000000000006,1300.0,1.124937;2.392331,55;306,
push,1016,4900,1602,900.0,400.00000000000006,1300.0,0.73931;1.263269,219;306,
prune,1016,0,1602,900.0,,,0.726929;2.381437,140;299,obstacle:2
prune,1016,0,1602,900.0,,,1.124937;2.381437,55;299,obstacle:2
prune,1016,0,1602,900.0,,,0.73931;2.381437,219;299,obstacle:2
push,1016,4901,1602,900.0,300.00000000000006,1200.0,0.726929;2.345244,140;385,
push,1016,4902,1602,900.0,300.00000000000006,1200.0,1.124937;2.345244,55;385,
push,1016,4903,1602,900.0,300.00000000000006,1200.0,0.73931;2.345244,219;385,
pop,1017,1597,812,800.0,,,2.28216;2.250991,38;384,
push,1017,4904,1597,900.0,400.00000000000006,1300.0,2.394762;2.392331,44;306,
push,1017,4905,1597,900.0,400.00000000000006,1300.0,2.418411;2.392331,129;306,
prune,1017,0,1597,900.0,,,2.394762;2.381437,44;299,obstacle:2
prune,1017,0,1597,900.0,,,2.418411;2.381437,129;299,obstacle:2
push,1017,4906,1597,900.0,300.00000000000006,1200.0,2.394762;2.345244,44;385,
push,1017,4907,1597,900.0,300.00000000000006,1200.0,2.418411;2.345244,129;385,
pop,1018,1594,864,800.0,,,2.279351;2.250991,128;384,
push,1018,4908,1594,900.0,400.00000000000006,1300.0,0.903241;2.392331,134;306,
push,1018,4909,1594,900.0,400.00000000000006,1300.0,2.394762;2.392331,49;306,
push,1018,4910,1594,900.0,400.00000000000006,1300.0,2.411382;2.392331,213;306,
prune,1018,0,1594,900.0,,,0.903241;2.381437,134;299,obstacle:2
prune,1018,0,1594,900.0,,,2.394762;2.381437,49;299,obstacle:2
prune,1018,0,1594,900.0,,,2.411382;2.381437,213;299,obstacle:2
push,1018,4911,1594,900.0,300.00000000000006,1200.0,0.903241;2.345244,134;385,
push,1018,4912,1594,900.0,300.00000000000006,1200.0,2.394762;2.345244,49;385,
push,1018,4913,1594,900.0,300.00000000000006,1200.0,2.411382;2.345244,213;385,
pop,1019,1587,863,800.0,,,2.279351;2.250991,129;384,
push,1019,4914,1587,900.0,400.00000000000006,1300.0,2.411382;2.392331,213;306,
push,1019,4915,1587,900.0,400.00000000000006,1300.0,0.903241;2.392331,134;306,
prune,1019,0,1587,900.0,,,2.394762;2.392331,208;306,obstacle:1
prune,1019,0,1587,900.0,,,2.411382;2.381437,213;299,obstacle:2
prune,1019,0,1587,900.0,,,0.903241;2.381437,134;299,obstacle:2
prune,1019,0,1587,900.0,,,2.394762;2.381437,208;299,obstacle:1
push,1019,4916,1587,900.0,300.00000000000006,1200.0,2.411382;2.345244,213;385,
push,1019,4917,1587,900.0,300.00000000000006,1200.0,0.903241;2.345244,134;385,
prune,1019,0,1587,900.0,,,2.394762;2.345244,208;385,obstacle:1
pop,1020,1591,867,800.0,,,2.30669;2.250991,171;384,
push,1020,4918,1591,900.0,400.00000000000006,1300.0,2.428817;2.392331,260;306,
push,1020,4919,1591,900.0,400.00000000000006,1300.0,2.416051;2.392331,176;306,
push,1020,4920,1591,900.0,400.00000000000006,1300.0,2.418411;2.392331,256;306,
prune,1020,0,1591,900.0,,,2.428817;2.381437,260;299,obstacle:2
prune,1020,0,1591,900.0,,,2.416051;2.381437,176;299,obstacle:2
prune,1020,0,1591,900.0,,,2.418411;2.381437,256;299,obstacle:2
push,1020,4921,1591,900.0,300.00000000000006,1200.0,2.428817;2.345244,260;385,
push,1020,4922,1591,900.0,300.00000000000006,1200.0,2.416051;2.345244,176;385,
push,1020,4923,1591,900.0,300.00000000000006,1200.0,2.418411;2.345244,256;385,
pop,1021,1586,863,800.0,,,2.224551;2.250991,44;384,
push,1021,4924,1586,900.0,400.00000000000006,1300.0,2.198211;2.392331,50;306,
push,1021,4925,1586,900.0,400.00000000000006,1300.0,0.903241;2.392331,135;306,
prune,1021,0,1586,900.0,,,2.198211;2.381437,50;299,obstacle:2
prune,1021,0,1586,900.0,,,0.903241;2.381437,135;299,obstacle:2
push,1021,4926,1586,900.0,300.00000000000006,1200.0,2.198211;2.345244,50;385,
push,1021,4927,1586,900.0,300.00000000000006,1200.0,0.903241;2.345244,135;385,
pop,1022,1582,860,800.0,,,2.28216;2.250991,38;384,
push,1022,4928,1582,900.0,400.00000000000006,1300.0,2.394762;2.392331,44;306,
push,1022,4929,1582,900.0,400.00000000000006,1300.0,2.418411;2.392331,129;306,
prune,1022,0,1582,900.0,,,2.394762;2.381437,44;299,obstacle:2
prune,1022,0,1582,900.0,,,2.418411;2.381437,129;299,obstacle:2
push,1022,4930,1582,900.0,300.00000000000006,1200.0,2.394762;2.345244,44;385,
push,1022,4931,1582,900.0,300.00000000000006,1200.0,2.418411;2.345244,129;385,
pop,1023,1577,873,800.0,,,2.309401;2.250991,256;384,
push,1023,4932,1577,900.0,400.00000000000006,1300.0,2.420764;2.392331,338;306,
prune,1023,0,1577,900.0,,,2.420764;2.381437,338;299,obstacle:2
push,1023,4933,1577,900.0,300.00000000000006,1200.0,2.420764;2.345244,338;385,
pop,1024,1576,873,800.0,,,2.30669;2.250991,176;384,
push,1024,4934,1576,900.0,400.00000000000006,1300.0,2.416051;2.392331,182;306,
push,1024,4935,1576,900.0,400.00000000000006,1300.0,2.428817;2.392331,103;306,
push,1024,4936,1576,900.0,400.00000000000006,1300.0,2.418411;2.392331,266;306,
prune,1024,0,1576,900.0,,,2.416051;2.381437,182;299,obstacle:2
prune,1024,0,1576,900.0,,,2.428817;2.381437,103;299,obstacle:2
prune,1024,0,1576,900.0,,,2.418411;2.381437,266;299,obstacle:2
push,1024,4937,1576,900.0,300.00000000000006,1200.0,2.416051;2.345244,182;385,
push,1024,4938,1576,900.0,300.00000000000006,1200.0,2.428817;2.345244,103;385,
push,1024,4939,1576,900.0,300.00000000000006,1200.0,2.418411;2.345244,266;385,
pop,1025,1575,873,800.0,,,2.297278;2.250991,260;384,
push,1025,4940,1575,900.0,400.00000000000006,1300.0,2.399601;2.392331,344;306,
push,1025,4941,1575,900.0,400.00000000000006,1300.0,2.420764;2.392331,339;306,
prune,1025,0,1575,900.0,,,2.399601;2.381437,344;299,obstacle:2
prune,1025,0,1575,900.0,,,2.420764;2.381437,339;299,obstacle:2
push,1025,4942,1575,900.0,300.00000000000006,1200.0,2.399601;2.345244,344;385,
push,1025,4943,1575,900.0,300.00000000000006,1200.0,2.420764;2.345244,339;385,
pop,1026,1568,870,800.0,,,2.297278;2.250991,423;384,
push,1026,4944,1568,900.0,400.00000000000006,1300.0,2.420764;2.392331,506;306,
prune,1026,0,1568,900.0,,,2.420764;2.381437,506;299,obstacle:2
push,1026,4945,1568,900.0,300.00000000000006,1200.0,2.420764;2.345244,506;385,
pop,1027,1569,870,800.0,,,2.309401;2.250991,428;384,
push,1027,4946,1569,900.0,400.00000000000006,1300.0,2.420764;2.392331,512;306,
push,1027,4947,1569,900.0,400.00000000000006,1300.0,2.428817;2.392331,433;306,
push,1027,4948,1569,900.0,400.00000000000006,1300.0,2.420764;2.392331,507;306,
prune,1027,0,1569,900.0,,,2.420764;2.381437,512;299,obstacle:2
prune,1027,0,1569,900.0,,,2.428817;2.381437,433;299,obstacle:2
prune,1027,0,1569,900.0,,,2.420764;2.381437,507;299,obstacle:2
push,1027,4949,1569,900.0,300.00000000000006,1200.0,2.420764;2.345244,512;385,
push,1027,4950,1569,900.0,300.00000000000006,1200.0,2.428817;2.345244,433;385,
push,1027,4951,1569,900.0,300.00000000000006,1200.0,2.420764;2.345244,507;385,
pop,1028,1563,876,800.0,,,2.309401;2.250991,266;384,
push,1028,4952,1563,900.0,400.00000000000006,1300.0,2.420764;2.392331,350;306,
prune,1028,0,1563,900.0,,,2.428817;2.392331,271;306,obstacle:1
push,1028,4953,1563,900.0,400.00000000000006,1300.0,2.420764;2.392331,345;306,
prune,1028,0,1563,900.0,,,2.420764;2.381437,350;299,obstacle:2
prune,1028,0,1563,900.0,,,2.428817;2.381437,271;299,obstacle:1
prune,1028,0,1563,900.0,,,2.420764;2.381437,345;299,obstacle:2
push,1028,4954,1563,900.0,300.00000000000006,1200.0,2.420764;2.345244,350;385,
prune,1028,0,1563,900.0,,,2.428817;2.345244,271;385,obstacle:1
push,1028,4955,1563,900.0,300.00000000000006,1200.0,2.420764;2.345244,345;385,
pop,1029,1562,876,800.0,,,2.30669;2.250991,182;384,
prune,1029,0,1562,900.0,,,2.416051;2.392331,188;306,obstacle:1
push,1029,4956,1562,900.0,400.00000000000006,1300.0,2.418411;2.392331,109;306,
prune,1029,0,1562,900.0,,,2.428817;2.392331,272;306,obstacle:1
prune,1029,0,1562,900.0,,,2.416051;2.381437,188;299,obstacle:1
prune,1029,0,1562,900.0,,,2.418411;2.381437,109;299,obstacle:2
prune,1029,0,1562,900.0,,,2.428817;2.381437,272;299,obstacle:1
prune,1029,0,1562,900.0,,,2.416051;2.345244,188;385,obstacle:1
push,1029,4957,1562,900.0,300.00000000000006,1200.0,2.418411;2.345244,109;385,
prune,1029,0,1562,900.0,,,2.428817;2.345244,272;385,obstacle:1
pop,1030,1558,877,800.0,,,2.287749;2.250991,338;384,
push,1030,4958,1558,900.0,400.00000000000006,1300.0,2.40201;2.392331,428;306,
push,1030,4959,1558,900.0,400.00000000000006,1300.0,2.420764;2.392331,343;306,
push,1030,4960,1558,900.0,400.00000000000006,1300.0,2.391248;2.392331,423;306,
prune,1030,0,1558,900.0,,,2.40201;2.381437,428;299,obstacle:2
prune,1030,0,1558,900.0,,,2.420764;2.381437,343;299,obstacle:2
prune,1030,0,1558,900.0,,,2.391248;2.381437,423;299,obstacle:2
push,1030,4961,1558,900.0,300.00000000000006,1200.0,2.40201;2.345244,428;385,
push,1030,4962,1558,900.0,300.00000000000006,1200.0,2.420764;2.345244,343;385,
push,1030,4963,1558,900.0,300.00000000000006,1200.0,2.391248;2.345244,423;385,
pop,1031,1553,875,800.0,,,2.287749;2.250991,339;384,
push,1031,4964,1553,900.0,400.00000000000006,1300.0,2.391248;2.392331,423;306,
push,1031,4965,1553,900.0,400.00000000000006,1300.0,2.40201;2.392331,428;306,
prune,1031,0,1553,900.0,,,2.391248;2.381437,423;299,obstacle:2
prune,1031,0,1553,900.0,,,2.40201;2.381437,428;299,obstacle:2
push,1031,4966,1553,900.0,300.00000000000006,1200.0,2.391248;2.345244,423;385,
push,1031,4967,1553,900.0,300.00000000000006,1200.0,2.40201;2.345244,428;385,
pop,1032,1551,875,800.0,,,2.287749;2.250991,344;384,
push,1032,4968,1551,900.0,400.00000000000006,1300.0,2.391248;2.392331,434;306,
push,1032,4969,1551,900.0,400.00000000000006,1300.0,2.420764;2.392331,349;306,
push,1032,4970,1551,900.0,400.00000000000006,1300.0,2.40201;2.392331,429;306,
prune,1032,0,1551,900.0,,,2.391248;2.381437,434;299,obstacle:2
prune,1032,0,1551,900.0,,,2.420764;2.381437,349;299,obstacle:2
prune,1032,0,1551,900.0,,,2.40201;2.381437,429;299,obstacle:2
push,1032,4971,1551,900.0,300.00000000000006,1200.0,2.391248;2.345244,434;385,
push,1032,4972,1551,900.0,300.00000000000006,1200.0,2.420764;2.345244,349;385,
push,1032,4973,1551,900.0,300.00000000000006,1200.0,2.40201;2.345244,429;385,
pop,1033,1552,875,800.0,,,2.309401;2.250991,265;384,
prune,1033,0,1552,900.0,,,2.428817;2.392331,271;306,obstacle:1
push,1033,4974,1552,900.0,400.00000000000006,1300.0,2.420764;2.392331,187;306,
push,1033,4975,1552,900.0,400.00000000000006,1300.0,2.420764;2.392331,350;306,
prune,1033,0,1552,900.0,,,2.428817;2.381437,271;299,obstacle:1
prune,1033,0,1552,900.0,,,2.420764;2.381437,187;299,obstacle:2
prune,1033,0,1552,900.0,,,2.420764;2.381437,350;299,obstacle:2
prune,1033,0,1552,900.0,,,2.428817;2.345244,271;385,obstacle:1
push,1033,4976,1552,900.0,300.00000000000006,1200.0,2.420764;2.345244,187;385,
push,1033,4977,1552,900.0,300.00000000000006,1200.0,2.420764;2.345244,350;385,
pop,1034,1544,869,800.0,,,2.309401;2.250991,429;384,
push,1034,4978,1544,900.0,400.00000000000006,1300.0,2.420764;2.392331,507;306,
push,1034,4979,1544,900.0,400.00000000000006,1300.0,2.420764;2.392331,512;306,
push,1034,4980,1544,900.0,400.00000000000006,1300.0,2.428817;2.392331,424;306,
prune,1034,0,1544,900.0,,,2.420764;2.381437,507;299,obstacle:2
prune,1034,0,1544,900.0,,,2.420764;2.381437,512;299,obstacle:2
prune,1034,0,1544,900.0,,,2.428817;2.381437,424;299,obstacle:2
push,1034,4981,1544,900.0,300.00000000000006,1200.0,2.420764;2.345244,507;385,
push,1034,4982,1544,900.0,300.00000000000006,1200.0,2.420764;2.345244,512;385,
push,1034,4983,1544,900.0,300.00000000000006,1200.0,2.428817;2.345244,424;385,
pop,1035,1542,869,800.0,,,2.297278;2.250991,434;384,
push,1035,4984,1542,900.0,400.00000000000006,1300.0,2.399601;2.392331,518;306,
push,1035,4985,1542,900.0,400.00000000000006,1300.0,2.418411;2.392331,439;306,
push,1035,4986,1542,900.0,400.00000000000006,1300.0,2.420764;2.392331,513;306,
prune,1035,0,1542,900.0,,,2.399601;2.381437,518;299,obstacle:2
prune,1035,0,1542,900.0,,,2.418411;2.381437,439;299,obstacle:2
prune,1035,0,1542,900.0,,,2.420764;2.381437,513;299,obstacle:2
push,1035,4987,1542,900.0,300.00000000000006,1200.0,2.399601;2.345244,518;385,
push,1035,4988,1542,900.0,300.00000000000006,1200.0,2.418411;2.345244,439;385,
push,1035,4989,1542,900.0,300.00000000000006,1200.0,2.420764;2.345244,513;385,
pop,1036,1543,869,800.0,,,2.30669;2.250991,349;384,
prune,1036,0,1543,900.0,,,2.416051;2.392331,355;306,obstacle:1
prune,1036,0,1543,900.0,,,2.428817;2.392331,276;306,obstacle:1
push,1036,4990,1543,900.0,400.00000000000006,1300.0,2.418411;2.392331,440;306,
prune,1036,0,1543,900.0,,,2.416051;2.381437,355;299,obstacle:1
prune,1036,0,1543,900.0,,,2.428817;2.381437,276;299,obstacle:1
prune,1036,0,1543,900.0,,,2.418411;2.381437,440;299,obstacle:2
prune,1036,0,1543,900.0,,,2.416051;2.345244,355;385,obstacle:1
prune,1036,0,1543,900.0,,,2.428817;2.345244,276;385,obstacle:1
push,1036,4991,1543,900.0,300.00000000000006,1200.0,2.418411;2.345244,440;385,
pop,1037,1535,859,800.0,,,2.279351;2.250991,128;384,
push,1037,4992,1535,900.0,400.00000000000006,1300.0,0.903241;2.392331,134;306,
push,1037,4993,1535,900.0,400.00000000000006,1300.0,2.394762;2.392331,49;306,
push,1037,4994,1535,900.0,400.00000000000006,1300.0,2.411382;2.392331,213;306,
prune,1037,0,1535,900.0,,,0.903241;2.381437,134;299,obstacle:2
prune,1037,0,1535,900.0,,,2.394762;2.381437,49;299,obstacle:2
prune,1037,0,1535,900.0,,,2.411382;2.381437,213;299,obstacle:2
push,1037,4995,1535,900.0,300.00000000000006,1200.0,0.903241;2.345244,134;385,
push,1037,4996,1535,900.0,300.00000000000006,1200.0,2.394762;2.345244,49;385,
push,1037,4997,1535,900.0,300.00000000000006,1200.0,2.411382;2.345244,213;385,
pop,1038,1536,859,800.0,,,2.28216;2.250991,43;384,
push,1038,4998,1536,900.0,400.00000000000006,1300.0,2.394762;2.392331,44;306,
prune,1038,0,1536,900.0,,,2.394762;2.381437,44;299,obstacle:2
push,1038,4999,1536,900.0,300.00000000000006,1200.0,2.394762;2.345244,44;385,
pop,1039,1529,889,800.0,,,2.24714;2.250991,213;384,
push,1039,5000,1529,900.0,400.00000000000006,1300.0,2.388627;2.392331,302;306,
push,1039,5001,1529,900.0,400.00000000000006,1300.0,0.902229;1.459517,218;306,
prune,1039,0,1529,900.0,,,2.377737;2.392331,297;306,obstacle:1
prune,1039,0,1529,900.0,,,2.388627;2.381437,302;299,obstacle:2
prune,1039,0,1529,900.0,,,0.902229;2.381437,218;299,obstacle:2
prune,1039,0,1529,900.0,,,2.377737;2.381437,297;299,obstacle:1
push,1039,5002,1529,900.0,300.00000000000006,1200.0,2.388627;2.345244,302;385,
push,1039,5003,1529,900.0,300.00000000000006,1200.0,0.902229;2.345244,218;385,
prune,1039,0,1529,900.0,,,2.377737;2.345244,297;385,obstacle:1
pop,1040,1527,889,800.0,,,0.887411;2.250991,134;384,
push,1040,5004,1527,900.0,400.00000000000006,1300.0,0.726929;2.392331,140;306,
push,1040,5005,1527,900.0,400.00000000000006,1300.0,1.124937;2.392331,55;306,
push,1040,5006,1527,900.0,400.00000000000006,1300.0,0.73931;1.263269,219;306,
prune,1040,0,1527,900.0,,,0.726929;2.381437,140;299,obstacle:2
prune,1040,0,1527,900.0,,,1.124937;2.381437,55;299,obstacle:2
prune,1040,0,1527,900.0,,,0.73931;2.381437,219;299,obstacle:2
push,1040,5007,1527,900.0,300.00000000000006,1200.0,0.726929;2.345244,140;385,
push,1040,5008,1527,900.0,300.00000000000006,1200.0,1.124937;2.345244,55;385,
push,1040,5009,1527,900.0,300.00000000000006,1200.0,0.73931;2.345244,219;385,
pop,1041,1528,889,800.0,,,2.224551;2.250991,49;384,
push,1041,5010,1528,900.0,400.00000000000006,1300.0,2.198211;2.392331,50;306,
prune,1041,0,1528,900.0,,,2.198211;2.381437,50;299,obstacle:2
push,1041,5011,1528,900.0,300.00000000000006,1200.0,2.198211;2.345244,50;385,
pop,1042,1520,887,800.0,,,2.297278;2.250991,423;384,
push,1042,5012,1520,900.0,400.00000000000006,1300.0,2.420764;2.392331,506;306,
prune,1042,0,1520,900.0,,,2.420764;2.381437,506;299,obstacle:2
push,1042,5013,1520,900.0,300.00000000000006,1200.0,2.420764;2.345244,506;385,
pop,1043,1518,887,800.0,,,2.309401;2.250991,428;384,
push,1043,5014,1518,900.0,400.00000000000006,1300.0,2.420764;2.392331,512;306,
push,1043,5015,1518,900.0,400.00000000000006,1300.0,2.428817;2.392331,433;306,
push,1043,5016,1518,900.0,400.00000000000006,1300.0,2.420764;2.392331,507;306,
prune,1043,0,1518,900.0,,,2.420764;2.381437,512;299,obstacle:2
prune,1043,0,1518,900.0,,,2.428817;2.381437,433;299,obstacle:2
prune,1043,0,1518,900.0,,,2.420764;2.381437,507;299,obstacle:2
push,1043,5017,1518,900.0,300.00000000000006,1200.0,2.420764;2.345244,512;385,
push,1043,5018,1518,900.0,300.00000000000006,1200.0,2.428817;2.345244,433;385,
push,1043,5019,1518,900.0,300.00000000000006,1200.0,2.420764;2.345244,507;385,
pop,1044,1519,887,800.0,,,2.30669;2.250991,343;384,
push,1044,5020,1519,900.0,400.00000000000006,1300.0,2.416051;2.392331,349;306,
push,1044,5021,1519,900.0,400.00000000000006,1300.0,2.418411;2.392331,270;306,
push,1044,5022,1519,900.0,400.00000000000006,1300.0,2.428817;2.392331,434;306,
prune,1044,0,1519,900.0,,,2.416051;2.381437,349;299,obstacle:2
prune,1044,0,1519,900.0,,,2.418411;2.381437,270;299,obstacle:2
prune,1044,0,1519,900.0,,,2.428817;2.381437,434;299,obstacle:2
push,1044,5023,1519,900.0,300.00000000000006,1200.0,2.416051;2.345244,349;385,
push,1044,5024,1519,900.0,300.00000000000006,1200.0,2.418411;2.345244,270;385,
push,1044,5025,1519,900.0,300.00000000000006,1200.0,2.428817;2.345244,434;385,
pop,1045,1511,882,800.0,,,2.297278;2.250991,261;384,
push,1045,5026,1511,900.0,400.00000000000006,1300.0,2.399601;2.392331,339;306,
push,1045,5027,1511,900.0,400.00000000000006,1300.0,2.420764;2.392331,344;306,
push,1045,5028,1511,900.0,400.00000000000006,1300.0,2.418411;2.392331,257;306,
prune,1045,0,1511,900.0,,,2.399601;2.381437,339;299,obstacle:2
prune,1045,0,1511,900.0,,,2.420764;2.381437,344;299,obstacle:2
prune,1045,0,1511,900.0,,,2.418411;2.381437,257;299,obstacle:2
push,1045,5029,1511,900.0,300.00000000000006,1200.0,2.399601;2.345244,339;385,
push,1045,5030,1511,900.0,300.00000000000006,1200.0,2.420764;2.345244,344;385,
push,1045,5031,1511,900.0,300.00000000000006,1200.0,2.418411;2.345244,257;385,
pop,1046,1509,882,800.0,,,2.309401;2.250991,266;384,
push,1046,5032,1509,900.0,400.00000000000006,1300.0,2.420764;2.392331,350;306,
prune,1046,0,1509,900.0,,,2.428817;2.392331,271;306,obstacle:1
push,1046,5033,1509,900.0,400.00000000000006,1300.0,2.420764;2.392331,345;306,
prune,1046,0,1509,900.0,,,2.420764;2.381437,350;299,obstacle:2
prune,1046,0,1509,900.0,,,2.428817;2.381437,271;299,obstacle:1
prune,1046,0,1509,900.0,,,2.420764;2.381437,345;299,obstacle:2
push,1046,5034,1509,900.0,300.00000000000006,1200.0,2.420764;2.345244,350;385,
prune,1046,0,1509,900.0,,,2.428817;2.345244,271;385,obstacle:1
push,1046,5035,1509,900.0,300.00000000000006,1200.0,2.420764;2.345244,345;385,
pop,1047,1510,882,800.0,,,2.30669;2.250991,182;384,
prune,1047,0,1510,900.0,,,2.416051;2.392331,188;306,obstacle:1
prune,1047,0,1510,900.0,,,2.428817;2.392331,272;306,obstacle:1
prune,1047,0,1510,900.0,,,2.416051;2.381437,188;299,obstacle:1
prune,1047,0,1510,900.0,,,2.428817;2.381437,272;299,obstacle:1
prune,1047,0,1510,900.0,,,2.416051;2.345244,188;385,obstacle:1
prune,1047,0,1510,900.0,,,2.428817;2.345244,272;385,obstacle:1
pop,1048,1502,895,800.0,,,2.224551;2.250991,44;384,
push,1048,5036,1502,900.0,400.00000000000006,1300.0,2.198211;2.392331,50;306,
push,1048,5037,1502,900.0,400.00000000000006,1300.0,0.903241;2.392331,135;306,
prune,1048,0,1502,900.0,,,2.198211;2.381437,50;299,obstacle:2
prune,1048,0,1502,900.0,,,0.903241;2.381437,135;299,obstacle:2
push,1048,5038,1502,900.0,300.00000000000006,1200.0,2.198211;2.345244,50;385,
push,1048,5039,1502,900.0,300.00000000000006,1200.0,0.903241;2.345244,135;385,
pop,1049,1503,895,800.0,,,2.279351;2.250991,129;384,
push,1049,5040,1503,900.0,400.00000000000006,1300.0,2.411382;2.392331,213;306,
push,1049,5041,1503,900.0,400.00000000000006,1300.0,0.903241;2.392331,134;306,
prune,1049,0,1503,900.0,,,2.394762;2.392331,208;306,obstacle:1
prune,1049,0,1503,900.0,,,2.411382;2.381437,213;299,obstacle:2
prune,1049,0,1503,900.0,,,0.903241;2.381437,134;299,obstacle:2
prune,1049,0,1503,900.0,,,2.394762;2.381437,208;299,obstacle:1
push,1049,5042,1503,900.0,300.00000000000006,1200.0,2.411382;2.345244,213;385,
push,1049,5043,1503,900.0,300.00000000000006,1200.0,0.903241;2.345244,134;385,
prune,1049,0,1503,900.0,,,2.394762;2.345244,208;385,obstacle:1
pop,1050,1497,893,800.0,,,2.279351;2.250991,129;384,
push,1050,5044,1497,900.0,400.00000000000006,1300.0,2.411382;2.392331,213;306,
push,1050,5045,1497,900.0,400.00000000000006,1300.0,0.903241;2.392331,134;306,
prune,1050,0,1497,900.0,,,2.394762;2.392331,208;306,obstacle:1
prune,1050,0,1497,900.0,,,2.411382;2.381437,213;299,obstacle:2
prune,1050,0,1497,900.0,,,0.903241;2.381437,134;299,obstacle:2
prune,1050,0,1497,900.0,,,2.394762;2.381437,208;299,obstacle:1
push,1050,5046,1497,900.0,300.00000000000006,1200.0,2.411382;2.345244,213;385,
push,1050,5047,1497,900.0,300.00000000000006,1200.0,0.903241;2.345244,134;385,
prune,1050,0,1497,900.0,,,2.394762;2.345244,208;385,obstacle:1
pop,1051,1496,893,800.0,,,2.224551;2.250991,44;384,
push,1051,5048,1496,900.0,400.00000000000006,1300.0,2.198211;2.392331,50;306,
push,1051,5049,1496,900.0,400.00000000000006,1300.0,0.903241;2.392331,135;306,
prune,1051,0,1496,900.0,,,2.198211;2.381437,50;299,obstacle:2
prune,1051,0,1496,900.0,,,0.903241;2.381437,135;299,obstacle:2
push,1051,5050,1496,900.0,300.00000000000006,1200.0,2.198211;2.345244,50;385,
push,1051,5051,1496,900.0,300.00000000000006,1200.0,0.903241;2.345244,135;385,
pop,1052,1490,901,800.0,,,2.224551;2.250991,44;384,
push,1052,5052,1490,900.0,400.00000000000006,1300.0,2.198211;2.392331,50;306,
push,1052,5053,1490,900.0,400.00000000000006,1300.0,0.903241;2.392331,135;306,
prune,1052,0,1490,900.0,,,2.198211;2.381437,50;299,obstacle:2
prune,1052,0,1490,900.0,,,0.903241;2.381437,135;299,obstacle:2
push,1052,5054,1490,900.0,300.00000000000006,1200.0,2.198211;2.345244,50;385,
push,1052,5055,1490,900.0,300.00000000000006,1200.0,0.903241;2.345244,135;385,
pop,1053,1491,901,800.0,,,2.279351;2.250991,129;384,
push,1053,5056,1491,900.0,400.00000000000006,1300.0,2.411382;2.392331,213;306,
push,1053,5057,1491,900.0,400.00000000000006,1300.0,0.903241;2.392331,134;306,
prune,1053,0,1491,900.0,,,2.394762;2.392331,208;306,obstacle:1
prune,1053,0,1491,900.0,,,2.411382;2.381437,213;299,obstacle:2
prune,1053,0,1491,900.0,,,0.903241;2.381437,134;299,obstacle:2
prune,1053,0,1491,900.0,,,2.394762;2.381437,208;299,obstacle:1
push,1053,5058,1491,900.0,300.00000000000006,1200.0,2.411382;2.345244,213;385,
push,1053,5059,1491,900.0,300.00000000000006,1200.0,0.903241;2.345244,134;385,
prune,1053,0,1491,900.0,,,2.394762;2.345244,208;385,obstacle:1
pop,1054,1486,899,800.0,,,2.30669;2.250991,171;384,
push,1054,5060,1486,900.0,400.00000000000006,1300.0,2.428817;2.392331,260;306,
push,1054,5061,1486,900.0,400.00000000000006,1300.0,2.416051;2.392331,176;306,
push,1054,5062,1486,900.0,400.00000000000006,1300.0,2.418411;2.392331,256;306,
prune,1054,0,1486,900.0,,,2.428817;2.381437,260;299,obstacle:2
prune,1054,0,1486,900.0,,,2.416051;2.381437,176;299,obstacle:2
prune,1054,0,1486,900.0,,,2.418411;2.381437,256;299,obstacle:2
push,1054,5063,1486,900.0,300.00000000000006,1200.0,2.428817;2.345244,260;385,
push,1054,5064,1486,900.0,300.00000000000006,1200.0,2.416051;2.345244,176;385,
push,1054,5065,1486,900.0,300.00000000000006,1200.0,2.418411;2.345244,256;385,
pop,1055,1483,896,800.0,,,2.279351;2.250991,128;384,
push,1055,5066,1483,900.0,400.00000000000006,1300.0,0.903241;2.392331,134;306,
push,1055,5067,1483,900.0,400.00000000000006,1300.0,2.394762;2.392331,49;306,
push,1055,5068,1483,900.0,400.00000000000006,1300.0,2.411382;2.392331,213;306,
prune,1055,0,1483,900.0,,,0.903241;2.381437,134;299,obstacle:2
prune,1055,0,1483,900.0,,,2.394762;2.381437,49;299,obstacle:2
prune,1055,0,1483,900.0,,,2.411382;2.381437,213;299,obstacle:2
push,1055,5069,1483,900.0,300.00000000000006,1200.0,0.903241;2.345244,134;385,
push,1055,5070,1483,900.0,300.00000000000006,1200.0,2.394762;2.345244,49;385,
push,1055,5071,1483,900.0,300.00000000000006,1200.0,2.411382;2.345244,213;385,
pop,1056,1480,890,800.0,,,2.224551;2.250991,44;384,
push,1056,5072,1480,900.0,400.00000000000006,1300.0,2.198211;2.392331,50;306,
push,1056,5073,1480,900.0,400.00000000000006,1300.0,0.903241;2.392331,135;306,
prune,1056,0,1480,900.0,,,2.198211;2.381437,50;299,obstacle:2
prune,1056,0,1480,900.0,,,0.903241;2.381437,135;299,obstacle:2
push,1056,5074,1480,900.0,300.00000000000006,1200.0,2.198211;2.345244,50;385,
push,1056,5075,1480,900.0,300.00000000000006,1200.0,0.903241;2.345244,135;385,
pop,1057,1476,881,800.0,,,2.297278;2.250991,260;384,
push,1057,5076,1476,900.0,400.00000000000006,1300.0,2.420764;2.392331,344;306,
push,1057,5077,1476,900.0,400.00000000000006,1300.0,2.399601;2.392331,339;306,
prune,1057,0,1476,900.0,,,2.420764;2.381437,344;299,obstacle:2
prune,1057,0,1476,900.0,,,2.399601;2.381437,339;299,obstacle:2
push,1057,5078,1476,900.0,300.00000000000006,1200.0,2.420764;2.345244,344;385,
push,1057,5079,1476,900.0,300.00000000000006,1200.0,2.399601;2.345244,339;385,
pop,1058,1475,881,800.0,,,2.259707;2.250991,256;384,
push,1058,5080,1475,900.0,400.00000000000006,1300.0,2.399601;2.392331,338;306,
prune,1058,0,1475,900.0,,,2.399601;2.381437,338;299,obstacle:2
push,1058,5081,1475,900.0,300.00000000000006,1200.0,2.399601;2.345244,338;385,
pop,1059,1469,857,800.0,,,2.279351;2.250991,128;384,
push,1059,5082,1469,900.0,400.00000000000006,1300.0,0.903241;2.392331,134;306,
push,1059,5083,1469,900.0,400.00000000000006,1300.0,2.394762;2.392331,49;306,
push,1059,5084,1469,900.0,400.00000000000006,1300.0,2.411382;2.392331,213;306,
prune,1059,0,1469,900.0,,,0.903241;2.381437,134;299,obstacle:2
prune,1059,0,1469,900.0,,,2.394762;2.381437,49;299,obstacle:2
prune,1059,0,1469,900.0,,,2.411382;2.381437,213;299,obstacle:2
push,1059,5085,1469,900.0,300.00000000000006,1200.0,0.903241;2.345244,134;385,
push,1059,5086,1469,900.0,300.00000000000006,1200.0,2.394762;2.345244,49;385,
push,1059,5087,1469,900.0,300.00000000000006,1200.0,2.411382;2.345244,213;385,
pop,1060,1470,857,800.0,,,2.28216;2.250991,43;384,
push,1060,5088,1470,900.0,400.00000000000006,1300.0,2.394762;2.392331,44;306,
prune,1060,0,1470,900.0,,,2.394762;2.381437,44;299,obstacle:2
push,1060,5089,1470,900.0,300.00000000000006,1200.0,2.394762;2.345244,44;385,
pop,1061,1463,811,800.0,,,2.279351;2.250991,128;384,
push,1061,5090,1463,900.0,400.00000000000006,1300.0,0.903241;2.392331,134;306,
push,1061,5091,1463,900.0,400.00000000000006,1300.0,2.394762;2.392331,49;306,
push,1061,5092,1463,900.0,400.00000000000006,1300.0,2.411382;2.392331,213;306,
prune,1061,0,1463,900.0,,,0.903241;2.381437,134;299,obstacle:2
prune,1061,0,1463,900.0,,,2.394762;2.381437,49;299,obstacle:2
prune,1061,0,1463,900.0,,,2.411382;2.381437,213;299,obstacle:2
push,1061,5093,1463,900.0,300.00000000000006,1200.0,0.903241;2.345244,134;385,
push,1061,5094,1463,900.0,300.00000000000006,1200.0,2.394762;2.345244,49;385,
push,1061,5095,1463,900.0,300.00000000000006,1200.0,2.411382;2.345244,213;385,
pop,1062,1464,811,800.0,,,2.28216;2.250991,43;384,
push,1062,5096,1464,900.0,400.00000000000006,1300.0,2.394762;2.392331,44;306,
prune,1062,0,1464,900.0,,,2.394762;2.381437,44;299,obstacle:2
push,1062,5097,1464,900.0,300.00000000000006,1200.0,2.394762;2.345244,44;385,
pop,1063,1459,906,800.0,,,2.291759;2.250991,122;384,
push,1063,5098,1459,900.0,400.00000000000006,1300.0,2.392331;2.392331,128;306,
push,1063,5099,1459,900.0,400.00000000000006,1300.0,2.416051;2.392331,43;306,
prune,1063,0,1459,900.0,,,2.416051;2.392331,207;306,obstacle:1
prune,1063,0,1459,900.0,,,2.392331;2.381437,128;299,obstacle:2
prune,1063,0,1459,900.0,,,2.416051;2.381437,43;299,obstacle:2
prune,1063,0,1459,900.0,,,2.416051;2.381437,207;299,obstacle:1
push,1063,5100,1459,900.0,300.00000000000006,1200.0,2.392331;2.345244,128;385,
push,1063,5101,1459,900.0,300.00000000000006,1200.0,2.416051;2.345244,43;385,
prune,1063,0,1459,900.0,,,2.416051;2.345244,207;385,obstacle:1
pop,1064,1454,912,800.0,,,2.297278;2.250991,261;384,
push,1064,5102,1454,900.0,400.00000000000006,1300.0,2.399601;2.392331,339;306,
push,1064,5103,1454,900.0,400.00000000000006,1300.0,2.420764;2.392331,344;306,
push,1064,5104,1454,900.0,400.00000000000006,1300.0,2.418411;2.392331,257;306,
prune,1064,0,1454,900.0,,,2.399601;2.381437,339;299,obstacle:2
prune,1064,0,1454,900.0,,,2.420764;2.381437,344;299,obstacle:2
prune,1064,0,1454,900.0,,,2.418411;2.381437,257;299,obstacle:2
push,1064,5105,1454,900.0,300.00000000000006,1200.0,2.399601;2.345244,339;385,
push,1064,5106,1454,900.0,300.00000000000006,1200.0,2.420764;2.345244,344;385,
push,1064,5107,1454,900.0,300.00000000000006,1200.0,2.418411;2.345244,257;385,
pop,1065,1452,912,800.0,,,2.309401;2.250991,266;384,
push,1065,5108,1452,900.0,400.00000000000006,1300.0,2.420764;2.392331,350;306,
prune,1065,0,1452,900.0,,,2.428817;2.392331,271;306,obstacle:1
push,1065,5109,1452,900.0,400.00000000000006,1300.0,2.420764;2.392331,345;306,
prune,1065,0,1452,900.0,,,2.420764;2.381437,350;299,obstacle:2
prune,1065,0,1452,900.0,,,2.428817;2.381437,271;299,obstacle:1
prune,1065,0,1452,900.0,,,2.420764;2.381437,345;299,obstacle:2
push,1065,5110,1452,900.0,300.00000000000006,1200.0,2.420764;2.345244,350;385,
prune,1065,0,1452,900.0,,,2.428817;2.345244,271;385,obstacle:1
push,1065,5111,1452,900.0,300.00000000000006,1200.0,2.420764;2.345244,345;385,
pop,1066,1453,912,800.0,,,2.30669;2.250991,182;384,
prune,1066,0,1453,900.0,,,2.416051;2.392331,188;306,obstacle:1
prune,1066,0,1453,900.0,,,2.428817;2.392331,272;306,obstacle:1
prune,1066,0,1453,900.0,,,2.416051;2.381437,188;299,obstacle:1
prune,1066,0,1453,900.0,,,2.428817;2.381437,272;299,obstacle:1
prune,1066,0,1453,900.0,,,2.416051;2.345244,188;385,obstacle:1
prune,1066,0,1453,900.0,,,2.428817;2.345244,272;385,obstacle:1
pop,1067,1445,911,800.0,,,2.259707;2.250991,256;384,
push,1067,5112,1445,900.0,400.00000000000006,1300.0,2.399601;2.392331,338;306,
prune,1067,0,1445,900.0,,,2.399601;2.381437,338;299,obstacle:2
push,1067,5113,1445,900.0,300.00000000000006,1200.0,2.399601;2.345244,338;385,
pop,1068,1446,911,800.0,,,2.297278;2.250991,260;384,
push,1068,5114,1446,900.0,400.00000000000006,1300.0,2.420764;2.392331,344;306,
push,1068,5115,1446,900.0,400.00000000000006,1300.0,2.399601;2.392331,339;306,
prune,1068,0,1446,900.0,,,2.420764;2.381437,344;299,obstacle:2
prune,1068,0,1446,900.0,,,2.399601;2.381437,339;299,obstacle:2
push,1068,5116,1446,900.0,300.00000000000006,1200.0,2.420764;2.345244,344;385,
push,1068,5117,1446,900.0,300.00000000000006,1200.0,2.399601;2.345244,339;385,
pop,1069,1440,909,800.0,,,2.28216;2.250991,43;384,
push,1069,5118,1440,900.0,400.00000000000006,1300.0,2.394762;2.392331,44;306,
prune,1069,0,1440,900.0,,,2.394762;2.381437,44;299,obstacle:2
push,1069,5119,1440,900.0,300.00000000000006,1200.0,2.394762;2.345244,44;385,
pop,1070,1439,909,800.0,,,2.279351;2.250991,128;384,
push,1070,5120,1439,900.0,400.00000000000006,1300.0,0.903241;2.392331,134;306,
push,1070,5121,1439,900.0,400.00000000000006,1300.0,2.394762;2.392331,49;306,
push,1070,5122,1439,900.0,400.00000000000006,1300.0,2.411382;2.392331,213;306,
prune,1070,0,1439,900.0,,,0.903241;2.381437,134;299,obstacle:2
prune,1070,0,1439,900.0,,,2.394762;2.381437,49;299,obstacle:2
prune,1070,0,1439,900.0,,,2.411382;2.381437,213;299,obstacle:2
push,1070,5123,1439,900.0,300.00000000000006,1200.0,0.903241;2.345244,134;385,
push,1070,5124,1439,900.0,300.00000000000006,1200.0,2.394762;2.345244,49;385,
push,1070,5125,1439,900.0,300.00000000000006,1200.0,2.411382;2.345244,213;385,
pop,1071,1433,905,800.0,,,2.250991;2.250991,38;384,
push,1071,5126,1433,900.0,400.00000000000006,1300.0,2.345244;2.392331,44;306,
push,1071,5127,1433,900.0,400.00000000000006,1300.0,2.392331;2.392331,129;306,
prune,1071,0,1433,900.0,,,2.345244;2.381437,44;299,obstacle:2
prune,1071,0,1433,900.0,,,2.392331;2.381437,129;299,obstacle:2
push,1071,5128,1433,900.0,300.00000000000006,1200.0,2.345244;2.345244,44;385,
push,1071,5129,1433,900.0,300.00000000000006,1200.0,2.392331;2.345244,129;385,
pop,1072,1434,905,800.0,,,2.291759;2.250991,123;384,
prune,1072,0,1434,900.0,,,2.416051;2.392331,207;306,obstacle:1
push,1072,5130,1434,900.0,400.00000000000006,1300.0,2.392331;2.392331,128;306,
prune,1072,0,1434,900.0,,,2.416051;2.392331,202;306,obstacle:1
prune,1072,0,1434,900.0,,,2.416051;2.381437,207;299,obstacle:1
prune,1072,0,1434,900.0,,,2.392331;2.381437,128;299,obstacle:2
prune,1072,0,1434,900.0,,,2.416051;2.381437,202;299,obstacle:1
prune,1072,0,1434,900.0,,,2.416051;2.345244,207;385,obstacle:1
push,1072,5131,1434,900.0,300.00000000000006,1200.0,2.392331;2.345244,128;385,
prune,1072,0,1434,900.0,,,2.416051;2.345244,202;385,obstacle:1
pop,1073,1428,917,800.0,,,2.279351;2.250991,129;384,
push,1073,5132,1428,900.0,400.00000000000006,1300.0,2.411382;2.392331,213;306,
push,1073,5133,1428,900.0,400.00000000000006,1300.0,0.903241;2.392331,134;306,
prune,1073,0,1428,900.0,,,2.394762;2.392331,208;306,obstacle:1
prune,1073,0,1428,900.0,,,2.411382;2.381437,213;299,obstacle:2
prune,1073,0,1428,900.0,,,0.903241;2.381437,134;299,obstacle:2
prune,1073,0,1428,900.0,,,2.394762;2.381437,208;299,obstacle:1
push,1073,5134,1428,900.0,300.00000000000006,1200.0,2.411382;2.345244,213;385,
push,1073,5135,1428,900.0,300.00000000000006,1200.0,0.903241;2.345244,134;385,
prune,1073,0,1428,900.0,,,2.394762;2.345244,208;385,obstacle:1
pop,1074,1427,917,800.0,,,2.224551;2.250991,44;384,
push,1074,5136,1427,900.0,400.00000000000006,1300.0,2.198211;2.392331,50;306,
push,1074,5137,1427,900.0,400.00000000000006,1300.0,0.903241;2.392331,135;306,
prune,1074,0,1427,900.0,,,2.198211;2.381437,50;299,obstacle:2
prune,1074,0,1427,900.0,,,0.903241;2.381437,135;299,obstacle:2
push,1074,5138,1427,900.0,300.00000000000006,1200.0,2.198211;2.345244,50;385,
push,1074,5139,1427,900.0,300.00000000000006,1200.0,0.903241;2.345244,135;385,
pop,1075,1423,922,800.0,,,2.30669;2.250991,32;384,
push,1075,5140,1423,900.0,400.00000000000006,1300.0,2.416051;2.392331,38;306,
push,1075,5141,1423,900.0,400.00000000000006,1300.0,2.428817;2.392331,123;306,
prune,1075,0,1423,900.0,,,2.416051;2.381437,38;299,obstacle:2
prune,1075,0,1423,900.0,,,2.428817;2.381437,123;299,obstacle:2
push,1075,5142,1423,900.0,300.00000000000006,1200.0,2.416051;2.345244,38;385,
push,1075,5143,1423,900.0,300.00000000000006,1200.0,2.428817;2.345244,123;385,
pop,1076,1418,921,800.0,,,2.291759;2.250991,122;384,
push,1076,5144,1418,900.0,400.00000000000006,1300.0,2.392331;2.392331,128;306,
push,1076,5145,1418,900.0,400.00000000000006,1300.0,2.416051;2.392331,43;306,
prune,1076,0,1418,900.0,,,2.416051;2.392331,207;306,obstacle:1
prune,1076,0,1418,900.0,,,2.392331;2.381437,128;299,obstacle:2
prune,1076,0,1418,900.0,,,2.416051;2.381437,43;299,obstacle:2
prune,1076,0,1418,900.0,,,2.416051;2.381437,207;299,obstacle:1
push,1076,5146,1418,900.0,300.00000000000006,1200.0,2.392331;2.345244,128;385,
push,1076,5147,1418,900.0,300.00000000000006,1200.0,2.416051;2.345244,43;385,
prune,1076,0,1418,900.0,,,2.416051;2.345244,207;385,obstacle:1
pop,1077,1419,921,800.0,,,2.30669;2.250991,37;384,
push,1077,5148,1419,900.0,400.00000000000006,1300.0,2.416051;2.392331,38;306,
prune,1077,0,1419,900.0,,,2.416051;2.381437,38;299,obstacle:2
push,1077,5149,1419,900.0,300.00000000000006,1200.0,2.416051;2.345244,38;385,
pop,1078,1414,918,800.0,,,2.279351;2.250991,128;384,
push,1078,5150,1414,900.0,400.00000000000006,1300.0,0.903241;2.392331,134;306,
push,1078,5151,1414,900.0,400.00000000000006,1300.0,2.394762;2.392331,49;306,
push,1078,5152,1414,900.0,400.00000000000006,1300.0,2.411382;2.392331,213;306,
prune,1078,0,1414,900.0,,,0.903241;2.381437,134;299,obstacle:2
prune,1078,0,1414,900.0,,,2.394762;2.381437,49;299,obstacle:2
prune,1078,0,1414,900.0,,,2.411382;2.381437,213;299,obstacle:2
push,1078,5153,1414,900.0,300.00000000000006,1200.0,0.903241;2.345244,134;385,
push,1078,5154,1414,900.0,300.00000000000006,1200.0,2.394762;2.345244,49;385,
push,1078,5155,1414,900.0,300.00000000000006,1200.0,2.411382;2.345244,213;385,
pop,1079,1411,902,800.0,,,2.279351;2.250991,128;384,
push,1079,5156,1411,900.0,400.00000000000006,1300.0,0.903241;2.392331,134;306,
push,1079,5157,1411,900.0,400.00000000000006,1300.0,2.394762;2.392331,49;306,
push,1079,5158,1411,900.0,400.00000000000006,1300.0,2.411382;2.392331,213;306,
prune,1079,0,1411,900.0,,,0.903241;2.381437,134;299,obstacle:2
prune,1079,0,1411,900.0,,,2.394762;2.381437,49;299,obstacle:2
prune,1079,0,1411,900.0,,,2.411382;2.381437,213;299,obstacle:2
push,1079,5159,1411,900.0,300.00000000000006,1200.0,0.903241;2.345244,134;385,
push,1079,5160,1411,900.0,300.00000000000006,1200.0,2.394762;2.345244,49;385,
push,1079,5161,1411,900.0,300.00000000000006,1200.0,2.411382;2.345244,213;385,
pop,1080,1406,931,800.0,,,2.24714;2.250991,213;384,
push,1080,5162,1406,900.0,400.00000000000006,1300.0,2.388627;2.392331,302;306,
push,1080,5163,1406,900.0,400.00000000000006,1300.0,0.902229;1.459517,218;306,
prune,1080,0,1406,900.0,,,2.377737;2.392331,297;306,obstacle:1
prune,1080,0,1406,900.0,,,2.388627;2.381437,302;299,obstacle:2
prune,1080,0,1406,900.0,,,0.902229;2.381437,218;299,obstacle:2
prune,1080,0,1406,900.0,,,2.377737;2.381437,297;299,obstacle:1
push,1080,5164,1406,900.0,300.00000000000006,1200.0,2.388627;2.345244,302;385,
push,1080,5165,1406,900.0,300.00000000000006,1200.0,0.902229;2.345244,218;385,
prune,1080,0,1406,900.0,,,2.377737;2.345244,297;385,obstacle:1
pop,1081,1404,931,800.0,,,0.887411;2.250991,134;384,
push,1081,5166,1404,900.0,400.00000000000006,1300.0,0.726929;2.392331,140;306,
push,1081,5167,1404,900.0,400.00000000000006,1300.0,1.124937;2.392331,55;306,
push,1081,5168,1404,900.0,400.00000000000006,1300.0,0.73931;1.263269,219;306,
prune,1081,0,1404,900.0,,,0.726929;2.381437,140;299,obstacle:2
prune,1081,0,1404,900.0,,,1.124937;2.381437,55;299,obstacle:2
prune,1081,0,1404,900.0,,,0.73931;2.381437,219;299,obstacle:2
push,1081,5169,1404,900.0,300.00000000000006,1200.0,0.726929;2.345244,140;385,
push,1081,5170,1404,900.0,300.00000000000006,1200.0,1.124937;2.345244,55;385,
push,1081,5171,1404,900.0,300.00000000000006,1200.0,0.73931;2.345244,219;385,
pop,1082,1405,931,800.0,,,2.224551;2.250991,49;384,
push,1082,5172,1405,900.0,400.00000000000006,1300.0,2.198211;2.392331,50;306,
prune,1082,0,1405,900.0,,,2.198211;2.381437,50;299,obstacle:2
push,1082,5173,1405,900.0,300.00000000000006,1200.0,2.198211;2.345244,50;385,
pop,1083,1399,932,800.0,,,2.224551;2.250991,44;384,
push,1083,5174,1399,900.0,400.00000000000006,1300.0,2.198211;2.392331,50;306,
push,1083,5175,1399,900.0,400.00000000000006,1300.0,0.903241;2.392331,135;306,
prune,1083,0,1399,900.0,,,2.198211;2.381437,50;299,obstacle:2
prune,1083,0,1399,900.0,,,0.903241;2.381437,135;299,obstacle:2
push,1083,5176,1399,900.0,300.00000000000006,1200.0,2.198211;2.345244,50;385,
push,1083,5177,1399,900.0,300.00000000000006,1200.0,0.903241;2.345244,135;385,
pop,1084,1394,929,800.0,,,2.224551;2.250991,44;384,
push,1084,5178,1394,900.0,400.00000000000006,1300.0,2.198211;2.392331,50;306,
push,1084,5179,1394,900.0,400.00000000000006,1300.0,0.903241;2.392331,135;306,
prune,1084,0,1394,900.0,,,2.198211;2.381437,50;299,obstacle:2
prune,1084,0,1394,900.0,,,0.903241;2.381437,135;299,obstacle:2
push,1084,5180,1394,900.0,300.00000000000006,1200.0,2.198211;2.345244,50;385,
push,1084,5181,1394,900.0,300.00000000000006,1200.0,0.903241;2.345244,135;385,
pop,1085,1395,929,800.0,,,2.279351;2.250991,129;384,
push,1085,5182,1395,900.0,400.00000000000006,1300.0,2.411382;2.392331,213;306,
push,1085,5183,1395,900.0,400.00000000000006,1300.0,0.903241;2.392331,134;306,
prune,1085,0,1395,900.0,,,2.394762;2.392331,208;306,obstacle:1
prune,1085,0,1395,900.0,,,2.411382;2.381437,213;299,obstacle:2
prune,1085,0,1395,900.0,,,0.903241;2.381437,134;299,obstacle:2
prune,1085,0,1395,900.0,,,2.394762;2.381437,208;299,obstacle:1
push,1085,5184,1395,900.0,300.00000000000006,1200.0,2.411382;2.345244,213;385,
push,1085,5185,1395,900.0,300.00000000000006,1200.0,0.903241;2.345244,134;385,
prune,1085,0,1395,900.0,,,2.394762;2.345244,208;385,obstacle:1
pop,1086,1389,926,800.0,,,2.297278;2.250991,261;384,
push,1086,5186,1389,900.0,400.00000000000006,1300.0,2.399601;2.392331,339;306,
push,1086,5187,1389,900.0,400.00000000000006,1300.0,2.420764;2.392331,344;306,
push,1086,5188,1389,900.0,400.00000000000006,1300.0,2.418411;2.392331,257;306,
prune,1086,0,1389,900.0,,,2.399601;2.381437,339;299,obstacle:2
prune,1086,0,1389,900.0,,,2.420764;2.381437,344;299,obstacle:2
prune,1086,0,1389,900.0,,,2.418411;2.381437,257;299,obstacle:2
push,1086,5189,1389,900.0,300.00000000000006,1200.0,2.399601;2.345244,339;385,
push,1086,5190,1389,900.0,300.00000000000006,1200.0,2.420764;2.345244,344;385,
push,1086,5191,1389,900.0,300.00000000000006,1200.0,2.418411;2.345244,257;385,
pop,1087,1388,926,800.0,,,2.30669;2.250991,173;384,
push,1087,5192,1388,900.0,400.00000000000006,1300.0,2.418411;2.392331,256;306,
push,1087,5193,1388,900.0,400.00000000000006,1300.0,2.428817;2.392331,90;306,
prune,1087,0,1388,900.0,,,2.418411;2.381437,256;299,obstacle:2
prune,1087,0,1388,900.0,,,2.428817;2.381437,90;299,obstacle:2
push,1087,5194,1388,900.0,300.00000000000006,1200.0,2.418411;2.345244,256;385,
push,1087,5195,1388,900.0,300.00000000000006,1200.0,2.428817;2.345244,90;385,
pop,1088,1382,941,800.0,,,2.250991;2.250991,38;384,
push,1088,5196,1382,900.0,400.00000000000006,1300.0,2.345244;2.392331,44;306,
push,1088,5197,1382,900.0,400.00000000000006,1300.0,2.392331;2.392331,129;306,
prune,1088,0,1382,900.0,,,2.345244;2.381437,44;299,obstacle:2
prune,1088,0,1382,900.0,,,2.392331;2.381437,129;299,obstacle:2
push,1088,5198,1382,900.0,300.00000000000006,1200.0,2.345244;2.345244,44;385,
push,1088,5199,1382,900.0,300.00000000000006,1200.0,2.392331;2.345244,129;385,
pop,1089,1383,941,800.0,,,2.291759;2.250991,123;384,
prune,1089,0,1383,900.0,,,2.416051;2.392331,207;306,obstacle:1
push,1089,5200,1383,900.0,400.00000000000006,1300.0,2.392331;2.392331,128;306,
prune,1089,0,1383,900.0,,,2.416051;2.392331,202;306,obstacle:1
prune,1089,0,1383,900.0,,,2.416051;2.381437,207;299,obstacle:1
prune,1089,0,1383,900.0,,,2.392331;2.381437,128;299,obstacle:2
prune,1089,0,1383,900.0,,,2.416051;2.381437,202;299,obstacle:1
prune,1089,0,1383,900.0,,,2.416051;2.345244,207;385,obstacle:1
push,1089,5201,1383,900.0,300.00000000000006,1200.0,2.392331;2.345244,128;385,
prune,1089,0,1383,900.0,,,2.416051;2.345244,202;385,obstacle:1
pop,1090,1992,1016,900.0,,,2.321928;2.270226,553;475,
push,1090,5202,1992,1000.0,200.00000000000006,1200.0,2.412366;2.355229,559;481,
push,1090,5203,1992,1000.0,200.00000000000006,1200.0,2.475532;2.355229,480;481,
push,1090,5204,1992,1000.0,200.00000000000006,1200.0,2.412366;2.4332,559;396,
push,1090,5205,1992,1000.0,200.00000000000006,1200.0,2.475532;2.4332,480;396,
push,1090,5206,1992,1000.0,300.0000000000001,1300.0,2.412366;2.412366,559;560,
push,1090,5207,1992,1000.0,300.0000000000001,1300.0,2.475532;2.412366,480;560,
pop,1091,1986,1015,900.0,,,2.392331;2.270226,306;475,
push,1091,5208,1986,1000.0,200.00000000000006,1200.0,0.913833;2.355229,223;481,
push,1091,5209,1986,1000.0,200.00000000000006,1200.0,2.510491;2.355229,216;481,
push,1091,5210,1986,1000.0,200.00000000000006,1200.0,2.48524;2.355229,307;481,
push,1091,5211,1986,1000.0,200.00000000000006,1200.0,0.913833;2.4332,223;396,
push,1091,5212,1986,1000.0,200.00000000000006,1200.0,2.510491;2.4332,216;396,
push,1091,5213,1986,1000.0,200.00000000000006,1200.0,2.48524;2.4332,307;396,
push,1091,5214,1986,1000.0,300.0000000000001,1300.0,0.913833;2.412366,223;560,
push,1091,5215,1986,1000.0,300.0000000000001,1300.0,2.510491;2.412366,216;560,
push,1091,5216,1986,1000.0,300.0000000000001,1300.0,2.48524;2.412366,307;560,
pop,1092,1987,1015,900.0,,,2.345244;2.270226,385;475,
push,1092,5217,1987,1000.0,200.00000000000006,1200.0,2.4332;2.355229,391;481,
push,1092,5218,1987,1000.0,200.00000000000006,1200.0,2.48524;2.355229,312;481,
push,1092,5219,1987,1000.0,200.00000000000006,1200.0,2.475532;2.355229,476;481,
push,1092,5220,1987,1000.0,200.00000000000006,1200.0,2.4332;2.4332,391;396,
push,1092,5221,1987,1000.0,200.00000000000006,1200.0,2.48524;2.4332,312;396,
push,1092,5222,1987,1000.0,200.00000000000006,1200.0,2.475532;2.4332,476;396,
push,1092,5223,1987,1000.0,300.0000000000001,1300.0,2.4332;2.412366,391;560,
push,1092,5224,1987,1000.0,300.0000000000001,1300.0,2.48524;2.412366,312;560,
push,1092,5225,1987,1000.0,300.0000000000001,1300.0,2.475532;2.412366,476;560,
pop,1093,1979,1014,900.0,,,2.321928;2.270226,554;475,
push,1093,5226,1979,1000.0,200.00000000000006,1200.0,2.412366;2.355229,559;481,
push,1093,5227,1979,1000.0,200.00000000000006,1200.0,2.412366;2.4332,559;396,
push,1093,5228,1979,1000.0,300.0000000000001,1300.0,2.412366;2.412366,559;560,
pop,1094,1974,1040,900.0,,,2.321928;2.270226,553;475,
push,1094,5229,1974,1000.0,200.00000000000006,1200.0,2.412366;2.355229,559;481,
push,1094,5230,1974,1000.0,200.00000000000006,1200.0,2.475532;2.355229,480;481,
push,1094,5231,1974,1000.0,200.00000000000006,1200.0,2.412366;2.4332,559;396,
push,1094,5232,1974,1000.0,200.00000000000006,1200.0,2.475532;2.4332,480;396,
push,1094,5233,1974,1000.0,300.0000000000001,1300.0,2.412366;2.412366,559;560,
push,1094,5234,1974,1000.0,300.0000000000001,1300.0,2.475532;2.412366,480;560,
pop,1095,1977,1014,900.0,,,2.270226;2.270226,475;475,
push,1095,5235,1977,1000.0,200.00000000000006,1200.0,2.355229;2.355229,481;481,
push,1095,5236,1977,1000.0,200.00000000000006,1200.0,2.4332;2.355229,396;481,
push,1095,5237,1977,1000.0,200.00000000000006,1200.0,2.412366;2.355229,560;481,
push,1095,5238,1977,1000.0,200.00000000000006,1200.0,2.355229;2.4332,481;396,
push,1095,5239,1977,1000.0,200.00000000000006,1200.0,2.4332;2.4332,396;396,
push,1095,5240,1977,1000.0,200.00000000000006,1200.0,2.412366;2.4332,560;396,
push,1095,5241,1977,1000.0,300.0000000000001,1300.0,2.355229;2.412366,481;560,
push,1095,5242,1977,1000.0,300.0000000000001,1300.0,2.4332;2.412366,396;560,
push,1095,5243,1977,1000.0,300.0000000000001,1300.0,2.412366;2.412366,560;560,
pop,1096,1978,1014,900.0,,,2.345244;2.270226,390;475,
push,1096,5244,1978,1000.0,200.00000000000006,1200.0,2.48524;2.355229,312;481,
push,1096,5245,1978,1000.0,200.00000000000006,1200.0,2.475532;2.355229,305;481,
push,1096,5246,1978,1000.0,200.00000000000006,1200.0,2.4332;2.355229,391;481,
push,1096,5247,1978,1000.0,200.00000000000006,1200.0,2.48524;2.4332,312;396,
push,1096,5248,1978,1000.0,200.00000000000006,1200.0,2.475532;2.4332,305;396,
push,1096,5249,1978,1000.0,200.00000000000006,1200.0,2.4332;2.4332,391;396,
push,1096,5250,1978,1000.0,300.0000000000001,1300.0,2.48524;2.412366,312;560,
push,1096,5251,1978,1000.0,300.0000000000001,1300.0,2.475532;2.412366,305;560,
push,1096,5252,1978,1000.0,300.0000000000001,1300.0,2.4332;2.412366,391;560,
pop,1097,1969,1039,900.0,,,2.345244;2.270226,385;475,
push,1097,5253,1969,1000.0,200.00000000000006,1200.0,2.4332;2.355229,391;481,
push,1097,5254,1969,1000.0,200.00000000000006,1200.0,2.48524;2.355229,312;481,
push,1097,5255,1969,1000.0,200.00000000000006,1200.0,2.475532;2.355229,476;481,
push,1097,5256,1969,1000.0,200.00000000000006,1200.0,2.4332;2.4332,391;396,
push,1097,5257,1969,1000.0,200.00000000000006,1200.0,2.48524;2.4332,312;396,
push,1097,5258,1969,1000.0,200.00000000000006,1200.0,2.475532;2.4332,476;396,
push,1097,5259,1969,1000.0,300.0000000000001,1300.0,2.4332;2.412366,391;560,
push,1097,5260,1969,1000.0,300.0000000000001,1300.0,2.48524;2.412366,312;560,
push,1097,5261,1969,1000.0,300.0000000000001,1300.0,2.475532;2.412366,476;560,
pop,1098,1968,1039,900.0,,,2.392331;2.270226,306;475,
push,1098,5262,1968,1000.0,200.00000000000006,1200.0,0.913833;2.355229,223;481,
push,1098,5263,1968,1000.0,200.00000000000006,1200.0,2.510491;2.355229,216;481,
push,1098,5264,1968,1000.0,200.00000000000006,1200.0,2.48524;2.355229,307;481,
push,1098,5265,1968,1000.0,200.00000000000006,1200.0,0.913833;2.4332,223;396,
push,1098,5266,1968,1000.0,200.00000000000006,1200.0,2.510491;2.4332,216;396,
push,1098,5267,1968,1000.0,200.00000000000006,1200.0,2.48524;2.4332,307;396,
push,1098,5268,1968,1000.0,300.0000000000001,1300.0,0.913833;2.412366,223;560,
push,1098,5269,1968,1000.0,300.0000000000001,1300.0,2.510491;2.412366,216;560,
push,1098,5270,1968,1000.0,300.0000000000001,1300.0,2.48524;2.412366,307;560,
pop,1099,1960,1038,900.0,,,2.345244;2.270226,390;475,
push,1099,5271,1960,1000.0,200.00000000000006,1200.0,2.48524;2.355229,312;481,
push,1099,5272,1960,1000.0,200.00000000000006,1200.0,2.475532;2.355229,305;481,
push,1099,5273,1960,1000.0,200.00000000000006,1200.0,2.4332;2.355229,391;481,
push,1099,5274,1960,1000.0,200.00000000000006,1200.0,2.48524;2.4332,312;396,
push,1099,5275,1960,1000.0,200.00000000000006,1200.0,2.475532;2.4332,305;396,
push,1099,5276,1960,1000.0,200.00000000000006,1200.0,2.4332;2.4332,391;396,
push,1099,5277,1960,1000.0,300.0000000000001,1300.0,2.48524;2.412366,312;560,
push,1099,5278,1960,1000.0,300.0000000000001,1300.0,2.475532;2.412366,305;560,
push,1099,5279,1960,1000.0,300.0000000000001,1300.0,2.4332;2.412366,391;560,
pop,1100,1961,1038,900.0,,,2.321928;2.270226,554;475,
push,1100,5280,1961,1000.0,200.00000000000006,1200.0,2.412366;2.355229,559;481,
push,1100,5281,1961,1000.0,200.00000000000006,1200.0,2.412366;2.4332,559;396,
push,1100,5282,1961,1000.0,300.0000000000001,1300.0,2.412366;2.412366,559;560,
pop,1101,1959,1038,900.0,,,2.270226;2.270226,475;475,
push,1101,5283,1959,1000.0,200.00000000000006,1200.0,2.355229;2.355229,481;481,
push,1101,5284,1959,1000.0,200.00000000000006,1200.0,2.4332;2.355229,396;481,
push,1101,5285,1959,1000.0,200.00000000000006,1200.0,2.412366;2.355229,560;481,
push,1101,5286,1959,1000.0,200.00000000000006,1200.0,2.355229;2.4332,481;396,
push,1101,5287,1959,1000.0,200.00000000000006,1200.0,2.4332;2.4332,396;396,
push,1101,5288,1959,1000.0,200.00000000000006,1200.0,2.412366;2.4332,560;396,
push,1101,5289,1959,1000.0,300.0000000000001,1300.0,2.355229;2.412366,481;560,
push,1101,5290,1959,1000.0,300.0000000000001,1300.0,2.4332;2.412366,396;560,
push,1101,5291,1959,1000.0,300.0000000000001,1300.0,2.412366;2.412366,560;560,
pop,1102,1953,1035,900.0,,,2.321928;2.270226,553;475,
push,1102,5292,1953,1000.0,200.00000000000006,1200.0,2.412366;2.355229,559;481,
push,1102,5293,1953,1000.0,200.00000000000006,1200.0,2.475532;2.355229,480;481,
push,1102,5294,1953,1000.0,200.00000000000006,1200.0,2.412366;2.4332,559;396,
push,1102,5295,1953,1000.0,200.00000000000006,1200.0,2.475532;2.4332,480;396,
push,1102,5296,1953,1000.0,300.0000000000001,1300.0,2.412366;2.412366,559;560,
push,1102,5297,1953,1000.0,300.0000000000001,1300.0,2.475532;2.412366,480;560,
pop,1103,1954,1035,900.0,,,2.381437;2.270226,474;475,
push,1103,5298,1954,1000.0,200.00000000000006,1200.0,2.515798;2.355229,390;481,
push,1103,5299,1954,1000.0,200.00000000000006,1200.0,2.49698;2.355229,383;481,
push,1103,5300,1954,1000.0,200.00000000000006,1200.0,2.475532;2.355229,475;481,
push,1103,5301,1954,1000.0,200.00000000000006,1200.0,2.515798;2.4332,390;396,
push,1103,5302,1954,1000.0,200.00000000000006,1200.0,2.49698;2.4332,383;396,
push,1103,5303,1954,1000.0,200.00000000000006,1200.0,2.475532;2.4332,475;396,
push,1103,5304,1954,1000.0,300.0000000000001,1300.0,2.515798;2.412366,390;560,
push,1103,5305,1954,1000.0,300.0000000000001,1300.0,2.49698;2.412366,383;560,
push,1103,5306,1954,1000.0,300.0000000000001,1300.0,2.475532;2.412366,475;560,
pop,1104,1948,1032,900.0,,,2.381437;2.270226,474;475,
push,1104,5307,1948,1000.0,200.00000000000006,1200.0,2.515798;2.355229,390;481,
push,1104,5308,1948,1000.0,200.00000000000006,1200.0,2.49698;2.355229,383;481,
push,1104,5309,1948,1000.0,200.00000000000006,1200.0,2.475532;2.355229,475;481,
push,1104,5310,1948,1000.0,200.00000000000006,1200.0,2.515798;2.4332,390;396,
push,1104,5311,1948,1000.0,200.00000000000006,1200.0,2.49698;2.4332,383;396,
push,1104,5312,1948,1000.0,200.00000000000006,1200.0,2.475532;2.4332,475;396,
push,1104,5313,1948,1000.0,300.0000000000001,1300.0,2.515798;2.412366,390;560,
push,1104,5314,1948,1000.0,300.0000000000001,1300.0,2.49698;2.412366,383;560,
push,1104,5315,1948,1000.0,300.0000000000001,1300.0,2.475532;2.412366,475;560,
pop,1105,1947,1032,900.0,,,2.321928;2.270226,553;475,
push,1105,5316,1947,1000.0,200.00000000000006,1200.0,2.412366;2.355229,559;481,
push,1105,5317,1947,1000.0,200.00000000000006,1200.0,2.475532;2.355229,480;481,
push,1105,5318,1947,1000.0,200.00000000000006,1200.0,2.412366;2.4332,559;396,
push,1105,5319,1947,1000.0,200.00000000000006,1200.0,2.475532;2.4332,480;396,
push,1105,5320,1947,1000.0,300.0000000000001,1300.0,2.412366;2.412366,559;560,
push,1105,5321,1947,1000.0,300.0000000000001,1300.0,2.475532;2.412366,480;560,
pop,1106,2760,1011,900.0,,,2.321928;2.270226,553;475,
push,1106,5322,2760,1000.0,200.00000000000006,1200.0,2.412366;2.355229,559;481,
push,1106,5323,2760,1000.0,200.00000000000006,1200.0,2.475532;2.355229,480;481,
push,1106,5324,2760,1000.0,200.00000000000006,1200.0,2.412366;2.4332,559;396,
push,1106,5325,2760,1000.0,200.00000000000006,1200.0,2.475532;2.4332,480;396,
push,1106,5326,2760,1000.0,300.0000000000001,1300.0,2.412366;2.412366,559;560,
push,1106,5327,2760,1000.0,300.0000000000001,1300.0,2.475532;2.412366,480;560,
pop,1107,2761,1011,900.0,,,2.381437;2.270226,474;475,
push,1107,5328,2761,1000.0,200.00000000000006,1200.0,2.515798;2.355229,390;481,
push,1107,5329,2761,1000.0,200.00000000000006,1200.0,2.49698;2.355229,383;481,
push,1107,5330,2761,1000.0,200.00000000000006,1200.0,2.475532;2.355229,475;481,
push,1107,5331,2761,1000.0,200.00000000000006,1200.0,2.515798;2.4332,390;396,
push,1107,5332,2761,1000.0,200.00000000000006,1200.0,2.49698;2.4332,383;396,
push,1107,5333,2761,1000.0,200.00000000000006,1200.0,2.475532;2.4332,475;396,
push,1107,5334,2761,1000.0,300.0000000000001,1300.0,2.515798;2.412366,390;560,
push,1107,5335,2761,1000.0,300.0000000000001,1300.0,2.49698;2.412366,383;560,
push,1107,5336,2761,1000.0,300.0000000000001,1300.0,2.475532;2.412366,475;560,
pop,1108,2694,1025,900.0,,,2.321928;2.270226,553;475,
push,1108,5337,2694,1000.0,200.00000000000006,1200.0,2.412366;2.355229,559;481,
push,1108,5338,2694,1000.0,200.00000000000006,1200.0,2.475532;2.355229,480;481,
push,1108,5339,2694,1000.0,200.00000000000006,1200.0,2.412366;2.4332,559;396,
push,1108,5340,2694,1000.0,200.00000000000006,1200.0,2.475532;2.4332,480;396,
push,1108,5341,2694,1000.0,300.0000000000001,1300.0,2.412366;2.412366,559;560,
push,1108,5342,2694,1000.0,300.0000000000001,1300.0,2.475532;2.412366,480;560,
pop,1109,2689,1024,900.0,,,2.345244;2.270226,385;475,
push,1109,5343,2689,1000.0,200.00000000000006,1200.0,2.4332;2.355229,391;481,
push,1109,5344,2689,1000.0,200.00000000000006,1200.0,2.48524;2.355229,312;481,
push,1109,5345,2689,1000.0,200.00000000000006,1200.0,2.475532;2.355229,476;481,
push,1109,5346,2689,1000.0,200.00000000000006,1200.0,2.4332;2.4332,391;396,
push,1109,5347,2689,1000.0,200.00000000000006,1200.0,2.48524;2.4332,312;396,
push,1109,5348,2689,1000.0,200.00000000000006,1200.0,2.475532;2.4332,476;396,
push,1109,5349,2689,1000.0,300.0000000000001,1300.0,2.4332;2.412366,391;560,
push,1109,5350,2689,1000.0,300.0000000000001,1300.0,2.48524;2.412366,312;560,
push,1109,5351,2689,1000.0,300.0000000000001,1300.0,2.475532;2.412366,476;560,
pop,1110,2688,1024,900.0,,,2.392331;2.270226,306;475,
push,1110,5352,2688,1000.0,200.00000000000006,1200.0,0.913833;2.355229,223;481,
push,1110,5353,2688,1000.0,200.00000000000006,1200.0,2.510491;2.355229,216;481,
push,1110,5354,2688,1000.0,200.00000000000006,1200.0,2.48524;2.355229,307;481,
push,1110,5355,2688,1000.0,200.00000000000006,1200.0,0.913833;2.4332,223;396,
push,1110,5356,2688,1000.0,200.00000000000006,1200.0,2.510491;2.4332,216;396,
push,1110,5357,2688,1000.0,200.00000000000006,1200.0,2.48524;2.4332,307;396,
push,1110,5358,2688,1000.0,300.0000000000001,1300.0,0.913833;2.412366,223;560,
push,1110,5359,2688,1000.0,300.0000000000001,1300.0,2.510491;2.412366,216;560,
push,1110,5360,2688,1000.0,300.0000000000001,1300.0,2.48524;2.412366,307;560,
pop,1111,2659,1023,900.0,,,2.345244;2.270226,390;475,
push,1111,5361,2659,1000.0,200.00000000000006,1200.0,2.48524;2.355229,312;481,
push,1111,5362,2659,1000.0,200.00000000000006,1200.0,2.475532;2.355229,305;481,
push,1111,5363,2659,1000.0,200.00000000000006,1200.0,2.4332;2.355229,391;481,
push,1111,5364,2659,1000.0,200.00000000000006,1200.0,2.48524;2.4332,312;396,
push,1111,5365,2659,1000.0,200.00000000000006,1200.0,2.475532;2.4332,305;396,
push,1111,5366,2659,1000.0,200.00000000000006,1200.0,2.4332;2.4332,391;396,
push,1111,5367,2659,1000.0,300.0000000000001,1300.0,2.48524;2.412366,312;560,
push,1111,5368,2659,1000.0,300.0000000000001,1300.0,2.475532;2.412366,305;560,
push,1111,5369,2659,1000.0,300.0000000000001,1300.0,2.4332;2.412366,391;560,
pop,1112,2660,1023,900.0,,,2.321928;2.270226,554;475,
push,1112,5370,2660,1000.0,200.00000000000006,1200.0,2.412366;2.355229,559;481,
push,1112,5371,2660,1000.0,200.00000000000006,1200.0,2.412366;2.4332,559;396,
push,1112,5372,2660,1000.0,300.0000000000001,1300.0,2.412366;2.412366,559;560,
pop,1113,2658,1023,900.0,,,2.270226;2.270226,475;475,
push,1113,5373,2658,1000.0,200.00000000000006,1200.0,2.355229;2.355229,481;481,
push,1113,5374,2658,1000.0,200.00000000000006,1200.0,2.4332;2.355229,396;481,
push,1113,5375,2658,1000.0,200.00000000000006,1200.0,2.412366;2.355229,560;481,
push,1113,5376,2658,1000.0,200.00000000000006,1200.0,2.355229;2.4332,481;396,
push,1113,5377,2658,1000.0,200.00000000000006,1200.0,2.4332;2.4332,396;396,
push,1113,5378,2658,1000.0,200.00000000000006,1200.0,2.412366;2.4332,560;396,
push,1113,5379,2658,1000.0,300.0000000000001,1300.0,2.355229;2.412366,481;560,
push,1113,5380,2658,1000.0,300.0000000000001,1300.0,2.4332;2.412366,396;560,
push,1113,5381,2658,1000.0,300.0000000000001,1300.0,2.412366;2.412366,560;560,
pop,1114,2607,1057,900.0,,,2.198211;2.270226,50;475,
push,1114,5382,2607,1000.0,200.00000000000006,1200.0,2.294681;2.355229,56;481,
push,1114,5383,2607,1000.0,200.00000000000006,1200.0,0.902313;2.355229,141;481,
push,1114,5384,2607,1000.0,200.00000000000006,1200.0,2.294681;2.4332,56;396,
push,1114,5385,2607,1000.0,200.00000000000006,1200.0,0.902313;2.4332,141;396,
push,1114,5386,2607,1000.0,300.0000000000001,1300.0,2.294681;2.412366,56;560,
push,1114,5387,2607,1000.0,300.0000000000001,1300.0,0.902313;2.412366,141;560,
pop,1115,2616,1047,900.0,,,2.392331;2.270226,128;475,
push,1115,5388,2616,1000.0,200.00000000000006,1200.0,0.909041;2.355229,134;481,
push,1115,5389,2616,1000.0,200.00000000000006,1200.0,2.515798;2.355229,49;481,
push,1115,5390,2616,1000.0,200.00000000000006,1200.0,2.510491;2.355229,213;481,
push,1115,5391,2616,1000.0,200.00000000000006,1200.0,0.909041;2.4332,134;396,
push,1115,5392,2616,1000.0,200.00000000000006,1200.0,2.515798;2.4332,49;396,
push,1115,5393,2616,1000.0,200.00000000000006,1200.0,2.510491;2.4332,213;396,
push,1115,5394,2616,1000.0,300.0000000000001,1300.0,0.909041;2.412366,134;560,
push,1115,5395,2616,1000.0,300.0000000000001,1300.0,2.515798;2.412366,49;560,
push,1115,5396,2616,1000.0,300.0000000000001,1300.0,2.510491;2.412366,213;560,
pop,1116,2617,1047,900.0,,,2.416051;2.270226,43;475,
push,1116,5397,2617,1000.0,200.00000000000006,1200.0,2.515798;2.355229,44;481,
push,1116,5398,2617,1000.0,200.00000000000006,1200.0,2.515798;2.4332,44;396,
push,1116,5399,2617,1000.0,300.0000000000001,1300.0,2.515798;2.412366,44;560,
pop,1117,2610,1058,900.0,,,2.388627;2.270226,302;475,
push,1117,5400,2610,1000.0,200.00000000000006,1200.0,2.512187;2.355229,386;481,
push,1117,5401,2610,1000.0,200.00000000000006,1200.0,2.481719;2.355229,307;481,
push,1117,5402,2610,1000.0,200.00000000000006,1200.0,2.512233;2.355229,381;481,
push,1117,5403,2610,1000.0,200.00000000000006,1200.0,2.512187;2.4332,386;396,
push,1117,5404,2610,1000.0,200.00000000000006,1200.0,2.481719;2.4332,307;396,
push,1117,5405,2610,1000.0,200.00000000000006,1200.0,2.512233;2.4332,381;396,
push,1117,5406,2610,1000.0,300.0000000000001,1300.0,2.512187;2.412366,386;560,
push,1117,5407,2610,1000.0,300.0000000000001,1300.0,2.481719;2.412366,307;560,
push,1117,5408,2610,1000.0,300.0000000000001,1300.0,2.512233;2.412366,381;560,
pop,1118,2611,1058,900.0,,,0.902229;2.270226,218;475,
push,1118,5409,2611,1000.0,200.00000000000006,1200.0,1.125371;2.355229,224;481,
push,1118,5410,2611,1000.0,200.00000000000006,1200.0,0.737753;2.355229,145;481,
push,1118,5411,2611,1000.0,200.00000000000006,1200.0,1.146544;2.355229,308;481,
push,1118,5412,2611,1000.0,200.00000000000006,1200.0,1.125371;2.4332,224;396,
push,1118,5413,2611,1000.0,200.00000000000006,1200.0,0.737753;2.4332,145;396,
push,1118,5414,2611,1000.0,200.00000000000006,1200.0,1.146544;1.774293,308;396,
push,1118,5415,2611,1000.0,300.0000000000001,1300.0,1.125371;2.412366,224;560,
push,1118,5416,2611,1000.0,300.0000000000001,1300.0,0.737753;2.412366,145;560,
push,1118,5417,2611,1000.0,300.0000000000001,1300.0,1.146544;2.412366,308;560,
pop,1119,5414,2611,1000.0,,,1.146544;1.774293,308;396,
push,1119,5418,5414,1100.0,200.00000000000006,1300.0,1.317798;1.937424,392;318,
push,1119,5419,5414,1100.0,200.00000000000006,1300.0,1.366511;1.457636,313;318,
push,1119,5420,5414,1100.0,200.00000000000006,1300.0,1.377004;1.937424,387;318,
push,1119,5421,5414,1100.0,399.99999999999994,1500.0,1.317798;1.896283,392;311,
push,1119,5422,5414,1100.0,399.99999999999994,1500.0,1.366511;1.896283,313;311,
push,1119,5423,5414,1100.0,399.99999999999994,1500.0,1.377004;1.896283,387;311,
push,1119,5424,5414,1100.0,100.00000000000004,1200.0,1.317798;1.929932,392;397,
push,1119,5425,5414,1100.0,100.00000000000004,1200.0,1.366511;1.929932,313;397,
push,1119,5426,5414,1100.0,100.00000000000004,1200.0,1.377004;1.929932,387;397,
pop,1120,5424,5414,1100.0,,,1.317798;1.929932,392;397,
push,1120,5427,5424,1200.0,4.263256414560601e-14,1200.0,1.458546;2.061408,482;403,
push,1120,5428,5424,1200.0,4.263256414560601e-14,1200.0,1.537599;2.061408,397;403,
push,1120,5429,5424,1200.0,4.263256414560601e-14,1200.0,1.544996;2.061408,477;403,
push,1120,5430,5424,1200.0,499.99999999999994,1700.0,1.458546;2.084127,482;324,
push,1120,5431,5424,1200.0,499.99999999999994,1700.0,1.537599;2.084127,397;324,
push,1120,5432,5424,1200.0,499.99999999999994,1700.0,1.544996;2.084127,477;324,
push,1120,5433,5424,1200.0,500.0000000000001,1700.0,1.458546;2.051349,482;488,
push,1120,5434,5424,1200.0,500.0000000000001,1700.0,1.537599;2.051349,397;488,
push,1120,5435,5424,1200.0,500.0000000000001,1700.0,1.544996;2.051349,477;488,
pop,1121,5425,5414,1100.0,,,1.366511;1.929932,313;397,
push,1121,5436,5425,1200.0,4.263256414560601e-14,1200.0,1.529185;2.061408,319;403,
push,1121,5437,5425,1200.0,4.263256414560601e-14,1200.0,1.575996;2.061408,235;403,
push,1121,5438,5425,1200.0,4.263256414560601e-14,1200.0,1.537599;2.061408,398;403,
push,1121,5439,5425,1200.0,499.99999999999994,1700.0,1.529185;1.613243,319;324,
push,1121,5440,5425,1200.0,499.99999999999994,1700.0,1.575996;2.084127,235;324,
push,1121,5441,5425,1200.0,499.99999999999994,1700.0,1.537599;2.084127,398;324,
push,1121,5442,5425,1200.0,500.0000000000001,1700.0,1.529185;2.051349,319;488,
push,1121,5443,5425,1200.0,500.0000000000001,1700.0,1.575996;2.051349,235;488,
push,1121,5444,5425,1200.0,500.0000000000001,1700.0,1.537599;2.051349,398;488,
pop,1122,5426,5414,1100.0,,,1.377004;1.929932,387;397,
push,1122,5445,5426,1200.0,4.263256414560601e-14,1200.0,1.544115;2.061408,471;403,
push,1122,5446,5426,1200.0,4.263256414560601e-14,1200.0,1.544996;2.061408,476;403,
push,1122,5447,5426,1200.0,4.263256414560601e-14,1200.0,1.575996;2.061408,382;403,
push,1122,5448,5426,1200.0,499.99999999999994,1700.0,1.544115;2.084127,471;324,
push,1122,5449,5426,1200.0,499.99999999999994,1700.0,1.544996;2.084127,476;324,
push,1122,5450,5426,1200.0,499.99999999999994,1700.0,1.575996;2.084127,382;324,
push,1122,5451,5426,1200.0,500.0000000000001,1700.0,1.544115;2.051349,471;488,
push,1122,5452,5426,1200.0,500.0000000000001,1700.0,1.544996;2.051349,476;488,
push,1122,5453,5426,1200.0,500.0000000000001,1700.0,1.575996;2.051349,382;488,
pop,1123,5427,5424,1200.0,,,1.458546;2.061408,482;403,
prune,1123,5427,5424,1200.0,,,1.458546;2.061408,482;403,goal_spline
pop,1124,5428,5424,1200.0,,,1.537599;2.061408,397;403,
prune,1124,5428,5424,1200.0,,,1.537599;2.061408,397;403,goal_spline
pop,1125,5429,5424,1200.0,,,1.544996;2.061408,477;403,
prune,1125,5429,5424,1200.0,,,1.544996;2.061408,477;403,goal_spline
pop,1126,5436,5425,1200.0,,,1.529185;2.061408,319;403,
prune,1126,5436,5425,1200.0,,,1.529185;2.061408,319;403,goal_spline
pop,1127,5437,5425,1200.0,,,1.575996;2.061408,235;403,
prune,1127,5437,5425,1200.0,,,1.575996;2.061408,235;403,goal_spline
pop,1128,5438,5425,1200.0,,,1.537599;2.061408,398;403,
prune,1128,5438,5425,1200.0,,,1.537599;2.061408,398;403,goal_spline
pop,1129,5445,5426,1200.0,,,1.544115;2.061408,471;403,
prune,1129,5445,5426,1200.0,,,1.544115;2.061408,471;403,goal_spline
pop,1130,5446,5426,1200.0,,,1.544996;2.061408,476;403,
prune,1130,5446,5426,1200.0,,,1.544996;2.061408,476;403,goal_spline
pop,1131,5447,5426,1200.0,,,1.575996;2.061408,382;403,
prune,1131,5447,5426,1200.0,,,1.575996;2.061408,382;403,goal_spline
pop,1132,2599,1056,900.0,,,1.124937;2.270226,55;475,
push,1132,5454,2599,1000.0,200.00000000000006,1200.0,1.341184;2.355229,56;481,
push,1132,5455,2599,1000.0,200.00000000000006,1200.0,1.341184;2.4332,56;396,
push,1132,5456,2599,1000.0,300.0000000000001,1300.0,1.341184;2.412366,56;560,
pop,1133,2589,1066,900.0,,,2.420764;2.270226,344;475,
push,1133,5457,2589,1000.0,200.00000000000006,1200.0,2.531239;2.355229,434;481,
push,1133,5458,2589,1000.0,200.00000000000006,1200.0,2.538289;2.355229,349;481,
push,1133,5459,2589,1000.0,200.00000000000006,1200.0,2.522055;2.355229,429;481,
push,1133,5460,2589,1000.0,200.00000000000006,1200.0,2.531239;2.4332,434;396,
push,1133,5461,2589,1000.0,200.00000000000006,1200.0,2.538289;2.4332,349;396,
push,1133,5462,2589,1000.0,200.00000000000006,1200.0,2.522055;2.4332,429;396,
push,1133,5463,2589,1000.0,300.0000000000001,1300.0,2.531239;2.412366,434;560,
push,1133,5464,2589,1000.0,300.0000000000001,1300.0,2.538289;2.412366,349;560,
push,1133,5465,2589,1000.0,300.0000000000001,1300.0,2.522055;2.412366,429;560,
pop,1134,2591,1066,900.0,,,2.399601;2.270226,339;475,
push,1134,5466,2591,1000.0,200.00000000000006,1200.0,2.493881;2.355229,423;481,
push,1134,5467,2591,1000.0,200.00000000000006,1200.0,2.522055;2.355229,428;481,
push,1134,5468,2591,1000.0,200.00000000000006,1200.0,2.493881;2.4332,423;396,
push,1134,5469,2591,1000.0,200.00000000000006,1200.0,2.522055;2.4332,428;396,
push,1134,5470,2591,1000.0,300.0000000000001,1300.0,2.493881;2.412366,423;560,
push,1134,5471,2591,1000.0,300.0000000000001,1300.0,2.522055;2.412366,428;560,
pop,1135,2590,1066,900.0,,,2.418411;2.270226,265;475,
prune,1135,0,2590,1000.0,,,2.527119;2.355229,271;481,obstacle:1
push,1135,5472,2590,1000.0,200.00000000000006,1200.0,2.519974;2.355229,187;481,
push,1135,5473,2590,1000.0,200.00000000000006,1200.0,2.538289;2.355229,350;481,
prune,1135,0,2590,1000.0,,,2.527119;2.4332,271;396,obstacle:1
push,1135,5474,2590,1000.0,200.00000000000006,1200.0,2.519974;2.4332,187;396,
push,1135,5475,2590,1000.0,200.00000000000006,1200.0,2.538289;2.4332,350;396,
prune,1135,0,2590,1000.0,,,2.527119;2.412366,271;560,obstacle:1
push,1135,5476,2590,1000.0,300.0000000000001,1300.0,2.519974;2.412366,187;560,
push,1135,5477,2590,1000.0,300.0000000000001,1300.0,2.538289;2.412366,350;560,
pop,1136,2586,1065,900.0,,,2.399601;2.270226,338;475,
push,1136,5478,2586,1000.0,200.00000000000006,1200.0,2.522055;2.355229,428;481,
push,1136,5479,2586,1000.0,200.00000000000006,1200.0,2.519974;2.355229,343;481,
push,1136,5480,2586,1000.0,200.00000000000006,1200.0,2.493881;2.355229,423;481,
push,1136,5481,2586,1000.0,200.00000000000006,1200.0,2.522055;2.4332,428;396,
push,1136,5482,2586,1000.0,200.00000000000006,1200.0,2.519974;2.4332,343;396,
push,1136,5483,2586,1000.0,200.00000000000006,1200.0,2.493881;2.4332,423;396,
push,1136,5484,2586,1000.0,300.0000000000001,1300.0,2.522055;2.412366,428;560,
push,1136,5485,2586,1000.0,300.0000000000001,1300.0,2.519974;2.412366,343;560,
push,1136,5486,2586,1000.0,300.0000000000001,1300.0,2.493881;2.412366,423;560,
pop,1137,2574,1084,900.0,,,2.420764;2.270226,344;475,
push,1137,5487,2574,1000.0,200.00000000000006,1200.0,2.531239;2.355229,434;481,
push,1137,5488,2574,1000.0,200.00000000000006,1200.0,2.538289;2.355229,349;481,
push,1137,5489,2574,1000.0,200.00000000000006,1200.0,2.522055;2.355229,429;481,
push,1137,5490,2574,1000.0,200.00000000000006,1200.0,2.531239;2.4332,434;396,
push,1137,5491,2574,1000.0,200.00000000000006,1200.0,2.538289;2.4332,349;396,
push,1137,5492,2574,1000.0,200.00000000000006,1200.0,2.522055;2.4332,429;396,
push,1137,5493,2574,1000.0,300.0000000000001,1300.0,2.531239;2.412366,434;560,
push,1137,5494,2574,1000.0,300.0000000000001,1300.0,2.538289;2.412366,349;560,
push,1137,5495,2574,1000.0,300.0000000000001,1300.0,2.522055;2.412366,429;560,
pop,1138,2580,1051,900.0,,,2.411382;2.270226,213;475,
push,1138,5496,2580,1000.0,200.00000000000006,1200.0,2.531779;2.355229,302;481,
push,1138,5497,2580,1000.0,200.00000000000006,1200.0,0.913615;2.355229,218;481,
prune,1138,0,2580,1000.0,,,2.522649;2.355229,297;481,obstacle:1
push,1138,5498,2580,1000.0,200.00000000000006,1200.0,2.531779;2.4332,302;396,
push,1138,5499,2580,1000.0,200.00000000000006,1200.0,0.913615;2.4332,218;396,
prune,1138,0,2580,1000.0,,,2.522649;2.4332,297;396,obstacle:1
push,1138,5500,2580,1000.0,300.0000000000001,1300.0,2.531779;2.412366,302;560,
push,1138,5501,2580,1000.0,300.0000000000001,1300.0,0.913615;2.412366,218;560,
prune,1138,0,2580,1000.0,,,2.522649;2.412366,297;560,obstacle:1
pop,1139,2581,1051,900.0,,,0.903241;2.270226,134;475,
push,1139,5502,2581,1000.0,200.00000000000006,1200.0,0.732852;2.355229,140;481,
push,1139,5503,2581,1000.0,200.00000000000006,1200.0,1.13521;2.355229,55;481,
push,1139,5504,2581,1000.0,200.00000000000006,1200.0,0.741549;2.355229,219;481,
push,1139,5505,2581,1000.0,200.00000000000006,1200.0,0.732852;2.4332,140;396,
push,1139,5506,2581,1000.0,200.00000000000006,1200.0,1.13521;2.4332,55;396,
push,1139,5507,2581,1000.0,200.00000000000006,1200.0,0.741549;2.4332,219;396,
push,1139,5508,2581,1000.0,300.0000000000001,1300.0,0.732852;2.412366,140;560,
push,1139,5509,2581,1000.0,300.0000000000001,1300.0,1.13521;2.412366,55;560,
push,1139,5510,2581,1000.0,300.0000000000001,1300.0,0.741549;2.412366,219;560,
pop,1140,2575,1084,900.0,,,2.399601;2.270226,339;475,
push,1140,5511,2575,1000.0,200.00000000000006,1200.0,2.493881;2.355229,423;481,
push,1140,5512,2575,1000.0,200.00000000000006,1200.0,2.522055;2.355229,428;481,
push,1140,5513,2575,1000.0,200.00000000000006,1200.0,2.493881;2.4332,423;396,
push,1140,5514,2575,1000.0,200.00000000000006,1200.0,2.522055;2.4332,428;396,
push,1140,5515,2575,1000.0,300.0000000000001,1300.0,2.493881;2.412366,423;560,
push,1140,5516,2575,1000.0,300.0000000000001,1300.0,2.522055;2.412366,428;560,
pop,1141,2568,1089,900.0,,,2.420764;2.270226,350;475,
push,1141,5517,2568,1000.0,200.00000000000006,1200.0,2.522055;2.355229,440;481,
prune,1141,0,2568,1000.0,,,2.538289;2.355229,355;481,obstacle:1
push,1141,5518,2568,1000.0,200.00000000000006,1200.0,2.531239;2.355229,435;481,
push,1141,5519,2568,1000.0,200.00000000000006,1200.0,2.522055;2.4332,440;396,
prune,1141,0,2568,1000.0,,,2.538289;2.4332,355;396,obstacle:1
push,1141,5520,2568,1000.0,200.00000000000006,1200.0,2.531239;2.4332,435;396,
push,1141,5521,2568,1000.0,300.0000000000001,1300.0,2.522055;2.412366,440;560,
prune,1141,0,2568,1000.0,,,2.538289;2.412366,355;560,obstacle:1
push,1141,5522,2568,1000.0,300.0000000000001,1300.0,2.531239;2.412366,435;560,
pop,1142,2569,1089,900.0,,,2.420764;2.270226,345;475,
push,1142,5523,2569,1000.0,200.00000000000006,1200.0,2.522055;2.355229,429;481,
push,1142,5524,2569,1000.0,200.00000000000006,1200.0,2.531239;2.355229,434;481,
push,1142,5525,2569,1000.0,200.00000000000006,1200.0,2.538289;2.355229,340;481,
push,1142,5526,2569,1000.0,200.00000000000006,1200.0,2.522055;2.4332,429;396,
push,1142,5527,2569,1000.0,200.00000000000006,1200.0,2.531239;2.4332,434;396,
push,1142,5528,2569,1000.0,200.00000000000006,1200.0,2.538289;2.4332,340;396,
push,1142,5529,2569,1000.0,300.0000000000001,1300.0,2.522055;2.412366,429;560,
push,1142,5530,2569,1000.0,300.0000000000001,1300.0,2.531239;2.412366,434;560,
push,1142,5531,2569,1000.0,300.0000000000001,1300.0,2.538289;2.412366,340;560,
pop,1143,2562,1078,900.0,,,2.416051;2.270226,38;475,
push,1143,5532,2562,1000.0,200.00000000000006,1200.0,2.515798;2.355229,44;481,
push,1143,5533,2562,1000.0,200.00000000000006,1200.0,2.536248;2.355229,129;481,
push,1143,5534,2562,1000.0,200.00000000000006,1200.0,2.515798;2.4332,44;396,
push,1143,5535,2562,1000.0,200.00000000000006,1200.0,2.536248;2.4332,129;396,
push,1143,5536,2562,1000.0,300.0000000000001,1300.0,2.515798;2.412366,44;560,
push,1143,5537,2562,1000.0,300.0000000000001,1300.0,2.536248;2.412366,129;560,
pop,1144,2565,1083,900.0,,,2.399601;2.270226,338;475,
push,1144,5538,2565,1000.0,200.00000000000006,1200.0,2.522055;2.355229,428;481,
push,1144,5539,2565,1000.0,200.00000000000006,1200.0,2.519974;2.355229,343;481,
push,1144,5540,2565,1000.0,200.00000000000006,1200.0,2.493881;2.355229,423;481,
push,1144,5541,2565,1000.0,200.00000000000006,1200.0,2.522055;2.4332,428;396,
push,1144,5542,2565,1000.0,200.00000000000006,1200.0,2.519974;2.4332,343;396,
push,1144,5543,2565,1000.0,200.00000000000006,1200.0,2.493881;2.4332,423;396,
push,1144,5544,2565,1000.0,300.0000000000001,1300.0,2.522055;2.412366,428;560,
push,1144,5545,2565,1000.0,300.0000000000001,1300.0,2.519974;2.412366,343;560,
push,1144,5546,2565,1000.0,300.0000000000001,1300.0,2.493881;2.412366,423;560,
pop,1145,2553,1099,900.0,,,2.416051;2.270226,349;475,
prune,1145,0,2553,1000.0,,,2.515798;2.355229,355;481,obstacle:1
prune,1145,0,2553,1000.0,,,2.527119;2.355229,276;481,obstacle:1
push,1145,5547,2553,1000.0,200.00000000000006,1200.0,2.536248;2.355229,440;481,
prune,1145,0,2553,1000.0,,,2.515798;2.4332,355;396,obstacle:1
prune,1145,0,2553,1000.0,,,2.527119;2.4332,276;396,obstacle:1
push,1145,5548,2553,1000.0,200.00000000000006,1200.0,2.536248;2.4332,440;396,
prune,1145,0,2553,1000.0,,,2.515798;2.412366,355;560,obstacle:1
prune,1145,0,2553,1000.0,,,2.527119;2.412366,276;560,obstacle:1
push,1145,5549,2553,1000.0,300.0000000000001,1300.0,2.536248;2.412366,440;560,
pop,1146,2555,1099,900.0,,,2.428817;2.270226,434;475,
push,1146,5550,2555,1000.0,200.00000000000006,1200.0,2.538289;2.355229,518;481,
push,1146,5551,2555,1000.0,200.00000000000006,1200.0,2.536248;2.355229,439;481,
push,1146,5552,2555,1000.0,200.00000000000006,1200.0,2.538289;2.355229,513;481,
push,1146,5553,2555,1000.0,200.00000000000006,1200.0,2.538289;2.4332,518;396,
push,1146,5554,2555,1000.0,200.00000000000006,1200.0,2.536248;2.4332,439;396,
push,1146,5555,2555,1000.0,200.00000000000006,1200.0,2.538289;2.4332,513;396,
push,1146,5556,2555,1000.0,300.0000000000001,1300.0,2.538289;2.412366,518;560,
push,1146,5557,2555,1000.0,300.0000000000001,1300.0,2.536248;2.412366,439;560,
push,1146,5558,2555,1000.0,300.0000000000001,1300.0,2.538289;2.412366,513;560,
pop,1147,2554,1099,900.0,,,2.418411;2.270226,270;475,
push,1147,5559,2554,1000.0,200.00000000000006,1200.0,2.538289;2.355229,180;481,
prune,1147,0,2554,1000.0,,,2.527119;2.355229,271;481,obstacle:1
push,1147,5560,2554,1000.0,200.00000000000006,1200.0,2.538289;2.4332,180;396,
prune,1147,0,2554,1000.0,,,2.527119;2.4332,271;396,obstacle:1
push,1147,5561,2554,1000.0,300.0000000000001,1300.0,2.538289;2.412366,180;560,
prune,1147,0,2554,1000.0,,,2.527119;2.412366,271;560,obstacle:1
pop,1148,2544,1098,900.0,,,2.420764;2.270226,512;475,
push,1148,5562,2544,1000.0,200.00000000000006,1200.0,2.538289;2.355229,517;481,
push,1148,5563,2544,1000.0,200.00000000000006,1200.0,2.538289;2.4332,517;396,
push,1148,5564,2544,1000.0,300.0000000000001,1300.0,2.538289;2.412366,517;560,
pop,1149,2545,1098,900.0,,,2.428817;2.270226,433;475,
push,1149,5565,2545,1000.0,200.00000000000006,1200.0,2.536248;2.355229,439;481,
push,1149,5566,2545,1000.0,200.00000000000006,1200.0,2.538289;2.355229,354;481,
push,1149,5567,2545,1000.0,200.00000000000006,1200.0,2.538289;2.355229,518;481,
push,1149,5568,2545,1000.0,200.00000000000006,1200.0,2.536248;2.4332,439;396,
push,1149,5569,2545,1000.0,200.00000000000006,1200.0,2.538289;2.4332,354;396,
push,1149,5570,2545,1000.0,200.00000000000006,1200.0,2.538289;2.4332,518;396,
push,1149,5571,2545,1000.0,300.0000000000001,1300.0,2.536248;2.412366,439;560,
push,1149,5572,2545,1000.0,300.0000000000001,1300.0,2.538289;2.412366,354;560,
push,1149,5573,2545,1000.0,300.0000000000001,1300.0,2.538289;2.412366,518;560,
pop,1150,2546,1098,900.0,,,2.420764;2.270226,507;475,
pop,1151,2535,1107,900.0,,,2.392331;2.270226,128;475,
push,1151,5574,2535,1000.0,200.00000000000006,1200.0,0.909041;2.355229,134;481,
push,1151,5575,2535,1000.0,200.00000000000006,1200.0,2.515798;2.355229,49;481,
push,1151,5576,2535,1000.0,200.00000000000006,1200.0,2.510491;2.355229,213;481,
push,1151,5577,2535,1000.0,200.00000000000006,1200.0,0.909041;2.4332,134;396,
push,1151,5578,2535,1000.0,200.00000000000006,1200.0,2.515798;2.4332,49;396,
push,1151,5579,2535,1000.0,200.00000000000006,1200.0,2.510491;2.4332,213;396,
push,1151,5580,2535,1000.0,300.0000000000001,1300.0,0.909041;2.412366,134;560,
push,1151,5581,2535,1000.0,300.0000000000001,1300.0,2.515798;2.412366,49;560,
push,1151,5582,2535,1000.0,300.0000000000001,1300.0,2.510491;2.412366,213;560,
pop,1152,2541,1108,900.0,,,2.416051;2.270226,38;475,
push,1152,5583,2541,1000.0,200.00000000000006,1200.0,2.515798;2.355229,44;481,
push,1152,5584,2541,1000.0,200.00000000000006,1200.0,2.536248;2.355229,129;481,
push,1152,5585,2541,1000.0,200.00000000000006,1200.0,2.515798;2.4332,44;396,
push,1152,5586,2541,1000.0,200.00000000000006,1200.0,2.536248;2.4332,129;396,
push,1152,5587,2541,1000.0,300.0000000000001,1300.0,2.515798;2.412366,44;560,
push,1152,5588,2541,1000.0,300.0000000000001,1300.0,2.536248;2.412366,129;560,
pop,1153,2536,1107,900.0,,,2.416051;2.270226,43;475,
push,1153,5589,2536,1000.0,200.00000000000006,1200.0,2.515798;2.355229,44;481,
push,1153,5590,2536,1000.0,200.00000000000006,1200.0,2.515798;2.4332,44;396,
push,1153,5591,2536,1000.0,300.0000000000001,1300.0,2.515798;2.412366,44;560,
pop,1154,2524,1091,900.0,,,2.420764;2.270226,344;475,
push,1154,5592,2524,1000.0,200.00000000000006,1200.0,2.531239;2.355229,434;481,
push,1154,5593,2524,1000.0,200.00000000000006,1200.0,2.538289;2.355229,349;481,
push,1154,5594,2524,1000.0,200.00000000000006,1200.0,2.522055;2.355229,429;481,
push,1154,5595,2524,1000.0,200.00000000000006,1200.0,2.531239;2.4332,434;396,
push,1154,5596,2524,1000.0,200.00000000000006,1200.0,2.538289;2.4332,349;396,
push,1154,5597,2524,1000.0,200.00000000000006,1200.0,2.522055;2.4332,429;396,
push,1154,5598,2524,1000.0,300.0000000000001,1300.0,2.531239;2.412366,434;560,
push,1154,5599,2524,1000.0,300.0000000000001,1300.0,2.538289;2.412366,349;560,
push,1154,5600,2524,1000.0,300.0000000000001,1300.0,2.522055;2.412366,429;560,
pop,1155,2532,1100,900.0,,,2.420764;2.270226,506;475,
push,1155,5601,2532,1000.0,200.00000000000006,1200.0,2.538289;2.355229,511;481,
push,1155,5602,2532,1000.0,200.00000000000006,1200.0,2.538289;2.4332,511;396,
push,1155,5603,2532,1000.0,300.0000000000001,1300.0,2.538289;2.412366,511;560,
pop,1156,2525,1091,900.0,,,2.418411;2.270226,257;475,
pop,1157,2523,1091,900.0,,,2.399601;2.270226,339;475,
push,1157,5604,2523,1000.0,200.00000000000006,1200.0,2.493881;2.355229,423;481,
push,1157,5605,2523,1000.0,200.00000000000006,1200.0,2.522055;2.355229,428;481,
push,1157,5606,2523,1000.0,200.00000000000006,1200.0,2.493881;2.4332,423;396,
push,1157,5607,2523,1000.0,200.00000000000006,1200.0,2.522055;2.4332,428;396,
push,1157,5608,2523,1000.0,300.0000000000001,1300.0,2.493881;2.412366,423;560,
push,1157,5609,2523,1000.0,300.0000000000001,1300.0,2.522055;2.412366,428;560,
pop,1158,2517,1077,900.0,,,2.392331;2.270226,128;475,
push,1158,5610,2517,1000.0,200.00000000000006,1200.0,0.909041;2.355229,134;481,
push,1158,5611,2517,1000.0,200.00000000000006,1200.0,2.515798;2.355229,49;481,
push,1158,5612,2517,1000.0,200.00000000000006,1200.0,2.510491;2.355229,213;481,
push,1158,5613,2517,1000.0,200.00000000000006,1200.0,0.909041;2.4332,134;396,
push,1158,5614,2517,1000.0,200.00000000000006,1200.0,2.515798;2.4332,49;396,
push,1158,5615,2517,1000.0,200.00000000000006,1200.0,2.510491;2.4332,213;396,
push,1158,5616,2517,1000.0,300.0000000000001,1300.0,0.909041;2.412366,134;560,
push,1158,5617,2517,1000.0,300.0000000000001,1300.0,2.515798;2.412366,49;560,
push,1158,5618,2517,1000.0,300.0000000000001,1300.0,2.510491;2.412366,213;560,
pop,1159,2518,1077,900.0,,,2.416051;2.270226,43;475,
push,1159,5619,2518,1000.0,200.00000000000006,1200.0,2.515798;2.355229,44;481,
push,1159,5620,2518,1000.0,200.00000000000006,1200.0,2.515798;2.4332,44;396,
push,1159,5621,2518,1000.0,300.0000000000001,1300.0,2.515798;2.412366,44;560,
pop,1160,2510,1120,900.0,,,2.420764;2.270226,507;475,
pop,1161,2508,1120,900.0,,,2.420764;2.270226,512;475,
push,1161,5622,2508,1000.0,200.00000000000006,1200.0,2.538289;2.355229,517;481,
push,1161,5623,2508,1000.0,200.00000000000006,1200.0,2.538289;2.4332,517;396,
push,1161,5624,2508,1000.0,300.0000000000001,1300.0,2.538289;2.412366,517;560,
pop,1162,2509,1120,900.0,,,2.428817;2.270226,433;475,
push,1162,5625,2509,1000.0,200.00000000000006,1200.0,2.536248;2.355229,439;481,
push,1162,5626,2509,1000.0,200.00000000000006,1200.0,2.538289;2.355229,354;481,
push,1162,5627,2509,1000.0,200.00000000000006,1200.0,2.538289;2.355229,518;481,
push,1162,5628,2509,1000.0,200.00000000000006,1200.0,2.536248;2.4332,439;396,
push,1162,5629,2509,1000.0,200.00000000000006,1200.0,2.538289;2.4332,354;396,
push,1162,5630,2509,1000.0,200.00000000000006,1200.0,2.538289;2.4332,518;396,
push,1162,5631,2509,1000.0,300.0000000000001,1300.0,2.536248;2.412366,439;560,
push,1162,5632,2509,1000.0,300.0000000000001,1300.0,2.538289;2.412366,354;560,
push,1162,5633,2509,1000.0,300.0000000000001,1300.0,2.538289;2.412366,518;560,
pop,1163,2502,1128,900.0,,,2.345244;2.270226,44;475,
push,1163,5634,2502,1000.0,200.00000000000006,1200.0,2.292675;2.355229,50;481,
push,1163,5635,2502,1000.0,200.00000000000006,1200.0,0.909041;2.355229,135;481,
push,1163,5636,2502,1000.0,200.00000000000006,1200.0,2.292675;2.4332,50;396,
push,1163,5637,2502,1000.0,200.00000000000006,1200.0,0.909041;2.4332,135;396,
push,1163,5638,2502,1000.0,300.0000000000001,1300.0,2.292675;2.412366,50;560,
push,1163,5639,2502,1000.0,300.0000000000001,1300.0,0.909041;2.412366,135;560,
pop,1164,2503,1128,900.0,,,2.392331;2.270226,129;475,
push,1164,5640,2503,1000.0,200.00000000000006,1200.0,2.510491;2.355229,213;481,
push,1164,5641,2503,1000.0,200.00000000000006,1200.0,0.909041;2.355229,134;481,
prune,1164,0,2503,1000.0,,,2.515798;2.355229,208;481,obstacle:1
push,1164,5642,2503,1000.0,200.00000000000006,1200.0,2.510491;2.4332,213;396,
push,1164,5643,2503,1000.0,200.00000000000006,1200.0,0.909041;2.4332,134;396,
prune,1164,0,2503,1000.0,,,2.515798;2.4332,208;396,obstacle:1
push,1164,5644,2503,1000.0,300.0000000000001,1300.0,2.510491;2.412366,213;560,
push,1164,5645,2503,1000.0,300.0000000000001,1300.0,0.909041;2.412366,134;560,
prune,1164,0,2503,1000.0,,,2.515798;2.412366,208;560,obstacle:1
pop,1165,2487,1114,900.0,,,2.394762;2.270226,44;475,
push,1165,5646,2487,1000.0,200.00000000000006,1200.0,2.350609;2.355229,50;481,
push,1165,5647,2487,1000.0,200.00000000000006,1200.0,0.911124;2.355229,135;481,
push,1165,5648,2487,1000.0,200.00000000000006,1200.0,2.350609;2.4332,50;396,
push,1165,5649,2487,1000.0,200.00000000000006,1200.0,0.911124;2.4332,135;396,
push,1165,5650,2487,1000.0,300.0000000000001,1300.0,2.350609;2.412366,50;560,
push,1165,5651,2487,1000.0,300.0000000000001,1300.0,0.911124;2.412366,135;560,
pop,1166,2493,1125,900.0,,,2.428817;2.270226,260;475,
push,1166,5652,2493,1000.0,200.00000000000006,1200.0,2.538289;2.355229,344;481,
push,1166,5653,2493,1000.0,200.00000000000006,1200.0,2.538289;2.355229,339;481,
push,1166,5654,2493,1000.0,200.00000000000006,1200.0,2.538289;2.4332,344;396,
push,1166,5655,2493,1000.0,200.00000000000006,1200.0,2.538289;2.4332,339;396,
push,1166,5656,2493,1000.0,300.0000000000001,1300.0,2.538289;2.412366,344;560,
push,1166,5657,2493,1000.0,300.0000000000001,1300.0,2.538289;2.412366,339;560,
pop,1167,2494,1125,900.0,,,2.416051;2.270226,176;475,
push,1167,5658,2494,1000.0,200.00000000000006,1200.0,2.515798;2.355229,182;481,
push,1167,5659,2494,1000.0,200.00000000000006,1200.0,2.527119;2.355229,103;481,
push,1167,5660,2494,1000.0,200.00000000000006,1200.0,2.536248;2.355229,266;481,
push,1167,5661,2494,1000.0,200.00000000000006,1200.0,2.515798;2.4332,182;396,
push,1167,5662,2494,1000.0,200.00000000000006,1200.0,2.527119;2.4332,103;396,
push,1167,5663,2494,1000.0,200.00000000000006,1200.0,2.536248;2.4332,266;396,
push,1167,5664,2494,1000.0,300.0000000000001,1300.0,2.515798;2.412366,182;560,
push,1167,5665,2494,1000.0,300.0000000000001,1300.0,2.527119;2.412366,103;560,
push,1167,5666,2494,1000.0,300.0000000000001,1300.0,2.536248;2.412366,266;560,
pop,1168,2495,1125,900.0,,,2.418411;2.270226,256;475,
push,1168,5667,2495,1000.0,200.00000000000006,1200.0,2.538289;2.355229,338;481,
push,1168,5668,2495,1000.0,200.00000000000006,1200.0,2.538289;2.4332,338;396,
push,1168,5669,2495,1000.0,300.0000000000001,1300.0,2.538289;2.412366,338;560,
pop,1169,2490,1119,900.0,,,2.420764;2.270226,506;475,
push,1169,5670,2490,1000.0,200.00000000000006,1200.0,2.538289;2.355229,511;481,
push,1169,5671,2490,1000.0,200.00000000000006,1200.0,2.538289;2.4332,511;396,
push,1169,5672,2490,1000.0,300.0000000000001,1300.0,2.538289;2.412366,511;560,
pop,1170,2484,1136,900.0,,,2.420764;2.270226,338;475,
push,1170,5673,2484,1000.0,200.00000000000006,1200.0,2.522055;2.355229,428;481,
push,1170,5674,2484,1000.0,200.00000000000006,1200.0,2.538289;2.355229,343;481,
push,1170,5675,2484,1000.0,200.00000000000006,1200.0,2.531239;2.355229,423;481,
push,1170,5676,2484,1000.0,200.00000000000006,1200.0,2.522055;2.4332,428;396,
push,1170,5677,2484,1000.0,200.00000000000006,1200.0,2.538289;2.4332,343;396,
push,1170,5678,2484,1000.0,200.00000000000006,1200.0,2.531239;2.4332,423;396,
push,1170,5679,2484,1000.0,300.0000000000001,1300.0,2.522055;2.412366,428;560,
push,1170,5680,2484,1000.0,300.0000000000001,1300.0,2.538289;2.412366,343;560,
push,1170,5681,2484,1000.0,300.0000000000001,1300.0,2.531239;2.412366,423;560,
pop,1171,2476,1135,900.0,,,2.428817;2.270226,103;475,
push,1171,5682,2476,1000.0,200.00000000000006,1200.0,2.538289;2.355229,19;481,
push,1171,5683,2476,1000.0,200.00000000000006,1200.0,2.536248;2.355229,104;481,
push,1171,5684,2476,1000.0,200.00000000000006,1200.0,2.538289;2.4332,19;396,
push,1171,5685,2476,1000.0,200.00000000000006,1200.0,2.536248;2.4332,104;396,
push,1171,5686,2476,1000.0,300.0000000000001,1300.0,2.538289;2.412366,19;560,
push,1171,5687,2476,1000.0,300.0000000000001,1300.0,2.536248;2.412366,104;560,
pop,1172,2477,1135,900.0,,,2.418411;2.270226,266;475,
push,1172,5688,2477,1000.0,200.00000000000006,1200.0,2.519974;2.355229,350;481,
prune,1172,0,2477,1000.0,,,2.527119;2.355229,271;481,obstacle:1
push,1172,5689,2477,1000.0,200.00000000000006,1200.0,2.538289;2.355229,345;481,
push,1172,5690,2477,1000.0,200.00000000000006,1200.0,2.519974;2.4332,350;396,
prune,1172,0,2477,1000.0,,,2.527119;2.4332,271;396,obstacle:1
push,1172,5691,2477,1000.0,200.00000000000006,1200.0,2.538289;2.4332,345;396,
push,1172,5692,2477,1000.0,300.0000000000001,1300.0,2.519974;2.412366,350;560,
prune,1172,0,2477,1000.0,,,2.527119;2.412366,271;560,obstacle:1
push,1172,5693,2477,1000.0,300.0000000000001,1300.0,2.538289;2.412366,345;560,
pop,1173,2469,1134,900.0,,,2.399601;2.270226,344;475,
push,1173,5694,2469,1000.0,200.00000000000006,1200.0,2.493881;2.355229,434;481,
push,1173,5695,2469,1000.0,200.00000000000006,1200.0,2.519974;2.355229,349;481,
push,1173,5696,2469,1000.0,200.00000000000006,1200.0,2.522055;2.355229,429;481,
push,1173,5697,2469,1000.0,200.00000000000006,1200.0,2.493881;2.4332,434;396,
push,1173,5698,2469,1000.0,200.00000000000006,1200.0,2.519974;2.4332,349;396,
push,1173,5699,2469,1000.0,200.00000000000006,1200.0,2.522055;2.4332,429;396,
push,1173,5700,2469,1000.0,300.0000000000001,1300.0,2.493881;2.412366,434;560,
push,1173,5701,2469,1000.0,300.0000000000001,1300.0,2.519974;2.412366,349;560,
push,1173,5702,2469,1000.0,300.0000000000001,1300.0,2.522055;2.412366,429;560,
pop,1174,2475,1135,900.0,,,2.416051;2.270226,182;475,
prune,1174,0,2475,1000.0,,,2.515798;2.355229,188;481,obstacle:1
push,1174,5703,2475,1000.0,200.00000000000006,1200.0,2.536248;2.355229,109;481,
prune,1174,0,2475,1000.0,,,2.527119;2.355229,272;481,obstacle:1
prune,1174,0,2475,1000.0,,,2.515798;2.4332,188;396,obstacle:1
push,1174,5704,2475,1000.0,200.00000000000006,1200.0,2.536248;2.4332,109;396,
prune,1174,0,2475,1000.0,,,2.527119;2.4332,272;396,obstacle:1
prune,1174,0,2475,1000.0,,,2.515798;2.412366,188;560,obstacle:1
push,1174,5705,2475,1000.0,300.0000000000001,1300.0,2.536248;2.412366,109;560,
prune,1174,0,2475,1000.0,,,2.527119;2.412366,272;560,obstacle:1
pop,1175,2470,1134,900.0,,,2.420764;2.270226,339;475,
push,1175,5706,2470,1000.0,200.00000000000006,1200.0,2.531239;2.355229,423;481,
push,1175,5707,2470,1000.0,200.00000000000006,1200.0,2.522055;2.355229,428;481,
push,1175,5708,2470,1000.0,200.00000000000006,1200.0,2.531239;2.4332,423;396,
push,1175,5709,2470,1000.0,200.00000000000006,1200.0,2.522055;2.4332,428;396,
push,1175,5710,2470,1000.0,300.0000000000001,1300.0,2.531239;2.412366,423;560,
push,1175,5711,2470,1000.0,300.0000000000001,1300.0,2.522055;2.412366,428;560,
pop,1176,2457,1144,900.0,,,2.418411;2.270226,440;475,
push,1176,5712,2457,1000.0,200.00000000000006,1200.0,2.519974;2.355229,524;481,
push,1176,5713,2457,1000.0,200.00000000000006,1200.0,2.527119;2.355229,445;481,
push,1176,5714,2457,1000.0,200.00000000000006,1200.0,2.538289;2.355229,519;481,
push,1176,5715,2457,1000.0,200.00000000000006,1200.0,2.519974;2.4332,524;396,
push,1176,5716,2457,1000.0,200.00000000000006,1200.0,2.527119;2.4332,445;396,
push,1176,5717,2457,1000.0,200.00000000000006,1200.0,2.538289;2.4332,519;396,
push,1176,5718,2457,1000.0,300.0000000000001,1300.0,2.519974;2.412366,524;560,
push,1176,5719,2457,1000.0,300.0000000000001,1300.0,2.527119;2.412366,445;560,
push,1176,5720,2457,1000.0,300.0000000000001,1300.0,2.538289;2.412366,519;560,
pop,1177,2462,1145,900.0,,,2.428817;2.270226,424;475,
pop,1178,2460,1145,900.0,,,2.420764;2.270226,507;475,
pop,1179,2461,1145,900.0,,,2.420764;2.270226,512;475,
push,1179,5721,2461,1000.0,200.00000000000006,1200.0,2.538289;2.355229,517;481,
push,1179,5722,2461,1000.0,200.00000000000006,1200.0,2.538289;2.4332,517;396,
push,1179,5723,2461,1000.0,300.0000000000001,1300.0,2.538289;2.412366,517;560,
pop,1180,2448,1143,900.0,,,2.399601;2.270226,518;475,
push,1180,5724,2448,1000.0,200.00000000000006,1200.0,2.519974;2.355229,523;481,
push,1180,5725,2448,1000.0,200.00000000000006,1200.0,2.519974;2.4332,523;396,
push,1180,5726,2448,1000.0,300.0000000000001,1300.0,2.519974;2.412366,523;560,
pop,1181,2449,1143,900.0,,,2.418411;2.270226,439;475,
push,1181,5727,2449,1000.0,200.00000000000006,1200.0,2.527119;2.355229,445;481,
prune,1181,0,2449,1000.0,,,2.538289;2.355229,360;481,obstacle:1
push,1181,5728,2449,1000.0,200.00000000000006,1200.0,2.519974;2.355229,524;481,
push,1181,5729,2449,1000.0,200.00000000000006,1200.0,2.527119;2.4332,445;396,
prune,1181,0,2449,1000.0,,,2.538289;2.4332,360;396,obstacle:1
push,1181,5730,2449,1000.0,200.00000000000006,1200.0,2.519974;2.4332,524;396,
push,1181,5731,2449,1000.0,300.0000000000001,1300.0,2.527119;2.412366,445;560,
prune,1181,0,2449,1000.0,,,2.538289;2.412366,360;560,obstacle:1
push,1181,5732,2449,1000.0,300.0000000000001,1300.0,2.519974;2.412366,524;560,
pop,1182,2450,1143,900.0,,,2.420764;2.270226,513;475,
push,1182,5733,2450,1000.0,200.00000000000006,1200.0,2.538289;2.355229,508;481,
push,1182,5734,2450,1000.0,200.00000000000006,1200.0,2.538289;2.4332,508;396,
push,1182,5735,2450,1000.0,300.0000000000001,1300.0,2.538289;2.412366,508;560,
pop,1183,2445,1129,900.0,,,2.392331;2.270226,128;475,
push,1183,5736,2445,1000.0,200.00000000000006,1200.0,0.909041;2.355229,134;481,
push,1183,5737,2445,1000.0,200.00000000000006,1200.0,2.515798;2.355229,49;481,
push,1183,5738,2445,1000.0,200.00000000000006,1200.0,2.510491;2.355229,213;481,
push,1183,5739,2445,1000.0,200.00000000000006,1200.0,0.909041;2.4332,134;396,
push,1183,5740,2445,1000.0,200.00000000000006,1200.0,2.515798;2.4332,49;396,
push,1183,5741,2445,1000.0,200.00000000000006,1200.0,2.510491;2.4332,213;396,
push,1183,5742,2445,1000.0,300.0000000000001,1300.0,0.909041;2.412366,134;560,
push,1183,5743,2445,1000.0,300.0000000000001,1300.0,2.515798;2.412366,49;560,
push,1183,5744,2445,1000.0,300.0000000000001,1300.0,2.510491;2.412366,213;560,
pop,1184,2438,1113,900.0,,,2.411382;2.270226,213;475,
push,1184,5745,2438,1000.0,200.00000000000006,1200.0,2.531779;2.355229,302;481,
push,1184,5746,2438,1000.0,200.00000000000006,1200.0,0.913615;2.355229,218;481,
prune,1184,0,2438,1000.0,,,2.522649;2.355229,297;481,obstacle:1
push,1184,5747,2438,1000.0,200.00000000000006,1200.0,2.531779;2.4332,302;396,
push,1184,5748,2438,1000.0,200.00000000000006,1200.0,0.913615;2.4332,218;396,
prune,1184,0,2438,1000.0,,,2.522649;2.4332,297;396,obstacle:1
push,1184,5749,2438,1000.0,300.0000000000001,1300.0,2.531779;2.412366,302;560,
push,1184,5750,2438,1000.0,300.0000000000001,1300.0,0.913615;2.412366,218;560,
prune,1184,0,2438,1000.0,,,2.522649;2.412366,297;560,obstacle:1
pop,1185,2436,1113,900.0,,,0.903241;2.270226,134;475,
push,1185,5751,2436,1000.0,200.00000000000006,1200.0,0.732852;2.355229,140;481,
push,1185,5752,2436,1000.0,200.00000000000006,1200.0,1.13521;2.355229,55;481,
push,1185,5753,2436,1000.0,200.00000000000006,1200.0,0.741549;2.355229,219;481,
push,1185,5754,2436,1000.0,200.00000000000006,1200.0,0.732852;2.4332,140;396,
push,1185,5755,2436,1000.0,200.00000000000006,1200.0,1.13521;2.4332,55;396,
push,1185,5756,2436,1000.0,200.00000000000006,1200.0,0.741549;2.4332,219;396,
push,1185,5757,2436,1000.0,300.0000000000001,1300.0,0.732852;2.412366,140;560,
push,1185,5758,2436,1000.0,300.0000000000001,1300.0,1.13521;2.412366,55;560,
push,1185,5759,2436,1000.0,300.0000000000001,1300.0,0.741549;2.412366,219;560,
pop,1186,2437,1113,900.0,,,2.394762;2.270226,49;475,
push,1186,5760,2437,1000.0,200.00000000000006,1200.0,2.350609;2.355229,50;481,
push,1186,5761,2437,1000.0,200.00000000000006,1200.0,2.350609;2.4332,50;396,
push,1186,5762,2437,1000.0,300.0000000000001,1300.0,2.350609;2.412366,50;560,
pop,1187,2429,1074,900.0,,,2.411382;2.270226,213;475,
push,1187,5763,2429,1000.0,200.00000000000006,1200.0,2.531779;2.355229,302;481,
push,1187,5764,2429,1000.0,200.00000000000006,1200.0,0.913615;2.355229,218;481,
prune,1187,0,2429,1000.0,,,2.522649;2.355229,297;481,obstacle:1
push,1187,5765,2429,1000.0,200.00000000000006,1200.0,2.531779;2.4332,302;396,
push,1187,5766,2429,1000.0,200.00000000000006,1200.0,0.913615;2.4332,218;396,
prune,1187,0,2429,1000.0,,,2.522649;2.4332,297;396,obstacle:1
push,1187,5767,2429,1000.0,300.0000000000001,1300.0,2.531779;2.412366,302;560,
push,1187,5768,2429,1000.0,300.0000000000001,1300.0,0.913615;2.412366,218;560,
prune,1187,0,2429,1000.0,,,2.522649;2.412366,297;560,obstacle:1
pop,1188,2420,1163,900.0,,,2.420764;2.270226,174;475,
push,1188,5769,2420,1000.0,200.00000000000006,1200.0,2.531239;2.355229,90;481,
push,1188,5770,2420,1000.0,200.00000000000006,1200.0,2.522055;2.355229,97;481,
push,1188,5771,2420,1000.0,200.00000000000006,1200.0,2.531239;2.4332,90;396,
push,1188,5772,2420,1000.0,200.00000000000006,1200.0,2.522055;2.4332,97;396,
push,1188,5773,2420,1000.0,300.0000000000001,1300.0,2.531239;2.412366,90;560,
push,1188,5774,2420,1000.0,300.0000000000001,1300.0,2.522055;2.412366,97;560,
pop,1189,2427,1074,900.0,,,0.903241;2.270226,134;475,
push,1189,5775,2427,1000.0,200.00000000000006,1200.0,0.732852;2.355229,140;481,
push,1189,5776,2427,1000.0,200.00000000000006,1200.0,1.13521;2.355229,55;481,
push,1189,5777,2427,1000.0,200.00000000000006,1200.0,0.741549;2.355229,219;481,
push,1189,5778,2427,1000.0,200.00000000000006,1200.0,0.732852;2.4332,140;396,
push,1189,5779,2427,1000.0,200.00000000000006,1200.0,1.13521;2.4332,55;396,
push,1189,5780,2427,1000.0,200.00000000000006,1200.0,0.741549;2.4332,219;396,
push,1189,5781,2427,1000.0,300.0000000000001,1300.0,0.732852;2.412366,140;560,
push,1189,5782,2427,1000.0,300.0000000000001,1300.0,1.13521;2.412366,55;560,
push,1189,5783,2427,1000.0,300.0000000000001,1300.0,0.741549;2.412366,219;560,
pop,1190,2428,1074,900.0,,,2.394762;2.270226,49;475,
push,1190,5784,2428,1000.0,200.00000000000006,1200.0,2.350609;2.355229,50;481,
push,1190,5785,2428,1000.0,200.00000000000006,1200.0,2.350609;2.4332,50;396,
push,1190,5786,2428,1000.0,300.0000000000001,1300.0,2.350609;2.412366,50;560,
pop,1191,2418,1163,900.0,,,2.418411;2.270226,257;475,
pop,1192,2419,1163,900.0,,,2.399601;2.270226,339;475,
push,1192,5787,2419,1000.0,200.00000000000006,1200.0,2.493881;2.355229,423;481,
push,1192,5788,2419,1000.0,200.00000000000006,1200.0,2.522055;2.355229,428;481,
push,1192,5789,2419,1000.0,200.00000000000006,1200.0,2.493881;2.4332,423;396,
push,1192,5790,2419,1000.0,200.00000000000006,1200.0,2.522055;2.4332,428;396,
push,1192,5791,2419,1000.0,300.0000000000001,1300.0,2.493881;2.412366,423;560,
push,1192,5792,2419,1000.0,300.0000000000001,1300.0,2.522055;2.412366,428;560,
pop,1193,2412,1162,900.0,,,2.40201;2.270226,440;475,
push,1193,5793,2412,1000.0,200.00000000000006,1200.0,2.5055;2.355229,524;481,
push,1193,5794,2412,1000.0,200.00000000000006,1200.0,2.531239;2.355229,445;481,
push,1193,5795,2412,1000.0,200.00000000000006,1200.0,2.5055;2.355229,519;481,
push,1193,5796,2412,1000.0,200.00000000000006,1200.0,2.5055;2.4332,524;396,
push,1193,5797,2412,1000.0,200.00000000000006,1200.0,2.531239;2.4332,445;396,
push,1193,5798,2412,1000.0,200.00000000000006,1200.0,2.5055;2.4332,519;396,
push,1193,5799,2412,1000.0,300.0000000000001,1300.0,2.5055;2.412366,524;560,
push,1193,5800,2412,1000.0,300.0000000000001,1300.0,2.531239;2.412366,445;560,
push,1193,5801,2412,1000.0,300.0000000000001,1300.0,2.5055;2.412366,519;560,
pop,1194,2413,1162,900.0,,,2.391248;2.270226,435;475,
push,1194,5802,2413,1000.0,200.00000000000006,1200.0,2.486446;2.355229,513;481,
push,1194,5803,2413,1000.0,200.00000000000006,1200.0,2.5055;2.355229,518;481,
push,1194,5804,2413,1000.0,200.00000000000006,1200.0,2.522055;2.355229,430;481,
push,1194,5805,2413,1000.0,200.00000000000006,1200.0,2.486446;2.4332,513;396,
push,1194,5806,2413,1000.0,200.00000000000006,1200.0,2.5055;2.4332,518;396,
push,1194,5807,2413,1000.0,200.00000000000006,1200.0,2.522055;2.4332,430;396,
push,1194,5808,2413,1000.0,300.0000000000001,1300.0,2.486446;2.412366,513;560,
push,1194,5809,2413,1000.0,300.0000000000001,1300.0,2.5055;2.412366,518;560,
push,1194,5810,2413,1000.0,300.0000000000001,1300.0,2.522055;2.412366,430;560,
pop,1195,2403,1161,900.0,,,2.358059;2.270226,429;475,
push,1195,5811,2403,1000.0,200.00000000000006,1200.0,2.446966;2.355229,507;481,
push,1195,5812,2403,1000.0,200.00000000000006,1200.0,2.486446;2.355229,512;481,
push,1195,5813,2403,1000.0,200.00000000000006,1200.0,2.493881;2.355229,424;481,
push,1195,5814,2403,1000.0,200.00000000000006,1200.0,2.446966;2.4332,507;396,
push,1195,5815,2403,1000.0,200.00000000000006,1200.0,2.486446;2.4332,512;396,
push,1195,5816,2403,1000.0,200.00000000000006,1200.0,2.493881;2.4332,424;396,
push,1195,5817,2403,1000.0,300.0000000000001,1300.0,2.446966;2.412366,507;560,
push,1195,5818,2403,1000.0,300.0000000000001,1300.0,2.486446;2.412366,512;560,
push,1195,5819,2403,1000.0,300.0000000000001,1300.0,2.493881;2.412366,424;560,
pop,1196,2404,1161,900.0,,,2.391248;2.270226,434;475,
push,1196,5820,2404,1000.0,200.00000000000006,1200.0,2.5055;2.355229,518;481,
push,1196,5821,2404,1000.0,200.00000000000006,1200.0,2.522055;2.355229,439;481,
push,1196,5822,2404,1000.0,200.00000000000006,1200.0,2.486446;2.355229,513;481,
push,1196,5823,2404,1000.0,200.00000000000006,1200.0,2.5055;2.4332,518;396,
push,1196,5824,2404,1000.0,200.00000000000006,1200.0,2.522055;2.4332,439;396,
push,1196,5825,2404,1000.0,200.00000000000006,1200.0,2.486446;2.4332,513;396,
push,1196,5826,2404,1000.0,300.0000000000001,1300.0,2.5055;2.412366,518;560,
push,1196,5827,2404,1000.0,300.0000000000001,1300.0,2.522055;2.412366,439;560,
push,1196,5828,2404,1000.0,300.0000000000001,1300.0,2.486446;2.412366,513;560,
pop,1197,2405,1161,900.0,,,2.399601;2.270226,340;475,
push,1197,5829,2405,1000.0,200.00000000000006,1200.0,2.493881;2.355229,423;481,
push,1197,5830,2405,1000.0,200.00000000000006,1200.0,2.522055;2.355229,258;481,
push,1197,5831,2405,1000.0,200.00000000000006,1200.0,2.493881;2.4332,423;396,
push,1197,5832,2405,1000.0,200.00000000000006,1200.0,2.522055;2.4332,258;396,
push,1197,5833,2405,1000.0,300.0000000000001,1300.0,2.493881;2.412366,423;560,
push,1197,5834,2405,1000.0,300.0000000000001,1300.0,2.522055;2.412366,258;560,
pop,1198,2394,1171,900.0,,,2.399601;2.270226,339;475,
push,1198,5835,2394,1000.0,200.00000000000006,1200.0,2.493881;2.355229,423;481,
push,1198,5836,2394,1000.0,200.00000000000006,1200.0,2.522055;2.355229,428;481,
push,1198,5837,2394,1000.0,200.00000000000006,1200.0,2.493881;2.4332,423;396,
push,1198,5838,2394,1000.0,200.00000000000006,1200.0,2.522055;2.4332,428;396,
push,1198,5839,2394,1000.0,300.0000000000001,1300.0,2.493881;2.412366,423;560,
push,1198,5840,2394,1000.0,300.0000000000001,1300.0,2.522055;2.412366,428;560,
pop,1199,2395,1171,900.0,,,2.420764;2.270226,344;475,
push,1199,5841,2395,1000.0,200.00000000000006,1200.0,2.531239;2.355229,434;481,
push,1199,5842,2395,1000.0,200.00000000000006,1200.0,2.538289;2.355229,349;481,
push,1199,5843,2395,1000.0,200.00000000000006,1200.0,2.522055;2.355229,429;481,
push,1199,5844,2395,1000.0,200.00000000000006,1200.0,2.531239;2.4332,434;396,
push,1199,5845,2395,1000.0,200.00000000000006,1200.0,2.538289;2.4332,349;396,
push,1199,5846,2395,1000.0,200.00000000000006,1200.0,2.522055;2.4332,429;396,
push,1199,5847,2395,1000.0,300.0000000000001,1300.0,2.531239;2.412366,434;560,
push,1199,5848,2395,1000.0,300.0000000000001,1300.0,2.538289;2.412366,349;560,
push,1199,5849,2395,1000.0,300.0000000000001,1300.0,2.522055;2.412366,429;560,
pop,1200,2396,1171,900.0,,,2.418411;2.270226,257;475,
pop,1201,2383,1177,900.0,,,2.420764;2.270226,350;475,
push,1201,5850,2383,1000.0,200.00000000000006,1200.0,2.522055;2.355229,440;481,
prune,1201,0,2383,1000.0,,,2.538289;2.355229,355;481,obstacle:1
push,1201,5851,2383,1000.0,200.00000000000006,1200.0,2.531239;2.355229,435;481,
push,1201,5852,2383,1000.0,200.00000000000006,1200.0,2.522055;2.4332,440;396,
prune,1201,0,2383,1000.0,,,2.538289;2.4332,355;396,obstacle:1
push,1201,5853,2383,1000.0,200.00000000000006,1200.0,2.531239;2.4332,435;396,
push,1201,5854,2383,1000.0,300.0000000000001,1300.0,2.522055;2.412366,440;560,
prune,1201,0,2383,1000.0,,,2.538289;2.412366,355;560,obstacle:1
push,1201,5855,2383,1000.0,300.0000000000001,1300.0,2.531239;2.412366,435;560,
pop,1202,2388,1178,900.0,,,2.391248;2.270226,423;475,
push,1202,5856,2388,1000.0,200.00000000000006,1200.0,2.5055;2.355229,506;481,
push,1202,5857,2388,1000.0,200.00000000000006,1200.0,2.5055;2.4332,506;396,
push,1202,5858,2388,1000.0,300.0000000000001,1300.0,2.5055;2.412366,506;560,
pop,1203,2389,1178,900.0,,,2.40201;2.270226,428;475,
push,1203,5859,2389,1000.0,200.00000000000006,1200.0,2.5055;2.355229,512;481,
push,1203,5860,2389,1000.0,200.00000000000006,1200.0,2.531239;2.355229,433;481,
push,1203,5861,2389,1000.0,200.00000000000006,1200.0,2.5055;2.355229,507;481,
push,1203,5862,2389,1000.0,200.00000000000006,1200.0,2.5055;2.4332,512;396,
push,1203,5863,2389,1000.0,200.00000000000006,1200.0,2.531239;2.4332,433;396,
push,1203,5864,2389,1000.0,200.00000000000006,1200.0,2.5055;2.4332,507;396,
push,1203,5865,2389,1000.0,300.0000000000001,1300.0,2.5055;2.412366,512;560,
push,1203,5866,2389,1000.0,300.0000000000001,1300.0,2.531239;2.412366,433;560,
push,1203,5867,2389,1000.0,300.0000000000001,1300.0,2.5055;2.412366,507;560,
pop,1204,2374,1176,900.0,,,2.420764;2.270226,349;475,
prune,1204,0,2374,1000.0,,,2.538289;2.355229,355;481,obstacle:1
prune,1204,0,2374,1000.0,,,2.531239;2.355229,276;481,obstacle:1
push,1204,5868,2374,1000.0,200.00000000000006,1200.0,2.522055;2.355229,440;481,
prune,1204,0,2374,1000.0,,,2.538289;2.4332,355;396,obstacle:1
prune,1204,0,2374,1000.0,,,2.531239;2.4332,276;396,obstacle:1
push,1204,5869,2374,1000.0,200.00000000000006,1200.0,2.522055;2.4332,440;396,
prune,1204,0,2374,1000.0,,,2.538289;2.412366,355;560,obstacle:1
prune,1204,0,2374,1000.0,,,2.531239;2.412366,276;560,obstacle:1
push,1204,5870,2374,1000.0,300.0000000000001,1300.0,2.522055;2.412366,440;560,
pop,1205,2382,1177,900.0,,,2.420764;2.270226,187;475,
push,1205,5871,2382,1000.0,200.00000000000006,1200.0,2.522055;2.355229,109;481,
push,1205,5872,2382,1000.0,200.00000000000006,1200.0,2.531239;2.355229,102;481,
prune,1205,0,2382,1000.0,,,2.538289;2.355229,188;481,obstacle:1
push,1205,5873,2382,1000.0,200.00000000000006,1200.0,2.522055;2.4332,109;396,
push,1205,5874,2382,1000.0,200.00000000000006,1200.0,2.531239;2.4332,102;396,
prune,1205,0,2382,1000.0,,,2.538289;2.4332,188;396,obstacle:1
push,1205,5875,2382,1000.0,300.0000000000001,1300.0,2.522055;2.412366,109;560,
push,1205,5876,2382,1000.0,300.0000000000001,1300.0,2.531239;2.412366,102;560,
prune,1205,0,2382,1000.0,,,2.538289;2.412366,188;560,obstacle:1
pop,1206,2375,1176,900.0,,,2.40201;2.270226,429;475,
push,1206,5877,2375,1000.0,200.00000000000006,1200.0,2.5055;2.355229,507;481,
push,1206,5878,2375,1000.0,200.00000000000006,1200.0,2.5055;2.355229,512;481,
push,1206,5879,2375,1000.0,200.00000000000006,1200.0,2.531239;2.355229,424;481,
push,1206,5880,2375,1000.0,200.00000000000006,1200.0,2.5055;2.4332,507;396,
push,1206,5881,2375,1000.0,200.00000000000006,1200.0,2.5055;2.4332,512;396,
push,1206,5882,2375,1000.0,200.00000000000006,1200.0,2.531239;2.4332,424;396,
push,1206,5883,2375,1000.0,300.0000000000001,1300.0,2.5055;2.412366,507;560,
push,1206,5884,2375,1000.0,300.0000000000001,1300.0,2.5055;2.412366,512;560,
push,1206,5885,2375,1000.0,300.0000000000001,1300.0,2.531239;2.412366,424;560,
pop,1207,2367,1170,900.0,,,2.418411;2.270226,256;475,
push,1207,5886,2367,1000.0,200.00000000000006,1200.0,2.538289;2.355229,338;481,
push,1207,5887,2367,1000.0,200.00000000000006,1200.0,2.538289;2.4332,338;396,
push,1207,5888,2367,1000.0,300.0000000000001,1300.0,2.538289;2.412366,338;560,
pop,1208,2373,1176,900.0,,,2.391248;2.270226,434;475,
push,1208,5889,2373,1000.0,200.00000000000006,1200.0,2.486446;2.355229,518;481,
push,1208,5890,2373,1000.0,200.00000000000006,1200.0,2.522055;2.355229,439;481,
push,1208,5891,2373,1000.0,200.00000000000006,1200.0,2.5055;2.355229,513;481,
push,1208,5892,2373,1000.0,200.00000000000006,1200.0,2.486446;2.4332,518;396,
push,1208,5893,2373,1000.0,200.00000000000006,1200.0,2.522055;2.4332,439;396,
push,1208,5894,2373,1000.0,200.00000000000006,1200.0,2.5055;2.4332,513;396,
push,1208,5895,2373,1000.0,300.0000000000001,1300.0,2.486446;2.412366,518;560,
push,1208,5896,2373,1000.0,300.0000000000001,1300.0,2.522055;2.412366,439;560,
push,1208,5897,2373,1000.0,300.0000000000001,1300.0,2.5055;2.412366,513;560,
pop,1209,2368,1170,900.0,,,2.428817;2.270226,90;475,
push,1209,5898,2368,1000.0,200.00000000000006,1200.0,2.538289;2.355229,7;481,
push,1209,5899,2368,1000.0,200.00000000000006,1200.0,2.538289;2.4332,7;396,
push,1209,5900,2368,1000.0,300.0000000000001,1300.0,2.538289;2.412366,7;560,
pop,1210,2362,1158,900.0,,,2.428817;2.270226,123;475,
prune,1210,0,2362,1000.0,,,2.538289;2.355229,207;481,obstacle:1
push,1210,5901,2362,1000.0,200.00000000000006,1200.0,2.536248;2.355229,128;481,
prune,1210,0,2362,1000.0,,,2.538289;2.355229,202;481,obstacle:1
prune,1210,0,2362,1000.0,,,2.538289;2.4332,207;396,obstacle:1
push,1210,5902,2362,1000.0,200.00000000000006,1200.0,2.536248;2.4332,128;396,
prune,1210,0,2362,1000.0,,,2.538289;2.4332,202;396,obstacle:1
prune,1210,0,2362,1000.0,,,2.538289;2.412366,207;560,obstacle:1
push,1210,5903,2362,1000.0,300.0000000000001,1300.0,2.536248;2.412366,128;560,
prune,1210,0,2362,1000.0,,,2.538289;2.412366,202;560,obstacle:1
pop,1211,2361,1158,900.0,,,2.416051;2.270226,38;475,
push,1211,5904,2361,1000.0,200.00000000000006,1200.0,2.515798;2.355229,44;481,
push,1211,5905,2361,1000.0,200.00000000000006,1200.0,2.536248;2.355229,129;481,
push,1211,5906,2361,1000.0,200.00000000000006,1200.0,2.515798;2.4332,44;396,
push,1211,5907,2361,1000.0,200.00000000000006,1200.0,2.536248;2.4332,129;396,
push,1211,5908,2361,1000.0,300.0000000000001,1300.0,2.515798;2.412366,44;560,
push,1211,5909,2361,1000.0,300.0000000000001,1300.0,2.536248;2.412366,129;560,
pop,1212,2346,1186,900.0,,,2.420764;2.270226,350;475,
push,1212,5910,2346,1000.0,200.00000000000006,1200.0,2.522055;2.355229,440;481,
prune,1212,0,2346,1000.0,,,2.538289;2.355229,355;481,obstacle:1
push,1212,5911,2346,1000.0,200.00000000000006,1200.0,2.531239;2.355229,435;481,
push,1212,5912,2346,1000.0,200.00000000000006,1200.0,2.522055;2.4332,440;396,
prune,1212,0,2346,1000.0,,,2.538289;2.4332,355;396,obstacle:1
push,1212,5913,2346,1000.0,200.00000000000006,1200.0,2.531239;2.4332,435;396,
push,1212,5914,2346,1000.0,300.0000000000001,1300.0,2.522055;2.412366,440;560,
prune,1212,0,2346,1000.0,,,2.538289;2.412366,355;560,obstacle:1
push,1212,5915,2346,1000.0,300.0000000000001,1300.0,2.531239;2.412366,435;560,
pop,1213,2352,1191,900.0,,,2.40201;2.270226,428;475,
push,1213,5916,2352,1000.0,200.00000000000006,1200.0,2.5055;2.355229,512;481,
push,1213,5917,2352,1000.0,200.00000000000006,1200.0,2.531239;2.355229,433;481,
push,1213,5918,2352,1000.0,200.00000000000006,1200.0,2.5055;2.355229,507;481,
push,1213,5919,2352,1000.0,200.00000000000006,1200.0,2.5055;2.4332,512;396,
push,1213,5920,2352,1000.0,200.00000000000006,1200.0,2.531239;2.4332,433;396,
push,1213,5921,2352,1000.0,200.00000000000006,1200.0,2.5055;2.4332,507;396,
push,1213,5922,2352,1000.0,300.0000000000001,1300.0,2.5055;2.412366,512;560,
push,1213,5923,2352,1000.0,300.0000000000001,1300.0,2.531239;2.412366,433;560,
push,1213,5924,2352,1000.0,300.0000000000001,1300.0,2.5055;2.412366,507;560,
pop,1214,2353,1191,900.0,,,2.420764;2.270226,343;475,
push,1214,5925,2353,1000.0,200.00000000000006,1200.0,2.538289;2.355229,349;481,
push,1214,5926,2353,1000.0,200.00000000000006,1200.0,2.522055;2.355229,270;481,
push,1214,5927,2353,1000.0,200.00000000000006,1200.0,2.531239;2.355229,434;481,
push,1214,5928,2353,1000.0,200.00000000000006,1200.0,2.538289;2.4332,349;396,
push,1214,5929,2353,1000.0,200.00000000000006,1200.0,2.522055;2.4332,270;396,
push,1214,5930,2353,1000.0,200.00000000000006,1200.0,2.531239;2.4332,434;396,
push,1214,5931,2353,1000.0,300.0000000000001,1300.0,2.538289;2.412366,349;560,
push,1214,5932,2353,1000.0,300.0000000000001,1300.0,2.522055;2.412366,270;560,
push,1214,5933,2353,1000.0,300.0000000000001,1300.0,2.531239;2.412366,434;560,
pop,1215,2354,1191,900.0,,,2.391248;2.270226,423;475,
push,1215,5934,2354,1000.0,200.00000000000006,1200.0,2.5055;2.355229,506;481,
push,1215,5935,2354,1000.0,200.00000000000006,1200.0,2.5055;2.4332,506;396,
push,1215,5936,2354,1000.0,300.0000000000001,1300.0,2.5055;2.412366,506;560,
pop,1216,2347,1186,900.0,,,2.420764;2.270226,345;475,
push,1216,5937,2347,1000.0,200.00000000000006,1200.0,2.522055;2.355229,429;481,
push,1216,5938,2347,1000.0,200.00000000000006,1200.0,2.531239;2.355229,434;481,
push,1216,5939,2347,1000.0,200.00000000000006,1200.0,2.538289;2.355229,340;481,
push,1216,5940,2347,1000.0,200.00000000000006,1200.0,2.522055;2.4332,429;396,
push,1216,5941,2347,1000.0,200.00000000000006,1200.0,2.531239;2.4332,434;396,
push,1216,5942,2347,1000.0,200.00000000000006,1200.0,2.538289;2.4332,340;396,
push,1216,5943,2347,1000.0,300.0000000000001,1300.0,2.522055;2.412366,429;560,
push,1216,5944,2347,1000.0,300.0000000000001,1300.0,2.531239;2.412366,434;560,
push,1216,5945,2347,1000.0,300.0000000000001,1300.0,2.538289;2.412366,340;560,
pop,1217,2340,1153,900.0,,,2.416051;2.270226,38;475,
push,1217,5946,2340,1000.0,200.00000000000006,1200.0,2.515798;2.355229,44;481,
push,1217,5947,2340,1000.0,200.00000000000006,1200.0,2.536248;2.355229,129;481,
push,1217,5948,2340,1000.0,200.00000000000006,1200.0,2.515798;2.4332,44;396,
push,1217,5949,2340,1000.0,200.00000000000006,1200.0,2.536248;2.4332,129;396,
push,1217,5950,2340,1000.0,300.0000000000001,1300.0,2.515798;2.412366,44;560,
push,1217,5951,2340,1000.0,300.0000000000001,1300.0,2.536248;2.412366,129;560,
pop,1218,2343,1185,900.0,,,2.418411;2.270226,109;475,
push,1218,5952,2343,1000.0,200.00000000000006,1200.0,2.519974;2.355229,25;481,
push,1218,5953,2343,1000.0,200.00000000000006,1200.0,2.538289;2.355229,18;481,
push,1218,5954,2343,1000.0,200.00000000000006,1200.0,2.527119;2.355229,110;481,
push,1218,5955,2343,1000.0,200.00000000000006,1200.0,2.519974;2.4332,25;396,
push,1218,5956,2343,1000.0,200.00000000000006,1200.0,2.538289;2.4332,18;396,
push,1218,5957,2343,1000.0,200.00000000000006,1200.0,2.527119;2.4332,110;396,
push,1218,5958,2343,1000.0,300.0000000000001,1300.0,2.519974;2.412366,25;560,
push,1218,5959,2343,1000.0,300.0000000000001,1300.0,2.538289;2.412366,18;560,
push,1218,5960,2343,1000.0,300.0000000000001,1300.0,2.527119;2.412366,110;560,
pop,1219,2335,1152,900.0,,,2.416051;2.270226,43;475,
push,1219,5961,2335,1000.0,200.00000000000006,1200.0,2.515798;2.355229,44;481,
push,1219,5962,2335,1000.0,200.00000000000006,1200.0,2.515798;2.4332,44;396,
push,1219,5963,2335,1000.0,300.0000000000001,1300.0,2.515798;2.412366,44;560,
pop,1220,2334,1152,900.0,,,2.392331;2.270226,128;475,
push,1220,5964,2334,1000.0,200.00000000000006,1200.0,0.909041;2.355229,134;481,
push,1220,5965,2334,1000.0,200.00000000000006,1200.0,2.515798;2.355229,49;481,
push,1220,5966,2334,1000.0,200.00000000000006,1200.0,2.510491;2.355229,213;481,
push,1220,5967,2334,1000.0,200.00000000000006,1200.0,0.909041;2.4332,134;396,
push,1220,5968,2334,1000.0,200.00000000000006,1200.0,2.515798;2.4332,49;396,
push,1220,5969,2334,1000.0,200.00000000000006,1200.0,2.510491;2.4332,213;396,
push,1220,5970,2334,1000.0,300.0000000000001,1300.0,0.909041;2.412366,134;560,
push,1220,5971,2334,1000.0,300.0000000000001,1300.0,2.515798;2.412366,49;560,
push,1220,5972,2334,1000.0,300.0000000000001,1300.0,2.510491;2.412366,213;560,
pop,1221,2331,1240,900.0,,,2.394762;2.270226,44;475,
push,1221,5973,2331,1000.0,200.00000000000006,1200.0,2.350609;2.355229,50;481,
push,1221,5974,2331,1000.0,200.00000000000006,1200.0,0.911124;2.355229,135;481,
push,1221,5975,2331,1000.0,200.00000000000006,1200.0,2.350609;2.4332,50;396,
push,1221,5976,2331,1000.0,200.00000000000006,1200.0,0.911124;2.4332,135;396,
push,1221,5977,2331,1000.0,300.0000000000001,1300.0,2.350609;2.412366,50;560,
push,1221,5978,2331,1000.0,300.0000000000001,1300.0,0.911124;2.412366,135;560,
pop,1222,2316,1254,900.0,,,2.198211;2.270226,50;475,
push,1222,5979,2316,1000.0,200.00000000000006,1200.0,2.294681;2.355229,56;481,
push,1222,5980,2316,1000.0,200.00000000000006,1200.0,0.902313;2.355229,141;481,
push,1222,5981,2316,1000.0,200.00000000000006,1200.0,2.294681;2.4332,56;396,
push,1222,5982,2316,1000.0,200.00000000000006,1200.0,0.902313;2.4332,141;396,
push,1222,5983,2316,1000.0,300.0000000000001,1300.0,2.294681;2.412366,56;560,
push,1222,5984,2316,1000.0,300.0000000000001,1300.0,0.902313;2.412366,141;560,
pop,1223,2322,1239,900.0,,,0.903241;2.270226,134;475,
push,1223,5985,2322,1000.0,200.00000000000006,1200.0,0.732852;2.355229,140;481,
push,1223,5986,2322,1000.0,200.00000000000006,1200.0,1.13521;2.355229,55;481,
push,1223,5987,2322,1000.0,200.00000000000006,1200.0,0.741549;2.355229,219;481,
push,1223,5988,2322,1000.0,200.00000000000006,1200.0,0.732852;2.4332,140;396,
push,1223,5989,2322,1000.0,200.00000000000006,1200.0,1.13521;2.4332,55;396,
push,1223,5990,2322,1000.0,200.00000000000006,1200.0,0.741549;2.4332,219;396,
push,1223,5991,2322,1000.0,300.0000000000001,1300.0,0.732852;2.412366,140;560,
push,1223,5992,2322,1000.0,300.0000000000001,1300.0,1.13521;2.412366,55;560,
push,1223,5993,2322,1000.0,300.0000000000001,1300.0,0.741549;2.412366,219;560,
pop,1224,2323,1239,900.0,,,2.394762;2.270226,49;475,
push,1224,5994,2323,1000.0,200.00000000000006,1200.0,2.350609;2.355229,50;481,
push,1224,5995,2323,1000.0,200.00000000000006,1200.0,2.350609;2.4332,50;396,
push,1224,5996,2323,1000.0,300.0000000000001,1300.0,2.350609;2.412366,50;560,
pop,1225,2324,1239,900.0,,,2.411382;2.270226,213;475,
push,1225,5997,2324,1000.0,200.00000000000006,1200.0,2.531779;2.355229,302;481,
push,1225,5998,2324,1000.0,200.00000000000006,1200.0,0.913615;2.355229,218;481,
prune,1225,0,2324,1000.0,,,2.522649;2.355229,297;481,obstacle:1
push,1225,5999,2324,1000.0,200.00000000000006,1200.0,2.531779;2.4332,302;396,
push,1225,6000,2324,1000.0,200.00000000000006,1200.0,0.913615;2.4332,218;396,
prune,1225,0,2324,1000.0,,,2.522649;2.4332,297;396,obstacle:1
push,1225,6001,2324,1000.0,300.0000000000001,1300.0,2.531779;2.412366,302;560,
push,1225,6002,2324,1000.0,300.0000000000001,1300.0,0.913615;2.412366,218;560,
prune,1225,0,2324,1000.0,,,2.522649;2.412366,297;560,obstacle:1
pop,1226,2317,1254,900.0,,,0.903241;2.270226,135;475,
push,1226,6003,2317,1000.0,200.00000000000006,1200.0,0.741549;2.355229,219;481,
push,1226,6004,2317,1000.0,200.00000000000006,1200.0,0.732852;2.355229,140;481,
push,1226,6005,2317,1000.0,200.00000000000006,1200.0,1.150423;2.355229,214;481,
push,1226,6006,2317,1000.0,200.00000000000006,1200.0,0.741549;2.4332,219;396,
push,1226,6007,2317,1000.0,200.00000000000006,1200.0,0.732852;2.4332,140;396,
push,1226,6008,2317,1000.0,200.00000000000006,1200.0,1.150423;2.4332,214;396,
push,1226,6009,2317,1000.0,300.0000000000001,1300.0,0.741549;2.412366,219;560,
push,1226,6010,2317,1000.0,300.0000000000001,1300.0,0.732852;2.412366,140;560,
push,1226,6011,2317,1000.0,300.0000000000001,1300.0,1.150423;2.412366,214;560,
pop,1227,2309,1251,900.0,,,2.411382;2.270226,213;475,
push,1227,6012,2309,1000.0,200.00000000000006,1200.0,2.531779;2.355229,302;481,
push,1227,6013,2309,1000.0,200.00000000000006,1200.0,0.913615;2.355229,218;481,
prune,1227,0,2309,1000.0,,,2.522649;2.355229,297;481,obstacle:1
push,1227,6014,2309,1000.0,200.00000000000006,1200.0,2.531779;2.4332,302;396,
push,1227,6015,2309,1000.0,200.00000000000006,1200.0,0.913615;2.4332,218;396,
prune,1227,0,2309,1000.0,,,2.522649;2.4332,297;396,obstacle:1
push,1227,6016,2309,1000.0,300.0000000000001,1300.0,2.531779;2.412366,302;560,
push,1227,6017,2309,1000.0,300.0000000000001,1300.0,0.913615;2.412366,218;560,
prune,1227,0,2309,1000.0,,,2.522649;2.412366,297;560,obstacle:1
pop,1228,2307,1251,900.0,,,0.903241;2.270226,134;475,
push,1228,6018,2307,1000.0,200.00000000000006,1200.0,0.732852;2.355229,140;481,
push,1228,6019,2307,1000.0,200.00000000000006,1200.0,1.13521;2.355229,55;481,
push,1228,6020,2307,1000.0,200.00000000000006,1200.0,0.741549;2.355229,219;481,
push,1228,6021,2307,1000.0,200.00000000000006,1200.0,0.732852;2.4332,140;396,
push,1228,6022,2307,1000.0,200.00000000000006,1200.0,1.13521;2.4332,55;396,
push,1228,6023,2307,1000.0,200.00000000000006,1200.0,0.741549;2.4332,219;396,
push,1228,6024,2307,1000.0,300.0000000000001,1300.0,0.732852;2.412366,140;560,
push,1228,6025,2307,1000.0,300.0000000000001,1300.0,1.13521;2.412366,55;560,
push,1228,6026,2307,1000.0,300.0000000000001,1300.0,0.741549;2.412366,219;560,
pop,1229,2308,1251,900.0,,,2.394762;2.270226,49;475,
push,1229,6027,2308,1000.0,200.00000000000006,1200.0,2.350609;2.355229,50;481,
push,1229,6028,2308,1000.0,200.00000000000006,1200.0,2.350609;2.4332,50;396,
push,1229,6029,2308,1000.0,300.0000000000001,1300.0,2.350609;2.412366,50;560,
pop,1230,2302,1246,900.0,,,0.903241;2.270226,134;475,
push,1230,6030,2302,1000.0,200.00000000000006,1200.0,0.732852;2.355229,140;481,
push,1230,6031,2302,1000.0,200.00000000000006,1200.0,1.13521;2.355229,55;481,
push,1230,6032,2302,1000.0,200.00000000000006,1200.0,0.741549;2.355229,219;481,
push,1230,6033,2302,1000.0,200.00000000000006,1200.0,0.732852;2.4332,140;396,
push,1230,6034,2302,1000.0,200.00000000000006,1200.0,1.13521;2.4332,55;396,
push,1230,6035,2302,1000.0,200.00000000000006,1200.0,0.741549;2.4332,219;396,
push,1230,6036,2302,1000.0,300.0000000000001,1300.0,0.732852;2.412366,140;560,
push,1230,6037,2302,1000.0,300.0000000000001,1300.0,1.13521;2.412366,55;560,
push,1230,6038,2302,1000.0,300.0000000000001,1300.0,0.741549;2.412366,219;560,
pop,1231,2298,1261,900.0,,,2.198211;2.270226,50;475,
push,1231,6039,2298,1000.0,200.00000000000006,1200.0,2.294681;2.355229,56;481,
push,1231,6040,2298,1000.0,200.00000000000006,1200.0,0.902313;2.355229,141;481,
push,1231,6041,2298,1000.0,200.00000000000006,1200.0,2.294681;2.4332,56;396,
push,1231,6042,2298,1000.0,200.00000000000006,1200.0,0.902313;2.4332,141;396,
push,1231,6043,2298,1000.0,300.0000000000001,1300.0,2.294681;2.412366,56;560,
push,1231,6044,2298,1000.0,300.0000000000001,1300.0,0.902313;2.412366,141;560,
pop,1232,2301,1246,900.0,,,2.411382;2.270226,213;475,
push,1232,6045,2301,1000.0,200.00000000000006,1200.0,2.531779;2.355229,302;481,
push,1232,6046,2301,1000.0,200.00000000000006,1200.0,0.913615;2.355229,218;481,
prune,1232,0,2301,1000.0,,,2.522649;2.355229,297;481,obstacle:1
push,1232,6047,2301,1000.0,200.00000000000006,1200.0,2.531779;2.4332,302;396,
push,1232,6048,2301,1000.0,200.00000000000006,1200.0,0.913615;2.4332,218;396,
prune,1232,0,2301,1000.0,,,2.522649;2.4332,297;396,obstacle:1
push,1232,6049,2301,1000.0,300.0000000000001,1300.0,2.531779;2.412366,302;560,
push,1232,6050,2301,1000.0,300.0000000000001,1300.0,0.913615;2.412366,218;560,
prune,1232,0,2301,1000.0,,,2.522649;2.412366,297;560,obstacle:1
pop,1233,2292,1262,900.0,,,2.388627;2.270226,302;475,
push,1233,6051,2292,1000.0,200.00000000000006,1200.0,2.512187;2.355229,386;481,
push,1233,6052,2292,1000.0,200.00000000000006,1200.0,2.481719;2.355229,307;481,
push,1233,6053,2292,1000.0,200.00000000000006,1200.0,2.512233;2.355229,381;481,
push,1233,6054,2292,1000.0,200.00000000000006,1200.0,2.512187;2.4332,386;396,
push,1233,6055,2292,1000.0,200.00000000000006,1200.0,2.481719;2.4332,307;396,
push,1233,6056,2292,1000.0,200.00000000000006,1200.0,2.512233;2.4332,381;396,
push,1233,6057,2292,1000.0,300.0000000000001,1300.0,2.512187;2.412366,386;560,
push,1233,6058,2292,1000.0,300.0000000000001,1300.0,2.481719;2.412366,307;560,
push,1233,6059,2292,1000.0,300.0000000000001,1300.0,2.512233;2.412366,381;560,
pop,1234,2293,1262,900.0,,,0.902229;2.270226,218;475,
push,1234,6060,2293,1000.0,200.00000000000006,1200.0,1.125371;2.355229,224;481,
push,1234,6061,2293,1000.0,200.00000000000006,1200.0,0.737753;2.355229,145;481,
push,1234,6062,2293,1000.0,200.00000000000006,1200.0,1.146544;2.355229,308;481,
push,1234,6063,2293,1000.0,200.00000000000006,1200.0,1.125371;2.4332,224;396,
push,1234,6064,2293,1000.0,200.00000000000006,1200.0,0.737753;2.4332,145;396,
push,1234,6065,2293,1000.0,200.00000000000006,1200.0,1.146544;1.774293,308;396,
push,1234,6066,2293,1000.0,300.0000000000001,1300.0,1.125371;2.412366,224;560,
push,1234,6067,2293,1000.0,300.0000000000001,1300.0,0.737753;2.412366,145;560,
push,1234,6068,2293,1000.0,300.0000000000001,1300.0,1.146544;2.412366,308;560,
pop,1235,6065,2293,1000.0,,,1.146544;1.774293,308;396,
push,1235,6069,6065,1100.0,200.00000000000006,1300.0,1.317798;1.937424,392;318,
push,1235,6070,6065,1100.0,200.00000000000006,1300.0,1.366511;1.457636,313;318,
push,1235,6071,6065,1100.0,200.00000000000006,1300.0,1.377004;1.937424,387;318,
push,1235,6072,6065,1100.0,399.99999999999994,1500.0,1.317798;1.896283,392;311,
push,1235,6073,6065,1100.0,399.99999999999994,1500.0,1.366511;1.896283,313;311,
push,1235,6074,6065,1100.0,399.99999999999994,1500.0,1.377004;1.896283,387;311,
push,1235,6075,6065,1100.0,100.00000000000004,1200.0,1.317798;1.929932,392;397,
push,1235,6076,6065,1100.0,100.00000000000004,1200.0,1.366511;1.929932,313;397,
push,1235,6077,6065,1100.0,100.00000000000004,1200.0,1.377004;1.929932,387;397,
pop,1236,6075,6065,1100.0,,,1.317798;1.929932,392;397,
push,1236,6078,6075,1200.0,4.263256414560601e-14,1200.0,1.458546;2.061408,482;403,
push,1236,6079,6075,1200.0,4.263256414560601e-14,1200.0,1.537599;2.061408,397;403,
push,1236,6080,6075,1200.0,4.263256414560601e-14,1200.0,1.544996;2.061408,477;403,
push,1236,6081,6075,1200.0,499.99999999999994,1700.0,1.458546;2.084127,482;324,
push,1236,6082,6075,1200.0,499.99999999999994,1700.0,1.537599;2.084127,397;324,
push,1236,6083,6075,1200.0,499.99999999999994,1700.0,1.544996;2.084127,477;324,
push,1236,6084,6075,1200.0,500.0000000000001,1700.0,1.458546;2.051349,482;488,
push,1236,6085,6075,1200.0,500.0000000000001,1700.0,1.537599;2.051349,397;488,
push,1236,6086,6075,1200.0,500.0000000000001,1700.0,1.544996;2.051349,477;488,
pop,1237,6076,6065,1100.0,,,1.366511;1.929932,313;397,
push,1237,6087,6076,1200.0,4.263256414560601e-14,1200.0,1.529185;2.061408,319;403,
push,1237,6088,6076,1200.0,4.263256414560601e-14,1200.0,1.575996;2.061408,235;403,
push,1237,6089,6076,1200.0,4.263256414560601e-14,1200.0,1.537599;2.061408,398;403,
push,1237,6090,6076,1200.0,499.99999999999994,1700.0,1.529185;1.613243,319;324,
push,1237,6091,6076,1200.0,499.99999999999994,1700.0,1.575996;2.084127,235;324,
push,1237,6092,6076,1200.0,499.99999999999994,1700.0,1.537599;2.084127,398;324,
push,1237,6093,6076,1200.0,500.0000000000001,1700.0,1.529185;2.051349,319;488,
push,1237,6094,6076,1200.0,500.0000000000001,1700.0,1.575996;2.051349,235;488,
push,1237,6095,6076,1200.0,500.0000000000001,1700.0,1.537599;2.051349,398;488,
pop,1238,6077,6065,1100.0,,,1.377004;1.929932,387;397,
push,1238,6096,6077,1200.0,4.263256414560601e-14,1200.0,1.544115;2.061408,471;403,
push,1238,6097,6077,1200.0,4.263256414560601e-14,1200.0,1.544996;2.061408,476;403,
push,1238,6098,6077,1200.0,4.263256414560601e-14,1200.0,1.575996;2.061408,382;403,
push,1238,6099,6077,1200.0,499.99999999999994,1700.0,1.544115;2.084127,471;324,
push,1238,6100,6077,1200.0,499.99999999999994,1700.0,1.544996;2.084127,476;324,
push,1238,6101,6077,1200.0,499.99999999999994,1700.0,1.575996;2.084127,382;324,
push,1238,6102,6077,1200.0,500.0000000000001,1700.0,1.544115;2.051349,471;488,
push,1238,6103,6077,1200.0,500.0000000000001,1700.0,1.544996;2.051349,476;488,
push,1238,6104,6077,1200.0,500.0000000000001,1700.0,1.575996;2.051349,382;488,
pop,1239,6078,6075,1200.0,,,1.458546;2.061408,482;403,
prune,1239,6078,6075,1200.0,,,1.458546;2.061408,482;403,goal_spline
pop,1240,6079,6075,1200.0,,,1.537599;2.061408,397;403,
prune,1240,6079,6075,1200.0,,,1.537599;2.061408,397;403,goal_spline
pop,1241,6080,6075,1200.0,,,1.544996;2.061408,477;403,
prune,1241,6080,6075,1200.0,,,1.544996;2.061408,477;403,goal_spline
pop,1242,6087,6076,1200.0,,,1.529185;2.061408,319;403,
prune,1242,6087,6076,1200.0,,,1.529185;2.061408,319;403,goal_spline
pop,1243,6088,6076,1200.0,,,1.575996;2.061408,235;403,
prune,1243,6088,6076,1200.0,,,1.575996;2.061408,235;403,goal_spline
pop,1244,6089,6076,1200.0,,,1.537599;2.061408,398;403,
prune,1244,6089,6076,1200.0,,,1.537599;2.061408,398;403,goal_spline
pop,1245,6096,6077,1200.0,,,1.544115;2.061408,471;403,
prune,1245,6096,6077,1200.0,,,1.544115;2.061408,471;403,goal_spline
pop,1246,6097,6077,1200.0,,,1.544996;2.061408,476;403,
prune,1246,6097,6077,1200.0,,,1.544996;2.061408,476;403,goal_spline
pop,1247,6098,6077,1200.0,,,1.575996;2.061408,382;403,
prune,1247,6098,6077,1200.0,,,1.575996;2.061408,382;403,goal_spline
pop,1248,2284,1260,900.0,,,1.124937;2.270226,55;475,
push,1248,6105,2284,1000.0,200.00000000000006,1200.0,1.341184;2.355229,56;481,
push,1248,6106,2284,1000.0,200.00000000000006,1200.0,1.341184;2.4332,56;396,
push,1248,6107,2284,1000.0,300.0000000000001,1300.0,1.341184;2.412366,56;560,
pop,1249,2278,1255,900.0,,,0.903241;2.270226,134;475,
push,1249,6108,2278,1000.0,200.00000000000006,1200.0,0.732852;2.355229,140;481,
push,1249,6109,2278,1000.0,200.00000000000006,1200.0,1.13521;2.355229,55;481,
push,1249,6110,2278,1000.0,200.00000000000006,1200.0,0.741549;2.355229,219;481,
push,1249,6111,2278,1000.0,200.00000000000006,1200.0,0.732852;2.4332,140;396,
push,1249,6112,2278,1000.0,200.00000000000006,1200.0,1.13521;2.4332,55;396,
push,1249,6113,2278,1000.0,200.00000000000006,1200.0,0.741549;2.4332,219;396,
push,1249,6114,2278,1000.0,300.0000000000001,1300.0,0.732852;2.412366,140;560,
push,1249,6115,2278,1000.0,300.0000000000001,1300.0,1.13521;2.412366,55;560,
push,1249,6116,2278,1000.0,300.0000000000001,1300.0,0.741549;2.412366,219;560,
pop,1250,2277,1255,900.0,,,2.411382;2.270226,213;475,
push,1250,6117,2277,1000.0,200.00000000000006,1200.0,2.531779;2.355229,302;481,
push,1250,6118,2277,1000.0,200.00000000000006,1200.0,0.913615;2.355229,218;481,
prune,1250,0,2277,1000.0,,,2.522649;2.355229,297;481,obstacle:1
push,1250,6119,2277,1000.0,200.00000000000006,1200.0,2.531779;2.4332,302;396,
push,1250,6120,2277,1000.0,200.00000000000006,1200.0,0.913615;2.4332,218;396,
prune,1250,0,2277,1000.0,,,2.522649;2.4332,297;396,obstacle:1
push,1250,6121,2277,1000.0,300.0000000000001,1300.0,2.531779;2.412366,302;560,
push,1250,6122,2277,1000.0,300.0000000000001,1300.0,0.913615;2.412366,218;560,
prune,1250,0,2277,1000.0,,,2.522649;2.412366,297;560,obstacle:1
pop,1251,2271,1245,900.0,,,2.198211;2.270226,50;475,
push,1251,6123,2271,1000.0,200.00000000000006,1200.0,2.294681;2.355229,56;481,
push,1251,6124,2271,1000.0,200.00000000000006,1200.0,0.902313;2.355229,141;481,
push,1251,6125,2271,1000.0,200.00000000000006,1200.0,2.294681;2.4332,56;396,
push,1251,6126,2271,1000.0,200.00000000000006,1200.0,0.902313;2.4332,141;396,
push,1251,6127,2271,1000.0,300.0000000000001,1300.0,2.294681;2.412366,56;560,
push,1251,6128,2271,1000.0,300.0000000000001,1300.0,0.902313;2.412366,141;560,
pop,1252,2272,1245,900.0,,,0.903241;2.270226,135;475,
push,1252,6129,2272,1000.0,200.00000000000006,1200.0,0.741549;2.355229,219;481,
push,1252,6130,2272,1000.0,200.00000000000006,1200.0,0.732852;2.355229,140;481,
push,1252,6131,2272,1000.0,200.00000000000006,1200.0,1.150423;2.355229,214;481,
push,1252,6132,2272,1000.0,200.00000000000006,1200.0,0.741549;2.4332,219;396,
push,1252,6133,2272,1000.0,200.00000000000006,1200.0,0.732852;2.4332,140;396,
push,1252,6134,2272,1000.0,200.00000000000006,1200.0,1.150423;2.4332,214;396,
push,1252,6135,2272,1000.0,300.0000000000001,1300.0,0.741549;2.412366,219;560,
push,1252,6136,2272,1000.0,300.0000000000001,1300.0,0.732852;2.412366,140;560,
push,1252,6137,2272,1000.0,300.0000000000001,1300.0,1.150423;2.412366,214;560,
pop,1253,2266,1236,900.0,,,2.418411;2.270226,129;475,
push,1253,6138,2266,1000.0,200.00000000000006,1200.0,2.532824;2.355229,213;481,
push,1253,6139,2266,1000.0,200.00000000000006,1200.0,0.911124;2.355229,134;481,
prune,1253,0,2266,1000.0,,,2.519974;2.355229,208;481,obstacle:1
push,1253,6140,2266,1000.0,200.00000000000006,1200.0,2.532824;2.4332,213;396,
push,1253,6141,2266,1000.0,200.00000000000006,1200.0,0.911124;2.4332,134;396,
prune,1253,0,2266,1000.0,,,2.519974;2.4332,208;396,obstacle:1
push,1253,6142,2266,1000.0,300.0000000000001,1300.0,2.532824;2.412366,213;560,
push,1253,6143,2266,1000.0,300.0000000000001,1300.0,0.911124;2.412366,134;560,
prune,1253,0,2266,1000.0,,,2.519974;2.412366,208;560,obstacle:1
pop,1254,2265,1236,900.0,,,2.394762;2.270226,44;475,
push,1254,6144,2265,1000.0,200.00000000000006,1200.0,2.350609;2.355229,50;481,
push,1254,6145,2265,1000.0,200.00000000000006,1200.0,0.911124;2.355229,135;481,
push,1254,6146,2265,1000.0,200.00000000000006,1200.0,2.350609;2.4332,50;396,
push,1254,6147,2265,1000.0,200.00000000000006,1200.0,0.911124;2.4332,135;396,
push,1254,6148,2265,1000.0,300.0000000000001,1300.0,2.350609;2.412366,50;560,
push,1254,6149,2265,1000.0,300.0000000000001,1300.0,0.911124;2.412366,135;560,
pop,1255,2259,1273,900.0,,,2.411382;2.270226,213;475,
push,1255,6150,2259,1000.0,200.00000000000006,1200.0,2.531779;2.355229,302;481,
push,1255,6151,2259,1000.0,200.00000000000006,1200.0,0.913615;2.355229,218;481,
prune,1255,0,2259,1000.0,,,2.522649;2.355229,297;481,obstacle:1
push,1255,6152,2259,1000.0,200.00000000000006,1200.0,2.531779;2.4332,302;396,
push,1255,6153,2259,1000.0,200.00000000000006,1200.0,0.913615;2.4332,218;396,
prune,1255,0,2259,1000.0,,,2.522649;2.4332,297;396,obstacle:1
push,1255,6154,2259,1000.0,300.0000000000001,1300.0,2.531779;2.412366,302;560,
push,1255,6155,2259,1000.0,300.0000000000001,1300.0,0.913615;2.412366,218;560,
prune,1255,0,2259,1000.0,,,2.522649;2.412366,297;560,obstacle:1
pop,1256,2260,1273,900.0,,,0.903241;2.270226,134;475,
push,1256,6156,2260,1000.0,200.00000000000006,1200.0,0.732852;2.355229,140;481,
push,1256,6157,2260,1000.0,200.00000000000006,1200.0,1.13521;2.355229,55;481,
push,1256,6158,2260,1000.0,200.00000000000006,1200.0,0.741549;2.355229,219;481,
push,1256,6159,2260,1000.0,200.00000000000006,1200.0,0.732852;2.4332,140;396,
push,1256,6160,2260,1000.0,200.00000000000006,1200.0,1.13521;2.4332,55;396,
push,1256,6161,2260,1000.0,200.00000000000006,1200.0,0.741549;2.4332,219;396,
push,1256,6162,2260,1000.0,300.0000000000001,1300.0,0.732852;2.412366,140;560,
push,1256,6163,2260,1000.0,300.0000000000001,1300.0,1.13521;2.412366,55;560,
push,1256,6164,2260,1000.0,300.0000000000001,1300.0,0.741549;2.412366,219;560,
pop,1257,2256,1284,900.0,,,2.399601;2.270226,338;475,
push,1257,6165,2256,1000.0,200.00000000000006,1200.0,2.522055;2.355229,428;481,
push,1257,6166,2256,1000.0,200.00000000000006,1200.0,2.519974;2.355229,343;481,
push,1257,6167,2256,1000.0,200.00000000000006,1200.0,2.493881;2.355229,423;481,
push,1257,6168,2256,1000.0,200.00000000000006,1200.0,2.522055;2.4332,428;396,
push,1257,6169,2256,1000.0,200.00000000000006,1200.0,2.519974;2.4332,343;396,
push,1257,6170,2256,1000.0,200.00000000000006,1200.0,2.493881;2.4332,423;396,
push,1257,6171,2256,1000.0,300.0000000000001,1300.0,2.522055;2.412366,428;560,
push,1257,6172,2256,1000.0,300.0000000000001,1300.0,2.519974;2.412366,343;560,
push,1257,6173,2256,1000.0,300.0000000000001,1300.0,2.493881;2.412366,423;560,
pop,1258,2249,1281,900.0,,,2.411382;2.270226,213;475,
push,1258,6174,2249,1000.0,200.00000000000006,1200.0,2.531779;2.355229,302;481,
push,1258,6175,2249,1000.0,200.00000000000006,1200.0,0.913615;2.355229,218;481,
prune,1258,0,2249,1000.0,,,2.522649;2.355229,297;481,obstacle:1
push,1258,6176,2249,1000.0,200.00000000000006,1200.0,2.531779;2.4332,302;396,
push,1258,6177,2249,1000.0,200.00000000000006,1200.0,0.913615;2.4332,218;396,
prune,1258,0,2249,1000.0,,,2.522649;2.4332,297;396,obstacle:1
push,1258,6178,2249,1000.0,300.0000000000001,1300.0,2.531779;2.412366,302;560,
push,1258,6179,2249,1000.0,300.0000000000001,1300.0,0.913615;2.412366,218;560,
prune,1258,0,2249,1000.0,,,2.522649;2.412366,297;560,obstacle:1
pop,1259,2247,1281,900.0,,,0.903241;2.270226,134;475,
push,1259,6180,2247,1000.0,200.00000000000006,1200.0,0.732852;2.355229,140;481,
push,1259,6181,2247,1000.0,200.00000000000006,1200.0,1.13521;2.355229,55;481,
push,1259,6182,2247,1000.0,200.00000000000006,1200.0,0.741549;2.355229,219;481,
push,1259,6183,2247,1000.0,200.00000000000006,1200.0,0.732852;2.4332,140;396,
push,1259,6184,2247,1000.0,200.00000000000006,1200.0,1.13521;2.4332,55;396,
push,1259,6185,2247,1000.0,200.00000000000006,1200.0,0.741549;2.4332,219;396,
push,1259,6186,2247,1000.0,300.0000000000001,1300.0,0.732852;2.412366,140;560,
push,1259,6187,2247,1000.0,300.0000000000001,1300.0,1.13521;2.412366,55;560,
push,1259,6188,2247,1000.0,300.0000000000001,1300.0,0.741549;2.412366,219;560,
pop,1260,2248,1281,900.0,,,2.394762;2.270226,49;475,
push,1260,6189,2248,1000.0,200.00000000000006,1200.0,2.350609;2.355229,50;481,
push,1260,6190,2248,1000.0,200.00000000000006,1200.0,2.350609;2.4332,50;396,
push,1260,6191,2248,1000.0,300.0000000000001,1300.0,2.350609;2.412366,50;560,
pop,1261,2240,1278,900.0,,,2.411382;2.270226,213;475,
push,1261,6192,2240,1000.0,200.00000000000006,1200.0,2.531779;2.355229,302;481,
push,1261,6193,2240,1000.0,200.00000000000006,1200.0,0.913615;2.355229,218;481,
prune,1261,0,2240,1000.0,,,2.522649;2.355229,297;481,obstacle:1
push,1261,6194,2240,1000.0,200.00000000000006,1200.0,2.531779;2.4332,302;396,
push,1261,6195,2240,1000.0,200.00000000000006,1200.0,0.913615;2.4332,218;396,
prune,1261,0,2240,1000.0,,,2.522649;2.4332,297;396,obstacle:1
push,1261,6196,2240,1000.0,300.0000000000001,1300.0,2.531779;2.412366,302;560,
push,1261,6197,2240,1000.0,300.0000000000001,1300.0,0.913615;2.412366,218;560,
prune,1261,0,2240,1000.0,,,2.522649;2.412366,297;560,obstacle:1
pop,1262,2238,1278,900.0,,,0.903241;2.270226,134;475,
push,1262,6198,2238,1000.0,200.00000000000006,1200.0,0.732852;2.355229,140;481,
push,1262,6199,2238,1000.0,200.00000000000006,1200.0,1.13521;2.355229,55;481,
push,1262,6200,2238,1000.0,200.00000000000006,1200.0,0.741549;2.355229,219;481,
push,1262,6201,2238,1000.0,200.00000000000006,1200.0,0.732852;2.4332,140;396,
push,1262,6202,2238,1000.0,200.00000000000006,1200.0,1.13521;2.4332,55;396,
push,1262,6203,2238,1000.0,200.00000000000006,1200.0,0.741549;2.4332,219;396,
push,1262,6204,2238,1000.0,300.0000000000001,1300.0,0.732852;2.412366,140;560,
push,1262,6205,2238,1000.0,300.0000000000001,1300.0,1.13521;2.412366,55;560,
push,1262,6206,2238,1000.0,300.0000000000001,1300.0,0.741549;2.412366,219;560,
pop,1263,2239,1278,900.0,,,2.394762;2.270226,49;475,
push,1263,6207,2239,1000.0,200.00000000000006,1200.0,2.350609;2.355229,50;481,
push,1263,6208,2239,1000.0,200.00000000000006,1200.0,2.350609;2.4332,50;396,
push,1263,6209,2239,1000.0,300.0000000000001,1300.0,2.350609;2.412366,50;560,
pop,1264,2233,1272,900.0,,,0.903241;2.270226,135;475,
push,1264,6210,2233,1000.0,200.00000000000006,1200.0,0.741549;2.355229,219;481,
push,1264,6211,2233,1000.0,200.00000000000006,1200.0,0.732852;2.355229,140;481,
push,1264,6212,2233,1000.0,200.00000000000006,1200.0,1.150423;2.355229,214;481,
push,1264,6213,2233,1000.0,200.00000000000006,1200.0,0.741549;2.4332,219;396,
push,1264,6214,2233,1000.0,200.00000000000006,1200.0,0.732852;2.4332,140;396,
push,1264,6215,2233,1000.0,200.00000000000006,1200.0,1.150423;2.4332,214;396,
push,1264,6216,2233,1000.0,300.0000000000001,1300.0,0.741549;2.412366,219;560,
push,1264,6217,2233,1000.0,300.0000000000001,1300.0,0.732852;2.412366,140;560,
push,1264,6218,2233,1000.0,300.0000000000001,1300.0,1.150423;2.412366,214;560,
pop,1265,2232,1272,900.0,,,2.198211;2.270226,50;475,
push,1265,6219,2232,1000.0,200.00000000000006,1200.0,2.294681;2.355229,56;481,
push,1265,6220,2232,1000.0,200.00000000000006,1200.0,0.902313;2.355229,141;481,
push,1265,6221,2232,1000.0,200.00000000000006,1200.0,2.294681;2.4332,56;396,
push,1265,6222,2232,1000.0,200.00000000000006,1200.0,0.902313;2.4332,141;396,
push,1265,6223,2232,1000.0,300.0000000000001,1300.0,2.294681;2.412366,56;560,
push,1265,6224,2232,1000.0,300.0000000000001,1300.0,0.902313;2.412366,141;560,
pop,1266,2223,1291,900.0,,,2.399601;2.270226,339;475,
push,1266,6225,2223,1000.0,200.00000000000006,1200.0,2.493881;2.355229,423;481,
push,1266,6226,2223,1000.0,200.00000000000006,1200.0,2.522055;2.355229,428;481,
push,1266,6227,2223,1000.0,200.00000000000006,1200.0,2.493881;2.4332,423;396,
push,1266,6228,2223,1000.0,200.00000000000006,1200.0,2.522055;2.4332,428;396,
push,1266,6229,2223,1000.0,300.0000000000001,1300.0,2.493881;2.412366,423;560,
push,1266,6230,2223,1000.0,300.0000000000001,1300.0,2.522055;2.412366,428;560,
pop,1267,2224,1291,900.0,,,2.420764;2.270226,344;475,
push,1267,6231,2224,1000.0,200.00000000000006,1200.0,2.531239;2.355229,434;481,
push,1267,6232,2224,1000.0,200.00000000000006,1200.0,2.538289;2.355229,349;481,
push,1267,6233,2224,1000.0,200.00000000000006,1200.0,2.522055;2.355229,429;481,
push,1267,6234,2224,1000.0,200.00000000000006,1200.0,2.531239;2.4332,434;396,
push,1267,6235,2224,1000.0,200.00000000000006,1200.0,2.538289;2.4332,349;396,
push,1267,6236,2224,1000.0,200.00000000000006,1200.0,2.522055;2.4332,429;396,
push,1267,6237,2224,1000.0,300.0000000000001,1300.0,2.531239;2.412366,434;560,
push,1267,6238,2224,1000.0,300.0000000000001,1300.0,2.538289;2.412366,349;560,
push,1267,6239,2224,1000.0,300.0000000000001,1300.0,2.522055;2.412366,429;560,
pop,1268,2225,1291,900.0,,,2.418411;2.270226,257;475,
pop,1269,2217,1290,900.0,,,2.420764;2.270226,350;475,
push,1269,6240,2217,1000.0,200.00000000000006,1200.0,2.522055;2.355229,440;481,
prune,1269,0,2217,1000.0,,,2.538289;2.355229,355;481,obstacle:1
push,1269,6241,2217,1000.0,200.00000000000006,1200.0,2.531239;2.355229,435;481,
push,1269,6242,2217,1000.0,200.00000000000006,1200.0,2.522055;2.4332,440;396,
prune,1269,0,2217,1000.0,,,2.538289;2.4332,355;396,obstacle:1
push,1269,6243,2217,1000.0,200.00000000000006,1200.0,2.531239;2.4332,435;396,
push,1269,6244,2217,1000.0,300.0000000000001,1300.0,2.522055;2.412366,440;560,
prune,1269,0,2217,1000.0,,,2.538289;2.412366,355;560,obstacle:1
push,1269,6245,2217,1000.0,300.0000000000001,1300.0,2.531239;2.412366,435;560,
pop,1270,2218,1290,900.0,,,2.420764;2.270226,345;475,
push,1270,6246,2218,1000.0,200.00000000000006,1200.0,2.522055;2.355229,429;481,
push,1270,6247,2218,1000.0,200.00000000000006,1200.0,2.531239;2.355229,434;481,
push,1270,6248,2218,1000.0,200.00000000000006,1200.0,2.538289;2.355229,340;481,
push,1270,6249,2218,1000.0,200.00000000000006,1200.0,2.522055;2.4332,429;396,
push,1270,6250,2218,1000.0,200.00000000000006,1200.0,2.531239;2.4332,434;396,
push,1270,6251,2218,1000.0,200.00000000000006,1200.0,2.538289;2.4332,340;396,
push,1270,6252,2218,1000.0,300.0000000000001,1300.0,2.522055;2.412366,429;560,
push,1270,6253,2218,1000.0,300.0000000000001,1300.0,2.531239;2.412366,434;560,
push,1270,6254,2218,1000.0,300.0000000000001,1300.0,2.538289;2.412366,340;560,
pop,1271,2212,1299,900.0,,,0.903241;2.270226,135;475,
push,1271,6255,2212,1000.0,200.00000000000006,1200.0,0.741549;2.355229,219;481,
push,1271,6256,2212,1000.0,200.00000000000006,1200.0,0.732852;2.355229,140;481,
push,1271,6257,2212,1000.0,200.00000000000006,1200.0,1.150423;2.355229,214;481,
push,1271,6258,2212,1000.0,200.00000000000006,1200.0,0.741549;2.4332,219;396,
push,1271,6259,2212,1000.0,200.00000000000006,1200.0,0.732852;2.4332,140;396,
push,1271,6260,2212,1000.0,200.00000000000006,1200.0,1.150423;2.4332,214;396,
push,1271,6261,2212,1000.0,300.0000000000001,1300.0,0.741549;2.412366,219;560,
push,1271,6262,2212,1000.0,300.0000000000001,1300.0,0.732852;2.412366,140;560,
push,1271,6263,2212,1000.0,300.0000000000001,1300.0,1.150423;2.412366,214;560,
pop,1272,2205,1300,900.0,,,2.411382;2.270226,213;475,
push,1272,6264,2205,1000.0,200.00000000000006,1200.0,2.531779;2.355229,302;481,
push,1272,6265,2205,1000.0,200.00000000000006,1200.0,0.913615;2.355229,218;481,
prune,1272,0,2205,1000.0,,,2.522649;2.355229,297;481,obstacle:1
push,1272,6266,2205,1000.0,200.00000000000006,1200.0,2.531779;2.4332,302;396,
push,1272,6267,2205,1000.0,200.00000000000006,1200.0,0.913615;2.4332,218;396,
prune,1272,0,2205,1000.0,,,2.522649;2.4332,297;396,obstacle:1
push,1272,6268,2205,1000.0,300.0000000000001,1300.0,2.531779;2.412366,302;560,
push,1272,6269,2205,1000.0,300.0000000000001,1300.0,0.913615;2.412366,218;560,
prune,1272,0,2205,1000.0,,,2.522649;2.412366,297;560,obstacle:1
pop,1273,2211,1299,900.0,,,2.198211;2.270226,50;475,
push,1273,6270,2211,1000.0,200.00000000000006,1200.0,2.294681;2.355229,56;481,
push,1273,6271,2211,1000.0,200.00000000000006,1200.0,0.902313;2.355229,141;481,
push,1273,6272,2211,1000.0,200.00000000000006,1200.0,2.294681;2.4332,56;396,
push,1273,6273,2211,1000.0,200.00000000000006,1200.0,0.902313;2.4332,141;396,
push,1273,6274,2211,1000.0,300.0000000000001,1300.0,2.294681;2.412366,56;560,
push,1273,6275,2211,1000.0,300.0000000000001,1300.0,0.902313;2.412366,141;560,
pop,1274,2206,1300,900.0,,,0.903241;2.270226,134;475,
push,1274,6276,2206,1000.0,200.00000000000006,1200.0,0.732852;2.355229,140;481,
push,1274,6277,2206,1000.0,200.00000000000006,1200.0,1.13521;2.355229,55;481,
push,1274,6278,2206,1000.0,200.00000000000006,1200.0,0.741549;2.355229,219;481,
push,1274,6279,2206,1000.0,200.00000000000006,1200.0,0.732852;2.4332,140;396,
push,1274,6280,2206,1000.0,200.00000000000006,1200.0,1.13521;2.4332,55;396,
push,1274,6281,2206,1000.0,200.00000000000006,1200.0,0.741549;2.4332,219;396,
push,1274,6282,2206,1000.0,300.0000000000001,1300.0,0.732852;2.412366,140;560,
push,1274,6283,2206,1000.0,300.0000000000001,1300.0,1.13521;2.412366,55;560,
push,1274,6284,2206,1000.0,300.0000000000001,1300.0,0.741549;2.412366,219;560,
pop,1275,2198,1296,900.0,,,2.418411;2.270226,256;475,
push,1275,6285,2198,1000.0,200.00000000000006,1200.0,2.538289;2.355229,338;481,
push,1275,6286,2198,1000.0,200.00000000000006,1200.0,2.538289;2.4332,338;396,
push,1275,6287,2198,1000.0,300.0000000000001,1300.0,2.538289;2.412366,338;560,
pop,1276,2196,1296,900.0,,,2.428817;2.270226,260;475,
push,1276,6288,2196,1000.0,200.00000000000006,1200.0,2.538289;2.355229,344;481,
push,1276,6289,2196,1000.0,200.00000000000006,1200.0,2.536248;2.355229,265;481,
push,1276,6290,2196,1000.0,200.00000000000006,1200.0,2.538289;2.355229,339;481,
push,1276,6291,2196,1000.0,200.00000000000006,1200.0,2.538289;2.4332,344;396,
push,1276,6292,2196,1000.0,200.00000000000006,1200.0,2.536248;2.4332,265;396,
push,1276,6293,2196,1000.0,200.00000000000006,1200.0,2.538289;2.4332,339;396,
push,1276,6294,2196,1000.0,300.0000000000001,1300.0,2.538289;2.412366,344;560,
push,1276,6295,2196,1000.0,300.0000000000001,1300.0,2.536248;2.412366,265;560,
push,1276,6296,2196,1000.0,300.0000000000001,1300.0,2.538289;2.412366,339;560,
pop,1277,2197,1296,900.0,,,2.416051;2.270226,176;475,
push,1277,6297,2197,1000.0,200.00000000000006,1200.0,2.527119;2.355229,103;481,
push,1277,6298,2197,1000.0,200.00000000000006,1200.0,2.536248;2.355229,266;481,
push,1277,6299,2197,1000.0,200.00000000000006,1200.0,2.527119;2.4332,103;396,
push,1277,6300,2197,1000.0,200.00000000000006,1200.0,2.536248;2.4332,266;396,
push,1277,6301,2197,1000.0,300.0000000000001,1300.0,2.527119;2.412366,103;560,
push,1277,6302,2197,1000.0,300.0000000000001,1300.0,2.536248;2.412366,266;560,
pop,1278,2189,1285,900.0,,,2.399601;2.270226,339;475,
push,1278,6303,2189,1000.0,200.00000000000006,1200.0,2.493881;2.355229,423;481,
push,1278,6304,2189,1000.0,200.00000000000006,1200.0,2.522055;2.355229,428;481,
push,1278,6305,2189,1000.0,200.00000000000006,1200.0,2.493881;2.4332,423;396,
push,1278,6306,2189,1000.0,200.00000000000006,1200.0,2.522055;2.4332,428;396,
push,1278,6307,2189,1000.0,300.0000000000001,1300.0,2.493881;2.412366,423;560,
push,1278,6308,2189,1000.0,300.0000000000001,1300.0,2.522055;2.412366,428;560,
pop,1279,2187,1285,900.0,,,2.420764;2.270226,344;475,
push,1279,6309,2187,1000.0,200.00000000000006,1200.0,2.531239;2.355229,434;481,
push,1279,6310,2187,1000.0,200.00000000000006,1200.0,2.538289;2.355229,349;481,
push,1279,6311,2187,1000.0,200.00000000000006,1200.0,2.522055;2.355229,429;481,
push,1279,6312,2187,1000.0,200.00000000000006,1200.0,2.531239;2.4332,434;396,
push,1279,6313,2187,1000.0,200.00000000000006,1200.0,2.538289;2.4332,349;396,
push,1279,6314,2187,1000.0,200.00000000000006,1200.0,2.522055;2.4332,429;396,
push,1279,6315,2187,1000.0,300.0000000000001,1300.0,2.531239;2.412366,434;560,
push,1279,6316,2187,1000.0,300.0000000000001,1300.0,2.538289;2.412366,349;560,
push,1279,6317,2187,1000.0,300.0000000000001,1300.0,2.522055;2.412366,429;560,
pop,1280,2188,1285,900.0,,,2.418411;2.270226,265;475,
prune,1280,0,2188,1000.0,,,2.527119;2.355229,271;481,obstacle:1
push,1280,6318,2188,1000.0,200.00000000000006,1200.0,2.519974;2.355229,187;481,
push,1280,6319,2188,1000.0,200.00000000000006,1200.0,2.538289;2.355229,350;481,
prune,1280,0,2188,1000.0,,,2.527119;2.4332,271;396,obstacle:1
push,1280,6320,2188,1000.0,200.00000000000006,1200.0,2.519974;2.4332,187;396,
push,1280,6321,2188,1000.0,200.00000000000006,1200.0,2.538289;2.4332,350;396,
prune,1280,0,2188,1000.0,,,2.527119;2.412366,271;560,obstacle:1
push,1280,6322,2188,1000.0,300.0000000000001,1300.0,2.519974;2.412366,187;560,
push,1280,6323,2188,1000.0,300.0000000000001,1300.0,2.538289;2.412366,350;560,
pop,1281,2182,1269,900.0,,,0.903241;2.270226,135;475,
push,1281,6324,2182,1000.0,200.00000000000006,1200.0,0.741549;2.355229,219;481,
push,1281,6325,2182,1000.0,200.00000000000006,1200.0,0.732852;2.355229,140;481,
push,1281,6326,2182,1000.0,200.00000000000006,1200.0,1.150423;2.355229,214;481,
push,1281,6327,2182,1000.0,200.00000000000006,1200.0,0.741549;2.4332,219;396,
push,1281,6328,2182,1000.0,200.00000000000006,1200.0,0.732852;2.4332,140;396,
push,1281,6329,2182,1000.0,200.00000000000006,1200.0,1.150423;2.4332,214;396,
push,1281,6330,2182,1000.0,300.0000000000001,1300.0,0.741549;2.412366,219;560,
push,1281,6331,2182,1000.0,300.0000000000001,1300.0,0.732852;2.412366,140;560,
push,1281,6332,2182,1000.0,300.0000000000001,1300.0,1.150423;2.412366,214;560,
pop,1282,2181,1269,900.0,,,2.198211;2.270226,50;475,
push,1282,6333,2181,1000.0,200.00000000000006,1200.0,2.294681;2.355229,56;481,
push,1282,6334,2181,1000.0,200.00000000000006,1200.0,0.902313;2.355229,141;481,
push,1282,6335,2181,1000.0,200.00000000000006,1200.0,2.294681;2.4332,56;396,
push,1282,6336,2181,1000.0,200.00000000000006,1200.0,0.902313;2.4332,141;396,
push,1282,6337,2181,1000.0,300.0000000000001,1300.0,2.294681;2.412366,56;560,
push,1282,6338,2181,1000.0,300.0000000000001,1300.0,0.902313;2.412366,141;560,
pop,1283,2178,1231,900.0,,,2.394762;2.270226,44;475,
push,1283,6339,2178,1000.0,200.00000000000006,1200.0,2.350609;2.355229,50;481,
push,1283,6340,2178,1000.0,200.00000000000006,1200.0,0.911124;2.355229,135;481,
push,1283,6341,2178,1000.0,200.00000000000006,1200.0,2.350609;2.4332,50;396,
push,1283,6342,2178,1000.0,200.00000000000006,1200.0,0.911124;2.4332,135;396,
push,1283,6343,2178,1000.0,300.0000000000001,1300.0,2.350609;2.412366,50;560,
push,1283,6344,2178,1000.0,300.0000000000001,1300.0,0.911124;2.412366,135;560,
pop,1284,2166,1318,900.0,,,2.420764;2.270226,350;475,
push,1284,6345,2166,1000.0,200.00000000000006,1200.0,2.522055;2.355229,440;481,
prune,1284,0,2166,1000.0,,,2.538289;2.355229,355;481,obstacle:1
push,1284,6346,2166,1000.0,200.00000000000006,1200.0,2.531239;2.355229,435;481,
push,1284,6347,2166,1000.0,200.00000000000006,1200.0,2.522055;2.4332,440;396,
prune,1284,0,2166,1000.0,,,2.538289;2.4332,355;396,obstacle:1
push,1284,6348,2166,1000.0,200.00000000000006,1200.0,2.531239;2.4332,435;396,
push,1284,6349,2166,1000.0,300.0000000000001,1300.0,2.522055;2.412366,440;560,
prune,1284,0,2166,1000.0,,,2.538289;2.412366,355;560,obstacle:1
push,1284,6350,2166,1000.0,300.0000000000001,1300.0,2.531239;2.412366,435;560,
pop,1285,2172,1310,900.0,,,2.391248;2.270226,423;475,
push,1285,6351,2172,1000.0,200.00000000000006,1200.0,2.5055;2.355229,506;481,
push,1285,6352,2172,1000.0,200.00000000000006,1200.0,2.5055;2.4332,506;396,
push,1285,6353,2172,1000.0,300.0000000000001,1300.0,2.5055;2.412366,506;560,
pop,1286,2173,1310,900.0,,,2.40201;2.270226,428;475,
push,1286,6354,2173,1000.0,200.00000000000006,1200.0,2.5055;2.355229,512;481,
push,1286,6355,2173,1000.0,200.00000000000006,1200.0,2.531239;2.355229,433;481,
push,1286,6356,2173,1000.0,200.00000000000006,1200.0,2.5055;2.355229,507;481,
push,1286,6357,2173,1000.0,200.00000000000006,1200.0,2.5055;2.4332,512;396,
push,1286,6358,2173,1000.0,200.00000000000006,1200.0,2.531239;2.4332,433;396,
push,1286,6359,2173,1000.0,200.00000000000006,1200.0,2.5055;2.4332,507;396,
push,1286,6360,2173,1000.0,300.0000000000001,1300.0,2.5055;2.412366,512;560,
push,1286,6361,2173,1000.0,300.0000000000001,1300.0,2.531239;2.412366,433;560,
push,1286,6362,2173,1000.0,300.0000000000001,1300.0,2.5055;2.412366,507;560,
pop,1287,2167,1318,900.0,,,2.420764;2.270226,345;475,
push,1287,6363,2167,1000.0,200.00000000000006,1200.0,2.522055;2.355229,429;481,
push,1287,6364,2167,1000.0,200.00000000000006,1200.0,2.531239;2.355229,434;481,
push,1287,6365,2167,1000.0,200.00000000000006,1200.0,2.538289;2.355229,340;481,
push,1287,6366,2167,1000.0,200.00000000000006,1200.0,2.522055;2.4332,429;396,
push,1287,6367,2167,1000.0,200.00000000000006,1200.0,2.531239;2.4332,434;396,
push,1287,6368,2167,1000.0,200.00000000000006,1200.0,2.538289;2.4332,340;396,
push,1287,6369,2167,1000.0,300.0000000000001,1300.0,2.522055;2.412366,429;560,
push,1287,6370,2167,1000.0,300.0000000000001,1300.0,2.531239;2.412366,434;560,
push,1287,6371,2167,1000.0,300.0000000000001,1300.0,2.538289;2.412366,340;560,
pop,1288,2158,1323,900.0,,,2.420764;2.270226,343;475,
push,1288,6372,2158,1000.0,200.00000000000006,1200.0,2.538289;2.355229,349;481,
push,1288,6373,2158,1000.0,200.00000000000006,1200.0,2.522055;2.355229,270;481,
push,1288,6374,2158,1000.0,200.00000000000006,1200.0,2.531239;2.355229,434;481,
push,1288,6375,2158,1000.0,200.00000000000006,1200.0,2.538289;2.4332,349;396,
push,1288,6376,2158,1000.0,200.00000000000006,1200.0,2.522055;2.4332,270;396,
push,1288,6377,2158,1000.0,200.00000000000006,1200.0,2.531239;2.4332,434;396,
push,1288,6378,2158,1000.0,300.0000000000001,1300.0,2.538289;2.412366,349;560,
push,1288,6379,2158,1000.0,300.0000000000001,1300.0,2.522055;2.412366,270;560,
push,1288,6380,2158,1000.0,300.0000000000001,1300.0,2.531239;2.412366,434;560,
pop,1289,2159,1323,900.0,,,2.391248;2.270226,423;475,
push,1289,6381,2159,1000.0,200.00000000000006,1200.0,2.5055;2.355229,506;481,
push,1289,6382,2159,1000.0,200.00000000000006,1200.0,2.5055;2.4332,506;396,
push,1289,6383,2159,1000.0,300.0000000000001,1300.0,2.5055;2.412366,506;560,
pop,1290,2157,1323,900.0,,,2.40201;2.270226,428;475,
push,1290,6384,2157,1000.0,200.00000000000006,1200.0,2.5055;2.355229,512;481,
push,1290,6385,2157,1000.0,200.00000000000006,1200.0,2.531239;2.355229,433;481,
push,1290,6386,2157,1000.0,200.00000000000006,1200.0,2.5055;2.355229,507;481,
push,1290,6387,2157,1000.0,200.00000000000006,1200.0,2.5055;2.4332,512;396,
push,1290,6388,2157,1000.0,200.00000000000006,1200.0,2.531239;2.4332,433;396,
push,1290,6389,2157,1000.0,200.00000000000006,1200.0,2.5055;2.4332,507;396,
push,1290,6390,2157,1000.0,300.0000000000001,1300.0,2.5055;2.412366,512;560,
push,1290,6391,2157,1000.0,300.0000000000001,1300.0,2.531239;2.412366,433;560,
push,1290,6392,2157,1000.0,300.0000000000001,1300.0,2.5055;2.412366,507;560,
pop,1291,2154,1317,900.0,,,2.418411;2.270226,109;475,
push,1291,6393,2154,1000.0,200.00000000000006,1200.0,2.519974;2.355229,25;481,
push,1291,6394,2154,1000.0,200.00000000000006,1200.0,2.538289;2.355229,18;481,
push,1291,6395,2154,1000.0,200.00000000000006,1200.0,2.527119;2.355229,110;481,
push,1291,6396,2154,1000.0,200.00000000000006,1200.0,2.519974;2.4332,25;396,
push,1291,6397,2154,1000.0,200.00000000000006,1200.0,2.538289;2.4332,18;396,
push,1291,6398,2154,1000.0,200.00000000000006,1200.0,2.527119;2.4332,110;396,
push,1291,6399,2154,1000.0,300.0000000000001,1300.0,2.519974;2.412366,25;560,
push,1291,6400,2154,1000.0,300.0000000000001,1300.0,2.538289;2.412366,18;560,
push,1291,6401,2154,1000.0,300.0000000000001,1300.0,2.527119;2.412366,110;560,
pop,1292,2148,1309,900.0,,,2.420764;2.270226,187;475,
push,1292,6402,2148,1000.0,200.00000000000006,1200.0,2.522055;2.355229,109;481,
push,1292,6403,2148,1000.0,200.00000000000006,1200.0,2.531239;2.355229,102;481,
prune,1292,0,2148,1000.0,,,2.538289;2.355229,188;481,obstacle:1
push,1292,6404,2148,1000.0,200.00000000000006,1200.0,2.522055;2.4332,109;396,
push,1292,6405,2148,1000.0,200.00000000000006,1200.0,2.531239;2.4332,102;396,
prune,1292,0,2148,1000.0,,,2.538289;2.4332,188;396,obstacle:1
push,1292,6406,2148,1000.0,300.0000000000001,1300.0,2.522055;2.412366,109;560,
push,1292,6407,2148,1000.0,300.0000000000001,1300.0,2.531239;2.412366,102;560,
prune,1292,0,2148,1000.0,,,2.538289;2.412366,188;560,obstacle:1
pop,1293,2149,1309,900.0,,,2.420764;2.270226,350;475,
push,1293,6408,2149,1000.0,200.00000000000006,1200.0,2.522055;2.355229,440;481,
prune,1293,0,2149,1000.0,,,2.538289;2.355229,355;481,obstacle:1
push,1293,6409,2149,1000.0,200.00000000000006,1200.0,2.531239;2.355229,435;481,
push,1293,6410,2149,1000.0,200.00000000000006,1200.0,2.522055;2.4332,440;396,
prune,1293,0,2149,1000.0,,,2.538289;2.4332,355;396,obstacle:1
push,1293,6411,2149,1000.0,200.00000000000006,1200.0,2.531239;2.4332,435;396,
push,1293,6412,2149,1000.0,300.0000000000001,1300.0,2.522055;2.412366,440;560,
prune,1293,0,2149,1000.0,,,2.538289;2.412366,355;560,obstacle:1
push,1293,6413,2149,1000.0,300.0000000000001,1300.0,2.531239;2.412366,435;560,
pop,1294,2143,1328,900.0,,,0.902229;2.270226,218;475,
push,1294,6414,2143,1000.0,200.00000000000006,1200.0,1.125371;2.355229,224;481,
push,1294,6415,2143,1000.0,200.00000000000006,1200.0,0.737753;2.355229,145;481,
push,1294,6416,2143,1000.0,200.00000000000006,1200.0,1.146544;2.355229,308;481,
push,1294,6417,2143,1000.0,200.00000000000006,1200.0,1.125371;2.4332,224;396,
push,1294,6418,2143,1000.0,200.00000000000006,1200.0,0.737753;2.4332,145;396,
push,1294,6419,2143,1000.0,200.00000000000006,1200.0,1.146544;1.774293,308;396,
push,1294,6420,2143,1000.0,300.0000000000001,1300.0,1.125371;2.412366,224;560,
push,1294,6421,2143,1000.0,300.0000000000001,1300.0,0.737753;2.412366,145;560,
push,1294,6422,2143,1000.0,300.0000000000001,1300.0,1.146544;2.412366,308;560,
pop,1295,6419,2143,1000.0,,,1.146544;1.774293,308;396,
push,1295,6423,6419,1100.0,200.00000000000006,1300.0,1.317798;1.937424,392;318,
push,1295,6424,6419,1100.0,200.00000000000006,1300.0,1.366511;1.457636,313;318,
push,1295,6425,6419,1100.0,200.00000000000006,1300.0,1.377004;1.937424,387;318,
push,1295,6426,6419,1100.0,399.99999999999994,1500.0,1.317798;1.896283,392;311,
push,1295,6427,6419,1100.0,399.99999999999994,1500.0,1.366511;1.896283,313;311,
push,1295,6428,6419,1100.0,399.99999999999994,1500.0,1.377004;1.896283,387;311,
push,1295,6429,6419,1100.0,100.00000000000004,1200.0,1.317798;1.929932,392;397,
push,1295,6430,6419,1100.0,100.00000000000004,1200.0,1.366511;1.929932,313;397,
push,1295,6431,6419,1100.0,100.00000000000004,1200.0,1.377004;1.929932,387;397,
pop,1296,6429,6419,1100.0,,,1.317798;1.929932,392;397,
push,1296,6432,6429,1200.0,4.263256414560601e-14,1200.0,1.458546;2.061408,482;403,
push,1296,6433,6429,1200.0,4.263256414560601e-14,1200.0,1.537599;2.061408,397;403,
push,1296,6434,6429,1200.0,4.263256414560601e-14,1200.0,1.544996;2.061408,477;403,
push,1296,6435,6429,1200.0,499.99999999999994,1700.0,1.458546;2.084127,482;324,
push,1296,6436,6429,1200.0,499.99999999999994,1700.0,1.537599;2.084127,397;324,
push,1296,6437,6429,1200.0,499.99999999999994,1700.0,1.544996;2.084127,477;324,
push,1296,6438,6429,1200.0,500.0000000000001,1700.0,1.458546;2.051349,482;488,
push,1296,6439,6429,1200.0,500.0000000000001,1700.0,1.537599;2.051349,397;488,
push,1296,6440,6429,1200.0,500.0000000000001,1700.0,1.544996;2.051349,477;488,
pop,1297,6430,6419,1100.0,,,1.366511;1.929932,313;397,
push,1297,6441,6430,1200.0,4.263256414560601e-14,1200.0,1.529185;2.061408,319;403,
push,1297,6442,6430,1200.0,4.263256414560601e-14,1200.0,1.575996;2.061408,235;403,
push,1297,6443,6430,1200.0,4.263256414560601e-14,1200.0,1.537599;2.061408,398;403,
push,1297,6444,6430,1200.0,499.99999999999994,1700.0,1.529185;1.613243,319;324,
push,1297,6445,6430,1200.0,499.99999999999994,1700.0,1.575996;2.084127,235;324,
push,1297,6446,6430,1200.0,499.99999999999994,1700.0,1.537599;2.084127,398;324,
push,1297,6447,6430,1200.0,500.0000000000001,1700.0,1.529185;2.051349,319;488,
push,1297,6448,6430,1200.0,500.0000000000001,1700.0,1.575996;2.051349,235;488,
push,1297,6449,6430,1200.0,500.0000000000001,1700.0,1.537599;2.051349,398;488,
pop,1298,6431,6419,1100.0,,,1.377004;1.929932,387;397,
push,1298,6450,6431,1200.0,4.263256414560601e-14,1200.0,1.544115;2.061408,471;403,
push,1298,6451,6431,1200.0,4.263256414560601e-14,1200.0,1.544996;2.061408,476;403,
push,1298,6452,6431,1200.0,4.263256414560601e-14,1200.0,1.575996;2.061408,382;403,
push,1298,6453,6431,1200.0,499.99999999999994,1700.0,1.544115;2.084127,471;324,
push,1298,6454,6431,1200.0,499.99999999999994,1700.0,1.544996;2.084127,476;324,
push,1298,6455,6431,1200.0,499.99999999999994,1700.0,1.575996;2.084127,382;324,
push,1298,6456,6431,1200.0,500.0000000000001,1700.0,1.544115;2.051349,471;488,
push,1298,6457,6431,1200.0,500.0000000000001,1700.0,1.544996;2.051349,476;488,
push,1298,6458,6431,1200.0,500.0000000000001,1700.0,1.575996;2.051349,382;488,
pop,1299,6432,6429,1200.0,,,1.458546;2.061408,482;403,
prune,1299,6432,6429,1200.0,,,1.458546;2.061408,482;403,goal_spline
pop,1300,6433,6429,1200.0,,,1.537599;2.061408,397;403,
prune,1300,6433,6429,1200.0,,,1.537599;2.061408,397;403,goal_spline
pop,1301,6434,6429,1200.0,,,1.544996;2.061408,477;403,
prune,1301,6434,6429,1200.0,,,1.544996;2.061408,477;403,goal_spline
pop,1302,6441,6430,1200.0,,,1.529185;2.061408,319;403,
prune,1302,6441,6430,1200.0,,,1.529185;2.061408,319;403,goal_spline
pop,1303,6442,6430,1200.0,,,1.575996;2.061408,235;403,
prune,1303,6442,6430,1200.0,,,1.575996;2.061408,235;403,goal_spline
pop,1304,6443,6430,1200.0,,,1.537599;2.061408,398;403,
prune,1304,6443,6430,1200.0,,,1.537599;2.061408,398;403,goal_spline
pop,1305,6450,6431,1200.0,,,1.544115;2.061408,471;403,
prune,1305,6450,6431,1200.0,,,1.544115;2.061408,471;403,goal_spline
pop,1306,6451,6431,1200.0,,,1.544996;2.061408,476;403,
prune,1306,6451,6431,1200.0,,,1.544996;2.061408,476;403,goal_spline
pop,1307,6452,6431,1200.0,,,1.575996;2.061408,382;403,
prune,1307,6452,6431,1200.0,,,1.575996;2.061408,382;403,goal_spline
pop,1308,2131,1338,900.0,,,2.391248;2.270226,434;475,
push,1308,6459,2131,1000.0,200.00000000000006,1200.0,2.5055;2.355229,518;481,
push,1308,6460,2131,1000.0,200.00000000000006,1200.0,2.522055;2.355229,439;481,
push,1308,6461,2131,1000.0,200.00000000000006,1200.0,2.486446;2.355229,513;481,
push,1308,6462,2131,1000.0,200.00000000000006,1200.0,2.5055;2.4332,518;396,
push,1308,6463,2131,1000.0,200.00000000000006,1200.0,2.522055;2.4332,439;396,
push,1308,6464,2131,1000.0,200.00000000000006,1200.0,2.486446;2.4332,513;396,
push,1308,6465,2131,1000.0,300.0000000000001,1300.0,2.5055;2.412366,518;560,
push,1308,6466,2131,1000.0,300.0000000000001,1300.0,2.522055;2.412366,439;560,
push,1308,6467,2131,1000.0,300.0000000000001,1300.0,2.486446;2.412366,513;560,
pop,1309,2132,1338,900.0,,,2.399601;2.270226,340;475,
push,1309,6468,2132,1000.0,200.00000000000006,1200.0,2.493881;2.355229,423;481,
push,1309,6469,2132,1000.0,200.00000000000006,1200.0,2.522055;2.355229,258;481,
push,1309,6470,2132,1000.0,200.00000000000006,1200.0,2.493881;2.4332,423;396,
push,1309,6471,2132,1000.0,200.00000000000006,1200.0,2.522055;2.4332,258;396,
push,1309,6472,2132,1000.0,300.0000000000001,1300.0,2.493881;2.412366,423;560,
push,1309,6473,2132,1000.0,300.0000000000001,1300.0,2.522055;2.412366,258;560,
pop,1310,2130,1338,900.0,,,2.358059;2.270226,429;475,
push,1310,6474,2130,1000.0,200.00000000000006,1200.0,2.446966;2.355229,507;481,
push,1310,6475,2130,1000.0,200.00000000000006,1200.0,2.486446;2.355229,512;481,
push,1310,6476,2130,1000.0,200.00000000000006,1200.0,2.493881;2.355229,424;481,
push,1310,6477,2130,1000.0,200.00000000000006,1200.0,2.446966;2.4332,507;396,
push,1310,6478,2130,1000.0,200.00000000000006,1200.0,2.486446;2.4332,512;396,
push,1310,6479,2130,1000.0,200.00000000000006,1200.0,2.493881;2.4332,424;396,
push,1310,6480,2130,1000.0,300.0000000000001,1300.0,2.446966;2.412366,507;560,
push,1310,6481,2130,1000.0,300.0000000000001,1300.0,2.486446;2.412366,512;560,
push,1310,6482,2130,1000.0,300.0000000000001,1300.0,2.493881;2.412366,424;560,
pop,1311,2122,1340,900.0,,,2.399601;2.270226,339;475,
push,1311,6483,2122,1000.0,200.00000000000006,1200.0,2.493881;2.355229,423;481,
push,1311,6484,2122,1000.0,200.00000000000006,1200.0,2.522055;2.355229,428;481,
push,1311,6485,2122,1000.0,200.00000000000006,1200.0,2.493881;2.4332,423;396,
push,1311,6486,2122,1000.0,200.00000000000006,1200.0,2.522055;2.4332,428;396,
push,1311,6487,2122,1000.0,300.0000000000001,1300.0,2.493881;2.412366,423;560,
push,1311,6488,2122,1000.0,300.0000000000001,1300.0,2.522055;2.412366,428;560,
pop,1312,2123,1340,900.0,,,2.420764;2.270226,174;475,
push,1312,6489,2123,1000.0,200.00000000000006,1200.0,2.531239;2.355229,90;481,
push,1312,6490,2123,1000.0,200.00000000000006,1200.0,2.522055;2.355229,97;481,
push,1312,6491,2123,1000.0,200.00000000000006,1200.0,2.531239;2.4332,90;396,
push,1312,6492,2123,1000.0,200.00000000000006,1200.0,2.522055;2.4332,97;396,
push,1312,6493,2123,1000.0,300.0000000000001,1300.0,2.531239;2.412366,90;560,
push,1312,6494,2123,1000.0,300.0000000000001,1300.0,2.522055;2.412366,97;560,
pop,1313,2121,1340,900.0,,,2.418411;2.270226,257;475,
pop,1314,2116,1339,900.0,,,2.391248;2.270226,435;475,
push,1314,6495,2116,1000.0,200.00000000000006,1200.0,2.486446;2.355229,513;481,
push,1314,6496,2116,1000.0,200.00000000000006,1200.0,2.5055;2.355229,518;481,
push,1314,6497,2116,1000.0,200.00000000000006,1200.0,2.522055;2.355229,430;481,
push,1314,6498,2116,1000.0,200.00000000000006,1200.0,2.486446;2.4332,513;396,
push,1314,6499,2116,1000.0,200.00000000000006,1200.0,2.5055;2.4332,518;396,
push,1314,6500,2116,1000.0,200.00000000000006,1200.0,2.522055;2.4332,430;396,
push,1314,6501,2116,1000.0,300.0000000000001,1300.0,2.486446;2.412366,513;560,
push,1314,6502,2116,1000.0,300.0000000000001,1300.0,2.5055;2.412366,518;560,
push,1314,6503,2116,1000.0,300.0000000000001,1300.0,2.522055;2.412366,430;560,
pop,1315,2115,1339,900.0,,,2.40201;2.270226,440;475,
push,1315,6504,2115,1000.0,200.00000000000006,1200.0,2.5055;2.355229,524;481,
push,1315,6505,2115,1000.0,200.00000000000006,1200.0,2.531239;2.355229,445;481,
push,1315,6506,2115,1000.0,200.00000000000006,1200.0,2.5055;2.355229,519;481,
push,1315,6507,2115,1000.0,200.00000000000006,1200.0,2.5055;2.4332,524;396,
push,1315,6508,2115,1000.0,200.00000000000006,1200.0,2.531239;2.4332,445;396,
push,1315,6509,2115,1000.0,200.00000000000006,1200.0,2.5055;2.4332,519;396,
push,1315,6510,2115,1000.0,300.0000000000001,1300.0,2.5055;2.412366,524;560,
push,1315,6511,2115,1000.0,300.0000000000001,1300.0,2.531239;2.412366,445;560,
push,1315,6512,2115,1000.0,300.0000000000001,1300.0,2.5055;2.412366,519;560,
pop,1316,2109,1335,900.0,,,2.198211;2.270226,50;475,
push,1316,6513,2109,1000.0,200.00000000000006,1200.0,2.294681;2.355229,56;481,
push,1316,6514,2109,1000.0,200.00000000000006,1200.0,0.902313;2.355229,141;481,
push,1316,6515,2109,1000.0,200.00000000000006,1200.0,2.294681;2.4332,56;396,
push,1316,6516,2109,1000.0,200.00000000000006,1200.0,0.902313;2.4332,141;396,
push,1316,6517,2109,1000.0,300.0000000000001,1300.0,2.294681;2.412366,56;560,
push,1316,6518,2109,1000.0,300.0000000000001,1300.0,0.902313;2.412366,141;560,
pop,1317,2110,1335,900.0,,,0.903241;2.270226,135;475,
push,1317,6519,2110,1000.0,200.00000000000006,1200.0,0.741549;2.355229,219;481,
push,1317,6520,2110,1000.0,200.00000000000006,1200.0,0.732852;2.355229,140;481,
push,1317,6521,2110,1000.0,200.00000000000006,1200.0,1.150423;2.355229,214;481,
push,1317,6522,2110,1000.0,200.00000000000006,1200.0,0.741549;2.4332,219;396,
push,1317,6523,2110,1000.0,200.00000000000006,1200.0,0.732852;2.4332,140;396,
push,1317,6524,2110,1000.0,200.00000000000006,1200.0,1.150423;2.4332,214;396,
push,1317,6525,2110,1000.0,300.0000000000001,1300.0,0.741549;2.412366,219;560,
push,1317,6526,2110,1000.0,300.0000000000001,1300.0,0.732852;2.412366,140;560,
push,1317,6527,2110,1000.0,300.0000000000001,1300.0,1.150423;2.412366,214;560,
pop,1318,2101,1326,900.0,,,1.124937;2.270226,55;475,
push,1318,6528,2101,1000.0,200.00000000000006,1200.0,1.341184;2.355229,56;481,
push,1318,6529,2101,1000.0,200.00000000000006,1200.0,1.341184;2.4332,56;396,
push,1318,6530,2101,1000.0,300.0000000000001,1300.0,1.341184;2.412366,56;560,
pop,1319,2102,1326,900.0,,,0.73931;2.270226,219;475,
push,1319,6531,2102,1000.0,200.00000000000006,1200.0,0.992847;2.355229,308;481,
push,1319,6532,2102,1000.0,200.00000000000006,1200.0,1.003897;2.355229,224;481,
push,1319,6533,2102,1000.0,200.00000000000006,1200.0,1.018721;2.355229,303;481,
push,1319,6534,2102,1000.0,200.00000000000006,1200.0,0.992847;1.587402,308;396,
push,1319,6535,2102,1000.0,200.00000000000006,1200.0,1.003897;2.4332,224;396,
push,1319,6536,2102,1000.0,200.00000000000006,1200.0,1.018721;2.4332,303;396,
push,1319,6537,2102,1000.0,300.0000000000001,1300.0,0.992847;2.412366,308;560,
push,1319,6538,2102,1000.0,300.0000000000001,1300.0,1.003897;2.412366,224;560,
push,1319,6539,2102,1000.0,300.0000000000001,1300.0,1.018721;2.412366,303;560,
pop,1320,6534,2102,1000.0,,,0.992847;1.587402,308;396,
push,1320,6540,6534,1100.0,200.00000000000006,1300.0,1.168902;1.777398,392;318,
push,1320,6541,6534,1100.0,200.00000000000006,1300.0,1.258045;1.357742,313;318,
push,1320,6542,6534,1100.0,200.00000000000006,1300.0,1.2655;1.7774,387;318,
push,1320,6543,6534,1100.0,399.99999999999994,1500.0,1.168902;1.711699,392;311,
push,1320,6544,6534,1100.0,399.99999999999994,1500.0,1.258045;1.711699,313;311,
push,1320,6545,6534,1100.0,399.99999999999994,1500.0,1.2655;1.711699,387;311,
push,1320,6546,6534,1100.0,100.00000000000004,1200.0,1.168902;1.772041,392;397,
push,1320,6547,6534,1100.0,100.00000000000004,1200.0,1.258045;1.772041,313;397,
push,1320,6548,6534,1100.0,100.00000000000004,1200.0,1.2655;1.772041,387;397,
pop,1321,6546,6534,1100.0,,,1.168902;1.772041,392;397,
push,1321,6549,6546,1200.0,4.263256414560601e-14,1200.0,1.314343;1.920137,482;403,
push,1321,6550,6546,1200.0,4.263256414560601e-14,1200.0,1.432833;1.920137,397;403,
push,1321,6551,6546,1200.0,4.263256414560601e-14,1200.0,1.437897;1.920137,477;403,
push,1321,6552,6546,1200.0,499.99999999999994,1700.0,1.314343;1.944815,482;324,
push,1321,6553,6546,1200.0,499.99999999999994,1700.0,1.432833;1.944815,397;324,
push,1321,6554,6546,1200.0,499.99999999999994,1700.0,1.437897;1.944815,477;324,
push,1321,6555,6546,1200.0,500.0000000000001,1700.0,1.314343;1.895534,482;488,
push,1321,6556,6546,1200.0,500.0000000000001,1700.0,1.432833;1.895534,397;488,
push,1321,6557,6546,1200.0,500.0000000000001,1700.0,1.437897;1.895534,477;488,
pop,1322,6547,6534,1100.0,,,1.258045;1.772041,313;397,
push,1322,6558,6547,1200.0,4.263256414560601e-14,1200.0,1.436677;1.920137,319;403,
push,1322,6559,6547,1200.0,4.263256414560601e-14,1200.0,1.488783;1.920137,235;403,
push,1322,6560,6547,1200.0,4.263256414560601e-14,1200.0,1.432833;1.920137,398;403,
push,1322,6561,6547,1200.0,499.99999999999994,1700.0,1.436677;1.526619,319;324,
push,1322,6562,6547,1200.0,499.99999999999994,1700.0,1.488783;1.944815,235;324,
push,1322,6563,6547,1200.0,499.99999999999994,1700.0,1.432833;1.944815,398;324,
push,1322,6564,6547,1200.0,500.0000000000001,1700.0,1.436677;1.895534,319;488,
push,1322,6565,6547,1200.0,500.0000000000001,1700.0,1.488783;1.895534,235;488,
push,1322,6566,6547,1200.0,500.0000000000001,1700.0,1.432833;1.895534,398;488,
pop,1323,6548,6534,1100.0,,,1.2655;1.772041,387;397,
push,1323,6567,6548,1200.0,4.263256414560601e-14,1200.0,1.446673;1.920137,471;403,
push,1323,6568,6548,1200.0,4.263256414560601e-14,1200.0,1.437897;1.920137,476;403,
push,1323,6569,6548,1200.0,4.263256414560601e-14,1200.0,1.488783;1.920137,382;403,
push,1323,6570,6548,1200.0,499.99999999999994,1700.0,1.446673;1.944815,471;324,
push,1323,6571,6548,1200.0,499.99999999999994,1700.0,1.437897;1.944815,476;324,
push,1323,6572,6548,1200.0,499.99999999999994,1700.0,1.488783;1.944815,382;324,
push,1323,6573,6548,1200.0,500.0000000000001,1700.0,1.446673;1.895534,471;488,
push,1323,6574,6548,1200.0,500.0000000000001,1700.0,1.437897;1.895534,476;488,
push,1323,6575,6548,1200.0,500.0000000000001,1700.0,1.488783;1.895534,382;488,
pop,1324,6549,6546,1200.0,,,1.314343;1.920137,482;403,
prune,1324,6549,6546,1200.0,,,1.314343;1.920137,482;403,goal_spline
pop,1325,6550,6546,1200.0,,,1.432833;1.920137,397;403,
prune,1325,6550,6546,1200.0,,,1.432833;1.920137,397;403,goal_spline
pop,1326,6551,6546,1200.0,,,1.437897;1.920137,477;403,
prune,1326,6551,6546,1200.0,,,1.437897;1.920137,477;403,goal_spline
pop,1327,6558,6547,1200.0,,,1.436677;1.920137,319;403,
prune,1327,6558,6547,1200.0,,,1.436677;1.920137,319;403,goal_spline
pop,1328,6559,6547,1200.0,,,1.488783;1.920137,235;403,
prune,1328,6559,6547,1200.0,,,1.488783;1.920137,235;403,goal_spline
pop,1329,6560,6547,1200.0,,,1.432833;1.920137,398;403,
prune,1329,6560,6547,1200.0,,,1.432833;1.920137,398;403,goal_spline
pop,1330,6567,6548,1200.0,,,1.446673;1.920137,471;403,
prune,1330,6567,6548,1200.0,,,1.446673;1.920137,471;403,goal_spline
pop,1331,6568,6548,1200.0,,,1.437897;1.920137,476;403,
prune,1331,6568,6548,1200.0,,,1.437897;1.920137,476;403,goal_spline
pop,1332,6569,6548,1200.0,,,1.488783;1.920137,382;403,
prune,1332,6569,6548,1200.0,,,1.488783;1.920137,382;403,goal_spline
pop,1333,2092,1308,900.0,,,2.420764;2.270226,349;475,
prune,1333,0,2092,1000.0,,,2.538289;2.355229,355;481,obstacle:1
prune,1333,0,2092,1000.0,,,2.531239;2.355229,276;481,obstacle:1
push,1333,6576,2092,1000.0,200.00000000000006,1200.0,2.522055;2.355229,440;481,
prune,1333,0,2092,1000.0,,,2.538289;2.4332,355;396,obstacle:1
prune,1333,0,2092,1000.0,,,2.531239;2.4332,276;396,obstacle:1
push,1333,6577,2092,1000.0,200.00000000000006,1200.0,2.522055;2.4332,440;396,
prune,1333,0,2092,1000.0,,,2.538289;2.412366,355;560,obstacle:1
prune,1333,0,2092,1000.0,,,2.531239;2.412366,276;560,obstacle:1
push,1333,6578,2092,1000.0,300.0000000000001,1300.0,2.522055;2.412366,440;560,
pop,1334,2093,1308,900.0,,,2.40201;2.270226,429;475,
push,1334,6579,2093,1000.0,200.00000000000006,1200.0,2.5055;2.355229,507;481,
push,1334,6580,2093,1000.0,200.00000000000006,1200.0,2.5055;2.355229,512;481,
push,1334,6581,2093,1000.0,200.00000000000006,1200.0,2.531239;2.355229,424;481,
push,1334,6582,2093,1000.0,200.00000000000006,1200.0,2.5055;2.4332,507;396,
push,1334,6583,2093,1000.0,200.00000000000006,1200.0,2.5055;2.4332,512;396,
push,1334,6584,2093,1000.0,200.00000000000006,1200.0,2.531239;2.4332,424;396,
push,1334,6585,2093,1000.0,300.0000000000001,1300.0,2.5055;2.412366,507;560,
push,1334,6586,2093,1000.0,300.0000000000001,1300.0,2.5055;2.412366,512;560,
push,1334,6587,2093,1000.0,300.0000000000001,1300.0,2.531239;2.412366,424;560,
pop,1335,2088,1357,900.0,,,2.416051;2.270226,38;475,
push,1335,6588,2088,1000.0,200.00000000000006,1200.0,2.515798;2.355229,44;481,
push,1335,6589,2088,1000.0,200.00000000000006,1200.0,2.536248;2.355229,129;481,
push,1335,6590,2088,1000.0,200.00000000000006,1200.0,2.515798;2.4332,44;396,
push,1335,6591,2088,1000.0,200.00000000000006,1200.0,2.536248;2.4332,129;396,
push,1335,6592,2088,1000.0,300.0000000000001,1300.0,2.515798;2.412366,44;560,
push,1335,6593,2088,1000.0,300.0000000000001,1300.0,2.536248;2.412366,129;560,
pop,1336,2082,1356,900.0,,,2.392331;2.270226,128;475,
push,1336,6594,2082,1000.0,200.00000000000006,1200.0,0.909041;2.355229,134;481,
push,1336,6595,2082,1000.0,200.00000000000006,1200.0,2.515798;2.355229,49;481,
push,1336,6596,2082,1000.0,200.00000000000006,1200.0,2.510491;2.355229,213;481,
push,1336,6597,2082,1000.0,200.00000000000006,1200.0,0.909041;2.4332,134;396,
push,1336,6598,2082,1000.0,200.00000000000006,1200.0,2.515798;2.4332,49;396,
push,1336,6599,2082,1000.0,200.00000000000006,1200.0,2.510491;2.4332,213;396,
push,1336,6600,2082,1000.0,300.0000000000001,1300.0,0.909041;2.412366,134;560,
push,1336,6601,2082,1000.0,300.0000000000001,1300.0,2.515798;2.412366,49;560,
push,1336,6602,2082,1000.0,300.0000000000001,1300.0,2.510491;2.412366,213;560,
pop,1337,2083,1356,900.0,,,2.416051;2.270226,43;475,
push,1337,6603,2083,1000.0,200.00000000000006,1200.0,2.515798;2.355229,44;481,
push,1337,6604,2083,1000.0,200.00000000000006,1200.0,2.515798;2.4332,44;396,
push,1337,6605,2083,1000.0,300.0000000000001,1300.0,2.515798;2.412366,44;560,
pop,1338,2077,1362,900.0,,,0.903241;2.270226,135;475,
push,1338,6606,2077,1000.0,200.00000000000006,1200.0,0.741549;2.355229,219;481,
push,1338,6607,2077,1000.0,200.00000000000006,1200.0,0.732852;2.355229,140;481,
push,1338,6608,2077,1000.0,200.00000000000006,1200.0,1.150423;2.355229,214;481,
push,1338,6609,2077,1000.0,200.00000000000006,1200.0,0.741549;2.4332,219;396,
push,1338,6610,2077,1000.0,200.00000000000006,1200.0,0.732852;2.4332,140;396,
push,1338,6611,2077,1000.0,200.00000000000006,1200.0,1.150423;2.4332,214;396,
push,1338,6612,2077,1000.0,300.0000000000001,1300.0,0.741549;2.412366,219;560,
push,1338,6613,2077,1000.0,300.0000000000001,1300.0,0.732852;2.412366,140;560,
push,1338,6614,2077,1000.0,300.0000000000001,1300.0,1.150423;2.412366,214;560,
pop,1339,2076,1362,900.0,,,2.198211;2.270226,50;475,
push,1339,6615,2076,1000.0,200.00000000000006,1200.0,2.294681;2.355229,56;481,
push,1339,6616,2076,1000.0,200.00000000000006,1200.0,0.902313;2.355229,141;481,
push,1339,6617,2076,1000.0,200.00000000000006,1200.0,2.294681;2.4332,56;396,
push,1339,6618,2076,1000.0,200.00000000000006,1200.0,0.902313;2.4332,141;396,
push,1339,6619,2076,1000.0,300.0000000000001,1300.0,2.294681;2.412366,56;560,
push,1339,6620,2076,1000.0,300.0000000000001,1300.0,0.902313;2.412366,141;560,
pop,1340,2070,1353,900.0,,,2.392331;2.270226,128;475,
push,1340,6621,2070,1000.0,200.00000000000006,1200.0,0.909041;2.355229,134;481,
push,1340,6622,2070,1000.0,200.00000000000006,1200.0,2.515798;2.355229,49;481,
push,1340,6623,2070,1000.0,200.00000000000006,1200.0,2.510491;2.355229,213;481,
push,1340,6624,2070,1000.0,200.00000000000006,1200.0,0.909041;2.4332,134;396,
push,1340,6625,2070,1000.0,200.00000000000006,1200.0,2.515798;2.4332,49;396,
push,1340,6626,2070,1000.0,200.00000000000006,1200.0,2.510491;2.4332,213;396,
push,1340,6627,2070,1000.0,300.0000000000001,1300.0,0.909041;2.412366,134;560,
push,1340,6628,2070,1000.0,300.0000000000001,1300.0,2.515798;2.412366,49;560,
push,1340,6629,2070,1000.0,300.0000000000001,1300.0,2.510491;2.412366,213;560,
pop,1341,2071,1353,900.0,,,2.416051;2.270226,43;475,
push,1341,6630,2071,1000.0,200.00000000000006,1200.0,2.515798;2.355229,44;481,
push,1341,6631,2071,1000.0,200.00000000000006,1200.0,2.515798;2.4332,44;396,
push,1341,6632,2071,1000.0,300.0000000000001,1300.0,2.515798;2.412366,44;560,
pop,1342,2067,1348,900.0,,,2.394762;2.270226,44;475,
push,1342,6633,2067,1000.0,200.00000000000006,1200.0,2.350609;2.355229,50;481,
push,1342,6634,2067,1000.0,200.00000000000006,1200.0,0.911124;2.355229,135;481,
push,1342,6635,2067,1000.0,200.00000000000006,1200.0,2.350609;2.4332,50;396,
push,1342,6636,2067,1000.0,200.00000000000006,1200.0,0.911124;2.4332,135;396,
push,1342,6637,2067,1000.0,300.0000000000001,1300.0,2.350609;2.412366,50;560,
push,1342,6638,2067,1000.0,300.0000000000001,1300.0,0.911124;2.412366,135;560,
pop,1343,2064,1369,900.0,,,2.394762;2.270226,44;475,
push,1343,6639,2064,1000.0,200.00000000000006,1200.0,2.350609;2.355229,50;481,
push,1343,6640,2064,1000.0,200.00000000000006,1200.0,0.911124;2.355229,135;481,
push,1343,6641,2064,1000.0,200.00000000000006,1200.0,2.350609;2.4332,50;396,
push,1343,6642,2064,1000.0,200.00000000000006,1200.0,0.911124;2.4332,135;396,
push,1343,6643,2064,1000.0,300.0000000000001,1300.0,2.350609;2.412366,50;560,
push,1343,6644,2064,1000.0,300.0000000000001,1300.0,0.911124;2.412366,135;560,
pop,1344,2057,1368,900.0,,,2.411382;2.270226,213;475,
push,1344,6645,2057,1000.0,200.00000000000006,1200.0,2.531779;2.355229,302;481,
push,1344,6646,2057,1000.0,200.00000000000006,1200.0,0.913615;2.355229,218;481,
prune,1344,0,2057,1000.0,,,2.522649;2.355229,297;481,obstacle:1
push,1344,6647,2057,1000.0,200.00000000000006,1200.0,2.531779;2.4332,302;396,
push,1344,6648,2057,1000.0,200.00000000000006,1200.0,0.913615;2.4332,218;396,
prune,1344,0,2057,1000.0,,,2.522649;2.4332,297;396,obstacle:1
push,1344,6649,2057,1000.0,300.0000000000001,1300.0,2.531779;2.412366,302;560,
push,1344,6650,2057,1000.0,300.0000000000001,1300.0,0.913615;2.412366,218;560,
prune,1344,0,2057,1000.0,,,2.522649;2.412366,297;560,obstacle:1
pop,1345,2055,1368,900.0,,,0.903241;2.270226,134;475,
push,1345,6651,2055,1000.0,200.00000000000006,1200.0,0.732852;2.355229,140;481,
push,1345,6652,2055,1000.0,200.00000000000006,1200.0,1.13521;2.355229,55;481,
push,1345,6653,2055,1000.0,200.00000000000006,1200.0,0.741549;2.355229,219;481,
push,1345,6654,2055,1000.0,200.00000000000006,1200.0,0.732852;2.4332,140;396,
push,1345,6655,2055,1000.0,200.00000000000006,1200.0,1.13521;2.4332,55;396,
push,1345,6656,2055,1000.0,200.00000000000006,1200.0,0.741549;2.4332,219;396,
push,1345,6657,2055,1000.0,300.0000000000001,1300.0,0.732852;2.412366,140;560,
push,1345,6658,2055,1000.0,300.0000000000001,1300.0,1.13521;2.412366,55;560,
push,1345,6659,2055,1000.0,300.0000000000001,1300.0,0.741549;2.412366,219;560,
pop,1346,2056,1368,900.0,,,2.394762;2.270226,49;475,
push,1346,6660,2056,1000.0,200.00000000000006,1200.0,2.350609;2.355229,50;481,
push,1346,6661,2056,1000.0,200.00000000000006,1200.0,2.350609;2.4332,50;396,
push,1346,6662,2056,1000.0,300.0000000000001,1300.0,2.350609;2.412366,50;560,
pop,1347,2050,1375,900.0,,,0.903241;2.270226,134;475,
push,1347,6663,2050,1000.0,200.00000000000006,1200.0,0.732852;2.355229,140;481,
push,1347,6664,2050,1000.0,200.00000000000006,1200.0,1.13521;2.355229,55;481,
push,1347,6665,2050,1000.0,200.00000000000006,1200.0,0.741549;2.355229,219;481,
push,1347,6666,2050,1000.0,200.00000000000006,1200.0,0.732852;2.4332,140;396,
push,1347,6667,2050,1000.0,200.00000000000006,1200.0,1.13521;2.4332,55;396,
push,1347,6668,2050,1000.0,200.00000000000006,1200.0,0.741549;2.4332,219;396,
push,1347,6669,2050,1000.0,300.0000000000001,1300.0,0.732852;2.412366,140;560,
push,1347,6670,2050,1000.0,300.0000000000001,1300.0,1.13521;2.412366,55;560,
push,1347,6671,2050,1000.0,300.0000000000001,1300.0,0.741549;2.412366,219;560,
pop,1348,2049,1375,900.0,,,2.411382;2.270226,213;475,
push,1348,6672,2049,1000.0,200.00000000000006,1200.0,2.531779;2.355229,302;481,
push,1348,6673,2049,1000.0,200.00000000000006,1200.0,0.913615;2.355229,218;481,
prune,1348,0,2049,1000.0,,,2.522649;2.355229,297;481,obstacle:1
push,1348,6674,2049,1000.0,200.00000000000006,1200.0,2.531779;2.4332,302;396,
push,1348,6675,2049,1000.0,200.00000000000006,1200.0,0.913615;2.4332,218;396,
prune,1348,0,2049,1000.0,,,2.522649;2.4332,297;396,obstacle:1
push,1348,6676,2049,1000.0,300.0000000000001,1300.0,2.531779;2.412366,302;560,
push,1348,6677,2049,1000.0,300.0000000000001,1300.0,0.913615;2.412366,218;560,
prune,1348,0,2049,1000.0,,,2.522649;2.412366,297;560,obstacle:1
pop,1349,2046,1381,900.0,,,2.392331;2.270226,128;475,
push,1349,6678,2046,1000.0,200.00000000000006,1200.0,0.909041;2.355229,134;481,
push,1349,6679,2046,1000.0,200.00000000000006,1200.0,2.515798;2.355229,49;481,
push,1349,6680,2046,1000.0,200.00000000000006,1200.0,2.510491;2.355229,213;481,
push,1349,6681,2046,1000.0,200.00000000000006,1200.0,0.909041;2.4332,134;396,
push,1349,6682,2046,1000.0,200.00000000000006,1200.0,2.515798;2.4332,49;396,
push,1349,6683,2046,1000.0,200.00000000000006,1200.0,2.510491;2.4332,213;396,
push,1349,6684,2046,1000.0,300.0000000000001,1300.0,0.909041;2.412366,134;560,
push,1349,6685,2046,1000.0,300.0000000000001,1300.0,2.515798;2.412366,49;560,
push,1349,6686,2046,1000.0,300.0000000000001,1300.0,2.510491;2.412366,213;560,
pop,1350,2040,1380,900.0,,,2.345244;2.270226,44;475,
push,1350,6687,2040,1000.0,200.00000000000006,1200.0,2.292675;2.355229,50;481,
push,1350,6688,2040,1000.0,200.00000000000006,1200.0,0.909041;2.355229,135;481,
push,1350,6689,2040,1000.0,200.00000000000006,1200.0,2.292675;2.4332,50;396,
push,1350,6690,2040,1000.0,200.00000000000006,1200.0,0.909041;2.4332,135;396,
push,1350,6691,2040,1000.0,300.0000000000001,1300.0,2.292675;2.412366,50;560,
push,1350,6692,2040,1000.0,300.0000000000001,1300.0,0.909041;2.412366,135;560,
pop,1351,2041,1380,900.0,,,2.392331;2.270226,129;475,
push,1351,6693,2041,1000.0,200.00000000000006,1200.0,2.510491;2.355229,213;481,
push,1351,6694,2041,1000.0,200.00000000000006,1200.0,0.909041;2.355229,134;481,
prune,1351,0,2041,1000.0,,,2.515798;2.355229,208;481,obstacle:1
push,1351,6695,2041,1000.0,200.00000000000006,1200.0,2.510491;2.4332,213;396,
push,1351,6696,2041,1000.0,200.00000000000006,1200.0,0.909041;2.4332,134;396,
prune,1351,0,2041,1000.0,,,2.515798;2.4332,208;396,obstacle:1
push,1351,6697,2041,1000.0,300.0000000000001,1300.0,2.510491;2.412366,213;560,
push,1351,6698,2041,1000.0,300.0000000000001,1300.0,0.909041;2.412366,134;560,
prune,1351,0,2041,1000.0,,,2.515798;2.412366,208;560,obstacle:1
pop,1352,2035,1374,900.0,,,0.903241;2.270226,135;475,
push,1352,6699,2035,1000.0,200.00000000000006,1200.0,0.741549;2.355229,219;481,
push,1352,6700,2035,1000.0,200.00000000000006,1200.0,0.732852;2.355229,140;481,
push,1352,6701,2035,1000.0,200.00000000000006,1200.0,1.150423;2.355229,214;481,
push,1352,6702,2035,1000.0,200.00000000000006,1200.0,0.741549;2.4332,219;396,
push,1352,6703,2035,1000.0,200.00000000000006,1200.0,0.732852;2.4332,140;396,
push,1352,6704,2035,1000.0,200.00000000000006,1200.0,1.150423;2.4332,214;396,
push,1352,6705,2035,1000.0,300.0000000000001,1300.0,0.741549;2.412366,219;560,
push,1352,6706,2035,1000.0,300.0000000000001,1300.0,0.732852;2.412366,140;560,
push,1352,6707,2035,1000.0,300.0000000000001,1300.0,1.150423;2.412366,214;560,
pop,1353,3893,1194,900.0,,,2.321928;2.270226,554;475,
push,1353,6708,3893,1000.0,200.00000000000006,1200.0,2.412366;2.355229,559;481,
push,1353,6709,3893,1000.0,200.00000000000006,1200.0,2.412366;2.4332,559;396,
push,1353,6710,3893,1000.0,300.0000000000001,1300.0,2.412366;2.412366,559;560,
pop,1354,3888,1196,900.0,,,2.321928;2.270226,553;475,
push,1354,6711,3888,1000.0,200.00000000000006,1200.0,2.412366;2.355229,559;481,
push,1354,6712,3888,1000.0,200.00000000000006,1200.0,2.475532;2.355229,480;481,
push,1354,6713,3888,1000.0,200.00000000000006,1200.0,2.412366;2.4332,559;396,
push,1354,6714,3888,1000.0,200.00000000000006,1200.0,2.475532;2.4332,480;396,
push,1354,6715,3888,1000.0,300.0000000000001,1300.0,2.412366;2.412366,559;560,
push,1354,6716,3888,1000.0,300.0000000000001,1300.0,2.475532;2.412366,480;560,
pop,1355,3891,1194,900.0,,,2.270226;2.270226,475;475,
push,1355,6717,3891,1000.0,200.00000000000006,1200.0,2.355229;2.355229,481;481,
push,1355,6718,3891,1000.0,200.00000000000006,1200.0,2.4332;2.355229,396;481,
push,1355,6719,3891,1000.0,200.00000000000006,1200.0,2.412366;2.355229,560;481,
push,1355,6720,3891,1000.0,200.00000000000006,1200.0,2.355229;2.4332,481;396,
push,1355,6721,3891,1000.0,200.00000000000006,1200.0,2.4332;2.4332,396;396,
push,1355,6722,3891,1000.0,200.00000000000006,1200.0,2.412366;2.4332,560;396,
push,1355,6723,3891,1000.0,300.0000000000001,1300.0,2.355229;2.412366,481;560,
push,1355,6724,3891,1000.0,300.0000000000001,1300.0,2.4332;2.412366,396;560,
push,1355,6725,3891,1000.0,300.0000000000001,1300.0,2.412366;2.412366,560;560,
pop,1356,3892,1194,900.0,,,2.345244;2.270226,390;475,
push,1356,6726,3892,1000.0,200.00000000000006,1200.0,2.48524;2.355229,312;481,
push,1356,6727,3892,1000.0,200.00000000000006,1200.0,2.475532;2.355229,305;481,
push,1356,6728,3892,1000.0,200.00000000000006,1200.0,2.4332;2.355229,391;481,
push,1356,6729,3892,1000.0,200.00000000000006,1200.0,2.48524;2.4332,312;396,
push,1356,6730,3892,1000.0,200.00000000000006,1200.0,2.475532;2.4332,305;396,
push,1356,6731,3892,1000.0,200.00000000000006,1200.0,2.4332;2.4332,391;396,
push,1356,6732,3892,1000.0,300.0000000000001,1300.0,2.48524;2.412366,312;560,
push,1356,6733,3892,1000.0,300.0000000000001,1300.0,2.475532;2.412366,305;560,
push,1356,6734,3892,1000.0,300.0000000000001,1300.0,2.4332;2.412366,391;560,
pop,1357,2034,1374,900.0,,,2.198211;2.270226,50;475,
push,1357,6735,2034,1000.0,200.00000000000006,1200.0,2.294681;2.355229,56;481,
push,1357,6736,2034,1000.0,200.00000000000006,1200.0,0.902313;2.355229,141;481,
push,1357,6737,2034,1000.0,200.00000000000006,1200.0,2.294681;2.4332,56;396,
push,1357,6738,2034,1000.0,200.00000000000006,1200.0,0.902313;2.4332,141;396,
push,1357,6739,2034,1000.0,300.0000000000001,1300.0,2.294681;2.412366,56;560,
push,1357,6740,2034,1000.0,300.0000000000001,1300.0,0.902313;2.412366,141;560,
pop,1358,3883,1203,900.0,,,2.381437;2.270226,474;475,
push,1358,6741,3883,1000.0,200.00000000000006,1200.0,2.515798;2.355229,390;481,
push,1358,6742,3883,1000.0,200.00000000000006,1200.0,2.49698;2.355229,383;481,
push,1358,6743,3883,1000.0,200.00000000000006,1200.0,2.475532;2.355229,475;481,
push,1358,6744,3883,1000.0,200.00000000000006,1200.0,2.515798;2.4332,390;396,
push,1358,6745,3883,1000.0,200.00000000000006,1200.0,2.49698;2.4332,383;396,
push,1358,6746,3883,1000.0,200.00000000000006,1200.0,2.475532;2.4332,475;396,
push,1358,6747,3883,1000.0,300.0000000000001,1300.0,2.515798;2.412366,390;560,
push,1358,6748,3883,1000.0,300.0000000000001,1300.0,2.49698;2.412366,383;560,
push,1358,6749,3883,1000.0,300.0000000000001,1300.0,2.475532;2.412366,475;560,
pop,1359,3882,1203,900.0,,,2.321928;2.270226,553;475,
push,1359,6750,3882,1000.0,200.00000000000006,1200.0,2.412366;2.355229,559;481,
push,1359,6751,3882,1000.0,200.00000000000006,1200.0,2.475532;2.355229,480;481,
push,1359,6752,3882,1000.0,200.00000000000006,1200.0,2.412366;2.4332,559;396,
push,1359,6753,3882,1000.0,200.00000000000006,1200.0,2.475532;2.4332,480;396,
push,1359,6754,3882,1000.0,300.0000000000001,1300.0,2.412366;2.412366,559;560,
push,1359,6755,3882,1000.0,300.0000000000001,1300.0,2.475532;2.412366,480;560,
pop,1360,2028,1363,900.0,,,2.411382;2.270226,213;475,
push,1360,6756,2028,1000.0,200.00000000000006,1200.0,2.531779;2.355229,302;481,
push,1360,6757,2028,1000.0,200.00000000000006,1200.0,0.913615;2.355229,218;481,
prune,1360,0,2028,1000.0,,,2.522649;2.355229,297;481,obstacle:1
push,1360,6758,2028,1000.0,200.00000000000006,1200.0,2.531779;2.4332,302;396,
push,1360,6759,2028,1000.0,200.00000000000006,1200.0,0.913615;2.4332,218;396,
prune,1360,0,2028,1000.0,,,2.522649;2.4332,297;396,obstacle:1
push,1360,6760,2028,1000.0,300.0000000000001,1300.0,2.531779;2.412366,302;560,
push,1360,6761,2028,1000.0,300.0000000000001,1300.0,0.913615;2.412366,218;560,
prune,1360,0,2028,1000.0,,,2.522649;2.412366,297;560,obstacle:1
pop,1361,2029,1363,900.0,,,0.903241;2.270226,134;475,
push,1361,6762,2029,1000.0,200.00000000000006,1200.0,0.732852;2.355229,140;481,
push,1361,6763,2029,1000.0,200.00000000000006,1200.0,1.13521;2.355229,55;481,
push,1361,6764,2029,1000.0,200.00000000000006,1200.0,0.741549;2.355229,219;481,
push,1361,6765,2029,1000.0,200.00000000000006,1200.0,0.732852;2.4332,140;396,
push,1361,6766,2029,1000.0,200.00000000000006,1200.0,1.13521;2.4332,55;396,
push,1361,6767,2029,1000.0,200.00000000000006,1200.0,0.741549;2.4332,219;396,
push,1361,6768,2029,1000.0,300.0000000000001,1300.0,0.732852;2.412366,140;560,
push,1361,6769,2029,1000.0,300.0000000000001,1300.0,1.13521;2.412366,55;560,
push,1361,6770,2029,1000.0,300.0000000000001,1300.0,0.741549;2.412366,219;560,
pop,1362,3877,1195,900.0,,,2.345244;2.270226,385;475,
push,1362,6771,3877,1000.0,200.00000000000006,1200.0,2.4332;2.355229,391;481,
push,1362,6772,3877,1000.0,200.00000000000006,1200.0,2.48524;2.355229,312;481,
push,1362,6773,3877,1000.0,200.00000000000006,1200.0,2.475532;2.355229,476;481,
push,1362,6774,3877,1000.0,200.00000000000006,1200.0,2.4332;2.4332,391;396,
push,1362,6775,3877,1000.0,200.00000000000006,1200.0,2.48524;2.4332,312;396,
push,1362,6776,3877,1000.0,200.00000000000006,1200.0,2.475532;2.4332,476;396,
push,1362,6777,3877,1000.0,300.0000000000001,1300.0,2.4332;2.412366,391;560,
push,1362,6778,3877,1000.0,300.0000000000001,1300.0,2.48524;2.412366,312;560,
push,1362,6779,3877,1000.0,300.0000000000001,1300.0,2.475532;2.412366,476;560,
pop,1363,3876,1195,900.0,,,2.392331;2.270226,306;475,
push,1363,6780,3876,1000.0,200.00000000000006,1200.0,0.913833;2.355229,223;481,
push,1363,6781,3876,1000.0,200.00000000000006,1200.0,2.510491;2.355229,216;481,
push,1363,6782,3876,1000.0,200.00000000000006,1200.0,2.48524;2.355229,307;481,
push,1363,6783,3876,1000.0,200.00000000000006,1200.0,0.913833;2.4332,223;396,
push,1363,6784,3876,1000.0,200.00000000000006,1200.0,2.510491;2.4332,216;396,
push,1363,6785,3876,1000.0,200.00000000000006,1200.0,2.48524;2.4332,307;396,
push,1363,6786,3876,1000.0,300.0000000000001,1300.0,0.913833;2.412366,223;560,
push,1363,6787,3876,1000.0,300.0000000000001,1300.0,2.510491;2.412366,216;560,
push,1363,6788,3876,1000.0,300.0000000000001,1300.0,2.48524;2.412366,307;560,
pop,1364,3873,1208,900.0,,,2.321928;2.270226,553;475,
push,1364,6789,3873,1000.0,200.00000000000006,1200.0,2.412366;2.355229,559;481,
push,1364,6790,3873,1000.0,200.00000000000006,1200.0,2.475532;2.355229,480;481,
push,1364,6791,3873,1000.0,200.00000000000006,1200.0,2.412366;2.4332,559;396,
push,1364,6792,3873,1000.0,200.00000000000006,1200.0,2.475532;2.4332,480;396,
push,1364,6793,3873,1000.0,300.0000000000001,1300.0,2.412366;2.412366,559;560,
push,1364,6794,3873,1000.0,300.0000000000001,1300.0,2.475532;2.412366,480;560,
pop,1365,3868,1207,900.0,,,2.345244;2.270226,385;475,
push,1365,6795,3868,1000.0,200.00000000000006,1200.0,2.4332;2.355229,391;481,
push,1365,6796,3868,1000.0,200.00000000000006,1200.0,2.48524;2.355229,312;481,
push,1365,6797,3868,1000.0,200.00000000000006,1200.0,2.475532;2.355229,476;481,
push,1365,6798,3868,1000.0,200.00000000000006,1200.0,2.4332;2.4332,391;396,
push,1365,6799,3868,1000.0,200.00000000000006,1200.0,2.48524;2.4332,312;396,
push,1365,6800,3868,1000.0,200.00000000000006,1200.0,2.475532;2.4332,476;396,
push,1365,6801,3868,1000.0,300.0000000000001,1300.0,2.4332;2.412366,391;560,
push,1365,6802,3868,1000.0,300.0000000000001,1300.0,2.48524;2.412366,312;560,
push,1365,6803,3868,1000.0,300.0000000000001,1300.0,2.475532;2.412366,476;560,
pop,1366,2021,1347,900.0,,,2.411382;2.270226,213;475,
push,1366,6804,2021,1000.0,200.00000000000006,1200.0,2.531779;2.355229,302;481,
push,1366,6805,2021,1000.0,200.00000000000006,1200.0,0.913615;2.355229,218;481,
prune,1366,0,2021,1000.0,,,2.522649;2.355229,297;481,obstacle:1
push,1366,6806,2021,1000.0,200.00000000000006,1200.0,2.531779;2.4332,302;396,
push,1366,6807,2021,1000.0,200.00000000000006,1200.0,0.913615;2.4332,218;396,
prune,1366,0,2021,1000.0,,,2.522649;2.4332,297;396,obstacle:1
push,1366,6808,2021,1000.0,300.0000000000001,1300.0,2.531779;2.412366,302;560,
push,1366,6809,2021,1000.0,300.0000000000001,1300.0,0.913615;2.412366,218;560,
prune,1366,0,2021,1000.0,,,2.522649;2.412366,297;560,obstacle:1
pop,1367,3864,1217,900.0,,,2.321928;2.270226,553;475,
push,1367,6810,3864,1000.0,200.00000000000006,1200.0,2.412366;2.355229,559;481,
push,1367,6811,3864,1000.0,200.00000000000006,1200.0,2.475532;2.355229,480;481,
push,1367,6812,3864,1000.0,200.00000000000006,1200.0,2.412366;2.4332,559;396,
push,1367,6813,3864,1000.0,200.00000000000006,1200.0,2.475532;2.4332,480;396,
push,1367,6814,3864,1000.0,300.0000000000001,1300.0,2.412366;2.412366,559;560,
push,1367,6815,3864,1000.0,300.0000000000001,1300.0,2.475532;2.412366,480;560,
pop,1368,3867,1207,900.0,,,2.392331;2.270226,306;475,
push,1368,6816,3867,1000.0,200.00000000000006,1200.0,0.913833;2.355229,223;481,
push,1368,6817,3867,1000.0,200.00000000000006,1200.0,2.510491;2.355229,216;481,
push,1368,6818,3867,1000.0,200.00000000000006,1200.0,2.48524;2.355229,307;481,
push,1368,6819,3867,1000.0,200.00000000000006,1200.0,0.913833;2.4332,223;396,
push,1368,6820,3867,1000.0,200.00000000000006,1200.0,2.510491;2.4332,216;396,
push,1368,6821,3867,1000.0,200.00000000000006,1200.0,2.48524;2.4332,307;396,
push,1368,6822,3867,1000.0,300.0000000000001,1300.0,0.913833;2.412366,223;560,
push,1368,6823,3867,1000.0,300.0000000000001,1300.0,2.510491;2.412366,216;560,
push,1368,6824,3867,1000.0,300.0000000000001,1300.0,2.48524;2.412366,307;560,
pop,1369,3858,1216,900.0,,,2.392331;2.270226,306;475,
push,1369,6825,3858,1000.0,200.00000000000006,1200.0,0.913833;2.355229,223;481,
push,1369,6826,3858,1000.0,200.00000000000006,1200.0,2.510491;2.355229,216;481,
push,1369,6827,3858,1000.0,200.00000000000006,1200.0,2.48524;2.355229,307;481,
push,1369,6828,3858,1000.0,200.00000000000006,1200.0,0.913833;2.4332,223;396,
push,1369,6829,3858,1000.0,200.00000000000006,1200.0,2.510491;2.4332,216;396,
push,1369,6830,3858,1000.0,200.00000000000006,1200.0,2.48524;2.4332,307;396,
push,1369,6831,3858,1000.0,300.0000000000001,1300.0,0.913833;2.412366,223;560,
push,1369,6832,3858,1000.0,300.0000000000001,1300.0,2.510491;2.412366,216;560,
push,1369,6833,3858,1000.0,300.0000000000001,1300.0,2.48524;2.412366,307;560,
pop,1370,3859,1216,900.0,,,2.345244;2.270226,385;475,
push,1370,6834,3859,1000.0,200.00000000000006,1200.0,2.4332;2.355229,391;481,
push,1370,6835,3859,1000.0,200.00000000000006,1200.0,2.48524;2.355229,312;481,
push,1370,6836,3859,1000.0,200.00000000000006,1200.0,2.475532;2.355229,476;481,
push,1370,6837,3859,1000.0,200.00000000000006,1200.0,2.4332;2.4332,391;396,
push,1370,6838,3859,1000.0,200.00000000000006,1200.0,2.48524;2.4332,312;396,
push,1370,6839,3859,1000.0,200.00000000000006,1200.0,2.475532;2.4332,476;396,
push,1370,6840,3859,1000.0,300.0000000000001,1300.0,2.4332;2.412366,391;560,
push,1370,6841,3859,1000.0,300.0000000000001,1300.0,2.48524;2.412366,312;560,
push,1370,6842,3859,1000.0,300.0000000000001,1300.0,2.475532;2.412366,476;560,
pop,1371,2012,1305,900.0,,,2.411382;2.270226,213;475,
push,1371,6843,2012,1000.0,200.00000000000006,1200.0,2.531779;2.355229,302;481,
push,1371,6844,2012,1000.0,200.00000000000006,1200.0,0.913615;2.355229,218;481,
prune,1371,0,2012,1000.0,,,2.522649;2.355229,297;481,obstacle:1
push,1371,6845,2012,1000.0,200.00000000000006,1200.0,2.531779;2.4332,302;396,
push,1371,6846,2012,1000.0,200.00000000000006,1200.0,0.913615;2.4332,218;396,
prune,1371,0,2012,1000.0,,,2.522649;2.4332,297;396,obstacle:1
push,1371,6847,2012,1000.0,300.0000000000001,1300.0,2.531779;2.412366,302;560,
push,1371,6848,2012,1000.0,300.0000000000001,1300.0,0.913615;2.412366,218;560,
prune,1371,0,2012,1000.0,,,2.522649;2.412366,297;560,obstacle:1
pop,1372,2019,1347,900.0,,,0.903241;2.270226,134;475,
push,1372,6849,2019,1000.0,200.00000000000006,1200.0,0.732852;2.355229,140;481,
push,1372,6850,2019,1000.0,200.00000000000006,1200.0,1.13521;2.355229,55;481,
push,1372,6851,2019,1000.0,200.00000000000006,1200.0,0.741549;2.355229,219;481,
push,1372,6852,2019,1000.0,200.00000000000006,1200.0,0.732852;2.4332,140;396,
push,1372,6853,2019,1000.0,200.00000000000006,1200.0,1.13521;2.4332,55;396,
push,1372,6854,2019,1000.0,200.00000000000006,1200.0,0.741549;2.4332,219;396,
push,1372,6855,2019,1000.0,300.0000000000001,1300.0,0.732852;2.412366,140;560,
push,1372,6856,2019,1000.0,300.0000000000001,1300.0,1.13521;2.412366,55;560,
push,1372,6857,2019,1000.0,300.0000000000001,1300.0,0.741549;2.412366,219;560,
pop,1373,2020,1347,900.0,,,2.394762;2.270226,49;475,
push,1373,6858,2020,1000.0,200.00000000000006,1200.0,2.350609;2.355229,50;481,
push,1373,6859,2020,1000.0,200.00000000000006,1200.0,2.350609;2.4332,50;396,
push,1373,6860,2020,1000.0,300.0000000000001,1300.0,2.350609;2.412366,50;560,
pop,1374,3849,1215,900.0,,,2.270226;2.270226,475;475,
push,1374,6861,3849,1000.0,200.00000000000006,1200.0,2.355229;2.355229,481;481,
push,1374,6862,3849,1000.0,200.00000000000006,1200.0,2.4332;2.355229,396;481,
push,1374,6863,3849,1000.0,200.00000000000006,1200.0,2.412366;2.355229,560;481,
push,1374,6864,3849,1000.0,200.00000000000006,1200.0,2.355229;2.4332,481;396,
push,1374,6865,3849,1000.0,200.00000000000006,1200.0,2.4332;2.4332,396;396,
push,1374,6866,3849,1000.0,200.00000000000006,1200.0,2.412366;2.4332,560;396,
push,1374,6867,3849,1000.0,300.0000000000001,1300.0,2.355229;2.412366,481;560,
push,1374,6868,3849,1000.0,300.0000000000001,1300.0,2.4332;2.412366,396;560,
push,1374,6869,3849,1000.0,300.0000000000001,1300.0,2.412366;2.412366,560;560,
pop,1375,3851,1215,900.0,,,2.321928;2.270226,554;475,
push,1375,6870,3851,1000.0,200.00000000000006,1200.0,2.412366;2.355229,559;481,
push,1375,6871,3851,1000.0,200.00000000000006,1200.0,2.412366;2.4332,559;396,
push,1375,6872,3851,1000.0,300.0000000000001,1300.0,2.412366;2.412366,559;560,
pop,1376,3850,1215,900.0,,,2.345244;2.270226,390;475,
push,1376,6873,3850,1000.0,200.00000000000006,1200.0,2.48524;2.355229,312;481,
push,1376,6874,3850,1000.0,200.00000000000006,1200.0,2.475532;2.355229,305;481,
push,1376,6875,3850,1000.0,200.00000000000006,1200.0,2.4332;2.355229,391;481,
push,1376,6876,3850,1000.0,200.00000000000006,1200.0,2.48524;2.4332,312;396,
push,1376,6877,3850,1000.0,200.00000000000006,1200.0,2.475532;2.4332,305;396,
push,1376,6878,3850,1000.0,200.00000000000006,1200.0,2.4332;2.4332,391;396,
push,1376,6879,3850,1000.0,300.0000000000001,1300.0,2.48524;2.412366,312;560,
push,1376,6880,3850,1000.0,300.0000000000001,1300.0,2.475532;2.412366,305;560,
push,1376,6881,3850,1000.0,300.0000000000001,1300.0,2.4332;2.412366,391;560,
pop,1377,3840,1206,900.0,,,2.270226;2.270226,475;475,
push,1377,6882,3840,1000.0,200.00000000000006,1200.0,2.355229;2.355229,481;481,
push,1377,6883,3840,1000.0,200.00000000000006,1200.0,2.4332;2.355229,396;481,
push,1377,6884,3840,1000.0,200.00000000000006,1200.0,2.412366;2.355229,560;481,
push,1377,6885,3840,1000.0,200.00000000000006,1200.0,2.355229;2.4332,481;396,
push,1377,6886,3840,1000.0,200.00000000000006,1200.0,2.4332;2.4332,396;396,
push,1377,6887,3840,1000.0,200.00000000000006,1200.0,2.412366;2.4332,560;396,
push,1377,6888,3840,1000.0,300.0000000000001,1300.0,2.355229;2.412366,481;560,
push,1377,6889,3840,1000.0,300.0000000000001,1300.0,2.4332;2.412366,396;560,
push,1377,6890,3840,1000.0,300.0000000000001,1300.0,2.412366;2.412366,560;560,
pop,1378,3841,1206,900.0,,,2.345244;2.270226,390;475,
push,1378,6891,3841,1000.0,200.00000000000006,1200.0,2.48524;2.355229,312;481,
push,1378,6892,3841,1000.0,200.00000000000006,1200.0,2.475532;2.355229,305;481,
push,1378,6893,3841,1000.0,200.00000000000006,1200.0,2.4332;2.355229,391;481,
push,1378,6894,3841,1000.0,200.00000000000006,1200.0,2.48524;2.4332,312;396,
push,1378,6895,3841,1000.0,200.00000000000006,1200.0,2.475532;2.4332,305;396,
push,1378,6896,3841,1000.0,200.00000000000006,1200.0,2.4332;2.4332,391;396,
push,1378,6897,3841,1000.0,300.0000000000001,1300.0,2.48524;2.412366,312;560,
push,1378,6898,3841,1000.0,300.0000000000001,1300.0,2.475532;2.412366,305;560,
push,1378,6899,3841,1000.0,300.0000000000001,1300.0,2.4332;2.412366,391;560,
pop,1379,3842,1206,900.0,,,2.321928;2.270226,554;475,
push,1379,6900,3842,1000.0,200.00000000000006,1200.0,2.412366;2.355229,559;481,
push,1379,6901,3842,1000.0,200.00000000000006,1200.0,2.412366;2.4332,559;396,
push,1379,6902,3842,1000.0,300.0000000000001,1300.0,2.412366;2.412366,559;560,
pop,1380,2001,1230,900.0,,,0.903241;2.270226,134;475,
push,1380,6903,2001,1000.0,200.00000000000006,1200.0,0.732852;2.355229,140;481,
push,1380,6904,2001,1000.0,200.00000000000006,1200.0,1.13521;2.355229,55;481,
push,1380,6905,2001,1000.0,200.00000000000006,1200.0,0.741549;2.355229,219;481,
push,1380,6906,2001,1000.0,200.00000000000006,1200.0,0.732852;2.4332,140;396,
push,1380,6907,2001,1000.0,200.00000000000006,1200.0,1.13521;2.4332,55;396,
push,1380,6908,2001,1000.0,200.00000000000006,1200.0,0.741549;2.4332,219;396,
push,1380,6909,2001,1000.0,300.0000000000001,1300.0,0.732852;2.412366,140;560,
push,1380,6910,2001,1000.0,300.0000000000001,1300.0,1.13521;2.412366,55;560,
push,1380,6911,2001,1000.0,300.0000000000001,1300.0,0.741549;2.412366,219;560,
pop,1381,2002,1230,900.0,,,2.394762;2.270226,49;475,
push,1381,6912,2002,1000.0,200.00000000000006,1200.0,2.350609;2.355229,50;481,
push,1381,6913,2002,1000.0,200.00000000000006,1200.0,2.350609;2.4332,50;396,
push,1381,6914,2002,1000.0,300.0000000000001,1300.0,2.350609;2.412366,50;560,
pop,1382,3819,1387,900.0,,,2.399601;2.270226,339;475,
push,1382,6915,3819,1000.0,200.00000000000006,1200.0,2.493881;2.355229,423;481,
push,1382,6916,3819,1000.0,200.00000000000006,1200.0,2.522055;2.355229,428;481,
push,1382,6917,3819,1000.0,200.00000000000006,1200.0,2.493881;2.4332,423;396,
push,1382,6918,3819,1000.0,200.00000000000006,1200.0,2.522055;2.4332,428;396,
push,1382,6919,3819,1000.0,300.0000000000001,1300.0,2.493881;2.412366,423;560,
push,1382,6920,3819,1000.0,300.0000000000001,1300.0,2.522055;2.412366,428;560,
pop,1383,3820,1387,900.0,,,2.420764;2.270226,344;475,
push,1383,6921,3820,1000.0,200.00000000000006,1200.0,2.531239;2.355229,434;481,
push,1383,6922,3820,1000.0,200.00000000000006,1200.0,2.538289;2.355229,349;481,
push,1383,6923,3820,1000.0,200.00000000000006,1200.0,2.522055;2.355229,429;481,
push,1383,6924,3820,1000.0,200.00000000000006,1200.0,2.531239;2.4332,434;396,
push,1383,6925,3820,1000.0,200.00000000000006,1200.0,2.538289;2.4332,349;396,
push,1383,6926,3820,1000.0,200.00000000000006,1200.0,2.522055;2.4332,429;396,
push,1383,6927,3820,1000.0,300.0000000000001,1300.0,2.531239;2.412366,434;560,
push,1383,6928,3820,1000.0,300.0000000000001,1300.0,2.538289;2.412366,349;560,
push,1383,6929,3820,1000.0,300.0000000000001,1300.0,2.522055;2.412366,429;560,
pop,1384,3813,1386,900.0,,,2.418411;2.270226,256;475,
push,1384,6930,3813,1000.0,200.00000000000006,1200.0,2.538289;2.355229,338;481,
push,1384,6931,3813,1000.0,200.00000000000006,1200.0,2.538289;2.4332,338;396,
push,1384,6932,3813,1000.0,300.0000000000001,1300.0,2.538289;2.412366,338;560,
pop,1385,3814,1386,900.0,,,2.428817;2.270226,90;475,
push,1385,6933,3814,1000.0,200.00000000000006,1200.0,2.538289;2.355229,7;481,
push,1385,6934,3814,1000.0,200.00000000000006,1200.0,2.538289;2.4332,7;396,
push,1385,6935,3814,1000.0,300.0000000000001,1300.0,2.538289;2.412366,7;560,
pop,1386,1995,1071,900.0,,,2.198211;2.270226,50;475,
push,1386,6936,1995,1000.0,200.00000000000006,1200.0,2.294681;2.355229,56;481,
push,1386,6937,1995,1000.0,200.00000000000006,1200.0,0.902313;2.355229,141;481,
push,1386,6938,1995,1000.0,200.00000000000006,1200.0,2.294681;2.4332,56;396,
push,1386,6939,1995,1000.0,200.00000000000006,1200.0,0.902313;2.4332,141;396,
push,1386,6940,1995,1000.0,300.0000000000001,1300.0,2.294681;2.412366,56;560,
push,1386,6941,1995,1000.0,300.0000000000001,1300.0,0.902313;2.412366,141;560,
pop,1387,1996,1071,900.0,,,0.903241;2.270226,135;475,
push,1387,6942,1996,1000.0,200.00000000000006,1200.0,0.741549;2.355229,219;481,
push,1387,6943,1996,1000.0,200.00000000000006,1200.0,0.732852;2.355229,140;481,
push,1387,6944,1996,1000.0,200.00000000000006,1200.0,1.150423;2.355229,214;481,
push,1387,6945,1996,1000.0,200.00000000000006,1200.0,0.741549;2.4332,219;396,
push,1387,6946,1996,1000.0,200.00000000000006,1200.0,0.732852;2.4332,140;396,
push,1387,6947,1996,1000.0,200.00000000000006,1200.0,1.150423;2.4332,214;396,
push,1387,6948,1996,1000.0,300.0000000000001,1300.0,0.741549;2.412366,219;560,
push,1387,6949,1996,1000.0,300.0000000000001,1300.0,0.732852;2.412366,140;560,
push,1387,6950,1996,1000.0,300.0000000000001,1300.0,1.150423;2.412366,214;560,
pop,1388,3807,1393,900.0,,,2.411382;2.270226,213;475,
push,1388,6951,3807,1000.0,200.00000000000006,1200.0,2.531779;2.355229,302;481,
push,1388,6952,3807,1000.0,200.00000000000006,1200.0,0.913615;2.355229,218;481,
prune,1388,0,3807,1000.0,,,2.522649;2.355229,297;481,obstacle:1
push,1388,6953,3807,1000.0,200.00000000000006,1200.0,2.531779;2.4332,302;396,
push,1388,6954,3807,1000.0,200.00000000000006,1200.0,0.913615;2.4332,218;396,
prune,1388,0,3807,1000.0,,,2.522649;2.4332,297;396,obstacle:1
push,1388,6955,3807,1000.0,300.0000000000001,1300.0,2.531779;2.412366,302;560,
push,1388,6956,3807,1000.0,300.0000000000001,1300.0,0.913615;2.412366,218;560,
prune,1388,0,3807,1000.0,,,2.522649;2.412366,297;560,obstacle:1
pop,1389,3808,1393,900.0,,,0.903241;2.270226,134;475,
push,1389,6957,3808,1000.0,200.00000000000006,1200.0,0.732852;2.355229,140;481,
push,1389,6958,3808,1000.0,200.00000000000006,1200.0,1.13521;2.355229,55;481,
push,1389,6959,3808,1000.0,200.00000000000006,1200.0,0.741549;2.355229,219;481,
push,1389,6960,3808,1000.0,200.00000000000006,1200.0,0.732852;2.4332,140;396,
push,1389,6961,3808,1000.0,200.00000000000006,1200.0,1.13521;2.4332,55;396,
push,1389,6962,3808,1000.0,200.00000000000006,1200.0,0.741549;2.4332,219;396,
push,1389,6963,3808,1000.0,300.0000000000001,1300.0,0.732852;2.412366,140;560,
push,1389,6964,3808,1000.0,300.0000000000001,1300.0,1.13521;2.412366,55;560,
push,1389,6965,3808,1000.0,300.0000000000001,1300.0,0.741549;2.412366,219;560,
pop,1390,3802,1392,900.0,,,0.903241;2.270226,135;475,
push,1390,6966,3802,1000.0,200.00000000000006,1200.0,0.741549;2.355229,219;481,
push,1390,6967,3802,1000.0,200.00000000000006,1200.0,0.732852;2.355229,140;481,
push,1390,6968,3802,1000.0,200.00000000000006,1200.0,1.150423;2.355229,214;481,
push,1390,6969,3802,1000.0,200.00000000000006,1200.0,0.741549;2.4332,219;396,
push,1390,6970,3802,1000.0,200.00000000000006,1200.0,0.732852;2.4332,140;396,
push,1390,6971,3802,1000.0,200.00000000000006,1200.0,1.150423;2.4332,214;396,
push,1390,6972,3802,1000.0,300.0000000000001,1300.0,0.741549;2.412366,219;560,
push,1390,6973,3802,1000.0,300.0000000000001,1300.0,0.732852;2.412366,140;560,
push,1390,6974,3802,1000.0,300.0000000000001,1300.0,1.150423;2.412366,214;560,
pop,1391,3801,1392,900.0,,,2.198211;2.270226,50;475,
push,1391,6975,3801,1000.0,200.00000000000006,1200.0,2.294681;2.355229,56;481,
push,1391,6976,3801,1000.0,200.00000000000006,1200.0,0.902313;2.355229,141;481,
push,1391,6977,3801,1000.0,200.00000000000006,1200.0,2.294681;2.4332,56;396,
push,1391,6978,3801,1000.0,200.00000000000006,1200.0,0.902313;2.4332,141;396,
push,1391,6979,3801,1000.0,300.0000000000001,1300.0,2.294681;2.412366,56;560,
push,1391,6980,3801,1000.0,300.0000000000001,1300.0,0.902313;2.412366,141;560,
pop,1392,3793,1401,900.0,,,1.124937;2.270226,55;475,
push,1392,6981,3793,1000.0,200.00000000000006,1200.0,1.341184;2.355229,56;481,
push,1392,6982,3793,1000.0,200.00000000000006,1200.0,1.341184;2.4332,56;396,
push,1392,6983,3793,1000.0,300.0000000000001,1300.0,1.341184;2.412366,56;560,
pop,1393,3794,1401,900.0,,,0.73931;2.270226,219;475,
push,1393,6984,3794,1000.0,200.00000000000006,1200.0,0.992847;2.355229,308;481,
push,1393,6985,3794,1000.0,200.00000000000006,1200.0,1.003897;2.355229,224;481,
push,1393,6986,3794,1000.0,200.00000000000006,1200.0,1.018721;2.355229,303;481,
push,1393,6987,3794,1000.0,200.00000000000006,1200.0,0.992847;1.587402,308;396,
push,1393,6988,3794,1000.0,200.00000000000006,1200.0,1.003897;2.4332,224;396,
push,1393,6989,3794,1000.0,200.00000000000006,1200.0,1.018721;2.4332,303;396,
push,1393,6990,3794,1000.0,300.0000000000001,1300.0,0.992847;2.412366,308;560,
push,1393,6991,3794,1000.0,300.0000000000001,1300.0,1.003897;2.412366,224;560,
push,1393,6992,3794,1000.0,300.0000000000001,1300.0,1.018721;2.412366,303;560,
pop,1394,6987,3794,1000.0,,,0.992847;1.587402,308;396,
push,1394,6993,6987,1100.0,200.00000000000006,1300.0,1.168902;1.777398,392;318,
push,1394,6994,6987,1100.0,200.00000000000006,1300.0,1.258045;1.357742,313;318,
push,1394,6995,6987,1100.0,200.00000000000006,1300.0,1.2655;1.7774,387;318,
push,1394,6996,6987,1100.0,399.99999999999994,1500.0,1.168902;1.711699,392;311,
push,1394,6997,6987,1100.0,399.99999999999994,1500.0,1.258045;1.711699,313;311,
push,1394,6998,6987,1100.0,399.99999999999994,1500.0,1.2655;1.711699,387;311,
push,1394,6999,6987,1100.0,100.00000000000004,1200.0,1.168902;1.772041,392;397,
push,1394,7000,6987,1100.0,100.00000000000004,1200.0,1.258045;1.772041,313;397,
push,1394,7001,6987,1100.0,100.00000000000004,1200.0,1.2655;1.772041,387;397,
pop,1395,6999,6987,1100.0,,,1.168902;1.772041,392;397,
push,1395,7002,6999,1200.0,4.263256414560601e-14,1200.0,1.314343;1.920137,482;403,
push,1395,7003,6999,1200.0,4.263256414560601e-14,1200.0,1.432833;1.920137,397;403,
push,1395,7004,6999,1200.0,4.263256414560601e-14,1200.0,1.437897;1.920137,477;403,
push,1395,7005,6999,1200.0,499.99999999999994,1700.0,1.314343;1.944815,482;324,
push,1395,7006,6999,1200.0,499.99999999999994,1700.0,1.432833;1.944815,397;324,
push,1395,7007,6999,1200.0,499.99999999999994,1700.0,1.437897;1.944815,477;324,
push,1395,7008,6999,1200.0,500.0000000000001,1700.0,1.314343;1.895534,482;488,
push,1395,7009,6999,1200.0,500.0000000000001,1700.0,1.432833;1.895534,397;488,
push,1395,7010,6999,1200.0,500.0000000000001,1700.0,1.437897;1.895534,477;488,
pop,1396,7000,6987,1100.0,,,1.258045;1.772041,313;397,
push,1396,7011,7000,1200.0,4.263256414560601e-14,1200.0,1.436677;1.920137,319;403,
push,1396,7012,7000,1200.0,4.263256414560601e-14,1200.0,1.488783;1.920137,235;403,
push,1396,7013,7000,1200.0,4.263256414560601e-14,1200.0,1.432833;1.920137,398;403,
push,1396,7014,7000,1200.0,499.99999999999994,1700.0,1.436677;1.526619,319;324,
push,1396,7015,7000,1200.0,499.99999999999994,1700.0,1.488783;1.944815,235;324,
push,1396,7016,7000,1200.0,499.99999999999994,1700.0,1.432833;1.944815,398;324,
push,1396,7017,7000,1200.0,500.0000000000001,1700.0,1.436677;1.895534,319;488,
push,1396,7018,7000,1200.0,500.0000000000001,1700.0,1.488783;1.895534,235;488,
push,1396,7019,7000,1200.0,500.0000000000001,1700.0,1.432833;1.895534,398;488,
pop,1397,7001,6987,1100.0,,,1.2655;1.772041,387;397,
push,1397,7020,7001,1200.0,4.263256414560601e-14,1200.0,1.446673;1.920137,471;403,
push,1397,7021,7001,1200.0,4.263256414560601e-14,1200.0,1.437897;1.920137,476;403,
push,1397,7022,7001,1200.0,4.263256414560601e-14,1200.0,1.488783;1.920137,382;403,
push,1397,7023,7001,1200.0,499.99999999999994,1700.0,1.446673;1.944815,471;324,
push,1397,7024,7001,1200.0,499.99999999999994,1700.0,1.437897;1.944815,476;324,
push,1397,7025,7001,1200.0,499.99999999999994,1700.0,1.488783;1.944815,382;324,
push,1397,7026,7001,1200.0,500.0000000000001,1700.0,1.446673;1.895534,471;488,
push,1397,7027,7001,1200.0,500.0000000000001,1700.0,1.437897;1.895534,476;488,
push,1397,7028,7001,1200.0,500.0000000000001,1700.0,1.488783;1.895534,382;488,
pop,1398,7002,6999,1200.0,,,1.314343;1.920137,482;403,
prune,1398,7002,6999,1200.0,,,1.314343;1.920137,482;403,goal_spline
pop,1399,7003,6999,1200.0,,,1.432833;1.920137,397;403,
prune,1399,7003,6999,1200.0,,,1.432833;1.920137,397;403,goal_spline
pop,1400,7004,6999,1200.0,,,1.437897;1.920137,477;403,
prune,1400,7004,6999,1200.0,,,1.437897;1.920137,477;403,goal_spline
pop,1401,7011,7000,1200.0,,,1.436677;1.920137,319;403,
prune,1401,7011,7000,1200.0,,,1.436677;1.920137,319;403,goal_spline
pop,1402,7012,7000,1200.0,,,1.488783;1.920137,235;403,
prune,1402,7012,7000,1200.0,,,1.488783;1.920137,235;403,goal_spline
pop,1403,7013,7000,1200.0,,,1.432833;1.920137,398;403,
prune,1403,7013,7000,1200.0,,,1.432833;1.920137,398;403,goal_spline
pop,1404,7020,7001,1200.0,,,1.446673;1.920137,471;403,
prune,1404,7020,7001,1200.0,,,1.446673;1.920137,471;403,goal_spline
pop,1405,7021,7001,1200.0,,,1.437897;1.920137,476;403,
prune,1405,7021,7001,1200.0,,,1.437897;1.920137,476;403,goal_spline
pop,1406,7022,7001,1200.0,,,1.488783;1.920137,382;403,
prune,1406,7022,7001,1200.0,,,1.488783;1.920137,382;403,goal_spline
pop,1407,3777,1402,900.0,,,2.198211;2.270226,50;475,
push,1407,7029,3777,1000.0,200.00000000000006,1200.0,2.294681;2.355229,56;481,
push,1407,7030,3777,1000.0,200.00000000000006,1200.0,0.902313;2.355229,141;481,
push,1407,7031,3777,1000.0,200.00000000000006,1200.0,2.294681;2.4332,56;396,
push,1407,7032,3777,1000.0,200.00000000000006,1200.0,0.902313;2.4332,141;396,
push,1407,7033,3777,1000.0,300.0000000000001,1300.0,2.294681;2.412366,56;560,
push,1407,7034,3777,1000.0,300.0000000000001,1300.0,0.902313;2.412366,141;560,
pop,1408,3769,1410,900.0,,,2.394762;2.270226,49;475,
push,1408,7035,3769,1000.0,200.00000000000006,1200.0,2.350609;2.355229,50;481,
push,1408,7036,3769,1000.0,200.00000000000006,1200.0,2.350609;2.4332,50;396,
push,1408,7037,3769,1000.0,300.0000000000001,1300.0,2.350609;2.412366,50;560,
pop,1409,3770,1410,900.0,,,2.411382;2.270226,213;475,
push,1409,7038,3770,1000.0,200.00000000000006,1200.0,2.531779;2.355229,302;481,
push,1409,7039,3770,1000.0,200.00000000000006,1200.0,0.913615;2.355229,218;481,
prune,1409,0,3770,1000.0,,,2.522649;2.355229,297;481,obstacle:1
push,1409,7040,3770,1000.0,200.00000000000006,1200.0,2.531779;2.4332,302;396,
push,1409,7041,3770,1000.0,200.00000000000006,1200.0,0.913615;2.4332,218;396,
prune,1409,0,3770,1000.0,,,2.522649;2.4332,297;396,obstacle:1
push,1409,7042,3770,1000.0,300.0000000000001,1300.0,2.531779;2.412366,302;560,
push,1409,7043,3770,1000.0,300.0000000000001,1300.0,0.913615;2.412366,218;560,
prune,1409,0,3770,1000.0,,,2.522649;2.412366,297;560,obstacle:1
pop,1410,3768,1410,900.0,,,0.903241;2.270226,134;475,
push,1410,7044,3768,1000.0,200.00000000000006,1200.0,0.732852;2.355229,140;481,
push,1410,7045,3768,1000.0,200.00000000000006,1200.0,1.13521;2.355229,55;481,
push,1410,7046,3768,1000.0,200.00000000000006,1200.0,0.741549;2.355229,219;481,
push,1410,7047,3768,1000.0,200.00000000000006,1200.0,0.732852;2.4332,140;396,
push,1410,7048,3768,1000.0,200.00000000000006,1200.0,1.13521;2.4332,55;396,
push,1410,7049,3768,1000.0,200.00000000000006,1200.0,0.741549;2.4332,219;396,
push,1410,7050,3768,1000.0,300.0000000000001,1300.0,0.732852;2.412366,140;560,
push,1410,7051,3768,1000.0,300.0000000000001,1300.0,1.13521;2.412366,55;560,
push,1410,7052,3768,1000.0,300.0000000000001,1300.0,0.741549;2.412366,219;560,
pop,1411,3756,1417,900.0,,,2.416051;2.270226,38;475,
push,1411,7053,3756,1000.0,200.00000000000006,1200.0,2.515798;2.355229,44;481,
push,1411,7054,3756,1000.0,200.00000000000006,1200.0,2.536248;2.355229,129;481,
push,1411,7055,3756,1000.0,200.00000000000006,1200.0,2.515798;2.4332,44;396,
push,1411,7056,3756,1000.0,200.00000000000006,1200.0,2.536248;2.4332,129;396,
push,1411,7057,3756,1000.0,300.0000000000001,1300.0,2.515798;2.412366,44;560,
push,1411,7058,3756,1000.0,300.0000000000001,1300.0,2.536248;2.412366,129;560,
pop,1412,3760,1413,900.0,,,2.394762;2.270226,49;475,
push,1412,7059,3760,1000.0,200.00000000000006,1200.0,2.350609;2.355229,50;481,
push,1412,7060,3760,1000.0,200.00000000000006,1200.0,2.350609;2.4332,50;396,
push,1412,7061,3760,1000.0,300.0000000000001,1300.0,2.350609;2.412366,50;560,
pop,1413,3761,1413,900.0,,,2.411382;2.270226,213;475,
push,1413,7062,3761,1000.0,200.00000000000006,1200.0,2.531779;2.355229,302;481,
push,1413,7063,3761,1000.0,200.00000000000006,1200.0,0.913615;2.355229,218;481,
prune,1413,0,3761,1000.0,,,2.522649;2.355229,297;481,obstacle:1
push,1413,7064,3761,1000.0,200.00000000000006,1200.0,2.531779;2.4332,302;396,
push,1413,7065,3761,1000.0,200.00000000000006,1200.0,0.913615;2.4332,218;396,
prune,1413,0,3761,1000.0,,,2.522649;2.4332,297;396,obstacle:1
push,1413,7066,3761,1000.0,300.0000000000001,1300.0,2.531779;2.412366,302;560,
push,1413,7067,3761,1000.0,300.0000000000001,1300.0,0.913615;2.412366,218;560,
prune,1413,0,3761,1000.0,,,2.522649;2.412366,297;560,obstacle:1
pop,1414,3759,1413,900.0,,,0.903241;2.270226,134;475,
push,1414,7068,3759,1000.0,200.00000000000006,1200.0,0.732852;2.355229,140;481,
push,1414,7069,3759,1000.0,200.00000000000006,1200.0,1.13521;2.355229,55;481,
push,1414,7070,3759,1000.0,200.00000000000006,1200.0,0.741549;2.355229,219;481,
push,1414,7071,3759,1000.0,200.00000000000006,1200.0,0.732852;2.4332,140;396,
push,1414,7072,3759,1000.0,200.00000000000006,1200.0,1.13521;2.4332,55;396,
push,1414,7073,3759,1000.0,200.00000000000006,1200.0,0.741549;2.4332,219;396,
push,1414,7074,3759,1000.0,300.0000000000001,1300.0,0.732852;2.412366,140;560,
push,1414,7075,3759,1000.0,300.0000000000001,1300.0,1.13521;2.412366,55;560,
push,1414,7076,3759,1000.0,300.0000000000001,1300.0,0.741549;2.412366,219;560,
pop,1415,3750,1416,900.0,,,2.392331;2.270226,128;475,
push,1415,7077,3750,1000.0,200.00000000000006,1200.0,0.909041;2.355229,134;481,
push,1415,7078,3750,1000.0,200.00000000000006,1200.0,2.515798;2.355229,49;481,
push,1415,7079,3750,1000.0,200.00000000000006,1200.0,2.510491;2.355229,213;481,
push,1415,7080,3750,1000.0,200.00000000000006,1200.0,0.909041;2.4332,134;396,
push,1415,7081,3750,1000.0,200.00000000000006,1200.0,2.515798;2.4332,49;396,
push,1415,7082,3750,1000.0,200.00000000000006,1200.0,2.510491;2.4332,213;396,
push,1415,7083,3750,1000.0,300.0000000000001,1300.0,0.909041;2.412366,134;560,
push,1415,7084,3750,1000.0,300.0000000000001,1300.0,2.515798;2.412366,49;560,
push,1415,7085,3750,1000.0,300.0000000000001,1300.0,2.510491;2.412366,213;560,
pop,1416,3751,1416,900.0,,,2.416051;2.270226,43;475,
push,1416,7086,3751,1000.0,200.00000000000006,1200.0,2.515798;2.355229,44;481,
push,1416,7087,3751,1000.0,200.00000000000006,1200.0,2.515798;2.4332,44;396,
push,1416,7088,3751,1000.0,300.0000000000001,1300.0,2.515798;2.412366,44;560,
pop,1417,3745,1422,900.0,,,2.428817;2.270226,123;475,
prune,1417,0,3745,1000.0,,,2.538289;2.355229,207;481,obstacle:1
push,1417,7089,3745,1000.0,200.00000000000006,1200.0,2.536248;2.355229,128;481,
prune,1417,0,3745,1000.0,,,2.538289;2.355229,202;481,obstacle:1
prune,1417,0,3745,1000.0,,,2.538289;2.4332,207;396,obstacle:1
push,1417,7090,3745,1000.0,200.00000000000006,1200.0,2.536248;2.4332,128;396,
prune,1417,0,3745,1000.0,,,2.538289;2.4332,202;396,obstacle:1
prune,1417,0,3745,1000.0,,,2.538289;2.412366,207;560,obstacle:1
push,1417,7091,3745,1000.0,300.0000000000001,1300.0,2.536248;2.412366,128;560,
prune,1417,0,3745,1000.0,,,2.538289;2.412366,202;560,obstacle:1
pop,1418,3744,1422,900.0,,,2.416051;2.270226,38;475,
push,1418,7092,3744,1000.0,200.00000000000006,1200.0,2.515798;2.355229,44;481,
push,1418,7093,3744,1000.0,200.00000000000006,1200.0,2.536248;2.355229,129;481,
push,1418,7094,3744,1000.0,200.00000000000006,1200.0,2.515798;2.4332,44;396,
push,1418,7095,3744,1000.0,200.00000000000006,1200.0,2.536248;2.4332,129;396,
push,1418,7096,3744,1000.0,300.0000000000001,1300.0,2.515798;2.412366,44;560,
push,1418,7097,3744,1000.0,300.0000000000001,1300.0,2.536248;2.412366,129;560,
pop,1419,3738,1426,900.0,,,2.411382;2.270226,213;475,
push,1419,7098,3738,1000.0,200.00000000000006,1200.0,2.531779;2.355229,302;481,
push,1419,7099,3738,1000.0,200.00000000000006,1200.0,0.913615;2.355229,218;481,
prune,1419,0,3738,1000.0,,,2.522649;2.355229,297;481,obstacle:1
push,1419,7100,3738,1000.0,200.00000000000006,1200.0,2.531779;2.4332,302;396,
push,1419,7101,3738,1000.0,200.00000000000006,1200.0,0.913615;2.4332,218;396,
prune,1419,0,3738,1000.0,,,2.522649;2.4332,297;396,obstacle:1
push,1419,7102,3738,1000.0,300.0000000000001,1300.0,2.531779;2.412366,302;560,
push,1419,7103,3738,1000.0,300.0000000000001,1300.0,0.913615;2.412366,218;560,
prune,1419,0,3738,1000.0,,,2.522649;2.412366,297;560,obstacle:1
pop,1420,3739,1426,900.0,,,0.903241;2.270226,134;475,
push,1420,7104,3739,1000.0,200.00000000000006,1200.0,0.732852;2.355229,140;481,
push,1420,7105,3739,1000.0,200.00000000000006,1200.0,1.13521;2.355229,55;481,
push,1420,7106,3739,1000.0,200.00000000000006,1200.0,0.741549;2.355229,219;481,
push,1420,7107,3739,1000.0,200.00000000000006,1200.0,0.732852;2.4332,140;396,
push,1420,7108,3739,1000.0,200.00000000000006,1200.0,1.13521;2.4332,55;396,
push,1420,7109,3739,1000.0,200.00000000000006,1200.0,0.741549;2.4332,219;396,
push,1420,7110,3739,1000.0,300.0000000000001,1300.0,0.732852;2.412366,140;560,
push,1420,7111,3739,1000.0,300.0000000000001,1300.0,1.13521;2.412366,55;560,
push,1420,7112,3739,1000.0,300.0000000000001,1300.0,0.741549;2.412366,219;560,
pop,1421,3732,1425,900.0,,,2.198211;2.270226,50;475,
push,1421,7113,3732,1000.0,200.00000000000006,1200.0,2.294681;2.355229,56;481,
push,1421,7114,3732,1000.0,200.00000000000006,1200.0,0.902313;2.355229,141;481,
push,1421,7115,3732,1000.0,200.00000000000006,1200.0,2.294681;2.4332,56;396,
push,1421,7116,3732,1000.0,200.00000000000006,1200.0,0.902313;2.4332,141;396,
push,1421,7117,3732,1000.0,300.0000000000001,1300.0,2.294681;2.412366,56;560,
push,1421,7118,3732,1000.0,300.0000000000001,1300.0,0.902313;2.412366,141;560,
pop,1422,3733,1425,900.0,,,0.903241;2.270226,135;475,
push,1422,7119,3733,1000.0,200.00000000000006,1200.0,0.741549;2.355229,219;481,
push,1422,7120,3733,1000.0,200.00000000000006,1200.0,0.732852;2.355229,140;481,
push,1422,7121,3733,1000.0,200.00000000000006,1200.0,1.150423;2.355229,214;481,
push,1422,7122,3733,1000.0,200.00000000000006,1200.0,0.741549;2.4332,219;396,
push,1422,7123,3733,1000.0,200.00000000000006,1200.0,0.732852;2.4332,140;396,
push,1422,7124,3733,1000.0,200.00000000000006,1200.0,1.150423;2.4332,214;396,
push,1422,7125,3733,1000.0,300.0000000000001,1300.0,0.741549;2.412366,219;560,
push,1422,7126,3733,1000.0,300.0000000000001,1300.0,0.732852;2.412366,140;560,
push,1422,7127,3733,1000.0,300.0000000000001,1300.0,1.150423;2.412366,214;560,
pop,1423,3729,1432,900.0,,,2.392331;2.270226,128;475,
push,1423,7128,3729,1000.0,200.00000000000006,1200.0,0.909041;2.355229,134;481,
push,1423,7129,3729,1000.0,200.00000000000006,1200.0,2.515798;2.355229,49;481,
push,1423,7130,3729,1000.0,200.00000000000006,1200.0,2.510491;2.355229,213;481,
push,1423,7131,3729,1000.0,200.00000000000006,1200.0,0.909041;2.4332,134;396,
push,1423,7132,3729,1000.0,200.00000000000006,1200.0,2.515798;2.4332,49;396,
push,1423,7133,3729,1000.0,200.00000000000006,1200.0,2.510491;2.4332,213;396,
push,1423,7134,3729,1000.0,300.0000000000001,1300.0,0.909041;2.412366,134;560,
push,1423,7135,3729,1000.0,300.0000000000001,1300.0,2.515798;2.412366,49;560,
push,1423,7136,3729,1000.0,300.0000000000001,1300.0,2.510491;2.412366,213;560,
pop,1424,3723,1431,900.0,,,2.345244;2.270226,44;475,
push,1424,7137,3723,1000.0,200.00000000000006,1200.0,2.292675;2.355229,50;481,
push,1424,7138,3723,1000.0,200.00000000000006,1200.0,0.909041;2.355229,135;481,
push,1424,7139,3723,1000.0,200.00000000000006,1200.0,2.292675;2.4332,50;396,
push,1424,7140,3723,1000.0,200.00000000000006,1200.0,0.909041;2.4332,135;396,
push,1424,7141,3723,1000.0,300.0000000000001,1300.0,2.292675;2.412366,50;560,
push,1424,7142,3723,1000.0,300.0000000000001,1300.0,0.909041;2.412366,135;560,
pop,1425,3724,1431,900.0,,,2.392331;2.270226,129;475,
push,1425,7143,3724,1000.0,200.00000000000006,1200.0,2.510491;2.355229,213;481,
push,1425,7144,3724,1000.0,200.00000000000006,1200.0,0.909041;2.355229,134;481,
prune,1425,0,3724,1000.0,,,2.515798;2.355229,208;481,obstacle:1
push,1425,7145,3724,1000.0,200.00000000000006,1200.0,2.510491;2.4332,213;396,
push,1425,7146,3724,1000.0,200.00000000000006,1200.0,0.909041;2.4332,134;396,
prune,1425,0,3724,1000.0,,,2.515798;2.4332,208;396,obstacle:1
push,1425,7147,3724,1000.0,300.0000000000001,1300.0,2.510491;2.412366,213;560,
push,1425,7148,3724,1000.0,300.0000000000001,1300.0,0.909041;2.412366,134;560,
prune,1425,0,3724,1000.0,,,2.515798;2.412366,208;560,obstacle:1
pop,1426,3716,1437,900.0,,,2.411382;2.270226,213;475,
push,1426,7149,3716,1000.0,200.00000000000006,1200.0,2.531779;2.355229,302;481,
push,1426,7150,3716,1000.0,200.00000000000006,1200.0,0.913615;2.355229,218;481,
prune,1426,0,3716,1000.0,,,2.522649;2.355229,297;481,obstacle:1
push,1426,7151,3716,1000.0,200.00000000000006,1200.0,2.531779;2.4332,302;396,
push,1426,7152,3716,1000.0,200.00000000000006,1200.0,0.913615;2.4332,218;396,
prune,1426,0,3716,1000.0,,,2.522649;2.4332,297;396,obstacle:1
push,1426,7153,3716,1000.0,300.0000000000001,1300.0,2.531779;2.412366,302;560,
push,1426,7154,3716,1000.0,300.0000000000001,1300.0,0.913615;2.412366,218;560,
prune,1426,0,3716,1000.0,,,2.522649;2.412366,297;560,obstacle:1
pop,1427,3711,1438,900.0,,,2.394762;2.270226,44;475,
push,1427,7155,3711,1000.0,200.00000000000006,1200.0,2.350609;2.355229,50;481,
push,1427,7156,3711,1000.0,200.00000000000006,1200.0,0.911124;2.355229,135;481,
push,1427,7157,3711,1000.0,200.00000000000006,1200.0,2.350609;2.4332,50;396,
push,1427,7158,3711,1000.0,200.00000000000006,1200.0,0.911124;2.4332,135;396,
push,1427,7159,3711,1000.0,300.0000000000001,1300.0,2.350609;2.412366,50;560,
push,1427,7160,3711,1000.0,300.0000000000001,1300.0,0.911124;2.412366,135;560,
pop,1428,3714,1437,900.0,,,0.903241;2.270226,134;475,
push,1428,7161,3714,1000.0,200.00000000000006,1200.0,0.732852;2.355229,140;481,
push,1428,7162,3714,1000.0,200.00000000000006,1200.0,1.13521;2.355229,55;481,
push,1428,7163,3714,1000.0,200.00000000000006,1200.0,0.741549;2.355229,219;481,
push,1428,7164,3714,1000.0,200.00000000000006,1200.0,0.732852;2.4332,140;396,
push,1428,7165,3714,1000.0,200.00000000000006,1200.0,1.13521;2.4332,55;396,
push,1428,7166,3714,1000.0,200.00000000000006,1200.0,0.741549;2.4332,219;396,
push,1428,7167,3714,1000.0,300.0000000000001,1300.0,0.732852;2.412366,140;560,
push,1428,7168,3714,1000.0,300.0000000000001,1300.0,1.13521;2.412366,55;560,
push,1428,7169,3714,1000.0,300.0000000000001,1300.0,0.741549;2.412366,219;560,
pop,1429,3715,1437,900.0,,,2.394762;2.270226,49;475,
push,1429,7170,3715,1000.0,200.00000000000006,1200.0,2.350609;2.355229,50;481,
push,1429,7171,3715,1000.0,200.00000000000006,1200.0,2.350609;2.4332,50;396,
push,1429,7172,3715,1000.0,300.0000000000001,1300.0,2.350609;2.412366,50;560,
pop,1430,3706,1444,900.0,,,2.399601;2.270226,339;475,
push,1430,7173,3706,1000.0,200.00000000000006,1200.0,2.493881;2.355229,423;481,
push,1430,7174,3706,1000.0,200.00000000000006,1200.0,2.522055;2.355229,428;481,
push,1430,7175,3706,1000.0,200.00000000000006,1200.0,2.493881;2.4332,423;396,
push,1430,7176,3706,1000.0,200.00000000000006,1200.0,2.522055;2.4332,428;396,
push,1430,7177,3706,1000.0,300.0000000000001,1300.0,2.493881;2.412366,423;560,
push,1430,7178,3706,1000.0,300.0000000000001,1300.0,2.522055;2.412366,428;560,
pop,1431,3702,1443,900.0,,,2.399601;2.270226,338;475,
push,1431,7179,3702,1000.0,200.00000000000006,1200.0,2.522055;2.355229,428;481,
push,1431,7180,3702,1000.0,200.00000000000006,1200.0,2.519974;2.355229,343;481,
push,1431,7181,3702,1000.0,200.00000000000006,1200.0,2.493881;2.355229,423;481,
push,1431,7182,3702,1000.0,200.00000000000006,1200.0,2.522055;2.4332,428;396,
push,1431,7183,3702,1000.0,200.00000000000006,1200.0,2.519974;2.4332,343;396,
push,1431,7184,3702,1000.0,200.00000000000006,1200.0,2.493881;2.4332,423;396,
push,1431,7185,3702,1000.0,300.0000000000001,1300.0,2.522055;2.412366,428;560,
push,1431,7186,3702,1000.0,300.0000000000001,1300.0,2.519974;2.412366,343;560,
push,1431,7187,3702,1000.0,300.0000000000001,1300.0,2.493881;2.412366,423;560,
pop,1432,3705,1444,900.0,,,2.420764;2.270226,344;475,
push,1432,7188,3705,1000.0,200.00000000000006,1200.0,2.531239;2.355229,434;481,
push,1432,7189,3705,1000.0,200.00000000000006,1200.0,2.538289;2.355229,349;481,
push,1432,7190,3705,1000.0,200.00000000000006,1200.0,2.522055;2.355229,429;481,
push,1432,7191,3705,1000.0,200.00000000000006,1200.0,2.531239;2.4332,434;396,
push,1432,7192,3705,1000.0,200.00000000000006,1200.0,2.538289;2.4332,349;396,
push,1432,7193,3705,1000.0,200.00000000000006,1200.0,2.522055;2.4332,429;396,
push,1432,7194,3705,1000.0,300.0000000000001,1300.0,2.531239;2.412366,434;560,
push,1432,7195,3705,1000.0,300.0000000000001,1300.0,2.538289;2.412366,349;560,
push,1432,7196,3705,1000.0,300.0000000000001,1300.0,2.522055;2.412366,429;560,
pop,1433,3694,1451,900.0,,,2.420764;2.270226,344;475,
push,1433,7197,3694,1000.0,200.00000000000006,1200.0,2.531239;2.355229,434;481,
push,1433,7198,3694,1000.0,200.00000000000006,1200.0,2.538289;2.355229,349;481,
push,1433,7199,3694,1000.0,200.00000000000006,1200.0,2.522055;2.355229,429;481,
push,1433,7200,3694,1000.0,200.00000000000006,1200.0,2.531239;2.4332,434;396,
push,1433,7201,3694,1000.0,200.00000000000006,1200.0,2.538289;2.4332,349;396,
push,1433,7202,3694,1000.0,200.00000000000006,1200.0,2.522055;2.4332,429;396,
push,1433,7203,3694,1000.0,300.0000000000001,1300.0,2.531239;2.412366,434;560,
push,1433,7204,3694,1000.0,300.0000000000001,1300.0,2.538289;2.412366,349;560,
push,1433,7205,3694,1000.0,300.0000000000001,1300.0,2.522055;2.412366,429;560,
pop,1434,3695,1451,900.0,,,2.418411;2.270226,257;475,
pop,1435,3693,1451,900.0,,,2.399601;2.270226,339;475,
push,1435,7206,3693,1000.0,200.00000000000006,1200.0,2.493881;2.355229,423;481,
push,1435,7207,3693,1000.0,200.00000000000006,1200.0,2.522055;2.355229,428;481,
push,1435,7208,3693,1000.0,200.00000000000006,1200.0,2.493881;2.4332,423;396,
push,1435,7209,3693,1000.0,200.00000000000006,1200.0,2.522055;2.4332,428;396,
push,1435,7210,3693,1000.0,300.0000000000001,1300.0,2.493881;2.412366,423;560,
push,1435,7211,3693,1000.0,300.0000000000001,1300.0,2.522055;2.412366,428;560,
pop,1436,3687,1449,900.0,,,2.420764;2.270226,350;475,
push,1436,7212,3687,1000.0,200.00000000000006,1200.0,2.522055;2.355229,440;481,
prune,1436,0,3687,1000.0,,,2.538289;2.355229,355;481,obstacle:1
push,1436,7213,3687,1000.0,200.00000000000006,1200.0,2.531239;2.355229,435;481,
push,1436,7214,3687,1000.0,200.00000000000006,1200.0,2.522055;2.4332,440;396,
prune,1436,0,3687,1000.0,,,2.538289;2.4332,355;396,obstacle:1
push,1436,7215,3687,1000.0,200.00000000000006,1200.0,2.531239;2.4332,435;396,
push,1436,7216,3687,1000.0,300.0000000000001,1300.0,2.522055;2.412366,440;560,
prune,1436,0,3687,1000.0,,,2.538289;2.412366,355;560,obstacle:1
push,1436,7217,3687,1000.0,300.0000000000001,1300.0,2.531239;2.412366,435;560,
pop,1437,3688,1449,900.0,,,2.420764;2.270226,345;475,
push,1437,7218,3688,1000.0,200.00000000000006,1200.0,2.522055;2.355229,429;481,
push,1437,7219,3688,1000.0,200.00000000000006,1200.0,2.531239;2.355229,434;481,
push,1437,7220,3688,1000.0,200.00000000000006,1200.0,2.538289;2.355229,340;481,
push,1437,7221,3688,1000.0,200.00000000000006,1200.0,2.522055;2.4332,429;396,
push,1437,7222,3688,1000.0,200.00000000000006,1200.0,2.531239;2.4332,434;396,
push,1437,7223,3688,1000.0,200.00000000000006,1200.0,2.538289;2.4332,340;396,
push,1437,7224,3688,1000.0,300.0000000000001,1300.0,2.522055;2.412366,429;560,
push,1437,7225,3688,1000.0,300.0000000000001,1300.0,2.531239;2.412366,434;560,
push,1437,7226,3688,1000.0,300.0000000000001,1300.0,2.538289;2.412366,340;560,
pop,1438,3681,1458,900.0,,,2.392331;2.270226,128;475,
push,1438,7227,3681,1000.0,200.00000000000006,1200.0,0.909041;2.355229,134;481,
push,1438,7228,3681,1000.0,200.00000000000006,1200.0,2.515798;2.355229,49;481,
push,1438,7229,3681,1000.0,200.00000000000006,1200.0,2.510491;2.355229,213;481,
push,1438,7230,3681,1000.0,200.00000000000006,1200.0,0.909041;2.4332,134;396,
push,1438,7231,3681,1000.0,200.00000000000006,1200.0,2.515798;2.4332,49;396,
push,1438,7232,3681,1000.0,200.00000000000006,1200.0,2.510491;2.4332,213;396,
push,1438,7233,3681,1000.0,300.0000000000001,1300.0,0.909041;2.412366,134;560,
push,1438,7234,3681,1000.0,300.0000000000001,1300.0,2.515798;2.412366,49;560,
push,1438,7235,3681,1000.0,300.0000000000001,1300.0,2.510491;2.412366,213;560,
pop,1439,3682,1458,900.0,,,2.416051;2.270226,43;475,
push,1439,7236,3682,1000.0,200.00000000000006,1200.0,2.515798;2.355229,44;481,
push,1439,7237,3682,1000.0,200.00000000000006,1200.0,2.515798;2.4332,44;396,
push,1439,7238,3682,1000.0,300.0000000000001,1300.0,2.515798;2.412366,44;560,
pop,1440,3672,1461,900.0,,,0.903241;2.270226,134;475,
push,1440,7239,3672,1000.0,200.00000000000006,1200.0,0.732852;2.355229,140;481,
push,1440,7240,3672,1000.0,200.00000000000006,1200.0,1.13521;2.355229,55;481,
push,1440,7241,3672,1000.0,200.00000000000006,1200.0,0.741549;2.355229,219;481,
push,1440,7242,3672,1000.0,200.00000000000006,1200.0,0.732852;2.4332,140;396,
push,1440,7243,3672,1000.0,200.00000000000006,1200.0,1.13521;2.4332,55;396,
push,1440,7244,3672,1000.0,200.00000000000006,1200.0,0.741549;2.4332,219;396,
push,1440,7245,3672,1000.0,300.0000000000001,1300.0,0.732852;2.412366,140;560,
push,1440,7246,3672,1000.0,300.0000000000001,1300.0,1.13521;2.412366,55;560,
push,1440,7247,3672,1000.0,300.0000000000001,1300.0,0.741549;2.412366,219;560,
pop,1441,3674,1461,900.0,,,2.411382;2.270226,213;475,
push,1441,7248,3674,1000.0,200.00000000000006,1200.0,2.531779;2.355229,302;481,
push,1441,7249,3674,1000.0,200.00000000000006,1200.0,0.913615;2.355229,218;481,
prune,1441,0,3674,1000.0,,,2.522649;2.355229,297;481,obstacle:1
push,1441,7250,3674,1000.0,200.00000000000006,1200.0,2.531779;2.4332,302;396,
push,1441,7251,3674,1000.0,200.00000000000006,1200.0,0.913615;2.4332,218;396,
prune,1441,0,3674,1000.0,,,2.522649;2.4332,297;396,obstacle:1
push,1441,7252,3674,1000.0,300.0000000000001,1300.0,2.531779;2.412366,302;560,
push,1441,7253,3674,1000.0,300.0000000000001,1300.0,0.913615;2.412366,218;560,
prune,1441,0,3674,1000.0,,,2.522649;2.412366,297;560,obstacle:1
pop,1442,3673,1461,900.0,,,2.394762;2.270226,49;475,
push,1442,7254,3673,1000.0,200.00000000000006,1200.0,2.350609;2.355229,50;481,
push,1442,7255,3673,1000.0,200.00000000000006,1200.0,2.350609;2.4332,50;396,
push,1442,7256,3673,1000.0,300.0000000000001,1300.0,2.350609;2.412366,50;560,
pop,1443,3669,1468,900.0,,,2.394762;2.270226,44;475,
push,1443,7257,3669,1000.0,200.00000000000006,1200.0,2.350609;2.355229,50;481,
push,1443,7258,3669,1000.0,200.00000000000006,1200.0,0.911124;2.355229,135;481,
push,1443,7259,3669,1000.0,200.00000000000006,1200.0,2.350609;2.4332,50;396,
push,1443,7260,3669,1000.0,200.00000000000006,1200.0,0.911124;2.4332,135;396,
push,1443,7261,3669,1000.0,300.0000000000001,1300.0,2.350609;2.412366,50;560,
push,1443,7262,3669,1000.0,300.0000000000001,1300.0,0.911124;2.412366,135;560,
pop,1444,3662,1467,900.0,,,2.411382;2.270226,213;475,
push,1444,7263,3662,1000.0,200.00000000000006,1200.0,2.531779;2.355229,302;481,
push,1444,7264,3662,1000.0,200.00000000000006,1200.0,0.913615;2.355229,218;481,
prune,1444,0,3662,1000.0,,,2.522649;2.355229,297;481,obstacle:1
push,1444,7265,3662,1000.0,200.00000000000006,1200.0,2.531779;2.4332,302;396,
push,1444,7266,3662,1000.0,200.00000000000006,1200.0,0.913615;2.4332,218;396,
prune,1444,0,3662,1000.0,,,2.522649;2.4332,297;396,obstacle:1
push,1444,7267,3662,1000.0,300.0000000000001,1300.0,2.531779;2.412366,302;560,
push,1444,7268,3662,1000.0,300.0000000000001,1300.0,0.913615;2.412366,218;560,
prune,1444,0,3662,1000.0,,,2.522649;2.412366,297;560,obstacle:1
pop,1445,3657,1462,900.0,,,2.394762;2.270226,44;475,
push,1445,7269,3657,1000.0,200.00000000000006,1200.0,2.350609;2.355229,50;481,
push,1445,7270,3657,1000.0,200.00000000000006,1200.0,0.911124;2.355229,135;481,
push,1445,7271,3657,1000.0,200.00000000000006,1200.0,2.350609;2.4332,50;396,
push,1445,7272,3657,1000.0,200.00000000000006,1200.0,0.911124;2.4332,135;396,
push,1445,7273,3657,1000.0,300.0000000000001,1300.0,2.350609;2.412366,50;560,
push,1445,7274,3657,1000.0,300.0000000000001,1300.0,0.911124;2.412366,135;560,
pop,1446,3660,1467,900.0,,,0.903241;2.270226,134;475,
push,1446,7275,3660,1000.0,200.00000000000006,1200.0,0.732852;2.355229,140;481,
push,1446,7276,3660,1000.0,200.00000000000006,1200.0,1.13521;2.355229,55;481,
push,1446,7277,3660,1000.0,200.00000000000006,1200.0,0.741549;2.355229,219;481,
push,1446,7278,3660,1000.0,200.00000000000006,1200.0,0.732852;2.4332,140;396,
push,1446,7279,3660,1000.0,200.00000000000006,1200.0,1.13521;2.4332,55;396,
push,1446,7280,3660,1000.0,200.00000000000006,1200.0,0.741549;2.4332,219;396,
push,1446,7281,3660,1000.0,300.0000000000001,1300.0,0.732852;2.412366,140;560,
push,1446,7282,3660,1000.0,300.0000000000001,1300.0,1.13521;2.412366,55;560,
push,1446,7283,3660,1000.0,300.0000000000001,1300.0,0.741549;2.412366,219;560,
pop,1447,3661,1467,900.0,,,2.394762;2.270226,49;475,
push,1447,7284,3661,1000.0,200.00000000000006,1200.0,2.350609;2.355229,50;481,
push,1447,7285,3661,1000.0,200.00000000000006,1200.0,2.350609;2.4332,50;396,
push,1447,7286,3661,1000.0,300.0000000000001,1300.0,2.350609;2.412366,50;560,
pop,1448,3654,1473,900.0,,,2.399601;2.270226,338;475,
push,1448,7287,3654,1000.0,200.00000000000006,1200.0,2.522055;2.355229,428;481,
push,1448,7288,3654,1000.0,200.00000000000006,1200.0,2.519974;2.355229,343;481,
push,1448,7289,3654,1000.0,200.00000000000006,1200.0,2.493881;2.355229,423;481,
push,1448,7290,3654,1000.0,200.00000000000006,1200.0,2.522055;2.4332,428;396,
push,1448,7291,3654,1000.0,200.00000000000006,1200.0,2.519974;2.4332,343;396,
push,1448,7292,3654,1000.0,200.00000000000006,1200.0,2.493881;2.4332,423;396,
push,1448,7293,3654,1000.0,300.0000000000001,1300.0,2.522055;2.412366,428;560,
push,1448,7294,3654,1000.0,300.0000000000001,1300.0,2.519974;2.412366,343;560,
push,1448,7295,3654,1000.0,300.0000000000001,1300.0,2.493881;2.412366,423;560,
pop,1449,3649,1474,900.0,,,2.399601;2.270226,339;475,
push,1449,7296,3649,1000.0,200.00000000000006,1200.0,2.493881;2.355229,423;481,
push,1449,7297,3649,1000.0,200.00000000000006,1200.0,2.522055;2.355229,428;481,
push,1449,7298,3649,1000.0,200.00000000000006,1200.0,2.493881;2.4332,423;396,
push,1449,7299,3649,1000.0,200.00000000000006,1200.0,2.522055;2.4332,428;396,
push,1449,7300,3649,1000.0,300.0000000000001,1300.0,2.493881;2.412366,423;560,
push,1449,7301,3649,1000.0,300.0000000000001,1300.0,2.522055;2.412366,428;560,
pop,1450,3648,1474,900.0,,,2.420764;2.270226,344;475,
push,1450,7302,3648,1000.0,200.00000000000006,1200.0,2.531239;2.355229,434;481,
push,1450,7303,3648,1000.0,200.00000000000006,1200.0,2.538289;2.355229,349;481,
push,1450,7304,3648,1000.0,200.00000000000006,1200.0,2.522055;2.355229,429;481,
push,1450,7305,3648,1000.0,200.00000000000006,1200.0,2.531239;2.4332,434;396,
push,1450,7306,3648,1000.0,200.00000000000006,1200.0,2.538289;2.4332,349;396,
push,1450,7307,3648,1000.0,200.00000000000006,1200.0,2.522055;2.4332,429;396,
push,1450,7308,3648,1000.0,300.0000000000001,1300.0,2.531239;2.412366,434;560,
push,1450,7309,3648,1000.0,300.0000000000001,1300.0,2.538289;2.412366,349;560,
push,1450,7310,3648,1000.0,300.0000000000001,1300.0,2.522055;2.412366,429;560,
pop,1451,3642,1479,900.0,,,2.198211;2.270226,50;475,
push,1451,7311,3642,1000.0,200.00000000000006,1200.0,2.294681;2.355229,56;481,
push,1451,7312,3642,1000.0,200.00000000000006,1200.0,0.902313;2.355229,141;481,
push,1451,7313,3642,1000.0,200.00000000000006,1200.0,2.294681;2.4332,56;396,
push,1451,7314,3642,1000.0,200.00000000000006,1200.0,0.902313;2.4332,141;396,
push,1451,7315,3642,1000.0,300.0000000000001,1300.0,2.294681;2.412366,56;560,
push,1451,7316,3642,1000.0,300.0000000000001,1300.0,0.902313;2.412366,141;560,
pop,1452,3643,1479,900.0,,,0.903241;2.270226,135;475,
push,1452,7317,3643,1000.0,200.00000000000006,1200.0,0.741549;2.355229,219;481,
push,1452,7318,3643,1000.0,200.00000000000006,1200.0,0.732852;2.355229,140;481,
push,1452,7319,3643,1000.0,200.00000000000006,1200.0,1.150423;2.355229,214;481,
push,1452,7320,3643,1000.0,200.00000000000006,1200.0,0.741549;2.4332,219;396,
push,1452,7321,3643,1000.0,200.00000000000006,1200.0,0.732852;2.4332,140;396,
push,1452,7322,3643,1000.0,200.00000000000006,1200.0,1.150423;2.4332,214;396,
push,1452,7323,3643,1000.0,300.0000000000001,1300.0,0.741549;2.412366,219;560,
push,1452,7324,3643,1000.0,300.0000000000001,1300.0,0.732852;2.412366,140;560,
push,1452,7325,3643,1000.0,300.0000000000001,1300.0,1.150423;2.412366,214;560,
pop,1453,3635,1485,900.0,,,2.418411;2.270226,256;475,
push,1453,7326,3635,1000.0,200.00000000000006,1200.0,2.538289;2.355229,338;481,
push,1453,7327,3635,1000.0,200.00000000000006,1200.0,2.538289;2.4332,338;396,
push,1453,7328,3635,1000.0,300.0000000000001,1300.0,2.538289;2.412366,338;560,
pop,1454,3633,1485,900.0,,,2.428817;2.270226,260;475,
push,1454,7329,3633,1000.0,200.00000000000006,1200.0,2.538289;2.355229,344;481,
push,1454,7330,3633,1000.0,200.00000000000006,1200.0,2.538289;2.355229,339;481,
push,1454,7331,3633,1000.0,200.00000000000006,1200.0,2.538289;2.4332,344;396,
push,1454,7332,3633,1000.0,200.00000000000006,1200.0,2.538289;2.4332,339;396,
push,1454,7333,3633,1000.0,300.0000000000001,1300.0,2.538289;2.412366,344;560,
push,1454,7334,3633,1000.0,300.0000000000001,1300.0,2.538289;2.412366,339;560,
pop,1455,3634,1485,900.0,,,2.416051;2.270226,176;475,
push,1455,7335,3634,1000.0,200.00000000000006,1200.0,2.515798;2.355229,182;481,
push,1455,7336,3634,1000.0,200.00000000000006,1200.0,2.527119;2.355229,103;481,
push,1455,7337,3634,1000.0,200.00000000000006,1200.0,2.536248;2.355229,266;481,
push,1455,7338,3634,1000.0,200.00000000000006,1200.0,2.515798;2.4332,182;396,
push,1455,7339,3634,1000.0,200.00000000000006,1200.0,2.527119;2.4332,103;396,
push,1455,7340,3634,1000.0,200.00000000000006,1200.0,2.536248;2.4332,266;396,
push,1455,7341,3634,1000.0,300.0000000000001,1300.0,2.515798;2.412366,182;560,
push,1455,7342,3634,1000.0,300.0000000000001,1300.0,2.527119;2.412366,103;560,
push,1455,7343,3634,1000.0,300.0000000000001,1300.0,2.536248;2.412366,266;560,
pop,1456,3624,1482,900.0,,,0.903241;2.270226,134;475,
push,1456,7344,3624,1000.0,200.00000000000006,1200.0,0.732852;2.355229,140;481,
push,1456,7345,3624,1000.0,200.00000000000006,1200.0,1.13521;2.355229,55;481,
push,1456,7346,3624,1000.0,200.00000000000006,1200.0,0.741549;2.355229,219;481,
push,1456,7347,3624,1000.0,200.00000000000006,1200.0,0.732852;2.4332,140;396,
push,1456,7348,3624,1000.0,200.00000000000006,1200.0,1.13521;2.4332,55;396,
push,1456,7349,3624,1000.0,200.00000000000006,1200.0,0.741549;2.4332,219;396,
push,1456,7350,3624,1000.0,300.0000000000001,1300.0,0.732852;2.412366,140;560,
push,1456,7351,3624,1000.0,300.0000000000001,1300.0,1.13521;2.412366,55;560,
push,1456,7352,3624,1000.0,300.0000000000001,1300.0,0.741549;2.412366,219;560,
pop,1457,3626,1482,900.0,,,2.411382;2.270226,213;475,
push,1457,7353,3626,1000.0,200.00000000000006,1200.0,2.531779;2.355229,302;481,
push,1457,7354,3626,1000.0,200.00000000000006,1200.0,0.913615;2.355229,218;481,
prune,1457,0,3626,1000.0,,,2.522649;2.355229,297;481,obstacle:1
push,1457,7355,3626,1000.0,200.00000000000006,1200.0,2.531779;2.4332,302;396,
push,1457,7356,3626,1000.0,200.00000000000006,1200.0,0.913615;2.4332,218;396,
prune,1457,0,3626,1000.0,,,2.522649;2.4332,297;396,obstacle:1
push,1457,7357,3626,1000.0,300.0000000000001,1300.0,2.531779;2.412366,302;560,
push,1457,7358,3626,1000.0,300.0000000000001,1300.0,0.913615;2.412366,218;560,
prune,1457,0,3626,1000.0,,,2.522649;2.412366,297;560,obstacle:1
pop,1458,3625,1482,900.0,,,2.394762;2.270226,49;475,
push,1458,7359,3625,1000.0,200.00000000000006,1200.0,2.350609;2.355229,50;481,
push,1458,7360,3625,1000.0,200.00000000000006,1200.0,2.350609;2.4332,50;396,
push,1458,7361,3625,1000.0,300.0000000000001,1300.0,2.350609;2.412366,50;560,
pop,1459,3619,1489,900.0,,,0.903241;2.270226,134;475,
push,1459,7362,3619,1000.0,200.00000000000006,1200.0,0.732852;2.355229,140;481,
push,1459,7363,3619,1000.0,200.00000000000006,1200.0,1.13521;2.355229,55;481,
push,1459,7364,3619,1000.0,200.00000000000006,1200.0,0.741549;2.355229,219;481,
push,1459,7365,3619,1000.0,200.00000000000006,1200.0,0.732852;2.4332,140;396,
push,1459,7366,3619,1000.0,200.00000000000006,1200.0,1.13521;2.4332,55;396,
push,1459,7367,3619,1000.0,200.00000000000006,1200.0,0.741549;2.4332,219;396,
push,1459,7368,3619,1000.0,300.0000000000001,1300.0,0.732852;2.412366,140;560,
push,1459,7369,3619,1000.0,300.0000000000001,1300.0,1.13521;2.412366,55;560,
push,1459,7370,3619,1000.0,300.0000000000001,1300.0,0.741549;2.412366,219;560,
pop,1460,3618,1489,900.0,,,2.411382;2.270226,213;475,
push,1460,7371,3618,1000.0,200.00000000000006,1200.0,2.531779;2.355229,302;481,
push,1460,7372,3618,1000.0,200.00000000000006,1200.0,0.913615;2.355229,218;481,
prune,1460,0,3618,1000.0,,,2.522649;2.355229,297;481,obstacle:1
push,1460,7373,3618,1000.0,200.00000000000006,1200.0,2.531779;2.4332,302;396,
push,1460,7374,3618,1000.0,200.00000000000006,1200.0,0.913615;2.4332,218;396,
prune,1460,0,3618,1000.0,,,2.522649;2.4332,297;396,obstacle:1
push,1460,7375,3618,1000.0,300.0000000000001,1300.0,2.531779;2.412366,302;560,
push,1460,7376,3618,1000.0,300.0000000000001,1300.0,0.913615;2.412366,218;560,
prune,1460,0,3618,1000.0,,,2.522649;2.412366,297;560,obstacle:1
pop,1461,3612,1488,900.0,,,2.198211;2.270226,50;475,
push,1461,7377,3612,1000.0,200.00000000000006,1200.0,2.294681;2.355229,56;481,
push,1461,7378,3612,1000.0,200.00000000000006,1200.0,0.902313;2.355229,141;481,
push,1461,7379,3612,1000.0,200.00000000000006,1200.0,2.294681;2.4332,56;396,
push,1461,7380,3612,1000.0,200.00000000000006,1200.0,0.902313;2.4332,141;396,
push,1461,7381,3612,1000.0,300.0000000000001,1300.0,2.294681;2.412366,56;560,
push,1461,7382,3612,1000.0,300.0000000000001,1300.0,0.902313;2.412366,141;560,
pop,1462,3613,1488,900.0,,,0.903241;2.270226,135;475,
push,1462,7383,3613,1000.0,200.00000000000006,1200.0,0.741549;2.355229,219;481,
push,1462,7384,3613,1000.0,200.00000000000006,1200.0,0.732852;2.355229,140;481,
push,1462,7385,3613,1000.0,200.00000000000006,1200.0,1.150423;2.355229,214;481,
push,1462,7386,3613,1000.0,200.00000000000006,1200.0,0.741549;2.4332,219;396,
push,1462,7387,3613,1000.0,200.00000000000006,1200.0,0.732852;2.4332,140;396,
push,1462,7388,3613,1000.0,200.00000000000006,1200.0,1.150423;2.4332,214;396,
push,1462,7389,3613,1000.0,300.0000000000001,1300.0,0.741549;2.412366,219;560,
push,1462,7390,3613,1000.0,300.0000000000001,1300.0,0.732852;2.412366,140;560,
push,1462,7391,3613,1000.0,300.0000000000001,1300.0,1.150423;2.412366,214;560,
pop,1463,3600,1495,900.0,,,2.411382;2.270226,213;475,
push,1463,7392,3600,1000.0,200.00000000000006,1200.0,2.531779;2.355229,302;481,
push,1463,7393,3600,1000.0,200.00000000000006,1200.0,0.913615;2.355229,218;481,
prune,1463,0,3600,1000.0,,,2.522649;2.355229,297;481,obstacle:1
push,1463,7394,3600,1000.0,200.00000000000006,1200.0,2.531779;2.4332,302;396,
push,1463,7395,3600,1000.0,200.00000000000006,1200.0,0.913615;2.4332,218;396,
prune,1463,0,3600,1000.0,,,2.522649;2.4332,297;396,obstacle:1
push,1463,7396,3600,1000.0,300.0000000000001,1300.0,2.531779;2.412366,302;560,
push,1463,7397,3600,1000.0,300.0000000000001,1300.0,0.913615;2.412366,218;560,
prune,1463,0,3600,1000.0,,,2.522649;2.412366,297;560,obstacle:1
pop,1464,3606,1494,900.0,,,2.198211;2.270226,50;475,
push,1464,7398,3606,1000.0,200.00000000000006,1200.0,2.294681;2.355229,56;481,
push,1464,7399,3606,1000.0,200.00000000000006,1200.0,0.902313;2.355229,141;481,
push,1464,7400,3606,1000.0,200.00000000000006,1200.0,2.294681;2.4332,56;396,
push,1464,7401,3606,1000.0,200.00000000000006,1200.0,0.902313;2.4332,141;396,
push,1464,7402,3606,1000.0,300.0000000000001,1300.0,2.294681;2.412366,56;560,
push,1464,7403,3606,1000.0,300.0000000000001,1300.0,0.902313;2.412366,141;560,
pop,1465,3607,1494,900.0,,,0.903241;2.270226,135;475,
push,1465,7404,3607,1000.0,200.00000000000006,1200.0,0.741549;2.355229,219;481,
push,1465,7405,3607,1000.0,200.00000000000006,1200.0,0.732852;2.355229,140;481,
push,1465,7406,3607,1000.0,200.00000000000006,1200.0,1.150423;2.355229,214;481,
push,1465,7407,3607,1000.0,200.00000000000006,1200.0,0.741549;2.4332,219;396,
push,1465,7408,3607,1000.0,200.00000000000006,1200.0,0.732852;2.4332,140;396,
push,1465,7409,3607,1000.0,200.00000000000006,1200.0,1.150423;2.4332,214;396,
push,1465,7410,3607,1000.0,300.0000000000001,1300.0,0.741549;2.412366,219;560,
push,1465,7411,3607,1000.0,300.0000000000001,1300.0,0.732852;2.412366,140;560,
push,1465,7412,3607,1000.0,300.0000000000001,1300.0,1.150423;2.412366,214;560,
pop,1466,3601,1495,900.0,,,0.903241;2.270226,134;475,
push,1466,7413,3601,1000.0,200.00000000000006,1200.0,0.732852;2.355229,140;481,
push,1466,7414,3601,1000.0,200.00000000000006,1200.0,1.13521;2.355229,55;481,
push,1466,7415,3601,1000.0,200.00000000000006,1200.0,0.741549;2.355229,219;481,
push,1466,7416,3601,1000.0,200.00000000000006,1200.0,0.732852;2.4332,140;396,
push,1466,7417,3601,1000.0,200.00000000000006,1200.0,1.13521;2.4332,55;396,
push,1466,7418,3601,1000.0,200.00000000000006,1200.0,0.741549;2.4332,219;396,
push,1466,7419,3601,1000.0,300.0000000000001,1300.0,0.732852;2.412366,140;560,
push,1466,7420,3601,1000.0,300.0000000000001,1300.0,1.13521;2.412366,55;560,
push,1466,7421,3601,1000.0,300.0000000000001,1300.0,0.741549;2.412366,219;560,
pop,1467,3595,1501,900.0,,,0.903241;2.270226,134;475,
push,1467,7422,3595,1000.0,200.00000000000006,1200.0,0.732852;2.355229,140;481,
push,1467,7423,3595,1000.0,200.00000000000006,1200.0,1.13521;2.355229,55;481,
push,1467,7424,3595,1000.0,200.00000000000006,1200.0,0.741549;2.355229,219;481,
push,1467,7425,3595,1000.0,200.00000000000006,1200.0,0.732852;2.4332,140;396,
push,1467,7426,3595,1000.0,200.00000000000006,1200.0,1.13521;2.4332,55;396,
push,1467,7427,3595,1000.0,200.00000000000006,1200.0,0.741549;2.4332,219;396,
push,1467,7428,3595,1000.0,300.0000000000001,1300.0,0.732852;2.412366,140;560,
push,1467,7429,3595,1000.0,300.0000000000001,1300.0,1.13521;2.412366,55;560,
push,1467,7430,3595,1000.0,300.0000000000001,1300.0,0.741549;2.412366,219;560,
pop,1468,3594,1501,900.0,,,2.411382;2.270226,213;475,
push,1468,7431,3594,1000.0,200.00000000000006,1200.0,2.531779;2.355229,302;481,
push,1468,7432,3594,1000.0,200.00000000000006,1200.0,0.913615;2.355229,218;481,
prune,1468,0,3594,1000.0,,,2.522649;2.355229,297;481,obstacle:1
push,1468,7433,3594,1000.0,200.00000000000006,1200.0,2.531779;2.4332,302;396,
push,1468,7434,3594,1000.0,200.00000000000006,1200.0,0.913615;2.4332,218;396,
prune,1468,0,3594,1000.0,,,2.522649;2.4332,297;396,obstacle:1
push,1468,7435,3594,1000.0,300.0000000000001,1300.0,2.531779;2.412366,302;560,
push,1468,7436,3594,1000.0,300.0000000000001,1300.0,0.913615;2.412366,218;560,
prune,1468,0,3594,1000.0,,,2.522649;2.412366,297;560,obstacle:1
pop,1469,3588,1500,900.0,,,2.198211;2.270226,50;475,
push,1469,7437,3588,1000.0,200.00000000000006,1200.0,2.294681;2.355229,56;481,
push,1469,7438,3588,1000.0,200.00000000000006,1200.0,0.902313;2.355229,141;481,
push,1469,7439,3588,1000.0,200.00000000000006,1200.0,2.294681;2.4332,56;396,
push,1469,7440,3588,1000.0,200.00000000000006,1200.0,0.902313;2.4332,141;396,
push,1469,7441,3588,1000.0,300.0000000000001,1300.0,2.294681;2.412366,56;560,
push,1469,7442,3588,1000.0,300.0000000000001,1300.0,0.902313;2.412366,141;560,
pop,1470,3589,1500,900.0,,,0.903241;2.270226,135;475,
push,1470,7443,3589,1000.0,200.00000000000006,1200.0,0.741549;2.355229,219;481,
push,1470,7444,3589,1000.0,200.00000000000006,1200.0,0.732852;2.355229,140;481,
push,1470,7445,3589,1000.0,200.00000000000006,1200.0,1.150423;2.355229,214;481,
push,1470,7446,3589,1000.0,200.00000000000006,1200.0,0.741549;2.4332,219;396,
push,1470,7447,3589,1000.0,200.00000000000006,1200.0,0.732852;2.4332,140;396,
push,1470,7448,3589,1000.0,200.00000000000006,1200.0,1.150423;2.4332,214;396,
push,1470,7449,3589,1000.0,300.0000000000001,1300.0,0.741549;2.412366,219;560,
push,1470,7450,3589,1000.0,300.0000000000001,1300.0,0.732852;2.412366,140;560,
push,1470,7451,3589,1000.0,300.0000000000001,1300.0,1.150423;2.412366,214;560,
pop,1471,3583,1506,900.0,,,2.420764;2.270226,345;475,
push,1471,7452,3583,1000.0,200.00000000000006,1200.0,2.522055;2.355229,429;481,
push,1471,7453,3583,1000.0,200.00000000000006,1200.0,2.531239;2.355229,434;481,
push,1471,7454,3583,1000.0,200.00000000000006,1200.0,2.538289;2.355229,340;481,
push,1471,7455,3583,1000.0,200.00000000000006,1200.0,2.522055;2.4332,429;396,
push,1471,7456,3583,1000.0,200.00000000000006,1200.0,2.531239;2.4332,434;396,
push,1471,7457,3583,1000.0,200.00000000000006,1200.0,2.538289;2.4332,340;396,
push,1471,7458,3583,1000.0,300.0000000000001,1300.0,2.522055;2.412366,429;560,
push,1471,7459,3583,1000.0,300.0000000000001,1300.0,2.531239;2.412366,434;560,
push,1471,7460,3583,1000.0,300.0000000000001,1300.0,2.538289;2.412366,340;560,
pop,1472,3582,1506,900.0,,,2.420764;2.270226,350;475,
push,1472,7461,3582,1000.0,200.00000000000006,1200.0,2.522055;2.355229,440;481,
prune,1472,0,3582,1000.0,,,2.538289;2.355229,355;481,obstacle:1
push,1472,7462,3582,1000.0,200.00000000000006,1200.0,2.531239;2.355229,435;481,
push,1472,7463,3582,1000.0,200.00000000000006,1200.0,2.522055;2.4332,440;396,
prune,1472,0,3582,1000.0,,,2.538289;2.4332,355;396,obstacle:1
push,1472,7464,3582,1000.0,200.00000000000006,1200.0,2.531239;2.4332,435;396,
push,1472,7465,3582,1000.0,300.0000000000001,1300.0,2.522055;2.412366,440;560,
prune,1472,0,3582,1000.0,,,2.538289;2.412366,355;560,obstacle:1
push,1472,7466,3582,1000.0,300.0000000000001,1300.0,2.531239;2.412366,435;560,
pop,1473,3573,1508,900.0,,,2.399601;2.270226,339;475,
push,1473,7467,3573,1000.0,200.00000000000006,1200.0,2.493881;2.355229,423;481,
push,1473,7468,3573,1000.0,200.00000000000006,1200.0,2.522055;2.355229,428;481,
push,1473,7469,3573,1000.0,200.00000000000006,1200.0,2.493881;2.4332,423;396,
push,1473,7470,3573,1000.0,200.00000000000006,1200.0,2.522055;2.4332,428;396,
push,1473,7471,3573,1000.0,300.0000000000001,1300.0,2.493881;2.412366,423;560,
push,1473,7472,3573,1000.0,300.0000000000001,1300.0,2.522055;2.412366,428;560,
pop,1474,3574,1508,900.0,,,2.420764;2.270226,344;475,
push,1474,7473,3574,1000.0,200.00000000000006,1200.0,2.531239;2.355229,434;481,
push,1474,7474,3574,1000.0,200.00000000000006,1200.0,2.538289;2.355229,349;481,
push,1474,7475,3574,1000.0,200.00000000000006,1200.0,2.522055;2.355229,429;481,
push,1474,7476,3574,1000.0,200.00000000000006,1200.0,2.531239;2.4332,434;396,
push,1474,7477,3574,1000.0,200.00000000000006,1200.0,2.538289;2.4332,349;396,
push,1474,7478,3574,1000.0,200.00000000000006,1200.0,2.522055;2.4332,429;396,
push,1474,7479,3574,1000.0,300.0000000000001,1300.0,2.531239;2.412366,434;560,
push,1474,7480,3574,1000.0,300.0000000000001,1300.0,2.538289;2.412366,349;560,
push,1474,7481,3574,1000.0,300.0000000000001,1300.0,2.522055;2.412366,429;560,
pop,1475,3575,1508,900.0,,,2.418411;2.270226,257;475,
pop,1476,3561,1517,900.0,,,2.420764;2.270226,506;475,
push,1476,7482,3561,1000.0,200.00000000000006,1200.0,2.538289;2.355229,511;481,
push,1476,7483,3561,1000.0,200.00000000000006,1200.0,2.538289;2.4332,511;396,
push,1476,7484,3561,1000.0,300.0000000000001,1300.0,2.538289;2.412366,511;560,
pop,1477,3566,1515,900.0,,,2.420764;2.270226,507;475,
pop,1478,3564,1515,900.0,,,2.420764;2.270226,512;475,
push,1478,7485,3564,1000.0,200.00000000000006,1200.0,2.538289;2.355229,517;481,
push,1478,7486,3564,1000.0,200.00000000000006,1200.0,2.538289;2.4332,517;396,
push,1478,7487,3564,1000.0,300.0000000000001,1300.0,2.538289;2.412366,517;560,
pop,1479,3565,1515,900.0,,,2.428817;2.270226,433;475,
push,1479,7488,3565,1000.0,200.00000000000006,1200.0,2.536248;2.355229,439;481,
push,1479,7489,3565,1000.0,200.00000000000006,1200.0,2.538289;2.355229,354;481,
push,1479,7490,3565,1000.0,200.00000000000006,1200.0,2.538289;2.355229,518;481,
push,1479,7491,3565,1000.0,200.00000000000006,1200.0,2.536248;2.4332,439;396,
push,1479,7492,3565,1000.0,200.00000000000006,1200.0,2.538289;2.4332,354;396,
push,1479,7493,3565,1000.0,200.00000000000006,1200.0,2.538289;2.4332,518;396,
push,1479,7494,3565,1000.0,300.0000000000001,1300.0,2.536248;2.412366,439;560,
push,1479,7495,3565,1000.0,300.0000000000001,1300.0,2.538289;2.412366,354;560,
push,1479,7496,3565,1000.0,300.0000000000001,1300.0,2.538289;2.412366,518;560,
pop,1480,3552,1516,900.0,,,2.416051;2.270226,349;475,
prune,1480,0,3552,1000.0,,,2.515798;2.355229,355;481,obstacle:1
prune,1480,0,3552,1000.0,,,2.527119;2.355229,276;481,obstacle:1
push,1480,7497,3552,1000.0,200.00000000000006,1200.0,2.536248;2.355229,440;481,
prune,1480,0,3552,1000.0,,,2.515798;2.4332,355;396,obstacle:1
prune,1480,0,3552,1000.0,,,2.527119;2.4332,276;396,obstacle:1
push,1480,7498,3552,1000.0,200.00000000000006,1200.0,2.536248;2.4332,440;396,
prune,1480,0,3552,1000.0,,,2.515798;2.412366,355;560,obstacle:1
prune,1480,0,3552,1000.0,,,2.527119;2.412366,276;560,obstacle:1
push,1480,7499,3552,1000.0,300.0000000000001,1300.0,2.536248;2.412366,440;560,
pop,1481,3554,1516,900.0,,,2.428817;2.270226,434;475,
push,1481,7500,3554,1000.0,200.00000000000006,1200.0,2.538289;2.355229,518;481,
push,1481,7501,3554,1000.0,200.00000000000006,1200.0,2.536248;2.355229,439;481,
push,1481,7502,3554,1000.0,200.00000000000006,1200.0,2.538289;2.355229,513;481,
push,1481,7503,3554,1000.0,200.00000000000006,1200.0,2.538289;2.4332,518;396,
push,1481,7504,3554,1000.0,200.00000000000006,1200.0,2.536248;2.4332,439;396,
push,1481,7505,3554,1000.0,200.00000000000006,1200.0,2.538289;2.4332,513;396,
push,1481,7506,3554,1000.0,300.0000000000001,1300.0,2.538289;2.412366,518;560,
push,1481,7507,3554,1000.0,300.0000000000001,1300.0,2.536248;2.412366,439;560,
push,1481,7508,3554,1000.0,300.0000000000001,1300.0,2.538289;2.412366,513;560,
pop,1482,3553,1516,900.0,,,2.418411;2.270226,270;475,
push,1482,7509,3553,1000.0,200.00000000000006,1200.0,2.538289;2.355229,180;481,
prune,1482,0,3553,1000.0,,,2.527119;2.355229,271;481,obstacle:1
push,1482,7510,3553,1000.0,200.00000000000006,1200.0,2.538289;2.4332,180;396,
prune,1482,0,3553,1000.0,,,2.527119;2.4332,271;396,obstacle:1
push,1482,7511,3553,1000.0,300.0000000000001,1300.0,2.538289;2.412366,180;560,
prune,1482,0,3553,1000.0,,,2.527119;2.412366,271;560,obstacle:1
pop,1483,3543,1524,900.0,,,0.726929;2.270226,140;475,
push,1483,7512,3543,1000.0,200.00000000000006,1200.0,0.964921;2.355229,146;481,
push,1483,7513,3543,1000.0,200.00000000000006,1200.0,1.014793;2.355229,61;481,
push,1483,7514,3543,1000.0,200.00000000000006,1200.0,1.018062;2.355229,225;481,
push,1483,7515,3543,1000.0,200.00000000000006,1200.0,0.964921;2.4332,146;396,
push,1483,7516,3543,1000.0,200.00000000000006,1200.0,1.014793;2.4332,61;396,
push,1483,7517,3543,1000.0,200.00000000000006,1200.0,1.018062;2.4332,225;396,
push,1483,7518,3543,1000.0,300.0000000000001,1300.0,0.964921;2.412366,146;560,
push,1483,7519,3543,1000.0,300.0000000000001,1300.0,1.014793;2.412366,61;560,
push,1483,7520,3543,1000.0,300.0000000000001,1300.0,1.018062;2.412366,225;560,
pop,1484,3545,1524,900.0,,,0.73931;2.270226,219;475,
push,1484,7521,3545,1000.0,200.00000000000006,1200.0,0.992847;2.355229,308;481,
push,1484,7522,3545,1000.0,200.00000000000006,1200.0,1.003897;2.355229,224;481,
push,1484,7523,3545,1000.0,200.00000000000006,1200.0,1.018721;2.355229,303;481,
push,1484,7524,3545,1000.0,200.00000000000006,1200.0,0.992847;1.587402,308;396,
push,1484,7525,3545,1000.0,200.00000000000006,1200.0,1.003897;2.4332,224;396,
push,1484,7526,3545,1000.0,200.00000000000006,1200.0,1.018721;2.4332,303;396,
push,1484,7527,3545,1000.0,300.0000000000001,1300.0,0.992847;2.412366,308;560,
push,1484,7528,3545,1000.0,300.0000000000001,1300.0,1.003897;2.412366,224;560,
push,1484,7529,3545,1000.0,300.0000000000001,1300.0,1.018721;2.412366,303;560,
pop,1485,7524,3545,1000.0,,,0.992847;1.587402,308;396,
push,1485,7530,7524,1100.0,200.00000000000006,1300.0,1.168902;1.777398,392;318,
push,1485,7531,7524,1100.0,200.00000000000006,1300.0,1.258045;1.357742,313;318,
push,1485,7532,7524,1100.0,200.00000000000006,1300.0,1.2655;1.7774,387;318,
push,1485,7533,7524,1100.0,399.99999999999994,1500.0,1.168902;1.711699,392;311,
push,1485,7534,7524,1100.0,399.99999999999994,1500.0,1.258045;1.711699,313;311,
push,1485,7535,7524,1100.0,399.99999999999994,1500.0,1.2655;1.711699,387;311,
push,1485,7536,7524,1100.0,100.00000000000004,1200.0,1.168902;1.772041,392;397,
push,1485,7537,7524,1100.0,100.00000000000004,1200.0,1.258045;1.772041,313;397,
push,1485,7538,7524,1100.0,100.00000000000004,1200.0,1.2655;1.772041,387;397,
pop,1486,7536,7524,1100.0,,,1.168902;1.772041,392;397,
push,1486,7539,7536,1200.0,4.263256414560601e-14,1200.0,1.314343;1.920137,482;403,
push,1486,7540,7536,1200.0,4.263256414560601e-14,1200.0,1.432833;1.920137,397;403,
push,1486,7541,7536,1200.0,4.263256414560601e-14,1200.0,1.437897;1.920137,477;403,
push,1486,7542,7536,1200.0,499.99999999999994,1700.0,1.314343;1.944815,482;324,
push,1486,7543,7536,1200.0,499.99999999999994,1700.0,1.432833;1.944815,397;324,
push,1486,7544,7536,1200.0,499.99999999999994,1700.0,1.437897;1.944815,477;324,
push,1486,7545,7536,1200.0,500.0000000000001,1700.0,1.314343;1.895534,482;488,
push,1486,7546,7536,1200.0,500.0000000000001,1700.0,1.432833;1.895534,397;488,
push,1486,7547,7536,1200.0,500.0000000000001,1700.0,1.437897;1.895534,477;488,
pop,1487,7537,7524,1100.0,,,1.258045;1.772041,313;397,
push,1487,7548,7537,1200.0,4.263256414560601e-14,1200.0,1.436677;1.920137,319;403,
push,1487,7549,7537,1200.0,4.263256414560601e-14,1200.0,1.488783;1.920137,235;403,
push,1487,7550,7537,1200.0,4.263256414560601e-14,1200.0,1.432833;1.920137,398;403,
push,1487,7551,7537,1200.0,499.99999999999994,1700.0,1.436677;1.526619,319;324,
push,1487,7552,7537,1200.0,499.99999999999994,1700.0,1.488783;1.944815,235;324,
push,1487,7553,7537,1200.0,499.99999999999994,1700.0,1.432833;1.944815,398;324,
push,1487,7554,7537,1200.0,500.0000000000001,1700.0,1.436677;1.895534,319;488,
push,1487,7555,7537,1200.0,500.0000000000001,1700.0,1.488783;1.895534,235;488,
push,1487,7556,7537,1200.0,500.0000000000001,1700.0,1.432833;1.895534,398;488,
pop,1488,7538,7524,1100.0,,,1.2655;1.772041,387;397,
push,1488,7557,7538,1200.0,4.263256414560601e-14,1200.0,1.446673;1.920137,471;403,
push,1488,7558,7538,1200.0,4.263256414560601e-14,1200.0,1.437897;1.920137,476;403,
push,1488,7559,7538,1200.0,4.263256414560601e-14,1200.0,1.488783;1.920137,382;403,
push,1488,7560,7538,1200.0,499.99999999999994,1700.0,1.446673;1.944815,471;324,
push,1488,7561,7538,1200.0,499.99999999999994,1700.0,1.437897;1.944815,476;324,
push,1488,7562,7538,1200.0,499.99999999999994,1700.0,1.488783;1.944815,382;324,
push,1488,7563,7538,1200.0,500.0000000000001,1700.0,1.446673;1.895534,471;488,
push,1488,7564,7538,1200.0,500.0000000000001,1700.0,1.437897;1.895534,476;488,
push,1488,7565,7538,1200.0,500.0000000000001,1700.0,1.488783;1.895534,382;488,
pop,1489,7539,7536,1200.0,,,1.314343;1.920137,482;403,
prune,1489,7539,7536,1200.0,,,1.314343;1.920137,482;403,goal_spline
pop,1490,7540,7536,1200.0,,,1.432833;1.920137,397;403,
prune,1490,7540,7536,1200.0,,,1.432833;1.920137,397;403,goal_spline
pop,1491,7541,7536,1200.0,,,1.437897;1.920137,477;403,
prune,1491,7541,7536,1200.0,,,1.437897;1.920137,477;403,goal_spline
pop,1492,7548,7537,1200.0,,,1.436677;1.920137,319;403,
prune,1492,7548,7537,1200.0,,,1.436677;1.920137,319;403,goal_spline
pop,1493,7549,7537,1200.0,,,1.488783;1.920137,235;403,
prune,1493,7549,7537,1200.0,,,1.488783;1.920137,235;403,goal_spline
pop,1494,7550,7537,1200.0,,,1.432833;1.920137,398;403,
prune,1494,7550,7537,1200.0,,,1.432833;1.920137,398;403,goal_spline
pop,1495,7557,7538,1200.0,,,1.446673;1.920137,471;403,
prune,1495,7557,7538,1200.0,,,1.446673;1.920137,471;403,goal_spline
pop,1496,7558,7538,1200.0,,,1.437897;1.920137,476;403,
prune,1496,7558,7538,1200.0,,,1.437897;1.920137,476;403,goal_spline
pop,1497,7559,7538,1200.0,,,1.488783;1.920137,382;403,
prune,1497,7559,7538,1200.0,,,1.488783;1.920137,382;403,goal_spline
pop,1498,3544,1524,900.0,,,1.124937;2.270226,55;475,
push,1498,7566,3544,1000.0,200.00000000000006,1200.0,1.341184;2.355229,56;481,
push,1498,7567,3544,1000.0,200.00000000000006,1200.0,1.341184;2.4332,56;396,
push,1498,7568,3544,1000.0,300.0000000000001,1300.0,1.341184;2.412366,56;560,
pop,1499,3538,1526,900.0,,,0.902229;2.270226,218;475,
push,1499,7569,3538,1000.0,200.00000000000006,1200.0,1.125371;2.355229,224;481,
push,1499,7570,3538,1000.0,200.00000000000006,1200.0,0.737753;2.355229,145;481,
push,1499,7571,3538,1000.0,200.00000000000006,1200.0,1.146544;2.355229,308;481,
push,1499,7572,3538,1000.0,200.00000000000006,1200.0,1.125371;2.4332,224;396,
push,1499,7573,3538,1000.0,200.00000000000006,1200.0,0.737753;2.4332,145;396,
push,1499,7574,3538,1000.0,200.00000000000006,1200.0,1.146544;1.774293,308;396,
push,1499,7575,3538,1000.0,300.0000000000001,1300.0,1.125371;2.412366,224;560,
push,1499,7576,3538,1000.0,300.0000000000001,1300.0,0.737753;2.412366,145;560,
push,1499,7577,3538,1000.0,300.0000000000001,1300.0,1.146544;2.412366,308;560,
pop,1500,7574,3538,1000.0,,,1.146544;1.774293,308;396,
push,1500,7578,7574,1100.0,200.00000000000006,1300.0,1.317798;1.937424,392;318,
push,1500,7579,7574,1100.0,200.00000000000006,1300.0,1.366511;1.457636,313;318,
push,1500,7580,7574,1100.0,200.00000000000006,1300.0,1.377004;1.937424,387;318,
push,1500,7581,7574,1100.0,399.99999999999994,1500.0,1.317798;1.896283,392;311,
push,1500,7582,7574,1100.0,399.99999999999994,1500.0,1.366511;1.896283,313;311,
push,1500,7583,7574,1100.0,399.99999999999994,1500.0,1.377004;1.896283,387;311,
push,1500,7584,7574,1100.0,100.00000000000004,1200.0,1.317798;1.929932,392;397,
push,1500,7585,7574,1100.0,100.00000000000004,1200.0,1.366511;1.929932,313;397,
push,1500,7586,7574,1100.0,100.00000000000004,1200.0,1.377004;1.929932,387;397,
pop,1501,7584,7574,1100.0,,,1.317798;1.929932,392;397,
push,1501,7587,7584,1200.0,4.263256414560601e-14,1200.0,1.458546;2.061408,482;403,
push,1501,7588,7584,1200.0,4.263256414560601e-14,1200.0,1.537599;2.061408,397;403,
push,1501,7589,7584,1200.0,4.263256414560601e-14,1200.0,1.544996;2.061408,477;403,
push,1501,7590,7584,1200.0,499.99999999999994,1700.0,1.458546;2.084127,482;324,
push,1501,7591,7584,1200.0,499.99999999999994,1700.0,1.537599;2.084127,397;324,
push,1501,7592,7584,1200.0,499.99999999999994,1700.0,1.544996;2.084127,477;324,
push,1501,7593,7584,1200.0,500.0000000000001,1700.0,1.458546;2.051349,482;488,
push,1501,7594,7584,1200.0,500.0000000000001,1700.0,1.537599;2.051349,397;488,
push,1501,7595,7584,1200.0,500.0000000000001,1700.0,1.544996;2.051349,477;488,
pop,1502,7585,7574,1100.0,,,1.366511;1.929932,313;397,
push,1502,7596,7585,1200.0,4.263256414560601e-14,1200.0,1.529185;2.061408,319;403,
push,1502,7597,7585,1200.0,4.263256414560601e-14,1200.0,1.575996;2.061408,235;403,
push,1502,7598,7585,1200.0,4.263256414560601e-14,1200.0,1.537599;2.061408,398;403,
push,1502,7599,7585,1200.0,499.99999999999994,1700.0,1.529185;1.613243,319;324,
push,1502,7600,7585,1200.0,499.99999999999994,1700.0,1.575996;2.084127,235;324,
push,1502,7601,7585,1200.0,499.99999999999994,1700.0,1.537599;2.084127,398;324,
push,1502,7602,7585,1200.0,500.0000000000001,1700.0,1.529185;2.051349,319;488,
push,1502,7603,7585,1200.0,500.0000000000001,1700.0,1.575996;2.051349,235;488,
push,1502,7604,7585,1200.0,500.0000000000001,1700.0,1.537599;2.051349,398;488,
pop,1503,7586,7574,1100.0,,,1.377004;1.929932,387;397,
push,1503,7605,7586,1200.0,4.263256414560601e-14,1200.0,1.544115;2.061408,471;403,
push,1503,7606,7586,1200.0,4.263256414560601e-14,1200.0,1.544996;2.061408,476;403,
push,1503,7607,7586,1200.0,4.263256414560601e-14,1200.0,1.575996;2.061408,382;403,
push,1503,7608,7586,1200.0,499.99999999999994,1700.0,1.544115;2.084127,471;324,
push,1503,7609,7586,1200.0,499.99999999999994,1700.0,1.544996;2.084127,476;324,
push,1503,7610,7586,1200.0,499.99999999999994,1700.0,1.575996;2.084127,382;324,
push,1503,7611,7586,1200.0,500.0000000000001,1700.0,1.544115;2.051349,471;488,
push,1503,7612,7586,1200.0,500.0000000000001,1700.0,1.544996;2.051349,476;488,
push,1503,7613,7586,1200.0,500.0000000000001,1700.0,1.575996;2.051349,382;488,
pop,1504,7587,7584,1200.0,,,1.458546;2.061408,482;403,
prune,1504,7587,7584,1200.0,,,1.458546;2.061408,482;403,goal_spline
pop,1505,7588,7584,1200.0,,,1.537599;2.061408,397;403,
prune,1505,7588,7584,1200.0,,,1.537599;2.061408,397;403,goal_spline
pop,1506,7589,7584,1200.0,,,1.544996;2.061408,477;403,
prune,1506,7589,7584,1200.0,,,1.544996;2.061408,477;403,goal_spline
pop,1507,7596,7585,1200.0,,,1.529185;2.061408,319;403,
prune,1507,7596,7585,1200.0,,,1.529185;2.061408,319;403,goal_spline
pop,1508,7597,7585,1200.0,,,1.575996;2.061408,235;403,
prune,1508,7597,7585,1200.0,,,1.575996;2.061408,235;403,goal_spline
pop,1509,7598,7585,1200.0,,,1.537599;2.061408,398;403,
prune,1509,7598,7585,1200.0,,,1.537599;2.061408,398;403,goal_spline
pop,1510,7605,7586,1200.0,,,1.544115;2.061408,471;403,
prune,1510,7605,7586,1200.0,,,1.544115;2.061408,471;403,goal_spline
pop,1511,7606,7586,1200.0,,,1.544996;2.061408,476;403,
prune,1511,7606,7586,1200.0,,,1.544996;2.061408,476;403,goal_spline
pop,1512,7607,7586,1200.0,,,1.575996;2.061408,382;403,
prune,1512,7607,7586,1200.0,,,1.575996;2.061408,382;403,goal_spline
pop,1513,3534,1525,900.0,,,2.198211;2.270226,50;475,
push,1513,7614,3534,1000.0,200.00000000000006,1200.0,2.294681;2.355229,56;481,
push,1513,7615,3534,1000.0,200.00000000000006,1200.0,0.902313;2.355229,141;481,
push,1513,7616,3534,1000.0,200.00000000000006,1200.0,2.294681;2.4332,56;396,
push,1513,7617,3534,1000.0,200.00000000000006,1200.0,0.902313;2.4332,141;396,
push,1513,7618,3534,1000.0,300.0000000000001,1300.0,2.294681;2.412366,56;560,
push,1513,7619,3534,1000.0,300.0000000000001,1300.0,0.902313;2.412366,141;560,
pop,1514,3537,1526,900.0,,,2.388627;2.270226,302;475,
push,1514,7620,3537,1000.0,200.00000000000006,1200.0,2.512187;2.355229,386;481,
push,1514,7621,3537,1000.0,200.00000000000006,1200.0,2.481719;2.355229,307;481,
push,1514,7622,3537,1000.0,200.00000000000006,1200.0,2.512233;2.355229,381;481,
push,1514,7623,3537,1000.0,200.00000000000006,1200.0,2.512187;2.4332,386;396,
push,1514,7624,3537,1000.0,200.00000000000006,1200.0,2.481719;2.4332,307;396,
push,1514,7625,3537,1000.0,200.00000000000006,1200.0,2.512233;2.4332,381;396,
push,1514,7626,3537,1000.0,300.0000000000001,1300.0,2.512187;2.412366,386;560,
push,1514,7627,3537,1000.0,300.0000000000001,1300.0,2.481719;2.412366,307;560,
push,1514,7628,3537,1000.0,300.0000000000001,1300.0,2.512233;2.412366,381;560,
pop,1515,3781,1403,900.0,,,0.902229;2.270226,218;475,
push,1515,7629,3781,1000.0,200.00000000000006,1200.0,1.125371;2.355229,224;481,
push,1515,7630,3781,1000.0,200.00000000000006,1200.0,0.737753;2.355229,145;481,
push,1515,7631,3781,1000.0,200.00000000000006,1200.0,1.146544;2.355229,308;481,
push,1515,7632,3781,1000.0,200.00000000000006,1200.0,1.125371;2.4332,224;396,
push,1515,7633,3781,1000.0,200.00000000000006,1200.0,0.737753;2.4332,145;396,
push,1515,7634,3781,1000.0,200.00000000000006,1200.0,1.146544;1.774293,308;396,
push,1515,7635,3781,1000.0,300.0000000000001,1300.0,1.125371;2.412366,224;560,
push,1515,7636,3781,1000.0,300.0000000000001,1300.0,0.737753;2.412366,145;560,
push,1515,7637,3781,1000.0,300.0000000000001,1300.0,1.146544;2.412366,308;560,
pop,1516,7634,3781,1000.0,,,1.146544;1.774293,308;396,
push,1516,7638,7634,1100.0,200.00000000000006,1300.0,1.317798;1.937424,392;318,
push,1516,7639,7634,1100.0,200.00000000000006,1300.0,1.366511;1.457636,313;318,
push,1516,7640,7634,1100.0,200.00000000000006,1300.0,1.377004;1.937424,387;318,
push,1516,7641,7634,1100.0,399.99999999999994,1500.0,1.317798;1.896283,392;311,
push,1516,7642,7634,1100.0,399.99999999999994,1500.0,1.366511;1.896283,313;311,
push,1516,7643,7634,1100.0,399.99999999999994,1500.0,1.377004;1.896283,387;311,
push,1516,7644,7634,1100.0,100.00000000000004,1200.0,1.317798;1.929932,392;397,
push,1516,7645,7634,1100.0,100.00000000000004,1200.0,1.366511;1.929932,313;397,
push,1516,7646,7634,1100.0,100.00000000000004,1200.0,1.377004;1.929932,387;397,
pop,1517,7644,7634,1100.0,,,1.317798;1.929932,392;397,
push,1517,7647,7644,1200.0,4.263256414560601e-14,1200.0,1.458546;2.061408,482;403,
push,1517,7648,7644,1200.0,4.263256414560601e-14,1200.0,1.537599;2.061408,397;403,
push,1517,7649,7644,1200.0,4.263256414560601e-14,1200.0,1.544996;2.061408,477;403,
push,1517,7650,7644,1200.0,499.99999999999994,1700.0,1.458546;2.084127,482;324,
push,1517,7651,7644,1200.0,499.99999999999994,1700.0,1.537599;2.084127,397;324,
push,1517,7652,7644,1200.0,499.99999999999994,1700.0,1.544996;2.084127,477;324,
push,1517,7653,7644,1200.0,500.0000000000001,1700.0,1.458546;2.051349,482;488,
push,1517,7654,7644,1200.0,500.0000000000001,1700.0,1.537599;2.051349,397;488,
push,1517,7655,7644,1200.0,500.0000000000001,1700.0,1.544996;2.051349,477;488,
pop,1518,7645,7634,1100.0,,,1.366511;1.929932,313;397,
push,1518,7656,7645,1200.0,4.263256414560601e-14,1200.0,1.529185;2.061408,319;403,
push,1518,7657,7645,1200.0,4.263256414560601e-14,1200.0,1.575996;2.061408,235;403,
push,1518,7658,7645,1200.0,4.263256414560601e-14,1200.0,1.537599;2.061408,398;403,
push,1518,7659,7645,1200.0,499.99999999999994,1700.0,1.529185;1.613243,319;324,
push,1518,7660,7645,1200.0,499.99999999999994,1700.0,1.575996;2.084127,235;324,
push,1518,7661,7645,1200.0,499.99999999999994,1700.0,1.537599;2.084127,398;324,
push,1518,7662,7645,1200.0,500.0000000000001,1700.0,1.529185;2.051349,319;488,
push,1518,7663,7645,1200.0,500.0000000000001,1700.0,1.575996;2.051349,235;488,
push,1518,7664,7645,1200.0,500.0000000000001,1700.0,1.537599;2.051349,398;488,
pop,1519,7646,7634,1100.0,,,1.377004;1.929932,387;397,
push,1519,7665,7646,1200.0,4.263256414560601e-14,1200.0,1.544115;2.061408,471;403,
push,1519,7666,7646,1200.0,4.263256414560601e-14,1200.0,1.544996;2.061408,476;403,
push,1519,7667,7646,1200.0,4.263256414560601e-14,1200.0,1.575996;2.061408,382;403,
push,1519,7668,7646,1200.0,499.99999999999994,1700.0,1.544115;2.084127,471;324,
push,1519,7669,7646,1200.0,499.99999999999994,1700.0,1.544996;2.084127,476;324,
push,1519,7670,7646,1200.0,499.99999999999994,1700.0,1.575996;2.084127,382;324,
push,1519,7671,7646,1200.0,500.0000000000001,1700.0,1.544115;2.051349,471;488,
push,1519,7672,7646,1200.0,500.0000000000001,1700.0,1.544996;2.051349,476;488,
push,1519,7673,7646,1200.0,500.0000000000001,1700.0,1.575996;2.051349,382;488,
pop,1520,7647,7644,1200.0,,,1.458546;2.061408,482;403,
prune,1520,7647,7644,1200.0,,,1.458546;2.061408,482;403,goal_spline
pop,1521,7665,7646,1200.0,,,1.544115;2.061408,471;403,
prune,1521,7665,7646,1200.0,,,1.544115;2.061408,471;403,goal_spline
pop,1522,7666,7646,1200.0,,,1.544996;2.061408,476;403,
prune,1522,7666,7646,1200.0,,,1.544996;2.061408,476;403,goal_spline
pop,1523,7667,7646,1200.0,,,1.575996;2.061408,382;403,
prune,1523,7667,7646,1200.0,,,1.575996;2.061408,382;403,goal_spline
pop,1524,7648,7644,1200.0,,,1.537599;2.061408,397;403,
prune,1524,7648,7644,1200.0,,,1.537599;2.061408,397;403,goal_spline
pop,1525,7649,7644,1200.0,,,1.544996;2.061408,477;403,
prune,1525,7649,7644,1200.0,,,1.544996;2.061408,477;403,goal_spline
pop,1526,7656,7645,1200.0,,,1.529185;2.061408,319;403,
prune,1526,7656,7645,1200.0,,,1.529185;2.061408,319;403,goal_spline
pop,1527,7657,7645,1200.0,,,1.575996;2.061408,235;403,
prune,1527,7657,7645,1200.0,,,1.575996;2.061408,235;403,goal_spline
pop,1528,7658,7645,1200.0,,,1.537599;2.061408,398;403,
prune,1528,7658,7645,1200.0,,,1.537599;2.061408,398;403,goal_spline
pop,1529,3792,1401,900.0,,,0.726929;2.270226,140;475,
push,1529,7674,3792,1000.0,200.00000000000006,1200.0,0.964921;2.355229,146;481,
push,1529,7675,3792,1000.0,200.00000000000006,1200.0,1.014793;2.355229,61;481,
push,1529,7676,3792,1000.0,200.00000000000006,1200.0,1.018062;2.355229,225;481,
push,1529,7677,3792,1000.0,200.00000000000006,1200.0,0.964921;2.4332,146;396,
push,1529,7678,3792,1000.0,200.00000000000006,1200.0,1.014793;2.4332,61;396,
push,1529,7679,3792,1000.0,200.00000000000006,1200.0,1.018062;2.4332,225;396,
push,1529,7680,3792,1000.0,300.0000000000001,1300.0,0.964921;2.412366,146;560,
push,1529,7681,3792,1000.0,300.0000000000001,1300.0,1.014793;2.412366,61;560,
push,1529,7682,3792,1000.0,300.0000000000001,1300.0,1.018062;2.412366,225;560,
pop,1530,3786,1398,900.0,,,2.198211;2.270226,50;475,
push,1530,7683,3786,1000.0,200.00000000000006,1200.0,2.294681;2.355229,56;481,
push,1530,7684,3786,1000.0,200.00000000000006,1200.0,0.902313;2.355229,141;481,
push,1530,7685,3786,1000.0,200.00000000000006,1200.0,2.294681;2.4332,56;396,
push,1530,7686,3786,1000.0,200.00000000000006,1200.0,0.902313;2.4332,141;396,
push,1530,7687,3786,1000.0,300.0000000000001,1300.0,2.294681;2.412366,56;560,
push,1530,7688,3786,1000.0,300.0000000000001,1300.0,0.902313;2.412366,141;560,
pop,1531,3780,1403,900.0,,,2.388627;2.270226,302;475,
push,1531,7689,3780,1000.0,200.00000000000006,1200.0,2.512187;2.355229,386;481,
push,1531,7690,3780,1000.0,200.00000000000006,1200.0,2.481719;2.355229,307;481,
push,1531,7691,3780,1000.0,200.00000000000006,1200.0,2.512233;2.355229,381;481,
push,1531,7692,3780,1000.0,200.00000000000006,1200.0,2.512187;2.4332,386;396,
push,1531,7693,3780,1000.0,200.00000000000006,1200.0,2.481719;2.4332,307;396,
push,1531,7694,3780,1000.0,200.00000000000006,1200.0,2.512233;2.4332,381;396,
push,1531,7695,3780,1000.0,300.0000000000001,1300.0,2.512187;2.412366,386;560,
push,1531,7696,3780,1000.0,300.0000000000001,1300.0,2.481719;2.412366,307;560,
push,1531,7697,3780,1000.0,300.0000000000001,1300.0,2.512233;2.412366,381;560,
pop,1532,3787,1398,900.0,,,0.903241;2.270226,135;475,
push,1532,7698,3787,1000.0,200.00000000000006,1200.0,0.741549;2.355229,219;481,
push,1532,7699,3787,1000.0,200.00000000000006,1200.0,0.732852;2.355229,140;481,
push,1532,7700,3787,1000.0,200.00000000000006,1200.0,1.150423;2.355229,214;481,
push,1532,7701,3787,1000.0,200.00000000000006,1200.0,0.741549;2.4332,219;396,
push,1532,7702,3787,1000.0,200.00000000000006,1200.0,0.732852;2.4332,140;396,
push,1532,7703,3787,1000.0,200.00000000000006,1200.0,1.150423;2.4332,214;396,
push,1532,7704,3787,1000.0,300.0000000000001,1300.0,0.741549;2.412366,219;560,
push,1532,7705,3787,1000.0,300.0000000000001,1300.0,0.732852;2.412366,140;560,
push,1532,7706,3787,1000.0,300.0000000000001,1300.0,1.150423;2.412366,214;560,
pop,1533,3531,1534,900.0,,,2.394762;2.270226,44;475,
push,1533,7707,3531,1000.0,200.00000000000006,1200.0,2.350609;2.355229,50;481,
push,1533,7708,3531,1000.0,200.00000000000006,1200.0,0.911124;2.355229,135;481,
push,1533,7709,3531,1000.0,200.00000000000006,1200.0,2.350609;2.4332,50;396,
push,1533,7710,3531,1000.0,200.00000000000006,1200.0,0.911124;2.4332,135;396,
push,1533,7711,3531,1000.0,300.0000000000001,1300.0,2.350609;2.412366,50;560,
push,1533,7712,3531,1000.0,300.0000000000001,1300.0,0.911124;2.412366,135;560,
pop,1534,3524,1533,900.0,,,2.411382;2.270226,213;475,
push,1534,7713,3524,1000.0,200.00000000000006,1200.0,2.531779;2.355229,302;481,
push,1534,7714,3524,1000.0,200.00000000000006,1200.0,0.913615;2.355229,218;481,
prune,1534,0,3524,1000.0,,,2.522649;2.355229,297;481,obstacle:1
push,1534,7715,3524,1000.0,200.00000000000006,1200.0,2.531779;2.4332,302;396,
push,1534,7716,3524,1000.0,200.00000000000006,1200.0,0.913615;2.4332,218;396,
prune,1534,0,3524,1000.0,,,2.522649;2.4332,297;396,obstacle:1
push,1534,7717,3524,1000.0,300.0000000000001,1300.0,2.531779;2.412366,302;560,
push,1534,7718,3524,1000.0,300.0000000000001,1300.0,0.913615;2.412366,218;560,
prune,1534,0,3524,1000.0,,,2.522649;2.412366,297;560,obstacle:1
pop,1535,3515,1539,900.0,,,2.420764;2.270226,513;475,
push,1535,7719,3515,1000.0,200.00000000000006,1200.0,2.538289;2.355229,508;481,
push,1535,7720,3515,1000.0,200.00000000000006,1200.0,2.538289;2.4332,508;396,
push,1535,7721,3515,1000.0,300.0000000000001,1300.0,2.538289;2.412366,508;560,
pop,1536,3522,1533,900.0,,,0.903241;2.270226,134;475,
push,1536,7722,3522,1000.0,200.00000000000006,1200.0,0.732852;2.355229,140;481,
push,1536,7723,3522,1000.0,200.00000000000006,1200.0,1.13521;2.355229,55;481,
push,1536,7724,3522,1000.0,200.00000000000006,1200.0,0.741549;2.355229,219;481,
push,1536,7725,3522,1000.0,200.00000000000006,1200.0,0.732852;2.4332,140;396,
push,1536,7726,3522,1000.0,200.00000000000006,1200.0,1.13521;2.4332,55;396,
push,1536,7727,3522,1000.0,200.00000000000006,1200.0,0.741549;2.4332,219;396,
push,1536,7728,3522,1000.0,300.0000000000001,1300.0,0.732852;2.412366,140;560,
push,1536,7729,3522,1000.0,300.0000000000001,1300.0,1.13521;2.412366,55;560,
push,1536,7730,3522,1000.0,300.0000000000001,1300.0,0.741549;2.412366,219;560,
pop,1537,3505,1541,900.0,,,2.420764;2.270226,512;475,
push,1537,7731,3505,1000.0,200.00000000000006,1200.0,2.538289;2.355229,517;481,
push,1537,7732,3505,1000.0,200.00000000000006,1200.0,2.538289;2.4332,517;396,
push,1537,7733,3505,1000.0,300.0000000000001,1300.0,2.538289;2.412366,517;560,
pop,1538,3513,1539,900.0,,,2.399601;2.270226,518;475,
push,1538,7734,3513,1000.0,200.00000000000006,1200.0,2.519974;2.355229,523;481,
push,1538,7735,3513,1000.0,200.00000000000006,1200.0,2.519974;2.4332,523;396,
push,1538,7736,3513,1000.0,300.0000000000001,1300.0,2.519974;2.412366,523;560,
pop,1539,3506,1541,900.0,,,2.428817;2.270226,424;475,
pop,1540,3504,1541,900.0,,,2.420764;2.270226,507;475,
pop,1541,3496,1548,900.0,,,2.420764;2.270226,349;475,
prune,1541,0,3496,1000.0,,,2.538289;2.355229,355;481,obstacle:1
prune,1541,0,3496,1000.0,,,2.531239;2.355229,276;481,obstacle:1
push,1541,7737,3496,1000.0,200.00000000000006,1200.0,2.522055;2.355229,440;481,
prune,1541,0,3496,1000.0,,,2.538289;2.4332,355;396,obstacle:1
prune,1541,0,3496,1000.0,,,2.531239;2.4332,276;396,obstacle:1
push,1541,7738,3496,1000.0,200.00000000000006,1200.0,2.522055;2.4332,440;396,
prune,1541,0,3496,1000.0,,,2.538289;2.412366,355;560,obstacle:1
prune,1541,0,3496,1000.0,,,2.531239;2.412366,276;560,obstacle:1
push,1541,7739,3496,1000.0,300.0000000000001,1300.0,2.522055;2.412366,440;560,
pop,1542,3497,1548,900.0,,,2.40201;2.270226,429;475,
push,1542,7740,3497,1000.0,200.00000000000006,1200.0,2.5055;2.355229,507;481,
push,1542,7741,3497,1000.0,200.00000000000006,1200.0,2.5055;2.355229,512;481,
push,1542,7742,3497,1000.0,200.00000000000006,1200.0,2.531239;2.355229,424;481,
push,1542,7743,3497,1000.0,200.00000000000006,1200.0,2.5055;2.4332,507;396,
push,1542,7744,3497,1000.0,200.00000000000006,1200.0,2.5055;2.4332,512;396,
push,1542,7745,3497,1000.0,200.00000000000006,1200.0,2.531239;2.4332,424;396,
push,1542,7746,3497,1000.0,300.0000000000001,1300.0,2.5055;2.412366,507;560,
push,1542,7747,3497,1000.0,300.0000000000001,1300.0,2.5055;2.412366,512;560,
push,1542,7748,3497,1000.0,300.0000000000001,1300.0,2.531239;2.412366,424;560,
pop,1543,3486,1550,900.0,,,2.391248;2.270226,423;475,
push,1543,7749,3486,1000.0,200.00000000000006,1200.0,2.5055;2.355229,506;481,
push,1543,7750,3486,1000.0,200.00000000000006,1200.0,2.5055;2.4332,506;396,
push,1543,7751,3486,1000.0,300.0000000000001,1300.0,2.5055;2.412366,506;560,
pop,1544,3492,1540,900.0,,,2.418411;2.270226,440;475,
push,1544,7752,3492,1000.0,200.00000000000006,1200.0,2.519974;2.355229,524;481,
push,1544,7753,3492,1000.0,200.00000000000006,1200.0,2.527119;2.355229,445;481,
push,1544,7754,3492,1000.0,200.00000000000006,1200.0,2.538289;2.355229,519;481,
push,1544,7755,3492,1000.0,200.00000000000006,1200.0,2.519974;2.4332,524;396,
push,1544,7756,3492,1000.0,200.00000000000006,1200.0,2.527119;2.4332,445;396,
push,1544,7757,3492,1000.0,200.00000000000006,1200.0,2.538289;2.4332,519;396,
push,1544,7758,3492,1000.0,300.0000000000001,1300.0,2.519974;2.412366,524;560,
push,1544,7759,3492,1000.0,300.0000000000001,1300.0,2.527119;2.412366,445;560,
push,1544,7760,3492,1000.0,300.0000000000001,1300.0,2.538289;2.412366,519;560,
pop,1545,3495,1548,900.0,,,2.391248;2.270226,434;475,
push,1545,7761,3495,1000.0,200.00000000000006,1200.0,2.486446;2.355229,518;481,
push,1545,7762,3495,1000.0,200.00000000000006,1200.0,2.522055;2.355229,439;481,
push,1545,7763,3495,1000.0,200.00000000000006,1200.0,2.5055;2.355229,513;481,
push,1545,7764,3495,1000.0,200.00000000000006,1200.0,2.486446;2.4332,518;396,
push,1545,7765,3495,1000.0,200.00000000000006,1200.0,2.522055;2.4332,439;396,
push,1545,7766,3495,1000.0,200.00000000000006,1200.0,2.5055;2.4332,513;396,
push,1545,7767,3495,1000.0,300.0000000000001,1300.0,2.486446;2.412366,518;560,
push,1545,7768,3495,1000.0,300.0000000000001,1300.0,2.522055;2.412366,439;560,
push,1545,7769,3495,1000.0,300.0000000000001,1300.0,2.5055;2.412366,513;560,
pop,1546,3487,1550,900.0,,,2.40201;2.270226,428;475,
push,1546,7770,3487,1000.0,200.00000000000006,1200.0,2.5055;2.355229,512;481,
push,1546,7771,3487,1000.0,200.00000000000006,1200.0,2.531239;2.355229,433;481,
push,1546,7772,3487,1000.0,200.00000000000006,1200.0,2.5055;2.355229,507;481,
push,1546,7773,3487,1000.0,200.00000000000006,1200.0,2.5055;2.4332,512;396,
push,1546,7774,3487,1000.0,200.00000000000006,1200.0,2.531239;2.4332,433;396,
push,1546,7775,3487,1000.0,200.00000000000006,1200.0,2.5055;2.4332,507;396,
push,1546,7776,3487,1000.0,300.0000000000001,1300.0,2.5055;2.412366,512;560,
push,1546,7777,3487,1000.0,300.0000000000001,1300.0,2.531239;2.412366,433;560,
push,1546,7778,3487,1000.0,300.0000000000001,1300.0,2.5055;2.412366,507;560,
pop,1547,3481,1549,900.0,,,2.420764;2.270226,350;475,
push,1547,7779,3481,1000.0,200.00000000000006,1200.0,2.522055;2.355229,440;481,
prune,1547,0,3481,1000.0,,,2.538289;2.355229,355;481,obstacle:1
push,1547,7780,3481,1000.0,200.00000000000006,1200.0,2.531239;2.355229,435;481,
push,1547,7781,3481,1000.0,200.00000000000006,1200.0,2.522055;2.4332,440;396,
prune,1547,0,3481,1000.0,,,2.538289;2.4332,355;396,obstacle:1
push,1547,7782,3481,1000.0,200.00000000000006,1200.0,2.531239;2.4332,435;396,
push,1547,7783,3481,1000.0,300.0000000000001,1300.0,2.522055;2.412366,440;560,
prune,1547,0,3481,1000.0,,,2.538289;2.412366,355;560,obstacle:1
push,1547,7784,3481,1000.0,300.0000000000001,1300.0,2.531239;2.412366,435;560,
pop,1548,3480,1549,900.0,,,2.420764;2.270226,187;475,
push,1548,7785,3480,1000.0,200.00000000000006,1200.0,2.522055;2.355229,109;481,
push,1548,7786,3480,1000.0,200.00000000000006,1200.0,2.531239;2.355229,102;481,
prune,1548,0,3480,1000.0,,,2.538289;2.355229,188;481,obstacle:1
push,1548,7787,3480,1000.0,200.00000000000006,1200.0,2.522055;2.4332,109;396,
push,1548,7788,3480,1000.0,200.00000000000006,1200.0,2.531239;2.4332,102;396,
prune,1548,0,3480,1000.0,,,2.538289;2.4332,188;396,obstacle:1
push,1548,7789,3480,1000.0,300.0000000000001,1300.0,2.522055;2.412366,109;560,
push,1548,7790,3480,1000.0,300.0000000000001,1300.0,2.531239;2.412366,102;560,
prune,1548,0,3480,1000.0,,,2.538289;2.412366,188;560,obstacle:1
pop,1549,3472,1557,900.0,,,2.420764;2.270226,343;475,
push,1549,7791,3472,1000.0,200.00000000000006,1200.0,2.538289;2.355229,349;481,
push,1549,7792,3472,1000.0,200.00000000000006,1200.0,2.522055;2.355229,270;481,
push,1549,7793,3472,1000.0,200.00000000000006,1200.0,2.531239;2.355229,434;481,
push,1549,7794,3472,1000.0,200.00000000000006,1200.0,2.538289;2.4332,349;396,
push,1549,7795,3472,1000.0,200.00000000000006,1200.0,2.522055;2.4332,270;396,
push,1549,7796,3472,1000.0,200.00000000000006,1200.0,2.531239;2.4332,434;396,
push,1549,7797,3472,1000.0,300.0000000000001,1300.0,2.538289;2.412366,349;560,
push,1549,7798,3472,1000.0,300.0000000000001,1300.0,2.522055;2.412366,270;560,
push,1549,7799,3472,1000.0,300.0000000000001,1300.0,2.531239;2.412366,434;560,
pop,1550,3473,1557,900.0,,,2.391248;2.270226,423;475,
push,1550,7800,3473,1000.0,200.00000000000006,1200.0,2.5055;2.355229,506;481,
push,1550,7801,3473,1000.0,200.00000000000006,1200.0,2.5055;2.4332,506;396,
push,1550,7802,3473,1000.0,300.0000000000001,1300.0,2.5055;2.412366,506;560,
pop,1551,3471,1557,900.0,,,2.40201;2.270226,428;475,
push,1551,7803,3471,1000.0,200.00000000000006,1200.0,2.5055;2.355229,512;481,
push,1551,7804,3471,1000.0,200.00000000000006,1200.0,2.531239;2.355229,433;481,
push,1551,7805,3471,1000.0,200.00000000000006,1200.0,2.5055;2.355229,507;481,
push,1551,7806,3471,1000.0,200.00000000000006,1200.0,2.5055;2.4332,512;396,
push,1551,7807,3471,1000.0,200.00000000000006,1200.0,2.531239;2.4332,433;396,
push,1551,7808,3471,1000.0,200.00000000000006,1200.0,2.5055;2.4332,507;396,
push,1551,7809,3471,1000.0,300.0000000000001,1300.0,2.5055;2.412366,512;560,
push,1551,7810,3471,1000.0,300.0000000000001,1300.0,2.531239;2.412366,433;560,
push,1551,7811,3471,1000.0,300.0000000000001,1300.0,2.5055;2.412366,507;560,
pop,1552,3462,1560,900.0,,,2.418411;2.270226,109;475,
push,1552,7812,3462,1000.0,200.00000000000006,1200.0,2.519974;2.355229,25;481,
push,1552,7813,3462,1000.0,200.00000000000006,1200.0,2.538289;2.355229,18;481,
push,1552,7814,3462,1000.0,200.00000000000006,1200.0,2.527119;2.355229,110;481,
push,1552,7815,3462,1000.0,200.00000000000006,1200.0,2.519974;2.4332,25;396,
push,1552,7816,3462,1000.0,200.00000000000006,1200.0,2.538289;2.4332,18;396,
push,1552,7817,3462,1000.0,200.00000000000006,1200.0,2.527119;2.4332,110;396,
push,1552,7818,3462,1000.0,300.0000000000001,1300.0,2.519974;2.412366,25;560,
push,1552,7819,3462,1000.0,300.0000000000001,1300.0,2.538289;2.412366,18;560,
push,1552,7820,3462,1000.0,300.0000000000001,1300.0,2.527119;2.412366,110;560,
pop,1553,3465,1561,900.0,,,2.420764;2.270226,350;475,
push,1553,7821,3465,1000.0,200.00000000000006,1200.0,2.522055;2.355229,440;481,
prune,1553,0,3465,1000.0,,,2.538289;2.355229,355;481,obstacle:1
push,1553,7822,3465,1000.0,200.00000000000006,1200.0,2.531239;2.355229,435;481,
push,1553,7823,3465,1000.0,200.00000000000006,1200.0,2.522055;2.4332,440;396,
prune,1553,0,3465,1000.0,,,2.538289;2.4332,355;396,obstacle:1
push,1553,7824,3465,1000.0,200.00000000000006,1200.0,2.531239;2.4332,435;396,
push,1553,7825,3465,1000.0,300.0000000000001,1300.0,2.522055;2.412366,440;560,
prune,1553,0,3465,1000.0,,,2.538289;2.412366,355;560,obstacle:1
push,1553,7826,3465,1000.0,300.0000000000001,1300.0,2.531239;2.412366,435;560,
pop,1554,3466,1561,900.0,,,2.420764;2.270226,345;475,
push,1554,7827,3466,1000.0,200.00000000000006,1200.0,2.522055;2.355229,429;481,
push,1554,7828,3466,1000.0,200.00000000000006,1200.0,2.531239;2.355229,434;481,
push,1554,7829,3466,1000.0,200.00000000000006,1200.0,2.538289;2.355229,340;481,
push,1554,7830,3466,1000.0,200.00000000000006,1200.0,2.522055;2.4332,429;396,
push,1554,7831,3466,1000.0,200.00000000000006,1200.0,2.531239;2.4332,434;396,
push,1554,7832,3466,1000.0,200.00000000000006,1200.0,2.538289;2.4332,340;396,
push,1554,7833,3466,1000.0,300.0000000000001,1300.0,2.522055;2.412366,429;560,
push,1554,7834,3466,1000.0,300.0000000000001,1300.0,2.531239;2.412366,434;560,
push,1554,7835,3466,1000.0,300.0000000000001,1300.0,2.538289;2.412366,340;560,
pop,1555,3450,1566,900.0,,,2.420764;2.270226,506;475,
push,1555,7836,3450,1000.0,200.00000000000006,1200.0,2.538289;2.355229,511;481,
push,1555,7837,3450,1000.0,200.00000000000006,1200.0,2.538289;2.4332,511;396,
push,1555,7838,3450,1000.0,300.0000000000001,1300.0,2.538289;2.412366,511;560,
pop,1556,3453,1567,900.0,,,2.420764;2.270226,512;475,
push,1556,7839,3453,1000.0,200.00000000000006,1200.0,2.538289;2.355229,517;481,
push,1556,7840,3453,1000.0,200.00000000000006,1200.0,2.538289;2.4332,517;396,
push,1556,7841,3453,1000.0,300.0000000000001,1300.0,2.538289;2.412366,517;560,
pop,1557,3455,1567,900.0,,,2.420764;2.270226,507;475,
pop,1558,3454,1567,900.0,,,2.428817;2.270226,433;475,
push,1558,7842,3454,1000.0,200.00000000000006,1200.0,2.536248;2.355229,439;481,
push,1558,7843,3454,1000.0,200.00000000000006,1200.0,2.538289;2.355229,354;481,
push,1558,7844,3454,1000.0,200.00000000000006,1200.0,2.538289;2.355229,518;481,
push,1558,7845,3454,1000.0,200.00000000000006,1200.0,2.536248;2.4332,439;396,
push,1558,7846,3454,1000.0,200.00000000000006,1200.0,2.538289;2.4332,354;396,
push,1558,7847,3454,1000.0,200.00000000000006,1200.0,2.538289;2.4332,518;396,
push,1558,7848,3454,1000.0,300.0000000000001,1300.0,2.536248;2.412366,439;560,
push,1558,7849,3454,1000.0,300.0000000000001,1300.0,2.538289;2.412366,354;560,
push,1558,7850,3454,1000.0,300.0000000000001,1300.0,2.538289;2.412366,518;560,
pop,1559,3441,1574,900.0,,,2.420764;2.270226,338;475,
push,1559,7851,3441,1000.0,200.00000000000006,1200.0,2.522055;2.355229,428;481,
push,1559,7852,3441,1000.0,200.00000000000006,1200.0,2.538289;2.355229,343;481,
push,1559,7853,3441,1000.0,200.00000000000006,1200.0,2.531239;2.355229,423;481,
push,1559,7854,3441,1000.0,200.00000000000006,1200.0,2.522055;2.4332,428;396,
push,1559,7855,3441,1000.0,200.00000000000006,1200.0,2.538289;2.4332,343;396,
push,1559,7856,3441,1000.0,200.00000000000006,1200.0,2.531239;2.4332,423;396,
push,1559,7857,3441,1000.0,300.0000000000001,1300.0,2.522055;2.412366,428;560,
push,1559,7858,3441,1000.0,300.0000000000001,1300.0,2.538289;2.412366,343;560,
push,1559,7859,3441,1000.0,300.0000000000001,1300.0,2.531239;2.412366,423;560,
pop,1560,3444,1572,900.0,,,2.399601;2.270226,344;475,
push,1560,7860,3444,1000.0,200.00000000000006,1200.0,2.493881;2.355229,434;481,
push,1560,7861,3444,1000.0,200.00000000000006,1200.0,2.519974;2.355229,349;481,
push,1560,7862,3444,1000.0,200.00000000000006,1200.0,2.522055;2.355229,429;481,
push,1560,7863,3444,1000.0,200.00000000000006,1200.0,2.493881;2.4332,434;396,
push,1560,7864,3444,1000.0,200.00000000000006,1200.0,2.519974;2.4332,349;396,
push,1560,7865,3444,1000.0,200.00000000000006,1200.0,2.522055;2.4332,429;396,
push,1560,7866,3444,1000.0,300.0000000000001,1300.0,2.493881;2.412366,434;560,
push,1560,7867,3444,1000.0,300.0000000000001,1300.0,2.519974;2.412366,349;560,
push,1560,7868,3444,1000.0,300.0000000000001,1300.0,2.522055;2.412366,429;560,
pop,1561,3445,1572,900.0,,,2.420764;2.270226,339;475,
push,1561,7869,3445,1000.0,200.00000000000006,1200.0,2.531239;2.355229,423;481,
push,1561,7870,3445,1000.0,200.00000000000006,1200.0,2.522055;2.355229,428;481,
push,1561,7871,3445,1000.0,200.00000000000006,1200.0,2.531239;2.4332,423;396,
push,1561,7872,3445,1000.0,200.00000000000006,1200.0,2.522055;2.4332,428;396,
push,1561,7873,3445,1000.0,300.0000000000001,1300.0,2.531239;2.412366,423;560,
push,1561,7874,3445,1000.0,300.0000000000001,1300.0,2.522055;2.412366,428;560,
pop,1562,3433,1573,900.0,,,2.428817;2.270226,103;475,
push,1562,7875,3433,1000.0,200.00000000000006,1200.0,2.538289;2.355229,19;481,
push,1562,7876,3433,1000.0,200.00000000000006,1200.0,2.536248;2.355229,104;481,
push,1562,7877,3433,1000.0,200.00000000000006,1200.0,2.538289;2.4332,19;396,
push,1562,7878,3433,1000.0,200.00000000000006,1200.0,2.536248;2.4332,104;396,
push,1562,7879,3433,1000.0,300.0000000000001,1300.0,2.538289;2.412366,19;560,
push,1562,7880,3433,1000.0,300.0000000000001,1300.0,2.536248;2.412366,104;560,
pop,1563,3434,1573,900.0,,,2.418411;2.270226,266;475,
push,1563,7881,3434,1000.0,200.00000000000006,1200.0,2.519974;2.355229,350;481,
prune,1563,0,3434,1000.0,,,2.527119;2.355229,271;481,obstacle:1
push,1563,7882,3434,1000.0,200.00000000000006,1200.0,2.538289;2.355229,345;481,
push,1563,7883,3434,1000.0,200.00000000000006,1200.0,2.519974;2.4332,350;396,
prune,1563,0,3434,1000.0,,,2.527119;2.4332,271;396,obstacle:1
push,1563,7884,3434,1000.0,200.00000000000006,1200.0,2.538289;2.4332,345;396,
push,1563,7885,3434,1000.0,300.0000000000001,1300.0,2.519974;2.412366,350;560,
prune,1563,0,3434,1000.0,,,2.527119;2.412366,271;560,obstacle:1
push,1563,7886,3434,1000.0,300.0000000000001,1300.0,2.538289;2.412366,345;560,
pop,1564,3432,1573,900.0,,,2.416051;2.270226,182;475,
prune,1564,0,3432,1000.0,,,2.515798;2.355229,188;481,obstacle:1
push,1564,7887,3432,1000.0,200.00000000000006,1200.0,2.536248;2.355229,109;481,
prune,1564,0,3432,1000.0,,,2.527119;2.355229,272;481,obstacle:1
prune,1564,0,3432,1000.0,,,2.515798;2.4332,188;396,obstacle:1
push,1564,7888,3432,1000.0,200.00000000000006,1200.0,2.536248;2.4332,109;396,
prune,1564,0,3432,1000.0,,,2.527119;2.4332,272;396,obstacle:1
prune,1564,0,3432,1000.0,,,2.515798;2.412366,188;560,obstacle:1
push,1564,7889,3432,1000.0,300.0000000000001,1300.0,2.536248;2.412366,109;560,
prune,1564,0,3432,1000.0,,,2.527119;2.412366,272;560,obstacle:1
pop,1565,3426,1581,900.0,,,2.394762;2.270226,44;475,
push,1565,7890,3426,1000.0,200.00000000000006,1200.0,2.350609;2.355229,50;481,
push,1565,7891,3426,1000.0,200.00000000000006,1200.0,0.911124;2.355229,135;481,
push,1565,7892,3426,1000.0,200.00000000000006,1200.0,2.350609;2.4332,50;396,
push,1565,7893,3426,1000.0,200.00000000000006,1200.0,0.911124;2.4332,135;396,
push,1565,7894,3426,1000.0,300.0000000000001,1300.0,2.350609;2.412366,50;560,
push,1565,7895,3426,1000.0,300.0000000000001,1300.0,0.911124;2.412366,135;560,
pop,1566,3427,1581,900.0,,,2.418411;2.270226,129;475,
push,1566,7896,3427,1000.0,200.00000000000006,1200.0,2.532824;2.355229,213;481,
push,1566,7897,3427,1000.0,200.00000000000006,1200.0,0.911124;2.355229,134;481,
prune,1566,0,3427,1000.0,,,2.519974;2.355229,208;481,obstacle:1
push,1566,7898,3427,1000.0,200.00000000000006,1200.0,2.532824;2.4332,213;396,
push,1566,7899,3427,1000.0,200.00000000000006,1200.0,0.911124;2.4332,134;396,
prune,1566,0,3427,1000.0,,,2.519974;2.4332,208;396,obstacle:1
push,1566,7900,3427,1000.0,300.0000000000001,1300.0,2.532824;2.412366,213;560,
push,1566,7901,3427,1000.0,300.0000000000001,1300.0,0.911124;2.412366,134;560,
prune,1566,0,3427,1000.0,,,2.519974;2.412366,208;560,obstacle:1
pop,1567,3420,1585,900.0,,,2.411382;2.270226,213;475,
push,1567,7902,3420,1000.0,200.00000000000006,1200.0,2.531779;2.355229,302;481,
push,1567,7903,3420,1000.0,200.00000000000006,1200.0,0.913615;2.355229,218;481,
prune,1567,0,3420,1000.0,,,2.522649;2.355229,297;481,obstacle:1
push,1567,7904,3420,1000.0,200.00000000000006,1200.0,2.531779;2.4332,302;396,
push,1567,7905,3420,1000.0,200.00000000000006,1200.0,0.913615;2.4332,218;396,
prune,1567,0,3420,1000.0,,,2.522649;2.4332,297;396,obstacle:1
push,1567,7906,3420,1000.0,300.0000000000001,1300.0,2.531779;2.412366,302;560,
push,1567,7907,3420,1000.0,300.0000000000001,1300.0,0.913615;2.412366,218;560,
prune,1567,0,3420,1000.0,,,2.522649;2.412366,297;560,obstacle:1
pop,1568,3421,1585,900.0,,,0.903241;2.270226,134;475,
push,1568,7908,3421,1000.0,200.00000000000006,1200.0,0.732852;2.355229,140;481,
push,1568,7909,3421,1000.0,200.00000000000006,1200.0,1.13521;2.355229,55;481,
push,1568,7910,3421,1000.0,200.00000000000006,1200.0,0.741549;2.355229,219;481,
push,1568,7911,3421,1000.0,200.00000000000006,1200.0,0.732852;2.4332,140;396,
push,1568,7912,3421,1000.0,200.00000000000006,1200.0,1.13521;2.4332,55;396,
push,1568,7913,3421,1000.0,200.00000000000006,1200.0,0.741549;2.4332,219;396,
push,1568,7914,3421,1000.0,300.0000000000001,1300.0,0.732852;2.412366,140;560,
push,1568,7915,3421,1000.0,300.0000000000001,1300.0,1.13521;2.412366,55;560,
push,1568,7916,3421,1000.0,300.0000000000001,1300.0,0.741549;2.412366,219;560,
pop,1569,3414,1584,900.0,,,2.198211;2.270226,50;475,
push,1569,7917,3414,1000.0,200.00000000000006,1200.0,2.294681;2.355229,56;481,
push,1569,7918,3414,1000.0,200.00000000000006,1200.0,0.902313;2.355229,141;481,
push,1569,7919,3414,1000.0,200.00000000000006,1200.0,2.294681;2.4332,56;396,
push,1569,7920,3414,1000.0,200.00000000000006,1200.0,0.902313;2.4332,141;396,
push,1569,7921,3414,1000.0,300.0000000000001,1300.0,2.294681;2.412366,56;560,
push,1569,7922,3414,1000.0,300.0000000000001,1300.0,0.902313;2.412366,141;560,
pop,1570,3415,1584,900.0,,,0.903241;2.270226,135;475,
push,1570,7923,3415,1000.0,200.00000000000006,1200.0,0.741549;2.355229,219;481,
push,1570,7924,3415,1000.0,200.00000000000006,1200.0,0.732852;2.355229,140;481,
push,1570,7925,3415,1000.0,200.00000000000006,1200.0,1.150423;2.355229,214;481,
push,1570,7926,3415,1000.0,200.00000000000006,1200.0,0.741549;2.4332,219;396,
push,1570,7927,3415,1000.0,200.00000000000006,1200.0,0.732852;2.4332,140;396,
push,1570,7928,3415,1000.0,200.00000000000006,1200.0,1.150423;2.4332,214;396,
push,1570,7929,3415,1000.0,300.0000000000001,1300.0,0.741549;2.412366,219;560,
push,1570,7930,3415,1000.0,300.0000000000001,1300.0,0.732852;2.412366,140;560,
push,1570,7931,3415,1000.0,300.0000000000001,1300.0,1.150423;2.412366,214;560,
pop,1571,3405,1590,900.0,,,2.428817;2.270226,260;475,
push,1571,7932,3405,1000.0,200.00000000000006,1200.0,2.538289;2.355229,344;481,
push,1571,7933,3405,1000.0,200.00000000000006,1200.0,2.538289;2.355229,339;481,
push,1571,7934,3405,1000.0,200.00000000000006,1200.0,2.538289;2.4332,344;396,
push,1571,7935,3405,1000.0,200.00000000000006,1200.0,2.538289;2.4332,339;396,
push,1571,7936,3405,1000.0,300.0000000000001,1300.0,2.538289;2.412366,344;560,
push,1571,7937,3405,1000.0,300.0000000000001,1300.0,2.538289;2.412366,339;560,
pop,1572,3406,1590,900.0,,,2.416051;2.270226,176;475,
push,1572,7938,3406,1000.0,200.00000000000006,1200.0,2.515798;2.355229,182;481,
push,1572,7939,3406,1000.0,200.00000000000006,1200.0,2.527119;2.355229,103;481,
push,1572,7940,3406,1000.0,200.00000000000006,1200.0,2.536248;2.355229,266;481,
push,1572,7941,3406,1000.0,200.00000000000006,1200.0,2.515798;2.4332,182;396,
push,1572,7942,3406,1000.0,200.00000000000006,1200.0,2.527119;2.4332,103;396,
push,1572,7943,3406,1000.0,200.00000000000006,1200.0,2.536248;2.4332,266;396,
push,1572,7944,3406,1000.0,300.0000000000001,1300.0,2.515798;2.412366,182;560,
push,1572,7945,3406,1000.0,300.0000000000001,1300.0,2.527119;2.412366,103;560,
push,1572,7946,3406,1000.0,300.0000000000001,1300.0,2.536248;2.412366,266;560,
pop,1573,3407,1590,900.0,,,2.418411;2.270226,256;475,
push,1573,7947,3407,1000.0,200.00000000000006,1200.0,2.538289;2.355229,338;481,
push,1573,7948,3407,1000.0,200.00000000000006,1200.0,2.538289;2.4332,338;396,
push,1573,7949,3407,1000.0,300.0000000000001,1300.0,2.538289;2.412366,338;560,
pop,1574,3398,1593,900.0,,,2.411382;2.270226,213;475,
push,1574,7950,3398,1000.0,200.00000000000006,1200.0,2.531779;2.355229,302;481,
push,1574,7951,3398,1000.0,200.00000000000006,1200.0,0.913615;2.355229,218;481,
prune,1574,0,3398,1000.0,,,2.522649;2.355229,297;481,obstacle:1
push,1574,7952,3398,1000.0,200.00000000000006,1200.0,2.531779;2.4332,302;396,
push,1574,7953,3398,1000.0,200.00000000000006,1200.0,0.913615;2.4332,218;396,
prune,1574,0,3398,1000.0,,,2.522649;2.4332,297;396,obstacle:1
push,1574,7954,3398,1000.0,300.0000000000001,1300.0,2.531779;2.412366,302;560,
push,1574,7955,3398,1000.0,300.0000000000001,1300.0,0.913615;2.412366,218;560,
prune,1574,0,3398,1000.0,,,2.522649;2.412366,297;560,obstacle:1
pop,1575,3396,1593,900.0,,,0.903241;2.270226,134;475,
push,1575,7956,3396,1000.0,200.00000000000006,1200.0,0.732852;2.355229,140;481,
push,1575,7957,3396,1000.0,200.00000000000006,1200.0,1.13521;2.355229,55;481,
push,1575,7958,3396,1000.0,200.00000000000006,1200.0,0.741549;2.355229,219;481,
push,1575,7959,3396,1000.0,200.00000000000006,1200.0,0.732852;2.4332,140;396,
push,1575,7960,3396,1000.0,200.00000000000006,1200.0,1.13521;2.4332,55;396,
push,1575,7961,3396,1000.0,200.00000000000006,1200.0,0.741549;2.4332,219;396,
push,1575,7962,3396,1000.0,300.0000000000001,1300.0,0.732852;2.412366,140;560,
push,1575,7963,3396,1000.0,300.0000000000001,1300.0,1.13521;2.412366,55;560,
push,1575,7964,3396,1000.0,300.0000000000001,1300.0,0.741549;2.412366,219;560,
pop,1576,3397,1593,900.0,,,2.394762;2.270226,49;475,
push,1576,7965,3397,1000.0,200.00000000000006,1200.0,2.350609;2.355229,50;481,
push,1576,7966,3397,1000.0,200.00000000000006,1200.0,2.350609;2.4332,50;396,
push,1576,7967,3397,1000.0,300.0000000000001,1300.0,2.350609;2.412366,50;560,
pop,1577,3391,1596,900.0,,,2.418411;2.270226,129;475,
push,1577,7968,3391,1000.0,200.00000000000006,1200.0,2.532824;2.355229,213;481,
push,1577,7969,3391,1000.0,200.00000000000006,1200.0,0.911124;2.355229,134;481,
prune,1577,0,3391,1000.0,,,2.519974;2.355229,208;481,obstacle:1
push,1577,7970,3391,1000.0,200.00000000000006,1200.0,2.532824;2.4332,213;396,
push,1577,7971,3391,1000.0,200.00000000000006,1200.0,0.911124;2.4332,134;396,
prune,1577,0,3391,1000.0,,,2.519974;2.4332,208;396,obstacle:1
push,1577,7972,3391,1000.0,300.0000000000001,1300.0,2.532824;2.412366,213;560,
push,1577,7973,3391,1000.0,300.0000000000001,1300.0,0.911124;2.412366,134;560,
prune,1577,0,3391,1000.0,,,2.519974;2.412366,208;560,obstacle:1
pop,1578,3381,1600,900.0,,,2.198211;2.270226,50;475,
push,1578,7974,3381,1000.0,200.00000000000006,1200.0,2.294681;2.355229,56;481,
push,1578,7975,3381,1000.0,200.00000000000006,1200.0,0.902313;2.355229,141;481,
push,1578,7976,3381,1000.0,200.00000000000006,1200.0,2.294681;2.4332,56;396,
push,1578,7977,3381,1000.0,200.00000000000006,1200.0,0.902313;2.4332,141;396,
push,1578,7978,3381,1000.0,300.0000000000001,1300.0,2.294681;2.412366,56;560,
push,1578,7979,3381,1000.0,300.0000000000001,1300.0,0.902313;2.412366,141;560,
pop,1579,3390,1596,900.0,,,2.394762;2.270226,44;475,
push,1579,7980,3390,1000.0,200.00000000000006,1200.0,2.350609;2.355229,50;481,
push,1579,7981,3390,1000.0,200.00000000000006,1200.0,0.911124;2.355229,135;481,
push,1579,7982,3390,1000.0,200.00000000000006,1200.0,2.350609;2.4332,50;396,
push,1579,7983,3390,1000.0,200.00000000000006,1200.0,0.911124;2.4332,135;396,
push,1579,7984,3390,1000.0,300.0000000000001,1300.0,2.350609;2.412366,50;560,
push,1579,7985,3390,1000.0,300.0000000000001,1300.0,0.911124;2.412366,135;560,
pop,1580,3384,1601,900.0,,,2.388627;2.270226,302;475,
push,1580,7986,3384,1000.0,200.00000000000006,1200.0,2.512187;2.355229,386;481,
push,1580,7987,3384,1000.0,200.00000000000006,1200.0,2.481719;2.355229,307;481,
push,1580,7988,3384,1000.0,200.00000000000006,1200.0,2.512233;2.355229,381;481,
push,1580,7989,3384,1000.0,200.00000000000006,1200.0,2.512187;2.4332,386;396,
push,1580,7990,3384,1000.0,200.00000000000006,1200.0,2.481719;2.4332,307;396,
push,1580,7991,3384,1000.0,200.00000000000006,1200.0,2.512233;2.4332,381;396,
push,1580,7992,3384,1000.0,300.0000000000001,1300.0,2.512187;2.412366,386;560,
push,1580,7993,3384,1000.0,300.0000000000001,1300.0,2.481719;2.412366,307;560,
push,1580,7994,3384,1000.0,300.0000000000001,1300.0,2.512233;2.412366,381;560,
pop,1581,3385,1601,900.0,,,0.902229;2.270226,218;475,
push,1581,7995,3385,1000.0,200.00000000000006,1200.0,1.125371;2.355229,224;481,
push,1581,7996,3385,1000.0,200.00000000000006,1200.0,0.737753;2.355229,145;481,
push,1581,7997,3385,1000.0,200.00000000000006,1200.0,1.146544;2.355229,308;481,
push,1581,7998,3385,1000.0,200.00000000000006,1200.0,1.125371;2.4332,224;396,
push,1581,7999,3385,1000.0,200.00000000000006,1200.0,0.737753;2.4332,145;396,
push,1581,8000,3385,1000.0,200.00000000000006,1200.0,1.146544;1.774293,308;396,
push,1581,8001,3385,1000.0,300.0000000000001,1300.0,1.125371;2.412366,224;560,
push,1581,8002,3385,1000.0,300.0000000000001,1300.0,0.737753;2.412366,145;560,
push,1581,8003,3385,1000.0,300.0000000000001,1300.0,1.146544;2.412366,308;560,
pop,1582,8000,3385,1000.0,,,1.146544;1.774293,308;396,
push,1582,8004,8000,1100.0,200.00000000000006,1300.0,1.317798;1.937424,392;318,
push,1582,8005,8000,1100.0,200.00000000000006,1300.0,1.366511;1.457636,313;318,
push,1582,8006,8000,1100.0,200.00000000000006,1300.0,1.377004;1.937424,387;318,
push,1582,8007,8000,1100.0,399.99999999999994,1500.0,1.317798;1.896283,392;311,
push,1582,8008,8000,1100.0,399.99999999999994,1500.0,1.366511;1.896283,313;311,
push,1582,8009,8000,1100.0,399.99999999999994,1500.0,1.377004;1.896283,387;311,
push,1582,8010,8000,1100.0,100.00000000000004,1200.0,1.317798;1.929932,392;397,
push,1582,8011,8000,1100.0,100.00000000000004,1200.0,1.366511;1.929932,313;397,
push,1582,8012,8000,1100.0,100.00000000000004,1200.0,1.377004;1.929932,387;397,
pop,1583,8010,8000,1100.0,,,1.317798;1.929932,392;397,
push,1583,8013,8010,1200.0,4.263256414560601e-14,1200.0,1.458546;2.061408,482;403,
push,1583,8014,8010,1200.0,4.263256414560601e-14,1200.0,1.537599;2.061408,397;403,
push,1583,8015,8010,1200.0,4.263256414560601e-14,1200.0,1.544996;2.061408,477;403,
push,1583,8016,8010,1200.0,499.99999999999994,1700.0,1.458546;2.084127,482;324,
push,1583,8017,8010,1200.0,499.99999999999994,1700.0,1.537599;2.084127,397;324,
push,1583,8018,8010,1200.0,499.99999999999994,1700.0,1.544996;2.084127,477;324,
push,1583,8019,8010,1200.0,500.0000000000001,1700.0,1.458546;2.051349,482;488,
push,1583,8020,8010,1200.0,500.0000000000001,1700.0,1.537599;2.051349,397;488,
push,1583,8021,8010,1200.0,500.0000000000001,1700.0,1.544996;2.051349,477;488,
pop,1584,8011,8000,1100.0,,,1.366511;1.929932,313;397,
push,1584,8022,8011,1200.0,4.263256414560601e-14,1200.0,1.529185;2.061408,319;403,
push,1584,8023,8011,1200.0,4.263256414560601e-14,1200.0,1.575996;2.061408,235;403,
push,1584,8024,8011,1200.0,4.263256414560601e-14,1200.0,1.537599;2.061408,398;403,
push,1584,8025,8011,1200.0,499.99999999999994,1700.0,1.529185;1.613243,319;324,
push,1584,8026,8011,1200.0,499.99999999999994,1700.0,1.575996;2.084127,235;324,
push,1584,8027,8011,1200.0,499.99999999999994,1700.0,1.537599;2.084127,398;324,
push,1584,8028,8011,1200.0,500.0000000000001,1700.0,1.529185;2.051349,319;488,
push,1584,8029,8011,1200.0,500.0000000000001,1700.0,1.575996;2.051349,235;488,
push,1584,8030,8011,1200.0,500.0000000000001,1700.0,1.537599;2.051349,398;488,
pop,1585,8012,8000,1100.0,,,1.377004;1.929932,387;397,
push,1585,8031,8012,1200.0,4.263256414560601e-14,1200.0,1.544115;2.061408,471;403,
push,1585,8032,8012,1200.0,4.263256414560601e-14,1200.0,1.544996;2.061408,476;403,
push,1585,8033,8012,1200.0,4.263256414560601e-14,1200.0,1.575996;2.061408,382;403,
push,1585,8034,8012,1200.0,499.99999999999994,1700.0,1.544115;2.084127,471;324,
push,1585,8035,8012,1200.0,499.99999999999994,1700.0,1.544996;2.084127,476;324,
push,1585,8036,8012,1200.0,499.99999999999994,1700.0,1.575996;2.084127,382;324,
push,1585,8037,8012,1200.0,500.0000000000001,1700.0,1.544115;2.051349,471;488,
push,1585,8038,8012,1200.0,500.0000000000001,1700.0,1.544996;2.051349,476;488,
push,1585,8039,8012,1200.0,500.0000000000001,1700.0,1.575996;2.051349,382;488,
pop,1586,8013,8010,1200.0,,,1.458546;2.061408,482;403,
prune,1586,8013,8010,1200.0,,,1.458546;2.061408,482;403,goal_spline
pop,1587,8014,8010,1200.0,,,1.537599;2.061408,397;403,
prune,1587,8014,8010,1200.0,,,1.537599;2.061408,397;403,goal_spline
pop,1588,8015,8010,1200.0,,,1.544996;2.061408,477;403,
prune,1588,8015,8010,1200.0,,,1.544996;2.061408,477;403,goal_spline
pop,1589,8022,8011,1200.0,,,1.529185;2.061408,319;403,
prune,1589,8022,8011,1200.0,,,1.529185;2.061408,319;403,goal_spline
pop,1590,8023,8011,1200.0,,,1.575996;2.061408,235;403,
prune,1590,8023,8011,1200.0,,,1.575996;2.061408,235;403,goal_spline
pop,1591,8024,8011,1200.0,,,1.537599;2.061408,398;403,
prune,1591,8024,8011,1200.0,,,1.537599;2.061408,398;403,goal_spline
pop,1592,8031,8012,1200.0,,,1.544115;2.061408,471;403,
prune,1592,8031,8012,1200.0,,,1.544115;2.061408,471;403,goal_spline
pop,1593,8032,8012,1200.0,,,1.544996;2.061408,476;403,
prune,1593,8032,8012,1200.0,,,1.544996;2.061408,476;403,goal_spline
pop,1594,8033,8012,1200.0,,,1.575996;2.061408,382;403,
prune,1594,8033,8012,1200.0,,,1.575996;2.061408,382;403,goal_spline
pop,1595,3369,1615,900.0,,,2.198211;2.270226,50;475,
push,1595,8040,3369,1000.0,200.00000000000006,1200.0,2.294681;2.355229,56;481,
push,1595,8041,3369,1000.0,200.00000000000006,1200.0,0.902313;2.355229,141;481,
push,1595,8042,3369,1000.0,200.00000000000006,1200.0,2.294681;2.4332,56;396,
push,1595,8043,3369,1000.0,200.00000000000006,1200.0,0.902313;2.4332,141;396,
push,1595,8044,3369,1000.0,300.0000000000001,1300.0,2.294681;2.412366,56;560,
push,1595,8045,3369,1000.0,300.0000000000001,1300.0,0.902313;2.412366,141;560,
pop,1596,3362,1614,900.0,,,0.73931;2.270226,219;475,
push,1596,8046,3362,1000.0,200.00000000000006,1200.0,0.992847;2.355229,308;481,
push,1596,8047,3362,1000.0,200.00000000000006,1200.0,1.003897;2.355229,224;481,
push,1596,8048,3362,1000.0,200.00000000000006,1200.0,1.018721;2.355229,303;481,
push,1596,8049,3362,1000.0,200.00000000000006,1200.0,0.992847;1.587402,308;396,
push,1596,8050,3362,1000.0,200.00000000000006,1200.0,1.003897;2.4332,224;396,
push,1596,8051,3362,1000.0,200.00000000000006,1200.0,1.018721;2.4332,303;396,
push,1596,8052,3362,1000.0,300.0000000000001,1300.0,0.992847;2.412366,308;560,
push,1596,8053,3362,1000.0,300.0000000000001,1300.0,1.003897;2.412366,224;560,
push,1596,8054,3362,1000.0,300.0000000000001,1300.0,1.018721;2.412366,303;560,
pop,1597,8049,3362,1000.0,,,0.992847;1.587402,308;396,
push,1597,8055,8049,1100.0,200.00000000000006,1300.0,1.168902;1.777398,392;318,
push,1597,8056,8049,1100.0,200.00000000000006,1300.0,1.258045;1.357742,313;318,
push,1597,8057,8049,1100.0,200.00000000000006,1300.0,1.2655;1.7774,387;318,
push,1597,8058,8049,1100.0,399.99999999999994,1500.0,1.168902;1.711699,392;311,
push,1597,8059,8049,1100.0,399.99999999999994,1500.0,1.258045;1.711699,313;311,
push,1597,8060,8049,1100.0,399.99999999999994,1500.0,1.2655;1.711699,387;311,
push,1597,8061,8049,1100.0,100.00000000000004,1200.0,1.168902;1.772041,392;397,
push,1597,8062,8049,1100.0,100.00000000000004,1200.0,1.258045;1.772041,313;397,
push,1597,8063,8049,1100.0,100.00000000000004,1200.0,1.2655;1.772041,387;397,
pop,1598,8061,8049,1100.0,,,1.168902;1.772041,392;397,
push,1598,8064,8061,1200.0,4.263256414560601e-14,1200.0,1.314343;1.920137,482;403,
push,1598,8065,8061,1200.0,4.263256414560601e-14,1200.0,1.432833;1.920137,397;403,
push,1598,8066,8061,1200.0,4.263256414560601e-14,1200.0,1.437897;1.920137,477;403,
push,1598,8067,8061,1200.0,499.99999999999994,1700.0,1.314343;1.944815,482;324,
push,1598,8068,8061,1200.0,499.99999999999994,1700.0,1.432833;1.944815,397;324,
push,1598,8069,8061,1200.0,499.99999999999994,1700.0,1.437897;1.944815,477;324,
push,1598,8070,8061,1200.0,500.0000000000001,1700.0,1.314343;1.895534,482;488,
push,1598,8071,8061,1200.0,500.0000000000001,1700.0,1.432833;1.895534,397;488,
push,1598,8072,8061,1200.0,500.0000000000001,1700.0,1.437897;1.895534,477;488,
pop,1599,8062,8049,1100.0,,,1.258045;1.772041,313;397,
push,1599,8073,8062,1200.0,4.263256414560601e-14,1200.0,1.436677;1.920137,319;403,
push,1599,8074,8062,1200.0,4.263256414560601e-14,1200.0,1.488783;1.920137,235;403,
push,1599,8075,8062,1200.0,4.263256414560601e-14,1200.0,1.432833;1.920137,398;403,
push,1599,8076,8062,1200.0,499.99999999999994,1700.0,1.436677;1.526619,319;324,
push,1599,8077,8062,1200.0,499.99999999999994,1700.0,1.488783;1.944815,235;324,
push,1599,8078,8062,1200.0,499.99999999999994,1700.0,1.432833;1.944815,398;324,
push,1599,8079,8062,1200.0,500.0000000000001,1700.0,1.436677;1.895534,319;488,
push,1599,8080,8062,1200.0,500.0000000000001,1700.0,1.488783;1.895534,235;488,
push,1599,8081,8062,1200.0,500.0000000000001,1700.0,1.432833;1.895534,398;488,
pop,1600,8063,8049,1100.0,,,1.2655;1.772041,387;397,
push,1600,8082,8063,1200.0,4.263256414560601e-14,1200.0,1.446673;1.920137,471;403,
push,1600,8083,8063,1200.0,4.263256414560601e-14,1200.0,1.437897;1.920137,476;403,
push,1600,8084,8063,1200.0,4.263256414560601e-14,1200.0,1.488783;1.920137,382;403,
push,1600,8085,8063,1200.0,499.99999999999994,1700.0,1.446673;1.944815,471;324,
push,1600,8086,8063,1200.0,499.99999999999994,1700.0,1.437897;1.944815,476;324,
push,1600,8087,8063,1200.0,499.99999999999994,1700.0,1.488783;1.944815,382;324,
push,1600,8088,8063,1200.0,500.0000000000001,1700.0,1.446673;1.895534,471;488,
push,1600,8089,8063,1200.0,500.0000000000001,1700.0,1.437897;1.895534,476;488,
push,1600,8090,8063,1200.0,500.0000000000001,1700.0,1.488783;1.895534,382;488,
pop,1601,8064,8061,1200.0,,,1.314343;1.920137,482;403,
prune,1601,8064,8061,1200.0,,,1.314343;1.920137,482;403,goal_spline
pop,1602,8065,8061,1200.0,,,1.432833;1.920137,397;403,
prune,1602,8065,8061,1200.0,,,1.432833;1.920137,397;403,goal_spline
pop,1603,8066,8061,1200.0,,,1.437897;1.920137,477;403,
prune,1603,8066,8061,1200.0,,,1.437897;1.920137,477;403,goal_spline
pop,1604,8073,8062,1200.0,,,1.436677;1.920137,319;403,
prune,1604,8073,8062,1200.0,,,1.436677;1.920137,319;403,goal_spline
pop,1605,8074,8062,1200.0,,,1.488783;1.920137,235;403,
prune,1605,8074,8062,1200.0,,,1.488783;1.920137,235;403,goal_spline
pop,1606,8075,8062,1200.0,,,1.432833;1.920137,398;403,
prune,1606,8075,8062,1200.0,,,1.432833;1.920137,398;403,goal_spline
pop,1607,8082,8063,1200.0,,,1.446673;1.920137,471;403,
prune,1607,8082,8063,1200.0,,,1.446673;1.920137,471;403,goal_spline
pop,1608,8083,8063,1200.0,,,1.437897;1.920137,476;403,
prune,1608,8083,8063,1200.0,,,1.437897;1.920137,476;403,goal_spline
pop,1609,8084,8063,1200.0,,,1.488783;1.920137,382;403,
prune,1609,8084,8063,1200.0,,,1.488783;1.920137,382;403,goal_spline
pop,1610,3352,1608,900.0,,,2.394762;2.270226,49;475,
push,1610,8091,3352,1000.0,200.00000000000006,1200.0,2.350609;2.355229,50;481,
push,1610,8092,3352,1000.0,200.00000000000006,1200.0,2.350609;2.4332,50;396,
push,1610,8093,3352,1000.0,300.0000000000001,1300.0,2.350609;2.412366,50;560,
pop,1611,3360,1614,900.0,,,0.726929;2.270226,140;475,
push,1611,8094,3360,1000.0,200.00000000000006,1200.0,0.964921;2.355229,146;481,
push,1611,8095,3360,1000.0,200.00000000000006,1200.0,1.014793;2.355229,61;481,
push,1611,8096,3360,1000.0,200.00000000000006,1200.0,1.018062;2.355229,225;481,
push,1611,8097,3360,1000.0,200.00000000000006,1200.0,0.964921;2.4332,146;396,
push,1611,8098,3360,1000.0,200.00000000000006,1200.0,1.014793;2.4332,61;396,
push,1611,8099,3360,1000.0,200.00000000000006,1200.0,1.018062;2.4332,225;396,
push,1611,8100,3360,1000.0,300.0000000000001,1300.0,0.964921;2.412366,146;560,
push,1611,8101,3360,1000.0,300.0000000000001,1300.0,1.014793;2.412366,61;560,
push,1611,8102,3360,1000.0,300.0000000000001,1300.0,1.018062;2.412366,225;560,
pop,1612,3353,1608,900.0,,,2.411382;2.270226,213;475,
push,1612,8103,3353,1000.0,200.00000000000006,1200.0,2.531779;2.355229,302;481,
push,1612,8104,3353,1000.0,200.00000000000006,1200.0,0.913615;2.355229,218;481,
prune,1612,0,3353,1000.0,,,2.522649;2.355229,297;481,obstacle:1
push,1612,8105,3353,1000.0,200.00000000000006,1200.0,2.531779;2.4332,302;396,
push,1612,8106,3353,1000.0,200.00000000000006,1200.0,0.913615;2.4332,218;396,
prune,1612,0,3353,1000.0,,,2.522649;2.4332,297;396,obstacle:1
push,1612,8107,3353,1000.0,300.0000000000001,1300.0,2.531779;2.412366,302;560,
push,1612,8108,3353,1000.0,300.0000000000001,1300.0,0.913615;2.412366,218;560,
prune,1612,0,3353,1000.0,,,2.522649;2.412366,297;560,obstacle:1
pop,1613,3351,1608,900.0,,,0.903241;2.270226,134;475,
push,1613,8109,3351,1000.0,200.00000000000006,1200.0,0.732852;2.355229,140;481,
push,1613,8110,3351,1000.0,200.00000000000006,1200.0,1.13521;2.355229,55;481,
push,1613,8111,3351,1000.0,200.00000000000006,1200.0,0.741549;2.355229,219;481,
push,1613,8112,3351,1000.0,200.00000000000006,1200.0,0.732852;2.4332,140;396,
push,1613,8113,3351,1000.0,200.00000000000006,1200.0,1.13521;2.4332,55;396,
push,1613,8114,3351,1000.0,200.00000000000006,1200.0,0.741549;2.4332,219;396,
push,1613,8115,3351,1000.0,300.0000000000001,1300.0,0.732852;2.412366,140;560,
push,1613,8116,3351,1000.0,300.0000000000001,1300.0,1.13521;2.412366,55;560,
push,1613,8117,3351,1000.0,300.0000000000001,1300.0,0.741549;2.412366,219;560,
pop,1614,3343,1599,900.0,,,1.124937;2.270226,55;475,
push,1614,8118,3343,1000.0,200.00000000000006,1200.0,1.341184;2.355229,56;481,
push,1614,8119,3343,1000.0,200.00000000000006,1200.0,1.341184;2.4332,56;396,
push,1614,8120,3343,1000.0,300.0000000000001,1300.0,1.341184;2.412366,56;560,
pop,1615,3344,1599,900.0,,,0.73931;2.270226,219;475,
push,1615,8121,3344,1000.0,200.00000000000006,1200.0,0.992847;2.355229,308;481,
push,1615,8122,3344,1000.0,200.00000000000006,1200.0,1.003897;2.355229,224;481,
push,1615,8123,3344,1000.0,200.00000000000006,1200.0,1.018721;2.355229,303;481,
push,1615,8124,3344,1000.0,200.00000000000006,1200.0,0.992847;1.587402,308;396,
push,1615,8125,3344,1000.0,200.00000000000006,1200.0,1.003897;2.4332,224;396,
push,1615,8126,3344,1000.0,200.00000000000006,1200.0,1.018721;2.4332,303;396,
push,1615,8127,3344,1000.0,300.0000000000001,1300.0,0.992847;2.412366,308;560,
push,1615,8128,3344,1000.0,300.0000000000001,1300.0,1.003897;2.412366,224;560,
push,1615,8129,3344,1000.0,300.0000000000001,1300.0,1.018721;2.412366,303;560,
pop,1616,8124,3344,1000.0,,,0.992847;1.587402,308;396,
push,1616,8130,8124,1100.0,200.00000000000006,1300.0,1.168902;1.777398,392;318,
push,1616,8131,8124,1100.0,200.00000000000006,1300.0,1.258045;1.357742,313;318,
push,1616,8132,8124,1100.0,200.00000000000006,1300.0,1.2655;1.7774,387;318,
push,1616,8133,8124,1100.0,399.99999999999994,1500.0,1.168902;1.711699,392;311,
push,1616,8134,8124,1100.0,399.99999999999994,1500.0,1.258045;1.711699,313;311,
push,1616,8135,8124,1100.0,399.99999999999994,1500.0,1.2655;1.711699,387;311,
push,1616,8136,8124,1100.0,100.00000000000004,1200.0,1.168902;1.772041,392;397,
push,1616,8137,8124,1100.0,100.00000000000004,1200.0,1.258045;1.772041,313;397,
push,1616,8138,8124,1100.0,100.00000000000004,1200.0,1.2655;1.772041,387;397,
pop,1617,8136,8124,1100.0,,,1.168902;1.772041,392;397,
push,1617,8139,8136,1200.0,4.263256414560601e-14,1200.0,1.314343;1.920137,482;403,
push,1617,8140,8136,1200.0,4.263256414560601e-14,1200.0,1.432833;1.920137,397;403,
push,1617,8141,8136,1200.0,4.263256414560601e-14,1200.0,1.437897;1.920137,477;403,
push,1617,8142,8136,1200.0,499.99999999999994,1700.0,1.314343;1.944815,482;324,
push,1617,8143,8136,1200.0,499.99999999999994,1700.0,1.432833;1.944815,397;324,
push,1617,8144,8136,1200.0,499.99999999999994,1700.0,1.437897;1.944815,477;324,
push,1617,8145,8136,1200.0,500.0000000000001,1700.0,1.314343;1.895534,482;488,
push,1617,8146,8136,1200.0,500.0000000000001,1700.0,1.432833;1.895534,397;488,
push,1617,8147,8136,1200.0,500.0000000000001,1700.0,1.437897;1.895534,477;488,
pop,1618,8137,8124,1100.0,,,1.258045;1.772041,313;397,
push,1618,8148,8137,1200.0,4.263256414560601e-14,1200.0,1.436677;1.920137,319;403,
push,1618,8149,8137,1200.0,4.263256414560601e-14,1200.0,1.488783;1.920137,235;403,
push,1618,8150,8137,1200.0,4.263256414560601e-14,1200.0,1.432833;1.920137,398;403,
push,1618,8151,8137,1200.0,499.99999999999994,1700.0,1.436677;1.526619,319;324,
push,1618,8152,8137,1200.0,499.99999999999994,1700.0,1.488783;1.944815,235;324,
push,1618,8153,8137,1200.0,499.99999999999994,1700.0,1.432833;1.944815,398;324,
push,1618,8154,8137,1200.0,500.0000000000001,1700.0,1.436677;1.895534,319;488,
push,1618,8155,8137,1200.0,500.0000000000001,1700.0,1.488783;1.895534,235;488,
push,1618,8156,8137,1200.0,500.0000000000001,1700.0,1.432833;1.895534,398;488,
pop,1619,8138,8124,1100.0,,,1.2655;1.772041,387;397,
push,1619,8157,8138,1200.0,4.263256414560601e-14,1200.0,1.446673;1.920137,471;403,
push,1619,8158,8138,1200.0,4.263256414560601e-14,1200.0,1.437897;1.920137,476;403,
push,1619,8159,8138,1200.0,4.263256414560601e-14,1200.0,1.488783;1.920137,382;403,
push,1619,8160,8138,1200.0,499.99999999999994,1700.0,1.446673;1.944815,471;324,
push,1619,8161,8138,1200.0,499.99999999999994,1700.0,1.437897;1.944815,476;324,
push,1619,8162,8138,1200.0,499.99999999999994,1700.0,1.488783;1.944815,382;324,
push,1619,8163,8138,1200.0,500.0000000000001,1700.0,1.446673;1.895534,471;488,
push,1619,8164,8138,1200.0,500.0000000000001,1700.0,1.437897;1.895534,476;488,
push,1619,8165,8138,1200.0,500.0000000000001,1700.0,1.488783;1.895534,382;488,
pop,1620,8139,8136,1200.0,,,1.314343;1.920137,482;403,
prune,1620,8139,8136,1200.0,,,1.314343;1.920137,482;403,goal_spline
pop,1621,8140,8136,1200.0,,,1.432833;1.920137,397;403,
prune,1621,8140,8136,1200.0,,,1.432833;1.920137,397;403,goal_spline
pop,1622,8141,8136,1200.0,,,1.437897;1.920137,477;403,
prune,1622,8141,8136,1200.0,,,1.437897;1.920137,477;403,goal_spline
pop,1623,8148,8137,1200.0,,,1.436677;1.920137,319;403,
prune,1623,8148,8137,1200.0,,,1.436677;1.920137,319;403,goal_spline
pop,1624,8149,8137,1200.0,,,1.488783;1.920137,235;403,
prune,1624,8149,8137,1200.0,,,1.488783;1.920137,235;403,goal_spline
pop,1625,8150,8137,1200.0,,,1.432833;1.920137,398;403,
prune,1625,8150,8137,1200.0,,,1.432833;1.920137,398;403,goal_spline
pop,1626,8157,8138,1200.0,,,1.446673;1.920137,471;403,
prune,1626,8157,8138,1200.0,,,1.446673;1.920137,471;403,goal_spline
pop,1627,8158,8138,1200.0,,,1.437897;1.920137,476;403,
prune,1627,8158,8138,1200.0,,,1.437897;1.920137,476;403,goal_spline
pop,1628,8159,8138,1200.0,,,1.488783;1.920137,382;403,
prune,1628,8159,8138,1200.0,,,1.488783;1.920137,382;403,goal_spline
pop,1629,3336,1635,900.0,,,2.198211;2.270226,50;475,
push,1629,8166,3336,1000.0,200.00000000000006,1200.0,2.294681;2.355229,56;481,
push,1629,8167,3336,1000.0,200.00000000000006,1200.0,0.902313;2.355229,141;481,
push,1629,8168,3336,1000.0,200.00000000000006,1200.0,2.294681;2.4332,56;396,
push,1629,8169,3336,1000.0,200.00000000000006,1200.0,0.902313;2.4332,141;396,
push,1629,8170,3336,1000.0,300.0000000000001,1300.0,2.294681;2.412366,56;560,
push,1629,8171,3336,1000.0,300.0000000000001,1300.0,0.902313;2.412366,141;560,
pop,1630,3342,1599,900.0,,,0.726929;2.270226,140;475,
push,1630,8172,3342,1000.0,200.00000000000006,1200.0,0.964921;2.355229,146;481,
push,1630,8173,3342,1000.0,200.00000000000006,1200.0,1.014793;2.355229,61;481,
push,1630,8174,3342,1000.0,200.00000000000006,1200.0,1.018062;2.355229,225;481,
push,1630,8175,3342,1000.0,200.00000000000006,1200.0,0.964921;2.4332,146;396,
push,1630,8176,3342,1000.0,200.00000000000006,1200.0,1.014793;2.4332,61;396,
push,1630,8177,3342,1000.0,200.00000000000006,1200.0,1.018062;2.4332,225;396,
push,1630,8178,3342,1000.0,300.0000000000001,1300.0,0.964921;2.412366,146;560,
push,1630,8179,3342,1000.0,300.0000000000001,1300.0,1.014793;2.412366,61;560,
push,1630,8180,3342,1000.0,300.0000000000001,1300.0,1.018062;2.412366,225;560,
pop,1631,3337,1635,900.0,,,0.903241;2.270226,135;475,
push,1631,8181,3337,1000.0,200.00000000000006,1200.0,0.741549;2.355229,219;481,
push,1631,8182,3337,1000.0,200.00000000000006,1200.0,0.732852;2.355229,140;481,
push,1631,8183,3337,1000.0,200.00000000000006,1200.0,1.150423;2.355229,214;481,
push,1631,8184,3337,1000.0,200.00000000000006,1200.0,0.741549;2.4332,219;396,
push,1631,8185,3337,1000.0,200.00000000000006,1200.0,0.732852;2.4332,140;396,
push,1631,8186,3337,1000.0,200.00000000000006,1200.0,1.150423;2.4332,214;396,
push,1631,8187,3337,1000.0,300.0000000000001,1300.0,0.741549;2.412366,219;560,
push,1631,8188,3337,1000.0,300.0000000000001,1300.0,0.732852;2.412366,140;560,
push,1631,8189,3337,1000.0,300.0000000000001,1300.0,1.150423;2.412366,214;560,
pop,1632,3329,1632,900.0,,,2.411382;2.270226,213;475,
push,1632,8190,3329,1000.0,200.00000000000006,1200.0,2.531779;2.355229,302;481,
push,1632,8191,3329,1000.0,200.00000000000006,1200.0,0.913615;2.355229,218;481,
prune,1632,0,3329,1000.0,,,2.522649;2.355229,297;481,obstacle:1
push,1632,8192,3329,1000.0,200.00000000000006,1200.0,2.531779;2.4332,302;396,
push,1632,8193,3329,1000.0,200.00000000000006,1200.0,0.913615;2.4332,218;396,
prune,1632,0,3329,1000.0,,,2.522649;2.4332,297;396,obstacle:1
push,1632,8194,3329,1000.0,300.0000000000001,1300.0,2.531779;2.412366,302;560,
push,1632,8195,3329,1000.0,300.0000000000001,1300.0,0.913615;2.412366,218;560,
prune,1632,0,3329,1000.0,,,2.522649;2.412366,297;560,obstacle:1
pop,1633,3327,1632,900.0,,,0.903241;2.270226,134;475,
push,1633,8196,3327,1000.0,200.00000000000006,1200.0,0.732852;2.355229,140;481,
push,1633,8197,3327,1000.0,200.00000000000006,1200.0,1.13521;2.355229,55;481,
push,1633,8198,3327,1000.0,200.00000000000006,1200.0,0.741549;2.355229,219;481,
push,1633,8199,3327,1000.0,200.00000000000006,1200.0,0.732852;2.4332,140;396,
push,1633,8200,3327,1000.0,200.00000000000006,1200.0,1.13521;2.4332,55;396,
push,1633,8201,3327,1000.0,200.00000000000006,1200.0,0.741549;2.4332,219;396,
push,1633,8202,3327,1000.0,300.0000000000001,1300.0,0.732852;2.412366,140;560,
push,1633,8203,3327,1000.0,300.0000000000001,1300.0,1.13521;2.412366,55;560,
push,1633,8204,3327,1000.0,300.0000000000001,1300.0,0.741549;2.412366,219;560,
pop,1634,3328,1632,900.0,,,2.394762;2.270226,49;475,
push,1634,8205,3328,1000.0,200.00000000000006,1200.0,2.350609;2.355229,50;481,
push,1634,8206,3328,1000.0,200.00000000000006,1200.0,2.350609;2.4332,50;396,
push,1634,8207,3328,1000.0,300.0000000000001,1300.0,2.350609;2.412366,50;560,
pop,1635,3321,1627,900.0,,,2.411382;2.270226,213;475,
push,1635,8208,3321,1000.0,200.00000000000006,1200.0,2.531779;2.355229,302;481,
push,1635,8209,3321,1000.0,200.00000000000006,1200.0,0.913615;2.355229,218;481,
prune,1635,0,3321,1000.0,,,2.522649;2.355229,297;481,obstacle:1
push,1635,8210,3321,1000.0,200.00000000000006,1200.0,2.531779;2.4332,302;396,
push,1635,8211,3321,1000.0,200.00000000000006,1200.0,0.913615;2.4332,218;396,
prune,1635,0,3321,1000.0,,,2.522649;2.4332,297;396,obstacle:1
push,1635,8212,3321,1000.0,300.0000000000001,1300.0,2.531779;2.412366,302;560,
push,1635,8213,3321,1000.0,300.0000000000001,1300.0,0.913615;2.412366,218;560,
prune,1635,0,3321,1000.0,,,2.522649;2.412366,297;560,obstacle:1
pop,1636,3322,1627,900.0,,,0.903241;2.270226,134;475,
push,1636,8214,3322,1000.0,200.00000000000006,1200.0,0.732852;2.355229,140;481,
push,1636,8215,3322,1000.0,200.00000000000006,1200.0,1.13521;2.355229,55;481,
push,1636,8216,3322,1000.0,200.00000000000006,1200.0,0.741549;2.355229,219;481,
push,1636,8217,3322,1000.0,200.00000000000006,1200.0,0.732852;2.4332,140;396,
push,1636,8218,3322,1000.0,200.00000000000006,1200.0,1.13521;2.4332,55;396,
push,1636,8219,3322,1000.0,200.00000000000006,1200.0,0.741549;2.4332,219;396,
push,1636,8220,3322,1000.0,300.0000000000001,1300.0,0.732852;2.412366,140;560,
push,1636,8221,3322,1000.0,300.0000000000001,1300.0,1.13521;2.412366,55;560,
push,1636,8222,3322,1000.0,300.0000000000001,1300.0,0.741549;2.412366,219;560,
pop,1637,3315,1642,900.0,,,2.411382;2.270226,213;475,
push,1637,8223,3315,1000.0,200.00000000000006,1200.0,2.531779;2.355229,302;481,
push,1637,8224,3315,1000.0,200.00000000000006,1200.0,0.913615;2.355229,218;481,
prune,1637,0,3315,1000.0,,,2.522649;2.355229,297;481,obstacle:1
push,1637,8225,3315,1000.0,200.00000000000006,1200.0,2.531779;2.4332,302;396,
push,1637,8226,3315,1000.0,200.00000000000006,1200.0,0.913615;2.4332,218;396,
prune,1637,0,3315,1000.0,,,2.522649;2.4332,297;396,obstacle:1
push,1637,8227,3315,1000.0,300.0000000000001,1300.0,2.531779;2.412366,302;560,
push,1637,8228,3315,1000.0,300.0000000000001,1300.0,0.913615;2.412366,218;560,
prune,1637,0,3315,1000.0,,,2.522649;2.412366,297;560,obstacle:1
pop,1638,3316,1642,900.0,,,0.903241;2.270226,134;475,
push,1638,8229,3316,1000.0,200.00000000000006,1200.0,0.732852;2.355229,140;481,
push,1638,8230,3316,1000.0,200.00000000000006,1200.0,1.13521;2.355229,55;481,
push,1638,8231,3316,1000.0,200.00000000000006,1200.0,0.741549;2.355229,219;481,
push,1638,8232,3316,1000.0,200.00000000000006,1200.0,0.732852;2.4332,140;396,
push,1638,8233,3316,1000.0,200.00000000000006,1200.0,1.13521;2.4332,55;396,
push,1638,8234,3316,1000.0,200.00000000000006,1200.0,0.741549;2.4332,219;396,
push,1638,8235,3316,1000.0,300.0000000000001,1300.0,0.732852;2.412366,140;560,
push,1638,8236,3316,1000.0,300.0000000000001,1300.0,1.13521;2.412366,55;560,
push,1638,8237,3316,1000.0,300.0000000000001,1300.0,0.741549;2.412366,219;560,
pop,1639,3306,1647,900.0,,,0.903241;2.270226,134;475,
push,1639,8238,3306,1000.0,200.00000000000006,1200.0,0.732852;2.355229,140;481,
push,1639,8239,3306,1000.0,200.00000000000006,1200.0,1.13521;2.355229,55;481,
push,1639,8240,3306,1000.0,200.00000000000006,1200.0,0.741549;2.355229,219;481,
push,1639,8241,3306,1000.0,200.00000000000006,1200.0,0.732852;2.4332,140;396,
push,1639,8242,3306,1000.0,200.00000000000006,1200.0,1.13521;2.4332,55;396,
push,1639,8243,3306,1000.0,200.00000000000006,1200.0,0.741549;2.4332,219;396,
push,1639,8244,3306,1000.0,300.0000000000001,1300.0,0.732852;2.412366,140;560,
push,1639,8245,3306,1000.0,300.0000000000001,1300.0,1.13521;2.412366,55;560,
push,1639,8246,3306,1000.0,300.0000000000001,1300.0,0.741549;2.412366,219;560,
pop,1640,3308,1647,900.0,,,2.411382;2.270226,213;475,
push,1640,8247,3308,1000.0,200.00000000000006,1200.0,2.531779;2.355229,302;481,
push,1640,8248,3308,1000.0,200.00000000000006,1200.0,0.913615;2.355229,218;481,
prune,1640,0,3308,1000.0,,,2.522649;2.355229,297;481,obstacle:1
push,1640,8249,3308,1000.0,200.00000000000006,1200.0,2.531779;2.4332,302;396,
push,1640,8250,3308,1000.0,200.00000000000006,1200.0,0.913615;2.4332,218;396,
prune,1640,0,3308,1000.0,,,2.522649;2.4332,297;396,obstacle:1
push,1640,8251,3308,1000.0,300.0000000000001,1300.0,2.531779;2.412366,302;560,
push,1640,8252,3308,1000.0,300.0000000000001,1300.0,0.913615;2.412366,218;560,
prune,1640,0,3308,1000.0,,,2.522649;2.412366,297;560,obstacle:1
pop,1641,3307,1647,900.0,,,2.394762;2.270226,49;475,
push,1641,8253,3307,1000.0,200.00000000000006,1200.0,2.350609;2.355229,50;481,
push,1641,8254,3307,1000.0,200.00000000000006,1200.0,2.350609;2.4332,50;396,
push,1641,8255,3307,1000.0,300.0000000000001,1300.0,2.350609;2.412366,50;560,
pop,1642,3361,1614,900.0,,,1.124937;2.270226,55;475,
push,1642,8256,3361,1000.0,200.00000000000006,1200.0,1.341184;2.355229,56;481,
push,1642,8257,3361,1000.0,200.00000000000006,1200.0,1.341184;2.4332,56;396,
push,1642,8258,3361,1000.0,300.0000000000001,1300.0,1.341184;2.412366,56;560,
pop,1643,3821,1387,900.0,,,2.418411;2.270226,257;475,
pop,1644,2091,1308,900.0,,,2.391248;2.270226,434;475,
push,1644,8259,2091,1000.0,200.00000000000006,1200.0,2.486446;2.355229,518;481,
push,1644,8260,2091,1000.0,200.00000000000006,1200.0,2.522055;2.355229,439;481,
push,1644,8261,2091,1000.0,200.00000000000006,1200.0,2.5055;2.355229,513;481,
push,1644,8262,2091,1000.0,200.00000000000006,1200.0,2.486446;2.4332,518;396,
push,1644,8263,2091,1000.0,200.00000000000006,1200.0,2.522055;2.4332,439;396,
push,1644,8264,2091,1000.0,200.00000000000006,1200.0,2.5055;2.4332,513;396,
push,1644,8265,2091,1000.0,300.0000000000001,1300.0,2.486446;2.412366,518;560,
push,1644,8266,2091,1000.0,300.0000000000001,1300.0,2.522055;2.412366,439;560,
push,1644,8267,2091,1000.0,300.0000000000001,1300.0,2.5055;2.412366,513;560,
pop,1645,2100,1326,900.0,,,0.726929;2.270226,140;475,
push,1645,8268,2100,1000.0,200.00000000000006,1200.0,0.964921;2.355229,146;481,
push,1645,8269,2100,1000.0,200.00000000000006,1200.0,1.014793;2.355229,61;481,
push,1645,8270,2100,1000.0,200.00000000000006,1200.0,1.018062;2.355229,225;481,
push,1645,8271,2100,1000.0,200.00000000000006,1200.0,0.964921;2.4332,146;396,
push,1645,8272,2100,1000.0,200.00000000000006,1200.0,1.014793;2.4332,61;396,
push,1645,8273,2100,1000.0,200.00000000000006,1200.0,1.018062;2.4332,225;396,
push,1645,8274,2100,1000.0,300.0000000000001,1300.0,0.964921;2.412366,146;560,
push,1645,8275,2100,1000.0,300.0000000000001,1300.0,1.014793;2.412366,61;560,
push,1645,8276,2100,1000.0,300.0000000000001,1300.0,1.018062;2.412366,225;560,
pop,1646,3828,1224,900.0,,,2.321928;2.270226,553;475,
push,1646,8277,3828,1000.0,200.00000000000006,1200.0,2.412366;2.355229,559;481,
push,1646,8278,3828,1000.0,200.00000000000006,1200.0,2.475532;2.355229,480;481,
push,1646,8279,3828,1000.0,200.00000000000006,1200.0,2.412366;2.4332,559;396,
push,1646,8280,3828,1000.0,200.00000000000006,1200.0,2.475532;2.4332,480;396,
push,1646,8281,3828,1000.0,300.0000000000001,1300.0,2.412366;2.412366,559;560,
push,1646,8282,3828,1000.0,300.0000000000001,1300.0,2.475532;2.412366,480;560,
pop,1647,3829,1224,900.0,,,2.381437;2.270226,474;475,
push,1647,8283,3829,1000.0,200.00000000000006,1200.0,2.515798;2.355229,390;481,
push,1647,8284,3829,1000.0,200.00000000000006,1200.0,2.49698;2.355229,383;481,
push,1647,8285,3829,1000.0,200.00000000000006,1200.0,2.475532;2.355229,475;481,
push,1647,8286,3829,1000.0,200.00000000000006,1200.0,2.515798;2.4332,390;396,
push,1647,8287,3829,1000.0,200.00000000000006,1200.0,2.49698;2.4332,383;396,
push,1647,8288,3829,1000.0,200.00000000000006,1200.0,2.475532;2.4332,475;396,
push,1647,8289,3829,1000.0,300.0000000000001,1300.0,2.515798;2.412366,390;560,
push,1647,8290,3829,1000.0,300.0000000000001,1300.0,2.49698;2.412366,383;560,
push,1647,8291,3829,1000.0,300.0000000000001,1300.0,2.475532;2.412366,475;560,
pop,1648,3523,1533,900.0,,,2.394762;2.270226,49;475,
push,1648,8292,3523,1000.0,200.00000000000006,1200.0,2.350609;2.355229,50;481,
push,1648,8293,3523,1000.0,200.00000000000006,1200.0,2.350609;2.4332,50;396,
push,1648,8294,3523,1000.0,300.0000000000001,1300.0,2.350609;2.412366,50;560,
pop,1649,3373,1616,900.0,,,0.902229;2.270226,218;475,
push,1649,8295,3373,1000.0,200.00000000000006,1200.0,1.125371;2.355229,224;481,
push,1649,8296,3373,1000.0,200.00000000000006,1200.0,0.737753;2.355229,145;481,
push,1649,8297,3373,1000.0,200.00000000000006,1200.0,1.146544;2.355229,308;481,
push,1649,8298,3373,1000.0,200.00000000000006,1200.0,1.125371;2.4332,224;396,
push,1649,8299,3373,1000.0,200.00000000000006,1200.0,0.737753;2.4332,145;396,
push,1649,8300,3373,1000.0,200.00000000000006,1200.0,1.146544;1.774293,308;396,
push,1649,8301,3373,1000.0,300.0000000000001,1300.0,1.125371;2.412366,224;560,
push,1649,8302,3373,1000.0,300.0000000000001,1300.0,0.737753;2.412366,145;560,
push,1649,8303,3373,1000.0,300.0000000000001,1300.0,1.146544;2.412366,308;560,
pop,1650,8300,3373,1000.0,,,1.146544;1.774293,308;396,
push,1650,8304,8300,1100.0,200.00000000000006,1300.0,1.317798;1.937424,392;318,
push,1650,8305,8300,1100.0,200.00000000000006,1300.0,1.366511;1.457636,313;318,
push,1650,8306,8300,1100.0,200.00000000000006,1300.0,1.377004;1.937424,387;318,
push,1650,8307,8300,1100.0,399.99999999999994,1500.0,1.317798;1.896283,392;311,
push,1650,8308,8300,1100.0,399.99999999999994,1500.0,1.366511;1.896283,313;311,
push,1650,8309,8300,1100.0,399.99999999999994,1500.0,1.377004;1.896283,387;311,
push,1650,8310,8300,1100.0,100.00000000000004,1200.0,1.317798;1.929932,392;397,
push,1650,8311,8300,1100.0,100.00000000000004,1200.0,1.366511;1.929932,313;397,
push,1650,8312,8300,1100.0,100.00000000000004,1200.0,1.377004;1.929932,387;397,
pop,1651,8310,8300,1100.0,,,1.317798;1.929932,392;397,
push,1651,8313,8310,1200.0,4.263256414560601e-14,1200.0,1.458546;2.061408,482;403,
push,1651,8314,8310,1200.0,4.263256414560601e-14,1200.0,1.537599;2.061408,397;403,
push,1651,8315,8310,1200.0,4.263256414560601e-14,1200.0,1.544996;2.061408,477;403,
push,1651,8316,8310,1200.0,499.99999999999994,1700.0,1.458546;2.084127,482;324,
push,1651,8317,8310,1200.0,499.99999999999994,1700.0,1.537599;2.084127,397;324,
push,1651,8318,8310,1200.0,499.99999999999994,1700.0,1.544996;2.084127,477;324,
push,1651,8319,8310,1200.0,500.0000000000001,1700.0,1.458546;2.051349,482;488,
push,1651,8320,8310,1200.0,500.0000000000001,1700.0,1.537599;2.051349,397;488,
push,1651,8321,8310,1200.0,500.0000000000001,1700.0,1.544996;2.051349,477;488,
pop,1652,8311,8300,1100.0,,,1.366511;1.929932,313;397,
push,1652,8322,8311,1200.0,4.263256414560601e-14,1200.0,1.529185;2.061408,319;403,
push,1652,8323,8311,1200.0,4.263256414560601e-14,1200.0,1.575996;2.061408,235;403,
push,1652,8324,8311,1200.0,4.263256414560601e-14,1200.0,1.537599;2.061408,398;403,
push,1652,8325,8311,1200.0,499.99999999999994,1700.0,1.529185;1.613243,319;324,
push,1652,8326,8311,1200.0,499.99999999999994,1700.0,1.575996;2.084127,235;324,
push,1652,8327,8311,1200.0,499.99999999999994,1700.0,1.537599;2.084127,398;324,
push,1652,8328,8311,1200.0,500.0000000000001,1700.0,1.529185;2.051349,319;488,
push,1652,8329,8311,1200.0,500.0000000000001,1700.0,1.575996;2.051349,235;488,
push,1652,8330,8311,1200.0,500.0000000000001,1700.0,1.537599;2.051349,398;488,
pop,1653,8312,8300,1100.0,,,1.377004;1.929932,387;397,
push,1653,8331,8312,1200.0,4.263256414560601e-14,1200.0,1.544115;2.061408,471;403,
push,1653,8332,8312,1200.0,4.263256414560601e-14,1200.0,1.544996;2.061408,476;403,
push,1653,8333,8312,1200.0,4.263256414560601e-14,1200.0,1.575996;2.061408,382;403,
push,1653,8334,8312,1200.0,499.99999999999994,1700.0,1.544115;2.084127,471;324,
push,1653,8335,8312,1200.0,499.99999999999994,1700.0,1.544996;2.084127,476;324,
push,1653,8336,8312,1200.0,499.99999999999994,1700.0,1.575996;2.084127,382;324,
push,1653,8337,8312,1200.0,500.0000000000001,1700.0,1.544115;2.051349,471;488,
push,1653,8338,8312,1200.0,500.0000000000001,1700.0,1.544996;2.051349,476;488,
push,1653,8339,8312,1200.0,500.0000000000001,1700.0,1.575996;2.051349,382;488,
pop,1654,8313,8310,1200.0,,,1.458546;2.061408,482;403,
prune,1654,8313,8310,1200.0,,,1.458546;2.061408,482;403,goal_spline
pop,1655,8314,8310,1200.0,,,1.537599;2.061408,397;403,
prune,1655,8314,8310,1200.0,,,1.537599;2.061408,397;403,goal_spline
pop,1656,8315,8310,1200.0,,,1.544996;2.061408,477;403,
prune,1656,8315,8310,1200.0,,,1.544996;2.061408,477;403,goal_spline
pop,1657,8322,8311,1200.0,,,1.529185;2.061408,319;403,
prune,1657,8322,8311,1200.0,,,1.529185;2.061408,319;403,goal_spline
pop,1658,8323,8311,1200.0,,,1.575996;2.061408,235;403,
prune,1658,8323,8311,1200.0,,,1.575996;2.061408,235;403,goal_spline
pop,1659,8324,8311,1200.0,,,1.537599;2.061408,398;403,
prune,1659,8324,8311,1200.0,,,1.537599;2.061408,398;403,goal_spline
pop,1660,8331,8312,1200.0,,,1.544115;2.061408,471;403,
prune,1660,8331,8312,1200.0,,,1.544115;2.061408,471;403,goal_spline
pop,1661,8332,8312,1200.0,,,1.544996;2.061408,476;403,
prune,1661,8332,8312,1200.0,,,1.544996;2.061408,476;403,goal_spline
pop,1662,8333,8312,1200.0,,,1.575996;2.061408,382;403,
prune,1662,8333,8312,1200.0,,,1.575996;2.061408,382;403,goal_spline
pop,1663,3301,1641,900.0,,,0.903241;2.270226,135;475,
push,1663,8340,3301,1000.0,200.00000000000006,1200.0,0.741549;2.355229,219;481,
push,1663,8341,3301,1000.0,200.00000000000006,1200.0,0.732852;2.355229,140;481,
push,1663,8342,3301,1000.0,200.00000000000006,1200.0,1.150423;2.355229,214;481,
push,1663,8343,3301,1000.0,200.00000000000006,1200.0,0.741549;2.4332,219;396,
push,1663,8344,3301,1000.0,200.00000000000006,1200.0,0.732852;2.4332,140;396,
push,1663,8345,3301,1000.0,200.00000000000006,1200.0,1.150423;2.4332,214;396,
push,1663,8346,3301,1000.0,300.0000000000001,1300.0,0.741549;2.412366,219;560,
push,1663,8347,3301,1000.0,300.0000000000001,1300.0,0.732852;2.412366,140;560,
push,1663,8348,3301,1000.0,300.0000000000001,1300.0,1.150423;2.412366,214;560,
pop,1664,3294,1651,900.0,,,2.411382;2.270226,213;475,
push,1664,8349,3294,1000.0,200.00000000000006,1200.0,2.531779;2.355229,302;481,
push,1664,8350,3294,1000.0,200.00000000000006,1200.0,0.913615;2.355229,218;481,
prune,1664,0,3294,1000.0,,,2.522649;2.355229,297;481,obstacle:1
push,1664,8351,3294,1000.0,200.00000000000006,1200.0,2.531779;2.4332,302;396,
push,1664,8352,3294,1000.0,200.00000000000006,1200.0,0.913615;2.4332,218;396,
prune,1664,0,3294,1000.0,,,2.522649;2.4332,297;396,obstacle:1
push,1664,8353,3294,1000.0,300.0000000000001,1300.0,2.531779;2.412366,302;560,
push,1664,8354,3294,1000.0,300.0000000000001,1300.0,0.913615;2.412366,218;560,
prune,1664,0,3294,1000.0,,,2.522649;2.412366,297;560,obstacle:1
pop,1665,3295,1651,900.0,,,0.903241;2.270226,134;475,
push,1665,8355,3295,1000.0,200.00000000000006,1200.0,0.732852;2.355229,140;481,
push,1665,8356,3295,1000.0,200.00000000000006,1200.0,1.13521;2.355229,55;481,
push,1665,8357,3295,1000.0,200.00000000000006,1200.0,0.741549;2.355229,219;481,
push,1665,8358,3295,1000.0,200.00000000000006,1200.0,0.732852;2.4332,140;396,
push,1665,8359,3295,1000.0,200.00000000000006,1200.0,1.13521;2.4332,55;396,
push,1665,8360,3295,1000.0,200.00000000000006,1200.0,0.741549;2.4332,219;396,
push,1665,8361,3295,1000.0,300.0000000000001,1300.0,0.732852;2.412366,140;560,
push,1665,8362,3295,1000.0,300.0000000000001,1300.0,1.13521;2.412366,55;560,
push,1665,8363,3295,1000.0,300.0000000000001,1300.0,0.741549;2.412366,219;560,
pop,1666,3291,1657,900.0,,,2.394762;2.270226,44;475,
push,1666,8364,3291,1000.0,200.00000000000006,1200.0,2.350609;2.355229,50;481,
push,1666,8365,3291,1000.0,200.00000000000006,1200.0,0.911124;2.355229,135;481,
push,1666,8366,3291,1000.0,200.00000000000006,1200.0,2.350609;2.4332,50;396,
push,1666,8367,3291,1000.0,200.00000000000006,1200.0,0.911124;2.4332,135;396,
push,1666,8368,3291,1000.0,300.0000000000001,1300.0,2.350609;2.412366,50;560,
push,1666,8369,3291,1000.0,300.0000000000001,1300.0,0.911124;2.412366,135;560,
pop,1667,3282,1656,900.0,,,0.903241;2.270226,134;475,
push,1667,8370,3282,1000.0,200.00000000000006,1200.0,0.732852;2.355229,140;481,
push,1667,8371,3282,1000.0,200.00000000000006,1200.0,1.13521;2.355229,55;481,
push,1667,8372,3282,1000.0,200.00000000000006,1200.0,0.741549;2.355229,219;481,
push,1667,8373,3282,1000.0,200.00000000000006,1200.0,0.732852;2.4332,140;396,
push,1667,8374,3282,1000.0,200.00000000000006,1200.0,1.13521;2.4332,55;396,
push,1667,8375,3282,1000.0,200.00000000000006,1200.0,0.741549;2.4332,219;396,
push,1667,8376,3282,1000.0,300.0000000000001,1300.0,0.732852;2.412366,140;560,
push,1667,8377,3282,1000.0,300.0000000000001,1300.0,1.13521;2.412366,55;560,
push,1667,8378,3282,1000.0,300.0000000000001,1300.0,0.741549;2.412366,219;560,
pop,1668,3284,1656,900.0,,,2.411382;2.270226,213;475,
push,1668,8379,3284,1000.0,200.00000000000006,1200.0,2.531779;2.355229,302;481,
push,1668,8380,3284,1000.0,200.00000000000006,1200.0,0.913615;2.355229,218;481,
prune,1668,0,3284,1000.0,,,2.522649;2.355229,297;481,obstacle:1
push,1668,8381,3284,1000.0,200.00000000000006,1200.0,2.531779;2.4332,302;396,
push,1668,8382,3284,1000.0,200.00000000000006,1200.0,0.913615;2.4332,218;396,
prune,1668,0,3284,1000.0,,,2.522649;2.4332,297;396,obstacle:1
push,1668,8383,3284,1000.0,300.0000000000001,1300.0,2.531779;2.412366,302;560,
push,1668,8384,3284,1000.0,300.0000000000001,1300.0,0.913615;2.412366,218;560,
prune,1668,0,3284,1000.0,,,2.522649;2.412366,297;560,obstacle:1
pop,1669,3283,1656,900.0,,,2.394762;2.270226,49;475,
push,1669,8385,3283,1000.0,200.00000000000006,1200.0,2.350609;2.355229,50;481,
push,1669,8386,3283,1000.0,200.00000000000006,1200.0,2.350609;2.4332,50;396,
push,1669,8387,3283,1000.0,300.0000000000001,1300.0,2.350609;2.412366,50;560,
pop,1670,3277,1650,900.0,,,0.903241;2.270226,135;475,
push,1670,8388,3277,1000.0,200.00000000000006,1200.0,0.741549;2.355229,219;481,
push,1670,8389,3277,1000.0,200.00000000000006,1200.0,0.732852;2.355229,140;481,
push,1670,8390,3277,1000.0,200.00000000000006,1200.0,1.150423;2.355229,214;481,
push,1670,8391,3277,1000.0,200.00000000000006,1200.0,0.741549;2.4332,219;396,
push,1670,8392,3277,1000.0,200.00000000000006,1200.0,0.732852;2.4332,140;396,
push,1670,8393,3277,1000.0,200.00000000000006,1200.0,1.150423;2.4332,214;396,
push,1670,8394,3277,1000.0,300.0000000000001,1300.0,0.741549;2.412366,219;560,
push,1670,8395,3277,1000.0,300.0000000000001,1300.0,0.732852;2.412366,140;560,
push,1670,8396,3277,1000.0,300.0000000000001,1300.0,1.150423;2.412366,214;560,
pop,1671,3276,1650,900.0,,,2.198211;2.270226,50;475,
push,1671,8397,3276,1000.0,200.00000000000006,1200.0,2.294681;2.355229,56;481,
push,1671,8398,3276,1000.0,200.00000000000006,1200.0,0.902313;2.355229,141;481,
push,1671,8399,3276,1000.0,200.00000000000006,1200.0,2.294681;2.4332,56;396,
push,1671,8400,3276,1000.0,200.00000000000006,1200.0,0.902313;2.4332,141;396,
push,1671,8401,3276,1000.0,300.0000000000001,1300.0,2.294681;2.412366,56;560,
push,1671,8402,3276,1000.0,300.0000000000001,1300.0,0.902313;2.412366,141;560,
pop,1672,3268,1638,900.0,,,2.394762;2.270226,49;475,
push,1672,8403,3268,1000.0,200.00000000000006,1200.0,2.350609;2.355229,50;481,
push,1672,8404,3268,1000.0,200.00000000000006,1200.0,2.350609;2.4332,50;396,
push,1672,8405,3268,1000.0,300.0000000000001,1300.0,2.350609;2.412366,50;560,
pop,1673,3269,1638,900.0,,,2.411382;2.270226,213;475,
push,1673,8406,3269,1000.0,200.00000000000006,1200.0,2.531779;2.355229,302;481,
push,1673,8407,3269,1000.0,200.00000000000006,1200.0,0.913615;2.355229,218;481,
prune,1673,0,3269,1000.0,,,2.522649;2.355229,297;481,obstacle:1
push,1673,8408,3269,1000.0,200.00000000000006,1200.0,2.531779;2.4332,302;396,
push,1673,8409,3269,1000.0,200.00000000000006,1200.0,0.913615;2.4332,218;396,
prune,1673,0,3269,1000.0,,,2.522649;2.4332,297;396,obstacle:1
push,1673,8410,3269,1000.0,300.0000000000001,1300.0,2.531779;2.412366,302;560,
push,1673,8411,3269,1000.0,300.0000000000001,1300.0,0.913615;2.412366,218;560,
prune,1673,0,3269,1000.0,,,2.522649;2.412366,297;560,obstacle:1
pop,1674,3255,1669,900.0,,,2.411382;2.270226,213;475,
push,1674,8412,3255,1000.0,200.00000000000006,1200.0,2.531779;2.355229,302;481,
push,1674,8413,3255,1000.0,200.00000000000006,1200.0,0.913615;2.355229,218;481,
prune,1674,0,3255,1000.0,,,2.522649;2.355229,297;481,obstacle:1
push,1674,8414,3255,1000.0,200.00000000000006,1200.0,2.531779;2.4332,302;396,
push,1674,8415,3255,1000.0,200.00000000000006,1200.0,0.913615;2.4332,218;396,
prune,1674,0,3255,1000.0,,,2.522649;2.4332,297;396,obstacle:1
push,1674,8416,3255,1000.0,300.0000000000001,1300.0,2.531779;2.412366,302;560,
push,1674,8417,3255,1000.0,300.0000000000001,1300.0,0.913615;2.412366,218;560,
prune,1674,0,3255,1000.0,,,2.522649;2.412366,297;560,obstacle:1
pop,1675,3261,1626,900.0,,,2.198211;2.270226,50;475,
push,1675,8418,3261,1000.0,200.00000000000006,1200.0,2.294681;2.355229,56;481,
push,1675,8419,3261,1000.0,200.00000000000006,1200.0,0.902313;2.355229,141;481,
push,1675,8420,3261,1000.0,200.00000000000006,1200.0,2.294681;2.4332,56;396,
push,1675,8421,3261,1000.0,200.00000000000006,1200.0,0.902313;2.4332,141;396,
push,1675,8422,3261,1000.0,300.0000000000001,1300.0,2.294681;2.412366,56;560,
push,1675,8423,3261,1000.0,300.0000000000001,1300.0,0.902313;2.412366,141;560,
pop,1676,3262,1626,900.0,,,0.903241;2.270226,135;475,
push,1676,8424,3262,1000.0,200.00000000000006,1200.0,0.741549;2.355229,219;481,
push,1676,8425,3262,1000.0,200.00000000000006,1200.0,0.732852;2.355229,140;481,
push,1676,8426,3262,1000.0,200.00000000000006,1200.0,1.150423;2.355229,214;481,
push,1676,8427,3262,1000.0,200.00000000000006,1200.0,0.741549;2.4332,219;396,
push,1676,8428,3262,1000.0,200.00000000000006,1200.0,0.732852;2.4332,140;396,
push,1676,8429,3262,1000.0,200.00000000000006,1200.0,1.150423;2.4332,214;396,
push,1676,8430,3262,1000.0,300.0000000000001,1300.0,0.741549;2.412366,219;560,
push,1676,8431,3262,1000.0,300.0000000000001,1300.0,0.732852;2.412366,140;560,
push,1676,8432,3262,1000.0,300.0000000000001,1300.0,1.150423;2.412366,214;560,
pop,1677,3256,1669,900.0,,,0.903241;2.270226,134;475,
push,1677,8433,3256,1000.0,200.00000000000006,1200.0,0.732852;2.355229,140;481,
push,1677,8434,3256,1000.0,200.00000000000006,1200.0,1.13521;2.355229,55;481,
push,1677,8435,3256,1000.0,200.00000000000006,1200.0,0.741549;2.355229,219;481,
push,1677,8436,3256,1000.0,200.00000000000006,1200.0,0.732852;2.4332,140;396,
push,1677,8437,3256,1000.0,200.00000000000006,1200.0,1.13521;2.4332,55;396,
push,1677,8438,3256,1000.0,200.00000000000006,1200.0,0.741549;2.4332,219;396,
push,1677,8439,3256,1000.0,300.0000000000001,1300.0,0.732852;2.412366,140;560,
push,1677,8440,3256,1000.0,300.0000000000001,1300.0,1.13521;2.412366,55;560,
push,1677,8441,3256,1000.0,300.0000000000001,1300.0,0.741549;2.412366,219;560,
pop,1678,3252,1675,900.0,,,2.394762;2.270226,44;475,
push,1678,8442,3252,1000.0,200.00000000000006,1200.0,2.350609;2.355229,50;481,
push,1678,8443,3252,1000.0,200.00000000000006,1200.0,0.911124;2.355229,135;481,
push,1678,8444,3252,1000.0,200.00000000000006,1200.0,2.350609;2.4332,50;396,
push,1678,8445,3252,1000.0,200.00000000000006,1200.0,0.911124;2.4332,135;396,
push,1678,8446,3252,1000.0,300.0000000000001,1300.0,2.350609;2.412366,50;560,
push,1678,8447,3252,1000.0,300.0000000000001,1300.0,0.911124;2.412366,135;560,
pop,1679,3378,1609,900.0,,,2.394762;2.270226,44;475,
push,1679,8448,3378,1000.0,200.00000000000006,1200.0,2.350609;2.355229,50;481,
push,1679,8449,3378,1000.0,200.00000000000006,1200.0,0.911124;2.355229,135;481,
push,1679,8450,3378,1000.0,200.00000000000006,1200.0,2.350609;2.4332,50;396,
push,1679,8451,3378,1000.0,200.00000000000006,1200.0,0.911124;2.4332,135;396,
push,1679,8452,3378,1000.0,300.0000000000001,1300.0,2.350609;2.412366,50;560,
push,1679,8453,3378,1000.0,300.0000000000001,1300.0,0.911124;2.412366,135;560,
pop,1680,2003,1230,900.0,,,2.411382;2.270226,213;475,
push,1680,8454,2003,1000.0,200.00000000000006,1200.0,2.531779;2.355229,302;481,
push,1680,8455,2003,1000.0,200.00000000000006,1200.0,0.913615;2.355229,218;481,
prune,1680,0,2003,1000.0,,,2.522649;2.355229,297;481,obstacle:1
push,1680,8456,2003,1000.0,200.00000000000006,1200.0,2.531779;2.4332,302;396,
push,1680,8457,2003,1000.0,200.00000000000006,1200.0,0.913615;2.4332,218;396,
prune,1680,0,2003,1000.0,,,2.522649;2.4332,297;396,obstacle:1
push,1680,8458,2003,1000.0,300.0000000000001,1300.0,2.531779;2.412366,302;560,
push,1680,8459,2003,1000.0,300.0000000000001,1300.0,0.913615;2.412366,218;560,
prune,1680,0,2003,1000.0,,,2.522649;2.412366,297;560,obstacle:1
pop,1681,2139,1327,900.0,,,2.198211;2.270226,50;475,
push,1681,8460,2139,1000.0,200.00000000000006,1200.0,2.294681;2.355229,56;481,
push,1681,8461,2139,1000.0,200.00000000000006,1200.0,0.902313;2.355229,141;481,
push,1681,8462,2139,1000.0,200.00000000000006,1200.0,2.294681;2.4332,56;396,
push,1681,8463,2139,1000.0,200.00000000000006,1200.0,0.902313;2.4332,141;396,
push,1681,8464,2139,1000.0,300.0000000000001,1300.0,2.294681;2.412366,56;560,
push,1681,8465,2139,1000.0,300.0000000000001,1300.0,0.902313;2.412366,141;560,
pop,1682,2142,1328,900.0,,,2.388627;2.270226,302;475,
push,1682,8466,2142,1000.0,200.00000000000006,1200.0,2.512187;2.355229,386;481,
push,1682,8467,2142,1000.0,200.00000000000006,1200.0,2.481719;2.355229,307;481,
push,1682,8468,2142,1000.0,200.00000000000006,1200.0,2.512233;2.355229,381;481,
push,1682,8469,2142,1000.0,200.00000000000006,1200.0,2.512187;2.4332,386;396,
push,1682,8470,2142,1000.0,200.00000000000006,1200.0,2.481719;2.4332,307;396,
push,1682,8471,2142,1000.0,200.00000000000006,1200.0,2.512233;2.4332,381;396,
push,1682,8472,2142,1000.0,300.0000000000001,1300.0,2.512187;2.412366,386;560,
push,1682,8473,2142,1000.0,300.0000000000001,1300.0,2.481719;2.412366,307;560,
push,1682,8474,2142,1000.0,300.0000000000001,1300.0,2.512233;2.412366,381;560,
pop,1683,3835,1227,900.0,,,2.381437;2.270226,474;475,
push,1683,8475,3835,1000.0,200.00000000000006,1200.0,2.515798;2.355229,390;481,
push,1683,8476,3835,1000.0,200.00000000000006,1200.0,2.49698;2.355229,383;481,
push,1683,8477,3835,1000.0,200.00000000000006,1200.0,2.475532;2.355229,475;481,
push,1683,8478,3835,1000.0,200.00000000000006,1200.0,2.515798;2.4332,390;396,
push,1683,8479,3835,1000.0,200.00000000000006,1200.0,2.49698;2.4332,383;396,
push,1683,8480,3835,1000.0,200.00000000000006,1200.0,2.475532;2.4332,475;396,
push,1683,8481,3835,1000.0,300.0000000000001,1300.0,2.515798;2.412366,390;560,
push,1683,8482,3835,1000.0,300.0000000000001,1300.0,2.49698;2.412366,383;560,
push,1683,8483,3835,1000.0,300.0000000000001,1300.0,2.475532;2.412366,475;560,
pop,1684,3834,1227,900.0,,,2.321928;2.270226,553;475,
push,1684,8484,3834,1000.0,200.00000000000006,1200.0,2.412366;2.355229,559;481,
push,1684,8485,3834,1000.0,200.00000000000006,1200.0,2.475532;2.355229,480;481,
push,1684,8486,3834,1000.0,200.00000000000006,1200.0,2.412366;2.4332,559;396,
push,1684,8487,3834,1000.0,200.00000000000006,1200.0,2.475532;2.4332,480;396,
push,1684,8488,3834,1000.0,300.0000000000001,1300.0,2.412366;2.412366,559;560,
push,1684,8489,3834,1000.0,300.0000000000001,1300.0,2.475532;2.412366,480;560,
pop,1685,3514,1539,900.0,,,2.418411;2.270226,439;475,
push,1685,8490,3514,1000.0,200.00000000000006,1200.0,2.527119;2.355229,445;481,
prune,1685,0,3514,1000.0,,,2.538289;2.355229,360;481,obstacle:1
push,1685,8491,3514,1000.0,200.00000000000006,1200.0,2.519974;2.355229,524;481,
push,1685,8492,3514,1000.0,200.00000000000006,1200.0,2.527119;2.4332,445;396,
prune,1685,0,3514,1000.0,,,2.538289;2.4332,360;396,obstacle:1
push,1685,8493,3514,1000.0,200.00000000000006,1200.0,2.519974;2.4332,524;396,
push,1685,8494,3514,1000.0,300.0000000000001,1300.0,2.527119;2.412366,445;560,
prune,1685,0,3514,1000.0,,,2.538289;2.412366,360;560,obstacle:1
push,1685,8495,3514,1000.0,300.0000000000001,1300.0,2.519974;2.412366,524;560,
pop,1686,3372,1616,900.0,,,2.388627;2.270226,302;475,
push,1686,8496,3372,1000.0,200.00000000000006,1200.0,2.512187;2.355229,386;481,
push,1686,8497,3372,1000.0,200.00000000000006,1200.0,2.481719;2.355229,307;481,
push,1686,8498,3372,1000.0,200.00000000000006,1200.0,2.512233;2.355229,381;481,
push,1686,8499,3372,1000.0,200.00000000000006,1200.0,2.512187;2.4332,386;396,
push,1686,8500,3372,1000.0,200.00000000000006,1200.0,2.481719;2.4332,307;396,
push,1686,8501,3372,1000.0,200.00000000000006,1200.0,2.512233;2.4332,381;396,
push,1686,8502,3372,1000.0,300.0000000000001,1300.0,2.512187;2.412366,386;560,
push,1686,8503,3372,1000.0,300.0000000000001,1300.0,2.481719;2.412366,307;560,
push,1686,8504,3372,1000.0,300.0000000000001,1300.0,2.512233;2.412366,381;560,
pop,1687,3245,1674,900.0,,,2.411382;2.270226,213;475,
push,1687,8505,3245,1000.0,200.00000000000006,1200.0,2.531779;2.355229,302;481,
push,1687,8506,3245,1000.0,200.00000000000006,1200.0,0.913615;2.355229,218;481,
prune,1687,0,3245,1000.0,,,2.522649;2.355229,297;481,obstacle:1
push,1687,8507,3245,1000.0,200.00000000000006,1200.0,2.531779;2.4332,302;396,
push,1687,8508,3245,1000.0,200.00000000000006,1200.0,0.913615;2.4332,218;396,
prune,1687,0,3245,1000.0,,,2.522649;2.4332,297;396,obstacle:1
push,1687,8509,3245,1000.0,300.0000000000001,1300.0,2.531779;2.412366,302;560,
push,1687,8510,3245,1000.0,300.0000000000001,1300.0,0.913615;2.412366,218;560,
prune,1687,0,3245,1000.0,,,2.522649;2.412366,297;560,obstacle:1
pop,1688,3243,1674,900.0,,,0.903241;2.270226,134;475,
push,1688,8511,3243,1000.0,200.00000000000006,1200.0,0.732852;2.355229,140;481,
push,1688,8512,3243,1000.0,200.00000000000006,1200.0,1.13521;2.355229,55;481,
push,1688,8513,3243,1000.0,200.00000000000006,1200.0,0.741549;2.355229,219;481,
push,1688,8514,3243,1000.0,200.00000000000006,1200.0,0.732852;2.4332,140;396,
push,1688,8515,3243,1000.0,200.00000000000006,1200.0,1.13521;2.4332,55;396,
push,1688,8516,3243,1000.0,200.00000000000006,1200.0,0.741549;2.4332,219;396,
push,1688,8517,3243,1000.0,300.0000000000001,1300.0,0.732852;2.412366,140;560,
push,1688,8518,3243,1000.0,300.0000000000001,1300.0,1.13521;2.412366,55;560,
push,1688,8519,3243,1000.0,300.0000000000001,1300.0,0.741549;2.412366,219;560,
pop,1689,3300,1641,900.0,,,2.198211;2.270226,50;475,
push,1689,8520,3300,1000.0,200.00000000000006,1200.0,2.294681;2.355229,56;481,
push,1689,8521,3300,1000.0,200.00000000000006,1200.0,0.902313;2.355229,141;481,
push,1689,8522,3300,1000.0,200.00000000000006,1200.0,2.294681;2.4332,56;396,
push,1689,8523,3300,1000.0,200.00000000000006,1200.0,0.902313;2.4332,141;396,
push,1689,8524,3300,1000.0,300.0000000000001,1300.0,2.294681;2.412366,56;560,
push,1689,8525,3300,1000.0,300.0000000000001,1300.0,0.902313;2.412366,141;560,
pop,1690,3267,1638,900.0,,,0.903241;2.270226,134;475,
push,1690,8526,3267,1000.0,200.00000000000006,1200.0,0.732852;2.355229,140;481,
push,1690,8527,3267,1000.0,200.00000000000006,1200.0,1.13521;2.355229,55;481,
push,1690,8528,3267,1000.0,200.00000000000006,1200.0,0.741549;2.355229,219;481,
push,1690,8529,3267,1000.0,200.00000000000006,1200.0,0.732852;2.4332,140;396,
push,1690,8530,3267,1000.0,200.00000000000006,1200.0,1.13521;2.4332,55;396,
push,1690,8531,3267,1000.0,200.00000000000006,1200.0,0.741549;2.4332,219;396,
push,1690,8532,3267,1000.0,300.0000000000001,1300.0,0.732852;2.412366,140;560,
push,1690,8533,3267,1000.0,300.0000000000001,1300.0,1.13521;2.412366,55;560,
push,1690,8534,3267,1000.0,300.0000000000001,1300.0,0.741549;2.412366,219;560,
pop,1691,3244,1674,900.0,,,2.394762;2.270226,49;475,
push,1691,8535,3244,1000.0,200.00000000000006,1200.0,2.350609;2.355229,50;481,
push,1691,8536,3244,1000.0,200.00000000000006,1200.0,2.350609;2.4332,50;396,
push,1691,8537,3244,1000.0,300.0000000000001,1300.0,2.350609;2.412366,50;560,
pop,1692,3234,1663,900.0,,,2.394762;2.270226,44;475,
push,1692,8538,3234,1000.0,200.00000000000006,1200.0,2.350609;2.355229,50;481,
push,1692,8539,3234,1000.0,200.00000000000006,1200.0,0.911124;2.355229,135;481,
push,1692,8540,3234,1000.0,200.00000000000006,1200.0,2.350609;2.4332,50;396,
push,1692,8541,3234,1000.0,200.00000000000006,1200.0,0.911124;2.4332,135;396,
push,1692,8542,3234,1000.0,300.0000000000001,1300.0,2.350609;2.412366,50;560,
push,1692,8543,3234,1000.0,300.0000000000001,1300.0,0.911124;2.412366,135;560,
pop,1693,3237,1668,900.0,,,2.198211;2.270226,50;475,
push,1693,8544,3237,1000.0,200.00000000000006,1200.0,2.294681;2.355229,56;481,
push,1693,8545,3237,1000.0,200.00000000000006,1200.0,0.902313;2.355229,141;481,
push,1693,8546,3237,1000.0,200.00000000000006,1200.0,2.294681;2.4332,56;396,
push,1693,8547,3237,1000.0,200.00000000000006,1200.0,0.902313;2.4332,141;396,
push,1693,8548,3237,1000.0,300.0000000000001,1300.0,2.294681;2.412366,56;560,
push,1693,8549,3237,1000.0,300.0000000000001,1300.0,0.902313;2.412366,141;560,
pop,1694,3238,1668,900.0,,,0.903241;2.270226,135;475,
push,1694,8550,3238,1000.0,200.00000000000006,1200.0,0.741549;2.355229,219;481,
push,1694,8551,3238,1000.0,200.00000000000006,1200.0,0.732852;2.355229,140;481,
push,1694,8552,3238,1000.0,200.00000000000006,1200.0,1.150423;2.355229,214;481,
push,1694,8553,3238,1000.0,200.00000000000006,1200.0,0.741549;2.4332,219;396,
push,1694,8554,3238,1000.0,200.00000000000006,1200.0,0.732852;2.4332,140;396,
push,1694,8555,3238,1000.0,200.00000000000006,1200.0,1.150423;2.4332,214;396,
push,1694,8556,3238,1000.0,300.0000000000001,1300.0,0.741549;2.412366,219;560,
push,1694,8557,3238,1000.0,300.0000000000001,1300.0,0.732852;2.412366,140;560,
push,1694,8558,3238,1000.0,300.0000000000001,1300.0,1.150423;2.412366,214;560,
pop,1695,3229,1686,900.0,,,0.903241;2.270226,135;475,
push,1695,8559,3229,1000.0,200.00000000000006,1200.0,0.741549;2.355229,219;481,
push,1695,8560,3229,1000.0,200.00000000000006,1200.0,0.732852;2.355229,140;481,
push,1695,8561,3229,1000.0,200.00000000000006,1200.0,1.150423;2.355229,214;481,
push,1695,8562,3229,1000.0,200.00000000000006,1200.0,0.741549;2.4332,219;396,
push,1695,8563,3229,1000.0,200.00000000000006,1200.0,0.732852;2.4332,140;396,
push,1695,8564,3229,1000.0,200.00000000000006,1200.0,1.150423;2.4332,214;396,
push,1695,8565,3229,1000.0,300.0000000000001,1300.0,0.741549;2.412366,219;560,
push,1695,8566,3229,1000.0,300.0000000000001,1300.0,0.732852;2.412366,140;560,
push,1695,8567,3229,1000.0,300.0000000000001,1300.0,1.150423;2.412366,214;560,
pop,1696,3214,1696,900.0,,,2.418411;2.270226,270;475,
push,1696,8568,3214,1000.0,200.00000000000006,1200.0,2.538289;2.355229,180;481,
prune,1696,0,3214,1000.0,,,2.527119;2.355229,271;481,obstacle:1
push,1696,8569,3214,1000.0,200.00000000000006,1200.0,2.538289;2.4332,180;396,
prune,1696,0,3214,1000.0,,,2.527119;2.4332,271;396,obstacle:1
push,1696,8570,3214,1000.0,300.0000000000001,1300.0,2.538289;2.412366,180;560,
prune,1696,0,3214,1000.0,,,2.527119;2.412366,271;560,obstacle:1
pop,1697,3206,1695,900.0,,,2.420764;2.270226,507;475,
pop,1698,3204,1695,900.0,,,2.420764;2.270226,512;475,
push,1698,8571,3204,1000.0,200.00000000000006,1200.0,2.538289;2.355229,517;481,
push,1698,8572,3204,1000.0,200.00000000000006,1200.0,2.538289;2.4332,517;396,
push,1698,8573,3204,1000.0,300.0000000000001,1300.0,2.538289;2.412366,517;560,
pop,1699,3205,1695,900.0,,,2.428817;2.270226,433;475,
push,1699,8574,3205,1000.0,200.00000000000006,1200.0,2.536248;2.355229,439;481,
push,1699,8575,3205,1000.0,200.00000000000006,1200.0,2.538289;2.355229,354;481,
push,1699,8576,3205,1000.0,200.00000000000006,1200.0,2.538289;2.355229,518;481,
push,1699,8577,3205,1000.0,200.00000000000006,1200.0,2.536248;2.4332,439;396,
push,1699,8578,3205,1000.0,200.00000000000006,1200.0,2.538289;2.4332,354;396,
push,1699,8579,3205,1000.0,200.00000000000006,1200.0,2.538289;2.4332,518;396,
push,1699,8580,3205,1000.0,300.0000000000001,1300.0,2.536248;2.412366,439;560,
push,1699,8581,3205,1000.0,300.0000000000001,1300.0,2.538289;2.412366,354;560,
push,1699,8582,3205,1000.0,300.0000000000001,1300.0,2.538289;2.412366,518;560,
pop,1700,3197,1692,900.0,,,2.411382;2.270226,213;475,
push,1700,8583,3197,1000.0,200.00000000000006,1200.0,2.531779;2.355229,302;481,
push,1700,8584,3197,1000.0,200.00000000000006,1200.0,0.913615;2.355229,218;481,
prune,1700,0,3197,1000.0,,,2.522649;2.355229,297;481,obstacle:1
push,1700,8585,3197,1000.0,200.00000000000006,1200.0,2.531779;2.4332,302;396,
push,1700,8586,3197,1000.0,200.00000000000006,1200.0,0.913615;2.4332,218;396,
prune,1700,0,3197,1000.0,,,2.522649;2.4332,297;396,obstacle:1
push,1700,8587,3197,1000.0,300.0000000000001,1300.0,2.531779;2.412366,302;560,
push,1700,8588,3197,1000.0,300.0000000000001,1300.0,0.913615;2.412366,218;560,
prune,1700,0,3197,1000.0,,,2.522649;2.412366,297;560,obstacle:1
pop,1701,3195,1692,900.0,,,0.903241;2.270226,134;475,
push,1701,8589,3195,1000.0,200.00000000000006,1200.0,0.732852;2.355229,140;481,
push,1701,8590,3195,1000.0,200.00000000000006,1200.0,1.13521;2.355229,55;481,
push,1701,8591,3195,1000.0,200.00000000000006,1200.0,0.741549;2.355229,219;481,
push,1701,8592,3195,1000.0,200.00000000000006,1200.0,0.732852;2.4332,140;396,
push,1701,8593,3195,1000.0,200.00000000000006,1200.0,1.13521;2.4332,55;396,
push,1701,8594,3195,1000.0,200.00000000000006,1200.0,0.741549;2.4332,219;396,
push,1701,8595,3195,1000.0,300.0000000000001,1300.0,0.732852;2.412366,140;560,
push,1701,8596,3195,1000.0,300.0000000000001,1300.0,1.13521;2.412366,55;560,
push,1701,8597,3195,1000.0,300.0000000000001,1300.0,0.741549;2.412366,219;560,
pop,1702,3196,1692,900.0,,,2.394762;2.270226,49;475,
push,1702,8598,3196,1000.0,200.00000000000006,1200.0,2.350609;2.355229,50;481,
push,1702,8599,3196,1000.0,200.00000000000006,1200.0,2.350609;2.4332,50;396,
push,1702,8600,3196,1000.0,300.0000000000001,1300.0,2.350609;2.412366,50;560,
pop,1703,3190,1687,900.0,,,0.903241;2.270226,134;475,
push,1703,8601,3190,1000.0,200.00000000000006,1200.0,0.732852;2.355229,140;481,
push,1703,8602,3190,1000.0,200.00000000000006,1200.0,1.13521;2.355229,55;481,
push,1703,8603,3190,1000.0,200.00000000000006,1200.0,0.741549;2.355229,219;481,
push,1703,8604,3190,1000.0,200.00000000000006,1200.0,0.732852;2.4332,140;396,
push,1703,8605,3190,1000.0,200.00000000000006,1200.0,1.13521;2.4332,55;396,
push,1703,8606,3190,1000.0,200.00000000000006,1200.0,0.741549;2.4332,219;396,
push,1703,8607,3190,1000.0,300.0000000000001,1300.0,0.732852;2.412366,140;560,
push,1703,8608,3190,1000.0,300.0000000000001,1300.0,1.13521;2.412366,55;560,
push,1703,8609,3190,1000.0,300.0000000000001,1300.0,0.741549;2.412366,219;560,
pop,1704,3189,1687,900.0,,,2.411382;2.270226,213;475,
push,1704,8610,3189,1000.0,200.00000000000006,1200.0,2.531779;2.355229,302;481,
push,1704,8611,3189,1000.0,200.00000000000006,1200.0,0.913615;2.355229,218;481,
prune,1704,0,3189,1000.0,,,2.522649;2.355229,297;481,obstacle:1
push,1704,8612,3189,1000.0,200.00000000000006,1200.0,2.531779;2.4332,302;396,
push,1704,8613,3189,1000.0,200.00000000000006,1200.0,0.913615;2.4332,218;396,
prune,1704,0,3189,1000.0,,,2.522649;2.4332,297;396,obstacle:1
push,1704,8614,3189,1000.0,300.0000000000001,1300.0,2.531779;2.412366,302;560,
push,1704,8615,3189,1000.0,300.0000000000001,1300.0,0.913615;2.412366,218;560,
prune,1704,0,3189,1000.0,,,2.522649;2.412366,297;560,obstacle:1
pop,1705,3183,1680,900.0,,,2.198211;2.270226,50;475,
push,1705,8616,3183,1000.0,200.00000000000006,1200.0,2.294681;2.355229,56;481,
push,1705,8617,3183,1000.0,200.00000000000006,1200.0,0.902313;2.355229,141;481,
push,1705,8618,3183,1000.0,200.00000000000006,1200.0,2.294681;2.4332,56;396,
push,1705,8619,3183,1000.0,200.00000000000006,1200.0,0.902313;2.4332,141;396,
push,1705,8620,3183,1000.0,300.0000000000001,1300.0,2.294681;2.412366,56;560,
push,1705,8621,3183,1000.0,300.0000000000001,1300.0,0.902313;2.412366,141;560,
pop,1706,3184,1680,900.0,,,0.903241;2.270226,135;475,
push,1706,8622,3184,1000.0,200.00000000000006,1200.0,0.741549;2.355229,219;481,
push,1706,8623,3184,1000.0,200.00000000000006,1200.0,0.732852;2.355229,140;481,
push,1706,8624,3184,1000.0,200.00000000000006,1200.0,1.150423;2.355229,214;481,
push,1706,8625,3184,1000.0,200.00000000000006,1200.0,0.741549;2.4332,219;396,
push,1706,8626,3184,1000.0,200.00000000000006,1200.0,0.732852;2.4332,140;396,
push,1706,8627,3184,1000.0,200.00000000000006,1200.0,1.150423;2.4332,214;396,
push,1706,8628,3184,1000.0,300.0000000000001,1300.0,0.741549;2.412366,219;560,
push,1706,8629,3184,1000.0,300.0000000000001,1300.0,0.732852;2.412366,140;560,
push,1706,8630,3184,1000.0,300.0000000000001,1300.0,1.150423;2.412366,214;560,
pop,1707,3174,1662,900.0,,,0.903241;2.270226,134;475,
push,1707,8631,3174,1000.0,200.00000000000006,1200.0,0.732852;2.355229,140;481,
push,1707,8632,3174,1000.0,200.00000000000006,1200.0,1.13521;2.355229,55;481,
push,1707,8633,3174,1000.0,200.00000000000006,1200.0,0.741549;2.355229,219;481,
push,1707,8634,3174,1000.0,200.00000000000006,1200.0,0.732852;2.4332,140;396,
push,1707,8635,3174,1000.0,200.00000000000006,1200.0,1.13521;2.4332,55;396,
push,1707,8636,3174,1000.0,200.00000000000006,1200.0,0.741549;2.4332,219;396,
push,1707,8637,3174,1000.0,300.0000000000001,1300.0,0.732852;2.412366,140;560,
push,1707,8638,3174,1000.0,300.0000000000001,1300.0,1.13521;2.412366,55;560,
push,1707,8639,3174,1000.0,300.0000000000001,1300.0,0.741549;2.412366,219;560,
pop,1708,3176,1662,900.0,,,2.411382;2.270226,213;475,
push,1708,8640,3176,1000.0,200.00000000000006,1200.0,2.531779;2.355229,302;481,
push,1708,8641,3176,1000.0,200.00000000000006,1200.0,0.913615;2.355229,218;481,
prune,1708,0,3176,1000.0,,,2.522649;2.355229,297;481,obstacle:1
push,1708,8642,3176,1000.0,200.00000000000006,1200.0,2.531779;2.4332,302;396,
push,1708,8643,3176,1000.0,200.00000000000006,1200.0,0.913615;2.4332,218;396,
prune,1708,0,3176,1000.0,,,2.522649;2.4332,297;396,obstacle:1
push,1708,8644,3176,1000.0,300.0000000000001,1300.0,2.531779;2.412366,302;560,
push,1708,8645,3176,1000.0,300.0000000000001,1300.0,0.913615;2.412366,218;560,
prune,1708,0,3176,1000.0,,,2.522649;2.412366,297;560,obstacle:1
pop,1709,3175,1662,900.0,,,2.394762;2.270226,49;475,
push,1709,8646,3175,1000.0,200.00000000000006,1200.0,2.350609;2.355229,50;481,
push,1709,8647,3175,1000.0,200.00000000000006,1200.0,2.350609;2.4332,50;396,
push,1709,8648,3175,1000.0,300.0000000000001,1300.0,2.350609;2.412366,50;560,
pop,1710,3169,1623,900.0,,,0.903241;2.270226,135;475,
push,1710,8649,3169,1000.0,200.00000000000006,1200.0,0.741549;2.355229,219;481,
push,1710,8650,3169,1000.0,200.00000000000006,1200.0,0.732852;2.355229,140;481,
push,1710,8651,3169,1000.0,200.00000000000006,1200.0,1.150423;2.355229,214;481,
push,1710,8652,3169,1000.0,200.00000000000006,1200.0,0.741549;2.4332,219;396,
push,1710,8653,3169,1000.0,200.00000000000006,1200.0,0.732852;2.4332,140;396,
push,1710,8654,3169,1000.0,200.00000000000006,1200.0,1.150423;2.4332,214;396,
push,1710,8655,3169,1000.0,300.0000000000001,1300.0,0.741549;2.412366,219;560,
push,1710,8656,3169,1000.0,300.0000000000001,1300.0,0.732852;2.412366,140;560,
push,1710,8657,3169,1000.0,300.0000000000001,1300.0,1.150423;2.412366,214;560,
pop,1711,3168,1623,900.0,,,2.198211;2.270226,50;475,
push,1711,8658,3168,1000.0,200.00000000000006,1200.0,2.294681;2.355229,56;481,
push,1711,8659,3168,1000.0,200.00000000000006,1200.0,0.902313;2.355229,141;481,
push,1711,8660,3168,1000.0,200.00000000000006,1200.0,2.294681;2.4332,56;396,
push,1711,8661,3168,1000.0,200.00000000000006,1200.0,0.902313;2.4332,141;396,
push,1711,8662,3168,1000.0,300.0000000000001,1300.0,2.294681;2.412366,56;560,
push,1711,8663,3168,1000.0,300.0000000000001,1300.0,0.902313;2.412366,141;560,
pop,1712,3159,1714,900.0,,,2.399601;2.270226,339;475,
push,1712,8664,3159,1000.0,200.00000000000006,1200.0,2.493881;2.355229,423;481,
push,1712,8665,3159,1000.0,200.00000000000006,1200.0,2.522055;2.355229,428;481,
push,1712,8666,3159,1000.0,200.00000000000006,1200.0,2.493881;2.4332,423;396,
push,1712,8667,3159,1000.0,200.00000000000006,1200.0,2.522055;2.4332,428;396,
push,1712,8668,3159,1000.0,300.0000000000001,1300.0,2.493881;2.412366,423;560,
push,1712,8669,3159,1000.0,300.0000000000001,1300.0,2.522055;2.412366,428;560,
pop,1713,3160,1714,900.0,,,2.420764;2.270226,344;475,
push,1713,8670,3160,1000.0,200.00000000000006,1200.0,2.531239;2.355229,434;481,
push,1713,8671,3160,1000.0,200.00000000000006,1200.0,2.538289;2.355229,349;481,
push,1713,8672,3160,1000.0,200.00000000000006,1200.0,2.522055;2.355229,429;481,
push,1713,8673,3160,1000.0,200.00000000000006,1200.0,2.531239;2.4332,434;396,
push,1713,8674,3160,1000.0,200.00000000000006,1200.0,2.538289;2.4332,349;396,
push,1713,8675,3160,1000.0,200.00000000000006,1200.0,2.522055;2.4332,429;396,
push,1713,8676,3160,1000.0,300.0000000000001,1300.0,2.531239;2.412366,434;560,
push,1713,8677,3160,1000.0,300.0000000000001,1300.0,2.538289;2.412366,349;560,
push,1713,8678,3160,1000.0,300.0000000000001,1300.0,2.522055;2.412366,429;560,
pop,1714,3161,1714,900.0,,,2.418411;2.270226,257;475,
pop,1715,3154,1713,900.0,,,2.420764;2.270226,345;475,
push,1715,8679,3154,1000.0,200.00000000000006,1200.0,2.522055;2.355229,429;481,
push,1715,8680,3154,1000.0,200.00000000000006,1200.0,2.531239;2.355229,434;481,
push,1715,8681,3154,1000.0,200.00000000000006,1200.0,2.538289;2.355229,340;481,
push,1715,8682,3154,1000.0,200.00000000000006,1200.0,2.522055;2.4332,429;396,
push,1715,8683,3154,1000.0,200.00000000000006,1200.0,2.531239;2.4332,434;396,
push,1715,8684,3154,1000.0,200.00000000000006,1200.0,2.538289;2.4332,340;396,
push,1715,8685,3154,1000.0,300.0000000000001,1300.0,2.522055;2.412366,429;560,
push,1715,8686,3154,1000.0,300.0000000000001,1300.0,2.531239;2.412366,434;560,
push,1715,8687,3154,1000.0,300.0000000000001,1300.0,2.538289;2.412366,340;560,
pop,1716,3153,1713,900.0,,,2.420764;2.270226,350;475,
push,1716,8688,3153,1000.0,200.00000000000006,1200.0,2.522055;2.355229,440;481,
prune,1716,0,3153,1000.0,,,2.538289;2.355229,355;481,obstacle:1
push,1716,8689,3153,1000.0,200.00000000000006,1200.0,2.531239;2.355229,435;481,
push,1716,8690,3153,1000.0,200.00000000000006,1200.0,2.522055;2.4332,440;396,
prune,1716,0,3153,1000.0,,,2.538289;2.4332,355;396,obstacle:1
push,1716,8691,3153,1000.0,200.00000000000006,1200.0,2.531239;2.4332,435;396,
push,1716,8692,3153,1000.0,300.0000000000001,1300.0,2.522055;2.412366,440;560,
prune,1716,0,3153,1000.0,,,2.538289;2.412366,355;560,obstacle:1
push,1716,8693,3153,1000.0,300.0000000000001,1300.0,2.531239;2.412366,435;560,
pop,1717,3146,1710,900.0,,,2.411382;2.270226,213;475,
push,1717,8694,3146,1000.0,200.00000000000006,1200.0,2.531779;2.355229,302;481,
push,1717,8695,3146,1000.0,200.00000000000006,1200.0,0.913615;2.355229,218;481,
prune,1717,0,3146,1000.0,,,2.522649;2.355229,297;481,obstacle:1
push,1717,8696,3146,1000.0,200.00000000000006,1200.0,2.531779;2.4332,302;396,
push,1717,8697,3146,1000.0,200.00000000000006,1200.0,0.913615;2.4332,218;396,
prune,1717,0,3146,1000.0,,,2.522649;2.4332,297;396,obstacle:1
push,1717,8698,3146,1000.0,300.0000000000001,1300.0,2.531779;2.412366,302;560,
push,1717,8699,3146,1000.0,300.0000000000001,1300.0,0.913615;2.412366,218;560,
prune,1717,0,3146,1000.0,,,2.522649;2.412366,297;560,obstacle:1
pop,1718,3145,1710,900.0,,,2.394762;2.270226,49;475,
push,1718,8700,3145,1000.0,200.00000000000006,1200.0,2.350609;2.355229,50;481,
push,1718,8701,3145,1000.0,200.00000000000006,1200.0,2.350609;2.4332,50;396,
push,1718,8702,3145,1000.0,300.0000000000001,1300.0,2.350609;2.412366,50;560,
pop,1719,3144,1710,900.0,,,0.903241;2.270226,134;475,
push,1719,8703,3144,1000.0,200.00000000000006,1200.0,0.732852;2.355229,140;481,
push,1719,8704,3144,1000.0,200.00000000000006,1200.0,1.13521;2.355229,55;481,
push,1719,8705,3144,1000.0,200.00000000000006,1200.0,0.741549;2.355229,219;481,
push,1719,8706,3144,1000.0,200.00000000000006,1200.0,0.732852;2.4332,140;396,
push,1719,8707,3144,1000.0,200.00000000000006,1200.0,1.13521;2.4332,55;396,
push,1719,8708,3144,1000.0,200.00000000000006,1200.0,0.741549;2.4332,219;396,
push,1719,8709,3144,1000.0,300.0000000000001,1300.0,0.732852;2.412366,140;560,
push,1719,8710,3144,1000.0,300.0000000000001,1300.0,1.13521;2.412366,55;560,
push,1719,8711,3144,1000.0,300.0000000000001,1300.0,0.741549;2.412366,219;560,
pop,1720,3137,1725,900.0,,,2.420764;2.270226,513;475,
push,1720,8712,3137,1000.0,200.00000000000006,1200.0,2.538289;2.355229,508;481,
push,1720,8713,3137,1000.0,200.00000000000006,1200.0,2.538289;2.4332,508;396,
push,1720,8714,3137,1000.0,300.0000000000001,1300.0,2.538289;2.412366,508;560,
pop,1721,3135,1725,900.0,,,2.399601;2.270226,518;475,
push,1721,8715,3135,1000.0,200.00000000000006,1200.0,2.519974;2.355229,523;481,
push,1721,8716,3135,1000.0,200.00000000000006,1200.0,2.519974;2.4332,523;396,
push,1721,8717,3135,1000.0,300.0000000000001,1300.0,2.519974;2.412366,523;560,
pop,1722,3136,1725,900.0,,,2.418411;2.270226,439;475,
push,1722,8718,3136,1000.0,200.00000000000006,1200.0,2.527119;2.355229,445;481,
prune,1722,0,3136,1000.0,,,2.538289;2.355229,360;481,obstacle:1
push,1722,8719,3136,1000.0,200.00000000000006,1200.0,2.519974;2.355229,524;481,
push,1722,8720,3136,1000.0,200.00000000000006,1200.0,2.527119;2.4332,445;396,
prune,1722,0,3136,1000.0,,,2.538289;2.4332,360;396,obstacle:1
push,1722,8721,3136,1000.0,200.00000000000006,1200.0,2.519974;2.4332,524;396,
push,1722,8722,3136,1000.0,300.0000000000001,1300.0,2.527119;2.412366,445;560,
prune,1722,0,3136,1000.0,,,2.538289;2.412366,360;560,obstacle:1
push,1722,8723,3136,1000.0,300.0000000000001,1300.0,2.519974;2.412366,524;560,
pop,1723,3132,1720,900.0,,,2.416051;2.270226,38;475,
push,1723,8724,3132,1000.0,200.00000000000006,1200.0,2.515798;2.355229,44;481,
push,1723,8725,3132,1000.0,200.00000000000006,1200.0,2.536248;2.355229,129;481,
push,1723,8726,3132,1000.0,200.00000000000006,1200.0,2.515798;2.4332,44;396,
push,1723,8727,3132,1000.0,200.00000000000006,1200.0,2.536248;2.4332,129;396,
push,1723,8728,3132,1000.0,300.0000000000001,1300.0,2.515798;2.412366,44;560,
push,1723,8729,3132,1000.0,300.0000000000001,1300.0,2.536248;2.412366,129;560,
pop,1724,3125,1727,900.0,,,2.428817;2.270226,424;475,
pop,1725,3123,1727,900.0,,,2.420764;2.270226,507;475,
pop,1726,3124,1727,900.0,,,2.420764;2.270226,512;475,
push,1726,8730,3124,1000.0,200.00000000000006,1200.0,2.538289;2.355229,517;481,
push,1726,8731,3124,1000.0,200.00000000000006,1200.0,2.538289;2.4332,517;396,
push,1726,8732,3124,1000.0,300.0000000000001,1300.0,2.538289;2.412366,517;560,
pop,1727,3118,1734,900.0,,,2.420764;2.270226,339;475,
push,1727,8733,3118,1000.0,200.00000000000006,1200.0,2.531239;2.355229,423;481,
push,1727,8734,3118,1000.0,200.00000000000006,1200.0,2.522055;2.355229,428;481,
push,1727,8735,3118,1000.0,200.00000000000006,1200.0,2.531239;2.4332,423;396,
push,1727,8736,3118,1000.0,200.00000000000006,1200.0,2.522055;2.4332,428;396,
push,1727,8737,3118,1000.0,300.0000000000001,1300.0,2.531239;2.412366,423;560,
push,1727,8738,3118,1000.0,300.0000000000001,1300.0,2.522055;2.412366,428;560,
pop,1728,3117,1734,900.0,,,2.399601;2.270226,344;475,
push,1728,8739,3117,1000.0,200.00000000000006,1200.0,2.493881;2.355229,434;481,
push,1728,8740,3117,1000.0,200.00000000000006,1200.0,2.519974;2.355229,349;481,
push,1728,8741,3117,1000.0,200.00000000000006,1200.0,2.522055;2.355229,429;481,
push,1728,8742,3117,1000.0,200.00000000000006,1200.0,2.493881;2.4332,434;396,
push,1728,8743,3117,1000.0,200.00000000000006,1200.0,2.519974;2.4332,349;396,
push,1728,8744,3117,1000.0,200.00000000000006,1200.0,2.522055;2.4332,429;396,
push,1728,8745,3117,1000.0,300.0000000000001,1300.0,2.493881;2.412366,434;560,
push,1728,8746,3117,1000.0,300.0000000000001,1300.0,2.519974;2.412366,349;560,
push,1728,8747,3117,1000.0,300.0000000000001,1300.0,2.522055;2.412366,429;560,
pop,1729,3114,1726,900.0,,,2.418411;2.270226,440;475,
push,1729,8748,3114,1000.0,200.00000000000006,1200.0,2.519974;2.355229,524;481,
push,1729,8749,3114,1000.0,200.00000000000006,1200.0,2.527119;2.355229,445;481,
push,1729,8750,3114,1000.0,200.00000000000006,1200.0,2.538289;2.355229,519;481,
push,1729,8751,3114,1000.0,200.00000000000006,1200.0,2.519974;2.4332,524;396,
push,1729,8752,3114,1000.0,200.00000000000006,1200.0,2.527119;2.4332,445;396,
push,1729,8753,3114,1000.0,200.00000000000006,1200.0,2.538289;2.4332,519;396,
push,1729,8754,3114,1000.0,300.0000000000001,1300.0,2.519974;2.412366,524;560,
push,1729,8755,3114,1000.0,300.0000000000001,1300.0,2.527119;2.412366,445;560,
push,1729,8756,3114,1000.0,300.0000000000001,1300.0,2.538289;2.412366,519;560,
pop,1730,3108,1719,900.0,,,2.392331;2.270226,128;475,
push,1730,8757,3108,1000.0,200.00000000000006,1200.0,0.909041;2.355229,134;481,
push,1730,8758,3108,1000.0,200.00000000000006,1200.0,2.515798;2.355229,49;481,
push,1730,8759,3108,1000.0,200.00000000000006,1200.0,2.510491;2.355229,213;481,
push,1730,8760,3108,1000.0,200.00000000000006,1200.0,0.909041;2.4332,134;396,
push,1730,8761,3108,1000.0,200.00000000000006,1200.0,2.515798;2.4332,49;396,
push,1730,8762,3108,1000.0,200.00000000000006,1200.0,2.510491;2.4332,213;396,
push,1730,8763,3108,1000.0,300.0000000000001,1300.0,0.909041;2.412366,134;560,
push,1730,8764,3108,1000.0,300.0000000000001,1300.0,2.515798;2.412366,49;560,
push,1730,8765,3108,1000.0,300.0000000000001,1300.0,2.510491;2.412366,213;560,
pop,1731,3109,1719,900.0,,,2.416051;2.270226,43;475,
push,1731,8766,3109,1000.0,200.00000000000006,1200.0,2.515798;2.355229,44;481,
push,1731,8767,3109,1000.0,200.00000000000006,1200.0,2.515798;2.4332,44;396,
push,1731,8768,3109,1000.0,300.0000000000001,1300.0,2.515798;2.412366,44;560,
pop,1732,3103,1705,900.0,,,0.903241;2.270226,134;475,
push,1732,8769,3103,1000.0,200.00000000000006,1200.0,0.732852;2.355229,140;481,
push,1732,8770,3103,1000.0,200.00000000000006,1200.0,1.13521;2.355229,55;481,
push,1732,8771,3103,1000.0,200.00000000000006,1200.0,0.741549;2.355229,219;481,
push,1732,8772,3103,1000.0,200.00000000000006,1200.0,0.732852;2.4332,140;396,
push,1732,8773,3103,1000.0,200.00000000000006,1200.0,1.13521;2.4332,55;396,
push,1732,8774,3103,1000.0,200.00000000000006,1200.0,0.741549;2.4332,219;396,
push,1732,8775,3103,1000.0,300.0000000000001,1300.0,0.732852;2.412366,140;560,
push,1732,8776,3103,1000.0,300.0000000000001,1300.0,1.13521;2.412366,55;560,
push,1732,8777,3103,1000.0,300.0000000000001,1300.0,0.741549;2.412366,219;560,
pop,1733,3099,1743,900.0,,,2.399601;2.270226,338;475,
push,1733,8778,3099,1000.0,200.00000000000006,1200.0,2.522055;2.355229,428;481,
push,1733,8779,3099,1000.0,200.00000000000006,1200.0,2.519974;2.355229,343;481,
push,1733,8780,3099,1000.0,200.00000000000006,1200.0,2.493881;2.355229,423;481,
push,1733,8781,3099,1000.0,200.00000000000006,1200.0,2.522055;2.4332,428;396,
push,1733,8782,3099,1000.0,200.00000000000006,1200.0,2.519974;2.4332,343;396,
push,1733,8783,3099,1000.0,200.00000000000006,1200.0,2.493881;2.4332,423;396,
push,1733,8784,3099,1000.0,300.0000000000001,1300.0,2.522055;2.412366,428;560,
push,1733,8785,3099,1000.0,300.0000000000001,1300.0,2.519974;2.412366,343;560,
push,1733,8786,3099,1000.0,300.0000000000001,1300.0,2.493881;2.412366,423;560,
pop,1734,3102,1705,900.0,,,2.411382;2.270226,213;475,
push,1734,8787,3102,1000.0,200.00000000000006,1200.0,2.531779;2.355229,302;481,
push,1734,8788,3102,1000.0,200.00000000000006,1200.0,0.913615;2.355229,218;481,
prune,1734,0,3102,1000.0,,,2.522649;2.355229,297;481,obstacle:1
push,1734,8789,3102,1000.0,200.00000000000006,1200.0,2.531779;2.4332,302;396,
push,1734,8790,3102,1000.0,200.00000000000006,1200.0,0.913615;2.4332,218;396,
prune,1734,0,3102,1000.0,,,2.522649;2.4332,297;396,obstacle:1
push,1734,8791,3102,1000.0,300.0000000000001,1300.0,2.531779;2.412366,302;560,
push,1734,8792,3102,1000.0,300.0000000000001,1300.0,0.913615;2.412366,218;560,
prune,1734,0,3102,1000.0,,,2.522649;2.412366,297;560,obstacle:1
pop,1735,3093,1749,900.0,,,2.420764;2.270226,350;475,
push,1735,8793,3093,1000.0,200.00000000000006,1200.0,2.522055;2.355229,440;481,
prune,1735,0,3093,1000.0,,,2.538289;2.355229,355;481,obstacle:1
push,1735,8794,3093,1000.0,200.00000000000006,1200.0,2.531239;2.355229,435;481,
push,1735,8795,3093,1000.0,200.00000000000006,1200.0,2.522055;2.4332,440;396,
prune,1735,0,3093,1000.0,,,2.538289;2.4332,355;396,obstacle:1
push,1735,8796,3093,1000.0,200.00000000000006,1200.0,2.531239;2.4332,435;396,
push,1735,8797,3093,1000.0,300.0000000000001,1300.0,2.522055;2.412366,440;560,
prune,1735,0,3093,1000.0,,,2.538289;2.412366,355;560,obstacle:1
push,1735,8798,3093,1000.0,300.0000000000001,1300.0,2.531239;2.412366,435;560,
pop,1736,3094,1749,900.0,,,2.420764;2.270226,345;475,
push,1736,8799,3094,1000.0,200.00000000000006,1200.0,2.522055;2.355229,429;481,
push,1736,8800,3094,1000.0,200.00000000000006,1200.0,2.531239;2.355229,434;481,
push,1736,8801,3094,1000.0,200.00000000000006,1200.0,2.538289;2.355229,340;481,
push,1736,8802,3094,1000.0,200.00000000000006,1200.0,2.522055;2.4332,429;396,
push,1736,8803,3094,1000.0,200.00000000000006,1200.0,2.531239;2.4332,434;396,
push,1736,8804,3094,1000.0,200.00000000000006,1200.0,2.538289;2.4332,340;396,
push,1736,8805,3094,1000.0,300.0000000000001,1300.0,2.522055;2.412366,429;560,
push,1736,8806,3094,1000.0,300.0000000000001,1300.0,2.531239;2.412366,434;560,
push,1736,8807,3094,1000.0,300.0000000000001,1300.0,2.538289;2.412366,340;560,
pop,1737,3084,1750,900.0,,,2.399601;2.270226,339;475,
push,1737,8808,3084,1000.0,200.00000000000006,1200.0,2.493881;2.355229,423;481,
push,1737,8809,3084,1000.0,200.00000000000006,1200.0,2.522055;2.355229,428;481,
push,1737,8810,3084,1000.0,200.00000000000006,1200.0,2.493881;2.4332,423;396,
push,1737,8811,3084,1000.0,200.00000000000006,1200.0,2.522055;2.4332,428;396,
push,1737,8812,3084,1000.0,300.0000000000001,1300.0,2.493881;2.412366,423;560,
push,1737,8813,3084,1000.0,300.0000000000001,1300.0,2.522055;2.412366,428;560,
pop,1738,3085,1750,900.0,,,2.420764;2.270226,344;475,
push,1738,8814,3085,1000.0,200.00000000000006,1200.0,2.531239;2.355229,434;481,
push,1738,8815,3085,1000.0,200.00000000000006,1200.0,2.538289;2.355229,349;481,
push,1738,8816,3085,1000.0,200.00000000000006,1200.0,2.522055;2.355229,429;481,
push,1738,8817,3085,1000.0,200.00000000000006,1200.0,2.531239;2.4332,434;396,
push,1738,8818,3085,1000.0,200.00000000000006,1200.0,2.538289;2.4332,349;396,
push,1738,8819,3085,1000.0,200.00000000000006,1200.0,2.522055;2.4332,429;396,
push,1738,8820,3085,1000.0,300.0000000000001,1300.0,2.531239;2.412366,434;560,
push,1738,8821,3085,1000.0,300.0000000000001,1300.0,2.538289;2.412366,349;560,
push,1738,8822,3085,1000.0,300.0000000000001,1300.0,2.522055;2.412366,429;560,
pop,1739,3086,1750,900.0,,,2.418411;2.270226,257;475,
pop,1740,2283,1260,900.0,,,0.726929;2.270226,140;475,
push,1740,8823,2283,1000.0,200.00000000000006,1200.0,0.964921;2.355229,146;481,
push,1740,8824,2283,1000.0,200.00000000000006,1200.0,1.014793;2.355229,61;481,
push,1740,8825,2283,1000.0,200.00000000000006,1200.0,1.018062;2.355229,225;481,
push,1740,8826,2283,1000.0,200.00000000000006,1200.0,0.964921;2.4332,146;396,
push,1740,8827,2283,1000.0,200.00000000000006,1200.0,1.014793;2.4332,61;396,
push,1740,8828,2283,1000.0,200.00000000000006,1200.0,1.018062;2.4332,225;396,
push,1740,8829,2283,1000.0,300.0000000000001,1300.0,0.964921;2.412366,146;560,
push,1740,8830,2283,1000.0,300.0000000000001,1300.0,1.014793;2.412366,61;560,
push,1740,8831,2283,1000.0,300.0000000000001,1300.0,1.018062;2.412366,225;560,
pop,1741,3213,1696,900.0,,,2.416051;2.270226,349;475,
prune,1741,0,3213,1000.0,,,2.515798;2.355229,355;481,obstacle:1
prune,1741,0,3213,1000.0,,,2.527119;2.355229,276;481,obstacle:1
push,1741,8832,3213,1000.0,200.00000000000006,1200.0,2.536248;2.355229,440;481,
prune,1741,0,3213,1000.0,,,2.515798;2.4332,355;396,obstacle:1
prune,1741,0,3213,1000.0,,,2.527119;2.4332,276;396,obstacle:1
push,1741,8833,3213,1000.0,200.00000000000006,1200.0,2.536248;2.4332,440;396,
prune,1741,0,3213,1000.0,,,2.515798;2.412366,355;560,obstacle:1
prune,1741,0,3213,1000.0,,,2.527119;2.412366,276;560,obstacle:1
push,1741,8834,3213,1000.0,300.0000000000001,1300.0,2.536248;2.412366,440;560,
pop,1742,2285,1260,900.0,,,0.73931;2.270226,219;475,
push,1742,8835,2285,1000.0,200.00000000000006,1200.0,0.992847;2.355229,308;481,
push,1742,8836,2285,1000.0,200.00000000000006,1200.0,1.003897;2.355229,224;481,
push,1742,8837,2285,1000.0,200.00000000000006,1200.0,1.018721;2.355229,303;481,
push,1742,8838,2285,1000.0,200.00000000000006,1200.0,0.992847;1.587402,308;396,
push,1742,8839,2285,1000.0,200.00000000000006,1200.0,1.003897;2.4332,224;396,
push,1742,8840,2285,1000.0,200.00000000000006,1200.0,1.018721;2.4332,303;396,
push,1742,8841,2285,1000.0,300.0000000000001,1300.0,0.992847;2.412366,308;560,
push,1742,8842,2285,1000.0,300.0000000000001,1300.0,1.003897;2.412366,224;560,
push,1742,8843,2285,1000.0,300.0000000000001,1300.0,1.018721;2.412366,303;560,
pop,1743,8838,2285,1000.0,,,0.992847;1.587402,308;396,
push,1743,8844,8838,1100.0,200.00000000000006,1300.0,1.168902;1.777398,392;318,
push,1743,8845,8838,1100.0,200.00000000000006,1300.0,1.258045;1.357742,313;318,
push,1743,8846,8838,1100.0,200.00000000000006,1300.0,1.2655;1.7774,387;318,
push,1743,8847,8838,1100.0,399.99999999999994,1500.0,1.168902;1.711699,392;311,
push,1743,8848,8838,1100.0,399.99999999999994,1500.0,1.258045;1.711699,313;311,
push,1743,8849,8838,1100.0,399.99999999999994,1500.0,1.2655;1.711699,387;311,
push,1743,8850,8838,1100.0,100.00000000000004,1200.0,1.168902;1.772041,392;397,
push,1743,8851,8838,1100.0,100.00000000000004,1200.0,1.258045;1.772041,313;397,
push,1743,8852,8838,1100.0,100.00000000000004,1200.0,1.2655;1.772041,387;397,
pop,1744,8850,8838,1100.0,,,1.168902;1.772041,392;397,
push,1744,8853,8850,1200.0,4.263256414560601e-14,1200.0,1.314343;1.920137,482;403,
push,1744,8854,8850,1200.0,4.263256414560601e-14,1200.0,1.432833;1.920137,397;403,
push,1744,8855,8850,1200.0,4.263256414560601e-14,1200.0,1.437897;1.920137,477;403,
push,1744,8856,8850,1200.0,499.99999999999994,1700.0,1.314343;1.944815,482;324,
push,1744,8857,8850,1200.0,499.99999999999994,1700.0,1.432833;1.944815,397;324,
push,1744,8858,8850,1200.0,499.99999999999994,1700.0,1.437897;1.944815,477;324,
push,1744,8859,8850,1200.0,500.0000000000001,1700.0,1.314343;1.895534,482;488,
push,1744,8860,8850,1200.0,500.0000000000001,1700.0,1.432833;1.895534,397;488,
push,1744,8861,8850,1200.0,500.0000000000001,1700.0,1.437897;1.895534,477;488,
pop,1745,8851,8838,1100.0,,,1.258045;1.772041,313;397,
push,1745,8862,8851,1200.0,4.263256414560601e-14,1200.0,1.436677;1.920137,319;403,
push,1745,8863,8851,1200.0,4.263256414560601e-14,1200.0,1.488783;1.920137,235;403,
push,1745,8864,8851,1200.0,4.263256414560601e-14,1200.0,1.432833;1.920137,398;403,
push,1745,8865,8851,1200.0,499.99999999999994,1700.0,1.436677;1.526619,319;324,
push,1745,8866,8851,1200.0,499.99999999999994,1700.0,1.488783;1.944815,235;324,
push,1745,8867,8851,1200.0,499.99999999999994,1700.0,1.432833;1.944815,398;324,
push,1745,8868,8851,1200.0,500.0000000000001,1700.0,1.436677;1.895534,319;488,
push,1745,8869,8851,1200.0,500.0000000000001,1700.0,1.488783;1.895534,235;488,
push,1745,8870,8851,1200.0,500.0000000000001,1700.0,1.432833;1.895534,398;488,
pop,1746,8852,8838,1100.0,,,1.2655;1.772041,387;397,
push,1746,8871,8852,1200.0,4.263256414560601e-14,1200.0,1.446673;1.920137,471;403,
push,1746,8872,8852,1200.0,4.263256414560601e-14,1200.0,1.437897;1.920137,476;403,
push,1746,8873,8852,1200.0,4.263256414560601e-14,1200.0,1.488783;1.920137,382;403,
push,1746,8874,8852,1200.0,499.99999999999994,1700.0,1.446673;1.944815,471;324,
push,1746,8875,8852,1200.0,499.99999999999994,1700.0,1.437897;1.944815,476;324,
push,1746,8876,8852,1200.0,499.99999999999994,1700.0,1.488783;1.944815,382;324,
push,1746,8877,8852,1200.0,500.0000000000001,1700.0,1.446673;1.895534,471;488,
push,1746,8878,8852,1200.0,500.0000000000001,1700.0,1.437897;1.895534,476;488,
push,1746,8879,8852,1200.0,500.0000000000001,1700.0,1.488783;1.895534,382;488,
pop,1747,8853,8850,1200.0,,,1.314343;1.920137,482;403,
prune,1747,8853,8850,1200.0,,,1.314343;1.920137,482;403,goal_spline
pop,1748,8854,8850,1200.0,,,1.432833;1.920137,397;403,
goal,1748,8854,8850,1200.0,,,1.432833;1.920137,397;403,
