iter,agent,i,x,y
0,1,1,0.000000,0.000000
0,1,2,11.996046,-20.761055
0,1,3,23.051698,-39.793065
0,1,4,33.268229,-57.171208
0,1,5,42.746914,-72.970659
0,1,6,51.589024,-87.266593
0,1,7,59.895833,-100.134187
0,1,8,67.768615,-111.648617
0,1,9,75.308642,-121.885057
0,1,10,82.617188,-130.918684
0,1,11,89.795525,-138.824674
0,1,12,96.944927,-145.678203
0,1,13,104.166667,-151.554446
0,1,14,111.542728,-156.528579
0,1,15,119.077932,-160.675778
0,1,16,126.757812,-164.071219
0,1,17,134.567901,-166.790078
0,1,18,142.493731,-168.907530
0,1,19,150.520833,-170.498751
0,1,20,158.634742,-171.638918
0,1,21,166.820988,-172.403205
0,1,22,175.065104,-172.866790
0,1,23,183.352623,-173.104846
0,1,24,191.669078,-173.192551
0,1,25,200.000000,-173.205081
0,1,26,208.333333,-173.205081
0,1,27,216.666667,-173.205081
0,1,28,225.000000,-173.205081
0,1,29,233.333333,-173.205081
0,1,30,241.666667,-173.205081
0,1,31,250.000000,-173.205081
0,1,32,258.333333,-173.205081
0,1,33,266.666667,-173.205081
0,1,34,275.000000,-173.205081
0,1,35,283.333333,-173.205081
0,1,36,291.666667,-173.205081
0,1,37,300.000000,-173.205081
0,1,38,308.333333,-173.205081
0,1,39,316.666667,-173.205081
0,1,40,325.000000,-173.205081
0,1,41,333.333333,-173.205081
0,1,42,341.666667,-173.205081
0,1,43,350.000000,-173.205081
0,1,44,358.333333,-173.205081
0,1,45,366.666667,-173.205081
0,1,46,375.000000,-173.205081
0,1,47,383.333333,-173.205081
0,1,48,391.666667,-173.205081
0,1,49,400.000000,-173.205081
0,1,50,408.333333,-173.205081
0,1,51,416.666667,-173.205081
0,1,52,425.000000,-173.205081
0,1,53,433.333333,-173.205081
0,1,54,441.666667,-173.205081
0,1,55,450.000000,-173.205081
0,1,56,458.333333,-173.205081
0,1,57,466.666667,-173.205081
0,1,58,475.000000,-173.205081
0,1,59,483.333333,-173.205081
0,1,60,491.666667,-173.205081
0,1,61,500.000000,-173.205081
0,1,62,508.333333,-173.205081
0,1,63,516.666667,-173.205081
0,1,64,525.000000,-173.205081
0,1,65,533.333333,-173.205081
0,1,66,541.666667,-173.205081
0,1,67,550.000000,-173.205081
0,1,68,558.333333,-173.205081
0,1,69,566.666667,-173.205081
0,1,70,575.000000,-173.205081
0,1,71,583.333333,-173.205081
0,1,72,591.666667,-173.205081
0,1,73,600.000000,-173.205081
0,1,74,608.328511,-173.196728
0,1,75,616.628086,-173.138258
0,1,76,624.869792,-172.979553
0,1,77,633.024691,-172.670497
0,1,78,641.063850,-172.160972
0,1,79,648.958333,-171.400861
0,1,80,656.679205,-170.340047
0,1,81,664.197531,-168.928412
0,1,82,671.484375,-167.115840
0,1,83,678.510802,-164.852212
0,1,84,685.247878,-162.087413
0,1,85,691.666667,-158.771324
0,1,86,697.747878,-154.870534
0,1,87,703.510802,-150.418456
0,1,88,708.984375,-145.465205
0,1,89,714.197531,-140.060899
0,1,90,719.179205,-134.255655
0,1,91,723.958333,-128.099591
0,1,92,728.563850,-121.642824
0,1,93,733.024691,-114.935470
0,1,94,737.369792,-108.027648
0,1,95,741.628086,-100.969474
0,1,96,745.828511,-93.811066
0,1,97,750.000000,-86.602540
0,1,98,754.169078,-79.381486
0,1,99,758.352623,-72.135372
0,1,100,762.565104,-64.839142
0,1,101,766.820988,-57.467735
0,1,102,771.134742,-49.996094
0,1,103,775.520833,-42.399160
0,1,104,779.993731,-34.651875
0,1,105,784.567901,-26.729179
0,1,106,789.257812,-18.606015
0,1,107,794.077932,-10.257322
0,1,108,799.042728,-1.658044
0,1,109,804.166667,7.216878
0,1,110,809.502797,16.359093
0,1,111,815.258488,25.626600
0,1,112,821.679688,34.843991
0,1,113,829.012346,43.835854
0,1,114,837.502411,52.426779
0,1,115,847.395833,60.441356
0,1,116,858.938561,67.704175
0,1,117,872.376543,74.039826
0,1,118,887.955729,79.272898
0,1,119,905.922068,83.227982
0,1,120,926.521508,85.729666
0,1,121,950.000000,86.602540
0,2,1,0.000000,0.000000
0,2,2,11.996046,20.761055
0,2,3,23.051698,39.793065
0,2,4,33.268229,57.171208
0,2,5,42.746914,72.970659
0,2,6,51.589024,87.266593
0,2,7,59.895833,100.134187
0,2,8,67.768615,111.648617
0,2,9,75.308642,121.885057
0,2,10,82.617188,130.918684
0,2,11,89.795525,138.824674
0,2,12,96.944927,145.678203
0,2,13,104.166667,151.554446
0,2,14,111.542728,156.528579
0,2,15,119.077932,160.675778
0,2,16,126.757812,164.071219
0,2,17,134.567901,166.790078
0,2,18,142.493731,168.907530
0,2,19,150.520833,170.498751
0,2,20,158.634742,171.638918
0,2,21,166.820988,172.403205
0,2,22,175.065104,172.866790
0,2,23,183.352623,173.104846
0,2,24,191.669078,173.192551
0,2,25,200.000000,173.205081
0,2,26,208.333333,173.205081
0,2,27,216.666667,173.205081
0,2,28,225.000000,173.205081
0,2,29,233.333333,173.205081
0,2,30,241.666667,173.205081
0,2,31,250.000000,173.205081
0,2,32,258.333333,173.205081
0,2,33,266.666667,173.205081
0,2,34,275.000000,173.205081
0,2,35,283.333333,173.205081
0,2,36,291.666667,173.205081
0,2,37,300.000000,173.205081
0,2,38,308.333333,173.205081
0,2,39,316.666667,173.205081
0,2,40,325.000000,173.205081
0,2,41,333.333333,173.205081
0,2,42,341.666667,173.205081
0,2,43,350.000000,173.205081
0,2,44,358.333333,173.205081
0,2,45,366.666667,173.205081
0,2,46,375.000000,173.205081
0,2,47,383.333333,173.205081
0,2,48,391.666667,173.205081
0,2,49,400.000000,173.205081
0,2,50,408.333333,173.205081
0,2,51,416.666667,173.205081
0,2,52,425.000000,173.205081
0,2,53,433.333333,173.205081
0,2,54,441.666667,173.205081
0,2,55,450.000000,173.205081
0,2,56,458.333333,173.205081
0,2,57,466.666667,173.205081
0,2,58,475.000000,173.205081
0,2,59,483.333333,173.205081
0,2,60,491.666667,173.205081
0,2,61,500.000000,173.205081
0,2,62,508.333333,173.205081
0,2,63,516.666667,173.205081
0,2,64,525.000000,173.205081
0,2,65,533.333333,173.205081
0,2,66,541.666667,173.205081
0,2,67,550.000000,173.205081
0,2,68,558.333333,173.205081
0,2,69,566.666667,173.205081
0,2,70,575.000000,173.205081
0,2,71,583.333333,173.205081
0,2,72,591.666667,173.205081
0,2,73,600.000000,173.205081
0,2,74,608.333333,173.205081
0,2,75,616.666667,173.205081
0,2,76,625.000000,173.205081
0,2,77,633.333333,173.205081
0,2,78,641.666667,173.205081
0,2,79,650.000000,173.205081
0,2,80,658.333333,173.205081
0,2,81,666.666667,173.205081
0,2,82,675.000000,173.205081
0,2,83,683.333333,173.205081
0,2,84,691.666667,173.205081
0,2,85,700.000000,173.205081
0,2,86,708.328511,173.196728
0,2,87,716.628086,173.138258
0,2,88,724.869792,172.979553
0,2,89,733.024691,172.670497
0,2,90,741.063850,172.160972
0,2,91,748.958333,171.400861
0,2,92,756.679205,170.340047
0,2,93,764.197531,168.928412
0,2,94,771.484375,167.115840
0,2,95,778.510802,164.852212
0,2,96,785.247878,162.087413
0,2,97,791.666667,158.771324
0,2,98,797.757523,154.878887
0,2,99,803.587963,150.485278
0,2,100,809.244792,145.690732
0,2,101,814.814815,140.595482
0,2,102,820.384838,135.299764
0,2,103,826.041667,129.903811
0,2,104,831.872106,124.507858
0,2,105,837.962963,119.212139
0,2,106,844.401042,114.116889
0,2,107,851.273148,109.322343
0,2,108,858.666088,104.928734
0,2,109,866.666667,101.036297
0,2,110,875.366512,97.720208
0,2,111,884.876543,94.955409
0,2,112,895.312500,92.691781
0,2,113,906.790123,90.879209
0,2,114,919.425154,89.467574
0,2,115,933.333333,88.406760
0,2,116,948.630401,87.646649
0,2,117,965.432099,87.137124
0,2,118,983.854167,86.828068
0,2,119,1004.012346,86.669363
0,2,120,1026.022377,86.610893
0,2,121,1050.000000,86.602540
1,1,1,0.000000,0.000000
1,1,2,12.110918,-20.646182
1,1,3,23.262346,-39.582417
1,1,4,33.557292,-56.882146
1,1,5,43.098765,-72.618807
1,1,6,51.989776,-86.865841
1,1,7,60.333333,-99.696687
1,1,8,68.232446,-111.184786
1,1,9,75.790123,-121.403575
1,1,10,83.109375,-130.426497
1,1,11,90.293210,-138.326989
1,1,12,97.444637,-145.178492
1,1,13,104.666667,-151.054446
1,1,14,112.042728,-156.028675
1,1,15,119.577932,-160.176550
1,1,16,127.257812,-163.573823
1,1,17,135.067901,-166.296251
1,1,18,142.993731,-168.419586
1,1,19,151.020833,-170.019585
1,1,20,159.134741,-171.172000
1,1,21,167.320988,-171.952588
1,1,22,175.565104,-172.437102
1,1,23,183.852623,-172.701297
1,1,24,192.169078,-172.820927
1,1,25,200.500000,-172.871747
1,1,26,208.833237,-172.916693
1,1,27,217.165895,-172.967426
1,1,28,225.497396,-173.022789
1,1,29,233.827160,-173.081624
1,1,30,242.154611,-173.142774
1,1,31,250.479167,-173.205081
1,1,32,258.800252,-173.267388
1,1,33,267.117286,-173.328538
1,1,34,275.429690,-173.387372
1,1,35,283.736886,-173.442735
1,1,36,292.038296,-173.493468
1,1,37,300.333340,-173.538414
1,1,38,308.621730,-173.576705
1,1,39,316.904332,-173.608630
1,1,40,325.182305,-173.634768
1,1,41,333.456806,-173.655698
1,1,42,341.728992,-173.671998
1,1,43,350.000021,-173.684247
1,1,44,358.271049,-173.693024
1,1,45,366.543235,-173.698908
1,1,46,374.817735,-173.702477
1,1,47,383.095707,-173.704309
1,1,48,391.378309,-173.704984
1,1,49,399.666696,-173.705081
1,1,50,407.961739,-173.704984
1,1,51,416.263146,-173.704309
1,1,52,424.570340,-173.702477
1,1,53,432.882742,-173.698908
1,1,54,441.199773,-173.693024
1,1,55,449.520855,-173.684247
1,1,56,457.845409,-173.671998
1,1,57,466.172857,-173.655698
1,1,58,474.502619,-173.634768
1,1,59,482.834117,-173.608630
1,1,60,491.166773,-173.576705
1,1,61,499.500008,-173.538414
1,1,62,507.833340,-173.493468
1,1,63,516.166672,-173.442735
1,1,64,524.500004,-173.387372
1,1,65,532.833336,-173.328538
1,1,66,541.166669,-173.267388
1,1,67,549.500002,-173.205081
1,1,68,557.833334,-173.142774
1,1,69,566.166667,-173.081624
1,1,70,574.500001,-173.022789
1,1,71,582.833334,-172.967426
1,1,72,591.166667,-172.916693
1,1,73,599.500000,-172.871747
1,1,74,607.828511,-172.825104
1,1,75,616.128087,-172.734708
1,1,76,624.369792,-172.549866
1,1,77,632.524691,-172.219880
1,1,78,640.563850,-171.694055
1,1,79,648.458333,-170.921695
1,1,80,656.179205,-169.852103
1,1,81,663.697531,-168.434585
1,1,82,670.984375,-166.618444
1,1,83,678.010802,-164.352984
1,1,84,684.747878,-161.587509
1,1,85,691.166667,-158.271324
1,1,86,697.247975,-154.370631
1,1,87,703.011574,-149.919227
1,1,88,708.486979,-144.967809
1,1,89,713.703704,-139.567071
1,1,90,718.691262,-133.767711
1,1,91,723.479167,-127.620424
1,1,92,728.096933,-121.175906
1,1,93,732.574074,-114.484853
1,1,94,736.940104,-107.597961
1,1,95,741.224537,-100.565925
1,1,96,745.456887,-93.439442
1,1,97,749.666667,-86.269207
1,1,98,753.880691,-79.093098
1,1,99,758.114969,-71.897718
1,1,100,762.382813,-64.656850
1,1,101,766.697531,-57.344278
1,1,102,771.072434,-49.933787
1,1,103,775.520833,-42.399160
1,1,104,780.056038,-34.714182
1,1,105,784.691358,-26.852636
1,1,106,789.440104,-18.788306
1,1,107,794.315586,-10.494977
1,1,108,799.331115,-1.946432
1,1,109,804.500000,6.883545
1,1,110,809.873843,15.987469
1,1,111,815.657407,25.223051
1,1,112,822.093750,34.414303
1,1,113,829.425926,43.385236
1,1,114,837.896991,51.959862
1,1,115,847.750000,59.962190
1,1,116,859.228009,67.216232
1,1,117,872.574074,73.545999
1,1,118,888.031250,78.775502
1,1,119,905.842593,82.728753
1,1,120,926.251157,85.229762
1,1,121,949.500000,86.102540
1,2,1,0.000000,0.000000
1,2,2,11.881173,20.875927
1,2,3,22.841049,40.003714
1,2,4,32.979167,57.460271
1,2,5,42.395062,73.322511
1,2,6,51.188272,87.667346
1,2,7,59.458333,100.571687
1,2,8,67.304784,112.112448
1,2,9,74.827161,122.366538
1,2,10,82.125000,131.410872
1,2,11,89.297840,139.322359
1,2,12,96.445216,146.177913
1,2,13,103.666667,152.054446
1,2,14,111.042728,157.028579
1,2,15,118.577932,161.175778
1,2,16,126.257813,164.571219
1,2,17,134.067901,167.290078
1,2,18,141.993731,169.407530
1,2,19,150.020834,170.998751
1,2,20,158.134742,172.138918
1,2,21,166.320988,172.903205
1,2,22,174.565105,173.366790
1,2,23,182.852624,173.604846
1,2,24,191.169079,173.692551
1,2,25,199.500002,173.705081
1,2,26,207.833335,173.705081
1,2,27,216.166669,173.705081
1,2,28,224.500003,173.705081
1,2,29,232.833337,173.705081
1,2,30,241.166671,173.705081
1,2,31,249.500005,173.705081
1,2,32,257.833339,173.705081
1,2,33,266.166673,173.705081
1,2,34,274.500007,173.705081
1,2,35,282.833341,173.705081
1,2,36,291.166675,173.705081
1,2,37,299.500009,173.705081
1,2,38,307.833440,173.705081
1,2,39,316.167449,173.705081
1,2,40,324.502615,173.705081
1,2,41,332.839518,173.705081
1,2,42,341.178735,173.705081
1,2,43,349.520846,173.705081
1,2,44,357.866429,173.705081
1,2,45,366.216062,173.705081
1,2,46,374.570325,173.705081
1,2,47,382.929797,173.705081
1,2,48,391.295055,173.705081
1,2,49,399.666679,173.705081
1,2,50,408.044958,173.705081
1,2,51,416.429023,173.705081
1,2,52,424.817719,173.705081
1,2,53,433.209886,173.705081
1,2,54,441.604368,173.705081
1,2,55,450.000008,173.705081
1,2,56,458.395647,173.705081
1,2,57,466.790129,173.705081
1,2,58,475.182296,173.705081
1,2,59,483.570991,173.705081
1,2,60,491.955057,173.705081
1,2,61,500.333335,173.705081
1,2,62,508.704959,173.705081
1,2,63,517.070217,173.705081
1,2,64,525.429688,173.705081
1,2,65,533.783951,173.705081
1,2,66,542.133584,173.705081
1,2,67,550.479166,173.705081
1,2,68,558.821277,173.705081
1,2,69,567.160494,173.705081
1,2,70,575.497395,173.705081
1,2,71,583.832561,173.705081
1,2,72,592.166570,173.705081
1,2,73,600.500000,173.705081
1,2,74,608.833333,173.705081
1,2,75,617.166666,173.705081
1,2,76,625.500000,173.705081
1,2,77,633.833333,173.705081
1,2,78,642.166666,173.705081
1,2,79,650.500000,173.705081
1,2,80,658.833333,173.705081
1,2,81,667.166666,173.705081
1,2,82,675.500000,173.705081
1,2,83,683.833333,173.705081
1,2,84,692.166666,173.705081
1,2,85,700.500000,173.705081
1,2,86,708.828511,173.696631
1,2,87,717.128086,173.637486
1,2,88,725.369791,173.476949
1,2,89,733.524691,173.164324
1,2,90,741.563850,172.648916
1,2,91,749.458333,171.880028
1,2,92,757.179205,170.806964
1,2,93,764.697531,169.379029
1,2,94,771.984375,167.545527
1,2,95,779.010802,165.255762
1,2,96,785.747878,162.459037
1,2,97,792.166667,159.104657
1,2,98,798.257523,155.167275
1,2,99,804.087963,150.722933
1,2,100,809.744792,145.873024
1,2,101,815.314815,140.718939
1,2,102,820.884838,135.362071
1,2,103,826.541667,129.903811
1,2,104,832.372106,124.445550
1,2,105,838.462963,119.088682
1,2,106,844.901041,113.934597
1,2,107,851.773148,109.084688
1,2,108,859.166088,104.640346
1,2,109,867.166666,100.702964
1,2,110,875.866222,97.348873
1,2,111,885.374228,94.554174
1,2,112,895.804687,92.269907
1,2,113,907.271604,90.447110
1,2,114,919.888984,89.036826
1,2,115,933.770832,87.990093
1,2,116,949.031153,87.257953
1,2,117,965.783950,86.791445
1,2,118,984.143228,86.541610
1,2,119,1004.222993,86.459487
1,2,120,1026.137249,86.496117
1,2,121,1050.000000,86.602540
2,1,1,0.000000,0.000000
2,1,2,12.194573,-20.551318
2,1,3,23.416840,-39.408364
2,1,4,33.770948,-56.643381
2,1,5,43.361042,-72.328612
2,1,6,52.291270,-86.536301
2,1,7,60.665777,-99.338689
2,1,8,68.588712,-110.808021
2,1,9,76.164219,-121.016540
2,1,10,83.496446,-130.036488
2,1,11,90.689539,-137.940110
2,1,12,97.847645,-144.799647
2,1,13,105.074910,-150.687343
2,1,14,112.455716,-155.676011
2,1,15,119.995388,-159.840741
2,1,16,127.679485,-163.257196
2,1,17,135.493568,-166.001034
2,1,18,143.423195,-168.147918
2,1,19,151.453927,-169.773508
2,1,20,159.571323,-170.953465
2,1,21,167.760943,-171.763448
2,1,22,176.008347,-172.279120
2,1,23,184.299095,-172.576141
2,1,24,192.618746,-172.730172
2,1,25,200.952861,-172.816873
2,1,26,209.289209,-172.899032
2,1,27,217.624402,-172.987940
2,1,28,225.957263,-173.082018
2,1,29,234.286614,-173.179685
2,1,30,242.611277,-173.279358
2,1,31,250.930075,-173.379458
2,1,32,259.241830,-173.478404
2,1,33,267.545364,-173.574613
2,1,34,275.839500,-173.666506
2,1,35,284.123059,-173.752502
2,1,36,292.394865,-173.831019
2,1,37,300.653739,-173.900476
2,1,38,308.899089,-173.959703
2,1,39,317.132659,-174.009168
2,1,40,325.356780,-174.049751
2,1,41,333.573781,-174.082329
2,1,42,341.785993,-174.107783
2,1,43,349.995744,-174.126990
2,1,44,358.205365,-174.140829
2,1,45,366.417185,-174.150181
2,1,46,374.633535,-174.155922
2,1,47,382.856744,-174.158933
2,1,48,391.089142,-174.160091
2,1,49,399.333059,-174.160277
2,1,50,407.590247,-174.160101
2,1,51,415.860151,-174.159106
2,1,52,424.141637,-174.156566
2,1,53,432.433571,-174.151758
2,1,54,440.734822,-174.143957
2,1,55,449.044254,-174.132437
2,1,56,457.360736,-174.116473
2,1,57,465.683134,-174.095342
2,1,58,474.010314,-174.068317
2,1,59,482.341144,-174.034674
2,1,60,490.674490,-173.993689
2,1,61,499.009218,-173.944636
2,1,62,507.344382,-173.887098
2,1,63,515.679776,-173.821883
2,1,64,524.015380,-173.750105
2,1,65,532.351173,-173.672882
2,1,66,540.687136,-173.591327
2,1,67,549.023250,-173.506556
2,1,68,557.359493,-173.419685
2,1,69,565.695847,-173.331829
2,1,70,574.032291,-173.244103
2,1,71,582.368805,-173.157622
2,1,72,590.705369,-173.073502
2,1,73,599.041964,-172.992858
2,1,74,607.373784,-172.908265
2,1,75,615.676880,-172.778139
2,1,76,623.922519,-172.552354
2,1,77,632.081967,-172.180788
2,1,78,640.126490,-171.613314
2,1,79,648.027354,-170.799809
2,1,80,655.755826,-169.690147
2,1,81,663.283171,-168.234205
2,1,82,670.580656,-166.381857
2,1,83,677.619546,-164.082979
2,1,84,684.371109,-161.287446
2,1,85,690.806609,-157.945134
2,1,86,696.906993,-154.022733
2,1,87,702.691925,-149.554196
2,1,88,708.190747,-144.590289
2,1,89,713.432802,-139.181779
2,1,90,718.447433,-133.379433
2,1,91,723.263984,-127.234018
2,1,92,727.911797,-120.796302
2,1,93,732.420215,-114.117052
2,1,94,736.818582,-107.247034
2,1,95,741.136241,-100.237015
2,1,96,745.402534,-93.137763
2,1,97,749.646804,-86.000045
2,1,98,753.895681,-78.861648
2,1,99,758.164930,-71.708441
2,1,100,762.467604,-64.513315
2,1,101,766.816756,-57.249159
2,1,102,771.225437,-49.888863
2,1,103,775.706701,-42.405317
2,1,104,780.273599,-34.771411
2,1,105,784.939184,-26.960035
2,1,106,789.716508,-18.944078
2,1,107,794.618623,-10.696430
2,1,108,799.658582,-2.189982
2,1,109,804.849437,6.602377
2,1,110,810.242100,15.673864
2,1,111,816.038921,24.882122
2,1,112,822.480109,34.050901
2,1,113,829.805873,43.003953
2,1,114,838.256424,51.565028
2,1,115,848.071971,59.557875
2,1,116,859.492723,66.806245
2,1,117,872.758889,73.133888
2,1,118,888.110680,78.364555
2,1,119,905.788305,82.321996
2,1,120,926.031973,84.829962
2,1,121,949.081894,85.712203
2,2,1,0.000000,0.000000
2,2,2,11.811433,20.902636
2,2,3,22.715779,40.051775
2,2,4,32.811315,57.525093
2,2,5,42.196317,73.400265
2,2,6,50.969063,87.754966
2,2,7,59.227828,100.666869
2,2,8,67.070890,112.213651
2,2,9,74.596524,122.472986
2,2,10,81.903008,131.522549
2,2,11,89.088618,139.440015
2,2,12,96.251630,146.303058
2,2,13,103.490321,152.189354
2,2,14,110.884165,157.176093
2,2,15,118.437420,161.338526
2,2,16,126.135544,164.751421
2,2,17,133.963992,167.489546
2,2,18,141.908220,169.627667
2,2,19,149.953686,171.240552
2,2,20,158.085844,172.402968
2,2,21,166.290151,173.189683
2,2,22,174.552063,173.675464
2,2,23,182.857037,173.935077
2,2,24,191.190529,174.043291
2,2,25,199.537995,174.074873
2,2,26,207.887239,174.092146
2,2,27,216.235464,174.107661
2,2,28,224.582219,174.121526
2,2,29,232.927054,174.133848
2,2,30,241.269520,174.144733
2,2,31,249.609165,174.154290
2,2,32,257.945540,174.162626
2,2,33,266.278196,174.169848
2,2,34,274.606681,174.176063
2,2,35,282.930546,174.181378
2,2,36,291.249342,174.185901
2,2,37,299.562617,174.189739
2,2,38,307.870342,174.192990
2,2,39,316.174159,174.195710
2,2,40,324.476131,174.197948
2,2,41,332.778322,174.199752
2,2,42,341.082794,174.201169
2,2,43,349.391609,174.202246
2,2,44,357.706830,174.203032
2,2,45,366.030521,174.203574
2,2,46,374.364744,174.203920
2,2,47,382.711561,174.204117
2,2,48,391.073035,174.204214
2,2,49,399.451230,174.204257
2,2,50,407.847410,174.204287
2,2,51,416.259650,174.204311
2,2,52,424.685228,174.204329
2,2,53,433.121421,174.204342
2,2,54,441.565508,174.204350
2,2,55,450.014765,174.204351
2,2,56,458.466470,174.204346
2,2,57,466.917901,174.204336
2,2,58,475.366335,174.204319
2,2,59,483.809050,174.204296
2,2,60,492.243324,174.204267
2,2,61,500.666433,174.204232
2,2,62,509.076235,174.204171
2,2,63,517.472899,174.203981
2,2,64,525.857174,174.203544
2,2,65,534.229810,174.202736
2,2,66,542.591554,174.201438
2,2,67,550.943157,174.199528
2,2,68,559.285366,174.196884
2,2,69,567.618930,174.193387
2,2,70,575.944599,174.188914
2,2,71,584.263121,174.183344
2,2,72,592.575246,174.176557
2,2,73,600.881721,174.168431
2,2,74,609.183304,174.158858
2,2,75,617.480786,174.147780
2,2,76,625.774966,174.135151
2,2,77,634.066641,174.120925
2,2,78,642.356610,174.105057
2,2,79,650.645674,174.087502
2,2,80,658.934629,174.068214
2,2,81,667.224275,174.047147
2,2,82,675.515410,174.024257
2,2,83,683.808833,173.999497
2,2,84,692.105344,173.972821
2,2,85,700.405739,173.944186
2,2,86,708.705869,173.905216
2,2,87,716.981776,173.814224
2,2,88,725.204557,173.621194
2,2,89,733.345304,173.276109
2,2,90,741.375112,172.728955
2,2,91,749.265075,171.929715
2,2,92,756.986287,170.828372
2,2,93,764.509842,169.374911
2,2,94,771.806835,167.519317
2,2,95,778.848360,165.211572
2,2,96,785.605511,162.401661
2,2,97,792.049382,159.039567
2,2,98,798.170205,155.100342
2,2,99,804.034764,150.659301
2,2,100,809.728982,145.816825
2,2,101,815.338779,140.673296
2,2,102,820.950078,135.329097
2,2,103,826.648801,129.884609
2,2,104,832.520869,124.440213
2,2,105,838.652205,119.096293
2,2,106,845.128730,113.953229
2,2,107,852.036367,109.111403
2,2,108,859.461037,104.671198
2,2,109,867.488662,100.732995
2,2,110,876.209721,97.372543
2,2,111,885.732918,94.567053
2,2,112,896.171514,92.269106
2,2,113,907.638772,90.431280
2,2,114,920.247953,89.006155
2,2,115,934.112317,87.946309
2,2,116,949.345126,87.204322
2,2,117,966.059642,86.732774
2,2,118,984.369126,86.484242
2,2,119,1004.386840,86.411306
2,2,120,1026.226044,86.466546
2,2,121,1050.000000,86.602540
3,1,1,0.000000,0.000000
3,1,2,12.257666,-20.467953
3,1,3,23.534516,-39.255354
3,1,4,33.935416,-56.433536
3,1,5,43.565233,-72.073832
3,1,6,52.528835,-86.247577
3,1,7,60.931088,-99.026102
3,1,8,68.876861,-110.480741
3,1,9,76.471020,-120.682828
3,1,10,83.818432,-129.703695
3,1,11,91.023964,-137.614676
3,1,12,98.192484,-144.487105
3,1,13,105.428859,-150.392313
3,1,14,112.818079,-155.402287
3,1,15,120.365629,-159.591620
3,1,16,128.057115,-163.035557
3,1,17,135.878145,-165.809342
3,1,18,143.814327,-167.988221
3,1,19,151.851267,-169.647440
3,1,20,159.974573,-170.862242
3,1,21,168.169853,-171.707874
3,1,22,176.422713,-172.259581
3,1,23,184.718761,-172.592607
3,1,24,193.043604,-172.782198
3,1,25,201.382850,-172.903599
3,1,26,209.724228,-173.019237
3,1,27,218.063959,-173.140275
3,1,28,226.400383,-173.265056
3,1,29,234.731842,-173.391924
3,1,30,243.056679,-173.519223
3,1,31,251.373236,-173.645297
3,1,32,259.679853,-173.768490
3,1,33,267.974874,-173.887147
3,1,34,276.256641,-173.999610
3,1,35,284.523494,-174.104225
3,1,36,292.773775,-174.199336
3,1,37,301.005828,-174.283285
3,1,38,309.218792,-174.354870
3,1,39,317.415003,-174.414693
3,1,40,325.597594,-174.463808
3,1,41,333.769699,-174.503270
3,1,42,341.934452,-174.534134
3,1,43,350.094988,-174.557453
3,1,44,358.254439,-174.574283
3,1,45,366.415940,-174.585679
3,1,46,374.582624,-174.592693
3,1,47,382.757626,-174.596382
3,1,48,390.944079,-174.597800
3,1,49,399.145118,-174.598000
3,1,50,407.363136,-174.597732
3,1,51,415.597575,-174.596519
3,1,52,423.847133,-174.593577
3,1,53,432.110513,-174.588123
3,1,54,440.386414,-174.579374
3,1,55,448.673537,-174.566547
3,1,56,456.970584,-174.548859
3,1,57,465.276253,-174.525527
3,1,58,473.589247,-174.495767
3,1,59,481.908266,-174.458796
3,1,60,490.232009,-174.413831
3,1,61,498.559179,-174.360090
3,1,62,506.888664,-174.297057
3,1,63,515.220105,-174.225298
3,1,64,523.553331,-174.145646
3,1,65,531.888174,-174.058934
3,1,66,540.224461,-173.965996
3,1,67,548.562023,-173.867665
3,1,68,556.900689,-173.764774
3,1,69,565.240289,-173.658158
3,1,70,573.580652,-173.548649
3,1,71,581.921609,-173.437081
3,1,72,590.262988,-173.324288
3,1,73,598.604619,-173.211103
3,1,74,606.941617,-173.089999
3,1,75,615.250231,-172.920006
3,1,76,623.501996,-172.651793
3,1,77,631.668447,-172.236032
3,1,78,639.721119,-171.623391
3,1,79,647.631546,-170.764540
3,1,80,655.371263,-169.610149
3,1,81,662.911804,-168.110888
3,1,82,670.224704,-166.217426
3,1,83,677.281499,-163.880433
3,1,84,684.053722,-161.050579
3,1,85,690.512908,-157.678533
3,1,86,696.640147,-153.731636
3,1,87,702.454755,-149.243902
3,1,88,707.985600,-144.266020
3,1,89,713.261553,-138.848674
3,1,90,718.311483,-133.042551
3,1,91,723.164260,-126.898337
3,1,92,727.848755,-120.466718
3,1,93,732.393837,-113.798381
3,1,94,736.828376,-106.944010
3,1,95,741.181242,-99.954294
3,1,96,745.481306,-92.879917
3,1,97,749.757435,-85.771566
3,1,98,754.035889,-78.666838
3,1,99,758.332467,-71.550973
3,1,100,762.660357,-64.396121
3,1,101,767.032749,-57.174433
3,1,102,771.462831,-49.858060
3,1,103,775.963789,-42.419153
3,1,104,780.548813,-34.829863
3,1,105,785.231091,-27.062340
3,1,106,790.023810,-19.088736
3,1,107,794.940159,-10.881200
3,1,108,799.993325,-2.411883
3,1,109,805.196498,6.347062
3,1,110,810.600233,15.389463
3,1,111,816.404558,24.573049
3,1,112,822.846869,33.721526
3,1,113,830.164563,42.658600
3,1,114,838.595036,51.207978
3,1,115,848.375684,59.193366
3,1,116,859.743903,66.438470
3,1,117,872.937089,72.766996
3,1,118,888.192639,78.002651
3,1,119,905.747949,81.969140
3,1,120,925.840414,84.490170
3,1,121,948.707431,85.389447
3,2,1,0.000000,0.000000
3,2,2,11.773721,20.881111
3,2,3,22.650461,40.012185
3,2,4,32.727546,57.470931
3,2,5,42.102303,73.335053
3,2,6,50.872058,87.682259
3,2,7,59.134137,100.590255
3,2,8,66.985866,112.136748
3,2,9,74.524574,122.399445
3,2,10,81.847584,131.456052
3,2,11,89.052225,139.384275
3,2,12,96.235823,146.261822
3,2,13,103.495704,152.166398
3,2,14,110.910541,157.175128
3,2,15,118.484399,161.362802
3,2,16,126.202687,164.803629
3,2,17,134.050817,167.571816
3,2,18,142.014198,169.741571
3,2,19,150.078243,171.387103
3,2,20,158.228361,172.582619
3,2,21,166.449963,173.402327
3,2,22,174.728460,173.920436
3,2,23,183.049262,174.211152
3,2,24,191.397780,174.348685
3,2,25,199.759425,174.407242
3,2,26,208.121886,174.448711
3,2,27,216.481964,174.485704
3,2,28,224.838739,174.518511
3,2,29,233.191291,174.547422
3,2,30,241.538699,174.572730
3,2,31,249.880045,174.594725
3,2,32,258.214407,174.613698
3,2,33,266.540865,174.629940
3,2,34,274.858500,174.643742
3,2,35,283.166391,174.655395
3,2,36,291.463618,174.665191
3,2,37,299.749261,174.673419
3,2,38,308.023164,174.680341
3,2,39,316.288234,174.686093
3,2,40,324.548139,174.690784
3,2,41,332.806549,174.694519
3,2,42,341.067134,174.697406
3,2,43,349.333565,174.699551
3,2,44,357.609510,174.701061
3,2,45,365.898641,174.702044
3,2,46,374.204626,174.702606
3,2,47,382.531135,174.702853
3,2,48,390.881839,174.702893
3,2,49,399.260407,174.702833
3,2,50,407.669171,174.702762
3,2,51,416.105107,174.702697
3,2,52,424.563854,174.702637
3,2,53,433.041051,174.702583
3,2,54,441.532336,174.702534
3,2,55,450.033347,174.702489
3,2,56,458.539724,174.702448
3,2,57,467.047103,174.702411
3,2,58,475.551125,174.702378
3,2,59,484.047427,174.702347
3,2,60,492.531648,174.702319
3,2,61,500.999427,174.702293
3,2,62,509.447268,174.702224
3,2,63,517.875145,174.701887
3,2,64,526.283897,174.701014
3,2,65,534.674365,174.699335
3,2,66,543.047387,174.696581
3,2,67,551.403805,174.692482
3,2,68,559.744456,174.686771
3,2,69,568.070182,174.679176
3,2,70,576.381822,174.669430
3,2,71,584.680216,174.657263
3,2,72,592.966204,174.642406
3,2,73,601.240625,174.624589
3,2,74,609.504472,174.603575
3,2,75,617.759352,174.579249
3,2,76,626.007024,174.551526
3,2,77,634.249247,174.520324
3,2,78,642.487782,174.485559
3,2,79,650.724387,174.447147
3,2,80,658.960821,174.405004
3,2,81,667.198846,174.359047
3,2,82,675.440219,174.309192
3,2,83,683.686700,174.255356
3,2,84,691.940048,174.197454
3,2,85,700.202024,174.135403
3,2,86,708.469279,174.060946
3,2,87,716.718032,173.933137
3,2,88,724.919395,173.702854
3,2,89,733.044481,173.320978
3,2,90,741.064400,172.738388
3,2,91,748.950266,171.905965
3,2,92,756.673189,170.774587
3,2,93,764.204281,169.295134
3,2,94,771.514655,167.418487
3,2,95,778.575422,165.095525
3,2,96,785.357694,162.277127
3,2,97,791.832583,158.914174
3,2,98,797.990167,154.982244
3,2,99,803.896393,150.555711
3,2,100,809.636174,145.733646
3,2,101,815.294422,140.615123
3,2,102,820.956050,135.299213
3,2,103,826.705971,129.884989
3,2,104,832.629099,124.471524
3,2,105,838.810345,119.157888
3,2,106,845.334623,114.043156
3,2,107,852.286846,109.226399
3,2,108,859.751926,104.806689
3,2,109,867.814777,100.883099
3,2,110,876.564881,97.530420
3,2,111,886.110000,94.726321
3,2,112,896.562466,92.424190
3,2,113,908.034610,90.577414
3,2,114,920.638765,89.139382
3,2,115,934.487261,88.063480
3,2,116,949.692432,87.303098
3,2,117,966.366607,86.811622
3,2,118,984.622120,86.542440
3,2,119,1004.571302,86.448941
3,2,120,1026.326485,86.484512
3,2,121,1050.000000,86.602540
4,1,1,0.000000,0.000000
4,1,2,12.305332,-20.392528
4,1,3,23.624637,-39.116900
4,1,4,34.063180,-56.243708
4,1,5,43.726228,-71.843546
4,1,6,52.719045,-85.987007
4,1,7,61.146898,-98.744684
4,1,8,69.115052,-110.187170
4,1,9,76.728772,-120.385057
4,1,10,84.093326,-129.408940
4,1,11,91.313977,-137.329411
4,1,12,98.495993,-144.217064
4,1,13,105.744639,-150.142491
4,1,14,113.145247,-155.176965
4,1,15,120.703421,-159.394483
4,1,16,128.404833,-162.869721
4,1,17,136.235151,-165.677353
4,1,18,144.180047,-167.892056
4,1,19,152.225191,-169.588507
4,1,20,160.356255,-170.841380
4,1,21,168.558908,-171.725352
4,1,22,176.818821,-172.315099
4,1,23,185.121665,-172.685296
4,1,24,193.453110,-172.910620
4,1,25,201.798827,-173.065746
4,1,26,210.146542,-173.212646
4,1,27,218.492203,-173.362469
4,1,28,226.833813,-173.513660
4,1,29,235.169376,-173.664664
4,1,30,243.496896,-173.813927
4,1,31,251.814375,-173.959892
4,1,32,260.119817,-174.101006
4,1,33,268.411225,-174.235712
4,1,34,276.686604,-174.362457
4,1,35,284.943956,-174.479684
4,1,36,293.181285,-174.585839
4,1,37,301.396594,-174.679367
4,1,38,309.588805,-174.759166
4,1,39,317.760514,-174.825943
4,1,40,325.915234,-174.880862
4,1,41,334.056480,-174.925083
4,1,42,342.187766,-174.959769
4,1,43,350.312606,-174.986080
4,1,44,358.434513,-175.005179
4,1,45,366.557001,-175.018226
4,1,46,374.683586,-175.026385
4,1,47,382.817780,-175.030815
4,1,48,390.963097,-175.032679
4,1,49,399.123052,-175.033139
4,1,50,407.300401,-175.033027
4,1,51,415.494871,-175.031860
4,1,52,423.705428,-175.028827
4,1,53,431.931042,-175.023114
4,1,54,440.170681,-175.013911
4,1,55,448.423313,-175.000406
4,1,56,456.687908,-174.981786
4,1,57,464.963432,-174.957239
4,1,58,473.248855,-174.925954
4,1,59,481.543144,-174.887119
4,1,60,489.845269,-174.839922
4,1,61,498.154197,-174.783551
4,1,62,506.468993,-174.717410
4,1,63,514.789100,-174.641765
4,1,64,523.114060,-174.557100
4,1,65,531.443412,-174.463898
4,1,66,539.776697,-174.362642
4,1,67,548.113454,-174.253813
4,1,68,556.453224,-174.137896
4,1,69,564.795547,-174.015374
4,1,70,573.139963,-173.886728
4,1,71,581.486012,-173.752442
4,1,72,589.833234,-173.612999
4,1,73,598.181170,-173.468882
4,1,74,606.524739,-173.312412
4,1,75,614.840377,-173.103270
4,1,76,623.099901,-172.792974
4,1,77,631.275125,-172.333043
4,1,78,639.337867,-171.674996
4,1,79,647.259941,-170.770351
4,1,80,655.013164,-169.570627
4,1,81,662.569351,-168.027344
4,1,82,669.900318,-166.092019
4,1,83,676.977881,-163.716172
4,1,84,683.773856,-160.851322
4,1,85,690.260058,-157.448987
4,1,86,696.417712,-153.477190
4,1,87,702.265674,-148.969972
4,1,88,707.832206,-143.977876
4,1,89,713.145573,-138.551449
4,1,90,718.234040,-132.741233
4,1,91,723.125869,-126.597774
4,1,92,727.849324,-120.171616
4,1,93,732.432671,-113.513304
4,1,94,736.904171,-106.673383
4,1,95,741.292090,-99.702396
4,1,96,745.624692,-92.650888
4,1,97,749.930239,-85.569404
4,1,98,754.234541,-78.495316
4,1,99,758.553590,-71.413309
4,1,100,762.900922,-64.294894
4,1,101,767.290072,-57.111583
4,1,102,771.734578,-49.834890
4,1,103,776.247975,-42.436324
4,1,104,780.843800,-34.887399
4,1,105,785.535590,-27.159627
4,1,106,790.336880,-19.224520
4,1,107,795.261208,-11.053589
4,1,108,800.322109,-2.618348
4,1,109,805.533119,6.109693
4,1,110,810.944617,15.124914
4,1,111,816.754340,24.285263
4,1,112,823.196870,33.414582
4,1,113,830.506785,42.336713
4,1,114,838.918667,50.875498
4,1,115,848.667094,58.854778
4,1,116,859.986648,66.098394
4,1,117,873.111908,72.430189
4,1,118,888.277453,77.674004
4,1,119,905.717865,81.653681
4,1,120,925.667722,84.193061
4,1,121,948.361606,85.115985
4,2,1,0.000000,0.000000
4,2,2,11.760318,20.832317
4,2,3,22.630089,39.922916
4,2,4,32.705981,57.349142
4,2,5,42.084662,73.188337
4,2,6,50.862799,87.517848
4,2,7,59.137060,100.415019
4,2,8,67.004113,111.957192
4,2,9,74.560626,122.221714
4,2,10,81.903266,131.285928
4,2,11,89.128700,139.227179
4,2,12,96.333598,146.122811
4,2,13,103.614625,152.050168
4,2,14,111.049908,157.085963
4,2,15,118.643397,161.304382
4,2,16,126.380502,164.778979
4,2,17,134.246631,167.583309
4,2,18,142.227193,169.790925
4,2,19,150.307598,171.475383
4,2,20,158.473254,172.710236
4,2,21,166.709570,173.569040
4,2,22,175.001954,174.125347
4,2,23,183.335817,174.452712
4,2,24,191.696565,174.624690
4,2,25,200.069609,174.714835
4,2,26,208.442554,174.784530
4,2,27,216.811794,174.846469
4,2,28,225.175921,174.901175
4,2,29,233.533524,174.949171
4,2,30,241.883197,174.990981
4,2,31,250.223528,175.027127
4,2,32,258.553110,175.058133
4,2,33,266.870534,175.084521
4,2,34,275.174390,175.106815
4,2,35,283.463270,175.125537
4,2,36,291.735765,175.141211
4,2,37,299.990465,175.154360
4,2,38,308.227083,175.165446
4,2,39,316.449816,175.174697
4,2,40,324.663979,175.182277
4,2,41,332.874890,175.188353
4,2,42,341.087865,175.193090
4,2,43,349.308223,175.196656
4,2,44,357.541280,175.199215
4,2,45,365.792353,175.200935
4,2,46,374.066759,175.201981
4,2,47,382.369815,175.202518
4,2,48,390.706839,175.202714
4,2,49,399.083146,175.202734
4,2,50,407.502165,175.202716
4,2,51,415.959762,175.202689
4,2,52,424.449915,175.202650
4,2,53,432.966602,175.202601
4,2,54,441.503799,175.202540
4,2,55,450.055485,175.202466
4,2,56,458.615637,175.202381
4,2,57,467.178231,175.202282
4,2,58,475.737247,175.202171
4,2,59,484.286660,175.202045
4,2,60,492.820448,175.201905
4,2,61,501.332590,175.201750
4,2,62,509.818214,175.201508
4,2,63,518.277063,175.200815
4,2,64,526.710030,175.199235
4,2,65,535.118009,175.196333
4,2,66,543.501895,175.191672
4,2,67,551.862582,175.184818
4,2,68,560.200964,175.175335
4,2,69,568.517934,175.162786
4,2,70,576.814388,175.146737
4,2,71,585.091218,175.126751
4,2,72,593.349320,175.102392
4,2,73,601.589587,175.073225
4,2,74,609.813228,175.038873
4,2,75,618.022717,174.999189
4,2,76,626.220841,174.954086
4,2,77,634.410387,174.903477
4,2,78,642.594142,174.847274
4,2,79,650.774896,174.785390
4,2,80,658.955435,174.717736
4,2,81,667.138547,174.644226
4,2,82,675.327020,174.564772
4,2,83,683.523642,174.479286
4,2,84,691.731200,174.387681
4,2,85,699.952481,174.289869
4,2,86,708.184997,174.177751
4,2,87,716.405152,174.011179
4,2,88,724.584070,173.741991
4,2,89,732.692880,173.322029
4,2,90,740.702706,172.703131
4,2,91,748.584677,171.837137
4,2,92,756.309917,170.675887
4,2,93,763.849554,169.171221
4,2,94,771.174714,167.274979
4,2,95,778.256523,164.939000
4,2,96,785.066108,162.115123
4,2,97,791.574595,158.755189
4,2,98,797.771898,154.835342
4,2,99,803.723077,150.428944
4,2,100,809.511982,145.633663
4,2,101,815.222459,140.547165
4,2,102,820.938359,135.267117
4,2,103,826.743528,129.891188
4,2,104,832.721814,124.517043
4,2,105,838.957067,119.242350
4,2,106,845.533134,114.164776
4,2,107,852.533864,109.381988
4,2,108,860.043105,104.991653
4,2,109,868.144704,101.091439
4,2,110,876.927089,97.755014
4,2,111,886.497000,94.960064
4,2,112,896.965754,92.660272
4,2,113,908.444669,90.809327
4,2,114,921.045065,89.360913
4,2,115,934.878259,88.268717
4,2,116,950.055569,87.486425
4,2,117,966.688313,86.967724
4,2,118,984.887810,86.666298
4,2,119,1004.765379,86.535835
4,2,120,1026.432336,86.530020
4,2,121,1050.000000,86.602540
5,1,1,0.000000,0.000000
5,1,2,12.340759,-20.323080
5,1,3,23.692933,-38.989451
5,1,4,34.161927,-56.069072
5,1,5,43.853144,-71.631901
5,1,6,52.871989,-85.747896
5,1,7,61.323866,-98.487015
5,1,8,69.314178,-109.919217
5,1,9,76.948330,-120.114459
5,1,10,84.331726,-129.142699
5,1,11,91.569771,-137.073897
5,1,12,98.767867,-143.978010
5,1,13,106.031419,-149.924996
5,1,14,113.445889,-154.985492
5,1,15,121.016964,-159.232856
5,1,16,128.730392,-162.741123
5,1,17,136.571918,-165.584328
5,1,18,144.527289,-167.836507
5,1,19,152.582249,-169.571696
5,1,20,160.722545,-170.863930
5,1,21,168.933924,-171.787245
5,1,22,177.202131,-172.415677
5,1,23,185.512911,-172.823262
5,1,24,193.852012,-173.084034
5,1,25,202.205178,-173.272030
5,1,26,210.560155,-173.448719
5,1,27,218.912677,-173.625303
5,1,28,227.260479,-173.800416
5,1,29,235.601293,-173.972695
5,1,30,243.932854,-174.140775
5,1,31,252.252896,-174.303291
5,1,32,260.559152,-174.458879
5,1,33,268.849355,-174.606173
5,1,34,277.121240,-174.743810
5,1,35,285.372540,-174.870424
5,1,36,293.600988,-174.984651
5,1,37,301.804319,-175.085127
5,1,38,309.981260,-175.170919
5,1,39,318.134516,-175.242830
5,1,40,326.267784,-175.302093
5,1,41,334.384762,-175.349943
5,1,42,342.489149,-175.387616
5,1,43,350.584642,-175.416345
5,1,44,358.674941,-175.437364
5,1,45,366.763742,-175.451909
5,1,46,374.854744,-175.461214
5,1,47,382.951646,-175.466514
5,1,48,391.058145,-175.469043
5,1,49,399.177939,-175.470035
5,1,50,407.314017,-175.470380
5,1,51,415.466525,-175.469588
5,1,52,423.634900,-175.466821
5,1,53,431.818580,-175.461244
5,1,54,440.017001,-175.452021
5,1,55,448.229601,-175.438315
5,1,56,456.455816,-175.419290
5,1,57,464.695083,-175.394111
5,1,58,472.946839,-175.361941
5,1,59,481.210522,-175.321943
5,1,60,489.485568,-175.273283
5,1,61,497.771413,-175.215123
5,1,62,506.067455,-175.146787
5,1,63,514.372923,-175.068235
5,1,64,522.687009,-174.979588
5,1,65,531.008901,-174.880965
5,1,66,539.337790,-174.772487
5,1,67,547.672866,-174.654273
5,1,68,556.013318,-174.526443
5,1,69,564.358336,-174.389118
5,1,70,572.707111,-174.242417
5,1,71,581.058833,-174.086460
5,1,72,589.412691,-173.921367
5,1,73,597.767874,-173.747259
5,1,74,606.119059,-173.556297
5,1,75,614.442856,-173.308811
5,1,76,622.711362,-172.957174
5,1,77,630.896674,-172.453759
5,1,78,638.970887,-171.750937
5,1,79,646.906099,-170.801081
5,1,80,654.674407,-169.556564
5,1,81,662.247905,-167.969758
5,1,82,669.598692,-165.993035
5,1,83,676.698863,-163.578767
5,1,84,683.520515,-160.679327
5,1,85,690.035744,-157.247088
5,1,86,696.225895,-153.250755
5,1,87,702.109302,-148.724364
5,1,88,707.713547,-143.718286
5,1,89,713.066214,-138.282891
5,1,90,718.194884,-132.468550
5,1,91,723.127140,-126.325632
5,1,92,727.890563,-119.904507
5,1,93,732.512737,-113.255545
5,1,94,737.021244,-106.429117
5,1,95,741.443667,-99.475593
5,1,96,745.807586,-92.445343
5,1,97,750.140586,-85.388736
5,1,98,754.467988,-78.342907
5,1,99,758.806075,-71.292042
5,1,100,763.168870,-64.207090
5,1,101,767.570395,-57.059000
5,1,102,772.024674,-49.818723
5,1,103,776.545728,-42.457208
5,1,104,781.147582,-34.945405
5,1,105,785.844257,-27.254263
5,1,106,790.649777,-19.354732
5,1,107,795.578163,-11.217761
5,1,108,800.643440,-2.814301
5,1,109,805.859629,5.884700
5,1,110,811.277042,14.874138
5,1,111,817.091146,24.012293
5,1,112,823.533697,33.123294
5,1,113,830.836450,42.031267
5,1,114,839.231162,50.560339
5,1,115,848.949587,58.534638
5,1,116,860.223481,65.778290
5,1,117,873.284601,72.115424
5,1,118,888.364701,77.370165
5,1,119,905.695537,81.366642
5,1,120,925.508866,83.928982
5,1,121,948.036442,84.881311
5,2,1,0.000000,0.000000
5,2,2,11.765877,20.766760
5,2,3,22.644461,39.803058
5,2,4,32.732030,57.185643
5,2,5,42.124860,72.991258
5,2,6,50.919231,87.296652
5,2,7,59.211418,100.178570
5,2,8,67.097700,111.713758
5,2,9,74.674355,121.978963
5,2,10,82.037659,131.050932
5,2,11,89.283890,139.006409
5,2,12,96.509326,145.922142
5,2,13,103.810245,151.874878
5,2,14,111.264449,156.940711
5,2,15,118.875850,161.193136
5,2,16,126.629882,164.704998
5,2,17,134.511981,167.549140
5,2,18,142.507584,169.798407
5,2,19,150.602127,171.525642
5,2,20,158.781044,172.803691
5,2,21,167.029773,173.705396
5,2,22,175.333749,174.303602
5,2,23,183.678408,174.671154
5,2,24,192.049185,174.880895
5,2,25,200.431518,175.005669
5,2,26,208.812950,175.106309
5,2,27,217.189461,175.195603
5,2,28,225.559139,175.274326
5,2,29,233.920073,175.343255
5,2,30,242.270351,175.403167
5,2,31,250.608061,175.454836
5,2,32,258.931292,175.499040
5,2,33,267.238132,175.536554
5,2,34,275.526669,175.568155
5,2,35,283.794992,175.594618
5,2,36,292.041189,175.616720
5,2,37,300.263348,175.635237
5,2,38,308.461039,175.650855
5,2,39,316.639756,175.663896
5,2,40,324.806472,175.674594
5,2,41,332.968163,175.683180
5,2,42,341.131804,175.689887
5,2,43,349.304368,175.694949
5,2,44,357.492832,175.698597
5,2,45,365.704170,175.701063
5,2,46,373.945355,175.702581
5,2,47,382.223364,175.703384
5,2,48,390.545171,175.703703
5,2,49,398.917750,175.703771
5,2,50,407.345633,175.703782
5,2,51,415.823580,175.703774
5,2,52,424.343909,175.703749
5,2,53,432.898935,175.703704
5,2,54,441.480976,175.703642
5,2,55,450.082348,175.703560
5,2,56,458.695369,175.703460
5,2,57,467.312354,175.703341
5,2,58,475.925622,175.703204
5,2,59,484.527489,175.703047
5,2,60,493.110272,175.702872
5,2,61,501.666287,175.702678
5,2,62,510.189287,175.702360
5,2,63,518.678760,175.701395
5,2,64,527.135630,175.699154
5,2,65,535.560821,175.695010
5,2,66,543.955257,175.688333
5,2,67,552.319863,175.678496
5,2,68,560.655561,175.664870
5,2,69,568.963276,175.646828
5,2,70,577.243932,175.623740
5,2,71,585.498452,175.594979
5,2,72,593.727760,175.559916
5,2,73,601.932781,175.517924
5,2,74,610.114926,175.468471
5,2,75,618.277560,175.411421
5,2,76,626.424533,175.346733
5,2,77,634.559698,175.274370
5,2,78,642.686908,175.194291
5,2,79,650.810014,175.106456
5,2,80,658.932867,175.010828
5,2,81,667.059320,174.907365
5,2,82,675.193226,174.796030
5,2,83,683.338435,174.676782
5,2,84,691.498800,174.549582
5,2,85,699.678173,174.414391
5,2,86,707.874953,174.263311
5,2,87,716.065734,174.057008
5,2,88,724.221655,173.748290
5,2,89,732.313856,173.289964
5,2,90,740.313478,172.634840
5,2,91,748.191661,171.735723
5,2,92,755.919546,170.545422
5,2,93,763.468272,169.016746
5,2,94,770.808979,167.102500
5,2,95,777.912809,164.755494
5,2,96,784.750901,161.928535
5,2,97,791.294396,158.574431
5,2,98,797.533036,154.669893
5,2,99,803.530971,150.287241
5,2,100,809.370954,145.522701
5,2,101,815.135739,140.472497
5,2,102,820.908077,135.232853
5,2,103,826.770722,129.899994
5,2,104,832.806426,124.570144
5,2,105,839.097943,119.339528
5,2,106,845.728023,114.304370
5,2,107,852.779422,109.560894
5,2,108,860.334890,105.205326
5,2,109,868.477182,101.333889
5,2,110,877.293633,98.019045
5,2,111,886.889916,95.238205
5,2,112,897.376288,92.945017
5,2,113,908.863006,91.093128
5,2,114,921.460327,89.636187
5,2,115,935.278507,88.527840
5,2,116,950.427802,87.721737
5,2,117,967.018470,87.171525
5,2,118,985.160767,86.830851
5,2,119,1004.964950,86.653364
5,2,120,1026.541275,86.592711
5,2,121,1050.000000,86.602540
6,1,1,0.000000,0.000000
6,1,2,12.366190,-20.258353
6,1,3,23.743422,-38.870764
6,1,4,34.237026,-55.906619
6,1,5,43.952328,-71.435303
6,1,6,52.994656,-85.526201
6,1,7,61.469339,-98.248697
6,1,8,69.481702,-109.672177
6,1,9,77.137075,-119.866026
6,1,10,84.540786,-128.899629
6,1,11,91.798160,-136.842371
6,1,12,99.014528,-143.763637
6,1,13,106.295215,-149.732811
6,1,14,113.725634,-154.819945
6,1,15,121.311532,-159.097748
6,1,16,129.038737,-162.639594
6,1,17,136.893081,-165.518857
6,1,18,144.860395,-167.808913
6,1,19,152.926507,-169.583136
6,1,20,161.077249,-170.914900
6,1,21,169.298450,-171.877580
6,1,22,177.575942,-172.544550
6,1,23,185.895553,-172.989185
6,1,24,194.243116,-173.284859
6,1,25,202.604459,-173.504948
6,1,26,210.967359,-173.710406
6,1,27,219.327376,-173.912515
6,1,28,227.682018,-174.110138
6,1,29,236.028791,-174.302137
6,1,30,244.365201,-174.487375
6,1,31,252.688755,-174.664714
6,1,32,260.996960,-174.833016
6,1,33,269.287322,-174.991146
6,1,34,277.557348,-175.137964
6,1,35,285.804545,-175.272333
6,1,36,294.026418,-175.393117
6,1,37,302.220475,-175.499177
6,1,38,310.385266,-175.589782
6,1,39,318.523517,-175.665819
6,1,40,326.638997,-175.728585
6,1,41,334.735477,-175.779372
6,1,42,342.816724,-175.819474
6,1,43,350.886510,-175.850187
6,1,44,358.948604,-175.872804
6,1,45,367.006775,-175.888619
6,1,46,375.064792,-175.898926
6,1,47,383.126426,-175.905020
6,1,48,391.195446,-175.908195
6,1,49,399.275621,-175.909745
6,1,50,407.370097,-175.910605
6,1,51,415.479520,-175.910276
6,1,52,423.603913,-175.907901
6,1,53,431.743297,-175.902622
6,1,54,439.897694,-175.893581
6,1,55,448.067128,-175.879920
6,1,56,456.251619,-175.860782
6,1,57,464.451191,-175.835309
6,1,58,472.665864,-175.802643
6,1,59,480.895663,-175.761927
6,1,60,489.140608,-175.712302
6,1,61,497.400721,-175.652911
6,1,62,505.675823,-175.582997
6,1,63,513.964922,-175.502210
6,1,64,522.266826,-175.410297
6,1,65,530.580339,-175.307010
6,1,66,538.904270,-175.192097
6,1,67,547.237423,-175.065308
6,1,68,555.578607,-174.926393
6,1,69,563.926627,-174.775101
6,1,70,572.280290,-174.611182
6,1,71,580.638402,-174.434386
6,1,72,588.999770,-174.244461
6,1,73,597.363201,-174.041157
6,1,74,605.723092,-173.816470
6,1,75,614.056215,-173.531374
6,1,76,622.334931,-173.139087
6,1,77,630.531603,-172.592830
6,1,78,638.618592,-171.845823
6,1,79,646.568261,-170.851284
6,1,80,654.352972,-169.562433
6,1,81,661.945087,-167.932490
6,1,82,669.316968,-165.914674
6,1,83,676.440978,-163.462205
6,1,84,683.289479,-160.528302
6,1,85,689.834833,-157.066185
6,1,86,696.058487,-153.045235
6,1,87,701.978228,-148.499479
6,1,88,707.620930,-143.479108
6,1,89,713.013464,-138.034309
6,1,90,718.182704,-132.215274
6,1,91,723.155522,-126.072190
6,1,92,727.958790,-119.655248
6,1,93,732.619381,-113.014637
6,1,94,737.164167,-106.200545
6,1,95,741.620021,-99.263163
6,1,96,746.013816,-92.252680
6,1,97,750.372424,-85.219285
6,1,98,754.720671,-78.199874
6,1,99,759.075198,-71.178171
6,1,100,763.450599,-64.124608
6,1,101,767.861468,-57.009615
6,1,102,772.322399,-49.803623
6,1,103,776.847987,-42.477063
6,1,104,781.452826,-35.000367
6,1,105,786.151510,-27.343964
6,1,106,790.958633,-19.478286
6,1,107,795.888790,-11.373764
6,1,108,800.956574,-3.000829
6,1,109,806.176580,5.670088
6,1,110,811.599122,14.634386
6,1,111,817.417396,23.750774
6,1,112,823.860319,32.843793
6,1,113,831.156806,41.737984
6,1,114,839.535774,50.257885
6,1,115,849.226138,58.228037
6,1,116,860.456815,65.472980
6,1,117,873.456721,71.817254
6,1,118,888.454773,77.085398
6,1,119,905.679885,81.101952
6,1,120,925.360975,83.691457
6,1,121,947.726958,84.678451
6,2,1,0.000000,0.000000
6,2,2,11.786483,20.690105
6,2,3,22.686230,39.662932
6,2,4,32.795365,56.994475
6,2,5,42.210014,72.760726
6,2,6,51.026301,87.037682
6,2,7,59.340351,99.901336
6,2,8,67.248288,111.427683
6,2,9,74.846237,121.692715
6,2,10,82.230323,130.772429
6,2,11,89.496669,138.742817
6,2,12,96.741402,145.679874
6,2,13,104.060645,151.659595
6,2,14,111.532082,156.757324
6,2,15,119.159635,161.045808
6,2,16,126.928782,164.597145
6,2,17,134.825003,167.483433
6,2,18,142.833779,169.776770
6,2,19,150.940589,171.549254
6,2,20,159.130912,172.872982
6,2,21,167.390229,173.820052
6,2,22,175.704020,174.462563
6,2,23,184.057763,174.872612
6,2,24,192.436940,175.122296
6,2,25,200.827029,175.283715
6,2,26,209.215528,175.417122
6,2,27,217.597996,175.535401
6,2,28,225.972014,175.639594
6,2,29,234.335159,175.730741
6,2,30,242.685010,175.809883
6,2,31,251.019144,175.878060
6,2,32,259.335139,175.936314
6,2,33,267.630575,175.985686
6,2,34,275.903029,176.027216
6,2,35,284.150079,176.061945
6,2,36,292.369304,176.090913
6,2,37,300.558282,176.115163
6,2,38,308.716431,176.135612
6,2,39,316.850535,176.152687
6,2,40,324.969216,176.166693
6,2,41,333.081098,176.177935
6,2,42,341.194803,176.186718
6,2,43,349.318955,176.193346
6,2,44,357.462176,176.198123
6,2,45,365.633090,176.201356
6,2,46,373.840321,176.203348
6,2,47,382.092490,176.204403
6,2,48,390.398222,176.204828
6,2,49,398.766139,176.204926
6,2,50,407.201873,176.204952
6,2,51,415.699089,176.204957
6,2,52,424.248463,176.204941
6,2,53,432.840668,176.204905
6,2,54,441.466379,176.204851
6,2,55,450.116270,176.204778
6,2,56,458.781015,176.204688
6,2,57,467.451289,176.204580
6,2,58,476.117766,176.204456
6,2,59,484.771121,176.204317
6,2,60,493.402027,176.204162
6,2,61,502.001159,176.203993
6,2,62,510.560901,176.203670
6,2,63,519.080476,176.202490
6,2,64,527.560815,176.199609
6,2,65,536.002850,176.194184
6,2,66,544.407515,176.185371
6,2,67,552.775740,176.172327
6,2,68,561.108458,176.154207
6,2,69,569.406601,176.130169
6,2,70,577.671101,176.099369
6,2,71,585.902891,176.060963
6,2,72,594.102901,176.014108
6,2,73,602.272066,175.957959
6,2,74,610.411983,175.891826
6,2,75,618.526923,175.815616
6,2,76,626.621825,175.729390
6,2,77,634.701624,175.633209
6,2,78,642.771260,175.527134
6,2,79,650.835670,175.411224
6,2,80,658.899792,175.285540
6,2,81,666.968562,175.150143
6,2,82,675.046920,175.005092
6,2,83,683.139802,174.850449
6,2,84,691.252146,174.686273
6,2,85,699.388890,174.512625
6,2,86,707.549341,174.321850
6,2,87,715.710285,174.075425
6,2,88,723.842874,173.727112
6,2,89,731.918264,173.230674
6,2,90,739.907608,172.539872
6,2,91,747.782062,171.608468
6,2,92,755.512779,170.390225
6,2,93,763.070914,168.838903
6,2,94,770.427621,166.908266
6,2,95,777.554054,164.552075
6,2,96,784.421368,161.724091
6,2,97,791.000717,158.378077
6,2,98,797.281669,154.491297
6,2,99,803.327449,150.135015
6,2,100,809.219695,145.404000
6,2,101,815.040046,140.393019
6,2,102,820.870141,135.196839
6,2,103,826.791618,129.910228
6,2,104,832.886116,124.627953
6,2,105,839.235273,119.444782
6,2,106,845.920729,114.455481
6,2,107,853.024120,109.754818
6,2,108,860.627087,105.437561
6,2,109,868.811267,101.598477
6,2,110,877.662888,98.308769
6,2,111,887.286525,95.545380
6,2,112,897.791343,93.261690
6,2,113,909.286507,91.411079
6,2,114,921.881181,89.946925
6,2,115,935.684530,88.822609
6,2,116,950.805717,87.991510
6,2,117,967.353909,87.407006
6,2,118,985.438268,87.022478
6,2,119,1005.167960,86.791305
6,2,120,1026.652149,86.666866
6,2,121,1050.000000,86.602540
7,1,1,0.000000,0.000000
7,1,2,12.383316,-20.197471
7,1,3,23.779126,-38.759296
7,1,4,34.292503,-55.754315
7,1,5,44.028518,-71.251366
7,1,6,53.092245,-85.319289
7,1,7,61.588755,-98.026923
7,1,8,69.623120,-109.443105
7,1,9,77.300413,-119.636676
7,1,10,84.725706,-128.676473
7,1,11,92.004070,-136.631337
7,1,12,99.240578,-143.570105
7,1,13,106.540303,-149.561618
7,1,14,113.988457,-154.675361
7,1,15,121.590819,-158.983419
7,1,16,129.333309,-162.558522
7,1,17,137.201848,-165.473402
7,1,18,145.182354,-167.800790
7,1,19,153.260748,-169.613419
7,1,20,161.422950,-170.984018
7,1,21,169.654880,-171.985320
7,1,22,177.942458,-172.690057
7,1,23,186.271603,-173.170959
7,1,24,194.628236,-173.500758
7,1,25,202.998276,-173.752185
7,1,26,211.369544,-173.985698
7,1,27,219.737464,-174.212657
7,1,28,228.099360,-174.432149
7,1,29,236.452555,-174.643259
7,1,30,244.794376,-174.845075
7,1,31,253.122145,-175.036682
7,1,32,261.433186,-175.217166
7,1,33,269.724825,-175.385614
7,1,34,277.994386,-175.541113
7,1,35,286.239192,-175.682748
7,1,36,294.456568,-175.809606
7,1,37,302.643838,-175.920772
7,1,38,310.799395,-176.015713
7,1,39,318.925899,-176.095407
7,1,40,327.027080,-176.161212
7,1,41,335.106668,-176.214487
7,1,42,343.168391,-176.256590
7,1,43,351.215980,-176.288877
7,1,44,359.253163,-176.312708
7,1,45,367.283671,-176.329441
7,1,46,375.311232,-176.340433
7,1,47,383.339575,-176.347042
7,1,48,391.372431,-176.350627
7,1,49,399.413528,-176.352546
7,1,50,407.466094,-176.353783
7,1,51,415.531352,-176.353832
7,1,52,423.610023,-176.351813
7,1,53,431.702827,-176.346845
7,1,54,439.810487,-176.338051
7,1,55,447.933723,-176.324548
7,1,56,456.073255,-176.305458
7,1,57,464.229806,-176.279902
7,1,58,472.404096,-176.246998
7,1,59,480.596846,-176.205867
7,1,60,488.808777,-176.155629
7,1,61,497.040610,-176.095405
7,1,62,505.292677,-176.024358
7,1,63,513.563757,-175.941818
7,1,64,521.852236,-175.847162
7,1,65,530.156505,-175.739764
7,1,66,538.474951,-175.618998
7,1,67,546.805963,-175.484240
7,1,68,555.147929,-175.334864
7,1,69,563.499238,-175.170244
7,1,70,571.858279,-174.989756
7,1,71,580.223439,-174.792774
7,1,72,588.593109,-174.578674
7,1,73,596.965675,-174.346828
7,1,74,605.335231,-174.089061
7,1,75,613.678688,-173.766984
7,1,76,621.968658,-173.334656
7,1,77,630.177758,-172.746137
7,1,78,638.278600,-171.955487
7,1,79,646.243799,-170.916765
7,1,80,654.045970,-169.584030
7,1,81,661.657728,-167.911342
7,1,82,669.051685,-165.852762
7,1,83,676.200457,-163.362347
7,1,84,683.076658,-160.394158
7,1,85,689.652902,-156.902255
7,1,86,695.910726,-152.856687
7,1,87,701.867353,-148.291467
7,1,88,707.548928,-143.256600
7,1,89,712.981597,-137.802089
7,1,90,718.191505,-131.977938
7,1,91,723.204798,-125.834150
7,1,92,728.047621,-119.420729
7,1,93,732.746119,-112.787680
7,1,94,737.326438,-105.985005
7,1,95,741.814724,-99.062709
7,1,96,746.237121,-92.070795
7,1,97,750.619775,-85.059267
7,1,98,754.987013,-78.064786
7,1,99,759.355884,-71.070644
7,1,100,763.741619,-64.046789
7,1,101,768.159449,-56.963171
7,1,102,772.624605,-49.789737
7,1,103,777.152318,-42.496438
7,1,104,781.757819,-35.053221
7,1,105,786.456337,-27.430037
7,1,106,791.263106,-19.596832
7,1,107,796.193354,-11.523557
7,1,108,801.262313,-3.180160
7,1,109,806.485215,5.463410
7,1,110,811.912427,14.403040
7,1,111,817.734869,23.497959
7,1,112,824.178600,32.573232
7,1,113,831.469678,41.453924
7,1,114,839.834160,49.965100
7,1,115,849.498105,57.931826
7,1,116,860.687570,65.179165
7,1,117,873.628613,71.532184
7,1,118,888.547293,76.815947
7,1,119,905.669667,80.855520
7,1,120,925.221793,83.475966
7,1,121,947.429729,84.502352
7,2,1,0.000000,0.000000
7,2,2,11.819172,20.605690
7,2,3,22.749904,39.508619
7,2,4,32.888371,56.783924
7,2,5,42.330750,72.506738
7,2,6,51.173218,86.752196
7,2,7,59.511949,99.595434
7,2,8,67.443122,111.111585
7,2,9,75.062911,121.375786
7,2,10,82.467492,130.463170
7,2,11,89.753043,138.448873
7,2,12,97.015739,145.408030
7,2,13,104.351756,151.415774
7,2,14,111.838830,156.546607
7,2,15,119.480935,160.872491
7,2,16,127.263603,164.464755
7,2,17,135.172369,167.394727
7,2,18,143.192764,169.733734
7,2,19,151.310322,171.553106
7,2,20,159.510577,172.924171
7,2,21,167.779061,173.918256
7,2,22,176.101308,174.606690
7,2,23,184.462850,175.060801
7,2,24,192.849221,175.351918
7,2,25,201.245954,175.551369
7,2,26,209.640504,175.718812
7,2,27,218.028017,175.867229
7,2,28,226.405561,175.997931
7,2,29,234.770204,176.112230
7,2,30,243.119013,176.211437
7,2,31,251.449056,176.296864
7,2,32,259.757402,176.369822
7,2,33,268.041117,176.431624
7,2,34,276.297271,176.483580
7,2,35,284.522930,176.527003
7,2,36,292.715163,176.563203
7,2,37,300.871037,176.593493
7,2,38,308.989816,176.619028
7,2,39,317.079548,176.640346
7,2,40,325.150474,176.657828
7,2,41,333.212840,176.671856
7,2,42,341.276887,176.682810
7,2,43,349.352858,176.691072
7,2,44,357.450997,176.697023
7,2,45,365.581546,176.701045
7,2,46,373.754749,176.703520
7,2,47,381.980849,176.704829
7,2,48,390.270088,176.705352
7,2,49,398.632710,176.705473
7,2,50,407.075429,176.705508
7,2,51,415.590841,176.705522
7,2,52,424.168017,176.705518
7,2,53,432.796023,176.705497
7,2,54,441.463929,176.705461
7,2,55,450.160802,176.705410
7,2,56,458.875712,176.705348
7,2,57,467.597726,176.705275
7,2,58,476.315913,176.705193
7,2,59,485.019342,176.705105
7,2,60,493.697080,176.705010
7,2,61,502.338196,176.704912
7,2,62,510.933733,176.704632
7,2,63,519.482635,176.703270
7,2,64,527.985817,176.699749
7,2,65,536.444196,176.692989
7,2,66,544.858691,176.681913
7,2,67,553.230219,176.665441
7,2,68,561.559695,176.642494
7,2,69,569.848038,176.611994
7,2,70,578.096165,176.572862
7,2,71,586.304992,176.524019
7,2,72,594.475437,176.464387
7,2,73,602.608417,176.392887
7,2,74,610.705703,176.308655
7,2,75,618.772478,176.211685
7,2,76,626.814778,176.102186
7,2,77,634.838639,175.980367
7,2,78,642.850100,175.846438
7,2,79,650.855196,175.700607
7,2,80,658.859963,175.543083
7,2,81,666.870439,175.374075
7,2,82,674.892661,175.193793
7,2,83,682.932663,175.002445
7,2,84,690.996484,174.800240
7,2,85,699.090160,174.587387
7,2,86,707.213917,174.356510
7,2,87,715.344734,174.069886
7,2,88,723.453780,173.682208
7,2,89,731.512226,173.148168
7,2,90,739.491239,172.422458
7,2,91,747.361989,171.459771
7,2,92,755.095645,170.214798
7,2,93,762.663376,168.642232
7,2,94,770.036352,166.696765
7,2,95,777.185741,164.333090
7,2,96,784.082712,161.505898
7,2,97,790.698435,158.169882
7,2,98,797.022302,154.302837
7,2,99,803.116602,149.974967
7,2,100,809.061849,145.279578
7,2,101,814.938555,140.309979
7,2,102,820.827233,135.159474
7,2,103,826.808396,129.921373
7,2,104,832.962557,124.688980
7,2,105,839.370228,119.555604
7,2,106,846.111923,114.614551
7,2,107,853.268154,109.959128
7,2,108,860.919434,105.682642
7,2,109,869.146277,101.878400
7,2,110,878.033784,98.616315
7,2,111,887.685417,95.872727
7,2,112,898.209229,93.600584
7,2,113,909.713269,91.752833
7,2,114,922.305590,90.282419
7,2,115,936.094242,89.142291
7,2,116,951.187278,88.285395
7,2,117,967.692748,87.664678
7,2,118,985.718704,87.233087
7,2,119,1005.373197,86.943570
7,2,120,1026.764278,86.749072
7,2,121,1050.000000,86.602540
8,1,1,0.000000,0.000000
8,1,2,12.393492,-20.139719
8,1,3,23.802464,-38.653717
8,1,4,34.331581,-55.610305
8,1,5,44.085509,-71.077798
8,1,6,53.168914,-85.124509
8,1,7,61.686461,-97.818751
8,1,8,69.742815,-109.228837
8,1,9,77.442643,-119.423081
8,1,10,84.890610,-128.469796
8,1,11,92.191382,-136.437296
8,1,12,99.449624,-143.393892
8,1,13,106.770001,-149.407900
8,1,14,114.237405,-154.548263
8,1,15,121.857625,-158.886454
8,1,16,129.616676,-162.494574
8,1,17,137.500574,-165.444727
8,1,18,145.495333,-167.809015
8,1,19,153.586967,-169.659542
8,1,20,161.761493,-171.068410
8,1,21,170.004925,-172.107722
8,1,22,178.303278,-172.849582
8,1,23,186.642566,-173.366090
8,1,24,195.008806,-173.729352
8,1,25,203.388011,-174.011469
8,1,26,211.768058,-174.272412
8,1,27,220.144266,-174.523622
8,1,28,228.513815,-174.764407
8,1,29,236.873886,-174.994077
8,1,30,245.221659,-175.211940
8,1,31,253.554315,-175.417305
8,1,32,261.869032,-175.609480
8,1,33,270.162993,-175.787774
8,1,34,278.433377,-175.951496
8,1,35,286.677365,-176.099955
8,1,36,294.892136,-176.232458
8,1,37,303.074871,-176.348316
8,1,38,311.223820,-176.447188
8,1,39,319.341501,-176.530147
8,1,40,327.431505,-176.598616
8,1,41,335.497421,-176.654021
8,1,42,343.542836,-176.697783
8,1,43,351.571342,-176.731329
8,1,44,359.586525,-176.756081
8,1,45,367.591976,-176.773464
8,1,46,375.591283,-176.784902
8,1,47,383.588035,-176.791818
8,1,48,391.585822,-176.795638
8,1,49,399.588232,-176.797784
8,1,50,407.598510,-176.799294
8,1,51,415.618524,-176.799653
8,1,52,423.649800,-176.797958
8,1,53,431.693861,-176.793308
8,1,54,439.752231,-176.784800
8,1,55,447.826435,-176.771533
8,1,56,455.917998,-176.752604
8,1,57,464.028444,-176.727112
8,1,58,472.159296,-176.694153
8,1,59,480.312080,-176.652826
8,1,60,488.488320,-176.602229
8,1,61,496.689540,-176.541460
8,1,62,504.916667,-176.469600
8,1,63,513.168235,-176.385663
8,1,64,521.442181,-176.288646
8,1,65,529.736443,-176.177548
8,1,66,538.048956,-176.051365
8,1,67,546.377658,-175.909097
8,1,68,554.720485,-175.749739
8,1,69,563.075375,-175.572290
8,1,70,571.440264,-175.375747
8,1,71,579.813089,-175.159108
8,1,72,588.191787,-174.921370
8,1,73,596.574295,-174.661532
8,1,74,604.954369,-174.371239
8,1,75,613.309044,-174.012734
8,1,76,621.611174,-173.540911
8,1,77,629.833614,-172.910659
8,1,78,637.949217,-172.076872
8,1,79,645.930840,-170.994441
8,1,80,653.751335,-169.618258
8,1,81,661.383557,-167.903216
8,1,82,668.800361,-165.804205
8,1,83,675.974601,-163.276119
8,1,84,682.879131,-160.273848
8,1,85,689.486806,-156.752286
8,1,86,695.779239,-152.682144
8,1,87,701.773079,-148.097416
8,1,88,707.493734,-143.047918
8,1,89,712.966613,-137.583465
8,1,90,718.217123,-131.753870
8,1,91,723.270672,-125.608949
8,1,92,728.152669,-119.198517
8,1,93,732.888521,-112.572388
8,1,94,737.503636,-105.780378
8,1,95,742.023423,-98.872300
8,1,96,746.473290,-91.897971
8,1,97,750.878644,-84.907203
8,1,98,755.263313,-77.936428
8,1,99,759.644796,-70.968527
8,1,100,764.039012,-63.972998
8,1,101,768.461881,-56.919340
8,1,102,772.929322,-49.777049
8,1,103,777.457252,-42.515624
8,1,104,782.061593,-35.104561
8,1,105,786.758261,-27.513359
8,1,106,791.563176,-19.711515
8,1,107,796.492258,-11.668526
8,1,108,801.561425,-3.353891
8,1,109,806.786595,5.262894
8,1,110,812.218232,14.178196
8,1,111,818.044970,23.251839
8,1,112,824.489989,32.309516
8,1,113,831.776466,41.176916
8,1,114,840.127580,49.679730
8,1,115,849.766510,57.643648
8,1,116,860.916434,64.894362
8,1,117,873.800531,71.257561
8,1,118,888.641979,76.558937
8,1,119,905.663958,80.624180
8,1,120,925.089645,83.278979
8,1,121,947.142219,84.349027
8,2,1,0.000000,0.000000
8,2,2,11.861648,20.515630
8,2,3,22.831265,39.343986
8,2,4,33.005250,56.559263
8,2,5,42.480007,72.235659
8,2,6,51.351935,86.447371
8,2,7,59.717437,99.268598
8,2,8,67.672914,110.773535
8,2,9,75.314767,121.036381
8,2,10,82.739399,130.131333
8,2,11,90.043209,138.132587
8,2,12,97.322600,145.114342
8,2,13,104.673972,151.150794
8,2,14,112.175260,156.315532
8,2,15,119.830524,160.679708
8,2,16,127.625354,164.313866
8,2,17,135.545343,167.288550
8,2,18,143.576082,169.674304
8,2,19,151.703164,171.541670
8,2,20,159.912181,172.961193
8,2,21,168.188723,174.003417
8,2,22,176.518383,174.738884
8,2,23,184.886752,175.238139
8,2,24,193.279423,175.571725
8,2,25,201.681987,175.810186
8,2,26,210.081865,176.012573
8,2,27,218.473794,176.191963
8,2,28,226.854337,176.349941
8,2,29,235.220062,176.488092
8,2,30,243.567533,176.608002
8,2,31,251.893315,176.711255
8,2,32,260.193973,176.799436
8,2,33,268.466074,176.874130
8,2,34,276.706182,176.936922
8,2,35,284.910862,176.989397
8,2,36,293.076680,177.033140
8,2,37,301.200201,177.069735
8,2,38,309.280532,177.100581
8,2,39,317.326943,177.126327
8,2,40,325.351248,177.147433
8,2,41,333.365257,177.164363
8,2,42,341.380785,177.177578
8,2,43,349.409643,177.187540
8,2,44,357.463643,177.194711
8,2,45,365.554598,177.199552
8,2,46,373.694320,177.202526
8,2,47,381.894622,177.204093
8,2,48,390.167316,177.204717
8,2,49,398.524215,177.204859
8,2,50,406.973081,177.204904
8,2,51,415.505486,177.204931
8,2,52,424.108950,177.204944
8,2,53,432.770995,177.204944
8,2,54,441.479142,177.204935
8,2,55,450.220913,177.204920
8,2,56,458.983829,177.204900
8,2,57,467.755411,177.204880
8,2,58,476.523181,177.204860
8,2,59,485.274660,177.204846
8,2,60,493.997369,177.204838
8,2,61,502.678830,177.204839
8,2,62,511.308789,177.204631
8,2,63,519.885896,177.203104
8,2,64,528.411025,177.198928
8,2,65,536.885050,177.190771
8,2,66,545.308844,177.177302
8,2,67,553.683283,177.157190
8,2,68,562.009241,177.129104
8,2,69,570.287591,177.091712
8,2,70,578.519209,177.043685
8,2,71,586.704967,176.983691
8,2,72,594.845742,176.910398
8,2,73,602.942406,176.822476
8,2,74,610.996879,176.718883
8,2,75,619.015259,176.599732
8,2,76,627.004691,176.465426
8,2,77,634.972317,176.316367
8,2,78,642.925281,176.152959
8,2,79,650.870727,175.975603
8,2,80,658.815797,175.784703
8,2,81,666.767637,175.580661
8,2,82,674.733389,175.363879
8,2,83,682.720196,175.134761
8,2,84,690.735202,174.893709
8,2,85,698.785552,174.641126
8,2,86,706.872394,174.369945
8,2,87,714.972908,174.043231
8,2,88,723.058278,173.616576
8,2,89,731.099689,173.045575
8,2,90,739.068326,172.285822
8,2,91,746.935375,171.292912
8,2,92,754.672020,170.022439
8,2,93,762.249445,168.429997
8,2,94,769.638837,166.471180
8,2,95,776.811380,164.101583
8,2,96,783.738259,161.276800
8,2,97,790.390660,157.952425
8,2,98,796.757799,154.106761
8,2,99,802.901024,149.808949
8,2,100,808.899716,145.150837
8,2,101,814.833254,140.224275
8,2,102,820.781020,135.121110
8,2,103,826.822394,129.933192
8,2,104,833.036755,124.752371
8,2,105,839.503485,119.670493
8,2,106,846.301962,114.779410
8,2,107,853.511569,110.170969
8,2,108,861.211684,105.937019
8,2,109,869.481689,102.169410
8,2,110,878.405553,98.936748
8,2,111,888.085611,96.214668
8,2,112,898.628786,93.955565
8,2,113,910.142000,92.111832
8,2,114,922.732179,90.635863
8,2,115,936.506245,89.480052
8,2,116,951.571122,88.596792
8,2,117,968.033734,87.938477
8,2,118,986.001004,87.457501
8,2,119,1005.579856,87.106257
8,2,120,1026.877214,86.837139
8,2,121,1050.000000,86.602540
9,1,1,0.000000,0.000000
9,1,2,12.397850,-20.084517
9,1,3,23.815455,-38.552944
9,1,4,34.356947,-55.473084
9,1,5,44.126458,-70.912738
9,1,6,53.228119,-84.939710
9,1,7,61.766062,-97.621801
9,1,8,69.844419,-109.026815
9,1,9,77.567322,-119.222554
9,1,10,85.038902,-128.276819
9,1,11,92.363292,-136.257415
9,1,12,99.644622,-143.232142
9,1,13,106.987025,-149.268804
9,1,14,114.474962,-154.435818
9,1,15,122.114220,-158.804055
9,1,16,129.890912,-162.445002
9,1,17,137.791153,-165.430146
9,1,18,145.801060,-167.830975
9,1,19,153.906748,-169.718973
9,1,20,162.094330,-171.165629
9,1,21,170.349924,-172.242429
9,1,22,178.659643,-173.020859
9,1,23,187.009603,-173.572407
9,1,24,195.385920,-173.968558
9,1,25,203.774708,-174.280800
9,1,26,212.163908,-174.568626
9,1,27,220.548763,-174.843561
9,1,28,228.926341,-175.105134
9,1,29,237.293710,-175.352875
9,1,30,245.647940,-175.586317
9,1,31,253.986098,-175.804988
9,1,32,262.305252,-176.008421
9,1,33,270.602471,-176.196144
9,1,34,278.874822,-176.367690
9,1,35,287.119376,-176.522587
9,1,36,295.333198,-176.660368
9,1,37,303.513359,-176.780563
9,1,38,311.657975,-176.883028
9,1,39,319.769359,-176.968929
9,1,40,327.850874,-177.039756
9,1,41,335.905882,-177.097000
9,1,42,343.937745,-177.142154
9,1,43,351.949824,-177.176706
9,1,44,359.945483,-177.202150
9,1,45,367.928083,-177.219976
9,1,46,375.900987,-177.231675
9,1,47,383.867557,-177.238738
9,1,48,391.831154,-177.242656
9,1,49,399.795141,-177.244921
9,1,50,407.762724,-177.246620
9,1,51,415.736479,-177.247233
9,1,52,423.718826,-177.245834
9,1,53,431.712185,-177.241499
9,1,54,439.718976,-177.233303
9,1,55,447.741619,-177.220322
9,1,56,455.782533,-177.201632
9,1,57,463.844140,-177.176307
9,1,58,471.928858,-177.143423
9,1,59,480.039109,-177.102056
9,1,60,488.177310,-177.051281
9,1,61,496.345884,-176.990174
9,1,62,504.546422,-176.917734
9,1,63,512.777207,-176.832658
9,1,64,521.035698,-176.733566
9,1,65,529.319349,-176.619080
9,1,66,537.625617,-176.487819
9,1,67,545.951960,-176.338405
9,1,68,554.295833,-176.169459
9,1,69,562.654692,-175.979600
9,1,70,571.025995,-175.767451
9,1,71,579.407198,-175.531631
9,1,72,587.795757,-175.270761
9,1,73,596.189128,-174.983463
9,1,74,604.580704,-174.661203
9,1,75,612.947620,-174.266841
9,1,76,621.262948,-173.756083
9,1,77,629.499757,-173.084635
9,1,78,637.631119,-172.208202
9,1,79,645.630104,-171.082490
9,1,80,653.469785,-169.663205
9,1,81,661.123231,-167.906054
9,1,82,668.563513,-165.766742
9,1,83,675.763703,-163.200976
9,1,84,682.696871,-160.164460
9,1,85,689.336089,-156.612901
9,1,86,695.663030,-152.517663
9,1,87,701.693782,-147.912738
9,1,88,707.453035,-142.847778
9,1,89,712.965481,-137.372433
9,1,90,718.255809,-131.536354
9,1,91,723.348710,-125.389192
9,1,92,728.268875,-118.980598
9,1,93,733.040995,-112.360222
9,1,94,737.689759,-105.577715
9,1,95,742.239860,-98.682728
9,1,96,746.715986,-91.724911
9,1,97,751.142829,-84.753916
9,1,98,755.543734,-77.805959
9,1,99,759.936667,-70.863518
9,1,100,764.338249,-63.895638
9,1,101,768.765099,-56.871362
9,1,102,773.233837,-49.759734
9,1,103,777.761085,-42.529799
9,1,104,782.363463,-35.150601
9,1,105,787.057591,-27.591184
9,1,106,791.860090,-19.820591
9,1,107,796.787579,-11.807868
9,1,108,801.856679,-3.522057
9,1,109,807.084012,5.067796
9,1,110,812.520142,13.958555
9,1,111,818.351420,23.010705
9,1,112,824.798142,32.050639
9,1,113,832.080604,40.904750
9,1,114,840.419102,49.399432
9,1,115,850.033931,57.361076
9,1,116,861.145389,64.616076
9,1,117,873.973769,70.990825
9,1,118,888.739370,76.311715
9,1,119,905.662485,80.405139
9,1,120,924.963413,83.097489
9,1,121,946.862447,84.215160
9,2,1,0.000000,0.000000
9,2,2,11.912097,20.421361
9,2,3,22.927000,39.171648
9,2,4,33.141481,56.324063
9,2,5,42.652314,71.951806
9,2,6,51.556271,86.128079
9,2,7,59.950126,98.926082
9,2,8,67.930652,110.419017
9,2,9,75.594623,120.680085
9,2,10,83.038810,129.782486
9,2,11,90.359987,137.799422
9,2,12,97.654928,144.804094
9,2,13,105.020405,150.869702
9,2,14,112.534672,156.068873
9,2,15,120.201902,160.471931
9,2,16,128.007748,164.148625
9,2,17,135.937864,167.168704
9,2,18,143.977904,169.601918
9,2,19,152.113522,171.518016
9,2,20,160.330369,172.986747
9,2,21,168.614102,174.077860
9,2,22,176.950372,174.861105
9,2,23,185.324833,175.406231
9,2,24,193.723139,175.782987
9,2,25,202.130944,176.061122
9,2,26,210.535638,176.299070
9,2,27,218.931565,176.510006
9,2,28,227.314802,176.695789
9,2,29,235.681430,176.858278
9,2,30,244.027529,176.999331
9,2,31,252.349178,177.120808
9,2,32,260.642456,177.224569
9,2,33,268.903444,177.312471
9,2,34,277.128221,177.386374
9,2,35,285.312867,177.448138
9,2,36,293.453461,177.499621
9,2,37,301.546083,177.542682
9,2,38,309.589683,177.578963
9,2,39,317.594696,177.609230
9,2,40,325.574426,177.634034
9,2,41,333.542179,177.653923
9,2,42,341.511258,177.669447
9,2,43,349.494970,177.681157
9,2,44,357.506619,177.689600
9,2,45,365.559509,177.695327
9,2,46,373.666947,177.698886
9,2,47,381.842236,177.700829
9,2,48,390.098681,177.701702
9,2,49,398.449589,177.702058
9,2,50,406.903722,177.702350
9,2,51,415.451681,177.702664
9,2,52,424.079527,177.702990
9,2,53,432.773319,177.703319
9,2,54,441.519118,177.703641
9,2,55,450.302984,177.703947
9,2,56,459.110976,177.704227
9,2,57,467.929155,177.704472
9,2,58,476.743581,177.704673
9,2,59,485.540314,177.704820
9,2,60,494.305414,177.704904
9,2,61,503.024940,177.704916
9,2,62,511.687410,177.704585
9,2,63,520.291162,177.702591
9,2,64,528.836994,177.697356
9,2,65,537.325700,177.687298
9,2,66,545.758078,177.670839
9,2,67,554.134923,177.646397
9,2,68,562.457031,177.612393
9,2,69,570.725199,177.567246
9,2,70,578.940222,177.509377
9,2,71,587.102896,177.437205
9,2,72,595.214018,177.349150
9,2,73,603.274383,177.243633
9,2,74,611.286031,177.119440
9,2,75,619.255974,176.976829
9,2,76,627.192465,176.816425
9,2,77,635.103760,176.638853
9,2,78,642.998113,176.444736
9,2,79,650.883780,176.234701
9,2,80,658.769014,176.009372
9,2,81,666.662070,175.769374
9,2,82,674.571204,175.515331
9,2,83,682.504669,175.247869
9,2,84,690.470721,174.967613
9,2,85,698.477614,174.675186
9,2,86,706.527428,174.363855
9,2,87,714.597540,173.997450
9,2,88,722.659152,173.532439
9,2,89,730.683467,172.925293
9,2,90,738.641688,172.132481
9,2,91,746.505016,171.110475
9,2,92,754.244655,169.815743
9,2,93,761.831805,168.204756
9,2,94,769.237671,166.233983
9,2,95,776.433453,163.859895
9,2,96,783.390356,161.038961
9,2,97,790.079579,157.727652
9,2,98,796.490168,153.904758
9,2,99,802.682525,149.638356
9,2,100,808.734895,145.018842
9,2,101,814.725521,140.136612
9,2,102,820.732649,135.082065
9,2,103,826.834522,129.945596
9,2,104,833.109384,124.817602
9,2,105,839.635481,119.788481
9,2,106,846.491055,114.948630
9,2,107,853.754351,110.388444
9,2,108,861.503614,106.198321
9,2,109,869.817088,102.468658
9,2,110,878.777607,99.266744
9,2,111,888.486366,96.567436
9,2,112,899.049152,94.322483
9,2,113,910.571748,92.483634
9,2,114,923.159942,91.002640
9,2,115,936.919519,89.831250
9,2,116,951.956263,88.921212
9,2,117,968.375961,88.224276
9,2,118,986.284398,87.692191
9,2,119,1005.787360,87.276708
9,2,120,1026.990632,86.929574
9,2,121,1050.000000,86.602540
10,1,1,0.000000,0.000000
10,1,2,12.397363,-20.031367
10,1,3,23.819836,-38.456057
10,1,4,34.370911,-55.341369
10,1,5,44.154078,-70.754606
10,1,6,53.272830,-84.763069
10,1,7,61.830656,-97.434058
10,1,8,69.931048,-108.834875
10,1,9,77.677498,-119.032821
10,1,10,85.173495,-128.095197
10,1,11,92.522531,-136.089304
10,1,12,99.828097,-143.082443
10,1,13,107.193685,-149.141916
10,1,14,114.703240,-154.335620
10,1,15,122.362527,-158.733841
10,1,16,130.157768,-162.407460
10,1,17,138.075182,-165.427358
10,1,18,146.100990,-167.864417
10,1,19,154.221413,-169.789520
10,1,20,162.422671,-171.273547
10,1,21,170.690984,-172.387380
10,1,22,179.012574,-173.201901
10,1,23,187.373659,-173.787993
10,1,24,195.760462,-174.216535
10,1,25,204.159202,-174.558410
10,1,26,212.557893,-174.872645
10,1,27,220.951724,-175.170847
10,1,28,229.337677,-175.452768
10,1,29,237.712734,-175.718160
10,1,30,246.073877,-175.966775
10,1,31,254.418088,-176.198366
10,1,32,262.742349,-176.412684
10,1,33,271.043643,-176.609482
10,1,34,279.318951,-176.788512
10,1,35,287.565255,-176.949525
10,1,36,295.779538,-177.092275
10,1,37,303.958781,-177.216512
10,1,38,312.100980,-177.322292
10,1,39,320.208185,-177.410870
10,1,40,328.283458,-177.483806
10,1,41,336.329862,-177.542658
10,1,42,344.350461,-177.588986
10,1,43,352.348317,-177.624347
10,1,44,360.326493,-177.650300
10,1,45,368.288052,-177.668404
10,1,46,376.236057,-177.680218
10,1,47,384.173571,-177.687300
10,1,48,392.103657,-177.691209
10,1,49,400.029378,-177.693504
10,1,50,407.953851,-177.695325
10,1,51,415.880418,-177.696144
10,1,52,423.812471,-177.695012
10,1,53,431.753407,-177.690984
10,1,54,439.706621,-177.683111
10,1,55,447.675507,-177.670448
10,1,56,455.663460,-177.652046
10,1,57,463.673875,-177.626959
10,1,58,471.710147,-177.594239
10,1,59,479.775672,-177.552940
10,1,60,487.873843,-177.502115
10,1,61,496.008056,-177.440815
10,1,62,504.180633,-177.367961
10,1,63,512.389599,-177.281932
10,1,64,520.631908,-177.180975
10,1,65,528.904513,-177.063337
10,1,66,537.204367,-176.927262
10,1,67,545.528424,-176.770999
10,1,68,553.873635,-176.592792
10,1,69,562.236955,-176.390889
10,1,70,570.615336,-176.163536
10,1,71,579.005732,-175.908978
10,1,72,587.405095,-175.625463
10,1,73,595.810378,-175.311236
10,1,74,604.214585,-174.957585
10,1,75,612.594917,-174.527960
10,1,76,620.924625,-173.978852
10,1,77,629.176962,-173.266751
10,1,78,637.325178,-172.348148
10,1,79,645.342525,-171.179535
10,1,80,653.202254,-169.717403
10,1,81,660.877617,-167.918241
10,1,82,668.341866,-165.738542
10,1,83,675.568252,-163.134797
10,1,84,682.530026,-160.063495
10,1,85,689.200440,-156.481128
10,1,86,695.561208,-152.359696
10,1,87,701.627894,-147.733230
10,1,88,707.424526,-142.651272
10,1,89,712.975132,-137.163362
10,1,90,718.303737,-131.319041
10,1,91,723.434370,-125.167850
10,1,92,728.391058,-118.759329
10,1,93,733.197827,-112.143019
10,1,94,737.878705,-105.368461
10,1,95,742.457720,-98.485196
10,1,96,746.958899,-91.542764
10,1,97,751.406268,-84.590706
10,1,98,755.822732,-77.665066
10,1,99,760.226701,-70.747892
10,1,100,764.635464,-63.807737
10,1,101,769.066308,-56.813154
10,1,102,773.536520,-49.732695
10,1,103,778.063388,-42.534912
10,1,104,782.664199,-35.188356
10,1,105,787.356242,-27.661581
10,1,106,792.156804,-19.923138
10,1,107,797.083172,-11.941580
10,1,108,802.152635,-3.685459
10,1,109,807.382479,4.876673
10,1,110,812.823352,13.742212
10,1,111,818.659341,22.772352
10,1,112,825.107892,31.794234
10,1,113,832.386452,40.634998
10,1,114,840.712466,49.121787
10,1,115,850.303383,57.081742
10,1,116,861.376647,64.342004
10,1,117,874.149706,70.729715
10,1,118,888.840005,76.072015
10,1,119,905.664992,80.196048
10,1,120,924.842113,82.928953
10,1,121,946.588814,84.097873
10,2,1,0.000000,0.000000
10,2,2,11.969056,20.323902
10,2,3,23.034452,38.993474
10,2,4,33.293454,56.080874
10,2,5,42.843330,71.658263
10,2,6,51.781348,85.797800
10,2,7,60.204775,98.571645
10,2,8,68.210879,110.051959
10,2,9,75.896927,120.310900
10,2,10,83.360186,129.420628
10,2,11,90.697924,137.453304
10,2,12,98.007409,144.481087
10,2,13,105.385908,150.576136
10,2,14,112.912097,155.810077
10,2,15,120.590284,160.252392
10,2,16,128.406187,163.972029
10,2,17,136.345524,167.037934
10,2,18,144.394011,169.519057
10,2,19,152.537366,171.484344
10,2,20,160.761306,173.002742
10,2,21,169.051549,174.143200
10,2,22,177.393810,174.974664
10,2,23,185.773809,175.566083
10,2,24,194.177262,175.986404
10,2,25,202.589885,176.304574
10,2,26,210.999048,176.578406
10,2,27,219.398719,176.821176
10,2,28,227.784519,177.035024
10,2,29,236.152066,177.222089
10,2,30,244.496980,177.384514
10,2,31,252.814883,177.524437
10,2,32,261.101392,177.643999
10,2,33,269.352128,177.745341
10,2,34,277.562711,177.830602
10,2,35,285.728761,177.901924
10,2,36,293.845897,177.961447
10,2,37,301.909739,178.011312
10,2,38,309.919086,178.053405
10,2,39,317.885453,178.088604
10,2,40,325.823536,178.117535
10,2,41,333.748028,178.140822
10,2,42,341.673625,178.159090
10,2,43,349.615020,178.172964
10,2,44,357.586909,178.183070
10,2,45,365.603987,178.190031
10,2,46,373.680946,178.194473
10,2,47,381.832484,178.197021
10,2,48,390.073293,178.198299
10,2,49,398.418068,178.198933
10,2,50,406.876508,178.199443
10,2,51,415.438320,178.199926
10,2,52,424.088216,178.200376
10,2,53,432.810907,178.200786
10,2,54,441.591105,178.201151
10,2,55,450.413521,178.201462
10,2,56,459.262865,178.201714
10,2,57,468.123850,178.201900
10,2,58,476.981187,178.202013
10,2,59,485.819587,178.202046
10,2,60,494.623762,178.201993
10,2,61,503.378422,178.201847
10,2,62,512.070940,178.201294
10,2,63,520.699330,178.198790
10,2,64,529.264266,178.192486
10,2,65,537.766423,178.180530
10,2,66,546.206476,178.161073
10,2,67,554.585099,178.132262
10,2,68,562.902966,178.092248
10,2,69,571.160752,178.039180
10,2,70,579.359133,177.971207
10,2,71,587.498782,177.886478
10,2,72,595.580374,177.783144
10,2,73,603.604583,177.659353
10,2,74,611.573534,177.513711
10,2,75,619.495144,177.346648
10,2,76,627.378781,177.159050
10,2,77,635.233812,176.951803
10,2,78,643.069605,176.725794
10,2,79,650.895526,176.481908
10,2,80,658.720943,176.221032
10,2,81,666.555223,175.944051
10,2,82,674.407734,175.651853
10,2,83,682.287842,175.345323
10,2,84,690.204916,175.025348
10,2,85,698.168322,174.692813
10,2,86,706.181071,174.341343
10,2,87,714.220740,173.935516
10,2,88,722.258553,173.432648
10,2,89,730.265730,172.790055
10,2,90,738.213493,171.965053
10,2,91,746.073063,170.914959
10,2,92,753.815663,169.597087
10,2,93,761.412514,167.968756
10,2,94,768.834837,165.987280
10,2,95,776.053854,163.609975
10,2,96,783.040787,160.794158
10,2,97,789.766856,157.497146
10,2,98,796.220933,153.698192
10,2,99,802.462475,149.464312
10,2,100,808.568590,144.884456
10,2,101,814.616386,140.047580
10,2,102,820.682970,135.042634
10,2,103,826.845449,129.958572
10,2,104,833.180931,124.884347
10,2,105,839.766523,119.908911
10,2,106,846.679331,115.121218
10,2,107,853.996464,110.610219
10,2,108,861.795028,106.464868
10,2,109,870.152132,102.774118
10,2,110,879.149470,99.603934
10,2,111,888.887095,96.928340
10,2,112,899.469647,94.698369
10,2,113,911.001766,92.865057
10,2,114,923.588094,91.379441
10,2,115,937.333269,90.192554
10,2,116,952.341934,89.255432
10,2,117,968.718727,88.519111
10,2,118,986.568290,87.934626
10,2,119,1005.995263,87.453013
10,2,120,1027.104286,87.025305
10,2,121,1050.000000,86.602540
11,1,1,0.000000,0.000000
11,1,2,12.392889,-19.979831
11,1,3,23.817138,-38.362241
11,1,4,34.375509,-55.214034
11,1,5,44.170765,-70.602014
11,1,6,53.305665,-84.592985
11,1,7,61.882973,-97.253753
11,1,8,70.005449,-108.651121
11,1,9,77.775855,-118.851895
11,1,10,85.296953,-127.922877
11,1,11,92.671505,-135.930874
11,1,12,100.002272,-142.942688
11,1,13,107.392015,-149.025125
11,1,14,114.924092,-154.245570
11,1,15,122.604237,-158.673728
11,1,16,130.418782,-162.379887
11,1,17,138.354057,-165.434334
11,1,18,146.396392,-167.907357
11,1,19,154.532118,-169.869241
11,1,20,162.747566,-171.390274
11,1,21,171.029067,-172.540743
11,1,22,179.362950,-173.390934
11,1,23,187.735546,-174.011136
11,1,24,196.133186,-174.471635
11,1,25,204.542201,-174.842717
11,1,26,212.950685,-175.182951
11,1,27,221.353790,-175.504030
11,1,28,229.748433,-175.805925
11,1,29,238.131529,-176.088611
11,1,30,246.499995,-176.352061
11,1,31,254.850747,-176.596247
11,1,32,263.180701,-176.821143
11,1,33,271.486773,-177.026723
11,1,34,279.765880,-177.212959
11,1,35,288.014937,-177.379824
11,1,36,296.230861,-177.527292
11,1,37,304.410568,-177.655335
11,1,38,312.551939,-177.764204
11,1,39,320.656712,-177.855248
11,1,40,328.727593,-177.930093
11,1,41,336.767284,-177.990367
11,1,42,344.778490,-178.037696
11,1,43,352.763915,-178.073706
11,1,44,360.726262,-178.100023
11,1,45,368.668236,-178.118275
11,1,46,376.592539,-178.130086
11,1,47,384.501877,-178.137085
11,1,48,392.398953,-178.140897
11,1,49,400.286470,-178.143148
11,1,50,408.167422,-178.145033
11,1,51,416.045958,-178.146014
11,1,52,423.926514,-178.145122
11,1,53,431.813529,-178.141386
11,1,54,439.711439,-178.133838
11,1,55,447.624683,-178.121506
11,1,56,455.557698,-178.103422
11,1,57,463.514921,-178.078616
11,1,58,471.500790,-178.046117
11,1,59,479.519742,-178.004956
11,1,60,487.576215,-177.954164
11,1,61,495.674647,-177.892770
11,1,62,503.818140,-177.819612
11,1,63,512.004458,-177.732757
11,1,64,520.230030,-177.630082
11,1,65,528.491284,-177.509459
11,1,66,536.784649,-177.368766
11,1,67,545.106554,-177.205876
11,1,68,553.453429,-177.018664
11,1,69,561.821700,-176.805006
11,1,70,570.207799,-176.562776
11,1,71,578.608153,-176.289849
11,1,72,587.019191,-175.984101
11,1,73,595.437342,-175.643406
11,1,74,603.855196,-175.258869
11,1,75,612.249994,-174.794509
11,1,76,620.595135,-174.207577
11,1,77,628.864021,-173.455321
11,1,78,637.030053,-172.494992
11,1,79,645.066631,-171.283840
11,1,80,652.947156,-169.779113
11,1,81,660.645031,-167.938061
11,1,82,668.133655,-165.717933
11,1,83,675.386429,-163.075980
11,1,84,682.376755,-159.969451
11,1,85,689.078033,-156.355596
11,1,86,695.472000,-152.207034
11,1,87,701.573732,-147.557875
11,1,88,707.406643,-142.457596
11,1,89,712.994143,-136.955676
11,1,90,718.359646,-131.101593
11,1,91,723.526564,-124.944827
11,1,92,728.518308,-118.534856
11,1,93,733.358292,-111.921158
11,1,94,738.069927,-105.153213
11,1,95,742.676626,-98.280499
11,1,96,747.201800,-91.352495
11,1,97,751.668863,-84.418679
11,1,98,756.100312,-77.514955
11,1,99,760.514984,-70.622924
11,1,100,764.930804,-63.710613
11,1,101,769.365695,-56.746047
11,1,102,773.837582,-49.697252
11,1,103,778.364386,-42.532256
11,1,104,782.964033,-35.219083
11,1,105,787.654445,-27.725760
11,1,106,792.453547,-20.020314
11,1,107,797.379261,-12.070770
11,1,108,802.449512,-3.845154
11,1,109,807.682223,4.688507
11,1,110,813.128101,13.528180
11,1,111,818.968985,22.535805
11,1,112,825.419496,31.539315
11,1,113,832.694258,40.366642
11,1,114,841.007891,48.845719
11,1,115,850.575019,56.804478
11,1,116,861.610263,64.070852
11,1,117,874.328245,70.472774
11,1,118,888.943588,75.838177
11,1,119,905.670913,79.994993
11,1,120,924.724842,82.771154
11,1,121,946.319999,83.994594
11,2,1,0.000000,0.000000
11,2,2,12.031328,20.224018
11,2,3,23.151450,38.810857
11,2,4,33.458232,55.831601
11,2,5,43.049537,71.357333
11,2,6,52.023229,85.459138
11,2,7,60.477173,98.208099
11,2,8,68.509231,109.675300
11,2,9,76.217270,119.931825
11,2,10,83.699151,129.048758
11,2,11,91.052741,137.097181
11,2,12,98.375901,144.148180
11,2,13,105.766498,150.272838
11,2,14,113.303714,155.541748
11,2,15,120.992012,160.023545
11,2,16,128.817175,163.786372
11,2,17,136.764985,166.898374
11,2,18,144.821224,169.427693
11,2,19,152.971675,171.442474
11,2,20,161.202121,173.010861
11,2,21,169.498343,174.200998
11,2,22,177.846124,175.081028
11,2,23,186.231248,175.719095
11,2,24,194.639495,176.183343
11,2,25,203.056649,176.541915
11,2,26,211.470060,176.852003
11,2,27,219.873356,177.126976
11,2,28,228.261734,177.369255
11,2,29,236.630387,177.581256
11,2,30,244.974513,177.765397
11,2,31,253.289308,177.924097
11,2,32,261.569967,178.059774
11,2,33,269.811686,178.174844
11,2,34,278.009661,178.271728
11,2,35,286.159088,178.352841
11,2,36,294.255162,178.420603
11,2,37,302.293081,178.477432
11,2,38,310.271498,178.525459
11,2,39,318.202906,178.565675
11,2,40,326.103256,178.598784
11,2,41,333.988498,178.625492
11,2,42,341.874585,178.646503
11,2,43,349.777466,178.662521
11,2,44,357.713094,178.674252
11,2,45,365.697419,178.682399
11,2,46,373.746392,178.687668
11,2,47,381.875965,178.690763
11,2,48,390.102088,178.692388
11,2,49,398.440713,178.693250
11,2,50,406.902384,178.693933
11,2,51,415.476014,178.694552
11,2,52,424.145110,178.695104
11,2,53,432.893178,178.695583
11,2,54,441.703726,178.695987
11,2,55,450.560261,178.696311
11,2,56,459.446288,178.696552
11,2,57,468.345314,178.696704
11,2,58,477.240847,178.696765
11,2,59,486.116392,178.696730
11,2,60,494.955457,178.696595
11,2,61,503.741547,178.696356
11,2,62,512.461003,178.695655
11,2,63,521.111492,178.692712
11,2,64,529.693513,178.685393
11,2,65,538.207567,178.671564
11,2,66,546.654153,178.649091
11,2,67,555.033771,178.615839
11,2,68,563.346922,178.569676
11,2,69,571.594104,178.508467
11,2,70,579.775819,178.430077
11,2,71,587.892566,178.332373
11,2,72,595.944844,178.213221
11,2,73,603.933154,178.070486
11,2,74,611.859659,177.902587
11,2,75,619.733175,177.710153
11,2,76,627.564180,177.494365
11,2,77,635.363155,177.256404
11,2,78,643.140577,176.997451
11,2,79,650.906925,176.718687
11,2,80,658.672680,176.421293
11,2,81,666.448320,176.106452
11,2,82,674.244323,175.775343
11,2,83,682.071170,175.429148
11,2,84,689.939338,175.069048
11,2,85,697.859308,174.696225
11,2,86,705.835018,174.304685
11,2,87,713.844252,173.859736
11,2,88,721.858251,173.319512
11,2,89,729.848260,172.642148
11,2,90,737.785522,171.785778
11,2,91,745.641279,170.708535
11,2,92,753.386774,169.368554
11,2,93,760.993251,167.723968
11,2,94,768.431952,165.732911
11,2,95,775.674121,163.353518
11,2,96,782.691001,160.543923
11,2,97,789.453835,157.262259
11,2,98,795.951320,153.488225
11,2,99,802.241973,149.287774
11,2,100,808.401767,144.748424
11,2,101,814.506672,139.957693
11,2,102,820.632661,135.003099
11,2,103,826.855704,129.972160
11,2,104,833.251774,124.952394
11,2,105,839.896842,120.031318
11,2,106,846.866879,115.296450
11,2,107,854.237858,110.835309
11,2,108,862.085749,106.735412
11,2,109,870.486525,103.084277
11,2,110,879.520743,99.946546
11,2,111,889.287308,97.295363
11,2,112,899.889711,95.080996
11,2,113,911.431442,93.253711
11,2,114,924.015991,91.763777
11,2,115,937.746851,90.561461
11,2,116,952.727512,89.597031
11,2,117,969.061463,88.820755
11,2,118,986.852197,88.182900
11,2,119,1006.203204,87.633734
11,2,120,1027.217975,87.123525
11,2,121,1050.000000,86.602540
12,1,1,0.000000,0.000000
12,1,2,12.385205,-19.929508
12,1,3,23.808747,-38.270756
12,1,4,34.372587,-55.090049
12,1,5,44.178683,-70.453696
12,1,6,53.328995,-84.428005
12,1,7,61.925484,-97.079283
12,1,8,70.070109,-108.473838
12,1,9,77.864829,-118.677977
12,1,10,85.411605,-127.758007
12,1,11,92.812396,-135.780238
12,1,12,100.169161,-142.810975
12,1,13,107.583861,-148.916526
12,1,14,115.139203,-154.163766
12,1,15,122.840885,-158.621826
12,1,16,130.675351,-162.360408
12,1,17,138.629047,-165.449211
12,1,18,146.688419,-167.957934
12,1,19,154.839911,-169.956277
12,1,20,163.069970,-171.513938
12,1,21,171.365040,-172.700619
12,1,22,179.711566,-173.586017
12,1,23,188.095995,-174.239833
12,1,24,196.504770,-174.731767
12,1,25,204.924339,-175.131517
12,1,26,213.342881,-175.497201
12,1,27,221.755527,-175.840606
12,1,28,230.159141,-176.161940
12,1,29,238.550587,-176.461407
12,1,30,246.926731,-176.739212
12,1,31,255.284439,-176.995563
12,1,32,263.620574,-177.230664
12,1,33,271.932002,-177.444721
12,1,34,280.215588,-177.637940
12,1,35,288.468197,-177.810527
12,1,36,296.686694,-177.962687
12,1,37,304.867944,-178.094626
12,1,38,313.009717,-178.206794
12,1,39,321.113408,-178.300618
12,1,40,329.181313,-178.377766
12,1,41,337.215734,-178.439909
12,1,42,345.218967,-178.488717
12,1,43,353.193312,-178.525861
12,1,44,361.141068,-178.553010
12,1,45,369.064533,-178.571835
12,1,46,376.966007,-178.584005
12,1,47,384.847788,-178.591191
12,1,48,392.712175,-178.595062
12,1,49,400.561466,-178.597290
12,1,50,408.398501,-178.599103
12,1,51,416.228273,-178.599975
12,1,52,424.056318,-178.598935
12,1,53,431.888170,-178.595016
12,1,54,439.729364,-178.587249
12,1,55,447.585434,-178.574665
12,1,56,455.461915,-178.556297
12,1,57,463.364342,-178.531176
12,1,58,471.298249,-178.498334
12,1,59,479.269170,-178.456801
12,1,60,487.282641,-178.405610
12,1,61,495.344196,-178.343791
12,1,62,503.457761,-178.270122
12,1,63,511.620831,-178.182351
12,1,64,519.829293,-178.077975
12,1,65,528.079033,-177.954488
12,1,66,536.365939,-177.809385
12,1,67,544.685896,-177.640160
12,1,68,553.034792,-177.444308
12,1,69,561.408514,-177.219324
12,1,70,569.802947,-176.962703
12,1,71,578.213979,-176.671939
12,1,72,586.637496,-176.344528
12,1,73,595.069386,-175.977964
12,1,74,603.501807,-175.563157
12,1,75,611.912010,-175.064678
12,1,76,620.273520,-174.440515
12,1,77,628.559858,-173.648653
12,1,78,636.744549,-172.647081
12,1,79,644.801116,-171.393783
12,1,80,652.703083,-169.846748
12,1,81,660.423973,-167.963962
12,1,82,667.937310,-165.703411
12,1,83,675.216617,-163.023082
12,1,84,682.235417,-159.880963
12,1,85,688.967235,-156.235039
12,1,86,695.393812,-152.058543
12,1,87,701.529771,-147.385689
12,1,88,707.397954,-142.265937
12,1,89,713.021200,-136.748747
12,1,90,718.422351,-130.883578
12,1,91,723.624249,-124.719890
12,1,92,728.649734,-118.307144
12,1,93,733.521649,-111.694797
12,1,94,738.262833,-104.932312
12,1,95,742.896128,-98.069146
12,1,96,747.444376,-91.154760
12,1,97,751.930416,-84.238614
12,1,98,756.376374,-77.356502
12,1,99,760.801496,-70.489558
12,1,100,765.224313,-63.605252
12,1,101,769.663357,-56.671052
12,1,102,774.137157,-49.654428
12,1,103,778.664243,-42.522849
12,1,104,783.263147,-35.243783
12,1,105,787.952398,-27.784699
12,1,106,792.750528,-20.113067
12,1,107,797.676066,-12.196356
12,1,108,802.747542,-4.002035
12,1,109,807.983488,4.502427
12,1,110,813.434648,13.315601
12,1,111,819.280624,22.300209
12,1,112,825.733233,31.285014
12,1,113,833.004291,40.098779
12,1,114,841.305614,48.570266
12,1,115,850.849019,56.528238
12,1,116,861.846323,63.801458
12,1,117,874.509341,70.218688
12,1,118,889.049891,75.608690
12,1,119,905.679788,79.800227
12,1,120,924.610850,82.622062
12,1,121,946.054892,83.902957
12,2,1,0.000000,0.000000
12,2,2,12.097909,20.122301
12,2,3,23.276184,38.624883
12,2,4,33.633370,55.577726
12,2,5,43.268013,71.050812
12,2,6,52.278658,85.114122
12,2,7,60.763849,97.837637
12,2,8,68.822131,109.291338
12,2,9,76.552050,119.545205
12,2,10,84.052151,128.669221
12,2,11,91.420978,136.733365
12,2,12,98.757076,143.807619
12,2,13,106.158991,149.961964
12,2,14,113.706484,155.265941
12,2,15,121.404188,159.787330
12,2,16,129.237951,163.593471
12,2,17,137.193623,166.751705
12,2,18,145.257052,169.329370
12,2,19,153.414087,171.393808
12,2,20,161.650577,173.012359
12,2,21,169.952372,174.252362
12,2,22,178.305320,175.181158
12,2,23,186.695270,175.866086
12,2,24,195.108072,176.374488
12,2,25,203.529573,176.773702
12,2,26,211.947118,177.120295
12,2,27,220.354028,177.427733
12,2,28,228.745119,177.698707
12,2,29,237.115205,177.935909
12,2,30,245.459102,178.142031
12,2,31,253.771627,178.319765
12,2,32,262.047594,178.471802
12,2,33,270.281820,178.600835
12,2,34,278.469120,178.709554
12,2,35,286.604309,178.800652
12,2,36,294.682203,178.876820
12,2,37,302.697618,178.940750
12,2,38,310.649075,178.994817
12,2,39,318.549920,179.040125
12,2,40,326.417203,179.077463
12,2,41,334.267976,179.107617
12,2,42,342.119290,179.131377
12,2,43,349.988196,179.149529
12,2,44,357.891745,179.162862
12,2,45,365.846989,179.172163
12,2,46,373.870978,179.178220
12,2,47,381.980765,179.181821
12,2,48,390.193399,179.183754
12,2,49,398.525932,179.184806
12,2,50,406.989653,179.185634
12,2,51,415.572794,179.186367
12,2,52,424.257827,179.187005
12,2,53,433.027221,179.187546
12,2,54,441.863448,179.187989
12,2,55,450.748977,179.188331
12,2,56,459.666280,179.188573
12,2,57,468.597826,179.188712
12,2,58,477.526087,179.188747
12,2,59,486.433532,179.188676
12,2,60,495.302633,179.188498
12,2,61,504.115859,179.188213
12,2,62,512.858647,179.187413
12,2,63,521.528295,179.184076
12,2,64,530.125068,179.175774
12,2,65,538.649229,179.160079
12,2,66,547.101042,179.134563
12,2,67,555.480772,179.096800
12,2,68,563.788683,179.044360
12,2,69,572.025038,178.974817
12,2,70,580.190102,178.885743
12,2,71,588.284140,178.774710
12,2,72,596.307414,178.639290
12,2,73,604.260189,178.477056
12,2,74,612.144617,178.286236
12,2,75,619.970398,178.067677
12,2,76,627.749121,177.822886
12,2,77,635.492372,177.553366
12,2,78,643.211741,177.260622
12,2,79,650.918815,176.946157
12,2,80,658.625182,176.611478
12,2,81,666.342430,176.258088
12,2,82,674.082147,175.887491
12,2,83,681.855922,175.501192
12,2,84,689.675341,175.100695
12,2,85,697.551993,174.687505
12,2,86,705.490747,174.256031
12,2,87,713.469588,173.772293
12,2,88,721.459786,173.195219
12,2,89,729.432605,172.483734
12,2,90,737.359316,171.596765
12,2,91,745.211183,170.493238
12,2,92,752.959475,169.132077
12,2,93,760.575459,167.472211
12,2,94,768.030402,165.472564
12,2,95,775.295571,163.092063
12,2,96,782.342234,160.289634
12,2,97,789.141658,157.024203
12,2,98,795.682371,153.275890
12,2,99,802.021952,149.109593
12,2,100,808.235239,144.611406
12,2,101,814.397071,139.867422
12,2,102,820.582287,134.963732
12,2,103,826.865725,129.986430
12,2,104,833.322225,125.021608
12,2,105,840.026626,120.155360
12,2,106,847.053766,115.473778
12,2,107,854.478484,111.062955
12,2,108,862.375620,107.008983
12,2,109,870.820012,103.397956
12,2,110,879.891082,100.293193
12,2,111,889.686586,97.666927
12,2,112,900.308863,95.468616
12,2,113,911.860250,93.647720
12,2,114,924.443088,92.153696
12,2,115,938.159714,90.936005
12,2,116,953.112468,89.944105
12,2,117,969.403688,89.127456
12,2,118,987.135712,88.435515
12,2,119,1006.410880,87.817743
12,2,120,1027.331529,87.223599
12,2,121,1050.000000,86.602540
13,1,1,0.000000,0.000000
13,1,2,12.375030,-19.880023
13,1,3,23.795946,-38.180906
13,1,4,34.363849,-54.968454
13,1,5,44.179839,-70.308474
13,1,6,53.345017,-84.266771
13,1,7,61.960483,-96.909153
13,1,8,70.127337,-108.301424
13,1,9,77.946680,-118.509393
13,1,10,85.519612,-127.598863
13,1,11,92.947233,-135.635642
13,1,12,100.330645,-142.685536
13,1,13,107.770946,-148.814351
13,1,14,115.350149,-154.088445
13,1,15,123.073906,-158.576385
13,1,16,130.928784,-162.347292
13,1,17,138.901345,-165.470283
13,1,18,146.978154,-168.014478
13,1,19,155.145777,-170.048997
13,1,20,163.390777,-171.642958
13,1,21,171.699719,-172.865482
13,1,22,180.059167,-173.785687
13,1,23,188.455686,-174.472692
13,1,24,196.875841,-174.995617
13,1,25,205.306195,-175.423582
13,1,26,213.735024,-175.814260
13,1,27,222.157442,-176.179543
13,1,28,230.570276,-176.519878
13,1,29,238.970350,-176.835714
13,1,30,247.354490,-177.127495
13,1,31,255.719521,-177.395671
13,1,32,264.062269,-177.640687
13,1,33,272.379559,-177.862990
13,1,34,280.668217,-178.063028
13,1,35,288.925068,-178.241248
13,1,36,297.146937,-178.398097
13,1,37,305.330650,-178.534021
13,1,38,313.473871,-178.649676
13,1,39,321.577615,-178.746548
13,1,40,329.643738,-178.826331
13,1,41,337.674094,-178.890718
13,1,42,345.670538,-178.941404
13,1,43,353.634924,-178.980084
13,1,44,361.569107,-179.008450
13,1,45,369.474942,-179.028198
13,1,46,377.354284,-179.041021
13,1,47,385.208986,-179.048612
13,1,48,393.040904,-179.052667
13,1,49,400.851892,-179.054880
13,1,50,408.644610,-179.056503
13,1,51,416.424931,-179.057030
13,1,52,424.199537,-179.055514
13,1,53,431.975106,-179.051007
13,1,54,439.758317,-179.042563
13,1,55,447.555852,-179.029232
13,1,56,455.374387,-179.010069
13,1,57,463.220605,-178.984126
13,1,58,471.101183,-178.950456
13,1,59,479.022801,-178.908111
13,1,60,486.992139,-178.856144
13,1,61,495.015877,-178.793607
13,1,62,503.098801,-178.719230
13,1,63,511.238132,-178.630444
13,1,64,519.429197,-178.524358
13,1,65,527.667324,-178.398079
13,1,66,535.947841,-178.248716
13,1,67,544.266075,-178.073377
13,1,68,552.617355,-177.869170
13,1,69,560.997008,-177.633204
13,1,70,569.400362,-177.362585
13,1,71,577.822744,-177.054424
13,1,72,586.259483,-176.705827
13,1,73,594.705906,-176.313903
13,1,74,603.153723,-175.869359
13,1,75,611.580175,-175.337300
13,1,76,619.958884,-174.676430
13,1,77,628.263472,-173.845453
13,1,78,636.467562,-172.803073
13,1,79,644.544777,-171.507993
13,1,80,652.468738,-169.918919
13,1,81,660.213069,-167.994553
13,1,82,667.751392,-165.693600
13,1,83,675.057329,-162.974764
13,1,84,682.104503,-159.796749
13,1,85,688.866537,-156.118258
13,1,86,695.325167,-151.913126
13,1,87,701.494589,-147.215702
13,1,88,707.397114,-142.075467
13,1,89,713.055052,-136.541901
13,1,90,718.490713,-130.664484
13,1,91,723.726407,-124.492695
13,1,92,728.784446,-118.076015
13,1,93,733.687138,-111.463924
13,1,94,738.456795,-104.705901
13,1,95,743.115727,-97.851427
13,1,96,747.686244,-90.949982
13,1,97,752.190656,-84.051046
13,1,98,756.650741,-77.190332
13,1,99,761.086141,-70.348490
13,1,100,765.515965,-63.492404
13,1,101,769.959323,-56.588955
13,1,102,774.435325,-49.605029
13,1,103,778.963079,-42.507507
13,1,104,783.561695,-35.263273
13,1,105,788.250283,-27.839210
13,1,106,793.047951,-20.202202
13,1,107,797.973810,-12.319131
13,1,108,803.046968,-4.156881
13,1,109,808.286535,4.317665
13,1,110,813.743273,13.103708
13,1,111,819.594553,22.064791
13,1,112,826.049400,31.030541
13,1,113,833.316839,39.830585
13,1,114,841.605893,48.294548
13,1,115,851.125587,56.252060
13,1,116,862.084946,63.532745
13,1,117,874.692993,69.966232
13,1,118,889.158754,75.382146
13,1,119,905.691251,79.610116
13,1,120,924.499511,82.479768
13,1,121,945.792556,83.820729
13,2,1,0.000000,0.000000
13,2,2,12.167942,20.019230
13,2,3,23.407107,38.436426
13,2,4,33.816787,55.320446
13,2,5,43.496279,70.740149
13,2,6,52.544877,84.764392
13,2,7,61.061874,97.462033
13,2,8,69.146567,108.901930
13,2,9,76.898249,119.152941
13,2,10,84.416215,128.283924
13,2,11,91.799759,136.363737
13,2,12,99.148176,143.461237
13,2,13,106.560761,149.645283
13,2,14,114.117911,154.984347
13,2,15,121.824441,159.545351
13,2,16,129.666267,163.394835
13,2,17,137.629307,166.599335
13,2,18,145.699476,169.225389
13,2,19,153.862693,171.339536
13,2,20,162.104874,173.008313
13,2,21,170.411935,174.298257
13,2,22,178.769796,175.275906
13,2,23,187.164371,176.007799
13,2,24,195.581578,176.560472
13,2,25,204.007335,177.000463
13,2,26,212.428985,177.383714
13,2,27,220.839585,177.723783
13,2,28,229.233615,178.023632
13,2,29,237.605560,178.286222
13,2,30,245.949902,178.514515
13,2,31,254.261123,178.711473
13,2,32,262.533706,178.880058
13,2,33,270.762134,179.023231
13,2,34,278.940890,179.143955
13,2,35,287.064455,179.245190
13,2,36,295.127313,179.329899
13,2,37,303.123946,179.401044
13,2,38,311.052755,179.461237
13,2,39,318.927804,179.511702
13,2,40,326.767077,179.553311
13,2,41,334.588557,179.586938
13,2,42,342.410227,179.613457
13,2,43,350.250070,179.633740
13,2,44,358.126069,179.648662
13,2,45,366.056207,179.659097
13,2,46,374.058468,179.665917
13,2,47,382.150833,179.669996
13,2,48,390.351286,179.672208
13,2,49,398.677810,179.673426
13,2,50,407.142326,179.674378
13,2,51,415.732513,179.675212
13,2,52,424.429986,179.675927
13,2,53,433.216360,179.676525
13,2,54,442.073253,179.677007
13,2,55,450.982279,179.677374
13,2,56,459.925056,179.677627
13,2,57,468.883198,179.677766
13,2,58,477.838322,179.677793
13,2,59,486.772044,179.677709
13,2,60,495.665980,179.677515
13,2,61,504.501745,179.677211
13,2,62,513.264014,179.676344
13,2,63,521.949692,179.672640
13,2,64,530.558741,179.663370
13,2,65,539.091124,179.645804
13,2,66,547.546804,179.617214
13,2,67,555.925743,179.574871
13,2,68,564.227905,179.516045
13,2,69,572.453251,179.438008
13,2,70,580.601745,179.338031
13,2,71,588.673349,179.213384
13,2,72,596.668027,179.061339
13,2,73,604.585740,178.879167
13,2,74,612.428573,178.664902
13,2,75,620.207098,178.419631
13,2,76,627.934006,178.145205
13,2,77,635.621989,177.843474
13,2,78,643.283741,177.516289
13,2,79,650.931954,177.165502
13,2,80,658.579319,176.792961
13,2,81,666.238530,176.400519
13,2,82,673.922278,175.990025
13,2,83,681.643257,175.563331
13,2,84,689.414158,175.122286
13,2,85,697.247674,174.668742
13,2,86,705.149599,174.197523
13,2,87,713.098125,173.675351
13,2,88,721.064548,173.061919
13,2,89,729.020162,172.316924
13,2,90,736.936263,171.400061
13,2,91,744.784145,170.271025
13,2,92,752.535102,168.889510
13,2,93,760.160430,167.215212
13,2,94,767.631423,165.207827
13,2,95,774.919376,162.827049
13,2,96,781.995583,160.032573
13,2,97,788.831339,156.784094
13,2,98,795.415009,153.062139
13,2,99,801.803234,148.930554
13,2,100,808.069723,144.474017
13,2,101,814.288190,139.777206
13,2,102,820.532343,134.924799
13,2,103,826.875894,130.001474
13,2,104,833.392554,125.091909
13,2,105,840.156034,120.280780
13,2,106,847.240043,115.652767
13,2,107,854.718294,111.292548
13,2,108,862.664496,107.284799
13,2,109,871.152362,103.714198
13,2,110,880.260179,100.642748
13,2,111,890.084556,98.041744
13,2,112,900.726679,95.859805
13,2,113,912.287732,94.045552
13,2,114,924.868903,92.547604
13,2,115,938.571377,91.314579
13,2,116,953.496340,90.295099
13,2,117,969.744978,89.437782
13,2,118,987.418477,88.691248
13,2,119,1006.618023,88.004117
13,2,120,1027.444802,87.325008
13,2,121,1050.000000,86.602540
14,1,1,0.000000,0.000000
14,1,2,12.363040,-19.831016
14,1,3,23.779942,-38.092027
14,1,4,34.350906,-54.848330
14,1,5,44.176127,-70.165218
14,1,6,53.355804,-84.107989
14,1,7,61.990135,-96.741937
14,1,8,70.179316,-108.132359
14,1,9,78.023547,-118.344550
14,1,10,85.623024,-127.443806
14,1,11,93.077945,-135.495422
14,1,12,100.488507,-142.564695
14,1,13,107.954909,-148.716919
14,1,14,115.558430,-154.017934
14,1,15,123.304676,-158.535745
14,1,16,131.180334,-162.338902
14,1,17,139.172092,-165.495954
14,1,18,147.266639,-168.075451
14,1,19,155.450662,-170.145941
14,1,20,163.710849,-171.775973
14,1,21,172.033888,-173.034098
14,1,22,180.406467,-173.988864
14,1,23,188.815273,-174.708820
14,1,24,197.246994,-175.262515
14,1,25,205.688319,-175.718499
14,1,26,214.127619,-176.134010
14,1,27,222.560005,-176.521040
14,1,28,230.982273,-176.880273
14,1,29,239.391219,-177.212388
14,1,30,247.783638,-177.518069
14,1,31,256.156325,-177.797998
14,1,32,264.506076,-178.052856
14,1,33,272.829686,-178.283325
14,1,34,281.123952,-178.490087
14,1,35,289.385667,-178.673824
14,1,36,297.611629,-178.835218
14,1,37,305.798632,-178.974951
14,1,38,313.944235,-179.093879
14,1,39,322.049050,-179.193554
14,1,40,330.114452,-179.275704
14,1,41,338.141817,-179.342054
14,1,42,346.132519,-179.394332
14,1,43,354.087934,-179.434264
14,1,44,362.009438,-179.463577
14,1,45,369.898404,-179.483998
14,1,46,377.756210,-179.497254
14,1,47,385.584229,-179.505070
14,1,48,393.383837,-179.509174
14,1,49,401.156409,-179.511293
14,1,50,408.904403,-179.512709
14,1,51,416.634605,-179.512932
14,1,52,424.354884,-179.511026
14,1,53,432.073108,-179.506056
14,1,54,439.797146,-179.497088
14,1,55,447.534867,-179.483187
14,1,56,455.294138,-179.463417
14,1,57,463.082830,-179.436844
14,1,58,470.908811,-179.402533
14,1,59,478.779948,-179.359549
14,1,60,486.704112,-179.306958
14,1,61,494.689170,-179.243823
14,1,62,502.740805,-179.168821
14,1,63,510.855955,-179.079072
14,1,64,519.029373,-178.971305
14,1,65,527.255811,-178.842251
14,1,66,535.530021,-178.688640
14,1,67,543.846756,-178.507201
14,1,68,552.200768,-178.294665
14,1,69,560.586808,-178.047762
14,1,70,568.999630,-177.763222
14,1,71,577.433986,-177.437775
14,1,72,585.884627,-177.068152
14,1,73,594.346307,-176.651081
14,1,74,602.810269,-176.177073
14,1,75,611.253722,-175.611748
14,1,76,619.650367,-174.914506
14,1,77,627.973906,-174.044748
14,1,78,636.198040,-172.961874
14,1,79,644.296470,-171.625283
14,1,80,652.242896,-169.994375
14,1,81,660.011020,-168.028551
14,1,82,667.574543,-165.687211
14,1,83,674.907166,-162.929754
14,1,84,681.982589,-159.715580
14,1,85,688.774515,-156.004090
14,1,86,695.264663,-151.769706
14,1,87,701.466830,-147.046942
14,1,88,707.402834,-141.885334
14,1,89,713.094491,-136.334417
14,1,90,718.563617,-130.443729
14,1,91,723.832030,-124.262805
14,1,92,728.921546,-117.841181
14,1,93,733.853981,-111.228393
14,1,94,738.651153,-104.473978
14,1,95,743.334878,-97.627472
14,1,96,747.926972,-90.738410
14,1,97,752.449252,-83.856329
14,1,98,756.923176,-77.016888
14,1,99,761.368764,-70.200234
14,1,100,765.805677,-63.372637
14,1,101,770.253577,-56.500369
14,1,102,774.732125,-49.549699
14,1,103,779.260982,-42.486898
14,1,104,783.859809,-35.278236
14,1,105,788.548268,-27.889984
14,1,106,793.346019,-20.288412
14,1,107,798.272725,-12.439790
14,1,108,803.348045,-4.310389
14,1,109,808.591642,4.133522
14,1,110,814.054274,12.891802
14,1,111,819.911084,21.828843
14,1,112,826.368316,30.775166
14,1,113,833.632210,39.561291
14,1,114,841.909008,48.017740
14,1,115,851.404951,55.975036
14,1,116,862.326282,63.263699
14,1,117,874.879241,69.714250
14,1,118,889.270071,75.157211
14,1,119,905.705012,79.423104
14,1,120,924.390307,82.342450
14,1,121,945.532197,83.745771
14,2,1,0.000000,0.000000
14,2,2,12.240683,19.915204
14,2,3,23.542876,38.246218
14,2,4,34.006677,55.060762
14,2,5,43.732185,70.426555
14,2,6,52.819500,84.411319
14,2,7,61.368720,97.082772
14,2,8,69.479944,108.508636
14,2,9,77.253271,118.756628
14,2,10,84.788799,127.894471
14,2,11,92.186628,135.989883
14,2,12,99.546855,143.110585
14,2,13,106.969581,149.324296
14,2,14,114.535885,154.698407
14,2,15,122.250773,159.298985
14,2,16,130.100231,163.191767
14,2,17,138.070247,166.442491
14,2,18,146.146806,169.116896
14,2,19,154.315896,171.280718
14,2,20,162.563503,172.999695
14,2,21,170.875614,174.339566
14,2,22,179.238216,175.366066
14,2,23,187.637296,176.144934
14,2,24,196.058840,176.741909
14,2,25,204.488836,177.222726
14,2,26,212.914637,177.642706
14,2,27,221.329072,178.015495
14,2,28,229.726337,178.344322
14,2,29,238.100628,178.632415
14,2,30,246.446141,178.883003
14,2,31,254.757071,179.099313
14,2,32,263.027614,179.284575
14,2,33,271.251967,179.442016
14,2,34,279.424326,179.574866
14,2,35,287.538886,179.686352
14,2,36,295.589843,179.779703
14,2,37,303.571394,179.858147
14,2,38,311.481826,179.924536
14,2,39,319.335796,179.980207
14,2,40,327.152054,180.026122
14,2,41,334.949349,180.063243
14,2,42,342.746429,180.092531
14,2,43,350.562044,180.114947
14,2,44,358.414943,180.131452
14,2,45,366.323875,180.143007
14,2,46,374.307589,180.150573
14,2,47,382.384834,180.155113
14,2,48,390.574359,180.157587
14,2,49,398.894914,180.158956
14,2,50,407.358946,180.160021
14,2,51,415.953699,180.160947
14,2,52,424.660115,180.161735
14,2,53,433.459136,180.162389
14,2,54,442.331703,180.162912
14,2,55,451.258761,180.163308
14,2,56,460.221249,180.163578
14,2,57,469.200112,180.163728
14,2,58,478.176290,180.163758
14,2,59,487.130726,180.163674
14,2,60,496.044362,180.163477
14,2,61,504.898141,180.163171
14,2,62,513.676113,180.162253
14,2,63,522.374766,180.158193
14,2,64,530.993695,180.147956
14,2,65,539.532496,180.128507
14,2,66,547.990766,180.096809
14,2,67,556.368100,180.049827
14,2,68,564.664094,179.984526
14,2,69,572.878344,179.897870
14,2,70,581.010447,179.786824
14,2,71,589.059997,179.648351
14,2,72,597.026591,179.479417
14,2,73,604.909825,179.276985
14,2,74,612.711661,179.038895
14,2,75,620.443524,178.766486
14,2,76,628.119204,178.461974
14,2,77,635.752491,178.127571
14,2,78,643.357178,177.765493
14,2,79,650.947054,177.377954
14,2,80,658.535910,176.967167
14,2,81,666.137537,176.535349
14,2,82,673.765726,176.084712
14,2,83,681.434267,175.617471
14,2,84,689.156951,175.135840
14,2,85,696.947569,174.642035
14,2,86,704.812834,174.131307
14,2,87,712.731149,173.571062
14,2,88,720.673841,172.921746
14,2,89,728.612236,172.143802
14,2,90,736.517659,171.197675
14,2,91,744.361437,170.043809
14,2,92,752.114895,168.642649
14,2,93,759.749360,166.954639
14,2,94,767.236158,164.940223
14,2,95,774.546614,162.559847
14,2,96,781.652056,159.773954
14,2,97,788.523808,156.542989
14,2,98,795.150074,152.847867
14,2,99,801.586566,148.751391
14,2,100,807.905871,144.336833
14,2,101,814.180579,139.687467
14,2,102,820.483278,134.886565
14,2,103,826.886557,130.017401
14,2,104,833.463005,125.163248
14,2,105,840.285209,120.407378
14,2,106,847.425759,115.833065
14,2,107,854.957242,111.523582
14,2,108,862.952249,107.562202
14,2,109,871.483366,104.032198
14,2,110,880.627758,100.994258
14,2,111,890.480884,98.418724
14,2,112,901.142777,96.253356
14,2,113,912.713473,94.445911
14,2,114,925.293005,92.944146
14,2,115,938.981406,91.695821
14,2,116,953.878713,90.648693
14,2,117,970.084957,89.750521
14,2,118,987.700174,88.949061
14,2,119,1006.824397,88.192072
14,2,120,1027.557661,87.427313
14,2,121,1050.000000,86.602540
15,1,1,0.000000,0.000000
15,1,2,12.349884,-19.782139
15,1,3,23.761895,-38.003478
15,1,4,34.335300,-54.728787
15,1,5,44.169362,-70.022839
15,1,6,53.363347,-83.950406
15,1,7,62.016520,-96.576259
15,1,8,70.228146,-107.965170
15,1,9,78.097489,-118.181911
15,1,10,85.723815,-127.291254
15,1,11,93.206389,-135.357971
15,1,12,100.644475,-142.446832
15,1,13,108.137339,-148.622611
15,1,14,115.765504,-153.950614
15,1,15,123.534526,-158.498296
15,1,16,131.431222,-162.333644
15,1,17,139.442405,-165.524649
15,1,18,147.554891,-168.139297
15,1,19,155.755496,-170.245580
15,1,20,164.031034,-171.911486
15,1,21,172.368320,-173.205003
15,1,22,180.754171,-174.194121
15,1,23,189.175400,-174.946829
15,1,24,197.618823,-175.531115
15,1,25,206.071255,-176.014969
15,1,26,214.521172,-176.455201
15,1,27,222.963685,-176.863898
15,1,28,231.395568,-177.241974
15,1,29,239.813594,-177.590336
15,1,30,248.214534,-177.909896
15,1,31,256.595163,-178.201564
15,1,32,264.952252,-178.466250
15,1,33,273.282574,-178.704864
15,1,34,281.582902,-178.918317
15,1,35,289.850009,-179.107518
15,1,36,298.080667,-179.273378
15,1,37,306.271649,-179.416807
15,1,38,314.420410,-179.538859
15,1,39,322.527133,-179.641157
15,1,40,330.592687,-179.725469
15,1,41,338.617936,-179.793561
15,1,42,346.603746,-179.847202
15,1,43,354.550986,-179.888157
15,1,44,362.460519,-179.918195
15,1,45,370.333214,-179.939082
15,1,46,378.169936,-179.952585
15,1,47,385.971551,-179.960472
15,1,48,393.738927,-179.964509
15,1,49,401.472929,-179.966464
15,1,50,409.175795,-179.967655
15,1,51,416.855249,-179.967600
15,1,52,424.520390,-179.965371
15,1,53,432.180311,-179.960035
15,1,54,439.844111,-179.950664
15,1,55,447.520885,-179.936328
15,1,56,455.219730,-179.916096
15,1,57,462.949742,-179.889037
15,1,58,470.720017,-179.854223
15,1,59,478.539652,-179.810723
15,1,60,486.417743,-179.757606
15,1,61,494.363387,-179.693944
15,1,62,502.383190,-179.618353
15,1,63,510.473803,-179.527646
15,1,64,518.629388,-179.418183
15,1,65,526.844106,-179.286325
15,1,66,535.112118,-179.128432
15,1,67,543.427585,-178.940865
15,1,68,551.784670,-178.719983
15,1,69,560.177533,-178.462148
15,1,70,568.600336,-178.163719
15,1,71,577.047240,-177.821057
15,1,72,585.512406,-177.430523
15,1,73,593.989996,-176.988477
15,1,74,602.470772,-176.485231
15,1,75,610.931894,-175.886910
15,1,76,619.347125,-175.153590
15,1,77,627.690227,-174.245348
15,1,78,635.934961,-173.122260
15,1,79,644.055090,-171.744403
15,1,80,652.024374,-170.071853
15,1,81,659.816576,-168.064687
15,1,82,667.405457,-165.682981
15,1,83,674.764780,-162.886811
15,1,84,681.868305,-159.636255
15,1,85,688.689796,-155.891388
15,1,86,695.210946,-151.627212
15,1,87,701.445180,-146.878428
15,1,88,707.413856,-141.694660
15,1,89,713.138331,-136.125534
15,1,90,718.639964,-130.220676
15,1,91,723.940111,-124.029710
15,1,92,729.060130,-117.602262
15,1,93,734.021379,-110.987958
15,1,94,738.845215,-104.236421
15,1,95,743.552997,-97.397279
15,1,96,748.166081,-90.520155
15,1,97,752.705825,-83.654676
15,1,98,757.193392,-76.836467
15,1,99,761.649163,-70.045160
15,1,100,766.093325,-63.246386
15,1,101,770.546063,-56.405777
15,1,102,775.027565,-49.488964
15,1,103,779.558017,-42.461580
15,1,104,784.157604,-35.289255
15,1,105,788.846514,-27.937623
15,1,106,793.644932,-20.372314
15,1,107,798.573046,-12.558960
15,1,108,803.651040,-4.463194
15,1,109,808.899103,3.949354
15,1,110,814.367966,12.679230
15,1,111,820.230548,21.591697
15,1,112,826.690314,30.518196
15,1,113,833.950728,39.290170
15,1,114,842.215255,47.739059
15,1,115,851.687360,55.696305
15,1,116,862.570508,62.993349
15,1,117,875.068164,69.461634
15,1,118,889.383791,74.932600
15,1,119,905.720856,79.237689
15,1,120,924.282823,82.208343
15,1,121,945.273156,83.676003
15,2,1,0.000000,0.000000
15,2,2,12.315468,19.810566
15,2,3,23.682298,38.054886
15,2,4,34.201437,54.799531
15,2,5,43.973829,70.111073
15,2,6,53.100420,84.056085
15,2,7,61.682155,96.701136
15,2,8,69.819978,108.112801
15,2,9,77.614836,118.357649
15,2,10,85.167674,127.502254
15,2,11,92.579435,135.613186
15,2,12,99.951067,142.757018
15,2,13,107.383514,149.000322
15,2,14,114.958573,154.409397
15,2,15,122.681451,159.049455
15,2,16,130.538205,162.985438
15,2,17,138.514896,166.282285
15,2,18,146.597581,169.004937
15,2,19,154.772319,171.218335
15,2,20,163.025169,172.987419
15,2,21,171.342188,174.377129
15,2,22,179.709435,175.452405
15,2,23,188.112970,176.278189
15,2,24,196.538850,176.919421
15,2,25,204.973134,177.441040
15,2,26,213.403197,177.897747
15,2,27,221.821672,178.303275
15,2,28,230.222510,178.661115
15,2,29,238.599663,178.974760
15,2,30,246.947079,179.247702
15,2,31,255.258710,179.483433
15,2,32,263.528507,179.685446
15,2,33,271.750418,179.857231
15,2,34,279.918395,180.002282
15,2,35,288.026389,180.124091
15,2,36,296.068349,180.226150
15,2,37,304.038226,180.311950
15,2,38,311.934206,180.384577
15,2,39,319.771417,180.445488
15,2,40,327.569224,180.495733
15,2,41,335.346989,180.536363
15,2,42,343.124076,180.568427
15,2,43,350.919850,180.592977
15,2,44,358.753674,180.611061
15,2,45,366.644913,180.623730
15,2,46,374.612928,180.632034
15,2,47,382.677086,180.637024
15,2,48,390.856748,180.639750
15,2,49,399.171280,180.641261
15,2,50,407.633557,180.642435
15,2,51,416.230503,180.643449
15,2,52,424.942555,180.644309
15,2,53,433.750149,180.645020
15,2,54,442.633721,180.645587
15,2,55,451.573708,180.646014
15,2,56,460.550546,180.646308
15,2,57,469.544672,180.646471
15,2,58,478.536521,180.646511
15,2,59,487.506531,180.646431
15,2,60,496.435137,180.646237
15,2,61,505.302776,180.645933
15,2,62,514.093006,180.644966
15,2,63,522.801873,180.640550
15,2,64,531.428545,180.629338
15,2,65,539.972188,180.607987
15,2,66,548.431971,180.573151
15,2,67,556.807061,180.521484
15,2,68,565.096626,180.449643
15,2,69,573.299834,180.354281
15,2,70,581.415851,180.232053
15,2,71,589.443846,180.079615
15,2,72,597.382985,179.893622
15,2,73,605.232438,179.670727
15,2,74,612.993990,179.408576
15,2,75,620.679903,179.108769
15,2,76,628.305060,178.773897
15,2,77,635.884341,178.406550
15,2,78,643.432628,178.009318
15,2,79,650.964803,177.584791
15,2,80,658.495747,177.135559
15,2,81,666.040341,176.664214
15,2,82,673.613467,176.173345
15,2,83,681.230006,175.665541
15,2,84,688.904840,175.143395
15,2,85,696.652850,174.609495
15,2,86,704.481665,174.059531
15,2,87,712.369899,173.461580
15,2,88,720.288914,172.776822
15,2,89,728.210073,171.966433
15,2,90,736.104737,170.991590
15,2,91,743.944268,169.813472
15,2,92,751.700029,168.393255
15,2,93,759.343380,166.692116
15,2,94,766.845684,164.671234
15,2,95,774.178303,162.291786
15,2,96,781.312599,159.514948
15,2,97,788.219933,156.301899
15,2,98,794.888354,152.633933
15,2,99,801.372648,148.572810
15,2,100,807.744290,144.200410
15,2,101,814.074753,139.598611
15,2,102,820.435511,134.849292
15,2,103,826.898036,130.034330
15,2,104,833.533803,125.235603
15,2,105,840.414286,120.534992
15,2,106,847.610957,116.014373
15,2,107,855.195290,111.755625
15,2,108,863.238758,107.840627
15,2,109,871.812836,104.351256
15,2,110,880.993565,101.346893
15,2,111,890.875261,98.796917
15,2,112,901.556808,96.648212
15,2,113,913.137092,94.847659
15,2,114,925.714996,93.342140
15,2,115,939.389405,92.078537
15,2,116,954.259204,91.003731
15,2,117,970.423277,90.064606
15,2,118,987.980509,89.208042
15,2,119,1007.029784,88.380922
15,2,120,1027.669986,87.530127
15,2,121,1050.000000,86.602540
16,1,1,0.000000,0.000000
16,1,2,12.336188,-19.733054
16,1,3,23.742925,-37.914631
16,1,4,34.318524,-54.608962
16,1,5,44.161302,-69.880278
16,1,6,53.369574,-83.792807
16,1,7,62.041655,-96.410781
16,1,8,70.275860,-107.798430
16,1,9,78.170505,-118.019983
16,1,10,85.823905,-127.139671
16,1,11,93.334374,-135.221725
16,1,12,100.800229,-142.330373
16,1,13,108.319784,-148.529847
16,1,14,115.972793,-153.884912
16,1,15,123.764764,-158.462470
16,1,16,131.682643,-162.329961
16,1,17,139.713376,-165.554824
16,1,18,147.843911,-168.204496
16,1,19,156.061191,-170.346417
16,1,20,164.352165,-172.048025
16,1,21,172.703779,-173.376758
16,1,22,181.102977,-174.400055
16,1,23,189.536708,-175.185356
16,1,24,197.991916,-175.800097
16,1,25,206.455549,-176.311718
16,1,26,214.916186,-176.776606
16,1,27,223.368949,-177.206944
16,1,28,231.810593,-177.603864
16,1,29,240.237871,-177.968497
16,1,30,248.647540,-178.301975
16,1,31,257.036354,-178.605429
16,1,32,265.401068,-178.879991
16,1,33,273.738437,-179.126792
16,1,34,282.045216,-179.346965
16,1,35,290.318160,-179.541641
16,1,36,298.554023,-179.711951
16,1,37,306.749562,-179.859027
16,1,38,314.902127,-179.984115
16,1,39,323.011453,-180.088915
16,1,40,331.077875,-180.175242
16,1,41,339.101724,-180.244910
16,1,42,347.083334,-180.299735
16,1,43,355.023035,-180.341530
16,1,44,362.921162,-180.372112
16,1,45,370.778046,-180.393293
16,1,46,378.594021,-180.406889
16,1,47,386.369418,-180.414715
16,1,48,394.104571,-180.418585
16,1,49,401.799811,-180.420313
16,1,50,409.457142,-180.421258
16,1,51,417.085252,-180.420943
16,1,52,424.694499,-180.418438
16,1,53,432.295240,-180.412810
16,1,54,439.897834,-180.403126
16,1,55,447.512638,-180.388456
16,1,56,455.150012,-180.367867
16,1,57,462.820313,-180.340426
16,1,58,470.533899,-180.305201
16,1,59,478.301128,-180.261261
16,1,60,486.132358,-180.207673
16,1,61,494.037948,-180.143506
16,1,62,502.025455,-180.067315
16,1,63,510.091235,-179.975611
16,1,64,518.228845,-179.864392
16,1,65,526.431840,-179.729659
16,1,66,534.693776,-179.567409
16,1,67,543.008209,-179.373641
16,1,68,551.368694,-179.144355
16,1,69,559.768789,-178.875548
16,1,70,568.202048,-178.563221
16,1,71,576.662028,-178.203371
16,1,72,585.142284,-177.791998
16,1,73,593.636372,-177.325101
16,1,74,602.134557,-176.792801
16,1,75,610.613938,-176.161710
16,1,76,619.048321,-175.392564
16,1,77,627.411513,-174.446097
16,1,78,635.677322,-173.283045
16,1,79,643.819554,-171.864142
16,1,80,651.812018,-170.150123
16,1,81,659.628519,-168.101723
16,1,82,667.242865,-165.679678
16,1,83,674.628864,-162.844722
16,1,84,681.760321,-159.557590
16,1,85,688.611045,-155.779018
16,1,86,695.162697,-151.484575
16,1,87,701.428353,-146.709171
16,1,88,707.428944,-141.502551
16,1,89,713.185401,-135.914461
16,1,90,718.718656,-129.994645
16,1,91,724.049638,-123.792848
16,1,92,729.199280,-117.358816
16,1,93,734.188512,-110.742293
16,1,94,739.038265,-103.993025
16,1,95,743.769469,-97.160756
16,1,96,748.403057,-90.295231
16,1,97,752.959958,-83.446196
16,1,98,757.461062,-76.649266
16,1,99,761.927097,-69.883539
16,1,100,766.378745,-63.113983
16,1,101,770.836693,-56.305567
16,1,102,775.321625,-49.423257
16,1,103,779.854225,-42.432024
16,1,104,784.455179,-35.296835
16,1,105,789.145170,-27.982658
16,1,106,793.944886,-20.454462
16,1,107,798.875008,-12.677214
16,1,108,803.956224,-4.615884
16,1,109,809.209217,3.764561
16,1,110,814.684673,12.465378
16,1,111,820.553283,21.352723
16,1,112,827.015738,30.258980
16,1,113,834.272728,39.016530
16,1,114,842.524946,47.457756
16,1,115,851.973082,55.415041
16,1,116,862.817828,62.720767
16,1,117,875.259874,69.207317
16,1,118,889.499913,74.707072
16,1,119,905.738634,79.052416
16,1,120,924.176731,82.075731
16,1,121,945.014893,83.609398
16,2,1,0.000000,0.000000
16,2,2,12.391698,19.705619
16,2,3,23.824299,37.862984
16,2,4,34.399625,54.537513
16,2,5,44.219498,69.794623
16,2,6,53.385740,83.699732
16,2,7,62.000173,96.318258
16,2,8,70.164620,107.715617
16,2,9,77.980903,117.957229
16,2,10,85.550843,127.108510
16,2,11,92.976263,135.234879
16,2,12,100.358986,142.401752
16,2,13,107.800833,148.674548
16,2,14,115.384345,154.118471
16,2,15,123.114936,158.797882
16,2,16,130.978738,162.776925
16,2,17,138.961886,166.119748
16,2,18,147.050511,168.890497
16,2,19,155.230746,171.153319
16,2,20,163.488723,172.972360
16,2,21,171.810576,174.411767
16,2,22,180.182438,175.535686
16,2,23,188.590440,176.408264
16,2,24,197.020717,177.093647
16,2,25,205.459399,177.655982
16,2,26,213.893889,178.149350
16,2,27,222.316656,178.587570
16,2,28,230.721441,178.974395
16,2,29,239.101981,179.313578
16,2,30,247.452015,179.608875
16,2,31,255.765283,179.864037
16,2,32,264.035524,180.082818
16,2,33,272.256475,180.268972
16,2,34,280.421877,180.426252
16,2,35,288.525468,180.558412
16,2,36,296.560986,180.669206
16,2,37,304.522171,180.762386
16,2,38,312.407112,180.841271
16,2,39,320.231307,180.907435
16,2,40,328.014602,180.962020
16,2,41,335.776845,181.006164
16,2,42,343.537882,181.041007
16,2,43,351.317563,181.067689
16,2,44,359.135733,181.087350
16,2,45,367.012240,181.101130
16,2,46,374.966933,181.110168
16,2,47,383.019657,181.115604
16,2,48,391.190262,181.118578
16,2,49,399.498593,181.120229
16,2,50,407.957871,181.121509
16,2,51,416.554803,181.122613
16,2,52,425.269470,181.123546
16,2,53,434.081951,181.124316
16,2,54,442.972327,181.124929
16,2,55,451.920677,181.125392
16,2,56,460.907081,181.125710
16,2,57,469.911620,181.125890
16,2,58,478.914374,181.125939
16,2,59,487.895421,181.125862
16,2,60,496.834843,181.125667
16,2,61,505.712720,181.125360
16,2,62,514.512231,181.124336
16,2,63,523.228960,181.119551
16,2,64,531.861590,181.107349
16,2,65,540.408804,181.084075
16,2,66,548.869286,181.046075
16,2,67,557.241719,180.989691
16,2,68,565.524786,180.911270
16,2,69,573.717170,180.807155
16,2,70,581.817555,180.673691
16,2,71,589.824624,180.507224
16,2,72,597.737061,180.304097
16,2,73,605.553548,180.060656
16,2,74,613.275649,179.774349
16,2,75,620.916447,179.447045
16,2,76,628.491905,179.081718
16,2,77,636.017987,178.681339
16,2,78,643.510656,178.248883
16,2,79,650.985874,177.787321
16,2,80,658.459605,177.299628
16,2,81,665.947813,176.788776
16,2,82,673.466459,176.257738
16,2,83,681.031508,175.709488
16,2,84,688.658923,175.146997
16,2,85,696.364667,174.573240
16,2,86,704.157276,173.984343
16,2,87,712.015580,173.349050
16,2,88,719.910982,172.629258
16,2,89,727.814886,171.786866
16,2,90,735.698694,170.783770
16,2,91,743.533810,169.581869
16,2,92,751.291637,168.143059
16,2,93,758.943578,166.429239
16,2,94,766.461036,164.402306
16,2,95,773.815414,162.024158
16,2,96,780.978116,159.256692
16,2,97,787.920545,156.061806
16,2,98,794.630597,152.421164
16,2,99,801.162145,148.395492
16,2,100,807.585556,144.065285
16,2,101,813.971198,139.511036
16,2,102,820.389435,134.813239
16,2,103,826.910636,130.052386
16,2,104,833.605166,125.308972
16,2,105,840.543392,120.663489
16,2,106,847.795682,116.196432
16,2,107,855.432401,111.988293
16,2,108,863.523917,108.119567
16,2,109,872.140595,104.670746
16,2,110,881.357365,101.699909
16,2,111,891.267403,99.175469
16,2,112,901.968448,97.043425
16,2,113,913.558238,95.249774
16,2,114,926.134511,93.740516
16,2,115,939.795007,92.461648
16,2,116,954.637463,91.359169
16,2,117,970.759618,90.379076
16,2,118,988.259211,89.467369
16,2,119,1007.233980,88.570045
16,2,120,1027.781663,87.633103
16,2,121,1050.000000,86.602540
17,1,1,0.000000,0.000000
17,1,2,12.322562,-19.683431
17,1,3,23.724117,-37.824882
17,1,4,34.302028,-54.488018
17,1,5,44.153654,-69.736506
17,1,6,53.376357,-83.634014
17,1,7,62.067497,-96.244207
17,1,8,70.324436,-107.630752
17,1,9,78.244535,-117.857316
17,1,10,85.925155,-126.987565
17,1,11,93.463657,-135.085167
17,1,12,100.957401,-142.213787
17,1,13,108.503749,-148.437093
17,1,14,116.181682,-153.819290
17,1,15,123.996660,-158.426736
17,1,16,131.935765,-162.326330
17,1,17,139.986077,-165.584970
17,1,18,148.134678,-168.269553
17,1,19,156.368647,-170.446978
17,1,20,164.675066,-172.184143
17,1,21,173.041015,-173.547945
17,1,22,181.453576,-174.605283
17,1,23,189.899828,-175.423053
17,1,24,198.366854,-176.068155
17,1,25,206.841734,-176.607486
17,1,26,215.313159,-177.097019
17,1,27,223.776258,-177.549024
17,1,28,232.227773,-177.964847
17,1,29,240.664445,-178.345834
17,1,30,249.083013,-178.693330
17,1,31,257.480219,-179.008680
17,1,32,265.852802,-179.293231
17,1,33,274.197504,-179.548327
17,1,34,282.511064,-179.775315
17,1,35,290.790224,-179.975540
17,1,36,299.031724,-180.150346
17,1,37,307.232304,-180.301081
17,1,38,315.389211,-180.429176
17,1,39,323.501717,-180.536414
17,1,40,331.569599,-180.624662
17,1,41,339.592635,-180.695790
17,1,42,347.570601,-180.751667
17,1,43,355.503277,-180.794161
17,1,44,363.390438,-180.825141
17,1,45,371.231864,-180.846477
17,1,46,379.027330,-180.860036
17,1,47,386.776616,-180.867688
17,1,48,394.479498,-180.871301
17,1,49,402.135754,-180.872745
17,1,50,409.747141,-180.873420
17,1,51,417.323329,-180.872853
17,1,52,424.875969,-180.870105
17,1,53,432.416711,-180.864236
17,1,54,439.957206,-180.854304
17,1,55,447.509103,-180.839370
17,1,56,455.084054,-180.818494
17,1,57,462.693707,-180.790735
17,1,58,470.349714,-180.755154
17,1,59,478.063725,-180.710809
17,1,60,485.847389,-180.656760
17,1,61,493.712357,-180.592068
17,1,62,501.667161,-180.515222
17,1,63,509.707856,-180.422439
17,1,64,517.827377,-180.309362
17,1,65,526.018663,-180.171638
17,1,66,534.274649,-180.004911
17,1,67,542.588272,-179.804828
17,1,68,550.952468,-179.567035
17,1,69,559.360174,-179.287175
17,1,70,567.804326,-178.960896
17,1,71,576.277861,-178.583842
17,1,72,584.773716,-178.151659
17,1,73,593.284826,-177.659992
17,1,74,601.800946,-177.098776
17,1,75,610.299097,-176.435099
17,1,76,618.753120,-175.630337
17,1,77,627.136852,-174.645868
17,1,78,635.424133,-173.443068
17,1,79,643.588802,-171.983314
17,1,80,651.604699,-170.227983
17,1,81,659.445662,-168.138452
17,1,82,667.085531,-165.676098
17,1,83,674.498144,-162.802297
17,1,84,681.657342,-159.478426
17,1,85,688.536963,-155.665863
17,1,86,695.118629,-151.340737
17,1,87,701.415092,-146.538187
17,1,88,707.446886,-141.308108
17,1,89,713.234548,-135.700392
17,1,90,718.798610,-129.764933
17,1,91,724.159609,-123.551624
17,1,92,729.338078,-117.110357
17,1,93,734.354553,-110.491027
17,1,94,739.229568,-103.743526
17,1,95,743.983658,-96.917747
17,1,96,748.637358,-90.063583
17,1,97,753.211202,-83.230928
17,1,98,757.725830,-76.455406
17,1,99,762.202292,-69.715566
17,1,100,766.661747,-62.975689
17,1,101,771.125350,-56.200055
17,1,102,775.614258,-49.352945
17,1,103,780.149627,-42.398640
17,1,104,784.752613,-35.301420
17,1,105,789.444373,-28.025566
17,1,106,794.246064,-20.535357
17,1,107,799.178841,-12.795076
17,1,108,804.263861,-4.769002
17,1,109,809.522280,3.578585
17,1,110,815.004715,12.249673
17,1,111,820.879625,21.111331
17,1,112,827.344929,29.996900
17,1,113,834.598545,38.739719
17,1,114,842.838392,47.173127
17,1,115,852.262390,55.130463
17,1,116,863.068457,62.445067
17,1,117,875.454512,68.950278
17,1,118,889.618475,74.479436
17,1,119,905.758263,78.865879
17,1,120,924.071796,81.942948
17,1,121,944.756993,83.543982
17,2,1,0.000000,0.000000
17,2,2,12.468829,19.600632
17,2,3,23.967898,37.671007
17,2,4,34.599925,54.275385
17,2,5,44.467631,69.478028
17,2,6,53.673733,83.343197
17,2,7,62.320952,95.935154
17,2,8,70.512006,107.318160
17,2,9,78.349615,117.556476
17,2,10,85.936497,126.714363
17,2,11,93.375372,134.856082
17,2,12,100.768960,142.045895
17,2,13,108.219978,148.348063
17,2,14,115.811729,153.826697
17,2,15,123.549839,158.545303
17,2,16,131.420520,162.567237
17,2,17,139.409979,165.955855
17,2,18,147.504428,168.774514
17,2,19,155.690076,171.086568
17,2,20,163.953132,172.955375
17,2,21,172.279806,174.444291
17,2,22,180.656308,175.616670
17,2,23,189.068847,176.535869
17,2,24,197.503634,177.265245
17,2,25,205.946878,177.868153
17,2,26,214.386012,178.398058
17,2,27,222.813367,178.868865
17,2,28,231.222497,179.284587
17,2,29,239.606954,179.649236
17,2,30,247.960294,179.966827
17,2,31,256.276070,180.241372
17,2,32,264.547835,180.476885
17,2,33,272.769145,180.677379
17,2,34,280.933552,180.846867
17,2,35,289.034611,180.989363
17,2,36,297.065875,181.108880
17,2,37,305.020898,181.209431
17,2,38,312.897680,181.294565
17,2,39,320.711996,181.365975
17,2,40,328.484067,181.424892
17,2,41,336.234115,181.472544
17,2,42,343.982360,181.510162
17,2,43,351.749024,181.538973
17,2,44,359.554329,181.560208
17,2,45,367.418494,181.575095
17,2,46,375.361742,181.584865
17,2,47,383.404293,181.590747
17,2,48,391.566368,181.593970
17,2,49,399.868189,181.595763
17,2,50,408.323248,181.597152
17,2,51,416.918128,181.598348
17,2,52,425.632682,181.599359
17,2,53,434.446764,181.600192
17,2,54,443.340228,181.600854
17,2,55,452.292928,181.601353
17,2,56,461.284717,181.601696
17,2,57,470.295449,181.601891
17,2,58,479.304978,181.601945
17,2,59,488.293158,181.601865
17,2,60,497.239842,181.601658
17,2,61,506.124885,181.601333
17,2,62,514.931189,181.600235
17,2,63,523.653854,181.595061
17,2,64,532.291029,181.581847
17,2,65,540.840862,181.556630
17,2,66,549.301503,181.515445
17,2,67,557.671100,181.454328
17,2,68,565.947803,181.369314
17,2,69,574.129759,181.256441
17,2,70,582.215119,181.111743
17,2,71,590.202030,180.931257
17,2,72,598.088642,180.711019
17,2,73,605.873103,180.447063
17,2,74,613.556710,180.136648
17,2,75,621.153350,179.781909
17,2,76,628.680057,179.386204
17,2,77,636.153867,178.952890
17,2,78,643.591812,178.485326
17,2,79,651.010929,177.986868
17,2,80,658.428251,177.460874
17,2,81,665.860813,176.910701
17,2,82,673.325649,176.339707
17,2,83,680.839794,175.751249
17,2,84,688.420283,175.148684
17,2,85,696.084150,174.535370
17,2,86,703.840832,173.907873
17,2,87,711.669378,173.235594
17,2,88,719.541237,172.481140
17,2,89,727.427860,171.607120
17,2,90,735.300699,170.576144
17,2,91,743.131203,169.350820
17,2,92,750.890823,167.893756
17,2,93,758.551010,166.167563
17,2,94,766.083214,164.134847
17,2,95,773.458887,161.758218
17,2,96,780.649478,159.000285
17,2,97,787.626438,155.823657
17,2,98,794.377521,152.210360
17,2,99,800.955692,148.220094
17,2,100,807.430222,143.931977
17,2,101,813.870379,139.425127
17,2,102,820.345431,134.778663
17,2,103,826.924649,130.071701
17,2,104,833.677300,125.383360
17,2,105,840.672655,120.792758
17,2,106,847.979981,116.379013
17,2,107,855.668549,112.221243
17,2,108,863.807626,108.398566
17,2,109,872.466483,104.990099
17,2,110,881.718943,102.052627
17,2,111,891.657048,99.553597
17,2,112,902.377396,97.438123
17,2,113,913.976583,95.651317
17,2,114,926.551209,94.138293
17,2,115,940.197868,92.844164
17,2,116,955.013160,91.714044
17,2,117,971.093680,90.693046
17,2,118,988.536028,89.726284
17,2,119,1007.436798,88.758870
17,2,120,1027.892590,87.735917
17,2,121,1050.000000,86.602540
18,1,1,0.000000,0.000000
18,1,2,12.309592,-19.632960
18,1,3,23.706523,-37.733653
18,1,4,34.287208,-54.365156
18,1,5,44.148062,-69.590547
18,1,6,53.385499,-83.472902
18,1,7,62.095933,-96.075298
18,1,8,70.375778,-107.460813
18,1,9,78.321450,-117.692524
18,1,10,86.029362,-126.833508
18,1,11,93.595930,-134.946843
18,1,12,101.117566,-142.095605
18,1,13,108.690686,-148.342871
18,1,14,116.393505,-153.752268
18,1,15,124.231441,-158.389614
18,1,16,132.191712,-162.321275
18,1,17,140.261538,-165.613620
18,1,18,148.428136,-168.333016
18,1,19,156.678726,-170.545829
18,1,20,165.000526,-172.318426
18,1,21,173.380755,-173.717176
18,1,22,181.806631,-174.808445
18,1,23,190.265374,-175.658600
18,1,24,198.744201,-176.334008
18,1,25,207.230332,-176.901037
18,1,26,215.712570,-177.415251
18,1,27,224.186058,-177.889004
18,1,28,232.647525,-178.323848
18,1,29,241.093697,-178.721333
18,1,30,249.521304,-179.083011
18,1,31,257.927073,-179.410433
18,1,32,266.307732,-179.705151
18,1,33,274.660009,-179.968715
18,1,34,282.980632,-180.202678
18,1,35,291.266329,-180.408590
18,1,36,299.513829,-180.588003
18,1,37,307.719858,-180.742468
18,1,38,315.881558,-180.873599
18,1,39,323.997721,-180.983263
18,1,40,332.067550,-181.073389
18,1,41,340.090250,-181.145907
18,1,42,348.065025,-181.202745
18,1,43,355.991080,-181.245833
18,1,44,363.867618,-181.277100
18,1,45,371.693844,-181.298476
18,1,46,379.468963,-181.311891
18,1,47,387.192178,-181.319272
18,1,48,394.862694,-181.322551
18,1,49,402.479716,-181.323655
18,1,50,410.044741,-181.324034
18,1,51,417.568445,-181.323215
18,1,52,425.063798,-181.320242
18,1,53,432.543770,-181.314163
18,1,54,440.021330,-181.304024
18,1,55,447.509448,-181.288869
18,1,56,455.021095,-181.267746
18,1,57,462.569239,-181.239700
18,1,58,470.166850,-181.203776
18,1,59,477.826899,-181.159022
18,1,60,485.562355,-181.104483
18,1,61,493.386188,-181.039205
18,1,62,501.307922,-180.961610
18,1,63,509.323307,-180.867621
18,1,64,517.424647,-180.752541
18,1,65,525.604243,-180.611668
18,1,66,533.854402,-180.440303
18,1,67,542.167426,-180.233747
18,1,68,550.535619,-179.987300
18,1,69,558.951284,-179.696263
18,1,70,567.406727,-179.355934
18,1,71,575.894250,-178.961616
18,1,72,584.406157,-178.508608
18,1,73,592.934752,-177.992211
18,1,74,601.469264,-177.402174
18,1,75,609.986629,-176.706053
18,1,76,618.460704,-175.865848
18,1,77,626.865352,-174.843565
18,1,78,635.174431,-173.601205
18,1,79,643.361801,-172.100773
18,1,80,651.401322,-170.304271
18,1,81,659.266854,-168.173704
18,1,82,666.932257,-165.671074
18,1,83,674.371392,-162.758385
18,1,84,681.558117,-159.397639
18,1,85,688.466293,-155.550841
18,1,86,695.077497,-151.194670
18,1,87,701.404180,-146.364518
18,1,88,707.466508,-141.110452
18,1,89,713.284648,-135.482538
18,1,90,718.878768,-129.530846
18,1,91,724.269036,-123.305443
18,1,92,729.475618,-116.856396
18,1,93,734.518681,-110.233773
18,1,94,739.418394,-103.487641
18,1,95,744.194922,-96.668068
18,1,96,748.868435,-89.825122
18,1,97,753.459098,-83.008871
18,1,98,757.987318,-76.254965
18,1,99,762.474457,-69.541391
18,1,100,766.942116,-62.831716
18,1,101,771.411896,-56.089512
18,1,102,775.905396,-49.278346
18,1,103,780.444219,-42.361789
18,1,104,785.049965,-35.303408
18,1,105,789.744235,-28.066775
18,1,106,794.548629,-20.615456
18,1,107,799.484748,-12.913023
18,1,108,804.574194,-4.923044
18,1,109,809.838566,3.390912
18,1,110,815.328391,12.031588
18,1,111,821.209890,20.866979
18,1,112,827.678209,29.731392
18,1,113,834.928495,38.459136
18,1,114,843.155894,46.884516
18,1,115,852.555553,54.841842
18,1,116,863.322618,62.165420
18,1,117,875.652236,68.689558
18,1,118,889.739552,74.248563
18,1,119,905.779714,78.676743
18,1,120,923.967868,81.808405
18,1,121,944.499160,83.477857
18,2,1,0.000000,0.000000
18,2,2,12.546360,19.495849
18,2,3,24.112195,37.479401
18,2,4,34.801133,54.013761
18,2,5,44.716799,69.162035
18,2,6,53.962820,82.987330
18,2,7,62.642822,95.552751
18,2,8,70.860432,106.921404
18,2,9,78.719276,117.156397
18,2,10,86.322981,126.320834
18,2,11,93.775174,134.477822
18,2,12,101.179480,141.690467
18,2,13,108.639526,148.021875
18,2,14,116.239383,153.535063
18,2,15,123.984895,158.292689
18,2,16,131.862355,162.357321
18,2,17,139.858050,165.791529
18,2,18,147.958271,168.657882
18,2,19,156.149307,171.018947
18,2,20,164.417449,172.937294
18,2,21,172.748986,174.475493
18,2,22,181.130208,175.696110
18,2,23,189.547405,176.661716
18,2,24,197.986867,177.434879
18,2,25,206.434883,178.078168
18,2,26,214.878926,178.644436
18,2,27,223.311202,179.147671
18,2,28,231.725100,179.592144
18,2,29,240.114009,179.982130
18,2,30,248.471317,180.321898
18,2,31,256.790413,180.615723
18,2,32,265.064685,180.867876
18,2,33,273.287524,181.082629
18,2,34,281.452316,181.264255
18,2,35,289.552452,181.417026
18,2,36,297.581320,181.545214
18,2,37,305.532309,181.653091
18,2,38,313.403326,181.744438
18,2,39,321.210357,181.821064
18,2,40,328.973904,181.884289
18,2,41,336.714473,181.935431
18,2,42,344.452566,181.975808
18,2,43,352.208687,182.006739
18,2,44,360.003341,182.029542
18,2,45,367.857031,182.045536
18,2,46,375.790260,182.056038
18,2,47,383.823533,182.062368
18,2,48,391.977354,182.065844
18,2,49,400.272225,182.067784
18,2,50,408.721858,182.069288
18,2,51,417.312786,182.070580
18,2,52,426.024747,182.071668
18,2,53,434.837484,182.072557
18,2,54,443.730734,182.073254
18,2,55,452.684238,182.073764
18,2,56,461.677736,182.074093
18,2,57,470.690967,182.074249
18,2,58,479.703671,182.074236
18,2,59,488.695588,182.074062
18,2,60,497.646458,182.073733
18,2,61,506.536021,182.073253
18,2,62,515.346988,182.071923
18,2,63,524.073961,182.066205
18,2,64,532.714515,182.051857
18,2,65,541.266223,182.024634
18,2,66,549.726660,181.980293
18,2,67,558.093400,181.914589
18,2,68,566.364016,181.823280
18,2,69,574.536084,181.702122
18,2,70,582.607176,181.546870
18,2,71,590.574867,181.353281
18,2,72,598.436732,181.117112
18,2,73,606.190344,180.834117
18,2,74,613.836695,180.501374
18,2,75,621.390453,180.121233
18,2,76,628.869703,179.697364
18,2,77,636.292530,179.233438
18,2,78,643.677019,178.733126
18,2,79,651.041255,178.200098
18,2,80,658.403324,177.638025
18,2,81,665.781311,177.050576
18,2,82,673.193300,176.441423
18,2,83,680.657377,175.814235
18,2,84,688.191628,175.172684
18,2,85,695.814137,174.520440
18,2,86,703.535227,173.854458
18,2,87,711.334174,173.144836
18,2,88,719.182490,172.354956
18,2,89,727.051688,171.448201
18,2,90,734.913281,170.387953
18,2,91,742.738782,169.137594
18,2,92,750.499702,167.660508
18,2,93,758.167556,165.920077
18,2,94,765.713856,163.879682
18,2,95,773.110114,161.502707
18,2,96,780.327844,158.752535
18,2,97,787.338558,155.592546
18,2,98,794.129880,152.005182
18,2,99,800.753877,148.049105
18,2,100,807.278728,143.802037
18,2,101,813.772610,139.341699
18,2,102,820.303703,134.745811
18,2,103,826.940184,130.092095
18,2,104,833.750232,125.458271
18,2,105,840.802025,120.922060
18,2,106,848.163742,116.561183
18,2,107,855.903560,112.453361
18,2,108,864.089657,108.676315
18,2,109,872.790213,105.307766
18,2,110,882.077953,102.403191
18,2,111,892.043795,99.929097
18,2,112,902.783202,97.829748
18,2,113,914.391639,96.049405
18,2,114,926.964572,94.532334
18,2,115,940.597465,93.222797
18,2,116,955.385782,92.065058
18,2,117,971.424988,91.003379
18,2,118,988.810549,89.982025
18,2,119,1007.637928,88.945258
18,2,120,1028.002590,87.837342
18,2,121,1050.000000,86.602540
19,1,1,0.000000,0.000000
19,1,2,12.297821,-19.581361
19,1,3,23.691112,-37.640430
19,1,4,34.275358,-54.239664
19,1,5,44.146047,-69.441522
19,1,6,53.398666,-83.308463
19,1,7,62.128700,-95.902943
19,1,8,70.431638,-107.287422
19,1,9,78.402966,-117.524359
19,1,10,86.138171,-126.676210
19,1,11,93.732739,-134.805434
19,1,12,101.282158,-141.974490
19,1,13,108.881913,-148.245836
19,1,14,116.609472,-153.682495
19,1,15,124.470214,-158.349749
19,1,16,132.451499,-162.313443
19,1,17,140.540686,-165.639425
19,1,18,148.725135,-168.393541
19,1,19,156.992206,-170.641638
19,1,20,165.329257,-172.449561
19,1,21,173.723649,-173.883159
19,1,22,182.162740,-175.008276
19,1,23,190.633890,-175.890759
19,1,24,199.124459,-176.596456
19,1,25,207.621806,-177.191211
19,1,26,216.114850,-177.730190
19,1,27,224.598748,-178.225823
19,1,28,233.070216,-178.679858
19,1,29,241.525969,-179.094043
19,1,30,249.962725,-179.470127
19,1,31,258.377198,-179.809858
19,1,32,266.766106,-180.114984
19,1,33,275.126165,-180.387253
19,1,34,283.454090,-180.628413
19,1,35,291.746598,-180.840213
19,1,36,300.000404,-181.024401
19,1,37,308.212226,-181.182725
19,1,38,316.379095,-181.316974
19,1,39,324.499311,-181.429103
19,1,40,332.571488,-181.521108
19,1,41,340.594241,-181.594986
19,1,42,348.566186,-181.652731
19,1,43,356.485939,-181.696342
19,1,44,364.352113,-181.727812
19,1,45,372.163324,-181.749139
19,1,46,379.918188,-181.762319
19,1,47,387.615320,-181.769346
19,1,48,395.253334,-181.772219
19,1,49,402.830847,-181.772932
19,1,50,410.349088,-181.772987
19,1,51,417.819758,-181.771905
19,1,52,425.257168,-181.768715
19,1,53,432.675635,-181.762441
19,1,54,440.089471,-181.752112
19,1,55,447.512991,-181.736755
19,1,56,454.960510,-181.715396
19,1,57,462.446342,-181.687062
19,1,58,469.984800,-181.650780
19,1,59,477.590199,-181.605578
19,1,60,485.276853,-181.550482
19,1,61,493.059076,-181.484519
19,1,62,500.947407,-181.406039
19,1,63,508.937280,-181.310682
19,1,64,517.020352,-181.193413
19,1,65,525.188283,-181.049194
19,1,66,533.432729,-180.872989
19,1,67,541.745349,-180.659762
19,1,68,550.117802,-180.404476
19,1,69,558.541745,-180.102094
19,1,70,567.008837,-179.747580
19,1,71,575.510735,-179.335898
19,1,72,584.039098,-178.862010
19,1,73,592.585584,-178.320881
19,1,74,601.138886,-177.702083
19,1,75,609.675840,-176.973622
19,1,76,618.170318,-176.098114
19,1,77,626.596189,-175.038174
19,1,78,634.927326,-173.756418
19,1,79,643.137600,-172.215461
19,1,80,651.200881,-170.377919
19,1,81,659.091040,-168.206407
19,1,82,666.781949,-165.663540
19,1,83,674.247479,-162.711934
19,1,84,681.461501,-159.314205
19,1,85,688.397886,-155.432968
19,1,86,695.038165,-151.045446
19,1,87,701.394504,-146.187299
19,1,88,707.486732,-140.908792
19,1,89,713.334675,-135.260192
19,1,90,718.958160,-129.291766
19,1,91,724.377014,-123.053780
19,1,92,729.611064,-116.596501
19,1,93,734.680138,-109.970196
19,1,94,739.604062,-103.225131
19,1,95,744.402664,-96.411572
19,1,96,749.095769,-89.579787
19,1,97,753.703207,-82.780042
19,1,98,758.245167,-76.048031
19,1,99,762.743304,-69.361162
19,1,100,767.219635,-62.682269
19,1,101,771.696178,-55.974186
19,1,102,776.194951,-49.199750
19,1,103,780.737972,-42.321793
19,1,104,785.347257,-35.303152
19,1,105,790.044826,-28.106662
19,1,106,794.852696,-20.695155
19,1,107,799.792885,-13.031469
19,1,108,804.887411,-5.078437
19,1,109,810.158291,3.201106
19,1,110,815.655937,11.810678
19,1,111,821.544327,20.619208
19,1,112,828.015835,29.461978
19,1,113,835.262834,38.174272
19,1,114,843.477697,46.591370
19,1,115,852.852796,54.548554
19,1,116,863.580504,61.881109
19,1,117,875.853194,68.424314
19,1,118,889.863238,74.013454
19,1,119,905.803010,78.483809
19,1,120,923.864882,81.670662
19,1,121,944.241227,83.409295
19,2,1,0.000000,0.000000
19,2,2,12.623839,19.391487
19,2,3,24.256380,37.288564
19,2,4,35.002159,53.753186
19,2,5,44.965712,68.847307
19,2,6,54.251573,82.632883
19,2,7,62.964278,95.171869
19,2,8,71.208362,106.526220
19,2,9,79.088360,116.757893
19,2,10,86.708807,125.928840
19,2,11,94.174239,134.101019
19,2,12,101.589191,141.336384
19,2,13,109.058198,147.696890
19,2,14,116.666102,153.244464
19,2,15,124.418969,158.040919
19,2,16,132.303173,162.148041
19,2,17,140.305088,165.627614
19,2,18,148.411086,168.541422
19,2,19,156.607543,170.951252
19,2,20,164.880829,172.918886
19,2,21,173.217320,174.506112
19,2,22,181.603389,175.774712
19,2,23,190.025409,176.786473
19,2,24,198.469753,177.603178
19,2,25,206.922795,178.286614
19,2,26,215.372053,178.889022
19,2,27,223.809619,179.424475
19,2,28,232.228733,179.897506
19,2,29,240.622632,180.312645
19,2,30,248.984554,180.674423
19,2,31,257.307737,180.987372
19,2,32,265.585418,181.256023
19,2,33,273.810837,181.484906
19,2,34,281.977230,181.678554
19,2,35,290.077836,181.841497
19,2,36,298.105892,181.978266
19,2,37,306.054637,182.093393
19,2,38,313.921886,182.190888
19,2,39,321.723774,182.272679
19,2,40,329.481010,182.340170
19,2,41,337.214305,182.394770
19,2,42,344.944371,182.437885
19,2,43,352.691919,182.470920
19,2,44,360.477659,182.495282
19,2,45,368.322304,182.512378
19,2,46,376.246563,182.523615
19,2,47,384.271148,182.530397
19,2,48,392.416770,182.534133
19,2,49,400.704141,182.536228
19,2,50,409.147139,182.537855
19,2,51,417.732321,182.539250
19,2,52,426.439410,182.540416
19,2,53,435.248130,182.541357
19,2,54,444.138207,182.542075
19,2,55,453.089364,182.542572
19,2,56,462.081325,182.542853
19,2,57,471.093815,182.542918
19,2,58,480.106557,182.542772
19,2,59,489.099276,182.542417
19,2,60,498.051697,182.541856
19,2,61,506.943542,182.541092
19,2,62,515.757410,182.539377
19,2,63,524.487390,182.532967
19,2,64,533.130446,182.517368
19,2,65,541.683540,182.488083
19,2,66,550.143634,182.440619
19,2,67,558.507693,182.370481
19,2,68,566.772678,182.273173
19,2,69,574.935553,182.144201
19,2,70,582.993281,181.979071
19,2,71,590.942824,181.773287
19,2,72,598.781145,181.522355
19,2,73,606.505208,181.221780
19,2,74,614.115667,180.868468
19,2,75,621.627943,180.464933
19,2,76,629.061152,180.015087
19,2,77,636.434405,179.522844
19,2,78,643.766819,178.992119
19,2,79,651.077505,178.426825
19,2,80,658.385578,177.830876
19,2,81,665.710153,177.208185
19,2,82,673.070342,176.562667
19,2,83,680.485259,175.898235
19,2,84,687.974018,175.218802
19,2,85,695.555734,174.528284
19,2,86,703.241599,173.823977
19,2,87,711.011124,173.076713
19,2,88,718.835901,172.250709
19,2,89,726.687519,171.310180
19,2,90,734.537570,170.219341
19,2,91,742.357645,168.942410
19,2,92,750.119333,167.443601
19,2,93,757.794226,165.687130
19,2,94,765.353915,163.637214
19,2,95,772.769989,161.258069
19,2,96,780.014041,158.513909
19,2,97,787.057659,155.368951
19,2,98,793.888353,151.806093
19,2,99,800.557301,147.882957
19,2,100,807.131597,143.675848
19,2,101,813.678337,139.261071
19,2,102,820.264616,134.714931
19,2,103,826.957529,130.113731
19,2,104,833.824172,125.533777
19,2,105,840.931640,121.051373
19,2,106,848.347028,116.742824
19,2,107,856.137431,112.684435
19,2,108,864.369945,108.952510
19,2,109,873.111664,105.623354
19,2,110,882.434226,102.751130
19,2,111,892.427431,100.301429
19,2,112,903.185620,98.217705
19,2,113,914.803135,96.443408
19,2,114,927.374318,94.921989
19,2,115,940.993511,93.596899
19,2,116,955.755054,92.411590
19,2,117,971.753291,91.309512
19,2,118,989.082562,90.234117
19,2,119,1007.837210,89.128856
19,2,120,1028.111575,87.937180
19,2,121,1050.000000,86.602540
20,1,1,0.000000,0.000000
20,1,2,12.287736,-19.528400
20,1,3,23.678749,-37.544778
20,1,4,34.267627,-54.110940
20,1,5,44.148959,-69.288692
20,1,6,53.417333,-83.139843
20,1,7,62.167338,-95.726198
20,1,8,70.493561,-107.109566
20,1,9,78.490593,-117.351752
20,1,10,86.253021,-126.514564
20,1,11,93.875435,-134.659809
20,1,12,101.452421,-141.849293
20,1,13,109.078570,-148.144824
20,1,14,116.830622,-153.608797
20,1,15,124.713927,-158.305959
20,1,16,132.715989,-162.301648
20,1,17,140.824309,-165.661198
20,1,18,149.026392,-168.449946
20,1,19,157.309739,-170.733229
20,1,20,165.661854,-172.576382
20,1,21,174.070240,-174.044741
20,1,22,182.522398,-175.203643
20,1,23,191.005833,-176.118423
20,1,24,199.508047,-176.854418
20,1,25,208.016542,-177.476964
20,1,26,216.520355,-178.040831
20,1,27,225.014657,-178.558519
20,1,28,233.496152,-179.031966
20,1,29,241.961543,-179.463106
20,1,30,250.407534,-179.853874
20,1,31,258.830829,-180.206207
20,1,32,267.228133,-180.522039
20,1,33,275.596148,-180.803306
20,1,34,283.931580,-181.051943
20,1,35,292.231132,-181.269887
20,1,36,300.491507,-181.459071
20,1,37,308.709411,-181.621432
20,1,38,316.881764,-181.758928
20,1,39,325.006362,-181.873605
20,1,40,333.081215,-181.967531
20,1,41,341.104337,-182.042776
20,1,42,349.073740,-182.101408
20,1,43,356.987436,-182.145497
20,1,44,364.843437,-182.177111
20,1,45,372.639755,-182.198319
20,1,46,380.374402,-182.211189
20,1,47,388.045392,-182.217791
20,1,48,395.650735,-182.220194
20,1,49,403.188445,-182.220465
20,1,50,410.659477,-182.220164
20,1,51,418.076570,-182.218804
20,1,52,425.455404,-182.215388
20,1,53,432.811662,-182.208920
20,1,54,440.161023,-182.198402
20,1,55,447.519170,-182.182837
20,1,56,454.901785,-182.161229
20,1,57,462.324549,-182.132580
20,1,58,469.803143,-182.095894
20,1,59,477.353248,-182.050173
20,1,60,484.990548,-181.994422
20,1,61,492.730722,-181.927642
20,1,62,500.585339,-181.848109
20,1,63,508.549512,-181.751186
20,1,64,516.614241,-181.631508
20,1,65,524.770527,-181.483710
20,1,66,533.009368,-181.302427
20,1,67,541.321766,-181.082295
20,1,68,549.698720,-180.817948
20,1,69,558.131229,-180.504021
20,1,70,566.610295,-180.135150
20,1,71,575.126916,-179.705970
20,1,72,583.672094,-179.211115
20,1,73,592.236827,-178.645221
20,1,74,600.809261,-177.997687
20,1,75,609.366126,-177.236962
20,1,76,617.881294,-176.326262
20,1,77,626.328641,-175.228800
20,1,78,634.682040,-173.907791
20,1,79,642.915366,-172.326449
20,1,80,651.002493,-170.447989
20,1,81,658.917295,-168.235624
20,1,82,666.633646,-165.652569
20,1,83,674.125422,-162.662037
20,1,84,681.366494,-159.227244
20,1,85,688.330739,-155.311404
20,1,86,694.999637,-150.892275
20,1,87,701.385093,-146.005802
20,1,88,707.506620,-140.702472
20,1,89,713.383732,-135.032773
20,1,90,719.035939,-129.047194
20,1,91,724.482756,-122.796222
20,1,92,729.743693,-116.330347
20,1,93,734.838265,-109.700057
20,1,94,739.785984,-102.955839
20,1,95,744.606361,-96.148183
20,1,96,749.318910,-89.327575
20,1,97,753.943143,-82.544505
20,1,98,758.499055,-75.834726
20,1,99,763.008571,-69.175051
20,1,100,767.494099,-62.527557
20,1,101,771.978045,-55.854324
20,1,102,776.482818,-49.117428
20,1,103,781.030825,-42.278948
20,1,104,785.644472,-35.300962
20,1,105,790.346168,-28.145549
20,1,106,795.158321,-20.774785
20,1,107,800.103336,-13.150750
20,1,108,805.203622,-5.235520
20,1,109,810.481587,3.008825
20,1,110,815.987502,11.586597
20,1,111,821.883100,20.367667
20,1,112,828.357980,29.188293
20,1,113,835.601738,37.884736
20,1,114,843.803972,46.293254
20,1,115,853.154280,54.250108
20,1,116,863.842260,61.591556
20,1,117,876.057509,68.153858
20,1,118,889.989625,73.773274
20,1,119,905.828206,78.286062
20,1,120,923.762849,81.528484
20,1,121,943.983153,83.336797
20,2,1,0.000000,0.000000
20,2,2,12.700871,19.287731
20,2,3,24.399744,37.098836
20,2,4,35.202057,53.494125
20,2,5,45.213248,68.534410
20,2,6,54.538753,82.280502
20,2,7,63.284012,94.793212
20,2,8,71.554462,106.133352
20,2,9,79.455539,116.361732
20,2,10,87.092683,125.539163
20,2,11,94.571331,133.726458
20,2,12,101.996920,140.984427
20,2,13,109.474889,147.373880
20,2,14,117.090845,152.955662
20,2,15,124.851079,157.790745
20,2,16,132.742052,161.940132
20,2,17,140.750224,165.464828
20,2,18,148.862057,168.425836
20,2,19,157.064011,170.884161
20,2,20,165.342547,172.900807
20,2,21,173.684125,174.536777
20,2,22,182.075208,175.853077
20,2,23,190.502256,176.910709
20,2,24,198.951728,177.770678
20,2,25,207.410088,178.493989
20,2,26,215.864900,179.132276
20,2,27,224.308157,179.699698
20,2,28,232.732954,180.201048
20,2,29,241.132389,180.641115
20,2,30,249.499559,181.024689
20,2,31,257.827560,181.356563
20,2,32,266.109490,181.641526
20,2,33,274.338445,181.884370
20,2,34,282.507521,182.089884
20,2,35,290.609817,182.262861
20,2,36,298.638429,182.408090
20,2,37,306.586453,182.530362
20,2,38,314.451613,182.633918
20,2,39,322.250138,182.720801
20,2,40,330.002882,182.792504
20,2,41,337.730703,182.850520
20,2,42,345.454454,182.896341
20,2,43,353.194992,182.931461
20,2,44,360.973171,182.957372
20,2,45,368.809847,182.975567
20,2,46,376.725875,182.987539
20,2,47,384.742111,182.994781
20,2,48,392.879410,182.998785
20,2,49,401.158627,183.001046
20,2,50,409.593775,183.002805
20,2,51,418.171493,183.004311
20,2,52,426.871577,183.005560
20,2,53,435.673824,183.006550
20,2,54,444.558030,183.007278
20,2,55,453.503991,183.007742
20,2,56,462.491505,183.007939
20,2,57,471.500366,183.007867
20,2,58,480.510372,183.007522
20,2,59,489.501319,183.006902
20,2,60,498.453003,183.006006
20,2,61,507.345220,183.004829
20,2,62,516.160521,183.002584
20,2,63,524.892470,182.995339
20,2,64,533.537386,182.978376
20,2,65,542.091586,182.946977
20,2,66,550.551388,182.896424
20,2,67,558.913112,182.821999
20,2,68,567.173075,182.718985
20,2,69,575.327595,182.582664
20,2,70,583.372990,182.408317
20,2,71,591.305579,182.191228
20,2,72,599.121680,181.926678
20,2,73,606.817611,181.609949
20,2,74,614.393657,181.237791
20,2,75,621.865971,180.812827
20,2,76,629.254671,180.339145
20,2,77,636.579876,179.820835
20,2,78,643.861705,179.261987
20,2,79,651.120277,178.666689
20,2,80,658.375712,178.039032
20,2,81,665.648127,177.383106
20,2,82,672.957643,176.702999
20,2,83,680.324378,176.002801
20,2,84,687.768452,175.286601
20,2,85,695.309982,174.558490
20,2,86,702.961016,173.816059
20,2,87,710.701312,173.030911
20,2,88,718.502555,172.168151
20,2,89,726.336430,171.192886
20,2,90,734.174622,170.070221
20,2,91,741.988818,168.765261
20,2,92,749.750702,167.243112
20,2,93,757.431960,165.468879
20,2,94,765.004277,163.407668
20,2,95,772.439338,161.024585
20,2,96,779.708830,158.284735
20,2,97,786.784437,155.153223
20,2,98,793.653567,151.613450
20,2,99,800.366518,147.721992
20,2,100,806.989312,143.553722
20,2,101,813.587967,139.183511
20,2,102,820.228506,134.686229
20,2,103,826.976948,130.136750
20,2,104,833.899315,125.609944
20,2,105,841.061626,121.180683
20,2,106,848.529902,116.923839
20,2,107,856.370164,112.914282
20,2,108,864.648433,109.226885
20,2,109,873.430729,105.936520
20,2,110,882.787607,103.096025
20,2,111,892.807761,100.670113
20,2,112,903.584422,98.601462
20,2,113,915.210819,96.832753
20,2,114,927.780181,95.306666
20,2,115,941.385737,93.965879
20,2,116,956.120717,92.753074
20,2,117,972.078350,91.610928
20,2,118,989.351865,90.482122
20,2,119,1008.034492,89.309336
20,2,120,1028.219461,88.035249
20,2,121,1050.000000,86.602540
21,1,1,0.000000,0.000000
21,1,2,12.279744,-19.473899
21,1,3,23.670161,-37.446366
21,1,4,34.264977,-53.978522
21,1,5,44.157923,-69.131488
21,1,6,53.442726,-82.966385
21,1,7,62.213116,-95.544334
21,1,8,70.562820,-106.926456
21,1,9,78.585568,-117.173873
21,1,10,86.375087,-126.347705
21,1,11,94.025106,-134.509074
21,1,12,101.629355,-141.719102
21,1,13,109.281561,-148.038908
21,1,14,117.057773,-153.530233
21,1,15,124.963320,-158.257296
21,1,16,132.985849,-162.284931
21,1,17,141.113009,-165.677975
21,1,18,149.332449,-168.501265
21,1,19,157.631817,-170.819636
21,1,20,165.998761,-172.697926
21,1,21,174.420930,-174.200970
21,1,22,182.885971,-175.393605
21,1,23,191.381534,-176.340668
21,1,24,199.895267,-177.106994
21,1,25,208.414818,-177.757419
21,1,26,216.929342,-178.346327
21,1,27,225.434024,-178.886283
21,1,28,233.925553,-179.379400
21,1,29,242.400620,-179.827790
21,1,30,250.855916,-180.233566
21,1,31,259.288131,-180.598840
21,1,32,267.693956,-180.925724
21,1,33,276.070081,-181.216330
21,1,34,284.413197,-181.472772
21,1,35,292.719995,-181.697161
21,1,36,300.987164,-181.891610
21,1,37,309.211397,-182.058230
21,1,38,317.389500,-182.199141
21,1,39,325.518753,-182.316484
21,1,40,333.596554,-182.412407
21,1,41,341.620299,-182.489057
21,1,42,349.587386,-182.548581
21,1,43,357.495212,-182.593128
21,1,44,365.341174,-182.624846
21,1,45,373.122669,-182.645880
21,1,46,380.837094,-182.658380
21,1,47,388.481846,-182.664493
21,1,48,396.054323,-182.666366
21,1,49,403.551921,-182.666147
21,1,50,410.975317,-182.665455
21,1,51,418.338301,-182.663793
21,1,52,425.657944,-182.660135
21,1,53,432.951315,-182.653458
21,1,54,440.235484,-182.642734
21,1,55,447.527522,-182.626939
21,1,56,454.844497,-182.605047
21,1,57,462.203480,-182.576033
21,1,58,469.621541,-182.538871
21,1,59,477.115749,-182.492537
21,1,60,484.703174,-182.436004
21,1,61,492.400887,-182.368248
21,1,62,500.221501,-182.287465
21,1,63,508.159801,-182.188749
21,1,64,516.206117,-182.066415
21,1,65,524.350779,-181.914777
21,1,66,532.584117,-181.728150
21,1,67,540.896460,-181.500851
21,1,68,549.278138,-181.227194
21,1,69,557.719480,-180.901495
21,1,70,566.210816,-180.518068
21,1,71,574.742475,-180.071229
21,1,72,583.304788,-179.555294
21,1,73,591.888083,-178.964577
21,1,74,600.479947,-178.288308
21,1,75,609.056995,-177.495373
21,1,76,617.593096,-176.549572
21,1,77,626.062120,-175.414707
21,1,78,634.437939,-174.054577
21,1,79,642.694423,-172.432983
21,1,80,650.805443,-170.513725
21,1,81,658.744869,-168.260604
21,1,82,666.486571,-165.637420
21,1,83,674.004420,-162.607974
21,1,84,681.272287,-159.136067
21,1,85,688.264042,-155.185497
21,1,86,694.961114,-150.734556
21,1,87,701.375167,-145.819484
21,1,88,707.525424,-140.491013
21,1,89,713.431107,-134.799874
21,1,90,719.111438,-128.796797
21,1,91,724.585641,-122.532513
21,1,92,729.872937,-116.057754
21,1,93,734.992549,-109.423250
21,1,94,739.963699,-102.679732
21,1,95,744.805611,-95.877931
21,1,96,749.537505,-89.068577
21,1,97,754.178606,-82.302402
21,1,98,758.748726,-75.615232
21,1,99,763.270045,-68.983271
21,1,100,767.765331,-62.367819
21,1,101,772.257355,-55.730176
21,1,102,776.768886,-49.031643
21,1,103,781.322695,-42.233519
21,1,104,785.941551,-35.297104
21,1,105,790.648224,-28.183698
21,1,106,795.465483,-20.854601
21,1,107,800.416099,-13.271112
21,1,108,805.522841,-5.394533
21,1,109,810.808479,2.813838
21,1,110,816.323125,11.359122
21,1,111,822.226258,20.112134
21,1,112,828.704699,28.910108
21,1,113,835.945268,37.590282
21,1,114,844.134788,45.989891
21,1,115,853.460080,53.946171
21,1,116,864.107963,61.296358
21,1,117,876.265260,67.877688
21,1,118,890.118792,73.527396
21,1,119,905.855379,78.082719
21,1,120,923.661843,81.380893
21,1,121,943.725005,83.259153
21,2,1,0.000000,0.000000
21,2,2,12.777123,19.184733
21,2,3,24.541689,36.910494
21,2,4,35.400024,53.236961
21,2,5,45.458456,68.223810
21,2,6,54.823312,81.930717
21,2,7,63.600919,94.417357
21,2,8,71.897605,105.743407
21,2,9,79.819698,115.968544
21,2,10,87.473523,125.152442
21,2,11,94.965410,133.354780
21,2,12,102.401685,140.635232
21,2,13,109.888676,147.053474
21,2,14,117.512747,152.669276
21,2,15,125.280413,157.542770
21,2,16,133.178226,161.734185
21,2,17,141.192740,165.303746
21,2,18,149.310506,168.311680
21,2,19,157.518077,170.818213
21,2,20,165.802005,172.883571
21,2,21,174.148842,174.567982
21,2,22,182.545140,175.931672
21,2,23,190.977453,177.034866
21,2,24,199.432333,177.937792
21,2,25,207.896331,178.700676
21,2,26,216.357069,179.374548
21,2,27,224.806439,179.973657
21,2,28,233.237405,180.503052
21,2,29,241.642929,180.967786
21,2,30,250.015971,181.372910
21,2,31,258.349495,181.723475
21,2,32,266.636463,182.024533
21,2,33,274.869836,182.281135
21,2,34,283.042576,182.498332
21,2,35,291.147646,182.681176
21,2,36,299.178008,182.834718
21,2,37,307.126623,182.964010
21,2,38,314.991118,183.073524
21,2,39,322.787775,183.165415
21,2,40,330.537540,183.241263
21,2,41,338.261360,183.302644
21,2,42,345.980182,183.351137
21,2,43,353.714950,183.388317
21,2,44,361.486613,183.415764
21,2,45,369.316115,183.435054
21,2,46,377.224404,183.447765
21,2,47,385.232426,183.455474
21,2,48,393.361127,183.459759
21,2,49,401.631454,183.462198
21,2,50,410.057519,183.464104
21,2,51,418.626104,183.465730
21,2,52,427.317157,183.467068
21,2,53,436.110627,183.468106
21,2,54,444.986461,183.468836
21,2,55,453.924608,183.469247
21,2,56,462.905015,183.469329
21,2,57,471.907631,183.469072
21,2,58,480.912403,183.468466
21,2,59,489.899281,183.467501
21,2,60,498.848212,183.466168
21,2,61,507.739145,183.464456
21,2,62,516.554642,183.461538
21,2,63,525.287731,183.453317
21,2,64,533.934054,183.434880
21,2,65,542.489253,183.401313
21,2,66,550.948970,183.347703
21,2,67,559.308847,183.269135
21,2,68,567.564527,183.160696
21,2,69,575.711652,183.017472
21,2,70,583.745864,182.834549
21,2,71,591.662805,182.607014
21,2,72,599.458117,182.329953
21,2,73,607.127443,181.998452
21,2,74,614.670668,181.609116
21,2,75,622.104648,181.164627
21,2,76,629.450482,180.669185
21,2,77,636.729270,180.126990
21,2,78,643.962111,179.542243
21,2,79,651.170105,178.919144
21,2,80,658.374350,178.261893
21,2,81,665.595947,177.574690
21,2,82,672.855994,176.861736
21,2,83,680.175591,176.127231
21,2,84,687.575837,175.375376
21,2,85,695.077832,174.610370
21,2,86,702.694458,173.830055
21,2,87,710.405730,173.006838
21,2,88,718.183445,172.106767
21,2,89,725.999402,171.095890
21,2,90,733.825399,169.940254
21,2,91,741.633234,168.605907
21,2,92,749.394704,167.058897
21,2,93,757.081608,165.265273
21,2,94,764.665743,163.191081
21,2,95,772.118908,160.802370
21,2,96,779.412900,158.065188
21,2,97,786.519518,154.945583
21,2,98,793.426085,151.427498
21,2,99,800.182030,147.566461
21,2,100,806.852308,143.435897
21,2,101,813.501874,139.109228
21,2,102,820.195682,134.659878
21,2,103,826.998687,130.161272
21,2,104,833.975844,125.686833
21,2,105,841.192108,121.309985
21,2,106,848.712433,117.104151
21,2,107,856.601774,113.142755
21,2,108,864.925086,109.499222
21,2,109,873.747324,106.246974
21,2,110,883.137971,103.437524
21,2,111,893.184627,101.034735
21,2,112,903.979421,98.980559
21,2,113,915.614481,97.216947
21,2,114,928.181937,95.685850
21,2,115,941.773916,94.329221
21,2,116,956.482548,93.089010
21,2,117,972.399961,91.907170
21,2,118,989.618284,90.725651
21,2,119,1008.229646,89.486406
21,2,120,1028.326175,88.131385
21,2,121,1050.000000,86.602540
22,1,1,0.000000,0.000000
22,1,2,12.274155,-19.417748
22,1,3,23.665894,-37.344989
22,1,4,34.268132,-53.842123
22,1,5,44.173783,-68.969549
22,1,6,53.475759,-82.787668
22,1,7,62.266976,-95.356879
22,1,8,70.640347,-106.737581
22,1,9,78.688786,-116.990175
22,1,10,86.505207,-126.175059
22,1,11,94.182524,-134.352634
22,1,12,101.813651,-141.583299
22,1,13,109.491502,-147.927454
22,1,14,117.291471,-153.446155
22,1,15,125.218873,-158.203091
22,1,16,133.261505,-162.262604
22,1,17,141.407161,-165.689040
22,1,18,149.643638,-168.546742
22,1,19,157.958730,-170.900054
22,1,20,166.340235,-172.813322
22,1,21,174.775946,-174.350889
22,1,22,183.253661,-175.577099
22,1,23,191.761174,-176.556297
22,1,24,200.286282,-177.352827
22,1,25,208.816779,-178.031033
22,1,26,217.341942,-178.644918
22,1,27,225.856966,-179.207116
22,1,28,234.358527,-179.719923
22,1,29,242.843299,-180.185631
22,1,30,251.307959,-180.606533
22,1,31,259.749182,-180.984924
22,1,32,268.163643,-181.323098
22,1,33,276.548018,-181.623347
22,1,34,284.898981,-181.887966
22,1,35,293.213210,-182.119247
22,1,36,301.487379,-182.319486
22,1,37,309.718163,-182.490975
22,1,38,317.902254,-182.635992
22,1,39,326.036407,-182.756755
22,1,40,334.117393,-182.855465
22,1,41,342.141983,-182.934324
22,1,42,350.106947,-182.995534
22,1,43,358.009057,-183.041296
22,1,44,365.845083,-183.073812
22,1,45,373.611796,-183.095284
22,1,46,381.305967,-183.107913
22,1,47,388.924367,-183.113901
22,1,48,396.463768,-183.115450
22,1,49,403.920939,-183.114761
22,1,50,411.296269,-183.113498
22,1,51,418.604620,-183.111172
22,1,52,425.864468,-183.106758
22,1,53,433.094294,-183.099227
22,1,54,440.312574,-183.087555
22,1,55,447.537787,-183.070713
22,1,56,454.788411,-183.047677
22,1,57,462.082926,-183.017418
22,1,58,469.439808,-182.978911
22,1,59,476.877536,-182.931130
22,1,60,484.414589,-182.873046
22,1,61,492.069444,-182.803635
22,1,62,499.855776,-182.721038
22,1,63,507.768035,-182.620074
22,1,64,515.795871,-182.494730
22,1,65,523.928929,-182.338993
22,1,66,532.156857,-182.146851
22,1,67,540.469303,-181.912290
22,1,68,548.855913,-181.629299
22,1,69,557.306335,-181.291864
22,1,70,565.810216,-180.893973
22,1,71,574.357203,-180.429612
22,1,72,582.936944,-179.892770
22,1,73,591.539086,-179.277434
22,1,74,600.150644,-178.572655
22,1,75,608.748112,-177.747748
22,1,76,617.305350,-176.767090
22,1,77,625.796220,-175.595060
22,1,78,634.194581,-174.196037
22,1,79,642.474296,-172.534398
22,1,80,650.609226,-170.574522
22,1,81,658.573230,-168.280788
22,1,82,666.340172,-165.617574
22,1,83,673.883911,-162.549258
22,1,84,681.178308,-159.040218
22,1,85,688.197225,-155.054834
22,1,86,694.922039,-150.571919
22,1,87,701.364188,-145.628030
22,1,88,707.542630,-140.274160
22,1,89,713.476319,-134.561302
22,1,90,719.184211,-128.540448
22,1,91,724.685262,-122.262590
22,1,92,729.998427,-115.778723
22,1,93,735.142662,-109.139838
22,1,94,740.136922,-102.396928
22,1,95,745.000164,-95.600986
22,1,96,749.751341,-88.803004
22,1,97,754.409412,-82.053976
22,1,98,758.994021,-75.389812
22,1,99,763.527584,-68.786096
22,1,100,768.033206,-62.203329
22,1,101,772.533992,-55.602014
22,1,102,777.053048,-48.942651
22,1,103,781.613480,-42.185744
22,1,104,786.238394,-35.291793
22,1,105,790.950894,-28.221301
22,1,106,795.774086,-20.934769
22,1,107,800.731077,-13.392700
22,1,108,805.844971,-5.555594
22,1,109,811.138875,2.616046
22,1,110,816.662716,11.128170
22,1,111,822.573715,19.852536
22,1,112,829.055916,28.627353
22,1,113,836.293362,37.290830
22,1,114,844.470096,45.681177
22,1,115,853.770162,53.636601
22,1,116,864.377602,60.995314
22,1,117,876.476461,67.595523
22,1,118,890.250782,73.275439
22,1,119,905.884608,77.873269
22,1,120,923.561982,81.227224
22,1,121,943.466949,83.175513
22,2,1,0.000000,0.000000
22,2,2,12.850459,19.083223
22,2,3,24.678507,36.724813
22,2,4,35.591288,52.983342
22,2,5,45.695942,67.917380
22,2,6,55.099612,81.585497
22,2,7,63.909439,94.046266
22,2,8,72.232564,105.358255
22,2,9,80.176131,115.580036
22,2,10,87.847279,124.770180
22,2,11,95.353151,132.987256
22,2,12,102.800889,140.289837
22,2,13,110.297633,146.736493
22,2,14,117.930447,152.385940
22,2,15,125.706068,157.297480
22,2,16,133.611155,161.530564
22,2,17,141.632366,165.144639
22,2,18,149.756361,168.199153
22,2,19,157.969797,170.753556
22,2,20,166.259334,172.867297
22,2,21,174.611629,174.599823
22,2,22,183.013341,176.010584
22,2,23,191.451128,177.159029
22,2,24,199.911650,178.104605
22,2,25,208.381565,178.906761
22,2,26,216.848560,179.615925
22,2,27,225.304435,180.246431
22,2,28,233.742023,180.803594
22,2,29,242.154151,181.292726
22,2,30,250.533652,181.719141
22,2,31,258.873354,182.088154
22,2,32,267.166087,182.405076
22,2,33,275.404683,182.675223
22,2,34,283.581970,182.903906
22,2,35,291.690779,183.096441
22,2,36,299.723941,183.258140
22,2,37,307.674284,183.394317
22,2,38,315.539334,183.509676
22,2,39,323.335387,183.606487
22,2,40,331.083435,183.686409
22,2,41,338.804470,183.751104
22,2,42,346.519483,183.802230
22,2,43,354.249466,183.841448
22,2,44,362.015410,183.870418
22,2,45,369.838307,183.890801
22,2,46,377.739148,183.904256
22,2,47,385.738925,183.912443
22,2,48,393.858629,183.917023
22,2,49,402.119252,183.919656
22,2,50,410.534982,183.921722
22,2,51,419.092795,183.923481
22,2,52,427.772866,183.924915
22,2,53,436.555367,183.926003
22,2,54,445.420472,183.926727
22,2,55,454.348354,183.927068
22,2,56,463.319186,183.927005
22,2,57,472.313143,183.926519
22,2,58,481.310397,183.925592
22,2,59,490.291121,183.924204
22,2,60,499.235490,183.922335
22,2,61,508.123676,183.919966
22,2,62,516.938314,183.916234
22,2,63,525.671879,183.906899
22,2,64,534.319308,183.886879
22,2,65,542.875538,183.851088
22,2,66,551.335504,183.794445
22,2,67,559.694144,183.711864
22,2,68,567.946393,183.598264
22,2,69,576.087189,183.448560
22,2,70,584.111467,183.257669
22,2,71,592.014165,183.020507
22,2,72,599.790219,182.731991
22,2,73,607.434565,182.387037
22,2,74,614.946659,181.982118
22,2,75,622.344035,181.519927
22,2,76,629.648747,181.004714
22,2,77,636.882849,180.440728
22,2,78,644.068394,179.832218
22,2,79,651.227435,179.183434
22,2,80,658.382027,178.498626
22,2,81,665.554223,177.782042
22,2,82,672.766075,177.037933
22,2,83,680.039639,176.270546
22,2,84,687.396968,175.484133
22,2,85,694.860115,174.682942
22,2,86,702.442779,173.865021
22,2,87,710.125245,173.003611
22,2,88,717.879441,172.065750
22,2,89,725.677297,171.018477
22,2,90,733.490743,169.828830
22,2,91,741.291708,168.463850
22,2,92,749.052122,166.890573
22,2,93,756.743913,165.076040
22,2,94,764.339012,162.987289
22,2,95,771.809348,160.591359
22,2,96,779.126850,157.855288
22,2,97,786.263447,154.746115
22,2,98,793.206398,151.248367
22,2,99,800.004272,147.416519
22,2,100,806.720968,143.322535
22,2,101,813.420384,139.038378
22,2,102,820.166417,134.636011
22,2,103,827.022966,130.187398
22,2,104,834.053930,125.764503
22,2,105,841.323206,121.439288
22,2,106,848.894692,117.283716
22,2,107,856.832287,113.369752
22,2,108,865.199890,109.769359
22,2,109,874.061397,106.554499
22,2,110,883.485231,103.775354
22,2,111,893.557909,101.394975
22,2,112,904.370471,99.354632
22,2,113,916.013957,97.595594
22,2,114,928.579409,96.059129
22,2,115,942.157867,94.686507
22,2,116,956.840371,93.418996
22,2,117,972.717961,92.197867
22,2,118,989.881679,90.964387
22,2,119,1008.422564,89.659827
22,2,120,1028.431658,88.225455
22,2,121,1050.000000,86.602540
23,1,1,0.000000,0.000000
23,1,2,12.271160,-19.359913
23,1,3,23.666287,-37.240582
23,1,4,34.277530,-53.701649
23,1,5,44.197041,-68.802758
23,1,6,53.516967,-82.603549
23,1,7,62.329459,-95.163666
23,1,8,70.726666,-106.542751
23,1,9,78.800738,-116.800446
23,1,10,86.643824,-125.996394
23,1,11,94.348074,-134.190237
23,1,12,102.005638,-141.441618
23,1,13,109.708665,-147.810179
23,1,14,117.531937,-153.356265
23,1,15,125.480766,-158.143037
23,1,16,133.543096,-162.234359
23,1,17,141.706872,-165.694093
23,1,18,149.960036,-168.586104
23,1,19,158.290535,-170.974254
23,1,20,166.686312,-172.922408
23,1,21,175.135311,-174.494429
23,1,22,183.625476,-175.754180
23,1,23,192.144752,-176.765525
23,1,24,200.681083,-177.592327
23,1,25,209.222413,-178.298450
23,1,26,217.758138,-178.937524
23,1,27,226.283464,-179.522244
23,1,28,234.795050,-180.055072
23,1,29,243.289553,-180.538469
23,1,30,251.763630,-180.974898
23,1,31,260.213941,-181.366820
23,1,32,268.637143,-181.716696
23,1,33,277.029893,-182.026990
23,1,34,285.388851,-182.300162
23,1,35,293.710673,-182.538674
23,1,36,301.992018,-182.744988
23,1,37,310.229543,-182.921566
23,1,38,318.419820,-183.070836
23,1,39,326.559071,-183.195098
23,1,40,334.643431,-183.296616
23,1,41,342.669035,-183.377656
23,1,42,350.632018,-183.440484
23,1,43,358.528516,-183.487366
23,1,44,366.354664,-183.520567
23,1,45,374.106597,-183.542352
23,1,46,381.780450,-183.554988
23,1,47,389.372358,-183.560739
23,1,48,396.878457,-183.561872
23,1,49,404.294882,-183.560652
23,1,50,411.621729,-183.558794
23,1,51,418.874942,-183.555813
23,1,52,426.074426,-183.550672
23,1,53,433.240086,-183.542337
23,1,54,440.391826,-183.529771
23,1,55,447.549552,-183.511937
23,1,56,454.733168,-183.487802
23,1,57,461.962580,-183.456327
23,1,58,469.257692,-183.416478
23,1,59,476.638410,-183.367219
23,1,60,484.124637,-183.307514
23,1,61,491.736280,-183.236326
23,1,62,499.488084,-183.151739
23,1,63,507.374162,-183.048303
23,1,64,515.383467,-182.919689
23,1,65,523.504951,-182.759567
23,1,66,531.727570,-182.561607
23,1,67,540.040276,-182.319479
23,1,68,548.432023,-182.026853
23,1,69,556.891763,-181.677398
23,1,70,565.408452,-181.264786
23,1,71,573.971041,-180.782685
23,1,72,582.568484,-180.224765
23,1,73,591.189736,-179.584698
23,1,74,599.821231,-178.851364
23,1,75,608.439334,-177.994497
23,1,76,617.017890,-176.979040
23,1,77,625.530748,-175.769939
23,1,78,633.951753,-174.332138
23,1,79,642.254752,-172.630582
23,1,80,650.413590,-170.630215
23,1,81,658.402116,-168.295982
23,1,82,666.194175,-165.592828
23,1,83,673.763613,-162.485696
23,1,84,681.084277,-158.939533
23,1,85,688.130014,-154.919282
23,1,86,694.882148,-150.404275
23,1,87,701.351911,-145.431398
23,1,88,707.558015,-140.051922
23,1,89,713.519169,-134.317120
23,1,90,719.254086,-128.278262
23,1,91,724.781475,-121.986623
23,1,92,730.120047,-115.493473
23,1,93,735.288513,-108.850084
23,1,94,740.305583,-102.107730
23,1,95,745.189968,-95.317681
23,1,96,749.960379,-88.531211
23,1,97,754.635527,-81.799590
23,1,98,759.234905,-75.158828
23,1,99,763.781147,-68.583873
23,1,100,768.297668,-62.034411
23,1,101,772.807884,-55.470126
23,1,102,777.335210,-48.850706
23,1,103,781.903064,-42.135834
23,1,104,786.534860,-35.285196
23,1,105,791.254014,-28.258477
23,1,106,796.083944,-21.015362
23,1,107,801.048064,-13.515538
23,1,108,806.169790,-5.718689
23,1,109,811.472539,2.415500
23,1,110,817.006035,10.893821
23,1,111,822.925234,19.588974
23,1,112,829.411402,28.340137
23,1,113,836.645803,36.986488
23,1,114,844.809703,45.367206
23,1,115,854.084366,53.321469
23,1,116,864.651059,60.688454
23,1,117,876.691045,67.307340
23,1,118,890.385589,73.017304
23,1,119,905.915958,77.657525
23,1,120,923.463416,81.067180
23,1,121,943.209227,83.085449
23,2,1,0.000000,0.000000
23,2,2,12.920837,18.983225
23,2,3,24.810119,36.541840
23,2,4,35.775727,52.733339
23,2,5,45.925543,67.615217
23,2,6,55.367450,81.244967
23,2,7,64.209327,93.680084
23,2,8,72.559057,104.978062
23,2,9,80.524522,115.196395
23,2,10,88.213604,124.392578
23,2,11,95.734182,132.624103
23,2,12,103.194141,139.948466
23,2,13,110.701360,146.423161
23,2,14,118.343538,152.105878
23,2,15,126.127637,157.055092
23,2,16,134.040436,161.329475
23,2,17,142.068713,164.987698
23,2,18,150.199247,168.088432
23,2,19,158.418817,170.690348
23,2,20,166.714201,172.852119
23,2,21,175.072177,174.632414
23,2,22,183.479524,176.089907
23,2,23,191.923021,177.283267
23,2,24,200.389447,178.271167
23,2,25,208.865579,179.112277
23,2,26,217.339183,179.856420
23,2,27,225.801972,180.518022
23,2,28,234.246644,181.102661
23,2,29,242.665898,181.615912
23,2,30,251.052433,182.063353
23,2,31,259.398949,182.450562
23,2,32,267.698143,182.783114
23,2,33,275.942715,183.066588
23,2,34,284.125364,183.306559
23,2,35,292.238789,183.508606
23,2,36,300.275688,183.678305
23,2,37,308.228761,183.821232
23,2,38,316.095422,183.942327
23,2,39,323.891953,184.043968
23,2,40,331.639349,184.127896
23,2,41,339.358608,184.195853
23,2,42,347.070727,184.249578
23,2,43,354.796701,184.290813
23,2,44,362.557527,184.321297
23,2,45,370.374203,184.342773
23,2,46,378.267725,184.356979
23,2,47,386.259089,184.365658
23,2,48,394.369293,184.370550
23,2,49,402.619333,184.373394
23,2,50,411.023451,184.375638
23,2,51,419.568869,184.377545
23,2,52,428.236054,184.379084
23,2,53,437.005475,184.380226
23,2,54,445.857598,184.380939
23,2,55,454.772891,184.381193
23,2,56,463.731822,184.380957
23,2,57,472.714858,184.380200
23,2,58,481.702467,184.378892
23,2,59,490.675116,184.377003
23,2,60,499.613272,184.374501
23,2,61,508.497404,184.371356
23,2,62,517.310267,184.366670
23,2,63,526.043774,184.356083
23,2,64,534.692129,184.334365
23,2,65,543.249533,184.296289
23,2,66,551.710188,184.236626
23,2,67,560.068297,184.150147
23,2,68,568.318062,184.031625
23,2,69,576.453684,183.875831
23,2,70,584.469367,183.677536
23,2,71,592.359312,183.431514
23,2,72,600.117722,183.132534
23,2,73,607.738799,182.775369
23,2,74,615.221541,182.356369
23,2,75,622.584133,181.878196
23,2,76,629.849555,181.345091
23,2,77,637.040788,180.761295
23,2,78,644.180812,180.131048
23,2,79,651.292608,179.458591
23,2,80,658.399156,178.748164
23,2,81,665.523438,178.004009
23,2,82,672.688434,177.230366
23,2,83,679.917123,176.431476
23,2,84,687.232488,175.611580
23,2,85,694.657508,174.774917
23,2,86,702.206681,173.919702
23,2,87,709.860571,173.020035
23,2,88,717.591258,172.043990
23,2,89,725.370824,170.959642
23,2,90,733.171349,169.735063
23,2,91,740.964914,168.338328
23,2,92,748.723600,166.737510
23,2,93,756.419488,164.900683
23,2,94,764.024659,162.795921
23,2,95,771.511193,160.391297
23,2,96,778.851171,157.654886
23,2,97,786.016675,154.554760
23,2,98,792.994913,151.076064
23,2,99,799.833608,147.272221
23,2,100,806.595611,143.213721
23,2,101,813.343773,138.971059
23,2,102,820.140945,134.614725
23,2,103,827.049978,130.215213
23,2,104,834.133724,125.843015
23,2,105,841.455034,121.568622
23,2,106,849.076757,117.462528
23,2,107,857.061747,113.595225
23,2,108,865.472852,110.037206
23,2,109,874.372926,106.858961
23,2,110,883.829337,104.109341
23,2,111,893.927533,101.750624
23,2,112,904.757477,99.723442
23,2,113,916.409137,97.968430
23,2,114,928.972477,96.426222
23,2,115,942.537463,95.037452
23,2,116,957.194060,93.742754
23,2,117,973.032234,92.482763
23,2,118,990.141949,91.198112
23,2,119,1008.613171,89.829435
23,2,120,1028.535867,88.317366
23,2,121,1050.000000,86.602540
24,1,1,0.000000,0.000000
24,1,2,12.270823,-19.300442
24,1,3,23.671445,-37.133230
24,1,4,34.293305,-53.557213
24,1,5,44.227839,-68.631241
24,1,6,53.566486,-82.414166
24,1,7,62.400684,-94.964838
24,1,8,70.821870,-106.342106
24,1,9,78.921484,-116.604822
24,1,10,86.790962,-125.811836
24,1,11,94.521743,-134.021998
24,1,12,102.205264,-141.294159
24,1,13,109.932964,-147.687168
24,1,14,117.779056,-153.260635
24,1,15,125.748859,-158.077194
24,1,16,133.830465,-162.200241
24,1,17,142.011969,-165.693170
24,1,18,150.281463,-168.619373
24,1,19,158.627043,-171.042247
24,1,20,167.036800,-173.025184
24,1,21,175.498830,-174.631578
24,1,22,184.001225,-175.924825
24,1,23,192.532079,-176.968316
24,1,24,201.079486,-177.825448
24,1,25,209.631539,-178.559613
24,1,26,218.177757,-179.224076
24,1,27,226.713352,-179.831584
24,1,28,235.234962,-180.384754
24,1,29,243.739226,-180.886203
24,1,30,252.222780,-181.338547
24,1,31,260.682262,-181.744405
24,1,32,269.114310,-182.106393
24,1,33,277.515562,-182.427127
24,1,34,285.882655,-182.709226
24,1,35,294.212227,-182.955306
24,1,36,302.500915,-183.167984
24,1,37,310.745358,-183.349877
24,1,38,318.942001,-183.503556
24,1,39,327.086528,-183.631406
24,1,40,335.174428,-183.735766
24,1,41,343.201193,-183.818974
24,1,42,351.162314,-183.883369
24,1,43,359.053282,-183.931290
24,1,44,366.869589,-183.965075
24,1,45,374.606725,-183.987063
24,1,46,382.260181,-183.999593
24,1,47,389.825448,-184.005003
24,1,48,397.298018,-184.005633
24,1,49,404.673382,-184.003820
24,1,50,411.951340,-184.001338
24,1,51,419.148931,-183.997700
24,1,52,426.287505,-183.991854
24,1,53,433.388409,-183.982746
24,1,54,440.472992,-183.969324
24,1,55,447.562604,-183.950535
24,1,56,454.678593,-183.925328
24,1,57,461.842307,-183.892649
24,1,58,469.075096,-183.851445
24,1,59,476.398308,-183.800665
24,1,60,483.833292,-183.739255
24,1,61,491.401396,-183.666164
24,1,62,499.118453,-183.579407
24,1,63,506.978228,-183.473278
24,1,64,514.968968,-183.341140
24,1,65,523.078924,-183.176355
24,1,66,531.296342,-182.972287
24,1,67,539.609472,-182.722298
24,1,68,548.006563,-182.419751
24,1,69,556.475861,-182.058008
24,1,70,565.005617,-181.630433
24,1,71,573.584078,-181.130388
24,1,72,582.199494,-180.551236
24,1,73,590.840111,-179.886339
24,1,74,599.491776,-179.124417
24,1,75,608.130720,-178.235613
24,1,76,616.730768,-177.185427
24,1,77,625.265749,-175.939358
24,1,78,633.709490,-174.462907
24,1,79,642.035819,-172.721572
24,1,80,650.218562,-170.680854
24,1,81,658.231546,-168.306253
24,1,82,666.048600,-165.563268
24,1,83,673.643549,-162.417398
24,1,84,680.990222,-158.834144
24,1,85,688.062446,-154.779006
24,1,86,694.841491,-150.231827
24,1,87,701.338401,-145.229831
24,1,88,707.571662,-139.824584
24,1,89,713.559760,-134.067655
24,1,90,719.321182,-128.010611
24,1,91,724.874416,-121.705018
24,1,92,730.237946,-115.202445
24,1,93,735.430260,-108.554459
24,1,94,740.469845,-101.812627
24,1,95,745.375186,-95.028517
24,1,96,750.164771,-88.253696
24,1,97,754.857086,-81.539732
24,1,98,759.471486,-74.922739
24,1,99,764.030806,-68.377022
24,1,100,768.558747,-61.861434
24,1,101,773.079012,-55.334827
24,1,102,777.615304,-48.756055
24,1,103,782.191325,-42.083968
24,1,104,786.830778,-35.277420
24,1,105,791.557365,-28.295264
24,1,106,796.394788,-21.096351
24,1,107,801.366751,-13.639534
24,1,108,806.496956,-5.883667
24,1,109,811.809105,2.212400
24,1,110,817.352698,10.656313
24,1,111,823.280425,19.321714
24,1,112,829.770773,28.048747
24,1,113,837.002228,36.677554
24,1,114,845.153276,45.048277
24,1,115,854.402406,53.001059
24,1,116,864.928103,60.376043
24,1,117,876.908854,67.013371
24,1,118,890.523147,72.753186
24,1,119,905.949468,77.435629
24,1,120,923.366303,80.900845
24,1,121,942.952140,82.988974
24,2,1,0.000000,0.000000
24,2,2,12.988287,18.884727
24,2,3,24.936566,36.361556
24,2,4,35.953386,52.486933
24,2,5,46.147296,67.317303
24,2,6,55.626845,80.909113
24,2,7,64.500583,93.318807
24,2,8,72.877057,104.602831
24,2,9,80.864817,114.817630
24,2,10,88.572413,124.019651
24,2,11,96.108392,132.265339
24,2,12,103.581304,139.611139
24,2,13,111.099698,146.113497
24,2,14,118.751850,151.829100
24,2,15,126.544944,156.815602
24,2,16,134.465893,161.130897
24,2,17,142.501608,164.832883
24,2,18,150.639001,167.979453
24,2,19,158.864983,170.628503
24,2,20,167.166466,172.837929
24,2,21,175.530362,174.665625
24,2,22,183.943583,176.169488
24,2,23,192.393041,177.407413
24,2,24,200.865646,178.437294
24,2,25,209.348312,179.317028
24,2,26,217.828892,180.095833
24,2,27,226.299010,180.788228
24,2,28,234.751234,181.400053
24,2,29,243.178130,181.937149
24,2,30,251.572266,182.405359
24,2,31,259.926209,182.810522
24,2,32,268.232525,183.158481
24,2,33,276.483782,183.455078
24,2,34,284.672546,183.706152
24,2,35,292.791385,183.917546
24,2,36,300.832865,184.095101
24,2,37,308.789554,184.244658
24,2,38,316.658751,184.371389
24,2,39,324.456691,184.477782
24,2,40,332.204339,184.565657
24,2,41,339.922662,184.636834
24,2,42,347.632627,184.693130
24,2,43,355.355200,184.736367
24,2,44,363.111348,184.768362
24,2,45,370.922037,184.790936
24,2,46,378.808233,184.805906
24,2,47,386.790904,184.815093
24,2,48,394.891015,184.820316
24,2,49,403.129533,184.823393
24,2,50,411.520736,184.825834
24,2,51,420.052139,184.827906
24,2,52,428.704569,184.829563
24,2,53,437.458854,184.830763
24,2,54,446.295820,184.831461
24,2,55,455.196294,184.831614
24,2,56,464.141102,184.831178
24,2,57,473.111072,184.830108
24,2,58,482.087031,184.828362
24,2,59,491.049805,184.825894
24,2,60,499.980221,184.822661
24,2,61,508.859106,184.818619
24,2,62,517.669389,184.812841
24,2,63,526.402408,184.800860
24,2,64,535.051603,184.777327
24,2,65,543.610415,184.736893
24,2,66,552.072283,184.674208
24,2,67,560.430649,184.583923
24,2,68,568.678951,184.460688
24,2,69,576.810631,184.299153
24,2,70,584.819128,184.093969
24,2,71,592.697883,183.839787
24,2,72,600.440337,183.531256
24,2,73,608.039928,183.163028
24,2,74,615.495171,182.731341
24,2,75,622.824872,182.238785
24,2,76,630.052910,181.689539
24,2,77,637.203164,181.087781
24,2,78,644.299515,180.437691
24,2,79,651.365840,179.743446
24,2,80,658.426021,179.009225
24,2,81,665.503936,178.239206
24,2,82,672.623464,177.437569
24,2,83,679.808484,176.608491
24,2,84,687.082877,175.756152
24,2,85,694.470522,174.884729
24,2,86,701.986693,173.992563
24,2,87,709.612248,173.054640
24,2,88,717.319440,172.040108
24,2,89,725.080522,170.918115
24,2,90,732.867746,169.657809
24,2,91,740.653365,168.228338
24,2,92,748.409633,166.598850
24,2,93,756.108803,164.738493
24,2,94,763.723126,162.616414
24,2,95,771.224857,160.201762
24,2,96,778.586247,157.463685
24,2,97,785.779551,154.371329
24,2,98,792.791947,150.910489
24,2,99,799.670322,147.133531
24,2,100,806.476491,143.109470
24,2,101,813.272266,138.907316
24,2,102,820.119460,134.596084
24,2,103,827.079889,130.244786
24,2,104,834.215365,125.922435
24,2,105,841.587701,121.698043
24,2,106,849.258711,117.640622
24,2,107,857.290210,113.819187
24,2,108,865.744009,110.302749
24,2,109,874.681924,107.160321
24,2,110,884.170282,104.439422
24,2,111,894.293472,102.101592
24,2,112,905.140399,100.086880
24,2,113,916.799965,98.335333
24,2,114,929.361075,96.786997
24,2,115,942.912633,95.381920
24,2,116,957.543543,94.060150
24,2,117,973.342708,92.761732
24,2,118,990.399033,91.426715
24,2,119,1008.801420,89.995146
24,2,120,1028.638775,88.407072
24,2,121,1050.000000,86.602540
25,1,1,0.000000,0.000000
25,1,2,12.273085,-19.239459
25,1,3,23.681253,-37.023156
25,1,4,34.315285,-53.409116
25,1,5,44.265960,-68.455366
25,1,6,53.624056,-82.219931
25,1,7,62.480352,-94.760837
25,1,8,70.925627,-106.136109
25,1,9,79.050661,-116.403774
25,1,10,86.946233,-125.621857
25,1,11,94.703121,-133.848383
25,1,12,102.412104,-141.141379
25,1,13,110.163963,-147.558870
25,1,14,118.032385,-153.159701
25,1,15,126.022705,-158.005988
25,1,16,134.123166,-162.160666
25,1,17,142.322010,-165.686673
25,1,18,150.607483,-168.646943
25,1,19,158.967827,-171.104412
25,1,20,167.391285,-173.122015
25,1,21,175.866102,-174.762688
25,1,22,184.380520,-176.089367
25,1,23,192.922784,-177.164987
25,1,24,201.481137,-178.052484
25,1,25,210.043823,-178.814793
25,1,26,218.600479,-179.504821
25,1,27,227.146325,-180.135358
25,1,28,235.677976,-180.709162
25,1,29,244.192045,-181.228995
25,1,30,252.685147,-181.697616
25,1,31,261.153896,-182.117785
25,1,32,269.594906,-182.492264
25,1,33,278.004792,-182.823811
25,1,34,286.380167,-183.115187
25,1,35,294.717646,-183.369152
25,1,36,303.013843,-183.588467
25,1,37,311.265372,-183.775890
25,1,38,319.468551,-183.934127
25,1,39,327.618517,-184.065653
25,1,40,335.710108,-184.172888
25,1,41,343.738164,-184.258254
25,1,42,351.697524,-184.324170
25,1,43,359.583028,-184.373056
25,1,44,367.389515,-184.407332
25,1,45,375.111826,-184.429419
25,1,46,382.744798,-184.441737
25,1,47,390.283273,-184.446706
25,1,48,397.722088,-184.446747
25,1,49,405.056085,-184.444278
25,1,50,412.284763,-184.441139
25,1,51,419.426270,-184.436835
25,1,52,426.503415,-184.430292
25,1,53,433.539006,-184.420432
25,1,54,440.555853,-184.406180
25,1,55,447.576763,-184.386461
25,1,56,454.624546,-184.360198
25,1,57,461.722009,-184.326315
25,1,58,468.891963,-184.283738
25,1,59,476.157215,-184.231389
25,1,60,483.540575,-184.168193
25,1,61,491.064850,-184.093074
25,1,62,498.746971,-184.003979
25,1,63,506.580350,-183.894951
25,1,64,514.552518,-183.759054
25,1,65,522.651009,-183.589353
25,1,66,530.863355,-183.378913
25,1,67,539.177089,-183.120798
25,1,68,547.579743,-182.808074
25,1,69,556.058851,-182.433805
25,1,70,564.601945,-181.991057
25,1,71,573.196557,-181.472894
25,1,72,581.830220,-180.872381
25,1,73,590.490467,-180.182583
25,1,74,599.162542,-179.392061
25,1,75,607.822537,-178.471364
25,1,76,616.444256,-177.386535
25,1,77,625.001502,-176.103619
25,1,78,633.468078,-174.588660
25,1,79,641.817789,-172.807703
25,1,80,650.024437,-170.726791
25,1,81,658.061827,-168.311969
25,1,82,665.903761,-165.529281
25,1,83,673.524044,-162.344771
25,1,84,680.896478,-158.724485
25,1,85,687.994869,-154.634465
25,1,86,694.800431,-150.055062
25,1,87,701.324034,-145.023847
25,1,88,707.583961,-139.592698
25,1,89,713.598493,-133.813491
25,1,90,719.385912,-127.738103
25,1,91,724.964501,-121.418412
25,1,92,730.352541,-114.906294
25,1,93,735.568315,-108.253626
25,1,94,740.630105,-101.512286
25,1,95,745.556193,-94.734150
25,1,96,750.364861,-87.971096
25,1,97,755.074391,-81.274999
25,1,98,759.704013,-74.682093
25,1,99,764.276746,-68.166029
25,1,100,768.816559,-61.684811
25,1,101,773.347419,-55.196445
25,1,102,777.893292,-48.658939
25,1,103,782.478148,-42.030296
25,1,104,787.125953,-35.268524
25,1,105,791.860674,-28.331627
25,1,106,796.706280,-21.177611
25,1,107,801.686738,-13.764484
25,1,108,806.826015,-6.050249
25,1,109,812.148079,2.007087
25,1,110,817.702188,10.416037
25,1,111,823.638760,19.051186
25,1,112,830.133506,27.753639
25,1,113,837.362133,36.364499
25,1,114,845.500352,44.724871
25,1,115,854.723871,52.675858
25,1,116,865.208400,60.058565
25,1,117,877.129648,66.714096
25,1,118,890.663325,72.483554
25,1,119,905.985139,77.208045
25,1,120,923.270800,80.728671
25,1,121,942.696017,82.886538
25,2,1,0.000000,0.000000
25,2,2,13.052904,18.787680
25,2,3,25.058013,36.183876
25,2,4,36.124475,52.244010
25,2,5,46.361437,67.023506
25,2,6,55.878044,80.577787
25,2,7,64.783445,92.962277
25,2,8,73.186786,104.232400
25,2,9,81.197214,114.443577
25,2,10,88.923875,123.651234
25,2,11,96.475917,131.910793
25,2,12,103.962486,139.277677
25,2,13,111.492729,145.807311
25,2,14,119.155444,151.555400
25,2,15,126.958038,156.578784
25,2,16,134.887567,160.934584
25,2,17,142.931088,164.679921
25,2,18,151.075659,167.871918
25,2,19,159.308337,170.567696
25,2,20,167.616179,172.824378
25,2,21,175.986243,174.699084
25,2,22,184.405585,176.248936
25,2,23,192.861263,177.531057
25,2,24,201.340334,178.602568
25,2,25,209.829855,179.520591
25,2,26,218.317779,180.333744
25,2,27,226.795644,181.056637
25,2,28,235.255883,181.695374
25,2,29,243.690928,182.256062
25,2,30,252.093213,182.744806
25,2,31,260.455172,183.167711
25,2,32,268.769237,183.530883
25,2,33,277.027841,183.840428
25,2,34,285.223417,184.102451
25,2,35,293.348399,184.323058
25,2,36,301.395220,184.508354
25,2,37,309.356313,184.664446
25,2,38,317.228856,184.796737
25,2,39,325.029009,184.907824
25,2,40,332.777676,184.999604
25,2,41,340.495763,185.073972
25,2,42,348.204173,185.132825
25,2,43,355.923811,185.178059
25,2,44,363.675582,185.211570
25,2,45,371.480391,185.235253
25,2,46,379.359142,185.251006
25,2,47,387.332741,185.260723
25,2,48,395.422091,185.266300
25,2,49,403.648097,185.269635
25,2,50,412.025055,185.272296
25,2,51,420.540823,185.274551
25,2,52,429.176649,185.276341
25,2,53,437.913782,185.277606
25,2,54,446.733470,185.278287
25,2,55,455.616962,185.278326
25,2,56,464.545508,185.277663
25,2,57,473.500354,185.276239
25,2,58,482.462751,185.273994
25,2,59,491.413946,185.270870
25,2,60,500.335189,185.266808
25,2,61,509.207727,185.261749
25,2,62,518.014710,185.254734
25,2,63,526.746889,185.241215
25,2,64,535.396915,185.215741
25,2,65,543.957439,185.172865
25,2,66,552.421111,185.107137
25,2,67,560.780584,185.013110
25,2,68,569.028509,184.885334
25,2,69,577.157536,184.718361
25,2,70,585.160316,184.506742
25,2,71,593.029501,184.245028
25,2,72,600.757743,183.927772
25,2,73,608.337691,183.549523
25,2,74,615.767347,183.106420
25,2,75,623.066111,182.600944
25,2,76,630.258731,182.037164
25,2,77,637.369958,181.419146
25,2,78,644.424539,180.750958
25,2,79,651.447225,180.036668
25,2,80,658.462764,179.280344
25,2,81,665.495907,178.486054
25,2,82,672.571402,177.657865
25,2,83,679.713997,176.799844
25,2,84,686.948444,175.916061
25,2,85,694.299490,175.010581
25,2,86,701.783169,174.081839
25,2,87,709.380643,173.105725
25,2,88,717.064358,172.052495
25,2,89,724.806762,170.892407
25,2,90,732.580300,169.595715
25,2,91,740.357419,168.132677
25,2,92,748.110565,166.473548
25,2,93,755.812185,164.588585
25,2,94,763.434724,162.448045
25,2,95,770.950630,160.022182
25,2,96,778.332348,157.281255
25,2,97,785.552325,154.195518
25,2,98,792.597731,150.751440
25,2,99,799.514628,147.000335
25,2,100,806.363801,143.009731
25,2,101,813.206036,138.847152
25,2,102,820.102119,134.580127
25,2,103,827.112836,130.276180
25,2,104,834.298971,126.002838
25,2,105,841.721312,121.827628
25,2,106,849.440643,117.818076
25,2,107,857.517750,114.041708
25,2,108,866.013419,110.566052
25,2,109,874.988435,107.458632
25,2,110,884.508096,104.765639
25,2,111,894.655746,102.447919
25,2,112,905.519241,100.444978
25,2,113,917.186438,98.696327
25,2,114,929.745192,97.141473
25,2,115,943.283360,95.719926
25,2,116,957.888798,94.371192
25,2,117,973.649362,93.034782
25,2,118,990.652908,91.650203
25,2,119,1008.987292,90.156964
25,2,120,1028.740371,88.494574
25,2,121,1050.000000,86.602540
26,1,1,0.000000,0.000000
26,1,2,12.277769,-19.177151
26,1,3,23.695389,-36.910705
26,1,4,34.343031,-53.257832
26,1,5,44.310864,-68.275703
26,1,6,53.689061,-82.021491
26,1,7,62.567790,-94.552367
26,1,8,71.037223,-105.925502
26,1,9,79.187531,-116.198066
26,1,10,87.108883,-125.427233
26,1,11,94.891451,-133.670172
26,1,12,102.625405,-140.984056
26,1,13,110.400916,-147.426055
26,1,14,118.291191,-153.054228
26,1,15,126.301588,-157.930175
26,1,16,134.420499,-162.116385
26,1,17,142.636317,-165.675345
26,1,18,150.937438,-168.669543
26,1,19,159.312254,-171.161467
26,1,20,167.749158,-173.213605
26,1,21,176.236545,-174.888445
26,1,22,184.762807,-176.248473
26,1,23,193.316340,-177.356179
26,1,24,201.885535,-178.274049
26,1,25,210.458787,-179.064572
26,1,26,219.025855,-179.780303
26,1,27,227.581960,-180.434066
26,1,28,236.123691,-181.028753
26,1,29,244.647633,-181.567256
26,1,30,253.150375,-182.052467
26,1,31,261.628504,-182.487278
26,1,32,270.078607,-182.874581
26,1,33,278.497272,-183.217267
26,1,34,286.881086,-183.518229
26,1,35,295.226635,-183.780359
26,1,36,303.530509,-184.006548
26,1,37,311.789293,-184.199689
26,1,38,319.999174,-184.362609
26,1,39,328.154735,-184.497882
26,1,40,336.250157,-184.608016
26,1,41,344.279621,-184.695522
26,1,42,352.237310,-184.762909
26,1,43,360.117403,-184.812685
26,1,44,367.914084,-184.847361
26,1,45,375.621532,-184.869445
26,1,46,383.233930,-184.881447
26,1,47,390.745459,-184.885876
26,1,48,398.150301,-184.885242
26,1,49,405.442636,-184.882054
26,1,50,412.621664,-184.878218
26,1,51,419.706651,-184.873233
26,1,52,426.721881,-184.865993
26,1,53,433.691639,-184.855393
26,1,54,440.640207,-184.840329
26,1,55,447.591871,-184.819696
26,1,56,454.570914,-184.792388
26,1,57,461.601620,-184.757302
26,1,58,468.708272,-184.713331
26,1,59,475.915156,-184.659371
26,1,60,483.246555,-184.594317
26,1,61,490.726753,-184.517064
26,1,62,498.373786,-184.425488
26,1,63,506.180706,-184.313382
26,1,64,514.134315,-184.173520
26,1,65,522.221415,-183.998678
26,1,66,530.428810,-183.781629
26,1,67,538.743303,-183.515148
26,1,68,547.151697,-183.192009
26,1,69,555.640794,-182.804985
26,1,70,564.197399,-182.346853
26,1,71,572.808313,-181.810384
26,1,72,581.460340,-181.188355
26,1,73,590.140283,-180.473539
26,1,74,598.832776,-179.654346
26,1,75,607.513782,-178.701729
26,1,76,616.157095,-177.582279
26,1,77,624.736510,-176.262585
26,1,78,633.225819,-174.709235
26,1,79,641.598819,-172.888819
26,1,80,649.829302,-170.767927
26,1,81,657.891062,-168.313148
26,1,82,665.757895,-165.491071
26,1,83,673.403594,-162.268285
26,1,84,680.801953,-158.611381
26,1,85,687.926767,-154.486947
26,1,86,694.759205,-149.875836
26,1,87,701.309946,-144.815957
26,1,88,707.597041,-139.359481
26,1,89,713.638543,-133.558581
26,1,90,719.452507,-127.465428
26,1,91,725.056984,-121.132194
26,1,92,730.470028,-114.611052
26,1,93,735.709692,-107.954173
26,1,94,740.794028,-101.213729
26,1,95,745.741091,-94.441892
26,1,96,750.568932,-87.690833
26,1,97,755.295606,-81.012726
26,1,98,759.940200,-74.443910
26,1,99,764.525945,-67.957397
26,1,100,769.077107,-61.510369
26,1,101,773.617951,-55.060006
26,1,102,778.172743,-48.563489
26,1,103,782.765750,-41.977999
26,1,104,787.421237,-35.260717
26,1,105,792.163470,-28.368823
26,1,106,797.016714,-21.259498
26,1,107,802.005236,-13.889924
26,1,108,807.153302,-6.217280
26,1,109,812.485177,1.801252
26,1,110,818.049897,10.175036
26,1,111,823.995583,18.779618
26,1,112,830.495122,27.457086
26,1,113,837.721406,36.049530
26,1,114,845.847323,44.399040
26,1,115,855.045763,52.347706
26,1,116,865.489615,59.737616
26,1,117,877.351769,66.410861
26,1,118,890.805115,72.209529
26,1,119,906.022542,76.975712
26,1,120,923.176940,80.551497
26,1,121,942.441199,82.778975
26,2,1,0.000000,0.000000
26,2,2,13.114841,18.692008
26,2,3,25.174732,36.008658
26,2,4,36.289350,52.004378
26,2,5,46.568376,66.733593
26,2,6,56.121488,80.250729
26,2,7,65.058366,92.610211
26,2,8,73.488689,103.866466
26,2,9,81.522135,114.073919
26,2,10,89.268385,123.286996
26,2,11,96.837117,131.560124
26,2,12,104.338011,138.947728
26,2,13,111.880745,145.504233
26,2,14,119.554588,151.284387
26,2,15,127.367166,156.344221
26,2,16,135.305691,160.740086
26,2,17,143.357379,164.528334
26,2,18,151.509443,167.765317
26,2,19,159.749099,170.507387
26,2,20,168.063559,172.810896
26,2,21,176.440038,174.732195
26,2,22,184.865751,176.327636
26,2,23,193.327911,177.653572
26,2,24,201.813733,178.766354
26,2,25,210.310431,179.722333
26,2,26,218.806067,180.569532
26,2,27,227.292089,181.322648
26,2,28,235.760794,181.988052
26,2,29,244.204478,182.572111
26,2,30,252.615439,183.081193
26,2,31,260.985973,183.521668
26,2,32,269.308376,183.899904
26,2,33,277.574945,184.222270
26,2,34,285.777976,184.495133
26,2,35,293.909765,184.724863
26,2,36,301.962610,184.917828
26,2,37,309.928807,185.080397
26,2,38,317.805405,185.218205
26,2,39,325.608465,185.333957
26,2,40,333.358802,185.429624
26,2,41,341.077229,185.507178
26,2,42,348.784560,185.568590
26,2,43,356.501611,185.615831
26,2,44,364.249193,185.650873
26,2,45,372.048123,185.675688
26,2,46,379.919213,185.692247
26,2,47,387.883277,185.702521
26,2,48,395.961131,185.708482
26,2,49,404.173587,185.712101
26,2,50,412.534947,185.715009
26,2,51,421.033456,185.717473
26,2,52,429.650847,185.719419
26,2,53,438.368854,185.720773
26,2,54,447.169208,185.721460
26,2,55,456.033643,185.721408
26,2,56,464.943890,185.720541
26,2,57,473.881684,185.718787
26,2,58,482.828756,185.716070
26,2,59,491.766839,185.712318
26,2,60,500.677666,185.707456
26,2,61,509.542970,185.701410
26,2,62,518.346165,185.693193
26,2,63,527.077394,185.678163
26,2,64,535.728483,185.650767
26,2,65,544.291257,185.605448
26,2,66,552.757541,185.536653
26,2,67,561.119159,185.438828
26,2,68,569.367937,185.306416
26,2,69,577.495700,185.133864
26,2,70,585.494274,184.915617
26,2,71,593.355483,184.646121
26,2,72,601.071152,184.319820
26,2,73,608.633106,183.931161
26,2,74,616.038802,183.476177
26,2,75,623.308217,182.957263
26,2,76,630.466959,182.378403
26,2,77,637.540639,181.743581
26,2,78,644.554863,181.056779
26,2,79,651.535241,180.321981
26,2,80,658.507381,179.543171
26,2,81,665.496892,178.724333
26,2,82,672.529383,177.869449
26,2,83,679.630462,176.982505
26,2,84,686.825737,176.067482
26,2,85,694.140818,175.128366
26,2,86,701.592486,174.163695
26,2,87,709.162214,173.150238
26,2,88,716.822647,172.059319
26,2,89,724.546431,170.862262
26,2,90,732.306212,169.530392
26,2,91,740.074635,168.035031
26,2,92,747.824346,166.347506
26,2,93,755.527990,164.439139
26,2,94,763.158214,162.281255
26,2,95,770.687663,159.845179
26,2,96,778.088982,157.102234
26,2,97,785.334818,154.023744
26,2,98,792.412336,150.596823
26,2,99,799.366789,146.871736
26,2,100,806.257948,142.914536
26,2,101,813.145585,138.791277
26,2,102,820.089474,134.568013
26,2,103,827.149386,130.310798
26,2,104,834.385093,126.085684
26,2,105,841.856367,121.958727
26,2,106,849.622982,117.995980
26,2,107,857.744709,114.263497
26,2,108,866.281320,110.827330
26,2,109,875.292588,107.753535
26,2,110,884.842794,105.086999
26,2,111,895.014256,102.787948
26,2,112,905.893802,100.795444
26,2,113,917.568260,99.048548
26,2,114,930.124455,97.486319
26,2,115,943.649216,96.047820
26,2,116,958.229371,94.672110
26,2,117,973.951746,93.298251
26,2,118,990.903169,91.865304
26,2,119,1009.170468,90.312329
26,2,120,1028.840469,88.578388
26,2,121,1050.000000,86.602540
27,1,1,0.000000,0.000000
27,1,2,12.284631,-19.113745
27,1,3,23.713404,-36.796290
27,1,4,34.375928,-53.103926
27,1,5,44.361812,-68.092942
27,1,6,53.760664,-81.819631
27,1,7,62.662094,-94.340282
27,1,8,71.155711,-105.711186
27,1,9,79.331122,-115.988635
27,1,10,87.277938,-125.228918
27,1,11,95.085767,-133.488326
27,1,12,102.844217,-140.823151
27,1,13,110.642898,-147.289683
27,1,14,118.554575,-152.945173
27,1,15,126.584635,-157.850710
27,1,16,134.721621,-162.068345
27,1,17,142.954078,-165.660127
27,1,18,151.270548,-168.688108
27,1,19,159.659576,-171.214337
27,1,20,168.109705,-173.300863
27,1,21,176.609477,-175.009738
27,1,22,185.147438,-176.403011
27,1,23,193.712130,-177.542732
27,1,24,202.292097,-178.490952
27,1,25,210.875883,-179.309720
27,1,26,219.453366,-180.051247
27,1,27,228.019768,-180.728386
27,1,28,236.571645,-181.344150
27,1,29,245.105554,-181.901554
27,1,30,253.618053,-182.403611
27,1,31,262.105697,-182.853333
27,1,32,270.565043,-183.253736
27,1,33,278.992649,-183.607832
27,1,34,287.385071,-183.918635
27,1,35,295.738865,-184.189159
27,1,36,304.050588,-184.422417
27,1,37,312.316798,-184.621423
27,1,38,320.533544,-184.789122
27,1,39,328.694850,-184.928188
27,1,40,336.794236,-185.041225
27,1,41,344.825217,-185.130840
27,1,42,352.781313,-185.199638
27,1,43,360.656040,-185.250223
27,1,44,368.442918,-185.285202
27,1,45,376.135463,-185.307179
27,1,46,383.727194,-185.318760
27,1,47,391.211629,-185.322550
27,1,48,398.582285,-185.321154
27,1,49,405.832680,-185.317179
27,1,50,412.961707,-185.312604
27,1,51,419.989766,-185.306915
27,1,52,426.942629,-185.298974
27,1,53,433.846070,-185.287640
27,1,54,440.725862,-185.271776
27,1,55,447.607780,-185.250243
27,1,56,454.517597,-185.221901
27,1,57,461.481086,-185.185611
27,1,58,468.524021,-185.140234
27,1,59,475.672176,-185.084633
27,1,60,482.951325,-185.017666
27,1,61,490.387241,-184.938197
27,1,62,497.999079,-184.844023
27,1,63,505.779518,-184.728697
27,1,64,513.714618,-184.584709
27,1,65,521.790438,-184.404548
27,1,66,529.993040,-184.180704
27,1,67,538.308482,-183.905669
27,1,68,546.722825,-183.571930
27,1,69,555.222130,-183.171979
27,1,70,563.792455,-182.698305
27,1,71,572.419862,-182.143399
27,1,72,581.090409,-181.499749
27,1,73,589.790158,-180.759847
27,1,74,598.503123,-179.911956
27,1,75,607.205147,-178.927437
27,1,76,615.870027,-177.773423
27,1,77,624.471560,-176.417050
27,1,78,632.983542,-174.825451
27,1,79,641.379772,-172.965761
27,1,80,649.634047,-170.805115
27,1,81,657.720163,-168.310646
27,1,82,665.611918,-165.449489
27,1,83,673.283110,-162.188779
27,1,84,680.707535,-158.495650
27,1,85,687.858990,-154.337235
27,1,86,694.718608,-149.694890
27,1,87,701.296856,-144.606849
27,1,88,707.611537,-139.125564
27,1,89,713.680453,-133.303489
27,1,90,719.521406,-127.193078
27,1,91,725.152198,-120.846784
27,1,92,730.590632,-114.317061
27,1,93,735.854510,-107.656363
27,1,94,740.961635,-100.917142
27,1,95,745.929808,-94.151853
27,1,96,750.776832,-87.412949
27,1,97,755.520509,-80.752884
27,1,98,760.179774,-74.208098
27,1,99,764.778090,-67.750982
27,1,100,769.340053,-61.337912
27,1,101,773.890257,-54.925265
27,1,102,778.453299,-48.469420
27,1,103,783.053775,-41.926753
27,1,104,787.716278,-35.253641
27,1,105,792.465406,-28.406461
27,1,106,797.325754,-21.341591
27,1,107,802.321917,-14.015408
27,1,108,807.478490,-6.384289
27,1,109,812.820070,1.595389
27,1,110,818.395490,9.933829
27,1,111,824.350545,18.507550
27,1,112,830.855265,27.159654
27,1,113,838.079683,35.733240
27,1,114,846.193831,44.071410
27,1,115,855.367742,52.017262
27,1,116,865.771446,59.413899
27,1,117,877.574978,66.104420
27,1,118,890.948367,71.931925
27,1,119,906.061647,76.739515
27,1,120,923.084850,80.370291
27,1,121,942.188008,82.667351
27,2,1,0.000000,0.000000
27,2,2,13.174287,18.597613
27,2,3,25.287052,35.835730
27,2,4,36.448447,51.767801
27,2,5,46.768622,66.447277
27,2,6,56.357728,79.927610
27,2,7,65.325914,92.262250
27,2,8,73.783332,103.504648
27,2,9,81.840131,113.708255
27,2,10,89.606464,122.926521
27,2,11,97.192479,131.212899
27,2,12,104.708328,138.620838
27,2,13,112.264162,145.203789
27,2,14,119.949668,151.015560
27,2,15,127.772691,156.111381
27,2,16,135.720613,160.546840
27,2,17,143.780814,164.377522
27,2,18,151.940678,167.659017
27,2,19,160.187586,170.446909
27,2,20,168.508920,172.796787
27,2,21,176.892062,174.764237
27,2,22,185.324393,176.404847
27,2,23,193.793295,177.774203
27,2,24,202.286151,178.927892
27,2,25,210.790342,179.921501
27,2,26,219.294046,180.802458
27,2,27,227.788623,181.585551
27,2,28,236.266231,182.277409
27,2,29,244.719025,182.884660
27,2,30,253.139162,183.413934
27,2,31,261.518799,183.871858
27,2,32,269.850092,184.265063
27,2,33,278.125197,184.600176
27,2,34,286.336272,184.883826
27,2,35,294.475473,185.122642
27,2,36,302.534956,185.323253
27,2,37,310.506877,185.492288
27,2,38,318.388151,185.635611
27,2,39,326.194717,185.756032
27,2,40,333.947272,185.855598
27,2,41,341.666514,185.936354
27,2,42,349.373138,186.000346
27,2,43,357.087842,186.049621
27,2,44,364.831323,186.086224
27,2,45,372.624278,186.112202
27,2,46,380.487403,186.129600
27,2,47,388.441396,186.140465
27,2,48,396.506953,186.146842
27,2,49,404.704771,186.150777
27,2,50,413.049145,186.153961
27,2,51,421.528754,186.156661
27,2,52,430.125877,186.158789
27,2,53,438.822790,186.160254
27,2,54,447.601771,186.160970
27,2,55,456.445097,186.160847
27,2,56,465.335047,186.159796
27,2,57,474.253897,186.157730
27,2,58,483.183925,186.154558
27,2,59,492.107409,186.150193
27,2,60,501.006625,186.144546
27,2,61,509.863852,186.137528
27,2,62,518.662814,186.128121
27,2,63,527.393026,186.111588
27,2,64,536.045451,186.082262
27,2,65,544.611052,186.034477
27,2,66,553.080791,185.962565
27,2,67,561.445631,185.860861
27,2,68,569.696534,185.723698
27,2,69,577.824464,185.545408
27,2,70,585.820382,185.320325
27,2,71,593.675251,185.042783
27,2,72,601.380034,184.707115
27,2,73,608.925693,184.307654
27,2,74,616.309108,183.840332
27,2,75,623.550818,183.307476
27,2,76,630.677280,182.713011
27,2,77,637.714951,182.060861
27,2,78,644.690288,181.354951
27,2,79,651.629746,180.599207
27,2,80,658.559784,179.797554
27,2,81,665.506856,178.953917
27,2,82,672.497420,178.072220
27,2,83,679.557933,177.156389
27,2,84,686.714850,176.210349
27,2,85,693.994630,175.238025
27,2,86,701.414793,174.238079
27,2,87,708.957126,173.188127
27,2,88,716.594480,172.060521
27,2,89,724.299707,170.827614
27,2,90,732.045659,169.461759
27,2,91,739.805187,167.935309
27,2,92,747.551143,166.220615
27,2,93,755.256378,164.290031
27,2,94,762.893745,162.115910
27,2,95,770.436093,159.670604
27,2,96,777.856276,156.926466
27,2,97,785.127145,153.855848
27,2,98,792.235872,150.446478
27,2,99,799.226909,146.747577
27,2,100,806.159029,142.823738
27,2,101,813.091007,138.739558
27,2,102,820.081615,134.559631
27,2,103,827.189627,130.348553
27,2,104,834.473815,126.170917
27,2,105,841.992953,122.091320
27,2,106,849.805814,118.174356
27,2,107,857.971171,114.484621
27,2,108,866.547798,111.086708
27,2,109,875.594467,108.045214
27,2,110,885.174460,105.403750
27,2,111,895.369085,103.121998
27,2,112,906.264162,101.138658
27,2,113,917.945506,99.392430
27,2,114,930.498936,97.822012
27,2,115,944.010269,96.366105
27,2,116,958.565322,94.963407
27,2,117,974.249913,93.552618
27,2,118,991.149859,92.072437
27,2,119,1009.350977,90.461565
27,2,120,1028.939085,88.658699
27,2,121,1050.000000,86.602540
28,1,1,0.000000,0.000000
28,1,2,12.293373,-19.049490
28,1,3,23.734757,-36.680369
28,1,4,34.413243,-52.948025
28,1,5,44.417920,-67.907846
28,1,6,53.837875,-81.615219
28,1,7,62.762199,-94.125532
28,1,8,71.279980,-105.494172
28,1,9,79.480308,-115.776526
28,1,10,87.452271,-125.027983
28,1,11,95.284958,-133.303930
28,1,12,103.067459,-140.659755
28,1,13,110.888863,-147.150844
28,1,14,118.821525,-152.833625
28,1,15,126.870872,-157.768681
28,1,16,135.025598,-162.017633
28,1,17,143.274394,-165.642103
28,1,18,151.605955,-168.703714
28,1,19,160.008974,-171.264086
28,1,20,168.472143,-173.384842
28,1,21,176.984156,-175.127603
28,1,22,185.533707,-176.553993
28,1,23,194.109488,-177.725631
28,1,24,202.700192,-178.704141
28,1,25,211.294513,-179.551144
28,1,26,219.882449,-180.318512
28,1,27,228.459217,-181.019122
28,1,28,237.021339,-181.656100
28,1,29,245.565338,-182.232572
28,1,30,254.087736,-182.751664
28,1,31,262.585054,-183.216503
28,1,32,271.053815,-183.630215
28,1,33,279.490542,-183.995926
28,1,34,287.891755,-184.316764
28,1,35,296.253979,-184.595853
28,1,36,304.573733,-184.836322
28,1,37,312.847542,-185.041295
28,1,38,321.071315,-185.213830
28,1,39,329.238513,-185.356704
28,1,40,337.341987,-185.472624
28,1,41,345.374585,-185.564297
28,1,42,353.329159,-185.634431
28,1,43,361.198558,-185.685733
28,1,44,368.975631,-185.720911
28,1,45,376.653227,-185.742672
28,1,46,384.224198,-185.753723
28,1,47,391.681393,-185.756772
28,1,48,399.017661,-185.754526
28,1,49,406.225852,-185.749692
28,1,50,413.304553,-185.744331
28,1,51,420.275304,-185.737912
28,1,52,427.165382,-185.729259
28,1,53,434.002064,-185.717193
28,1,54,440.812626,-185.700539
28,1,55,447.624345,-185.678118
28,1,56,454.464499,-185.648753
28,1,57,461.360364,-185.611268
28,1,58,468.339217,-185.564485
28,1,59,475.428335,-185.507226
28,1,60,482.654996,-185.438315
28,1,61,490.046475,-185.356574
28,1,62,497.623054,-185.259724
28,1,63,505.377033,-185.141079
28,1,64,513.293717,-184.992848
28,1,65,521.358409,-184.807243
28,1,66,529.556414,-184.576475
28,1,67,537.873036,-184.292755
28,1,68,546.293579,-183.948293
28,1,69,554.803347,-183.535302
28,1,70,563.387645,-183.045991
28,1,71,572.031777,-182.472572
28,1,72,580.721047,-181.807255
28,1,73,589.440759,-181.042252
28,1,74,598.174302,-180.165685
28,1,75,606.897402,-179.149321
28,1,76,615.583871,-177.960840
28,1,77,624.207520,-176.567919
28,1,78,632.742159,-174.938239
28,1,79,641.161600,-173.039478
28,1,80,649.439654,-170.839314
28,1,81,657.550131,-168.305428
28,1,82,665.466842,-165.405497
28,1,83,673.163600,-162.107200
28,1,84,680.614214,-158.378217
28,1,85,687.792496,-154.186226
28,1,86,694.679544,-149.513080
28,1,87,701.285603,-144.397329
28,1,88,707.628206,-138.891694
28,1,89,713.724885,-133.048900
28,1,90,719.593173,-126.921669
28,1,91,725.250603,-120.562723
28,1,92,730.714708,-114.024787
28,1,93,736.003019,-107.360584
28,1,94,741.133069,-100.622835
28,1,95,746.122392,-93.864264
28,1,96,750.988518,-87.137595
28,1,97,755.748982,-80.495550
28,1,98,760.422553,-73.974663
28,1,99,765.032949,-67.546719
28,1,100,769.605124,-61.167312
28,1,101,774.164034,-54.792037
28,1,102,778.734634,-48.376488
28,1,103,783.341878,-41.876261
28,1,104,788.010723,-35.246950
28,1,105,792.766122,-28.444150
28,1,106,797.633031,-21.423457
28,1,107,802.636405,-14.140465
28,1,108,807.801199,-6.550769
28,1,109,813.152368,1.390036
28,1,110,818.738565,9.692977
28,1,111,824.703232,18.235571
28,1,112,831.213511,26.861957
28,1,113,838.436542,35.416272
28,1,114,846.539465,43.742656
28,1,115,855.689422,51.685246
28,1,116,866.053552,59.088182
28,1,117,877.798997,65.795601
28,1,118,891.092898,71.651644
28,1,119,906.102394,76.500447
28,1,120,922.994628,80.186150
28,1,121,941.936738,82.552890
28,2,1,0.000000,0.000000
28,2,2,13.231447,18.504392
28,2,3,25.395342,35.664899
28,2,4,36.602253,51.534016
28,2,5,46.962745,66.164240
28,2,6,56.587383,79.608067
28,2,7,65.586733,91.917994
28,2,8,74.071362,103.146516
28,2,9,82.151834,113.346131
28,2,10,89.938715,122.569334
28,2,11,97.542572,130.868623
28,2,12,105.073969,138.296492
28,2,13,112.643473,144.905439
28,2,14,120.341149,150.748349
28,2,15,128.175056,155.879662
28,2,16,136.132754,160.354206
28,2,17,144.201802,164.226810
28,2,18,152.369761,167.552303
28,2,19,160.624188,170.385514
28,2,20,168.952645,172.781271
28,2,21,177.342689,174.794403
28,2,22,185.781881,176.479739
28,2,23,194.257780,177.892108
28,2,24,202.757945,179.086338
28,2,25,211.269936,180.117258
28,2,26,219.782053,181.031706
28,2,27,228.285569,181.844558
28,2,28,236.772495,182.562698
28,2,29,245.234845,183.193010
28,2,30,253.664631,183.742380
28,2,31,262.053865,184.217691
28,2,32,270.394562,184.625829
28,2,33,278.678733,184.973678
28,2,34,286.898391,185.268122
28,2,35,295.045550,185.516047
28,2,36,303.112221,185.724336
28,2,37,311.090418,185.899875
28,2,38,318.976911,186.048754
28,2,39,326.787496,186.173888
28,2,40,334.542731,186.277395
28,2,41,342.263168,186.361397
28,2,42,349.969364,186.428015
28,2,43,357.681873,186.479367
28,2,44,365.421250,186.517574
28,2,45,373.208050,186.544757
28,2,46,381.062827,186.563036
28,2,47,389.006138,186.574530
28,2,48,397.058536,186.581361
28,2,49,405.240577,186.585648
28,2,50,413.566537,186.589141
28,2,51,422.025577,186.592107
28,2,52,430.600578,186.594442
28,2,53,439.274422,186.596044
28,2,54,448.029992,186.596808
28,2,55,456.850169,186.596632
28,2,56,465.717835,186.595412
28,2,57,474.615872,186.593044
28,2,58,483.527163,186.589425
28,2,59,492.434588,186.584452
28,2,60,501.321031,186.578021
28,2,61,510.169372,186.570029
28,2,62,518.963691,186.559426
28,2,63,527.692854,186.541374
28,2,64,536.346926,186.510089
28,2,65,544.915970,186.459788
28,2,66,553.390050,186.384686
28,2,67,561.759229,186.279000
28,2,68,570.013571,186.136944
28,2,69,578.143140,185.952737
28,2,70,586.138000,185.720592
28,2,71,593.988214,185.434727
28,2,72,601.683846,185.089357
28,2,73,609.214960,184.678699
28,2,74,616.577824,184.198580
28,2,75,623.793526,183.651281
28,2,76,630.889359,183.040691
28,2,77,637.892615,182.370702
28,2,78,644.830586,181.645205
28,2,79,651.730565,180.868092
28,2,80,658.619844,180.043254
28,2,81,665.525717,179.174583
28,2,82,672.475474,178.265968
28,2,83,679.496409,177.321303
28,2,84,686.615814,176.344477
28,2,85,693.860981,175.339383
28,2,86,701.250166,174.304819
28,2,87,708.765471,173.219221
28,2,88,716.379960,172.055930
28,2,89,724.066700,170.788288
28,2,90,731.798753,169.389639
28,2,91,739.549187,167.833325
28,2,92,747.291064,166.092687
28,2,93,754.997451,164.141069
28,2,94,762.641411,161.951812
28,2,95,770.196011,159.498260
28,2,96,777.634314,156.753755
28,2,97,784.929386,153.691639
28,2,98,792.068412,150.300222
28,2,99,799.095060,146.627687
28,2,100,806.067118,142.737184
28,2,101,813.042375,138.691863
28,2,102,820.078618,134.554875
28,2,103,827.233636,130.389369
28,2,104,834.565218,126.258497
28,2,105,842.131151,122.225407
28,2,106,849.989224,118.353252
28,2,107,858.197226,114.705179
28,2,108,866.812944,111.344341
28,2,109,875.894167,108.333888
28,2,110,885.503190,105.716180
28,2,111,895.720331,103.450426
28,2,112,906.630418,101.475044
28,2,113,918.318275,99.728455
28,2,114,930.868730,98.149076
28,2,115,944.366607,96.675328
28,2,116,958.896733,95.245629
28,2,117,974.543933,93.798398
28,2,118,991.393035,92.272054
28,2,119,1009.528862,90.605018
28,2,120,1029.036242,88.735707
28,2,121,1050.000000,86.602540
29,1,1,0.000000,0.000000
29,1,2,12.303668,-18.984644
29,1,3,23.758858,-36.563417
29,1,4,34.454175,-52.790784
29,1,5,44.478226,-67.721212
29,1,6,53.919615,-81.409166
29,1,7,62.866949,-93.909112
29,1,8,71.408833,-105.275515
29,1,9,79.633873,-115.562841
29,1,10,87.630675,-124.825556
29,1,11,95.487843,-133.118126
29,1,12,103.293983,-140.495016
29,1,13,111.137702,-147.010692
29,1,14,119.090978,-152.720741
29,1,15,127.159279,-157.685242
29,1,16,135.331449,-161.965392
29,1,17,143.596330,-165.622391
29,1,18,151.942764,-168.717438
29,1,19,160.359594,-171.311733
29,1,20,168.835662,-173.466473
29,1,21,177.359809,-175.242858
29,1,22,185.920880,-176.702088
29,1,23,194.507715,-177.905361
29,1,24,203.109158,-178.913876
29,1,25,211.714050,-179.788833
29,1,26,220.312508,-180.581772
29,1,27,228.899744,-181.305600
29,1,28,237.472242,-181.963568
29,1,29,246.026488,-182.558923
29,1,30,254.558966,-183.094916
29,1,31,263.066163,-183.574794
29,1,32,271.544564,-184.001808
29,1,33,279.990653,-184.379207
29,1,34,288.400917,-184.710239
29,1,35,296.771839,-184.998154
29,1,36,305.099906,-185.246201
29,1,37,313.381603,-185.457629
29,1,38,321.612696,-185.635609
29,1,39,329.786077,-185.782997
29,1,40,337.893918,-185.902572
29,1,41,345.928393,-185.997112
29,1,42,353.881673,-186.069396
29,1,43,361.745933,-186.122202
29,1,44,369.513344,-186.158308
29,1,45,377.176079,-186.180492
29,1,46,384.726311,-186.191534
29,1,47,392.156213,-186.194211
29,1,48,399.457957,-186.191302
29,1,49,406.623717,-186.185584
29,1,50,413.651769,-186.179178
29,1,51,420.564808,-186.171561
29,1,52,427.391630,-186.161554
29,1,53,434.161036,-186.147975
29,1,54,440.901823,-186.129646
29,1,55,447.642789,-186.105384
29,1,56,454.412732,-186.074011
29,1,57,461.240451,-186.034344
29,1,58,468.154744,-185.985205
29,1,59,475.184409,-185.925411
29,1,60,482.358245,-185.853784
29,1,61,489.705049,-185.769143
29,1,62,497.246243,-185.669155
29,1,63,504.973734,-185.546887
29,1,64,512.872054,-185.394252
29,1,65,520.925734,-185.203165
29,1,66,529.119304,-184.965540
29,1,67,537.437296,-184.673291
29,1,68,545.864241,-184.318331
29,1,69,554.384669,-183.892576
29,1,70,562.983112,-183.387940
29,1,71,571.644100,-182.796336
29,1,72,580.352164,-182.109679
29,1,73,589.091836,-181.319882
29,1,74,597.845865,-180.414915
29,1,75,606.589884,-179.366961
29,1,76,615.297743,-178.144258
29,1,77,623.943292,-176.715044
29,1,78,632.500384,-175.047557
29,1,79,640.942867,-173.110035
29,1,80,649.244594,-170.870716
29,1,81,657.379415,-168.297838
29,1,82,665.321181,-165.359639
29,1,83,673.043743,-162.024357
29,1,84,680.520951,-158.260229
29,1,85,687.726657,-154.035495
29,1,86,694.641938,-149.332510
29,1,87,701.276777,-144.190110
29,1,88,707.648387,-138.661249
29,1,89,713.773976,-132.798880
29,1,90,719.670755,-126.655958
29,1,91,725.355936,-120.285436
29,1,92,730.846728,-113.740269
29,1,93,736.160343,-107.073410
29,1,94,741.313990,-100.337813
29,1,95,746.324880,-93.586432
29,1,96,751.210224,-86.872221
29,1,97,755.987233,-80.248135
29,1,98,760.674478,-73.750778
29,1,99,765.295981,-67.351363
29,1,100,769.877124,-61.004754
29,1,101,774.443290,-54.665815
29,1,102,779.019862,-48.289410
29,1,103,783.632222,-41.830403
29,1,104,788.305753,-35.243659
29,1,105,793.065838,-28.484040
29,1,106,797.937859,-21.506412
29,1,107,802.947199,-14.265638
29,1,108,808.119240,-6.716583
29,1,109,813.479366,1.185890
29,1,110,819.076094,9.453598
29,1,111,825.050480,17.965083
29,1,112,831.566717,26.565569
29,1,113,838.788994,35.100280
29,1,114,846.881503,43.414439
29,1,115,856.008436,51.353270
29,1,116,866.333984,58.761997
29,1,117,878.022339,65.485844
29,1,118,891.237691,71.370033
29,1,119,906.144232,76.259790
29,1,120,922.906153,80.000336
29,1,121,941.687646,82.436898
29,2,1,0.000000,0.000000
29,2,2,13.286534,18.412238
29,2,3,25.499981,35.495969
29,2,4,36.751271,51.302754
29,2,5,47.151334,65.884151
29,2,6,56.811100,79.291722
29,2,7,65.841497,91.577026
29,2,8,74.353456,102.791623
29,2,9,82.457907,112.987074
29,2,10,90.265778,122.214939
29,2,11,97.887999,130.526777
29,2,12,105.435500,137.974149
29,2,13,113.019211,144.608615
29,2,14,120.729530,150.482155
29,2,15,128.574735,155.648427
29,2,16,136.542571,160.161510
29,2,17,144.620783,164.075483
29,2,18,152.797119,167.444424
29,2,19,161.059324,170.322413
29,2,20,169.395144,172.763527
29,2,21,177.792325,174.821845
29,2,22,186.238614,176.551445
29,2,23,194.721755,178.006407
29,2,24,203.229495,179.240809
29,2,25,211.749580,180.308730
29,2,26,220.270443,181.256423
29,2,27,228.783262,182.098849
29,2,28,237.279902,182.843140
29,2,29,245.752228,183.496431
29,2,30,254.192106,184.065858
29,2,31,262.591400,184.558553
29,2,32,270.941975,184.981653
29,2,33,279.235697,185.342291
29,2,34,287.464430,185.647601
29,2,35,295.620040,185.904718
29,2,36,303.694392,186.120777
29,2,37,311.679351,186.302912
29,2,38,319.571536,186.457433
29,2,39,327.386582,186.587360
29,2,40,335.144878,186.694886
29,2,41,342.866814,186.782207
29,2,42,350.572780,186.851515
29,2,43,358.283164,186.905007
29,2,44,366.018356,186.944877
29,2,45,373.798745,186.973319
29,2,46,381.644721,186.992528
29,2,47,389.576673,187.004698
29,2,48,397.614989,187.012025
29,2,49,405.780061,187.016702
29,2,50,414.086135,187.020538
29,2,51,422.522899,187.023802
29,2,52,431.073899,187.026373
29,2,53,439.722679,187.028134
29,2,54,448.452786,187.028967
29,2,55,457.247765,187.028752
29,2,56,466.091162,187.027372
29,2,57,474.966523,187.024708
29,2,58,483.857394,187.020642
29,2,59,492.747319,187.015055
29,2,60,501.619845,187.007828
29,2,61,510.458518,186.998844
29,2,62,519.247813,186.987018
29,2,63,527.975929,186.967411
29,2,64,536.631994,186.934115
29,2,65,545.205135,186.881225
29,2,66,553.684481,186.802835
29,2,67,562.059160,186.693039
29,2,68,570.318300,186.545930
29,2,69,578.451030,186.355602
29,2,70,586.446477,186.116150
29,2,71,594.293770,185.821668
29,2,72,601.982038,185.466249
29,2,73,609.500407,185.043988
29,2,74,616.844505,184.550609
29,2,75,624.035949,183.988363
29,2,76,631.102855,183.361133
29,2,77,638.073338,182.672798
29,2,78,644.975515,181.927243
29,2,79,651.837501,181.128347
29,2,80,658.687411,180.279993
29,2,81,665.553362,179.386062
29,2,82,672.463470,178.450436
29,2,83,679.445849,177.476997
29,2,84,686.528617,176.469627
29,2,85,693.739888,175.432207
29,2,86,701.098639,174.363688
29,2,87,708.587297,173.243295
29,2,88,716.179145,172.045321
29,2,89,723.847471,170.744061
29,2,90,731.565561,169.313808
29,2,91,739.306700,167.728855
29,2,92,747.044174,165.963498
29,2,93,754.751271,163.992029
29,2,94,762.401275,161.788742
29,2,95,769.967472,159.327932
29,2,96,777.423150,156.583892
29,2,97,784.741594,153.530915
29,2,98,791.910011,150.157867
29,2,99,798.971297,146.511896
29,2,100,805.982271,142.654722
29,2,101,812.999748,138.648065
29,2,102,820.080546,134.553645
29,2,103,827.281484,130.433181
29,2,104,834.659377,126.348394
29,2,105,842.271044,122.361003
29,2,106,850.173301,118.532727
29,2,107,858.422966,114.925288
29,2,108,867.076857,111.600404
29,2,109,876.191791,108.619795
29,2,110,885.829090,106.024597
29,2,111,896.068103,103.773609
29,2,112,906.992680,101.805046
29,2,113,918.686676,100.057122
29,2,114,931.233942,98.468053
29,2,115,944.718332,96.976053
29,2,116,959.223697,95.519337
29,2,117,974.833890,94.036121
29,2,118,991.632765,92.464618
29,2,119,1009.704173,90.743044
29,2,120,1029.131967,88.809613
29,2,121,1050.000000,86.602540
30,1,1,0.000000,0.000000
30,1,2,12.315186,-18.919460
30,1,3,23.785107,-36.445898
30,1,4,34.497914,-52.632841
30,1,5,44.541762,-67.533820
30,1,6,54.004802,-81.202362
30,1,7,62.975188,-93.691997
30,1,8,71.541072,-105.056253
30,1,9,79.790608,-115.348659
30,1,10,87.811949,-124.622745
30,1,11,95.693247,-132.932038
30,1,12,103.522655,-140.330069
30,1,13,111.388326,-146.870364
30,1,14,119.361887,-152.607664
30,1,15,127.448854,-157.601543
30,1,16,135.638219,-161.912786
30,1,17,143.918973,-165.602179
30,1,18,152.280107,-168.730506
30,1,19,160.710611,-171.358552
30,1,20,169.199477,-173.547102
30,1,21,177.735695,-175.356941
30,1,22,186.308256,-176.848854
30,1,23,194.906151,-178.083626
30,1,24,203.518372,-179.122042
30,1,25,212.133908,-180.024886
30,1,26,220.742993,-180.843375
30,1,27,229.340829,-181.590440
30,1,28,237.923859,-182.269447
30,1,29,246.488527,-182.883757
30,1,30,255.031276,-183.436736
30,1,31,263.548551,-183.931746
30,1,32,272.036795,-184.372150
30,1,33,280.492452,-184.761313
30,1,34,288.911966,-185.102598
30,1,35,297.291779,-185.399367
30,1,36,305.628337,-185.654986
30,1,37,313.918082,-185.872817
30,1,38,322.156634,-186.056140
30,1,39,330.336311,-186.207896
30,1,40,338.448607,-186.330946
30,1,41,346.485017,-186.428146
30,1,42,354.437034,-186.502356
30,1,43,362.296153,-186.556434
30,1,44,370.053867,-186.593239
30,1,45,377.701670,-186.615628
30,1,46,385.231056,-186.626461
30,1,47,392.633520,-186.628595
30,1,48,399.900554,-186.624889
30,1,49,407.023654,-186.618202
30,1,50,414.000786,-186.610717
30,1,51,420.855808,-186.601918
30,1,52,427.619050,-186.590614
30,1,53,434.320843,-186.575613
30,1,54,440.991517,-186.555724
30,1,55,447.661403,-186.529756
30,1,56,454.360831,-186.496518
30,1,57,461.120132,-186.454818
30,1,58,467.969636,-186.403466
30,1,59,474.939674,-186.341270
30,1,60,482.060576,-186.267038
30,1,61,489.362674,-186.179581
30,1,62,496.868532,-186.076508
30,1,63,504.569658,-185.950640
30,1,64,512.449797,-185.793598
30,1,65,520.492690,-185.597004
30,1,66,528.682081,-185.352481
30,1,67,537.001713,-185.051650
30,1,68,545.435329,-184.686133
30,1,69,553.966673,-184.247552
30,1,70,562.579487,-183.727530
30,1,71,571.257515,-183.117688
30,1,72,579.984499,-182.409648
30,1,73,588.744184,-181.595032
30,1,74,597.518673,-180.661659
30,1,75,606.283518,-179.582138
30,1,76,615.012633,-178.325274
30,1,77,623.679931,-176.859872
30,1,78,632.259325,-175.154737
30,1,79,640.724729,-173.178676
30,1,80,649.050055,-170.900494
30,1,81,657.209218,-168.288996
30,1,82,665.176130,-165.312987
30,1,83,672.924705,-161.941273
30,1,84,680.428856,-158.142660
30,1,85,687.662496,-153.885952
30,1,86,694.606694,-149.154013
30,1,87,701.271137,-143.985935
30,1,88,707.672667,-138.434865
30,1,89,713.828126,-132.553955
30,1,90,719.754358,-126.396352
30,1,91,725.468204,-120.015207
30,1,92,730.986506,-113.463667
30,1,93,736.326107,-106.794883
30,1,94,741.503849,-100.062003
30,1,95,746.536574,-93.318177
30,1,96,751.441126,-86.616554
30,1,97,756.234345,-80.010282
30,1,98,760.934579,-73.536017
30,1,99,765.566198,-67.164436
30,1,100,770.155074,-60.849723
30,1,101,774.727081,-54.546059
30,1,102,779.308093,-48.207628
30,1,103,783.923984,-41.788613
30,1,104,788.600626,-35.243196
30,1,105,793.363894,-28.525562
30,1,106,798.239661,-21.589893
30,1,107,803.253801,-14.390371
30,1,108,808.432187,-6.881180
30,1,109,813.800693,0.983497
30,1,110,819.407746,9.216234
30,1,111,825.391981,17.696632
30,1,112,831.914587,26.271048
30,1,113,839.136754,34.785841
30,1,114,847.219671,43.087369
30,1,115,856.324526,51.021988
30,1,116,866.612509,58.436057
30,1,117,878.244808,65.175934
30,1,118,891.382612,71.087976
30,1,119,906.187111,76.018540
30,1,120,922.819494,79.813986
30,1,121,941.440948,82.320670
30,2,1,0.000000,0.000000
30,2,2,13.339753,18.321048
30,2,3,25.601333,35.328753
30,2,4,36.895986,51.073755
30,2,5,47.334960,65.606695
30,2,6,57.029500,78.978212
30,2,7,66.090854,91.238947
30,2,8,74.630269,102.439539
30,2,9,82.758992,112.630629
30,2,10,90.588268,121.862857
30,2,11,98.229346,130.186862
30,2,12,105.793471,137.653285
30,2,13,113.391891,144.312766
30,2,14,121.115301,150.216394
30,2,15,128.972193,155.417058
30,2,16,136.950509,159.968097
30,2,17,145.038188,163.922847
30,2,18,153.223172,167.334648
30,2,19,161.493402,170.256837
30,2,20,169.836818,172.742753
30,2,21,178.241362,174.845733
30,2,22,186.694974,176.619115
30,2,23,195.185595,178.116238
30,2,24,203.701167,179.390440
30,2,25,212.229629,180.495059
30,2,26,220.759552,181.475773
30,2,27,229.282020,182.347618
30,2,28,237.788746,183.117971
30,2,29,246.271445,183.794209
30,2,30,254.721828,184.383709
30,2,31,263.131609,184.893846
30,2,32,271.492502,185.331998
30,2,33,279.796220,185.705541
30,2,34,288.034476,186.021851
30,2,35,296.198984,186.288307
30,2,36,304.281456,186.512283
30,2,37,312.273606,186.701156
30,2,38,320.171895,186.861453
30,2,39,327.991777,186.996294
30,2,40,335.753452,187.107947
30,2,41,343.477121,187.198684
30,2,42,351.182985,187.270774
30,2,43,358.891246,187.326486
30,2,44,366.622103,187.368090
30,2,45,374.395759,187.397856
30,2,46,382.232413,187.418053
30,2,47,390.152268,187.430951
30,2,48,398.175523,187.438820
30,2,49,406.322380,187.443929
30,2,50,414.607052,187.448147
30,2,51,423.019795,187.451741
30,2,52,431.544879,187.454578
30,2,53,440.166571,187.456522
30,2,54,448.869142,187.457441
30,2,55,457.636858,187.457200
30,2,56,466.453991,187.455666
30,2,57,475.304807,187.452704
30,2,58,484.173575,187.448181
30,2,59,493.044566,187.441963
30,2,60,501.902046,187.433916
30,2,61,510.730285,187.423906
30,2,62,519.514200,187.410816
30,2,63,528.241298,187.389597
30,2,64,536.899734,187.354216
30,2,65,545.477664,187.298643
30,2,66,553.963244,187.216844
30,2,67,562.344629,187.102787
30,2,68,570.609974,186.950440
30,2,69,578.747434,186.753772
30,2,70,586.745166,186.506749
30,2,71,594.591325,186.203340
30,2,72,602.274066,185.837512
30,2,73,609.781545,185.403233
30,2,74,617.108712,184.896127
30,2,75,624.277698,184.318433
30,2,76,631.317429,183.674048
30,2,77,638.256832,182.966867
30,2,78,645.124832,182.200787
30,2,79,651.950355,181.379704
30,2,80,658.762328,180.507512
30,2,81,665.589677,179.588108
30,2,82,672.461327,178.625388
30,2,83,679.406205,177.623247
30,2,84,686.453236,176.585582
30,2,85,693.631348,175.516288
30,2,86,700.960230,174.414480
30,2,87,708.422634,173.260146
30,2,88,715.992075,172.028493
30,2,89,723.642070,170.694730
30,2,90,731.346133,169.234062
30,2,91,739.077780,167.621698
30,2,92,746.810527,165.832845
30,2,93,754.517890,163.842710
30,2,94,762.173385,161.626501
30,2,95,769.750526,159.159424
30,2,96,777.222831,156.416687
30,2,97,784.563813,153.373497
30,2,98,791.760714,150.019245
30,2,99,798.855670,146.400051
30,2,100,805.904539,142.576219
30,2,101,812.963184,138.608053
30,2,102,820.087463,134.555857
30,2,103,827.333237,130.479936
30,2,104,834.756366,126.440591
30,2,105,842.412710,122.498129
30,2,106,850.358129,118.712851
30,2,107,858.648484,115.145063
30,2,108,867.339634,111.855068
30,2,109,876.487440,108.903170
30,2,110,886.152268,106.329302
30,2,111,896.412509,104.091916
30,2,112,907.351060,102.129095
30,2,113,919.050819,100.378919
30,2,114,931.594681,98.779470
30,2,115,945.065545,97.268830
30,2,116,959.546308,95.785080
30,2,117,975.119867,94.266302
30,2,118,991.869118,92.650577
30,2,119,1009.876959,90.875988
30,2,120,1029.226287,88.880615
30,2,121,1050.000000,86.602540
31,1,1,0.000000,0.000000
31,1,2,12.327613,-18.854175
31,1,3,23.812934,-36.328245
31,1,4,34.543690,-52.474793
31,1,5,44.607604,-67.346398
31,1,6,54.092404,-80.995640
31,1,7,63.085814,-93.475099
31,1,8,71.675559,-104.837358
31,1,9,79.949365,-115.134994
31,1,10,87.994958,-124.420590
31,1,11,95.900063,-132.746725
31,1,12,103.752405,-140.165979
31,1,13,111.639709,-146.730934
31,1,14,119.633271,-152.495469
31,1,15,127.738659,-157.518663
31,1,16,135.945013,-161.860896
31,1,17,144.241472,-165.582545
31,1,18,152.617173,-168.743991
31,1,19,161.061255,-171.405611
31,1,20,169.562858,-173.627785
31,1,21,178.111120,-175.470892
31,1,22,186.695179,-176.995310
31,1,23,195.304175,-178.261418
31,1,24,203.927245,-179.329595
31,1,25,212.553529,-180.260221
31,1,26,221.173376,-181.104189
31,1,27,229.781972,-181.874454
31,1,28,238.375716,-182.574489
31,1,29,246.951005,-183.207762
31,1,30,255.504237,-183.777746
31,1,31,264.031808,-184.287912
31,1,32,272.530118,-184.741729
31,1,33,280.995563,-185.142669
31,1,34,289.424541,-185.494202
31,1,35,297.813450,-185.799800
31,1,36,306.158686,-186.062934
31,1,37,314.456648,-186.287074
31,1,38,322.702803,-186.475603
31,1,39,330.888895,-186.631556
31,1,40,339.005739,-186.757880
31,1,41,347.044147,-186.857520
31,1,42,354.994935,-186.933424
31,1,43,362.848915,-186.988538
31,1,44,370.596903,-187.025809
31,1,45,378.229711,-187.048183
31,1,46,385.738155,-187.058607
31,1,47,393.113047,-187.060028
31,1,48,400.345202,-187.055392
31,1,49,407.425434,-187.047646
31,1,50,414.351400,-187.039044
31,1,51,421.148130,-187.029070
31,1,52,427.847497,-187.016516
31,1,53,434.481375,-187.000172
31,1,54,441.081636,-186.978831
31,1,55,447.680154,-186.951283
31,1,56,454.308803,-186.916321
31,1,57,460.999455,-186.872736
31,1,58,467.783983,-186.819318
31,1,59,474.694262,-186.754861
31,1,60,481.762164,-186.678154
31,1,61,489.019562,-186.587990
31,1,62,496.490174,-186.481917
31,1,63,504.165098,-186.352512
31,1,64,512.027273,-186.191107
31,1,65,520.059643,-185.989035
31,1,66,528.245148,-185.737631
31,1,67,536.566729,-185.428227
31,1,68,545.007328,-185.052157
31,1,69,553.549886,-184.600753
31,1,70,562.177344,-184.065349
31,1,71,570.872645,-183.437279
31,1,72,579.618729,-182.707875
31,1,73,588.398538,-181.868470
31,1,74,597.193521,-180.906740
31,1,75,605.979167,-179.795723
31,1,76,614.729468,-178.504800
31,1,77,623.418423,-177.003351
31,1,78,632.020024,-175.260755
31,1,79,640.508269,-173.246395
31,1,80,648.857152,-170.929649
31,1,81,657.040668,-168.279899
31,1,82,665.032814,-165.266524
31,1,83,672.807584,-161.858904
31,1,84,680.338974,-158.026421
31,1,85,687.600979,-153.738455
31,1,86,694.574668,-148.978373
31,1,87,701.269401,-143.785500
31,1,88,707.701611,-138.213145
31,1,89,713.887732,-132.314622
31,1,90,719.844198,-126.143239
31,1,91,725.587441,-119.752310
31,1,92,731.133895,-113.195145
31,1,93,736.499993,-106.525055
31,1,94,741.702170,-99.795351
31,1,95,746.756858,-93.059345
31,1,96,751.680491,-86.370348
31,1,97,756.489501,-79.781672
31,1,98,761.201989,-73.330000
31,1,99,765.842711,-66.985509
31,1,100,770.438092,-60.701750
31,1,101,775.014555,-54.432274
31,1,102,779.598523,-48.130629
31,1,103,784.216420,-41.750368
31,1,104,788.894668,-35.245039
31,1,105,793.659693,-28.568192
31,1,106,798.537915,-21.673380
31,1,107,803.555761,-14.514150
31,1,108,808.739651,-7.044054
31,1,109,814.116011,0.783358
31,1,110,819.733216,8.981384
31,1,111,825.727451,17.430720
31,1,112,832.256854,25.978906
31,1,113,839.479564,34.473487
31,1,114,847.553718,42.762003
31,1,115,856.637453,50.692000
31,1,116,866.888909,58.111017
31,1,117,878.466223,64.866600
31,1,118,891.527533,70.806290
31,1,119,906.230976,75.777629
31,1,120,922.734691,79.628161
31,1,121,941.196816,82.205428
31,2,1,0.000000,0.000000
31,2,2,13.391291,18.230729
31,2,3,25.699730,35.163080
31,2,4,37.036839,50.846789
31,2,5,47.514138,65.331588
31,2,6,57.243149,78.667213
31,2,7,66.335394,90.903398
31,2,8,74.902395,102.089877
31,2,9,83.055672,112.276384
31,2,10,90.906748,121.512655
31,2,11,98.567144,129.848423
31,2,12,106.148381,137.333423
31,2,13,113.761980,144.017390
31,2,14,121.498902,149.950535
31,2,15,129.367850,155.184990
31,2,16,137.356970,159.773363
31,2,17,145.454405,163.768262
31,2,18,153.648297,167.222296
31,2,19,161.926789,170.188075
31,2,20,170.278027,172.718205
31,2,21,178.690152,174.865297
31,2,22,187.151308,176.681958
31,2,23,195.649639,178.220798
31,2,24,204.173287,179.534425
31,2,25,212.710396,180.675448
31,2,26,221.249679,181.688975
31,2,27,229.782124,182.590116
31,2,28,238.299288,183.386480
31,2,29,246.792728,184.085678
31,2,30,255.254003,184.695318
31,2,31,263.674669,185.223010
31,2,32,272.046284,185.676363
31,2,33,280.360406,186.062988
31,2,34,288.608592,186.390493
31,2,35,296.782398,186.666488
31,2,36,304.873384,186.898584
31,2,37,312.873105,187.094388
31,2,38,320.777859,187.260634
31,2,39,328.602897,187.400545
31,2,40,336.368210,187.516466
31,2,41,344.093787,187.610745
31,2,42,351.799619,187.685725
31,2,43,359.505697,187.743755
31,2,44,367.232011,187.787179
31,2,45,374.998551,187.818343
31,2,46,382.825308,187.839594
31,2,47,390.732273,187.853277
31,2,48,398.739434,187.861738
31,2,49,406.866784,187.867324
31,2,50,415.128489,187.871964
31,2,51,423.515424,187.875924
31,2,52,432.012640,187.879055
31,2,53,440.605188,187.881206
31,2,54,449.278120,187.882228
31,2,55,458.016486,187.881970
31,2,56,466.805339,187.880282
31,2,57,475.629730,187.877016
31,2,58,484.474709,187.872020
31,2,59,493.325328,187.865145
31,2,60,502.166639,187.856240
31,2,61,510.983693,187.845157
31,2,62,519.761889,187.830743
31,2,63,528.488025,187.807837
31,2,64,537.149244,187.770279
31,2,65,545.732692,187.711907
31,2,66,554.225513,187.626558
31,2,67,562.614854,187.508071
31,2,68,570.887857,187.350284
31,2,69,579.031669,187.147035
31,2,70,587.033435,186.892162
31,2,71,594.880298,186.579504
31,2,72,602.559405,186.202899
31,2,73,610.057899,185.756185
31,2,74,617.370023,185.234882
31,2,75,624.518403,184.641241
31,2,76,631.532762,183.979195
31,2,77,638.442823,183.252677
31,2,78,645.278309,182.465620
31,2,79,652.068944,181.621956
31,2,80,658.844451,180.725619
31,2,81,665.634552,179.780542
31,2,82,672.468971,178.790658
31,2,83,679.377432,177.759898
31,2,84,686.389656,176.692198
31,2,85,693.535367,175.591488
31,2,86,700.834961,174.457062
31,2,87,708.271519,173.269643
31,2,88,715.818796,172.005315
31,2,89,723.450546,170.640162
31,2,90,731.140524,169.150267
31,2,91,738.862483,167.511714
31,2,92,746.590179,165.700586
31,2,93,754.297364,163.692966
31,2,94,761.957794,161.464938
31,2,95,769.545223,158.992586
31,2,96,777.033405,156.251992
31,2,97,784.396094,153.219241
31,2,98,791.620572,149.884219
31,2,99,798.748228,146.292026
31,2,100,805.833979,142.501563
31,2,101,812.932740,138.571734
31,2,102,820.099429,134.561441
31,2,103,827.388963,130.529588
31,2,104,834.856257,126.535075
31,2,105,842.556228,122.636807
31,2,106,850.543793,118.893686
31,2,107,858.873867,115.364614
31,2,108,867.601369,112.108494
31,2,109,876.781213,109.184229
31,2,110,886.472825,106.630573
31,2,111,896.753655,104.405689
31,2,112,907.705663,102.447591
31,2,113,919.410808,100.694295
31,2,114,931.951049,99.083815
31,2,115,945.408346,97.554166
31,2,116,959.864657,96.043362
31,2,117,975.401942,94.489418
31,2,118,992.102159,92.830350
31,2,119,1010.047269,91.004171
31,2,120,1029.319229,88.948896
31,2,121,1050.000000,86.602540
32,1,1,0.000000,0.000000
32,1,2,12.340659,-18.788999
32,1,3,23.841818,-36.210850
32,1,4,34.590796,-52.317177
32,1,5,44.674911,-67.159602
32,1,6,54.181481,-80.789750
32,1,7,63.197823,-93.259243
32,1,8,71.811257,-104.619705
32,1,9,80.109100,-114.922759
32,1,10,88.178670,-124.220029
32,1,11,96.107285,-132.563138
32,1,12,103.982264,-140.003710
32,1,13,111.890924,-146.593368
32,1,14,119.904244,-152.385127
32,1,15,128.027850,-157.437576
32,1,16,136.251026,-161.810695
32,1,17,144.563059,-165.564465
32,1,18,152.953233,-168.758864
32,1,19,161.410835,-171.453875
32,1,20,169.925151,-173.709477
32,1,21,178.485465,-175.585650
32,1,22,187.081063,-177.142375
32,1,23,195.701231,-178.439632
32,1,24,204.335256,-179.537401
32,1,25,212.972421,-180.495663
32,1,26,221.603190,-181.364997
32,1,27,230.222732,-182.158376
32,1,28,238.827395,-182.879373
32,1,29,247.413526,-183.531561
32,1,30,255.977470,-184.118510
32,1,31,264.515575,-184.643795
32,1,32,273.024187,-185.110988
32,1,33,281.499654,-185.523660
32,1,34,289.938322,-185.885385
32,1,35,298.336538,-186.199734
32,1,36,306.690648,-186.470280
32,1,37,314.997000,-186.700596
32,1,38,323.250905,-186.894165
32,1,39,331.443531,-187.054118
32,1,40,339.565012,-187.183497
32,1,41,347.605481,-187.285344
32,1,42,355.555071,-187.362700
32,1,43,363.403916,-187.418609
32,1,44,371.142149,-187.456111
32,1,45,378.759903,-187.478250
32,1,46,386.247312,-187.488066
32,1,47,393.594509,-187.488603
32,1,48,400.791627,-187.482901
32,1,49,407.828800,-187.474004
32,1,50,414.703375,-187.464240
32,1,51,421.441565,-187.453091
32,1,52,428.076793,-187.439324
32,1,53,434.642488,-187.421709
32,1,54,441.172073,-187.399014
32,1,55,447.698975,-187.370008
32,1,56,454.256620,-187.333458
32,1,57,460.878433,-187.288134
32,1,58,467.597841,-187.232804
32,1,59,474.448270,-187.166236
32,1,60,481.463144,-187.087199
32,1,61,488.675891,-186.994461
32,1,62,496.111385,-186.885504
32,1,63,503.760304,-186.752662
32,1,64,511.604773,-186.586981
32,1,65,519.626918,-186.379510
32,1,66,527.808865,-186.121294
32,1,67,536.132742,-185.803381
32,1,68,544.580673,-185.416818
32,1,69,553.134785,-184.952652
32,1,70,561.777204,-184.401930
32,1,71,570.490057,-183.755699
32,1,72,579.255469,-183.005005
32,1,73,588.055567,-182.140896
32,1,74,596.871138,-181.150905
32,1,75,605.677616,-180.008508
32,1,76,614.449093,-178.683666
32,1,77,623.159666,-177.146341
32,1,78,631.783428,-175.366495
32,1,79,640.294474,-173.314090
32,1,80,648.666897,-170.959087
32,1,81,656.874792,-168.271448
32,1,82,664.892254,-165.221135
32,1,83,672.693377,-161.778110
32,1,84,680.252255,-157.912334
32,1,85,687.542982,-153.593769
32,1,86,694.546636,-148.806290
32,1,87,701.272222,-143.589427
32,1,88,707.735731,-137.996621
32,1,89,713.953150,-132.081316
32,1,90,719.940468,-125.896954
32,1,91,725.713675,-119.496977
32,1,92,731.288760,-112.934828
32,1,93,736.681712,-106.263950
32,1,94,741.908518,-99.537785
32,1,95,746.985170,-92.809775
32,1,96,751.927655,-86.133363
32,1,97,756.751962,-79.561992
32,1,98,761.475920,-73.132358
32,1,99,766.124718,-66.814171
32,1,100,770.725383,-60.560396
32,1,101,775.304944,-54.323997
32,1,102,779.890429,-48.057939
32,1,103,784.508864,-41.715186
32,1,104,789.187280,-35.248702
32,1,105,793.952703,-28.611452
32,1,106,798.832161,-21.756400
32,1,107,803.852684,-14.636510
32,1,108,809.041298,-7.204748
32,1,109,814.425032,0.585923
32,1,110,820.052249,8.749496
32,1,111,826.056656,17.167793
32,1,112,832.593294,25.689595
32,1,113,839.817206,34.163683
32,1,114,847.883433,42.438835
32,1,115,856.947018,50.363834
32,1,116,867.163002,57.787458
32,1,117,878.686427,64.558488
32,1,118,891.672335,70.525704
32,1,119,906.275769,75.537888
32,1,120,922.651769,79.443818
32,1,121,940.955378,82.092275
32,2,1,0.000000,0.000000
32,2,2,13.441310,18.141202
32,2,3,25.795462,34.998807
32,2,4,37.174212,50.621654
32,2,5,47.689318,65.058586
32,2,6,57.452537,78.358444
32,2,7,66.575627,90.570069
32,2,8,75.170346,101.742303
32,2,9,83.348450,111.923987
32,2,10,91.221698,121.163963
32,2,11,98.901847,129.511071
32,2,12,106.500654,137.014154
32,2,13,114.129878,143.722052
32,2,14,121.880707,149.684116
32,2,15,129.762062,154.951728
32,2,16,137.762297,159.576781
32,2,17,145.869762,163.611166
32,2,18,154.072812,167.106774
32,2,19,162.359799,170.115497
32,2,20,170.719075,172.689227
32,2,21,179.138994,174.879855
32,2,22,187.607908,176.739273
32,2,23,196.114169,178.319373
32,2,24,204.646130,179.672046
32,2,25,213.192144,180.849183
32,2,26,221.741072,181.895334
32,2,27,230.283803,182.825673
32,2,28,238.811734,183.648031
32,2,29,247.316264,184.370242
32,2,30,255.788790,185.000137
32,2,31,264.220710,185.545546
32,2,32,272.603421,186.014304
32,2,33,280.928320,186.414240
32,2,34,289.186806,186.753187
32,2,35,297.370276,187.038977
32,2,36,305.470127,187.279442
32,2,37,313.477757,187.482413
32,2,38,321.389290,187.654821
32,2,39,329.219759,187.799991
32,2,40,336.988919,187.920347
32,2,41,344.716531,188.018313
32,2,42,352.422350,188.096314
32,2,43,360.126137,188.156772
32,2,44,367.847648,188.202113
32,2,45,375.606641,188.234759
32,2,46,383.422875,188.257136
32,2,47,391.316107,188.271666
32,2,48,399.306096,188.280774
32,2,49,407.412599,188.286884
32,2,50,415.649730,188.291988
32,2,51,424.009028,188.296351
32,2,52,432.476386,188.299807
32,2,53,441.037698,188.302188
32,2,54,449.678857,188.303327
32,2,55,458.385759,188.303059
32,2,56,467.144296,188.301216
32,2,57,475.940363,188.297632
32,2,58,484.759854,188.292140
32,2,59,493.588661,188.284572
32,2,60,502.412680,188.274763
32,2,61,511.217804,188.262546
32,2,62,519.989960,188.246732
32,2,63,528.715207,188.222042
32,2,64,537.379634,188.182177
32,2,65,545.969334,188.120838
32,2,66,554.470397,188.031723
32,2,67,562.868915,187.908533
32,2,68,571.150978,187.744968
32,2,69,579.302679,187.534727
32,2,70,587.310107,187.271512
32,2,71,595.159354,186.949022
32,2,72,602.836512,186.560956
32,2,73,610.327671,186.101016
32,2,74,617.626327,185.564618
32,2,75,624.755599,184.954056
32,2,76,631.746009,184.273341
32,2,77,638.628080,183.526482
32,2,78,645.432335,182.717491
32,2,79,652.189296,181.850378
32,2,80,658.929487,180.929153
32,2,81,665.683431,179.957828
32,2,82,672.481650,178.940414
32,2,83,679.354666,177.880920
32,2,84,686.333004,176.783357
32,2,85,693.447186,175.651737
32,2,86,700.718311,174.485551
32,2,87,708.129785,173.266219
32,2,88,715.655590,171.970645
32,2,89,723.269708,170.575729
32,2,90,730.946121,169.058374
32,2,91,738.658812,167.395481
32,2,92,746.381763,165.563953
32,2,93,754.088956,163.540691
32,2,94,761.754372,161.302598
32,2,95,769.351996,158.826576
32,2,96,776.855807,156.089526
32,2,97,784.239789,153.068351
32,2,98,791.491259,149.753388
32,2,99,798.650876,146.188724
32,2,100,805.772631,142.431881
32,2,101,812.910520,138.540379
32,2,102,820.118535,134.571741
32,2,103,827.450670,130.583488
32,2,104,834.960917,126.633144
32,2,105,842.703271,122.778228
32,2,106,850.731725,119.076264
32,2,107,859.100272,115.584773
32,2,108,867.862905,112.361277
32,2,109,877.073618,109.463298
32,2,110,886.790915,106.928442
32,2,111,897.091340,104.714656
32,2,112,908.055951,102.759972
32,2,113,919.765803,101.002420
32,2,114,932.301952,99.380032
32,2,115,945.745453,97.830839
32,2,116,960.177363,96.292874
32,2,117,975.678737,94.704166
32,2,118,992.330633,93.002747
32,2,119,1010.214104,91.126649
32,2,120,1029.410208,89.013903
32,2,121,1050.000000,86.602540
33,1,1,0.000000,0.000000
33,1,2,12.354072,-18.724116
33,1,3,23.871303,-36.094048
33,1,4,34.638619,-52.160455
33,1,5,44.742948,-66.973998
33,1,6,54.271214,-80.585338
33,1,7,63.310345,-93.045135
33,1,8,71.947268,-104.404049
33,1,9,80.268908,-114.712741
33,1,10,88.362191,-124.021872
33,1,11,96.314046,-132.382101
33,1,12,104.211396,-139.844089
33,1,13,112.141170,-146.458498
33,1,14,120.174044,-152.277474
33,1,15,128.315699,-157.359119
33,1,16,136.555567,-161.763023
33,1,17,144.883080,-165.548773
33,1,18,153.287668,-168.775958
33,1,19,161.758763,-171.504168
33,1,20,170.285798,-173.792992
33,1,21,178.858203,-175.702017
33,1,22,187.465411,-177.290833
33,1,23,196.096853,-178.619030
33,1,24,204.741960,-179.746194
33,1,25,213.390164,-180.731917
33,1,26,222.032041,-181.626465
33,1,27,230.662737,-182.442829
33,1,28,239.278545,-183.184678
33,1,29,247.875755,-183.855681
33,1,30,256.450658,-184.459507
33,1,31,264.999547,-184.999826
33,1,32,273.518712,-185.480306
33,1,33,282.004444,-185.904616
33,1,34,290.453036,-186.276427
33,1,35,298.860777,-186.599407
33,1,36,307.223959,-186.877225
33,1,37,315.538874,-187.113551
33,1,38,323.800673,-187.311966
33,1,39,331.999948,-187.475702
33,1,40,340.126152,-187.607903
33,1,41,348.168738,-187.711711
33,1,42,356.117158,-187.790272
33,1,43,363.960865,-187.846729
33,1,44,371.689312,-187.884226
33,1,45,379.291951,-187.905907
33,1,46,386.758236,-187.914916
33,1,47,394.077617,-187.914396
33,1,48,401.239549,-187.907491
33,1,49,408.233484,-187.897346
33,1,50,415.056464,-187.886369
33,1,51,421.735887,-187.874037
33,1,52,428.306742,-187.859089
33,1,53,434.804014,-187.840266
33,1,54,441.262694,-187.816309
33,1,55,447.717767,-187.785958
33,1,56,454.204223,-187.747954
33,1,57,460.757048,-187.701038
33,1,58,467.411230,-187.643950
33,1,59,474.201757,-187.575430
33,1,60,481.163617,-187.494221
33,1,61,488.331798,-187.399061
33,1,62,495.732338,-187.287363
33,1,63,503.355485,-187.151218
33,1,64,511.182536,-186.981388
33,1,65,519.194789,-186.768637
33,1,66,527.373542,-186.503726
33,1,67,535.700094,-186.177417
33,1,68,544.155742,-185.780473
33,1,69,552.721784,-185.303657
33,1,70,561.379519,-184.737731
33,1,71,570.110243,-184.073457
33,1,72,578.895257,-183.301597
33,1,73,587.715856,-182.412915
33,1,74,596.552159,-181.394802
33,1,75,605.379553,-180.221178
33,1,76,614.172248,-178.862591
33,1,77,622.904450,-177.289590
33,1,78,631.550367,-175.472724
33,1,79,640.084207,-173.382541
33,1,80,648.480178,-170.989592
33,1,81,656.712487,-168.264424
33,1,82,664.755343,-165.177587
33,1,83,672.582952,-161.699629
33,1,84,680.169524,-157.801099
33,1,85,687.489264,-153.452547
33,1,86,694.523266,-148.638354
33,1,87,701.280158,-143.398233
33,1,88,707.775454,-137.785728
33,1,89,714.024668,-131.854385
33,1,90,720.043314,-125.657750
33,1,91,725.846904,-119.249368
33,1,92,731.450952,-112.682783
33,1,93,736.870972,-106.011542
33,1,94,742.122478,-99.289190
33,1,95,747.220982,-92.569271
33,1,96,752.181999,-85.905332
33,1,97,757.021042,-79.350917
33,1,98,761.755653,-72.942719
33,1,99,766.411487,-66.650014
33,1,100,771.016228,-60.425228
33,1,101,775.597560,-54.220783
33,1,102,780.183167,-47.989104
33,1,103,784.800731,-41.682615
33,1,104,789.477938,-35.253741
33,1,105,794.242471,-28.654904
33,1,106,799.122013,-21.838530
33,1,107,804.144248,-14.757042
33,1,108,809.336860,-7.362865
33,1,109,814.727532,0.391579
33,1,110,820.364653,8.520946
33,1,111,826.379422,16.908228
33,1,112,832.923744,25.403495
33,1,113,840.149523,33.856820
33,1,114,848.208663,42.118275
33,1,115,857.253069,50.037931
33,1,116,867.434645,57.465862
33,1,117,878.905295,64.252139
33,1,118,891.816924,70.246834
33,1,119,906.321435,75.300019
33,1,120,922.570733,79.261767
33,1,121,940.716722,81.982149
33,2,1,0.000000,0.000000
33,2,2,13.487197,18.053377
33,2,3,25.884013,34.837496
33,2,4,37.302324,50.400345
33,2,5,47.854005,64.789914
33,2,6,57.650933,78.054191
33,2,7,66.804983,90.241166
33,2,8,75.428031,101.398828
33,2,9,83.631953,111.575165
33,2,10,91.528624,120.818167
33,2,11,99.229921,129.175822
33,2,12,106.847719,136.696120
33,2,13,114.493893,143.427050
33,2,14,122.259772,149.417133
33,2,15,130.154485,154.717020
33,2,16,138.166616,159.377894
33,2,17,146.284747,163.450938
33,2,18,154.497459,166.987335
33,2,19,162.793335,170.038269
33,2,20,171.160958,172.654922
33,2,21,179.588909,174.888478
33,2,22,188.065771,176.790120
33,2,23,196.580127,178.411032
33,2,24,205.120558,179.802395
33,2,25,213.675646,181.015394
33,2,26,222.234417,182.094021
33,2,27,230.787661,183.053509
33,2,28,239.326612,183.901900
33,2,29,247.842503,184.647237
33,2,30,256.326568,185.297561
33,2,31,264.770041,185.860915
33,2,32,273.164155,186.345341
33,2,33,281.500143,186.758882
33,2,34,289.769240,187.109579
33,2,35,297.962677,187.405475
33,2,36,306.071690,187.654612
33,2,37,314.087511,187.865033
33,2,38,322.006086,188.043856
33,2,39,329.842206,188.194509
33,2,40,337.615376,188.319497
33,2,41,345.345098,188.421322
33,2,42,353.050877,188.502491
33,2,43,360.752215,188.565506
33,2,44,368.468617,188.612872
33,2,45,376.219587,188.647093
33,2,46,384.024627,188.670673
33,2,47,391.903241,188.686117
33,2,48,399.874933,188.695928
33,2,49,407.959207,188.702612
33,2,50,416.170115,188.708224
33,2,51,424.499905,188.713027
33,2,52,432.935374,188.716838
33,2,53,441.463320,188.719471
33,2,54,450.070540,188.720743
33,2,55,458.743831,188.720469
33,2,56,467.469990,188.718464
33,2,57,476.235814,188.714545
33,2,58,485.028101,188.708526
33,2,59,493.833647,188.700223
33,2,60,502.639250,188.689453
33,2,61,511.431707,188.676029
33,2,62,520.197514,188.658726
33,2,63,528.921966,188.632139
33,2,64,537.590057,188.589825
33,2,65,546.186780,188.525337
33,2,66,554.697129,188.432230
33,2,67,563.106097,188.304058
33,2,68,571.398679,188.134376
33,2,69,579.559868,187.916739
33,2,70,587.574657,187.644700
33,2,71,595.428041,187.311815
33,2,72,603.105013,186.911637
33,2,73,610.590567,186.437722
33,2,74,617.877417,185.885386
33,2,75,624.989167,185.256992
33,2,76,631.957139,184.556668
33,2,77,638.812658,183.788539
33,2,78,645.587045,182.956732
33,2,79,652.311626,182.065373
33,2,80,659.017723,181.118588
33,2,81,665.736661,180.120504
33,2,82,672.499762,179.075246
33,2,83,679.338350,177.986942
33,2,84,686.283748,176.859716
33,2,85,693.367281,175.697696
33,2,86,700.610750,174.500598
33,2,87,707.997880,173.250496
33,2,88,715.502870,171.925058
33,2,89,723.099923,170.501948
33,2,90,730.763241,168.958833
33,2,91,738.467025,167.273377
33,2,92,746.185477,165.423246
33,2,93,753.892800,163.386106
33,2,94,761.563194,161.139623
33,2,95,769.170861,158.661462
33,2,96,776.690004,155.929288
33,2,97,784.094824,152.920768
33,2,98,791.372670,149.626649
33,2,99,798.563485,146.090011
33,2,100,805.720359,142.367014
33,2,101,812.896381,138.513819
33,2,102,820.144642,134.586588
33,2,103,827.518232,130.641482
33,2,104,835.070239,126.734662
33,2,105,842.853755,122.922289
33,2,106,850.921870,119.260525
33,2,107,859.327672,115.805531
33,2,108,868.124253,112.613467
33,2,109,877.364701,109.740496
33,2,110,887.106624,107.223106
33,2,111,897.425690,105.019094
33,2,112,908.402084,103.066588
33,2,113,920.115993,101.303713
33,2,114,932.647600,99.668595
33,2,115,946.077093,98.099360
33,2,116,960.484655,96.534133
33,2,117,975.950472,94.911042
33,2,118,992.554730,93.168211
33,2,119,1010.377614,91.243766
33,2,120,1029.499309,89.075834
33,2,121,1050.000000,86.602540
34,1,1,0.000000,0.000000
34,1,2,12.367640,-18.659679
34,1,3,23.901004,-35.978119
34,1,4,34.686641,-52.005014
34,1,5,44.811095,-66.790058
34,1,6,54.360915,-80.382945
34,1,7,63.422645,-92.833367
34,1,8,72.082834,-104.191020
34,1,9,80.428028,-114.505597
34,1,10,88.544772,-123.826791
34,1,11,96.519615,-132.204297
34,1,12,104.439102,-139.687808
34,1,13,112.389780,-146.327017
34,1,14,120.442034,-152.173205
34,1,15,128.601603,-157.283989
34,1,16,136.858062,-161.718573
34,1,17,145.200989,-165.536163
34,1,18,153.619960,-168.795962
34,1,19,162.104551,-171.557174
34,1,20,170.644339,-173.879004
34,1,21,179.228902,-175.820655
34,1,22,187.847814,-177.441332
34,1,23,196.490654,-178.800239
34,1,24,205.146997,-179.956580
34,1,25,213.806419,-180.969559
34,1,26,222.459608,-181.889140
34,1,27,231.101684,-182.728325
34,1,28,239.728878,-183.490877
34,1,29,248.337422,-184.180558
34,1,30,256.923546,-184.801129
34,1,31,265.483480,-185.356352
34,1,32,274.013457,-185.849991
34,1,33,282.509706,-186.285806
34,1,34,290.968459,-186.667561
34,1,35,299.385946,-186.999016
34,1,36,307.758399,-187.283935
34,1,37,316.082048,-187.526078
34,1,38,324.351880,-187.729124
34,1,39,332.557913,-187.896409
34,1,40,340.688918,-188.031184
34,1,41,348.733668,-188.136701
34,1,42,356.680937,-188.216211
34,1,43,364.519496,-188.272966
34,1,44,372.238118,-188.310218
34,1,45,379.825576,-188.331217
34,1,46,387.270643,-188.339217
34,1,47,394.562092,-188.337467
34,1,48,401.688695,-188.329220
34,1,49,408.639224,-188.317727
34,1,50,415.410418,-188.305482
34,1,51,422.030869,-188.291952
34,1,52,428.537137,-188.275845
34,1,53,434.965779,-188.255869
34,1,54,441.353353,-188.230734
34,1,55,447.736419,-188.199148
34,1,56,454.151533,-188.159818
34,1,57,460.635255,-188.111456
34,1,58,467.224143,-188.052768
34,1,59,473.954755,-187.982463
34,1,60,480.863649,-187.899250
34,1,61,487.987383,-187.801838
34,1,62,495.353166,-187.687564
34,1,63,502.950805,-187.548278
34,1,64,510.760757,-187.374458
34,1,65,518.763480,-187.156583
34,1,66,526.939432,-186.885131
34,1,67,535.269069,-186.550582
34,1,68,543.732849,-186.143414
34,1,69,552.311229,-185.654104
34,1,70,560.984667,-185.073133
34,1,71,569.733620,-184.390978
34,1,72,578.538545,-183.598118
34,1,73,587.379901,-182.685031
34,1,74,596.237122,-181.638974
34,1,75,605.085565,-180.434310
34,1,76,613.899561,-179.042180
34,1,77,622.653445,-177.433725
34,1,78,631.321549,-175.580087
34,1,79,639.878208,-173.452406
34,1,80,648.297754,-171.021823
34,1,81,656.554520,-168.259480
34,1,82,664.622841,-165.136518
34,1,83,672.477050,-161.624077
34,1,84,680.091479,-157.693299
34,1,85,687.440463,-153.315325
34,1,86,694.505114,-148.475043
34,1,87,701.293664,-143.212327
34,1,88,707.821124,-137.580799
34,1,89,714.102507,-131.634081
34,1,90,720.152822,-125.425795
34,1,91,725.987081,-119.009562
34,1,92,731.620297,-112.439004
34,1,93,737.067479,-105.767743
34,1,94,742.343640,-99.049400
34,1,95,747.463791,-92.337597
34,1,96,752.442942,-85.685955
34,1,97,757.296107,-79.148097
34,1,98,762.040524,-72.760696
34,1,99,766.702352,-66.492627
34,1,100,771.309978,-60.295818
34,1,101,775.891788,-54.122198
34,1,102,780.476171,-47.923694
34,1,103,785.091512,-41.652234
34,1,104,789.766198,-35.259746
34,1,105,794.528617,-28.698157
34,1,106,799.407156,-21.919395
34,1,107,804.430201,-14.875388
34,1,108,809.626140,-7.518064
34,1,109,815.023360,0.200649
34,1,110,820.670303,8.296049
34,1,111,826.695642,16.652330
34,1,112,833.248104,25.120911
34,1,113,840.476417,33.553211
34,1,114,848.529309,41.800650
34,1,115,857.555508,49.714647
34,1,116,867.703741,57.146621
34,1,117,879.122737,63.947991
34,1,118,891.961222,69.970177
34,1,119,906.367926,75.064597
34,1,120,922.491576,79.082672
34,1,121,940.480899,81.875819
34,2,1,0.000000,0.000000
34,2,2,13.529278,17.967120
34,2,3,25.965953,34.678914
34,2,4,37.421910,50.182554
34,2,5,48.009036,64.525215
34,2,6,57.839215,77.754071
34,2,7,67.024333,89.916294
34,2,8,75.676278,101.059058
34,2,9,83.906933,111.229537
34,2,10,91.828185,120.474905
34,2,11,99.551920,128.842334
34,2,12,107.190023,136.378998
34,2,13,114.854381,143.132071
34,2,14,122.636370,149.149278
34,2,15,130.545329,154.480553
34,2,16,138.570088,159.176379
34,2,17,146.699479,163.287242
34,2,18,154.922331,166.863626
34,2,19,163.227475,169.956016
34,2,20,171.603741,172.614897
34,2,21,180.039959,174.890753
34,2,22,188.524960,176.834069
34,2,23,197.047574,178.495331
34,2,24,205.596632,179.925022
34,2,25,214.160963,181.173627
34,2,26,222.729771,182.284591
34,2,27,231.293748,183.273193
34,2,28,239.843960,184.147675
34,2,29,248.371472,184.916275
34,2,30,256.867350,185.587234
34,2,31,265.322658,186.168791
34,2,32,273.728463,186.669186
34,2,33,282.075829,187.096659
34,2,34,290.355823,187.459449
34,2,35,298.559509,187.765798
34,2,36,306.677953,188.023944
34,2,37,314.702219,188.242127
34,2,38,322.628068,188.427645
34,2,39,330.470033,188.584027
34,2,40,338.247341,188.713860
34,2,41,345.979219,188.819731
34,2,42,353.684895,188.904228
34,2,43,361.383595,188.969936
34,2,44,369.094548,189.019444
34,2,45,376.836980,189.055338
34,2,46,384.630119,189.080204
34,2,47,392.493192,189.096631
34,2,48,400.445426,189.107205
34,2,49,408.506049,189.114513
34,2,50,416.689043,189.120677
34,2,51,424.987415,189.125959
34,2,52,433.388926,189.130155
34,2,53,441.881339,189.133063
34,2,54,450.452416,189.134480
34,2,55,459.089918,189.134202
34,2,56,467.781607,189.132026
34,2,57,476.515246,189.127749
34,2,58,485.278597,189.121168
34,2,59,494.059420,189.112080
34,2,60,502.845479,189.100282
34,2,61,511.624535,189.085570
34,2,62,520.383698,189.066675
34,2,63,529.107473,189.038067
34,2,64,537.779711,188.993148
34,2,65,546.384265,188.925321
34,2,66,554.904987,188.827988
34,2,67,563.325729,188.694554
34,2,68,571.630343,188.518419
34,2,69,579.802682,188.292989
34,2,70,587.826598,188.011664
34,2,71,595.685943,187.667849
34,2,72,603.364569,187.254946
34,2,73,610.846328,186.766358
34,2,74,618.123118,186.197300
34,2,75,625.219017,185.550236
34,2,76,632.166149,184.829444
34,2,77,638.996636,184.039199
34,2,78,645.742602,183.183779
34,2,79,652.436171,182.267461
34,2,80,659.109466,181.294521
34,2,81,665.794609,180.269236
34,2,82,672.523726,179.195882
34,2,83,679.328938,178.078736
34,2,84,686.242369,176.922076
34,2,85,693.296144,175.730177
34,2,86,700.512766,174.503000
34,2,87,707.876270,173.223239
34,2,88,715.361070,171.869271
34,2,89,722.941582,170.419473
34,2,90,730.592222,168.852223
34,2,91,738.287404,167.145898
34,2,92,746.001544,165.278875
34,2,93,753.709057,163.229532
34,2,94,761.384359,160.976246
34,2,95,769.001865,158.497394
34,2,96,776.535991,155.771353
34,2,97,783.961150,152.776501
34,2,98,791.264725,149.503956
34,2,99,798.485955,145.995797
34,2,100,805.677046,142.306845
34,2,101,812.890203,138.491920
34,2,102,820.177632,134.605841
34,2,103,827.591538,130.703430
34,2,104,835.184127,126.839507
34,2,105,843.007604,123.068892
34,2,106,851.114175,119.446404
34,2,107,859.556044,116.026866
34,2,108,868.385419,112.865095
34,2,109,877.654503,110.015914
34,2,110,887.420026,107.514721
34,2,111,897.756810,105.319230
34,2,112,908.744200,103.367736
34,2,113,920.461542,101.598531
34,2,114,932.988182,99.949910
34,2,115,946.403464,98.360165
34,2,116,960.786734,96.767590
34,2,117,976.217338,95.110479
34,2,118,992.774621,93.327125
34,2,119,1010.537929,91.355821
34,2,120,1029.586607,89.134862
34,2,121,1050.000000,86.602540
35,1,1,0.000000,0.000000
35,1,2,12.381191,-18.595807
35,1,3,23.930614,-35.863286
35,1,4,34.734444,-51.851161
35,1,5,44.878857,-66.608156
35,1,6,54.450028,-80.182998
35,1,7,63.534134,-92.624410
35,1,8,72.217349,-103.981119
35,1,9,80.585850,-114.301848
35,1,10,88.725812,-123.635324
35,1,11,96.723411,-132.030270
35,1,12,104.664823,-139.535412
35,1,13,112.636222,-146.199475
35,1,14,120.707709,-152.072867
35,1,15,128.885080,-157.212731
35,1,16,137.158056,-161.677892
35,1,17,145.516357,-165.527178
35,1,18,153.949704,-168.819413
35,1,19,162.447817,-171.613423
35,1,20,171.000416,-173.968036
35,1,21,179.597222,-175.942076
35,1,22,188.227955,-177.594370
35,1,23,196.882336,-178.983743
35,1,24,205.550086,-180.169022
35,1,25,214.220925,-181.209033
35,1,26,222.885647,-182.153439
35,1,27,231.539343,-183.015254
35,1,28,240.178181,-183.798330
35,1,29,248.798324,-184.506519
35,1,30,257.395938,-185.143672
35,1,31,265.967190,-185.713641
35,1,32,274.508244,-186.220277
35,1,33,283.015266,-186.667433
35,1,34,291.484421,-187.058959
35,1,35,299.911876,-187.398708
35,1,36,308.293795,-187.690531
35,1,37,316.626345,-187.938279
35,1,38,324.904345,-188.145724
35,1,39,333.117235,-188.316311
35,1,40,341.253109,-188.453405
35,1,41,349.300060,-188.560369
35,1,42,357.246184,-188.640569
35,1,43,365.079574,-188.697369
35,1,44,372.788325,-188.734134
35,1,45,380.360530,-188.754228
35,1,46,387.784283,-188.761016
35,1,47,395.047679,-188.757862
35,1,48,402.138811,-188.748130
35,1,49,409.045775,-188.735186
35,1,50,415.765003,-188.721612
35,1,51,422.326294,-188.706863
35,1,52,428.767783,-188.689612
35,1,53,435.127607,-188.668531
35,1,54,441.443904,-188.642295
35,1,55,447.754811,-188.609576
35,1,56,454.098464,-188.569047
35,1,57,460.512999,-188.519381
35,1,58,467.036555,-188.459252
35,1,59,473.707268,-188.387332
35,1,60,480.563275,-188.302294
35,1,61,487.642712,-188.202812
35,1,62,494.973962,-188.086146
35,1,63,502.546384,-187.943903
35,1,64,510.339583,-187.766278
35,1,65,518.333163,-187.543467
35,1,66,526.506730,-187.265664
35,1,67,534.839887,-186.923064
35,1,68,543.312240,-186.505863
35,1,69,551.903393,-186.004254
35,1,70,560.592951,-185.408434
35,1,71,569.360518,-184.708597
35,1,72,578.185699,-183.894938
35,1,73,587.048099,-182.957651
35,1,74,595.926466,-181.883857
35,1,75,604.796126,-180.648368
35,1,76,613.631548,-179.222921
35,1,77,622.407202,-177.579255
35,1,78,631.097557,-175.689107
35,1,79,639.677081,-173.524213
35,1,80,648.120246,-171.056313
35,1,81,656.401519,-168.257143
35,1,82,664.495371,-165.098440
35,1,83,672.376270,-161.551943
35,1,84,680.018687,-157.589388
35,1,85,687.397090,-153.182514
35,1,86,694.492619,-148.316713
35,1,87,701.313089,-143.032003
35,1,88,707.872988,-137.382058
35,1,89,714.186801,-131.420553
35,1,90,720.269015,-125.201159
35,1,91,726.134115,-118.777552
35,1,92,731.796589,-112.203405
35,1,93,737.270921,-105.532392
35,1,94,742.571598,-98.818186
35,1,95,747.713106,-92.114461
35,1,96,752.709932,-85.474891
35,1,97,757.576561,-78.953149
35,1,98,762.329921,-72.585877
35,1,99,766.996705,-66.341581
35,1,100,771.606048,-60.171736
35,1,101,776.187083,-54.027815
35,1,102,780.768946,-47.861292
35,1,103,785.380770,-41.623641
35,1,104,790.051690,-35.266337
35,1,105,794.810840,-28.740854
35,1,106,799.687355,-21.998665
35,1,107,804.710370,-14.991244
35,1,108,809.909017,-7.670066
35,1,109,815.312433,0.013396
35,1,110,820.969148,8.075049
35,1,111,827.005280,16.400335
35,1,112,833.566345,24.842075
35,1,113,840.797858,33.253092
35,1,114,848.845334,41.486208
35,1,115,857.854290,49.394245
35,1,116,867.970239,56.830026
35,1,117,879.338697,63.646373
35,1,118,892.105180,69.696109
35,1,119,906.415202,74.832056
35,1,120,922.414280,78.907037
35,1,121,940.247928,81.773873
35,2,1,0.000000,0.000000
35,2,2,13.567844,17.882317
35,2,3,26.041784,34.522860
35,2,4,37.533617,49.968021
35,2,5,48.155138,64.264192
35,2,6,58.018145,77.457764
35,2,7,67.234431,89.595129
35,2,8,75.915794,100.722678
35,2,9,84.174029,110.886803
35,2,10,92.120932,120.133895
35,2,11,99.868299,128.510346
35,2,12,107.527926,136.062548
35,2,13,115.211609,142.836892
35,2,14,123.010694,148.880337
35,2,15,130.934726,154.242113
35,2,16,138.972801,158.972018
35,2,17,147.114012,163.119849
35,2,18,155.347457,166.735404
35,2,19,163.662230,169.868481
35,2,20,172.047426,172.568877
35,2,21,180.492141,174.886389
35,2,22,188.985470,176.870816
35,2,23,197.516508,178.571954
35,2,24,206.074351,180.039602
35,2,25,214.648093,181.323557
35,2,26,223.227129,182.466721
35,2,27,231.802054,183.484413
35,2,28,240.363761,184.385057
35,2,29,248.903143,185.177077
35,2,30,257.411093,185.868897
35,2,31,265.878505,186.468940
35,2,32,274.296273,186.985630
35,2,33,282.655289,187.427390
35,2,34,290.946447,187.802645
35,2,35,299.160641,188.119817
35,2,36,307.288764,188.387332
35,2,37,315.321709,188.613612
35,2,38,323.255043,188.806123
35,2,39,331.103021,188.968496
35,2,40,338.884572,189.103403
35,2,41,346.618627,189.213518
35,2,42,354.324112,189.301512
35,2,43,362.019958,189.370058
35,2,44,369.725094,189.421829
35,2,45,377.458447,189.459497
35,2,46,385.238948,189.485735
35,2,47,393.085525,189.503216
35,2,48,401.017107,189.514612
35,2,49,409.052623,189.522596
35,2,50,417.205979,189.529357
35,2,51,425.470986,189.535156
35,2,52,433.836435,189.539769
35,2,53,442.291113,189.542974
35,2,54,450.823811,189.544547
35,2,55,459.423316,189.544265
35,2,56,468.078419,189.541906
35,2,57,476.777908,189.537245
35,2,58,485.510572,189.530062
35,2,59,494.265200,189.520131
35,2,60,503.030581,189.507231
35,2,61,511.795505,189.491138
35,2,62,520.547740,189.470541
35,2,63,529.270972,189.439775
35,2,64,537.947867,189.392086
35,2,65,546.561093,189.320721
35,2,66,555.093316,189.218927
35,2,67,563.527201,189.079948
35,2,68,571.845415,188.897033
35,2,69,580.030624,188.663428
35,2,70,588.065494,188.372379
35,2,71,595.932693,188.017132
35,2,72,603.614885,187.590934
35,2,73,611.094738,187.087032
35,2,74,618.363293,186.500540
35,2,75,625.445095,185.834049
35,2,76,632.373066,185.092018
35,2,77,639.180125,184.278905
35,2,78,645.899194,183.399170
35,2,79,652.563193,182.457271
35,2,80,659.205044,181.457667
35,2,81,665.857666,180.404817
35,2,82,672.553980,179.303179
35,2,83,679.326908,178.157214
35,2,84,686.209370,176.971378
35,2,85,693.234286,175.750132
35,2,86,700.424863,174.493698
35,2,87,707.765439,173.185353
35,2,88,715.230642,171.804136
35,2,89,722.795095,170.329088
35,2,90,730.433423,168.739249
35,2,91,738.120253,167.013660
35,2,92,745.830208,165.131361
35,2,93,753.537914,163.071392
35,2,94,761.217996,160.812793
35,2,95,768.845079,158.334605
35,2,96,776.393788,155.615867
35,2,97,783.838748,152.635621
35,2,98,791.167370,149.385316
35,2,99,798.418207,145.906042
35,2,100,805.642599,142.251295
35,2,101,812.891884,138.474576
35,2,102,820.217403,134.629382
35,2,103,827.670494,130.769212
35,2,104,835.302496,126.947564
35,2,105,843.164749,123.217938
35,2,106,851.308592,119.633831
35,2,107,859.785365,116.248741
35,2,108,868.646406,113.116169
35,2,109,877.943054,110.289611
35,2,110,887.731182,107.803405
35,2,111,898.084791,105.615243
35,2,112,909.082417,103.663653
35,2,113,920.802594,101.887167
35,2,114,933.323856,100.224312
35,2,115,946.724738,98.613620
35,2,116,961.083776,96.993620
35,2,117,976.479503,95.302842
35,2,118,992.990454,93.479815
35,2,119,1010.695164,91.463069
35,2,120,1029.672168,89.191134
35,2,121,1050.000000,86.602540
36,1,1,0.000000,0.000000
36,1,2,12.394596,-18.532593
36,1,3,23.959897,-35.749716
36,1,4,34.781714,-51.699124
36,1,5,44.945857,-66.428572
36,1,6,54.538138,-79.985817
36,1,7,63.644368,-92.418613
36,1,8,72.350358,-103.774716
36,1,9,80.741920,-114.101881
36,1,10,88.904864,-123.447863
36,1,11,96.925001,-131.860419
36,1,12,104.888143,-139.387303
36,1,13,112.880102,-146.076270
36,1,14,120.970695,-151.976860
36,1,15,129.165780,-157.145743
36,1,16,137.455217,-161.641374
36,1,17,145.828872,-165.522207
36,1,18,154.276606,-168.846696
36,1,19,162.788284,-171.673295
36,1,20,171.353768,-174.060459
36,1,21,179.962921,-176.066642
36,1,22,188.605608,-177.750298
36,1,23,197.271691,-179.169881
36,1,24,205.951033,-180.383846
36,1,25,214.633497,-181.450647
36,1,26,223.309987,-182.419652
36,1,27,231.975557,-183.303885
36,1,28,240.626303,-184.107285
36,1,29,249.258321,-184.833791
36,1,30,257.867704,-185.487340
36,1,31,266.450550,-186.071870
36,1,32,275.002952,-186.591321
36,1,33,283.521005,-187.049631
36,1,34,292.000806,-187.450738
36,1,35,300.438448,-187.798579
36,1,36,308.830028,-188.097095
36,1,37,317.171639,-188.350222
36,1,38,325.457932,-188.561824
36,1,39,333.677770,-188.735458
36,1,40,341.818570,-188.874608
36,1,41,349.867749,-188.982755
36,1,42,357.812725,-189.063382
36,1,43,365.640915,-189.119973
36,1,44,373.339736,-189.156008
36,1,45,380.896607,-189.174971
36,1,46,388.298944,-189.180343
36,1,47,395.534164,-189.175609
36,1,48,402.589686,-189.164249
36,1,49,409.452926,-189.149746
36,1,50,416.120019,-189.134776
36,1,51,422.621971,-189.118780
36,1,52,428.998506,-189.100392
36,1,53,435.289345,-189.078248
36,1,54,441.534213,-189.050981
36,1,55,447.772832,-189.017226
36,1,56,454.044925,-188.975618
36,1,57,460.390217,-188.924790
36,1,58,466.848429,-188.863378
36,1,59,473.459285,-188.790015
36,1,60,480.262508,-188.703337
36,1,61,487.297822,-188.601976
36,1,62,494.594784,-188.483115
36,1,63,502.142301,-188.338118
36,1,64,509.919111,-188.156896
36,1,65,517.903955,-187.929359
36,1,66,526.075574,-187.645420
36,1,67,534.412706,-187.294988
36,1,68,542.894093,-186.867975
36,1,69,551.498475,-186.354292
36,1,70,560.204591,-185.743849
36,1,71,568.991183,-185.026559
36,1,72,577.836990,-184.192331
36,1,73,586.720752,-183.231076
36,1,74,595.620522,-182.129778
36,1,75,604.511602,-180.863701
36,1,76,613.368605,-179.405185
36,1,77,622.166147,-177.726565
36,1,78,630.878840,-175.800180
36,1,79,639.481299,-173.598367
36,1,80,647.948138,-171.093463
36,1,81,656.253971,-168.257806
36,1,82,664.373413,-165.063734
36,1,83,672.281077,-161.483584
36,1,84,679.951577,-157.489693
36,1,85,687.359527,-153.054399
36,1,86,694.486097,-148.163600
36,1,87,701.338672,-142.857438
36,1,88,707.931195,-137.189618
36,1,89,714.277606,-131.213843
36,1,90,720.391847,-124.983815
36,1,91,726.287859,-118.553239
36,1,92,731.979584,-111.975818
36,1,93,737.480963,-105.305255
36,1,94,742.805937,-98.595253
36,1,95,747.968448,-91.899517
36,1,96,752.982436,-85.271749
36,1,97,757.861844,-78.765653
36,1,98,762.623276,-72.417825
36,1,99,767.293992,-66.196433
36,1,100,771.903913,-60.052540
36,1,101,776.482964,-53.937205
36,1,102,781.061066,-47.801490
36,1,103,785.668143,-41.596456
36,1,104,790.334117,-35.273164
36,1,105,795.088911,-28.782676
36,1,106,799.962448,-22.076053
36,1,107,804.984651,-15.104356
36,1,108,810.185442,-7.818645
36,1,109,815.594744,-0.169982
36,1,110,821.261204,7.858128
36,1,111,827.308367,16.152410
36,1,112,833.878501,24.567147
36,1,113,841.113876,32.956620
36,1,114,849.156760,41.175111
36,1,115,858.149423,49.076901
36,1,116,868.234132,56.516272
36,1,117,879.553157,63.347507
36,1,118,892.248768,69.424886
36,1,119,906.463231,74.602692
36,1,120,922.338818,78.735206
36,1,121,940.017795,81.676710
36,2,1,0.000000,0.000000
36,2,2,13.603145,17.798871
36,2,3,26.111942,34.369168
36,2,4,37.638003,49.756530
36,2,5,48.292944,64.006599
36,2,6,58.188377,77.165013
36,2,7,67.435916,89.277414
36,2,8,76.147176,100.389441
36,2,9,84.433769,110.546735
36,2,10,92.407311,119.794935
36,2,11,100.179414,128.179682
36,2,12,107.861694,135.746615
36,2,13,115.565762,142.541376
36,2,14,123.382861,148.610184
36,2,15,131.322739,154.001582
36,2,16,139.374771,158.764692
36,2,17,147.528333,162.948637
36,2,18,155.772800,166.602540
36,2,19,164.097549,169.775524
36,2,20,172.491954,172.516711
36,2,21,180.945391,174.875224
36,2,22,189.447236,176.900186
36,2,23,197.986865,178.640719
36,2,24,206.553652,180.145946
36,2,25,215.136974,181.464990
36,2,26,223.726429,182.640219
36,2,27,232.312512,183.686980
36,2,28,240.885941,184.613868
36,2,29,249.437433,185.429475
36,2,30,257.957706,186.142396
36,2,31,266.437478,186.761222
36,2,32,274.867467,187.294549
36,2,33,283.238391,187.750969
36,2,34,291.540966,188.139075
36,2,35,299.765912,188.467461
36,2,36,307.903946,188.744721
36,2,37,315.945785,188.979447
36,2,38,323.886796,189.179261
36,2,39,331.740940,189.347897
36,2,40,339.526823,189.488115
36,2,41,347.263056,189.602676
36,2,42,354.968245,189.694342
36,2,43,362.661001,189.765874
36,2,44,370.359931,189.820033
36,2,45,378.083643,189.859581
36,2,46,385.850747,189.887277
36,2,47,393.679850,189.905884
36,2,48,401.589561,189.918163
36,2,49,409.598489,189.926874
36,2,50,417.720454,189.934279
36,2,51,425.950123,189.940633
36,2,52,434.277375,189.945693
36,2,53,442.692089,189.949215
36,2,54,451.184145,189.950955
36,2,55,459.743422,189.950667
36,2,56,468.359798,189.948109
36,2,57,477.023154,189.943036
36,2,58,485.723367,189.935205
36,2,59,494.450318,189.924370
36,2,60,503.193885,189.910288
36,2,61,511.943947,189.892715
36,2,62,520.688977,189.870295
36,2,63,529.411817,189.837226
36,2,64,538.093903,189.786595
36,2,65,546.716671,189.711488
36,2,66,555.261556,189.604993
36,2,67,563.709993,189.460195
36,2,68,572.043420,189.270182
36,2,69,580.243271,189.028039
36,2,70,588.290981,188.726853
36,2,71,596.167988,188.359712
36,2,72,603.855726,187.919702
36,2,73,611.335630,187.399908
36,2,74,618.597851,186.795349
36,2,75,625.667388,186.108763
36,2,76,632.577956,185.344820
36,2,77,639.363268,184.508188
36,2,78,646.057038,183.603536
36,2,79,652.692981,182.635534
36,2,80,659.304811,181.608851
36,2,81,665.926240,180.528157
36,2,82,672.590983,179.398120
36,2,83,679.332755,178.223409
36,2,84,686.185268,177.008695
36,2,85,693.182238,175.758645
36,2,86,700.347564,174.473761
36,2,87,707.665892,173.137869
36,2,88,715.112057,171.730627
36,2,89,722.660891,170.231693
36,2,90,730.287227,168.620725
36,2,91,737.965898,166.877380
36,2,92,745.671737,164.981317
36,2,93,753.379578,162.912194
36,2,94,761.064254,160.649667
36,2,95,768.700597,158.173397
36,2,96,776.263441,155.463039
36,2,97,783.727618,152.498253
36,2,98,791.080572,149.270785
36,2,99,798.360183,145.820741
36,2,100,805.616943,142.200317
36,2,101,812.901340,138.461708
36,2,102,820.263867,134.657109
36,2,103,827.755014,130.838716
36,2,104,835.425271,127.058724
36,2,105,843.325128,123.369328
36,2,106,851.505077,119.822724
36,2,107,860.015608,116.471107
36,2,108,868.907211,113.366672
36,2,109,878.230378,110.561614
36,2,110,888.040141,108.089236
36,2,111,898.409710,105.907261
36,2,112,909.416835,103.954521
36,2,113,921.139268,102.169847
36,2,114,933.654760,100.492070
36,2,115,947.041064,98.860020
36,2,116,961.375930,97.212529
36,2,117,976.737110,95.488428
36,2,118,993.202356,93.626548
36,2,119,1010.849418,91.565719
36,2,120,1029.756049,89.244773
36,2,121,1050.000000,86.602540
37,1,1,0.000000,0.000000
37,1,2,12.407767,-18.470096
37,1,3,23.988696,-35.637519
37,1,4,34.828236,-51.549056
37,1,5,45.011841,-66.251493
37,1,6,54.624960,-79.791615
37,1,7,63.753047,-92.216207
37,1,8,72.481552,-103.572057
37,1,9,80.895927,-113.905949
37,1,10,89.081624,-123.264671
37,1,11,97.124093,-131.695006
37,1,12,105.108787,-139.243742
37,1,13,113.121157,-145.957664
37,1,14,121.230747,-151.885442
37,1,15,129.443469,-157.083280
37,1,16,137.749328,-161.609269
37,1,17,146.138329,-165.521496
37,1,18,154.600477,-168.878051
37,1,19,163.125777,-171.737022
37,1,20,171.704234,-174.156499
37,1,21,180.325851,-176.194570
37,1,22,188.980635,-177.909325
37,1,23,197.658590,-179.358852
37,1,24,206.349720,-180.601239
37,1,25,215.044032,-181.694577
37,1,26,223.732531,-182.687943
37,1,27,232.410235,-183.594369
37,1,28,241.073164,-184.417880
37,1,29,249.717337,-185.162497
37,1,30,258.338773,-185.832242
37,1,31,266.933493,-186.431138
37,1,32,275.497516,-186.963207
37,1,33,284.026861,-187.432473
37,1,34,292.517548,-187.842956
37,1,35,300.965596,-188.198680
37,1,36,309.367026,-188.503666
37,1,37,317.717856,-188.761938
37,1,38,326.012560,-188.977448
37,1,39,334.239427,-189.153871
37,1,40,342.385200,-189.294812
37,1,41,350.436622,-189.403875
37,1,42,358.380436,-189.484667
37,1,43,366.203385,-189.540791
37,1,44,373.892212,-189.575854
37,1,45,381.433660,-189.593459
37,1,46,388.814471,-189.597213
37,1,47,396.021390,-189.590720
37,1,48,403.041158,-189.577585
37,1,49,409.860519,-189.561413
37,1,50,416.475311,-189.544974
37,1,51,422.917755,-189.527697
37,1,52,429.229168,-189.508175
37,1,53,435.450867,-189.485000
37,1,54,441.624168,-189.456766
37,1,55,447.790387,-189.422066
37,1,56,453.990841,-189.379493
37,1,57,460.266848,-189.327641
37,1,58,466.659722,-189.265102
37,1,59,473.210782,-189.190469
37,1,60,479.961342,-189.102337
37,1,61,486.952721,-188.999297
37,1,62,494.215659,-188.878449
37,1,63,501.738597,-188.730914
37,1,64,509.499397,-188.546316
37,1,65,517.475925,-188.314284
37,1,66,525.646045,-188.024443
37,1,67,533.987622,-187.666419
37,1,68,542.478518,-187.229838
37,1,69,551.096600,-186.704328
37,1,70,559.819731,-186.079513
37,1,71,568.625776,-185.345021
37,1,72,577.492599,-184.490477
37,1,73,586.398063,-183.505509
37,1,74,595.319519,-182.376960
37,1,75,604.232246,-181.080553
37,1,76,613.111012,-179.589228
37,1,77,621.930583,-177.875924
37,1,78,630.665724,-175.913584
37,1,79,639.291202,-173.675146
37,1,80,647.781782,-171.133552
37,1,81,656.112231,-168.261742
37,1,82,664.257315,-165.032656
37,1,83,672.191799,-161.419234
37,1,84,679.890449,-157.394418
37,1,85,687.328032,-152.931146
37,1,86,694.485749,-148.015823
37,1,87,701.370545,-142.688698
37,1,88,707.995800,-137.003483
37,1,89,714.374892,-131.013893
37,1,90,720.521204,-124.773639
37,1,91,726.448114,-118.336434
37,1,92,732.169003,-111.755991
37,1,93,737.697250,-105.086022
37,1,94,743.046236,-98.380241
37,1,95,748.229341,-91.692359
37,1,96,753.259944,-85.076090
37,1,97,758.151426,-78.585146
37,1,98,762.920062,-72.256069
37,1,99,767.593705,-66.056717
37,1,100,772.203105,-59.937778
37,1,101,776.779011,-53.849940
37,1,102,781.352172,-47.743889
37,1,103,785.953336,-41.570314
37,1,104,790.613254,-35.279901
37,1,105,795.362674,-28.823339
37,1,106,800.232344,-22.151315
37,1,107,805.253015,-15.214515
37,1,108,810.455435,-7.963629
37,1,109,815.870353,-0.349343
37,1,110,821.546559,7.645403
37,1,111,827.605002,15.908657
37,1,112,834.184674,24.296219
37,1,113,841.424565,32.663883
37,1,114,849.463666,40.867447
37,1,115,858.440968,48.762708
37,1,116,868.495460,56.205464
37,1,117,879.766135,63.051510
37,1,118,892.391982,69.156645
37,1,119,906.511992,74.376664
37,1,120,922.265157,78.567365
37,1,121,939.790465,81.584546
37,2,1,0.000000,0.000000
37,2,2,13.635402,17.716704
37,2,3,26.176803,34.217701
37,2,4,37.735549,49.547908
37,2,5,48.422987,63.752242
37,2,6,58.350463,76.875619
37,2,7,67.629323,88.962956
37,2,8,76.370914,100.059170
37,2,9,84.686581,110.209177
37,2,10,92.687672,119.457893
37,2,11,100.485532,127.850236
37,2,12,108.191508,135.431123
37,2,13,115.916946,142.245469
37,2,14,123.752913,148.338781
37,2,15,131.709358,153.758931
37,2,16,139.775951,158.554380
37,2,17,147.942363,162.773586
37,2,18,156.198262,166.465013
37,2,19,164.533320,169.677120
37,2,20,172.937205,172.458369
37,2,21,181.399587,174.857219
37,2,22,189.910137,176.922133
37,2,23,198.458524,178.701571
37,2,24,207.034418,180.243993
37,2,25,215.627490,181.597862
37,2,26,224.227553,182.805017
37,2,27,232.825002,183.880828
37,2,28,241.410375,184.834042
37,2,29,249.974212,185.673409
37,2,30,258.507051,186.407675
37,2,31,266.999430,187.045591
37,2,32,275.441889,187.595904
37,2,33,283.824966,188.067363
37,2,34,292.139200,188.468716
37,2,35,300.375129,188.808712
37,2,36,308.523293,189.096100
37,2,37,316.574231,189.339628
37,2,38,324.523101,189.547061
37,2,39,332.383550,189.722236
37,2,40,340.173841,189.868004
37,2,41,347.912242,189.987220
37,2,42,355.617018,190.082735
37,2,43,363.306435,190.157402
37,2,44,370.998758,190.214075
37,2,45,378.712253,190.255606
37,2,46,386.465186,190.284847
37,2,47,394.275823,190.304652
37,2,48,402.162429,190.317874
37,2,49,410.143270,190.327365
37,2,50,418.232072,190.335457
37,2,51,426.424404,190.342401
37,2,52,434.711294,190.347928
37,2,53,443.083770,190.351768
37,2,54,451.532860,190.353651
37,2,55,460.049595,190.353307
37,2,56,468.625001,190.350467
37,2,57,477.250107,190.344860
37,2,58,485.915942,190.336218
37,2,59,494.613535,190.324270
37,2,60,503.333914,190.308747
37,2,61,512.068107,190.289379
37,2,62,520.805335,190.264767
37,2,63,529.527586,190.229001
37,2,64,538.215041,190.175042
37,2,65,546.847880,190.095848
37,2,66,555.406283,189.984382
37,2,67,563.870432,189.833602
37,2,68,572.220505,189.636471
37,2,69,580.436685,189.385947
37,2,70,588.499150,189.074992
37,2,71,596.388082,188.696565
37,2,72,604.083661,188.243628
37,2,73,611.566068,187.709141
37,2,74,618.824529,187.088039
37,2,75,625.884464,186.383161
37,2,76,632.780337,185.599319
37,2,77,639.546616,184.741326
37,2,78,646.217764,183.813995
37,2,79,652.828248,182.822141
37,2,80,659.412533,181.770575
37,2,81,666.005085,180.664111
37,2,82,672.640369,179.507562
37,2,83,679.352851,178.305742
37,2,84,686.176998,177.063462
37,2,85,693.147273,175.785537
37,2,86,700.288244,174.472697
37,2,87,707.584881,173.109349
37,2,88,715.012254,171.675816
37,2,89,722.545435,170.152421
37,2,90,730.159495,168.519489
37,2,91,737.829505,166.757343
37,2,92,745.530535,164.846306
37,2,93,753.237656,162.766703
37,2,94,760.925940,160.498857
37,2,95,768.570458,158.023092
37,2,96,776.146280,155.319732
37,2,97,783.628478,152.369100
37,2,98,791.004551,149.163279
37,2,99,798.311718,145.741385
37,2,100,805.599628,142.154295
37,2,101,812.917929,138.452885
37,2,102,820.316267,134.688030
37,2,103,827.844292,130.910606
37,2,104,835.551652,127.171489
37,2,105,843.487994,123.521555
37,2,106,851.702966,120.011679
37,2,107,860.246216,116.692738
37,2,108,869.167393,113.615607
37,2,109,878.516144,110.831162
37,2,110,888.346676,108.371665
37,2,111,898.731425,106.194928
37,2,112,909.747389,104.240145
37,2,113,921.471562,102.446515
37,2,114,933.980941,100.753232
37,2,115,947.352522,99.099496
37,2,116,961.663299,97.424501
37,2,117,976.990270,95.667445
37,2,118,993.410430,93.767524
37,2,119,1011.000774,91.663935
37,2,120,1029.838299,89.295875
37,2,121,1050.000000,86.602540
38,1,1,0.000000,0.000000
38,1,2,12.420639,-18.408359
38,1,3,24.016892,-35.526776
38,1,4,34.873854,-51.401067
38,1,5,45.076622,-66.077050
38,1,6,54.710290,-79.600540
38,1,7,63.859953,-92.017356
38,1,8,72.610709,-103.373314
38,1,9,81.047652,-113.714232
38,1,10,89.255877,-123.085925
38,1,11,97.320481,-131.534211
38,1,12,105.326558,-139.104907
38,1,13,113.359205,-145.843830
38,1,14,121.487692,-151.798782
38,1,15,129.717988,-157.025503
38,1,16,138.040240,-161.581721
38,1,17,146.444592,-165.525161
38,1,18,154.921189,-168.913550
38,1,19,163.460176,-171.804613
38,1,20,172.051698,-174.256077
38,1,21,180.685900,-176.325668
38,1,22,189.352928,-178.071112
38,1,23,198.042926,-179.550135
38,1,24,206.746039,-180.820464
38,1,25,215.452413,-181.939824
38,1,26,224.153159,-182.957008
38,1,27,232.843257,-183.885075
38,1,28,241.518652,-184.728148
38,1,29,250.175291,-185.490353
38,1,30,258.809119,-186.175813
38,1,31,267.416084,-186.788655
38,1,32,275.992131,-187.333001
38,1,33,284.533206,-187.812976
38,1,34,293.035256,-188.232706
38,1,35,301.494225,-188.596314
38,1,36,309.906062,-188.907926
38,1,37,318.266711,-189.171666
38,1,38,326.570469,-189.391584
38,1,39,334.805037,-189.571443
38,1,40,342.956463,-189.714927
38,1,41,351.010797,-189.825725
38,1,42,358.954091,-189.907524
38,1,43,366.772392,-189.964010
38,1,44,374.451753,-189.998870
38,1,45,381.978222,-190.015792
38,1,46,389.337850,-190.018463
38,1,47,396.516687,-190.010569
38,1,48,403.500781,-189.995798
38,1,49,410.276185,-189.977837
38,1,50,416.838428,-189.959524
38,1,51,423.220968,-189.940308
38,1,52,429.466743,-189.918787
38,1,53,435.618692,-189.893560
38,1,54,441.719752,-189.863227
38,1,55,447.812862,-189.826388
38,1,56,453.940960,-189.781641
38,1,57,460.146985,-189.727586
38,1,58,466.473874,-189.662822
38,1,59,472.964567,-189.585949
38,1,60,479.662000,-189.495565
38,1,61,486.609114,-189.390271
38,1,62,493.837851,-189.267117
38,1,63,501.336180,-189.116967
38,1,64,509.081073,-188.929133
38,1,65,517.049505,-188.692930
38,1,66,525.218448,-188.397673
38,1,67,533.564876,-188.032676
38,1,68,542.065762,-187.587252
38,1,69,550.698081,-187.050717
38,1,70,559.438805,-186.412385
38,1,71,568.264907,-185.661569
38,1,72,577.153362,-184.787584
38,1,73,586.081143,-183.779745
38,1,74,595.024877,-182.624736
38,1,75,603.959817,-181.298725
38,1,76,612.860869,-179.775250
38,1,77,621.702937,-178.027849
38,1,78,630.460929,-176.030060
38,1,79,639.109750,-173.755422
38,1,80,647.624307,-171.177472
38,1,81,655.979505,-168.269749
38,1,82,664.150252,-165.005792
38,1,83,672.111451,-161.359137
38,1,84,679.838011,-157.303323
38,1,85,687.304837,-152.811889
38,1,86,694.493158,-147.871740
38,1,87,701.409493,-142.523246
38,1,88,708.066686,-136.820146
38,1,89,714.477579,-130.816178
38,1,90,720.655015,-124.565081
38,1,91,726.611837,-118.120592
38,1,92,732.360887,-111.536450
38,1,93,737.915008,-104.866394
38,1,94,743.287043,-98.164160
38,1,95,748.489835,-91.483488
38,1,96,753.536225,-84.878116
38,1,97,758.439058,-78.401782
38,1,98,763.214296,-72.090986
38,1,99,767.890386,-65.913278
38,1,100,772.498894,-59.818973
38,1,101,777.071387,-53.758380
38,1,102,781.639432,-47.681815
38,1,103,786.234596,-41.539588
38,1,104,790.888446,-35.282014
38,1,105,795.632549,-28.859403
38,1,106,800.498471,-22.222070
38,1,107,805.517779,-15.320325
38,1,108,810.722040,-8.104483
38,1,109,816.142822,-0.524856
38,1,110,821.829048,7.436187
38,1,111,827.899077,15.668047
38,1,112,834.488623,24.028070
38,1,113,841.733402,32.373600
38,1,114,849.769130,40.561982
38,1,115,858.731522,48.450561
38,1,116,868.756294,55.896682
38,1,117,879.979160,62.757690
38,1,118,892.535837,68.890929
38,1,119,906.562039,74.153744
38,1,120,922.193483,78.403480
38,1,121,939.565884,81.497483
38,2,1,0.000000,0.000000
38,2,2,13.664808,17.635746
38,2,3,26.236701,34.068342
38,2,4,37.826679,49.342006
38,2,5,48.545742,63.500958
38,2,6,58.504888,76.589416
38,2,7,67.815118,88.651599
38,2,8,76.587431,99.731725
38,2,9,84.932826,109.874013
38,2,10,92.962303,119.122683
38,2,11,100.786862,127.521952
38,2,12,108.517502,135.116039
38,2,13,116.265223,141.949163
38,2,14,124.120853,148.066143
38,2,15,132.094541,153.514190
38,2,16,140.176263,158.341119
38,2,17,148.355996,162.594741
38,2,18,156.623717,166.322869
38,2,19,164.969403,169.573316
38,2,20,173.383031,172.393894
38,2,21,181.854578,174.832415
38,2,22,190.374021,176.936694
38,2,23,198.931337,178.754541
38,2,24,207.516503,180.333770
38,2,25,216.119495,181.722193
38,2,26,224.730355,182.961135
38,2,27,233.339375,184.065973
38,2,28,241.936912,185.045595
38,2,29,250.513322,185.908891
38,2,30,259.058962,186.664750
38,2,31,267.564189,187.322059
38,2,32,276.019358,187.889709
38,2,33,284.414826,188.376589
38,2,34,292.740951,188.791586
38,2,35,300.988087,189.143591
38,2,36,309.146593,189.441491
38,2,37,317.206823,189.694177
38,2,38,325.163727,189.909546
38,2,39,333.030613,190.091536
38,2,40,340.825382,190.243096
38,2,41,348.565937,190.367172
38,2,42,356.270176,190.466713
38,2,43,363.956002,190.544665
38,2,44,371.641316,190.603976
38,2,45,379.344017,190.647594
38,2,46,387.082008,190.678466
38,2,47,394.873189,190.699541
38,2,48,402.735461,190.713764
38,2,49,410.686724,190.724085
38,2,50,418.740603,190.732910
38,2,51,426.893612,190.740479
38,2,52,435.137987,190.746493
38,2,53,443.465965,190.750653
38,2,54,451.869784,190.752659
38,2,55,460.341679,190.752211
38,2,56,468.873888,190.749009
38,2,57,477.458648,190.742753
38,2,58,486.088195,190.733144
38,2,59,494.754767,190.719883
38,2,60,503.450599,190.702669
38,2,61,512.167930,190.681202
38,2,62,520.896772,190.654045
38,2,63,529.618250,190.615201
38,2,64,538.311263,190.557538
38,2,65,546.954714,190.473921
38,2,66,555.527501,190.357217
38,2,67,564.008526,190.200292
38,2,68,572.376689,189.996012
38,2,69,580.610891,189.737243
38,2,70,588.690033,189.416851
38,2,71,596.593015,189.027703
38,2,72,604.298737,188.562664
38,2,73,611.786101,188.014601
38,2,74,619.043386,187.378386
38,2,75,626.096388,186.656906
38,2,76,632.980284,185.855059
38,2,77,639.730247,184.977738
38,2,78,646.381455,184.029839
38,2,79,652.969083,183.016257
38,2,80,659.528305,181.941885
38,2,81,666.094299,180.811620
38,2,82,672.702239,179.630356
38,2,83,679.387300,178.402987
38,2,84,686.184659,177.134410
38,2,85,693.129491,175.829518
38,2,86,700.246999,174.489230
38,2,87,707.522494,173.098556
38,2,88,714.931315,171.638529
38,2,89,722.448802,170.090184
38,2,90,730.050293,168.434552
38,2,91,737.711128,166.652669
38,2,92,745.406645,164.725567
38,2,93,753.112183,162.634279
38,2,94,760.803081,160.359840
38,2,95,768.454679,157.883282
38,2,96,776.042314,155.185640
38,2,97,783.541327,152.247946
38,2,98,790.939301,149.062652
38,2,99,798.272803,145.667883
38,2,100,805.590644,142.113180
38,2,101,812.941636,138.448086
38,2,102,820.374591,134.722142
38,2,103,827.938319,130.984891
38,2,104,835.681633,127.285876
38,2,105,843.653344,123.674638
38,2,106,851.902264,120.200720
38,2,107,860.477204,116.913663
38,2,108,869.426976,113.863010
38,2,109,878.800392,111.098304
38,2,110,888.650839,108.650766
38,2,111,899.050007,106.478341
38,2,112,910.074163,104.520651
38,2,113,921.799574,102.717322
38,2,114,934.302506,101.007978
38,2,115,947.659225,99.332242
38,2,116,961.945999,97.629737
38,2,117,977.239092,95.840090
38,2,118,993.614773,93.902922
38,2,119,1011.149307,91.757859
38,2,120,1029.918960,89.344523
38,2,121,1050.000000,86.602540
39,1,1,0.000000,0.000000
39,1,2,12.433162,-18.347414
39,1,3,24.044398,-35.417543
39,1,4,34.918450,-51.255234
39,1,5,45.140060,-65.905337
39,1,6,54.793971,-79.412701
39,1,7,63.964924,-91.822175
39,1,8,72.737662,-103.178609
39,1,9,81.196928,-113.526851
39,1,10,89.427464,-122.911751
39,1,11,97.514012,-131.378158
39,1,12,105.541314,-138.970920
39,1,13,113.594113,-145.734888
39,1,14,121.741409,-151.716996
39,1,15,129.989227,-156.972529
39,1,16,138.327852,-161.558857
39,1,17,146.747569,-165.533350
39,1,18,155.238660,-168.953378
39,1,19,163.791410,-171.876312
39,1,20,172.396104,-174.359522
39,1,21,181.043024,-176.460379
39,1,22,189.722455,-178.236252
39,1,23,198.424681,-179.744512
39,1,24,207.139986,-181.042530
39,1,25,215.858653,-182.187675
39,1,26,224.571898,-183.228460
39,1,27,233.274656,-184.177965
39,1,28,241.962794,-185.040412
39,1,29,250.632178,-185.820022
39,1,30,259.278676,-186.521017
39,1,31,267.898152,-187.147619
39,1,32,276.486475,-187.704051
39,1,33,285.039510,-188.194533
39,1,34,293.553124,-188.623288
39,1,35,302.023184,-188.994537
39,1,36,310.445555,-189.312502
39,1,37,318.816106,-189.581405
39,1,38,327.128951,-189.805395
39,1,39,335.371203,-189.988323
39,1,40,343.528227,-190.133967
39,1,41,351.585384,-190.246107
39,1,42,359.528038,-190.328521
39,1,43,367.341551,-190.384987
39,1,44,375.011286,-190.419283
39,1,45,382.522606,-190.435189
39,1,46,389.860873,-190.436483
39,1,47,397.011451,-190.426942
39,1,48,403.959702,-190.410347
39,1,49,410.690990,-190.390474
39,1,50,417.200543,-190.370239
39,1,51,423.523058,-190.349104
39,1,52,429.703099,-190.325667
39,1,53,435.785230,-190.298525
39,1,54,441.814014,-190.266276
39,1,55,447.834014,-190.227518
39,1,56,453.889794,-190.180850
39,1,57,460.025917,-190.124868
39,1,58,466.286947,-190.058172
39,1,59,472.717448,-189.979359
39,1,60,479.361982,-189.887026
39,1,61,486.265113,-189.779773
39,1,62,493.459991,-189.654597
39,1,63,500.934106,-189.502104
39,1,64,508.663534,-189.311297
39,1,65,516.624352,-189.071184
39,1,66,524.792636,-188.770768
39,1,67,533.144462,-188.399055
39,1,68,541.655906,-187.945050
39,1,69,550.303045,-187.397759
39,1,70,559.061955,-186.746186
39,1,71,567.908712,-185.979338
39,1,72,576.819392,-185.086218
39,1,73,585.770072,-184.055833
39,1,74,594.736655,-182.874708
39,1,75,603.694348,-181.519447
39,1,76,612.618186,-179.964175
39,1,77,621.483203,-178.183016
39,1,78,630.264434,-176.150094
39,1,79,638.936914,-173.839535
39,1,80,647.475677,-171.225463
39,1,81,655.855757,-168.282002
39,1,82,664.052189,-164.983277
39,1,83,672.040008,-161.303412
39,1,84,679.794247,-157.216532
39,1,85,687.289942,-152.696761
39,1,86,694.508343,-147.731500
39,1,87,701.455562,-142.361252
39,1,88,708.143927,-136.639795
39,1,89,714.585768,-130.620910
39,1,90,720.793412,-124.358374
39,1,91,726.779188,-117.905967
39,1,92,732.555424,-111.317468
39,1,93,738.134448,-104.646655
39,1,94,743.528590,-97.947309
39,1,95,748.750176,-91.273207
39,1,96,753.811537,-84.678129
39,1,97,758.724999,-78.215854
39,1,98,763.506234,-71.922853
39,1,99,768.184276,-65.766372
39,1,100,772.791502,-59.696349
39,1,101,777.360292,-53.662720
39,1,102,781.923021,-47.615424
39,1,103,786.512066,-41.504399
39,1,104,791.159806,-35.279582
39,1,105,795.898617,-28.890911
39,1,106,800.760877,-22.288324
39,1,107,805.778964,-15.421759
39,1,108,810.985253,-8.241152
39,1,109,816.412123,-0.696443
39,1,110,822.108629,7.230575
39,1,111,828.190535,15.430685
39,1,112,834.790284,23.762812
39,1,113,842.040318,32.085883
39,1,114,850.073081,40.258823
39,1,115,859.021014,48.140558
39,1,116,869.016561,55.590016
39,1,117,880.192163,62.466121
39,1,118,892.680264,68.627800
39,1,119,906.613306,73.933979
39,1,120,922.123730,78.243584
39,1,121,939.343981,81.415541
39,2,1,0.000000,0.000000
39,2,2,13.691540,17.555937
39,2,3,26.291939,33.920987
39,2,4,37.911777,49.138695
39,2,5,48.661633,63.252606
39,2,6,58.652086,76.306263
39,2,7,67.993716,88.343212
39,2,8,76.797101,99.406995
39,2,9,85.172820,109.541157
39,2,10,93.231454,118.789243
39,2,11,101.083581,127.194797
39,2,12,108.839780,134.801363
39,2,13,116.610630,141.652486
39,2,14,124.486664,147.792314
39,2,15,132.478225,153.267422
39,2,16,140.575607,158.124986
39,2,17,148.769108,162.412186
39,2,18,157.049021,166.176201
39,2,19,165.405644,169.464207
39,2,20,173.829272,172.323383
39,2,21,182.310200,174.800909
39,2,22,190.838724,176.943962
39,2,23,199.405140,178.799720
39,2,24,207.999743,180.415362
39,2,25,216.612829,181.838066
39,2,26,225.234674,183.108650
39,2,27,233.855468,184.242489
39,2,28,242.465384,185.248597
39,2,29,251.054593,186.135991
39,2,30,259.613265,186.913683
39,2,31,268.131572,187.590689
39,2,32,276.599685,188.176024
39,2,33,285.007776,188.678701
39,2,34,293.346015,189.107737
39,2,35,301.604575,189.472145
39,2,36,309.773626,189.780940
39,2,37,317.843339,190.043137
39,2,38,325.808443,190.266756
39,2,39,333.681895,190.455837
39,2,40,341.481210,190.613425
39,2,41,349.223902,190.742566
39,2,42,356.927485,190.846305
39,2,43,364.609473,190.927689
39,2,44,372.287382,190.989761
39,2,45,379.978726,191.035569
39,2,46,387.701018,191.068157
39,2,47,395.471773,191.090571
39,2,48,403.308506,191.105856
39,2,49,411.228732,191.117057
39,2,50,419.245962,191.126658
39,2,51,427.357701,191.134887
39,2,52,435.557453,191.141411
39,2,53,443.838719,191.145894
39,2,54,452.195004,191.148004
39,2,55,460.619809,191.147407
39,2,56,469.106639,191.143768
39,2,57,477.648994,191.136754
39,2,58,486.240380,191.126031
39,2,59,494.874297,191.111264
39,2,60,503.544250,191.092120
39,2,61,512.243740,191.068264
39,2,62,520.963621,191.038220
39,2,63,529.684140,190.995932
39,2,64,538.382894,190.934204
39,2,65,547.037482,190.845837
39,2,66,555.625499,190.723634
39,2,67,564.124544,190.560396
39,2,68,572.512214,190.348926
39,2,69,580.766106,190.082026
39,2,70,588.863817,189.752498
39,2,71,596.782945,189.353145
39,2,72,604.501087,188.876768
39,2,73,611.995841,188.316170
39,2,74,619.254511,187.666173
39,2,75,626.303233,186.929674
39,2,76,633.177851,186.111595
39,2,77,639.914209,185.216852
39,2,78,646.548149,184.250366
39,2,79,653.115515,183.217054
39,2,80,659.652151,182.121835
39,2,81,666.193900,180.969629
39,2,82,672.776606,179.765354
39,2,83,679.436112,178.513928
39,2,84,686.208262,177.220272
39,2,85,693.128899,175.889302
39,2,86,700.223833,174.522082
39,2,87,707.478734,173.104252
39,2,88,714.869241,171.617593
39,2,89,722.370990,170.043889
39,2,90,729.959618,168.364923
39,2,91,737.610762,166.562477
39,2,92,745.300060,164.618334
39,2,93,753.003149,162.514278
39,2,94,760.695665,160.232091
39,2,95,768.353247,157.753556
39,2,96,775.951530,155.060455
39,2,97,783.466153,152.134573
39,2,98,790.884809,148.968760
39,2,99,798.243423,145.600144
39,2,100,805.589977,142.076922
39,2,101,812.972451,138.447291
39,2,102,820.438827,134.759446
39,2,103,828.037087,131.061585
39,2,104,835.815212,127.401905
39,2,105,843.821183,123.828601
39,2,106,852.102982,120.389870
39,2,107,860.708590,117.133909
39,2,108,869.685990,114.108915
39,2,109,879.083161,111.363084
39,2,110,888.952683,108.926599
39,2,111,899.365521,106.757583
39,2,112,910.397238,104.796147
39,2,113,922.123395,102.982402
39,2,114,934.619555,101.256459
39,2,115,947.961281,99.558426
39,2,116,962.224134,97.828414
39,2,117,977.483677,96.006535
39,2,118,993.815474,94.032897
39,2,119,1011.295084,91.847612
39,2,120,1029.998072,89.390790
39,2,121,1050.000000,86.602540
40,1,1,0.000000,0.000000
40,1,2,12.445307,-18.287278
40,1,3,24.071161,-35.309849
40,1,4,34.961952,-51.111597
40,1,5,45.202072,-65.736403
40,1,6,54.875912,-79.228151
40,1,7,64.067863,-91.630723
40,1,8,72.862316,-102.988001
40,1,9,81.343663,-113.343869
40,1,10,89.596295,-122.742209
40,1,11,97.704603,-131.226903
40,1,12,105.752979,-138.841835
40,1,13,113.825813,-145.630886
40,1,14,121.991836,-151.640130
40,1,15,130.257130,-156.924398
40,1,16,138.612117,-161.540711
40,1,17,147.047219,-165.546091
40,1,18,155.552857,-168.997560
40,1,19,164.119453,-171.952138
40,1,20,172.737427,-174.466847
40,1,21,181.397203,-176.598710
40,1,22,190.089200,-178.404746
40,1,23,198.803842,-179.941977
40,1,24,207.531548,-181.267426
40,1,25,216.262742,-182.438113
40,1,26,224.988737,-183.502276
40,1,27,233.704422,-184.473013
40,1,28,242.405579,-185.354638
40,1,29,251.087987,-186.151467
40,1,30,259.747430,-186.867812
40,1,31,268.379688,-187.507990
40,1,32,276.980542,-188.076314
40,1,33,285.545774,-188.577098
40,1,34,294.071166,-189.014657
40,1,35,302.552498,-189.393305
40,1,36,310.985553,-189.717357
40,1,37,319.366111,-189.991127
40,1,38,327.688103,-190.218856
40,1,39,335.938061,-190.404497
40,1,40,344.100663,-190.551928
40,1,41,352.160592,-190.665028
40,1,42,360.102526,-190.747675
40,1,43,367.911146,-190.803750
40,1,44,375.571133,-190.837129
40,1,45,383.067166,-190.851694
40,1,46,390.383927,-190.851321
40,1,47,397.506094,-190.839891
40,1,48,404.418349,-190.821282
40,1,49,411.105371,-190.799373
40,1,50,417.562094,-190.777161
40,1,51,423.824458,-190.754117
40,1,52,429.938656,-190.728832
40,1,53,435.950881,-190.699895
40,1,54,441.907328,-190.665896
40,1,55,447.854189,-190.625424
40,1,56,453.837656,-190.577070
40,1,57,459.903925,-190.519423
40,1,58,466.099187,-190.451072
40,1,59,472.469636,-190.370609
40,1,60,479.061465,-190.276621
40,1,61,485.920867,-190.167700
40,1,62,493.082199,-190.040785
40,1,63,500.532471,-189.886226
40,1,64,508.246854,-189.692719
40,1,65,516.200521,-189.448963
40,1,66,524.368645,-189.143658
40,1,67,532.726398,-188.765501
40,1,68,541.248954,-188.303191
40,1,69,549.911484,-187.745427
40,1,70,558.689161,-187.080907
40,1,71,567.557157,-186.298330
40,1,72,576.490646,-185.386394
40,1,73,585.464799,-184.333798
40,1,74,594.454786,-183.126907
40,1,75,603.435763,-181.742755
40,1,76,612.382879,-180.156041
40,1,77,621.271288,-178.341465
40,1,78,630.076141,-176.273727
40,1,79,638.772590,-173.927528
40,1,80,647.335786,-171.277567
40,1,81,655.740881,-168.298544
40,1,82,663.963026,-164.965159
40,1,83,671.977374,-161.252113
40,1,84,679.759076,-157.134104
40,1,85,687.283283,-152.585834
40,1,86,694.531261,-147.595191
40,1,87,701.508733,-142.202820
40,1,88,708.227534,-136.462555
40,1,89,714.699500,-130.428231
40,1,90,720.936467,-124.153682
40,1,91,726.950270,-117.692742
40,1,92,732.752747,-111.099244
40,1,93,738.355732,-104.427024
40,1,94,743.771062,-97.729914
40,1,95,749.010572,-91.061751
40,1,96,754.086098,-84.476366
40,1,97,759.009477,-78.027596
40,1,98,763.796102,-71.751895
40,1,99,768.475597,-65.616206
40,1,100,773.081142,-59.570092
40,1,101,777.645920,-53.563119
40,1,102,782.203111,-47.544849
40,1,103,786.785898,-41.464847
40,1,104,791.427460,-35.272677
40,1,105,796.160981,-28.917904
40,1,106,801.019641,-22.350090
40,1,107,806.036621,-15.518800
40,1,108,811.245103,-8.373598
40,1,109,816.678268,-0.864048
40,1,110,822.385297,7.028637
40,1,111,828.479361,15.196647
40,1,112,835.089632,23.500523
40,1,113,842.345282,31.800805
40,1,114,850.375483,39.958036
40,1,115,859.309404,47.832756
40,1,116,869.276218,55.285506
40,1,117,880.405097,62.176827
40,1,118,892.825210,68.367260
40,1,119,906.665731,73.717346
40,1,120,922.055830,78.087626
40,1,121,939.124678,81.338641
40,2,1,0.000000,0.000000
40,2,2,13.715755,17.477223
40,2,3,26.342786,33.775547
40,2,4,37.991183,48.937865
40,2,5,48.771037,63.007068
40,2,6,58.792438,76.026047
40,2,7,68.165477,88.037693
40,2,8,77.000244,99.084898
40,2,9,85.406830,109.210553
40,2,10,93.495326,118.457549
40,2,11,101.375821,126.868778
40,2,12,109.158406,134.487130
40,2,13,116.953172,141.355498
40,2,14,124.850298,147.517384
40,2,15,132.860320,153.018734
40,2,16,140.973863,157.906107
40,2,17,149.181552,162.226062
40,2,18,157.474012,166.025157
40,2,19,165.841868,169.349950
40,2,20,174.275744,172.246999
40,2,21,182.766267,174.762864
40,2,22,191.304059,176.944101
40,2,23,199.879748,178.837271
40,2,24,208.483956,180.488930
40,2,25,217.107310,181.945637
40,2,26,225.740328,183.247712
40,2,27,234.373098,184.410520
40,2,28,242.995606,185.443186
40,2,29,251.597833,186.354837
40,2,30,260.169764,187.154597
40,2,31,268.701380,187.851594
40,2,32,277.182666,188.454952
40,2,33,285.603605,188.973797
40,2,34,293.954180,189.417257
40,2,35,302.224373,189.794455
40,2,36,310.404169,190.114519
40,2,37,318.483550,190.386574
40,2,38,326.457020,190.618749
40,2,39,334.337166,190.815188
40,2,40,342.141094,190.979037
40,2,41,349.885911,191.113442
40,2,42,357.588724,191.221550
40,2,43,365.266639,191.306508
40,2,44,372.936764,191.371462
40,2,45,380.616206,191.419559
40,2,46,388.322071,191.453945
40,2,47,396.071466,191.477766
40,2,48,403.881498,191.494170
40,2,49,411.769273,191.506303
40,2,50,419.748186,191.516724
40,2,51,427.816774,191.525648
40,2,52,435.969861,191.532703
40,2,53,444.202273,191.537516
40,2,54,452.508834,191.539716
40,2,55,460.884368,191.538929
40,2,56,469.323700,191.534784
40,2,57,477.821655,191.526908
40,2,58,486.373058,191.514929
40,2,59,494.972732,191.498475
40,2,60,503.615503,191.477173
40,2,61,512.296194,191.450651
40,2,62,521.006539,191.417393
40,2,63,529.725903,191.371310
40,2,64,538.430556,191.305168
40,2,65,547.096773,191.211734
40,2,66,555.700825,191.083774
40,2,67,564.218984,190.914056
40,2,68,572.627523,190.695345
40,2,69,580.902715,190.420409
40,2,70,589.020831,190.082015
40,2,71,596.958144,189.672928
40,2,72,604.690928,189.185916
40,2,73,612.195452,188.613745
40,2,74,619.458024,187.951203
40,2,75,626.505080,187.201157
40,2,76,633.373088,186.368498
40,2,77,640.098517,185.458114
40,2,78,646.717837,184.474893
40,2,79,653.267517,183.423726
40,2,80,659.784026,182.309501
40,2,81,666.303832,181.137107
40,2,82,672.863406,179.911433
40,2,83,679.499216,178.637368
40,2,84,686.247730,177.319802
40,2,85,693.145419,175.963623
40,2,86,700.218668,174.569999
40,2,87,707.453525,173.125220
40,2,88,714.825955,171.611852
40,2,89,722.311925,170.012464
40,2,90,729.887399,168.309624
40,2,91,737.528343,166.485899
40,2,92,745.210722,164.523857
40,2,93,752.910502,162.406065
40,2,94,760.603646,160.115092
40,2,95,768.266122,157.633506
40,2,96,775.873893,154.943874
40,2,97,783.402926,152.028764
40,2,98,790.841050,148.881456
40,2,99,798.223559,145.538078
40,2,100,805.597610,142.045473
40,2,101,813.010361,138.450481
40,2,102,820.508970,134.799942
40,2,103,828.140594,131.140699
40,2,104,835.952390,127.519592
40,2,105,843.991518,123.983462
40,2,106,852.305134,120.579151
40,2,107,860.940396,117.353498
40,2,108,869.944463,114.353346
40,2,109,879.364491,111.625536
40,2,110,889.252260,109.199210
40,2,111,899.678030,107.032720
40,2,112,910.716685,105.066719
40,2,113,922.443108,103.241860
40,2,114,934.932179,101.498798
40,2,115,948.258783,99.778185
40,2,116,962.497801,98.020676
40,2,117,977.724117,96.166922
40,2,118,994.012612,94.157579
40,2,119,1011.438169,91.933298
40,2,120,1030.075671,89.434734
40,2,121,1050.000000,86.602540
45,1,1,0.000000,0.000000
45,1,2,12.500454,-17.998458
45,1,3,24.194019,-34.793982
45,1,4,35.163360,-50.425639
45,1,5,45.491147,-64.932498
45,1,6,55.260045,-78.353624
45,1,7,64.552722,-90.728086
45,1,8,73.451846,-102.094950
45,1,9,82.040084,-112.493284
45,1,10,90.400103,-121.962155
45,1,11,98.614571,-130.540630
45,1,12,106.766155,-138.267776
45,1,13,114.937521,-145.182661
45,1,14,123.196075,-151.327071
45,1,15,131.548167,-156.753664
45,1,16,139.984882,-161.517818
45,1,17,148.497307,-165.674912
45,1,18,157.076530,-169.280324
45,1,19,165.713636,-172.389431
45,1,20,174.399712,-175.057612
45,1,21,183.125846,-177.340244
45,1,22,191.883123,-179.292705
45,1,23,200.662630,-180.970374
45,1,24,209.455454,-182.428628
45,1,25,218.252681,-183.722845
45,1,26,227.046103,-184.899964
45,1,27,235.830329,-185.973173
45,1,28,244.600672,-186.947218
45,1,29,253.352447,-187.826847
45,1,30,262.080966,-188.616809
45,1,31,270.781544,-189.321852
45,1,32,279.449495,-189.946722
45,1,33,288.080132,-190.496168
45,1,34,296.668768,-190.974937
45,1,35,305.210718,-191.387778
45,1,36,313.701296,-191.739438
45,1,37,322.135814,-192.034666
45,1,38,330.507239,-192.278151
45,1,39,338.799140,-192.474357
45,1,40,346.992740,-192.627691
45,1,41,355.069262,-192.742558
45,1,42,363.009926,-192.823366
45,1,43,370.795954,-192.874519
45,1,44,378.408570,-192.900424
45,1,45,385.828995,-192.905488
45,1,46,393.038451,-192.894117
45,1,47,400.018160,-192.870717
45,1,48,406.749344,-192.839695
45,1,49,413.213225,-192.805455
45,1,50,419.403242,-192.771434
45,1,51,425.361698,-192.737181
45,1,52,431.143113,-192.701273
45,1,53,436.802009,-192.662287
45,1,54,442.392904,-192.618803
45,1,55,447.970320,-192.569396
45,1,56,453.588776,-192.512646
45,1,57,459.302793,-192.447129
45,1,58,465.166891,-192.371424
45,1,59,471.235590,-192.284108
45,1,60,477.563410,-192.183759
45,1,61,484.204872,-192.068955
45,1,62,491.200496,-191.936363
45,1,63,498.534802,-191.775013
45,1,64,506.178309,-191.572023
45,1,65,514.101539,-191.314515
45,1,66,522.275010,-190.989605
45,1,67,530.669243,-190.584415
45,1,68,539.254758,-190.086063
45,1,69,548.002074,-189.481669
45,1,70,556.881713,-188.758352
45,1,71,565.864193,-187.903231
45,1,72,574.920035,-186.903426
45,1,73,584.019759,-185.746056
45,1,74,593.134729,-184.416628
45,1,75,602.239687,-182.894200
45,1,76,611.310217,-181.156219
45,1,77,620.321905,-179.180129
45,1,78,629.250337,-176.943376
45,1,79,638.071097,-174.423408
45,1,80,646.759773,-171.597668
45,1,81,655.291948,-168.443604
45,1,82,663.643208,-164.938661
45,1,83,671.789140,-161.060284
45,1,84,679.705327,-156.785921
45,1,85,687.367356,-152.093016
45,1,86,694.756493,-146.971824
45,1,87,701.876724,-141.463836
45,1,88,708.737716,-135.623353
45,1,89,715.349136,-129.504673
45,1,90,721.720652,-123.162096
45,1,91,727.861929,-116.649923
45,1,92,733.782637,-110.022454
45,1,93,739.492441,-103.333987
45,1,94,745.001008,-96.638823
45,1,95,750.318006,-89.991261
45,1,96,755.453101,-83.445602
45,1,97,760.415961,-77.056146
45,1,98,765.220830,-70.859430
45,1,99,769.900262,-64.820955
45,1,100,774.491387,-58.888458
45,1,101,779.031336,-53.009677
45,1,102,783.557240,-47.132350
45,1,103,788.106230,-41.204216
45,1,104,792.715436,-35.173011
45,1,105,797.421990,-28.986475
45,1,106,802.263023,-22.592344
45,1,107,807.275664,-15.938358
45,1,108,812.497045,-8.972255
45,1,109,817.964297,-1.641771
45,1,110,823.727166,6.074828
45,1,111,829.885858,14.077178
45,1,112,836.553193,22.234385
45,1,113,843.841994,30.415560
45,1,114,851.865082,38.489810
45,1,115,860.735277,46.326243
45,1,116,870.565402,53.793967
45,1,117,881.468277,60.762092
45,1,118,893.556723,67.099726
45,1,119,906.943563,72.675976
45,1,120,921.741616,77.359951
45,1,121,938.063705,81.020760
45,2,1,0.000000,0.000000
45,2,2,13.803419,17.098708
45,2,3,26.538510,33.074823
45,2,4,38.312045,47.968241
45,2,5,49.230795,61.818855
45,2,6,59.401532,74.666562
45,2,7,68.931027,86.551257
45,2,8,77.926052,97.512835
45,2,9,86.493378,107.591192
45,2,10,94.739776,116.826222
45,2,11,102.772019,125.257821
45,2,12,110.696877,132.925884
45,2,13,118.621122,139.870306
45,2,14,126.632463,146.131613
45,2,15,134.742361,151.752846
45,2,16,142.943214,156.777676
45,2,17,151.227418,161.249775
45,2,18,159.587372,165.212816
45,2,19,168.015475,168.710468
45,2,20,176.504123,171.786405
45,2,21,185.045715,174.484297
45,2,22,193.632649,176.847816
45,2,23,202.257322,178.920633
45,2,24,210.912132,180.746420
45,2,25,219.589478,182.368849
45,2,26,228.281192,183.825891
45,2,27,236.976846,185.132724
45,2,28,245.665449,186.298826
45,2,29,254.336008,187.333672
45,2,30,262.977531,188.246742
45,2,31,271.579024,189.047513
45,2,32,280.129497,189.745461
45,2,33,288.617955,190.350065
45,2,34,297.033408,190.870802
45,2,35,305.364863,191.317150
45,2,36,313.601327,191.698586
45,2,37,321.731807,192.024588
45,2,38,329.749609,192.303669
45,2,39,337.665222,192.540489
45,2,40,345.493433,192.738745
45,2,41,353.249029,192.902132
45,2,42,360.946798,193.034346
45,2,43,368.601525,193.139085
45,2,44,376.227999,193.220043
45,2,45,383.841005,193.280917
45,2,46,391.455330,193.325403
45,2,47,399.085762,193.357197
45,2,48,406.747088,193.379995
45,2,49,414.454094,193.397494
45,2,50,422.219465,193.412671
45,2,51,430.047480,193.425634
45,2,52,437.940316,193.435770
45,2,53,445.900149,193.442469
45,2,54,453.929156,193.445120
45,2,55,462.029514,193.443111
45,2,56,470.203398,193.435831
45,2,57,478.452987,193.422668
45,2,58,486.780456,193.403012
45,2,59,495.187983,193.376251
45,2,60,503.677744,193.341774
45,2,61,512.251915,193.298970
45,2,62,520.907202,193.246136
45,2,63,529.618419,193.177207
45,2,64,538.354911,193.085027
45,2,65,547.086022,192.962439
45,2,66,555.781094,192.802286
45,2,67,564.409472,192.597413
45,2,68,572.940499,192.340663
45,2,69,581.343519,192.024878
45,2,70,589.587876,191.642904
45,2,71,597.642913,191.187583
45,2,72,605.477974,190.651759
45,2,73,613.062402,190.028276
45,2,74,620.377166,189.311898
45,2,75,627.449726,188.505074
45,2,76,634.319170,187.612175
45,2,77,641.024583,186.637571
45,2,78,647.605052,185.585631
45,2,79,654.099661,184.460727
45,2,80,660.547499,183.267229
45,2,81,666.987649,182.009506
45,2,82,673.459200,180.691929
45,2,83,680.001235,179.318868
45,2,84,686.652843,177.894694
45,2,85,693.453108,176.423776
45,2,86,700.430922,174.907524
45,2,87,707.574403,173.335497
45,2,88,714.861472,171.694296
45,2,89,722.270052,169.970519
45,2,90,729.778064,168.150765
45,2,91,737.363432,166.221633
45,2,92,745.004078,164.169723
45,2,93,752.677923,161.981633
45,2,94,760.362891,159.643963
45,2,95,768.036903,157.143312
45,2,96,775.677883,154.466279
45,2,97,783.263751,151.599462
45,2,98,790.783304,148.538352
45,2,99,798.268828,145.314000
45,2,100,805.763483,141.966346
45,2,101,813.310428,138.535332
45,2,102,820.952822,135.060900
45,2,103,828.733825,131.582991
45,2,104,836.696597,128.141546
45,2,105,844.884298,124.776507
45,2,106,853.340085,121.527815
45,2,107,862.107120,118.435411
45,2,108,871.228561,115.539238
45,2,109,880.747569,112.879236
45,2,110,890.712107,110.479538
45,2,111,901.189365,108.301045
45,2,112,912.251334,106.288848
45,2,113,923.970009,104.388039
45,2,114,936.417383,102.543709
45,2,115,949.665449,100.700951
45,2,116,963.786200,98.804856
45,2,117,978.851630,96.800516
45,2,118,994.933731,94.633023
45,2,119,1012.104498,92.247468
45,2,120,1030.435923,89.588943
45,2,121,1050.000000,86.602540
50,1,1,0.000000,0.000000
50,1,2,12.550722,-17.725662
50,1,3,24.306684,-34.308797
50,1,4,35.348952,-49.783637
50,1,5,45.758590,-64.184419
50,1,6,55.616663,-77.545375
50,1,7,65.004236,-89.900740
50,1,8,74.002373,-101.284748
50,1,9,82.692140,-111.731634
50,1,10,91.154602,-121.275631
50,1,11,99.470823,-129.950975
50,1,12,107.721868,-137.791898
50,1,13,115.988801,-144.832636
50,1,14,124.337797,-151.110705
50,1,15,132.775457,-156.676751
50,1,16,141.293493,-161.584703
50,1,17,149.883615,-165.888488
50,1,18,158.537536,-169.642036
50,1,19,167.246965,-172.899275
50,1,20,176.003614,-175.714133
50,1,21,184.799194,-178.140539
50,1,22,193.625415,-180.232421
50,1,23,202.473990,-182.043707
50,1,24,211.336628,-183.628327
50,1,25,220.205042,-185.040208
50,1,26,229.071458,-186.325134
50,1,27,237.930175,-187.496311
50,1,28,246.776008,-188.558797
50,1,29,255.603771,-189.517654
50,1,30,264.408280,-190.377941
50,1,31,273.184349,-191.144719
50,1,32,281.926792,-191.823047
50,1,33,290.630426,-192.417986
50,1,34,299.290065,-192.934596
50,1,35,307.900523,-193.377937
50,1,36,316.456616,-193.753069
50,1,37,324.953159,-194.065053
50,1,38,333.382095,-194.318949
50,1,39,341.723886,-194.519826
50,1,40,349.956125,-194.672753
50,1,41,358.056402,-194.782799
50,1,42,366.002309,-194.855034
50,1,43,373.771437,-194.894528
50,1,44,381.341377,-194.906349
50,1,45,388.689720,-194.895566
50,1,46,395.794059,-194.867250
50,1,47,402.631984,-194.826469
50,1,48,409.181087,-194.778294
50,1,49,415.418959,-194.727792
50,1,50,421.337462,-194.678945
50,1,51,426.985549,-194.631376
50,1,52,432.426440,-194.583619
50,1,53,437.723357,-194.534207
50,1,54,442.939524,-194.481676
50,1,55,448.138161,-194.424559
50,1,56,453.382491,-194.361391
50,1,57,458.735737,-194.290705
50,1,58,464.261120,-194.211036
50,1,59,470.021862,-194.120917
50,1,60,476.081186,-194.018884
50,1,61,482.502313,-193.903470
50,1,62,489.332203,-193.771036
50,1,63,496.552765,-193.609258
50,1,64,504.129644,-193.403634
50,1,65,512.028487,-193.139668
50,1,66,520.214938,-192.802859
50,1,67,528.654645,-192.378709
50,1,68,537.313252,-191.852720
50,1,69,546.156406,-191.210392
50,1,70,555.149752,-190.437226
50,1,71,564.258936,-189.518724
50,1,72,573.449604,-188.440387
50,1,73,582.687403,-187.187715
50,1,74,591.939660,-185.745287
50,1,75,601.180440,-184.093983
50,1,76,610.385489,-182.213760
50,1,77,619.530555,-180.084576
50,1,78,628.591384,-177.686387
50,1,79,637.543722,-174.999152
50,1,80,646.363318,-172.002826
50,1,81,655.025917,-168.677367
50,1,82,663.507266,-165.002732
50,1,83,671.783113,-160.958879
50,1,84,679.829204,-156.525764
50,1,85,687.621286,-151.683344
50,1,86,695.140488,-146.424110
50,1,87,702.389467,-140.790675
50,1,88,709.376260,-134.838189
50,1,89,716.108907,-128.621798
50,1,90,722.595445,-122.196650
50,1,91,728.843915,-115.617894
50,1,92,734.862353,-108.940676
50,1,93,740.658800,-102.220145
50,1,94,746.241292,-95.511448
50,1,95,751.617869,-88.869732
50,1,96,756.796569,-82.350146
50,1,97,761.785432,-76.007836
50,1,98,766.597957,-69.879738
50,1,99,771.269496,-63.929935
50,1,100,775.840863,-58.104294
50,1,101,780.352872,-52.348687
50,1,102,784.846337,-46.608981
50,1,103,789.362072,-40.831047
50,1,104,793.940890,-34.960753
50,1,105,798.623605,-28.943970
50,1,106,803.451032,-22.726566
50,1,107,808.463984,-16.254410
50,1,108,813.703274,-9.473373
50,1,109,819.209717,-2.329323
50,1,110,825.033427,5.202557
50,1,111,831.261719,13.029834
50,1,112,837.991207,21.030760
50,1,113,845.318507,29.083589
50,1,114,853.340234,37.066574
50,1,115,862.153002,44.857968
50,1,116,871.853427,52.336025
50,1,117,882.538124,59.378997
50,1,118,894.303708,65.865137
50,1,119,907.246794,71.672700
50,1,120,921.463996,76.679938
50,1,121,937.051930,80.765104
50,2,1,0.000000,0.000000
50,2,2,13.842723,16.743344
50,2,3,26.648907,32.415304
50,2,4,38.520833,47.053131
50,2,5,49.560783,60.694076
50,2,6,59.871038,73.375389
50,2,7,69.553879,85.134323
50,2,8,78.711588,96.008127
50,2,9,87.446446,106.034053
50,2,10,95.860733,115.249351
50,2,11,104.056732,123.691274
50,2,12,112.136724,131.397071
50,2,13,120.202989,138.403994
50,2,14,128.339816,144.749936
50,2,15,136.559516,150.475354
50,2,16,144.856407,155.621351
50,2,17,153.224808,160.229025
50,2,18,161.659036,164.339479
50,2,19,170.153409,167.993811
50,2,20,178.702246,171.233123
50,2,21,187.299864,174.098515
50,2,22,195.940582,176.631087
50,2,23,204.618718,178.871941
50,2,24,213.328589,180.862175
50,2,25,222.064514,182.642892
50,2,26,230.819756,184.249934
50,2,27,239.583355,185.698117
50,2,28,248.343298,186.996999
50,2,29,257.087571,188.156138
50,2,30,265.804160,189.185093
50,2,31,274.481050,190.093423
50,2,32,283.106228,190.890686
50,2,33,291.667680,191.586439
50,2,34,300.153392,192.190242
50,2,35,308.551349,192.711653
50,2,36,316.849538,193.160230
50,2,37,325.035945,193.545532
50,2,38,333.102573,193.876242
50,2,39,341.057492,194.157538
50,2,40,348.912790,194.393724
50,2,41,356.680556,194.589104
50,2,42,364.372876,194.747982
50,2,43,372.001840,194.874661
50,2,44,379.579533,194.973444
50,2,45,387.118045,195.048636
50,2,46,394.629463,195.104539
50,2,47,402.125875,195.145458
50,2,48,409.619368,195.175696
50,2,49,417.122031,195.199557
50,2,50,424.645695,195.220481
50,2,51,432.201167,195.238455
50,2,52,439.798998,195.252605
50,2,53,447.449738,195.262055
50,2,54,455.163938,195.265930
50,2,55,462.952149,195.263354
50,2,56,470.824922,195.253451
50,2,57,478.792807,195.235347
50,2,58,486.866356,195.208166
50,2,59,495.056118,195.171032
50,2,60,503.372645,195.123071
50,2,61,511.826487,195.063406
50,2,62,520.420075,194.990100
50,2,63,529.123357,194.896964
50,2,64,537.898164,194.776746
50,2,65,546.706322,194.622194
50,2,66,555.509662,194.426058
50,2,67,564.270011,194.181084
50,2,68,572.949199,193.880023
50,2,69,581.509054,193.515621
50,2,70,589.911404,193.080628
50,2,71,598.118080,192.567792
50,2,72,606.090909,191.969860
50,2,73,613.791720,191.279583
50,2,74,621.195606,190.491698
50,2,75,628.330718,189.608906
50,2,76,635.238471,188.635896
50,2,77,641.960280,187.577361
50,2,78,648.537561,186.437989
50,2,79,655.011727,185.222472
50,2,80,661.424195,183.935500
50,2,81,667.816380,182.581763
50,2,82,674.229696,181.165953
50,2,83,680.705558,179.692759
50,2,84,687.285382,178.166872
50,2,85,694.010583,176.592983
50,2,86,700.912318,174.973232
50,2,87,707.980715,173.299557
50,2,88,715.195644,171.561347
50,2,89,722.536975,169.747989
50,2,90,729.984578,167.848871
50,2,91,737.518323,165.853383
50,2,92,745.118081,163.750911
50,2,93,752.763721,161.530845
50,2,94,760.435113,159.182572
50,2,95,768.112128,156.695480
50,2,96,775.774636,154.058957
50,2,97,783.402506,151.262392
50,2,98,790.985559,148.302522
50,2,99,798.553418,145.205482
50,2,100,806.145656,142.004756
50,2,101,813.801845,138.733826
50,2,102,821.561559,135.426179
50,2,103,829.464370,132.115296
50,2,104,837.549852,128.834663
50,2,105,845.857577,125.617763
50,2,106,854.427119,122.498080
50,2,107,863.298051,119.509098
50,2,108,872.509945,116.684301
50,2,109,882.102374,114.057173
50,2,110,892.119947,111.647578
50,2,111,902.627418,109.420899
50,2,112,913.694574,107.328900
50,2,113,925.391205,105.323346
50,2,114,937.787100,103.355999
50,2,115,950.952047,101.378623
50,2,116,964.955835,99.342983
50,2,117,979.868253,97.200842
50,2,118,995.759090,94.903963
50,2,119,1012.698134,92.404111
50,2,120,1030.755175,89.653049
50,2,121,1050.000000,86.602540
55,1,1,0.000000,0.000000
55,1,2,12.605969,-17.460862
55,1,3,24.427142,-33.839332
55,1,4,35.543259,-49.164700
55,1,5,46.034058,-63.466253
55,1,6,55.979275,-76.773280
55,1,7,65.458650,-89.115070
55,1,8,74.551920,-100.520913
55,1,9,83.338823,-111.020095
55,1,10,91.899097,-120.641908
55,1,11,100.312481,-129.415638
55,1,12,108.658713,-137.370574
55,1,13,117.017529,-144.536006
55,1,14,125.454096,-150.945125
55,1,15,133.975281,-156.646728
55,1,16,142.573379,-161.693516
55,1,17,151.240686,-166.138191
55,1,18,159.969496,-170.033453
55,1,19,168.752105,-173.432003
55,1,20,177.580807,-176.386542
55,1,21,186.447898,-178.949770
55,1,22,195.345673,-181.174388
55,1,23,204.266426,-183.113097
55,1,24,213.202453,-184.818597
55,1,25,222.146049,-186.343590
55,1,26,231.089857,-187.732863
55,1,27,240.027914,-188.999550
55,1,28,248.954608,-190.148872
55,1,29,257.864324,-191.186051
55,1,30,266.751448,-192.116307
55,1,31,275.610366,-192.944861
55,1,32,284.435465,-193.676934
55,1,33,293.221130,-194.317748
55,1,34,301.961749,-194.872523
55,1,35,310.651706,-195.346481
55,1,36,319.285388,-195.744843
55,1,37,327.857181,-196.072829
55,1,38,336.357990,-196.335755
55,1,39,344.764792,-196.539314
55,1,40,353.051081,-196.689296
55,1,41,361.190352,-196.791487
55,1,42,369.156102,-196.851675
55,1,43,376.921824,-196.875650
55,1,44,384.461015,-196.869198
55,1,45,391.747169,-196.838107
55,1,46,398.753781,-196.788167
55,1,47,405.454347,-196.725164
55,1,48,411.822361,-196.654887
55,1,49,417.831320,-196.583124
55,1,50,423.471230,-196.514464
55,1,51,428.798158,-196.448708
55,1,52,433.884680,-196.384455
55,1,53,438.803375,-196.320307
55,1,54,443.626819,-196.254865
55,1,55,448.427592,-196.186730
55,1,56,453.278270,-196.114504
55,1,57,458.251432,-196.036786
55,1,58,463.419655,-195.952178
55,1,59,468.855518,-195.859282
55,1,60,474.631597,-195.756698
55,1,61,480.820471,-195.643027
55,1,62,487.476027,-195.514392
55,1,63,494.577382,-195.357003
55,1,64,502.084967,-195.154590
55,1,65,509.959209,-194.890885
55,1,66,518.160535,-194.549618
55,1,67,526.649375,-194.114522
55,1,68,535.386156,-193.569326
55,1,69,544.331306,-192.897763
55,1,70,553.445253,-192.083562
55,1,71,562.688426,-191.110456
55,1,72,572.021253,-189.962175
55,1,73,581.404160,-188.622451
55,1,74,590.800158,-187.074802
55,1,75,600.182573,-185.301899
55,1,76,609.527312,-183.286199
55,1,77,618.810283,-181.010160
55,1,78,628.007393,-178.456240
55,1,79,637.094549,-175.606897
55,1,80,646.047660,-172.444589
55,1,81,654.842632,-168.951774
55,1,82,663.455372,-165.110910
55,1,83,671.861789,-160.904454
55,1,84,680.037788,-156.314865
55,1,85,687.959279,-151.324600
55,1,86,695.607262,-145.928371
55,1,87,702.983116,-140.169905
55,1,88,710.093313,-134.105182
55,1,89,716.944327,-127.790184
55,1,90,723.542631,-121.280891
55,1,91,729.894696,-114.633284
55,1,92,736.006996,-107.903344
55,1,93,741.886004,-101.147050
55,1,94,747.538192,-94.420385
55,1,95,752.970034,-87.779328
55,1,96,758.188001,-81.279861
55,1,97,763.198568,-74.977963
55,1,98,768.014544,-68.910994
55,1,99,772.674096,-63.041821
55,1,100,777.221728,-57.314690
55,1,101,781.701943,-51.673845
55,1,102,786.159245,-46.063533
55,1,103,790.638139,-40.427999
55,1,104,795.183128,-34.711488
55,1,105,799.838717,-28.858245
55,1,106,804.649409,-22.812516
55,1,107,809.659708,-16.518547
55,1,108,814.914119,-9.920582
55,1,109,820.457144,-2.962868
55,1,110,826.339303,4.382337
55,1,111,832.635169,12.030712
55,1,112,839.425328,19.869927
55,1,113,846.790368,27.787646
55,1,114,854.810877,35.671538
55,1,115,863.567442,43.409270
55,1,116,873.140650,50.888508
55,1,117,883.611089,57.996919
55,1,118,895.059345,64.622171
55,1,119,907.566007,70.651930
55,1,120,921.211661,75.973863
55,1,121,936.076895,80.475637
55,2,1,0.000000,0.000000
55,2,2,13.838912,16.410248
55,2,3,26.682322,31.796136
55,2,4,38.627109,46.192547
55,2,5,49.770152,59.634365
55,2,6,60.208331,72.156474
55,2,7,70.038524,83.793758
55,2,8,79.357611,94.581100
55,2,9,88.262470,104.553384
55,2,10,96.849981,113.745495
55,2,11,105.217022,122.192314
55,2,12,113.460473,129.928727
55,2,13,121.677213,136.989618
55,2,14,129.947361,143.410513
55,2,15,138.284001,149.229520
55,2,16,146.683456,154.485388
55,2,17,155.142050,159.216868
55,2,18,163.656106,163.462710
55,2,19,172.221948,167.261664
55,2,20,180.835900,170.652481
55,2,21,189.494286,173.673912
55,2,22,198.193429,176.364705
55,2,23,206.929652,178.763612
55,2,24,215.699280,180.909383
55,2,25,224.498637,182.840767
55,2,26,233.322479,184.591641
55,2,27,242.159298,186.176377
55,2,28,250.996022,187.604470
55,2,29,259.819577,188.885419
55,2,30,268.616888,190.028719
55,2,31,277.374882,191.043869
55,2,32,286.080485,191.940365
55,2,33,294.720622,192.727703
55,2,34,303.282222,193.415381
55,2,35,311.752209,194.012895
55,2,36,320.117509,194.529743
55,2,37,328.365050,194.975421
55,2,38,336.485454,195.358667
55,2,39,344.484140,195.685179
55,2,40,352.370223,195.959894
55,2,41,360.152817,196.187753
55,2,42,367.841037,196.373693
55,2,43,375.444000,196.522652
55,2,44,382.970819,196.639570
55,2,45,390.430611,196.729385
55,2,46,397.832490,196.797035
55,2,47,405.185572,196.847459
55,2,48,412.498971,196.885596
55,2,49,419.781804,196.916383
55,2,50,427.044923,196.943736
55,2,51,434.306141,196.967474
55,2,52,441.585008,196.986392
55,2,53,448.901075,196.999285
55,2,54,456.273893,197.004949
55,2,55,463.723011,197.002178
55,2,56,471.267982,196.989769
55,2,57,478.928354,196.966516
55,2,58,486.723680,196.931215
55,2,59,494.673509,196.882661
55,2,60,502.797392,196.819649
55,2,61,511.114880,196.740975
55,2,62,519.634657,196.644457
55,2,63,528.321940,196.524003
55,2,64,537.131079,196.372547
55,2,65,546.016427,196.183020
55,2,66,554.932333,195.948354
55,2,67,563.833149,195.661481
55,2,68,572.673224,195.315334
55,2,69,581.406911,194.902845
55,2,70,589.988559,194.416945
55,2,71,598.372519,193.850567
55,2,72,606.513143,193.196642
55,2,73,614.364781,192.448104
55,2,74,621.896528,191.599831
55,2,75,629.136459,190.654491
55,2,76,636.127391,189.616699
55,2,77,642.912142,188.491072
55,2,78,649.533532,187.282224
55,2,79,656.034379,185.994770
55,2,80,662.457500,184.633326
55,2,81,668.845715,183.202507
55,2,82,675.241841,181.706928
55,2,83,681.688697,180.151205
55,2,84,688.229102,178.539952
55,2,85,694.905873,176.877786
55,2,86,701.751738,175.167250
55,2,87,708.759057,173.402608
55,2,88,715.910100,171.576051
55,2,89,723.187138,169.679772
55,2,90,730.572439,167.705961
55,2,91,738.048273,165.646812
55,2,92,745.596910,163.494516
55,2,93,753.200620,161.241264
55,2,94,760.841671,158.879250
55,2,95,768.502335,156.400664
55,2,96,776.164880,153.797699
55,2,97,783.811576,151.062546
55,2,98,791.433693,148.193244
55,2,99,799.058502,145.211212
55,2,100,806.722274,142.143716
55,2,101,814.461282,139.018022
55,2,102,822.311796,135.861395
55,2,103,830.310087,132.701101
55,2,104,838.492428,129.564406
55,2,105,846.895089,126.478576
55,2,106,855.554342,123.470875
55,2,107,864.506458,120.568571
55,2,108,873.787708,117.798928
55,2,109,883.434365,115.189212
55,2,110,893.487966,112.755307
55,2,111,904.011117,110.467565
55,2,112,915.071693,108.284956
55,2,113,926.737565,106.166450
55,2,114,939.076607,104.071018
55,2,115,952.156691,101.957630
55,2,116,966.045693,99.785255
55,2,117,980.811483,97.512864
55,2,118,996.521936,95.099427
55,2,119,1013.244924,92.503914
55,2,120,1031.048321,89.685295
55,2,121,1050.000000,86.602540
60,1,1,0.000000,0.000000
60,1,2,12.670072,-17.199813
60,1,3,24.562609,-33.377596
60,1,4,35.756336,-48.557543
60,1,5,46.329981,-62.763846
60,1,6,56.362270,-76.020699
60,1,7,65.931932,-88.352294
60,1,8,75.117693,-99.782824
60,1,9,83.998279,-110.336483
60,1,10,92.652418,-120.037462
60,1,11,101.158837,-128.909956
60,1,12,109.596263,-136.978156
60,1,13,118.043423,-144.266257
60,1,14,126.564730,-150.803038
60,1,15,135.167344,-156.635633
60,1,16,143.844111,-161.815763
60,1,17,152.587876,-166.395146
60,1,18,161.391487,-170.425505
60,1,19,170.247787,-173.958560
60,1,20,179.149625,-177.046032
60,1,21,188.089845,-179.739640
60,1,22,197.061294,-182.091106
60,1,23,206.056818,-184.152150
60,1,24,215.069262,-185.974493
60,1,25,224.091472,-187.609856
60,1,26,233.116494,-189.102189
60,1,27,242.138166,-190.464372
60,1,28,251.150527,-191.701511
60,1,29,260.147614,-192.818718
60,1,30,269.123465,-193.821099
60,1,31,278.072118,-194.713764
60,1,32,286.987612,-195.501821
60,1,33,295.863984,-196.190380
60,1,34,304.695271,-196.784549
60,1,35,313.475513,-197.289437
60,1,36,322.198746,-197.710152
60,1,37,330.859009,-198.051804
60,1,38,339.446150,-198.319776
60,1,39,347.933257,-198.520555
60,1,40,356.289229,-198.660901
60,1,41,364.482963,-198.747577
60,1,42,372.483360,-198.787342
60,1,43,380.259315,-198.786958
60,1,44,387.779730,-198.753186
60,1,45,395.013500,-198.692788
60,1,46,401.929526,-198.612525
60,1,47,408.496705,-198.519158
60,1,48,414.683937,-198.419447
60,1,49,420.460118,-198.320155
60,1,50,425.813102,-198.226685
60,1,51,430.806556,-198.139010
60,1,52,435.523102,-198.055745
60,1,53,440.045360,-197.975505
60,1,54,444.455952,-197.896907
60,1,55,448.837499,-197.818565
60,1,56,453.272623,-197.739096
60,1,57,457.843945,-197.657113
60,1,58,462.634086,-197.571233
60,1,59,467.725667,-197.480072
60,1,60,473.201310,-197.382244
60,1,61,479.143636,-197.276365
60,1,62,485.613928,-197.158236
60,1,63,492.588120,-197.012403
60,1,64,500.020804,-196.820599
60,1,65,507.866576,-196.564553
60,1,66,516.080031,-196.225999
60,1,67,524.615762,-195.786667
60,1,68,533.428364,-195.228290
60,1,69,542.472432,-194.532598
60,1,70,551.702560,-193.681325
60,1,71,561.073342,-192.656201
60,1,72,570.539374,-191.438958
60,1,73,580.055248,-190.011328
60,1,74,589.579310,-188.355689
60,1,75,599.084899,-186.457003
60,1,76,608.549106,-184.300879
60,1,77,617.949019,-181.872926
60,1,78,627.261728,-179.158754
60,1,79,636.464323,-176.143971
60,1,80,645.533894,-172.814186
60,1,81,654.447531,-169.155008
60,1,82,663.182321,-165.152047
60,1,83,671.715357,-160.790910
60,1,84,680.023726,-156.057207
60,1,85,688.084519,-150.936547
60,1,86,695.879338,-145.426272
60,1,87,703.407836,-139.570662
60,1,88,710.674179,-133.425726
60,1,89,717.682533,-127.047479
60,1,90,724.437064,-120.491931
60,1,91,730.941937,-113.815095
60,1,92,737.201319,-107.072982
60,1,93,743.219376,-100.321604
60,1,94,749.000273,-93.616974
60,1,95,754.548176,-87.015103
60,1,96,759.867251,-80.572004
60,1,97,764.961664,-74.343687
60,1,98,769.842663,-68.367206
60,1,99,774.549829,-62.603774
60,1,100,779.129822,-56.995646
60,1,101,783.629306,-51.485075
60,1,102,788.094941,-46.014316
60,1,103,792.573390,-40.525622
60,1,104,797.111314,-34.961249
60,1,105,801.755377,-29.263449
60,1,106,806.552240,-23.374478
60,1,107,811.548564,-17.236589
60,1,108,816.791013,-10.792037
60,1,109,822.326247,-3.983075
60,1,110,828.204724,3.220792
60,1,111,834.492086,10.741058
60,1,112,841.257767,18.471968
60,1,113,848.571203,26.307767
60,1,114,856.501831,34.142699
60,1,115,865.119085,41.871008
60,1,116,874.492403,49.386939
60,1,117,884.691219,56.584736
60,1,118,895.784970,63.358644
60,1,119,907.843091,69.602907
60,1,120,920.935018,75.211770
60,1,121,935.130187,80.079476
60,2,1,0.000000,0.000000
60,2,2,13.808594,16.092962
60,2,3,26.667105,31.206527
60,2,4,38.666646,45.373282
60,2,5,49.898328,58.625816
60,2,6,60.453266,70.996715
60,2,7,70.422570,82.518567
60,2,8,79.897355,93.223959
60,2,9,88.968732,103.145478
60,2,10,97.727814,112.315712
60,2,11,106.265714,120.767248
60,2,12,114.673544,128.532674
60,2,13,123.042416,135.644576
60,2,14,131.447978,142.136204
60,2,15,139.904010,148.043461
60,2,16,148.408826,153.402908
60,2,17,156.960741,158.251110
60,2,18,165.558069,162.624630
60,2,19,174.199124,166.560031
60,2,20,182.882221,170.093878
60,2,21,191.605674,173.262733
60,2,22,200.367798,176.103161
60,2,23,209.166907,178.651724
60,2,24,218.001315,180.944986
60,2,25,226.869337,183.019511
60,2,26,235.767206,184.907333
60,2,27,244.682829,186.622373
60,2,28,253.602032,188.174024
60,2,29,262.510642,189.571675
60,2,30,271.394484,190.824721
60,2,31,280.239386,191.942551
60,2,32,289.031171,192.934559
60,2,33,297.755668,193.810135
60,2,34,306.398702,194.578672
60,2,35,314.946099,195.249562
60,2,36,323.383684,195.832196
60,2,37,331.697286,196.335966
60,2,38,339.876089,196.769629
60,2,39,347.922726,197.139401
60,2,40,355.843189,197.450864
60,2,41,363.643469,197.709599
60,2,42,371.329560,197.921188
60,2,43,378.907453,198.091213
60,2,44,386.383140,198.225254
60,2,45,393.762614,198.328892
60,2,46,401.051867,198.407711
60,2,47,408.256891,198.467290
60,2,48,415.383678,198.513212
60,2,49,422.438221,198.551058
60,2,50,429.430333,198.585218
60,2,51,436.385118,198.615322
60,2,52,443.331502,198.639809
60,2,53,450.298408,198.657116
60,2,54,457.314763,198.665682
60,2,55,464.409491,198.663946
60,2,56,471.611519,198.650346
60,2,57,478.949770,198.623321
60,2,58,486.453171,198.581309
60,2,59,494.150646,198.522749
60,2,60,502.071120,198.446079
60,2,61,510.243520,198.349737
60,2,62,518.683095,198.231258
60,2,63,527.350396,198.084555
60,2,64,536.192298,197.902640
60,2,65,545.155678,197.678522
60,2,66,554.187412,197.405211
60,2,67,563.234376,197.075717
60,2,68,572.243445,196.683049
60,2,69,581.161495,196.220219
60,2,70,589.935402,195.680236
60,2,71,598.512042,195.056110
60,2,72,606.838291,194.340851
60,2,73,614.861025,193.527469
60,2,74,622.543269,192.610975
60,2,75,629.912644,191.594388
60,2,76,637.012920,190.482726
60,2,77,643.887869,189.281009
60,2,78,650.581259,187.994256
60,2,79,657.136863,186.627487
60,2,80,663.598450,185.185720
60,2,81,670.009791,183.673975
60,2,82,676.414656,182.097272
60,2,83,682.856815,180.460630
60,2,84,689.380040,178.769067
60,2,85,696.028100,177.027604
60,2,86,702.834921,175.239456
60,2,87,709.795044,173.400630
60,2,88,716.893166,171.505328
60,2,89,724.113985,169.547753
60,2,90,731.442196,167.522108
60,2,91,738.862496,165.422596
60,2,92,746.359583,163.243419
60,2,93,753.918152,160.978781
60,2,94,761.522900,158.622885
60,2,95,769.158524,156.169932
60,2,96,776.809721,153.614127
60,2,97,784.461187,150.949671
60,2,98,792.105735,148.175339
60,2,99,799.768638,145.308185
60,2,100,807.483284,142.369835
60,2,101,815.283063,139.381915
60,2,102,823.201363,136.366050
60,2,103,831.271573,133.343867
60,2,104,839.527082,130.336990
60,2,105,848.001279,127.367046
60,2,106,856.727552,124.455660
60,2,107,865.739291,121.624459
60,2,108,875.069885,118.895066
60,2,109,884.752721,116.289109
60,2,110,894.826644,113.819003
60,2,111,905.352312,111.460324
60,2,112,916.395839,109.179438
60,2,113,928.023339,106.942710
60,2,114,940.300926,104.716508
60,2,115,953.294713,102.467197
60,2,116,967.070813,100.161143
60,2,117,981.695341,97.764712
60,2,118,997.234410,95.244271
60,2,119,1013.754134,92.566184
60,2,120,1031.320626,89.696819
60,2,121,1050.000000,86.602540
65,1,1,0.000000,0.000000
65,1,2,12.690267,-16.967649
65,1,3,24.621364,-32.967457
65,1,4,35.869814,-48.019075
65,1,5,46.512137,-62.142154
65,1,6,56.624853,-75.356344
65,1,7,66.284483,-87.681297
65,1,8,75.567549,-99.136662
65,1,9,84.550571,-109.742092
65,1,10,93.310069,-119.517236
65,1,11,101.922565,-128.481746
65,1,12,110.464580,-136.655273
65,1,13,119.012634,-144.057466
65,1,14,127.629418,-150.713132
65,1,15,136.322300,-156.667700
65,1,16,145.084820,-161.971752
65,1,17,153.910515,-166.675871
65,1,18,162.792925,-170.830640
65,1,19,171.725587,-174.486643
65,1,20,180.702041,-177.694462
65,1,21,189.715826,-180.504681
65,1,22,198.760479,-182.967883
65,1,23,207.829539,-185.134650
65,1,24,216.916545,-187.055567
65,1,25,226.015035,-188.781216
65,1,26,235.118520,-190.354698
65,1,27,244.220397,-191.789185
65,1,28,253.314035,-193.090369
65,1,29,262.392802,-194.263940
65,1,30,271.450068,-195.315588
65,1,31,280.479202,-196.251004
65,1,32,289.473572,-197.075878
65,1,33,298.426548,-197.795901
65,1,34,307.331498,-198.416764
65,1,35,316.181791,-198.944156
65,1,36,324.970796,-199.383770
65,1,37,333.691883,-199.741294
65,1,38,342.333770,-200.022647
65,1,39,350.866578,-200.234655
65,1,40,359.255777,-200.384375
65,1,41,367.466839,-200.478859
65,1,42,375.465234,-200.525163
65,1,43,383.216432,-200.530341
65,1,44,390.685905,-200.501447
65,1,45,397.839123,-200.445536
65,1,46,404.641557,-200.369663
65,1,47,411.058677,-200.280881
65,1,48,417.055955,-200.186246
65,1,49,422.598861,-200.092811
65,1,50,427.673852,-200.006147
65,1,51,432.351332,-199.925886
65,1,52,436.722692,-199.850176
65,1,53,440.879322,-199.777164
65,1,54,444.912612,-199.704998
65,1,55,448.913953,-199.631826
65,1,56,452.974735,-199.555794
65,1,57,457.186349,-199.475052
65,1,58,461.640184,-199.387746
65,1,59,466.427631,-199.292025
65,1,60,471.640082,-199.186035
65,1,61,477.368925,-199.067925
65,1,62,483.681879,-198.933018
65,1,63,490.551970,-198.765342
65,1,64,497.928554,-198.546099
65,1,65,505.760983,-198.256494
65,1,66,513.998613,-197.877728
65,1,67,522.590797,-197.391006
65,1,68,531.486891,-196.777530
65,1,69,540.636247,-196.018505
65,1,70,549.988220,-195.095133
65,1,71,559.492165,-193.988617
65,1,72,569.097436,-192.680160
65,1,73,578.753387,-191.150967
65,1,74,588.414113,-189.383277
65,1,75,598.052676,-187.363483
65,1,76,607.646876,-185.079013
65,1,77,617.174518,-182.517298
65,1,78,626.613401,-179.665764
65,1,79,635.941329,-176.511844
65,1,80,645.136104,-173.042964
65,1,81,654.175527,-169.246555
65,1,82,663.037401,-165.110046
65,1,83,671.699527,-160.620865
65,1,84,680.139709,-155.766443
65,1,85,688.335747,-150.534208
65,1,86,696.269525,-144.923111
65,1,87,703.939250,-138.978185
65,1,88,711.347211,-132.755986
65,1,89,718.495697,-126.313068
65,1,90,725.386996,-119.705988
65,1,91,732.023397,-112.991299
65,1,92,738.407188,-106.225558
65,1,93,744.540657,-99.465318
65,1,94,750.426094,-92.767135
65,1,95,756.065787,-86.187565
65,1,96,761.462025,-79.783162
65,1,97,766.617096,-73.610481
65,1,98,771.541104,-67.706763
65,1,99,776.275418,-62.031987
65,1,100,780.869223,-56.526819
65,1,101,785.371702,-51.131923
65,1,102,789.832041,-45.787966
65,1,103,794.299423,-40.435612
65,1,104,798.823033,-35.015526
65,1,105,803.452056,-29.468374
65,1,106,808.235675,-23.734821
65,1,107,813.223076,-17.755531
65,1,108,818.463442,-11.471170
65,1,109,824.005958,-4.822404
65,1,110,829.901093,2.223830
65,1,111,836.204455,9.595494
65,1,112,842.972935,17.194280
65,1,113,850.263426,24.921878
65,1,114,858.132821,32.679979
65,1,115,866.638011,40.370273
65,1,116,875.835888,47.894451
65,1,117,885.783345,55.154203
65,1,118,896.537275,62.051219
65,1,119,908.154569,68.487191
65,1,120,920.692119,74.363808
65,1,121,934.206818,79.582761
65,2,1,0.000000,0.000000
65,2,2,13.817274,15.763821
65,2,3,26.716857,30.598461
65,2,4,38.785643,44.533493
65,2,5,50.110525,57.598491
65,2,6,60.778397,69.823028
65,2,7,70.876154,81.236677
65,2,8,80.490689,91.869012
65,2,9,89.708896,101.749607
65,2,10,98.617669,110.908034
65,2,11,107.303902,119.373867
65,2,12,115.854489,127.176680
65,2,13,124.356324,134.346045
65,2,14,132.881813,140.912382
65,2,15,141.445416,146.909488
65,2,16,150.047102,152.372005
65,2,17,158.686845,157.334576
65,2,18,167.364615,161.831842
65,2,19,176.080383,165.898447
65,2,20,184.834121,169.569032
65,2,21,193.625800,172.878241
65,2,22,202.455391,175.860715
65,2,23,211.322866,178.551097
65,2,24,220.228197,180.984030
65,2,25,229.171354,183.194154
65,2,26,238.149761,185.211883
65,2,27,247.150650,187.050702
65,2,28,256.158706,188.719867
65,2,29,265.158613,190.228631
65,2,30,274.135057,191.586252
65,2,31,283.072720,192.801984
65,2,32,291.956289,193.885081
65,2,33,300.770447,194.844800
65,2,34,309.499880,195.690395
65,2,35,318.129270,196.431122
65,2,36,326.643304,197.076236
65,2,37,335.026665,197.634991
65,2,38,343.267064,198.116141
65,2,39,351.364311,198.526426
65,2,40,359.321242,198.872083
65,2,41,367.140693,199.159351
65,2,42,374.825500,199.394468
65,2,43,382.378500,199.583670
65,2,44,389.802529,199.733196
65,2,45,397.100421,199.849284
65,2,46,404.275015,199.938172
65,2,47,411.329145,200.006097
65,2,48,418.265647,200.059297
65,2,49,425.087359,200.104010
65,2,50,431.803045,200.145107
65,2,51,438.445193,200.181997
65,2,52,445.052220,200.212721
65,2,53,451.662543,200.235321
65,2,54,458.314578,200.247837
65,2,55,465.046744,200.248313
65,2,56,471.897457,200.234789
65,2,57,478.905134,200.205307
65,2,58,486.108192,200.157909
65,2,59,493.545049,200.090636
65,2,60,501.254120,200.001530
65,2,61,509.273824,199.888633
65,2,62,517.626118,199.749163
65,2,63,526.267118,199.577054
65,2,64,535.136484,199.365413
65,2,65,544.173872,199.107350
65,2,66,553.318940,198.795975
65,2,67,562.511347,198.424396
65,2,68,571.690749,197.985723
65,2,69,580.796805,197.473065
65,2,70,589.769172,196.879532
65,2,71,598.547509,196.198233
65,2,72,607.071472,195.422277
65,2,73,615.280720,194.544773
65,2,74,623.132323,193.560900
65,2,75,630.652997,192.474113
65,2,76,637.886874,191.289937
65,2,77,644.878081,190.013895
65,2,78,651.670750,188.651513
65,2,79,658.309010,187.208315
65,2,80,664.836991,185.689825
65,2,81,671.298822,184.101568
65,2,82,677.738632,182.449068
65,2,83,684.200553,180.737850
65,2,84,690.728713,178.973437
65,2,85,697.367242,177.161355
65,2,86,704.150790,175.305514
65,2,87,711.076092,173.403368
65,2,88,718.130403,171.450759
65,2,89,725.300975,169.443527
65,2,90,732.575066,167.377513
65,2,91,739.939928,165.248558
65,2,92,747.382816,163.052502
65,2,93,754.890986,160.785186
65,2,94,762.451692,158.442451
65,2,95,770.052188,156.020139
65,2,96,777.679729,153.514088
65,2,97,785.321571,150.920141
65,2,98,792.972239,148.237592
65,2,99,800.655352,145.479547
65,2,100,808.401803,142.662567
65,2,101,816.242481,139.803212
65,2,102,824.208279,136.918044
65,2,103,832.330087,134.023622
65,2,104,840.638796,131.136507
65,2,105,849.165298,128.273259
65,2,106,857.940484,125.450440
65,2,107,866.995245,122.684608
65,2,108,876.360472,119.992326
65,2,109,886.067057,117.390153
65,2,110,896.151436,114.887347
65,2,111,906.672232,112.463959
65,2,112,917.693612,110.092737
65,2,113,929.279744,107.746427
65,2,114,941.494796,105.397778
65,2,115,954.402935,103.019537
65,2,116,968.068329,100.584453
65,2,117,982.555147,98.065272
65,2,118,997.927554,95.434743
65,2,119,1014.249721,92.665612
65,2,120,1031.585813,89.730629
65,2,121,1050.000000,86.602540
70,1,1,0.000000,0.000000
70,1,2,12.637443,-16.792205
70,1,3,24.551352,-32.657516
70,1,4,35.814179,-47.612304
70,1,5,46.498378,-61.672945
70,1,6,56.676403,-74.855812
70,1,7,66.420707,-87.177277
70,1,8,75.803744,-98.653716
70,1,9,84.897968,-109.301501
70,1,10,93.775831,-119.137006
70,1,11,102.509789,-128.176605
70,1,12,111.172293,-136.436672
70,1,13,119.835799,-143.933579
70,1,14,128.559771,-150.689222
70,1,15,137.351725,-156.747578
70,1,16,146.206188,-162.158146
70,1,17,155.117689,-166.970425
70,1,18,164.080754,-171.233915
70,1,19,173.089912,-174.998112
70,1,20,182.139689,-178.312517
70,1,21,191.224613,-181.226629
70,1,22,200.339212,-183.789945
70,1,23,209.478013,-186.051965
70,1,24,218.635544,-188.062188
70,1,25,227.806333,-189.870113
70,1,26,236.984560,-191.518006
70,1,27,246.163027,-193.019212
70,1,28,255.334186,-194.379843
70,1,29,264.490492,-195.606010
70,1,30,273.624398,-196.703826
70,1,31,282.728358,-197.679404
70,1,32,291.794827,-198.538854
70,1,33,300.816257,-199.288290
70,1,34,309.785103,-199.933823
70,1,35,318.693820,-200.481567
70,1,36,327.534859,-200.937631
70,1,37,336.300677,-201.308130
70,1,38,344.978801,-201.599383
70,1,39,353.537062,-201.818539
70,1,40,361.938365,-201.972955
70,1,41,370.145616,-202.069989
70,1,42,378.121721,-202.116998
70,1,43,385.829584,-202.121339
70,1,44,393.232112,-202.090369
70,1,45,400.292210,-202.031446
70,1,46,406.972783,-201.951926
70,1,47,413.236737,-201.859168
70,1,48,419.046978,-201.760527
70,1,49,424.366410,-201.663361
70,1,50,429.180634,-201.573465
70,1,51,433.566026,-201.490385
70,1,52,437.621655,-201.412104
70,1,53,441.446592,-201.336605
70,1,54,445.139907,-201.261872
70,1,55,448.800670,-201.185887
70,1,56,452.527952,-201.106635
70,1,57,456.420822,-201.022098
70,1,58,460.578350,-200.930260
70,1,59,465.099607,-200.829104
70,1,60,470.083664,-200.716613
70,1,61,475.629589,-200.590771
70,1,62,481.810692,-200.446614
70,1,63,488.597232,-200.267392
70,1,64,495.933710,-200.033410
70,1,65,503.764623,-199.724971
70,1,66,512.034472,-199.322379
70,1,67,520.687754,-198.805937
70,1,68,529.668968,-198.155949
70,1,69,538.922614,-197.352719
70,1,70,548.393190,-196.376551
70,1,71,558.025196,-195.207748
70,1,72,567.763130,-193.826614
70,1,73,577.551490,-192.213452
70,1,74,587.340466,-190.350085
70,1,75,597.103003,-188.224405
70,1,76,606.817736,-185.825825
70,1,77,616.463301,-183.143754
70,1,78,626.018332,-180.167605
70,1,79,635.461465,-176.886788
70,1,80,644.771335,-173.290715
70,1,81,653.926577,-169.368797
70,1,82,662.905827,-165.110446
70,1,83,671.687718,-160.505072
70,1,84,680.250888,-155.542086
70,1,85,688.573970,-150.210901
70,1,86,696.639232,-144.512151
70,1,87,704.443467,-138.491363
70,1,88,711.987099,-132.205289
70,1,89,719.270553,-125.710681
70,1,90,726.294254,-119.064290
70,1,91,733.058627,-112.322867
70,1,92,739.564097,-105.543165
70,1,93,745.811087,-98.781934
70,1,94,751.800024,-92.095925
70,1,95,757.531331,-85.541891
70,1,96,763.005434,-79.176582
70,1,97,768.222757,-73.056751
70,1,98,773.192221,-67.219595
70,1,99,777.956733,-61.624099
70,1,100,782.567698,-56.209696
70,1,101,787.076517,-50.915816
70,1,102,791.534594,-45.681892
70,1,103,795.993334,-40.447356
70,1,104,800.504138,-35.151639
70,1,105,805.118412,-29.734173
70,1,106,809.887557,-24.134390
70,1,107,814.862977,-18.291721
70,1,108,820.096076,-12.145599
70,1,109,825.638258,-5.635455
70,1,110,831.539997,1.273886
70,1,111,837.848061,8.516024
70,1,112,844.608287,15.999168
70,1,113,851.866515,23.631525
70,1,114,859.668583,31.321303
70,1,115,868.060329,38.976708
70,1,116,877.087593,46.505950
70,1,117,886.796214,53.817236
70,1,118,897.232029,60.818773
70,1,119,908.440877,67.418768
70,1,120,920.468597,73.525431
70,1,121,933.361029,79.046968
70,2,1,0.000000,0.000000
70,2,2,13.916015,15.410800
70,2,3,26.924208,29.947896
70,2,4,39.109686,43.636919
70,2,5,50.557554,56.503497
70,2,6,61.352919,68.573260
70,2,7,71.580885,79.871839
70,2,8,81.326560,90.424862
70,2,9,90.675049,100.257960
70,2,10,99.711458,109.396763
70,2,11,108.520893,117.866899
70,2,12,117.188460,125.693999
70,2,13,125.799265,132.903692
70,2,14,134.424435,139.522953
70,2,15,143.079185,145.584137
70,2,16,151.764750,151.120942
70,2,17,160.482366,156.167067
70,2,18,169.233270,160.756212
70,2,19,178.018696,164.922076
70,2,20,186.839882,168.698358
70,2,21,195.698062,172.118756
70,2,22,204.594472,175.216971
70,2,23,213.530348,178.026702
70,2,24,222.506927,180.581646
70,2,25,231.525444,182.915505
70,2,26,240.584178,185.057751
70,2,27,249.669586,187.020959
70,2,28,258.765168,188.813479
70,2,29,267.854423,190.443660
70,2,30,276.920850,191.919851
70,2,31,285.947950,193.250402
70,2,32,294.919223,194.443663
70,2,33,303.818169,195.507983
70,2,34,312.628286,196.451711
70,2,35,321.333075,197.283197
70,2,36,329.916036,198.010790
70,2,37,338.360669,198.642839
70,2,38,346.653211,199.187483
70,2,39,354.790854,199.652016
70,2,40,362.773529,200.043518
70,2,41,370.601164,200.369073
70,2,42,378.273690,200.635761
70,2,43,385.791037,200.850666
70,2,44,393.153135,201.020868
70,2,45,400.359913,201.153450
70,2,46,407.411302,201.255493
70,2,47,414.307231,201.334081
70,2,48,421.047631,201.396294
70,2,49,427.632430,201.449215
70,2,50,434.069488,201.498348
70,2,51,440.398375,201.542888
70,2,52,446.666591,201.580452
70,2,53,452.921634,201.608658
70,2,54,459.211004,201.625122
70,2,55,465.582200,201.627463
70,2,56,472.082721,201.613298
70,2,57,478.760066,201.580243
70,2,58,485.661735,201.525916
70,2,59,492.835227,201.447935
70,2,60,500.328040,201.343917
70,2,61,508.187675,201.211479
70,2,62,516.442557,201.047513
70,2,63,525.044819,200.846005
70,2,64,533.927523,200.600218
70,2,65,543.023728,200.303411
70,2,66,552.266496,199.948848
70,2,67,561.588886,199.529788
70,2,68,570.923959,199.039494
70,2,69,580.204775,198.471226
70,2,70,589.364396,197.818247
70,2,71,598.335880,197.073816
70,2,72,607.052290,196.231196
70,2,73,615.446685,195.283647
70,2,74,623.470617,194.226611
70,2,75,631.149607,193.064239
70,2,76,638.527665,191.802864
70,2,77,645.648804,190.448818
70,2,78,652.557035,189.008432
70,2,79,659.296370,187.488039
70,2,80,665.910819,185.893971
70,2,81,672.444395,184.232559
70,2,82,678.941110,182.510136
70,2,83,685.444974,180.733032
70,2,84,691.999999,178.907581
70,2,85,698.650198,177.040114
70,2,86,705.430522,175.135363
70,2,87,712.339694,173.191657
70,2,88,719.367377,171.205727
70,2,89,726.503233,169.174301
70,2,90,733.736925,167.094109
70,2,91,741.058117,164.961881
70,2,92,748.456471,162.774346
70,2,93,755.921650,160.528234
70,2,94,763.443318,158.220275
70,2,95,771.011137,155.847198
70,2,96,778.614771,153.405732
70,2,97,786.243882,150.892607
70,2,98,793.894672,148.307180
70,2,99,801.589500,145.659321
70,2,100,809.357262,142.961523
70,2,101,817.226856,140.226285
70,2,102,825.227179,137.466101
70,2,103,833.387127,134.693467
70,2,104,841.735598,131.920880
70,2,105,850.301489,129.160836
70,2,106,859.113698,126.425830
70,2,107,868.201120,123.728359
70,2,108,877.592654,121.080919
70,2,109,887.317196,118.496005
70,2,110,897.409138,115.980152
70,2,111,907.924852,113.516054
70,2,112,918.926203,111.080442
70,2,113,930.475059,108.650048
70,2,114,942.633285,106.201603
70,2,115,955.462748,103.711840
70,2,116,969.025313,101.157489
70,2,117,983.382847,98.515283
70,2,118,998.597217,95.761953
70,2,119,1014.730288,92.874232
70,2,120,1031.843927,89.828850
70,2,121,1050.000000,86.602540
75,1,1,0.000000,0.000000
75,1,2,12.621478,-16.644617
75,1,3,24.541191,-32.396427
75,1,4,35.829055,-47.268979
75,1,5,46.554983,-61.275822
75,1,6,56.788890,-74.430503
75,1,7,66.600693,-86.746570
75,1,8,76.060304,-98.237573
75,1,9,85.237640,-108.917058
75,1,10,94.202615,-118.798575
75,1,11,103.025144,-127.895671
75,1,12,111.775142,-136.221895
75,1,13,120.522523,-143.790795
75,1,14,129.324762,-150.621810
75,1,15,138.189563,-156.757940
75,1,16,147.112190,-162.248076
75,1,17,156.087907,-167.141109
75,1,18,165.111979,-171.485931
75,1,19,174.179668,-175.331431
75,1,20,183.286239,-178.726501
75,1,21,192.426956,-181.720032
75,1,22,201.597083,-184.360914
75,1,23,210.791884,-186.698039
75,1,24,220.006621,-188.780298
75,1,25,229.236560,-190.656582
75,1,26,238.476323,-192.368625
75,1,27,247.717965,-193.929546
75,1,28,256.952901,-195.345304
75,1,29,266.172545,-196.621861
75,1,30,275.368312,-197.765177
75,1,31,284.531615,-198.781214
75,1,32,293.653870,-199.675933
75,1,33,302.726490,-200.455295
75,1,34,311.740891,-201.125262
75,1,35,320.688485,-201.691793
75,1,36,329.560688,-202.160850
75,1,37,338.348914,-202.538395
75,1,38,347.039605,-202.830754
75,1,39,355.599315,-203.045721
75,1,40,363.989624,-203.191454
75,1,41,372.172114,-203.276112
75,1,42,380.108366,-203.307855
75,1,43,387.759961,-203.294842
75,1,44,395.088480,-203.245232
75,1,45,402.055506,-203.167183
75,1,46,408.622617,-203.068855
75,1,47,414.751397,-202.958408
75,1,48,420.403426,-202.843999
75,1,49,425.540285,-202.733788
75,1,50,430.147380,-202.634179
75,1,51,434.305413,-202.544558
75,1,52,438.118909,-202.462555
75,1,53,441.692397,-202.385799
75,1,54,445.130402,-202.311921
75,1,55,448.537450,-202.238551
75,1,56,452.018069,-202.163319
75,1,57,455.676783,-202.083856
75,1,58,459.618121,-201.997792
75,1,59,463.946608,-201.902756
75,1,60,468.766770,-201.796379
75,1,61,474.183134,-201.676292
75,1,62,480.272940,-201.537088
75,1,63,487.004275,-201.361215
75,1,64,494.317941,-201.128086
75,1,65,502.154740,-200.817112
75,1,66,510.455473,-200.407707
75,1,67,519.160942,-199.879281
75,1,68,528.211947,-199.211247
75,1,69,537.549290,-198.383017
75,1,70,547.113773,-197.374003
75,1,71,556.846197,-196.163617
75,1,72,566.687363,-194.731271
75,1,73,576.578073,-193.056378
75,1,74,586.465565,-191.120321
75,1,75,596.322827,-188.912373
75,1,76,606.129284,-186.423776
75,1,77,615.864362,-183.645776
75,1,78,625.507484,-180.569615
75,1,79,635.038077,-177.186538
75,1,80,644.435565,-173.487789
75,1,81,653.679373,-169.464611
75,1,82,662.748926,-165.108248
75,1,83,671.623649,-160.409945
75,1,84,680.282968,-155.360945
75,1,85,688.706306,-149.952491
75,1,86,696.876328,-144.186733
75,1,87,704.788643,-138.109441
75,1,88,712.442102,-131.777290
75,1,89,719.835554,-125.246954
75,1,90,726.967849,-118.575109
75,1,91,733.837834,-111.818429
75,1,92,740.444360,-105.033589
75,1,93,746.786277,-98.277264
75,1,94,752.862432,-91.606130
75,1,95,758.671675,-85.076860
75,1,96,764.212856,-78.746131
75,1,97,769.484823,-72.670616
75,1,98,774.495465,-66.887309
75,1,99,779.288819,-61.354473
75,1,100,783.917964,-56.010690
75,1,101,788.435975,-50.794542
75,1,102,792.895930,-45.644610
75,1,103,797.350905,-40.499475
75,1,104,801.853978,-35.297719
75,1,105,806.458226,-29.977924
75,1,106,811.216725,-24.478671
75,1,107,816.182553,-18.738543
75,1,108,821.408786,-12.696119
75,1,109,826.948501,-6.289982
75,1,110,832.852190,0.516495
75,1,111,839.160007,7.660774
75,1,112,845.909520,15.055528
75,1,113,853.138297,22.613428
75,1,114,860.883906,30.247145
75,1,115,869.183916,37.869351
75,1,116,878.075895,45.392716
75,1,117,887.597411,52.729913
75,1,118,897.786033,59.793612
75,1,119,908.679329,66.496486
75,1,120,920.314866,72.751205
75,1,121,932.730214,78.470441
75,2,1,0.000000,0.000000
75,2,2,14.187706,15.020109
75,2,3,27.440340,29.225270
75,2,4,39.844947,42.636122
75,2,5,51.488570,55.273305
75,2,6,62.458254,67.157458
75,2,7,72.841041,78.309219
75,2,8,82.723976,88.749229
75,2,9,92.194102,98.498125
75,2,10,101.338464,107.576548
75,2,11,110.244105,116.005136
75,2,12,118.998069,123.804529
75,2,13,127.687399,130.995365
75,2,14,136.384980,137.600647
75,2,15,145.107053,143.652827
75,2,16,153.855700,149.186719
75,2,17,162.633002,154.237138
75,2,18,171.441041,158.838899
75,2,19,180.281897,163.026817
75,2,20,189.157653,166.835706
75,2,21,198.070390,170.300381
75,2,22,207.022190,173.455657
75,2,23,216.015134,176.336348
75,2,24,225.051303,178.977270
75,2,25,234.132780,181.413237
75,2,26,243.258348,183.674189
75,2,27,252.413610,185.770572
75,2,28,261.580869,187.707957
75,2,29,270.742431,189.491914
75,2,30,279.880598,191.128015
75,2,31,288.977677,192.621830
75,2,32,298.015971,193.978931
75,2,33,306.977786,195.204888
75,2,34,315.845424,196.305272
75,2,35,324.601192,197.285654
75,2,36,333.227393,198.151606
75,2,37,341.706332,198.908698
75,2,38,350.022858,199.562957
75,2,39,358.171998,200.122231
75,2,40,366.151324,200.594825
75,2,41,373.958405,200.989044
75,2,42,381.590815,201.313193
75,2,43,389.046124,201.575575
75,2,44,396.321903,201.784496
75,2,45,403.415725,201.948260
75,2,46,410.325159,202.075171
75,2,47,417.047779,202.173535
75,2,48,423.581154,202.251655
75,2,49,429.922857,202.317837
75,2,50,436.080112,202.378531
75,2,51,442.098759,202.432779
75,2,52,448.034288,202.477767
75,2,53,453.942193,202.510683
75,2,54,459.877967,202.528715
75,2,55,465.897100,202.529050
75,2,56,472.055087,202.508875
75,2,57,478.407418,202.465378
75,2,58,485.009586,202.395746
75,2,59,491.917084,202.297167
75,2,60,499.185404,202.166828
75,2,61,506.870038,202.001916
75,2,62,515.005182,201.799030
75,2,63,523.539846,201.552416
75,2,64,532.401745,201.255730
75,2,65,541.518591,200.902627
75,2,66,550.818099,200.486765
75,2,67,560.227983,200.001800
75,2,68,569.675957,199.441388
75,2,69,579.089733,198.799186
75,2,70,588.397027,198.068850
75,2,71,597.525552,197.244037
75,2,72,606.403022,196.318402
75,2,73,614.957150,195.285603
75,2,74,623.134934,194.141621
75,2,75,630.960502,192.891737
75,2,76,638.477269,191.543559
75,2,77,645.728644,190.104693
75,2,78,652.758042,188.582746
75,2,79,659.608875,186.985325
75,2,80,666.324555,185.320037
75,2,81,672.948494,183.594488
75,2,82,679.524105,181.816286
75,2,83,686.094801,179.993038
75,2,84,692.703993,178.132349
75,2,85,699.395095,176.241828
75,2,86,706.202878,174.327191
75,2,87,713.127558,172.386604
75,2,88,720.160710,170.416339
75,2,89,727.293907,168.412672
75,2,90,734.518726,166.371877
75,2,91,741.826741,164.290229
75,2,92,749.209527,162.164002
75,2,93,756.658658,159.989472
75,2,94,764.165710,157.762912
75,2,95,771.722258,155.480597
75,2,96,779.319876,153.138802
75,2,97,786.950140,150.733802
75,2,98,794.610613,148.264147
75,2,99,802.322824,145.737493
75,2,100,810.114290,143.163772
75,2,101,818.012526,140.552917
75,2,102,826.045050,137.914860
75,2,103,834.239379,135.259533
75,2,104,842.623031,132.596869
75,2,105,851.223521,129.936798
75,2,106,860.068368,127.289254
75,2,107,869.185087,124.664169
75,2,108,878.601196,122.071476
75,2,109,888.344213,119.521105
75,2,110,898.446991,117.017648
75,2,111,908.963741,114.544327
75,2,112,919.954008,112.079025
75,2,113,931.477341,109.599622
75,2,114,943.593286,107.084000
75,2,115,956.361390,104.510041
75,2,116,969.841201,101.855624
75,2,117,984.092266,99.098632
75,2,118,999.174131,96.216947
75,2,119,1015.146343,93.188449
75,2,120,1032.068451,89.991020
75,2,121,1050.000000,86.602540
80,1,1,0.000000,0.000000
80,1,2,12.694369,-16.469024
80,1,3,24.688076,-32.081330
80,1,4,36.050545,-46.847334
80,1,5,46.851200,-60.777452
80,1,6,57.159465,-73.882098
80,1,7,67.044764,-86.171687
80,1,8,76.576521,-97.656635
80,1,9,85.824161,-108.347357
80,1,10,94.857106,-118.254269
80,1,11,103.744782,-127.387785
80,1,12,112.556611,-135.758320
80,1,13,121.362018,-143.376291
80,1,14,130.218163,-150.258491
80,1,15,139.133145,-156.447239
80,1,16,148.102799,-161.991229
80,1,17,157.122960,-166.939158
80,1,18,166.189463,-171.339723
80,1,19,175.298144,-175.241619
80,1,20,184.444837,-178.693544
80,1,21,193.625378,-181.744193
80,1,22,202.835601,-184.442263
80,1,23,212.071341,-186.836451
80,1,24,221.328435,-188.975452
80,1,25,230.602715,-190.907962
80,1,26,239.889146,-192.675500
80,1,27,249.179199,-194.290864
80,1,28,258.463472,-195.759673
80,1,29,267.732563,-197.087547
80,1,30,276.977073,-198.280107
80,1,31,286.187599,-199.342971
80,1,32,295.354741,-200.281759
80,1,33,304.469096,-201.102091
80,1,34,313.521265,-201.809586
80,1,35,322.501845,-202.409864
80,1,36,331.401436,-202.908546
80,1,37,340.210636,-203.311249
80,1,38,348.914969,-203.624098
80,1,39,357.479657,-203.855225
80,1,40,365.864846,-204.013266
80,1,41,374.030684,-204.106857
80,1,42,381.937316,-204.144634
80,1,43,389.544891,-204.135234
80,1,44,396.813554,-204.087292
80,1,45,403.703453,-204.009444
80,1,46,410.174734,-203.910327
80,1,47,416.187543,-203.798576
80,1,48,421.702029,-203.682828
80,1,49,426.678337,-203.571718
80,1,50,431.101498,-203.471990
80,1,51,435.056076,-203.382817
80,1,52,438.651518,-203.301481
80,1,53,441.997271,-203.225263
80,1,54,445.202784,-203.151443
80,1,55,448.377503,-203.077303
80,1,56,451.630876,-203.000123
80,1,57,455.072351,-202.917184
80,1,58,458.811374,-202.825769
80,1,59,462.957394,-202.723156
80,1,60,467.619857,-202.606628
80,1,61,472.908212,-202.473465
80,1,62,478.903280,-202.317952
80,1,63,485.571388,-202.122382
80,1,64,492.850235,-201.866053
80,1,65,500.677521,-201.528262
80,1,66,508.990947,-201.088305
80,1,67,517.728213,-200.525481
80,1,68,526.827020,-199.819086
80,1,69,536.225067,-198.948418
80,1,70,545.860055,-197.892773
80,1,71,555.669685,-196.631448
80,1,72,565.591655,-195.143742
80,1,73,575.563668,-193.408950
80,1,74,585.530468,-191.408523
80,1,75,595.464979,-189.132520
80,1,76,605.347171,-186.573154
80,1,77,615.157013,-183.722637
80,1,78,624.874474,-180.573180
80,1,79,634.479523,-177.116998
80,1,80,643.952131,-173.346301
80,1,81,653.272265,-169.253302
80,1,82,662.419896,-164.830213
80,1,83,671.374993,-160.069247
80,1,84,680.117525,-154.962615
80,1,85,688.627461,-149.502531
80,1,86,696.887703,-143.691974
80,1,87,704.892881,-137.576992
80,1,88,712.640560,-131.214404
80,1,89,720.128301,-124.661026
80,1,90,727.353669,-117.973675
80,1,91,734.314226,-111.209168
80,1,92,741.007536,-104.424321
80,1,93,747.431161,-97.675952
80,1,94,753.582665,-91.020878
80,1,95,759.459611,-84.515915
80,1,96,765.059562,-78.217880
80,1,97,770.380081,-72.183590
80,1,98,775.428242,-66.450045
80,1,99,780.249161,-60.974979
80,1,100,784.897465,-55.696307
80,1,101,789.427780,-50.551946
80,1,102,793.894732,-45.479812
80,1,103,798.352950,-40.417822
80,1,104,802.857058,-35.303891
80,1,105,807.461683,-30.075936
80,1,106,812.221453,-24.671873
80,1,107,817.190994,-19.029619
80,1,108,822.424932,-13.087090
80,1,109,827.977894,-6.782202
80,1,110,833.900411,-0.077387
80,1,111,840.226624,6.966857
80,1,112,846.986582,14.265517
80,1,113,854.210330,21.733579
80,1,114,861.927916,29.286032
80,1,115,870.169386,36.837860
80,1,116,878.964786,44.304051
80,1,117,888.344165,51.599592
80,1,118,898.337568,58.639468
80,1,119,908.975041,65.338668
80,1,120,920.286633,71.612177
80,1,121,932.302389,77.374983
80,2,1,0.000000,0.000000
80,2,2,14.506404,14.637643
80,2,3,28.039931,28.515829
80,2,4,40.690618,41.650247
80,2,5,52.548501,54.056584
80,2,6,63.703619,65.750528
80,2,7,74.246008,76.747768
80,2,8,84.265706,87.063992
80,2,9,93.852749,96.714887
80,2,10,103.097176,105.716143
80,2,11,112.089023,114.083447
80,2,12,120.918328,121.832487
80,2,13,129.675127,128.978951
80,2,14,138.434920,135.542012
80,2,15,147.215055,141.554776
80,2,16,156.018341,147.053833
80,2,17,164.847588,152.075776
80,2,18,173.705606,156.657193
80,2,19,182.595202,160.834677
80,2,20,191.519189,164.644817
80,2,21,200.480374,168.124205
80,2,22,209.481568,171.309432
80,2,23,218.525580,174.237087
80,2,24,227.615219,176.943761
80,2,25,236.753296,179.466046
80,2,26,245.939011,181.834814
80,2,27,255.157137,184.058063
80,2,28,264.388834,186.138073
80,2,29,273.615267,188.077125
80,2,30,282.817599,189.877498
80,2,31,291.976991,191.541473
80,2,32,301.074607,193.071330
80,2,33,310.091611,194.469349
80,2,34,319.009164,195.737811
80,2,35,327.808429,196.878994
80,2,36,336.470571,197.895180
80,2,37,344.976750,198.788649
80,2,38,353.310495,199.562896
80,2,39,361.464792,200.226279
80,2,40,369.434989,200.788375
80,2,41,377.216437,201.258756
80,2,42,384.804486,201.646996
80,2,43,392.194484,201.962671
80,2,44,399.381783,202.215354
80,2,45,406.361732,202.414620
80,2,46,413.129681,202.570043
80,2,47,419.680979,202.691197
80,2,48,426.010976,202.787657
80,2,49,432.115023,202.868996
80,2,50,437.999718,202.942649
80,2,51,443.716665,203.007486
80,2,52,449.328713,203.060237
80,2,53,454.898715,203.097631
80,2,54,460.489522,203.116400
80,2,55,466.163985,203.113273
80,2,56,471.984957,203.084979
80,2,57,478.015289,203.028249
80,2,58,484.317832,202.939813
80,2,59,490.955438,202.816400
80,2,60,497.990959,202.654741
80,2,61,505.487245,202.451566
80,2,62,513.483912,202.203235
80,2,63,521.927626,201.904635
80,2,64,530.741817,201.550282
80,2,65,539.849913,201.134694
80,2,66,549.175345,200.652388
80,2,67,558.641541,200.097880
80,2,68,568.171932,199.465687
80,2,69,577.689947,198.750328
80,2,70,587.119015,197.946317
80,2,71,596.382565,197.048174
80,2,72,605.404028,196.050414
80,2,73,614.106832,194.947555
80,2,74,622.434171,193.736382
80,2,75,630.408290,192.422759
80,2,76,638.071198,191.014815
80,2,77,645.464904,189.520683
80,2,78,652.631419,187.948492
80,2,79,659.612749,186.306376
80,2,80,666.450906,184.602464
80,2,81,673.187898,182.844888
80,2,82,679.865733,181.041779
80,2,83,686.526422,179.201269
80,2,84,693.211974,177.331487
80,2,85,699.964397,175.440567
80,2,86,706.817630,173.534622
80,2,87,713.773333,171.611707
80,2,88,720.825094,169.667860
80,2,89,727.966503,167.699118
80,2,90,735.191148,165.701519
80,2,91,742.492619,163.671102
80,2,92,749.864504,161.603903
80,2,93,757.300391,159.495962
80,2,94,764.793871,157.343315
80,2,95,772.338532,155.142000
80,2,96,779.927963,152.888057
80,2,97,787.555753,150.577521
80,2,98,795.220953,148.208396
80,2,99,802.944470,145.786539
80,2,100,810.752673,143.319773
80,2,101,818.671929,140.815918
80,2,102,826.728607,138.282798
80,2,103,834.949077,135.728234
80,2,104,843.359707,133.160048
80,2,105,851.986865,130.586063
80,2,106,860.856921,128.014099
80,2,107,869.996243,125.451980
80,2,108,879.431199,122.907526
80,2,109,889.188159,120.388561
80,2,110,899.298707,117.898048
80,2,111,909.815294,115.419523
80,2,112,920.795586,112.931661
80,2,113,932.297251,110.413142
80,2,114,944.377955,107.842641
80,2,115,957.095366,105.198836
80,2,116,970.507149,102.460404
80,2,117,984.670973,99.606022
80,2,118,999.644503,96.614368
80,2,119,1015.485406,93.464118
80,2,120,1032.251349,90.133950
80,2,121,1050.000000,86.602540
85,1,1,0.000000,0.000000
85,1,2,12.856565,-16.245007
85,1,3,24.997301,-31.673103
85,1,4,36.492565,-46.291214
85,1,5,47.412714,-60.106266
85,1,6,57.828106,-73.125187
85,1,7,67.809097,-85.354903
85,1,8,77.426044,-96.802342
85,1,9,86.749306,-107.474429
85,1,10,95.849238,-117.378091
85,1,11,104.796198,-126.520256
85,1,12,113.660544,-134.907850
85,1,13,122.512632,-142.547800
85,1,14,131.410516,-149.454049
85,1,15,140.363034,-155.668610
85,1,16,149.366720,-161.240512
85,1,17,158.418107,-166.218783
85,1,18,167.513731,-170.652454
85,1,19,176.650124,-174.590554
85,1,20,185.823822,-178.082111
85,1,21,195.031358,-181.176154
85,1,22,204.269267,-183.921713
85,1,23,213.534082,-186.367818
85,1,24,222.822338,-188.563497
85,1,25,232.130569,-190.557779
85,1,26,241.454131,-192.392254
85,1,27,250.783672,-194.078759
85,1,28,260.108662,-195.621689
85,1,29,269.418570,-197.025440
85,1,30,278.702867,-198.294409
85,1,31,287.951022,-199.432991
85,1,32,297.152505,-200.445584
85,1,33,306.296787,-201.336584
85,1,34,315.373336,-202.110386
85,1,35,324.371624,-202.771388
85,1,36,333.281119,-203.323985
85,1,37,342.091292,-203.772573
85,1,38,350.786607,-204.122400
85,1,39,359.331502,-204.382113
85,1,40,367.685412,-204.561209
85,1,41,375.807768,-204.669187
85,1,42,383.658005,-204.715544
85,1,43,391.195555,-204.709779
85,1,44,398.379852,-204.661389
85,1,45,405.170328,-204.579872
85,1,46,411.526417,-204.474726
85,1,47,417.407553,-204.355448
85,1,48,422.773167,-204.231538
85,1,49,427.582693,-204.112492
85,1,50,431.821245,-204.005708
85,1,51,435.576656,-203.910186
85,1,52,438.962438,-203.822823
85,1,53,442.092105,-203.740518
85,1,54,445.079171,-203.660171
85,1,55,448.037147,-203.578679
85,1,56,451.079549,-203.492941
85,1,57,454.319887,-203.399856
85,1,58,457.871677,-203.296323
85,1,59,461.848431,-203.179239
85,1,60,466.363662,-203.045504
85,1,61,471.530883,-202.892017
85,1,62,477.433860,-202.712752
85,1,63,484.037364,-202.489988
85,1,64,491.276420,-202.203080
85,1,65,499.086052,-201.831383
85,1,66,507.401284,-201.354253
85,1,67,516.157139,-200.751044
85,1,68,525.288642,-200.001112
85,1,69,534.730817,-199.083811
85,1,70,544.418689,-197.978497
85,1,71,554.287280,-196.664526
85,1,72,564.271615,-195.121251
85,1,73,574.306719,-193.328028
85,1,74,584.335224,-191.266505
85,1,75,594.330203,-188.927497
85,1,76,604.272336,-186.304114
85,1,77,614.142304,-183.389464
85,1,78,623.920790,-180.176657
85,1,79,633.588473,-176.658799
85,1,80,643.126036,-172.829002
85,1,81,652.514159,-168.680372
85,1,82,661.733523,-164.206019
85,1,83,670.764810,-159.399051
85,1,84,679.588700,-154.252577
85,1,85,688.185875,-148.759706
85,1,86,696.539575,-142.924148
85,1,87,704.643276,-136.792018
85,1,88,712.493010,-130.420033
85,1,89,720.084813,-123.864909
85,1,90,727.414719,-117.183363
85,1,91,734.478761,-110.432112
85,1,92,741.272975,-103.667872
85,1,93,747.793394,-96.947361
85,1,94,754.036052,-90.327294
85,1,95,759.996983,-83.864389
85,1,96,765.672222,-77.615361
85,1,97,771.057804,-71.636929
85,1,98,776.159770,-65.965914
85,1,99,781.024205,-60.559568
85,1,100,785.707201,-55.355244
85,1,101,790.264850,-50.290301
85,1,102,794.753244,-45.302094
85,1,103,799.228476,-40.327979
85,1,104,803.746638,-35.305313
85,1,105,808.363822,-30.171450
85,1,106,813.136121,-24.863749
85,1,107,818.119626,-19.319565
85,1,108,823.370431,-13.476253
85,1,109,828.944628,-7.271171
85,1,110,834.892868,-0.666391
85,1,111,841.244044,6.277148
85,1,112,848.021607,13.473789
85,1,113,855.249009,20.837876
85,1,114,862.949701,28.283754
85,1,115,871.147136,35.725766
85,1,116,879.864764,43.078256
85,1,117,889.126038,50.255567
85,1,118,898.954409,57.172045
85,1,119,909.373329,63.742032
85,1,120,920.406249,69.879873
85,1,121,932.076621,75.499911
85,2,1,0.000000,0.000000
85,2,2,14.790592,14.293706
85,2,3,28.577304,27.875624
85,2,4,41.452469,40.757211
85,2,5,53.508423,52.949920
85,2,6,64.837499,64.465206
85,2,7,75.532032,75.314524
85,2,8,85.684355,85.509328
85,2,9,95.386804,95.061074
85,2,10,104.731711,103.981215
85,2,11,113.811412,112.281207
85,2,12,122.718241,119.972504
85,2,13,131.544531,127.066561
85,2,14,140.367831,133.579307
85,2,15,149.206549,139.544570
85,2,16,158.064304,145.000653
85,2,17,166.944718,149.985858
85,2,18,175.851412,154.538489
85,2,19,184.788005,158.696846
85,2,20,193.758120,162.499234
85,2,21,202.765378,165.983954
85,2,22,211.813398,169.189309
85,2,23,220.905802,172.153602
85,2,24,230.046211,174.915135
85,2,25,239.238246,177.512212
85,2,26,248.481608,179.976607
85,2,27,257.760319,182.313992
85,2,28,267.054482,184.523512
85,2,29,276.344200,186.604309
85,2,30,285.609575,188.555530
85,2,31,294.830711,190.376317
85,2,32,303.987711,192.065816
85,2,33,313.060676,193.623170
85,2,34,322.029709,195.047524
85,2,35,330.874914,196.338022
85,2,36,339.576393,197.493809
85,2,37,348.114249,198.514028
85,2,38,356.470750,199.399762
85,2,39,364.636823,200.159845
85,2,40,372.605561,200.805046
85,2,41,380.370057,201.346139
85,2,42,387.923404,201.793894
85,2,43,395.258693,202.159081
85,2,44,402.369019,202.452473
85,2,45,409.247473,202.684841
85,2,46,415.887149,202.866956
85,2,47,422.281139,203.009588
85,2,48,428.422536,203.123510
85,2,49,434.304432,203.219493
85,2,50,439.932696,203.305885
85,2,51,445.364304,203.381350
85,2,52,450.669006,203.442126
85,2,53,455.916552,203.484453
85,2,54,461.176695,203.504572
85,2,55,466.519183,203.498723
85,2,56,472.013769,203.463146
85,2,57,477.730203,203.394080
85,2,58,483.738236,203.287765
85,2,59,490.107619,203.140442
85,2,60,496.908102,202.948351
85,2,61,504.209437,202.707730
85,2,62,512.056416,202.414743
85,2,63,520.393995,202.065238
85,2,64,529.142173,201.654985
85,2,65,538.220948,201.179754
85,2,66,547.550318,200.635315
85,2,67,557.050282,200.017440
85,2,68,566.640838,199.321898
85,2,69,576.241984,198.544460
85,2,70,585.773719,197.680896
85,2,71,595.156040,196.726977
85,2,72,604.308946,195.678472
85,2,73,613.152435,194.531152
85,2,74,621.626488,193.282763
85,2,75,629.751021,191.938951
85,2,76,637.565931,190.507338
85,2,77,645.111115,188.995546
85,2,78,652.426472,187.411196
85,2,79,659.551900,185.761910
85,2,80,666.527296,184.055310
85,2,81,673.392557,182.299018
85,2,82,680.187583,180.500655
85,2,83,686.952270,178.667843
85,2,84,693.726516,176.808205
85,2,85,700.550220,174.929361
85,2,86,707.455938,173.037094
85,2,87,714.446867,171.129830
85,2,88,721.518863,169.204156
85,2,89,728.667782,167.256659
85,2,90,735.889479,165.283925
85,2,91,743.179810,163.282541
85,2,92,750.534632,161.249094
85,2,93,757.949800,159.180170
85,2,94,765.421170,157.072357
85,2,95,772.944598,154.922241
85,2,96,780.515939,152.726408
85,2,97,788.131050,150.481446
85,2,98,795.790686,148.185440
85,2,99,803.515197,145.842468
85,2,100,811.329833,143.458108
85,2,101,819.259843,141.037938
85,2,102,827.330478,138.587534
85,2,103,835.566987,136.112474
85,2,104,843.994620,133.618336
85,2,105,852.638626,131.110696
85,2,106,861.524256,128.595133
85,2,107,870.676759,126.077223
85,2,108,880.121385,123.562544
85,2,109,889.883383,121.056674
85,2,110,899.993227,118.561080
85,2,111,910.502286,116.060793
85,2,112,921.467151,113.536734
85,2,113,932.944417,110.969826
85,2,114,944.990673,108.340990
85,2,115,957.662514,105.631146
85,2,116,971.016532,102.821217
85,2,117,985.109318,99.892124
85,2,118,999.997466,96.824788
85,2,119,1015.737567,93.600131
85,2,120,1032.386214,90.199075
85,2,121,1050.000000,86.602540
90,1,1,0.000000,0.000000
90,1,2,13.026066,-16.024642
90,1,3,25.320228,-31.269449
90,1,4,36.953802,-45.738112
90,1,5,47.998104,-59.434323
90,1,6,58.524450,-72.361773
90,1,7,68.604157,-84.524156
90,1,8,78.308540,-95.925162
90,1,9,87.708916,-106.568483
90,1,10,96.876601,-116.457812
90,1,11,105.882911,-125.596840
90,1,12,114.799163,-133.989259
90,1,13,123.696673,-141.638760
90,1,14,132.634427,-148.556690
90,1,15,141.622094,-154.785003
90,1,16,150.657012,-160.373311
90,1,17,159.736519,-165.371221
90,1,18,168.857956,-169.828344
90,1,19,178.018659,-173.794289
90,1,20,187.215967,-177.318666
90,1,21,196.447220,-180.451083
90,1,22,205.709756,-183.241151
90,1,23,215.000914,-185.738479
90,1,24,224.318031,-187.992676
90,1,25,233.658447,-190.053352
90,1,26,243.017935,-191.962268
90,1,27,252.386002,-193.729797
90,1,28,261.750591,-195.358461
90,1,29,271.099644,-196.850786
90,1,30,280.421104,-198.209294
90,1,31,289.702914,-199.436510
90,1,32,298.933014,-200.534957
90,1,33,308.099349,-201.507159
90,1,34,317.189860,-202.355641
90,1,35,326.192489,-203.082926
90,1,36,335.095179,-203.691537
90,1,37,343.885872,-204.184000
90,1,38,352.547811,-204.564253
90,1,39,361.045435,-204.841898
90,1,40,369.338486,-205.027956
90,1,41,377.386703,-205.133442
90,1,42,385.149826,-205.169378
90,1,43,392.587597,-205.146779
90,1,44,399.659754,-205.076665
90,1,45,406.326040,-204.970055
90,1,46,412.546192,-204.837966
90,1,47,418.279953,-204.691417
90,1,48,423.487062,-204.541426
90,1,49,428.127260,-204.399012
90,1,50,432.186415,-204.272754
90,1,51,435.754916,-204.161479
90,1,52,438.949279,-204.061575
90,1,53,441.886020,-203.969429
90,1,54,444.681655,-203.881430
90,1,55,447.452701,-203.793964
90,1,56,450.315675,-203.703421
90,1,57,453.387092,-203.606187
90,1,58,456.783470,-203.498651
90,1,59,460.621325,-203.377200
90,1,60,465.017172,-203.238222
90,1,61,470.087530,-203.078105
90,1,62,475.918287,-202.890354
90,1,63,482.472832,-202.656940
90,1,64,489.683924,-202.356953
90,1,65,497.484324,-201.969480
90,1,66,505.806793,-201.473611
90,1,67,514.584093,-200.848435
90,1,68,523.748982,-200.073039
90,1,69,533.234224,-199.126513
90,1,70,542.972577,-197.987945
90,1,71,552.896803,-196.636424
90,1,72,562.939662,-195.051039
90,1,73,573.033916,-193.210878
90,1,74,583.120418,-191.097553
90,1,75,593.172393,-188.702766
90,1,76,603.171159,-186.020742
90,1,77,613.098035,-183.045705
90,1,78,622.934337,-179.771880
90,1,79,632.661385,-176.193492
90,1,80,642.260496,-172.304766
90,1,81,651.712989,-168.099926
90,1,82,661.000180,-163.573198
90,1,83,670.103389,-158.718806
90,1,84,679.003934,-153.530974
90,1,85,687.683132,-148.003929
90,1,86,696.124516,-142.142276
90,1,87,704.320480,-135.992153
90,1,88,712.265630,-129.610080
90,1,89,719.954574,-123.052576
90,1,90,727.381920,-116.376161
90,1,91,734.542275,-109.637354
90,1,92,741.430247,-102.892675
90,1,93,748.040443,-96.198644
90,1,94,754.367472,-89.611780
90,1,95,760.405939,-83.188603
90,1,96,766.150454,-76.985632
90,1,97,771.595624,-71.059388
90,1,98,776.746559,-65.446467
90,1,99,781.650388,-60.103783
90,1,100,786.364742,-54.968327
90,1,101,790.947252,-49.977088
90,1,102,795.455549,-45.067059
90,1,103,799.947265,-40.175230
90,1,104,804.480031,-35.238591
90,1,105,809.111478,-30.194134
90,1,106,813.899237,-24.978850
90,1,107,818.900941,-19.529729
90,1,108,824.174219,-13.783762
90,1,109,829.776704,-7.677940
90,1,110,835.759242,-1.174230
90,1,111,842.145543,5.665497
90,1,112,848.952531,12.754396
90,1,113,856.197132,20.005618
90,1,114,863.896270,27.332319
90,1,115,872.066870,34.647651
90,1,116,880.725856,41.864767
90,1,117,889.890155,48.896822
90,1,118,899.576691,55.656969
90,1,119,909.802388,62.058360
90,1,120,920.584172,68.014151
90,1,121,931.938967,73.437493
90,2,1,0.000000,0.000000
90,2,2,15.023883,13.984628
90,2,3,29.025314,27.296882
90,2,4,42.097585,39.944848
90,2,5,54.333986,51.936613
90,2,6,65.827809,63.280264
90,2,7,76.672346,73.983887
90,2,8,86.960887,84.055570
90,2,9,96.786724,93.503398
90,2,10,106.243149,102.335458
90,2,11,115.423453,110.559838
90,2,12,124.420927,118.184623
90,2,13,133.328862,125.217900
90,2,14,142.225780,131.673043
90,2,15,151.131118,137.584577
90,2,16,160.049545,142.992312
90,2,17,168.985726,147.936060
90,2,18,177.944331,152.455631
90,2,19,186.930026,156.590837
90,2,20,195.947479,160.381490
90,2,21,205.001358,163.867400
90,2,22,214.096330,167.088378
90,2,23,223.237062,170.084237
90,2,24,232.428223,172.894786
90,2,25,241.674479,175.559838
90,2,26,250.976230,178.111932
90,2,27,260.316799,180.554527
90,2,28,269.675243,182.883807
90,2,29,279.030616,185.095960
90,2,30,288.361975,187.187171
90,2,31,297.648374,189.153628
90,2,32,306.868869,190.991516
90,2,33,316.002516,192.697022
90,2,34,325.028371,194.266331
90,2,35,333.925488,195.695631
90,2,36,342.672923,196.981108
90,2,37,351.249732,198.118948
90,2,38,359.636920,199.107960
90,2,39,367.823289,199.957450
90,2,40,375.799592,200.679343
90,2,41,383.556581,201.285569
90,2,42,391.085008,201.788053
90,2,43,398.375625,202.198725
90,2,44,405.419185,202.529511
90,2,45,412.206440,202.792338
90,2,46,418.728142,202.999135
90,2,47,424.975043,203.161828
90,2,48,430.937895,203.292346
90,2,49,436.607452,203.402615
90,2,50,441.988744,203.501862
90,2,51,447.143926,203.588500
90,2,52,452.149432,203.658242
90,2,53,457.081695,203.706802
90,2,54,462.017149,203.729891
90,2,55,467.032229,203.723222
90,2,56,472.203368,203.682509
90,2,57,477.607001,203.603463
90,2,58,483.319560,203.481797
90,2,59,489.417480,203.313223
90,2,60,495.977195,203.093456
90,2,61,503.075138,202.818206
90,2,62,510.761185,202.483430
90,2,63,518.978973,202.086060
90,2,64,527.645582,201.623269
90,2,65,536.678092,201.092234
90,2,66,545.993580,200.490128
90,2,67,555.509126,199.814126
90,2,68,565.141810,199.061403
90,2,69,574.808710,198.229134
90,2,70,584.426906,197.314493
90,2,71,593.913476,196.314655
90,2,72,603.185500,195.226796
90,2,73,612.160058,194.048089
90,2,74,620.774285,192.777295
90,2,75,629.045556,191.419520
90,2,76,637.011299,189.981453
90,2,77,644.708946,188.469786
90,2,78,652.175927,186.891209
90,2,79,659.449672,185.252413
90,2,80,666.567611,183.560088
90,2,81,673.567175,181.820926
90,2,82,680.485795,180.041617
90,2,83,687.360901,178.228851
90,2,84,694.229923,176.389320
90,2,85,701.130291,174.529715
90,2,86,708.092892,172.655178
90,2,87,715.122430,170.764666
90,2,88,722.217067,168.855590
90,2,89,729.374962,166.925358
90,2,90,736.594277,164.971381
90,2,91,743.873172,162.991068
90,2,92,751.209808,160.981828
90,2,93,758.602345,158.941071
90,2,94,766.048944,156.866207
90,2,95,773.547766,154.754646
90,2,96,781.096971,152.603796
90,2,97,788.694719,150.411069
90,2,98,796.343520,148.174882
90,2,99,804.063276,145.897698
90,2,100,811.878236,143.582987
90,2,101,819.812649,141.234220
90,2,102,827.890768,138.854867
90,2,103,836.136840,136.448401
90,2,104,844.575117,134.018291
90,2,105,853.229848,131.568009
90,2,106,862.125283,129.101025
90,2,107,871.285672,126.620811
90,2,108,880.735265,124.130837
90,2,109,890.498312,121.634574
90,2,110,900.604311,119.132109
90,2,111,911.103753,116.609984
90,2,112,922.052376,114.051361
90,2,113,933.505919,111.439397
90,2,114,945.520120,108.757252
90,2,115,958.150718,105.988085
90,2,116,971.453452,103.115056
90,2,117,985.484059,100.121323
90,2,118,1000.298279,96.990045
90,2,119,1015.951850,93.704383
90,2,120,1032.500511,90.247495
90,2,121,1050.000000,86.602540
95,1,1,0.000000,0.000000
95,1,2,13.144939,-15.846650
95,1,3,25.551590,-30.943076
95,1,4,37.291297,-45.290430
95,1,5,48.435406,-58.889863
95,1,6,59.055263,-71.742527
95,1,7,69.222212,-83.849573
95,1,8,79.007600,-95.212152
95,1,9,88.482770,-105.831416
95,1,10,97.719069,-115.708515
95,1,11,106.787842,-124.844602
95,1,12,115.760434,-133.240828
95,1,13,124.708191,-140.898344
95,1,14,133.690245,-147.826427
95,1,15,142.716883,-154.066862
95,1,16,151.786179,-159.669555
95,1,17,160.896208,-164.684418
95,1,18,170.045043,-169.161360
95,1,19,179.230759,-173.150289
95,1,20,188.451430,-176.701115
95,1,21,197.705129,-179.863747
95,1,22,206.989932,-182.688094
95,1,23,216.303913,-185.224067
95,1,24,225.645145,-187.521573
95,1,25,235.011703,-189.630522
95,1,26,244.399833,-191.592747
95,1,27,253.798461,-193.417773
95,1,28,263.194689,-195.107048
95,1,29,272.575615,-196.662021
95,1,30,281.928340,-198.084142
95,1,31,291.239962,-199.374857
95,1,32,300.497581,-200.535616
95,1,33,309.688297,-201.567868
95,1,34,318.799209,-202.473060
95,1,35,327.817417,-203.252642
95,1,36,336.730019,-203.908062
95,1,37,345.524117,-204.440769
95,1,38,354.182105,-204.853936
95,1,39,362.667567,-205.157635
95,1,40,370.939382,-205.363667
95,1,41,378.956431,-205.483828
95,1,42,386.677592,-205.529916
95,1,43,394.061746,-205.513730
95,1,44,401.067772,-205.447067
95,1,45,407.654550,-205.341726
95,1,46,413.780959,-205.209505
95,1,47,419.405879,-205.062202
95,1,48,424.488190,-204.911615
95,1,49,428.986771,-204.769542
95,1,50,432.887382,-204.645114
95,1,51,436.283302,-204.536799
95,1,52,439.294689,-204.440396
95,1,53,442.041703,-204.351705
95,1,54,444.644501,-204.266527
95,1,55,447.223243,-204.180660
95,1,56,449.898086,-204.089906
95,1,57,452.789191,-203.990065
95,1,58,456.016715,-203.876936
95,1,59,459.700817,-203.746319
95,1,60,463.961656,-203.594015
95,1,61,468.919391,-203.415823
95,1,62,474.662576,-203.204831
95,1,63,481.153351,-202.943272
95,1,64,488.322255,-202.610668
95,1,65,496.099822,-202.186540
95,1,66,504.416590,-201.650409
95,1,67,513.203094,-200.981796
95,1,68,522.389873,-200.160222
95,1,69,531.907462,-199.165208
95,1,70,541.686398,-197.976275
95,1,71,551.657218,-196.572945
95,1,72,561.750457,-194.934739
95,1,73,571.896654,-193.041177
95,1,74,582.034890,-190.874322
95,1,75,592.138438,-188.426398
95,1,76,602.189114,-185.692172
95,1,77,612.168737,-182.666410
95,1,78,622.059124,-179.343877
95,1,79,631.842092,-175.719340
95,1,80,641.499460,-171.787565
95,1,81,651.013045,-167.543318
95,1,82,660.364664,-162.981364
95,1,83,669.536136,-158.096470
95,1,84,678.509278,-152.883402
95,1,85,687.265908,-147.336925
95,1,86,695.789756,-141.462073
95,1,87,704.072207,-135.304943
95,1,88,712.106556,-128.921901
95,1,89,719.886100,-122.369311
95,1,90,727.404135,-115.703538
95,1,91,734.653960,-108.980947
95,1,92,741.628869,-102.257903
95,1,93,748.322159,-95.590771
95,1,94,754.727128,-89.035916
95,1,95,760.837072,-82.649703
95,1,96,766.645286,-76.488495
95,1,97,772.145069,-70.608659
95,1,98,777.340670,-65.046629
95,1,99,782.280157,-59.759112
95,1,100,787.022548,-54.682888
95,1,101,791.626866,-49.754734
95,1,102,796.152130,-44.911428
95,1,103,800.657360,-40.089748
95,1,104,805.201578,-35.226473
95,1,105,809.843803,-30.258379
95,1,106,814.643057,-25.122247
95,1,107,819.658359,-19.754852
95,1,108,824.948730,-14.092973
95,1,109,830.573190,-8.073389
95,1,110,836.582770,-1.658023
95,1,111,842.996539,5.090620
95,1,112,849.825574,12.084887
95,1,113,857.080956,19.237128
95,1,114,864.773762,26.459692
95,1,115,872.915071,33.664926
95,1,116,881.515962,40.765179
95,1,117,890.587513,47.672800
95,1,118,900.140803,54.300138
95,1,119,910.186911,60.559541
95,1,120,920.736916,66.363358
95,1,121,931.801895,71.623938
95,2,1,0.000000,0.000000
95,2,2,15.222827,13.694774
95,2,3,29.413668,26.751436
95,2,4,42.665776,39.175296
95,2,5,55.072404,50.971664
95,2,6,66.726806,62.145848
95,2,7,77.722235,72.703158
95,2,8,88.151944,82.648903
95,2,9,98.109188,91.988392
95,2,10,107.687219,100.726936
95,2,11,116.979290,108.869842
95,2,12,126.078656,116.422421
95,2,13,135.078570,123.389981
95,2,14,144.057731,129.783796
95,2,15,153.036628,135.638992
95,2,16,162.021195,140.996660
95,2,17,171.017367,145.897891
95,2,18,180.031078,150.383774
95,2,19,189.068262,154.495401
95,2,20,198.134856,158.273861
95,2,21,207.236792,161.760246
95,2,22,216.380005,164.995645
95,2,23,225.570431,168.021149
95,2,24,234.814003,170.877850
95,2,25,244.116656,173.606836
95,2,26,253.479660,176.241253
95,2,27,262.885626,178.782457
95,2,28,272.312500,181.223860
95,2,29,281.738229,183.558874
95,2,30,291.140758,185.780908
95,2,31,300.498033,187.883376
95,2,32,309.788002,189.859686
95,2,33,318.988610,191.703252
95,2,34,328.077803,193.407484
95,2,35,337.033527,194.965792
95,2,36,345.833729,196.371589
95,2,37,354.456355,197.618285
95,2,38,362.881097,198.702569
95,2,39,371.094630,199.634232
95,2,40,379.085374,200.426343
95,2,41,386.841750,201.091974
95,2,42,394.352178,201.644191
95,2,43,401.605080,202.096065
95,2,44,408.588876,202.460664
95,2,45,415.291986,202.751059
95,2,46,421.702831,202.980318
95,2,47,427.809831,203.161509
95,2,48,433.601408,203.307704
95,2,49,439.065982,203.431970
95,2,50,444.207721,203.544391
95,2,51,449.093783,203.643105
95,2,52,453.807072,203.723267
95,2,53,458.430495,203.780028
95,2,54,463.046956,203.808542
95,2,55,467.739360,203.803962
95,2,56,472.590612,203.761441
95,2,57,477.683618,203.676132
95,2,58,483.101283,203.543188
95,2,59,488.926512,203.357761
95,2,60,495.242210,203.115006
95,2,61,502.131282,202.810074
95,2,62,509.648557,202.438662
95,2,63,517.736558,201.998635
95,2,64,526.309729,201.488403
95,2,65,535.282518,200.906373
95,2,66,544.569370,200.250955
95,2,67,554.084731,199.520557
95,2,68,563.743046,198.713587
95,2,69,573.458763,197.828455
95,2,70,583.146326,196.863569
95,2,71,592.720182,195.817338
95,2,72,602.094777,194.688170
95,2,73,611.184556,193.474475
95,2,74,619.924065,192.175956
95,2,75,628.328247,190.797506
95,2,76,636.432144,189.345313
95,2,77,644.270800,187.825565
95,2,78,651.879257,186.244450
95,2,79,659.292557,184.608157
95,2,80,666.545743,182.922873
95,2,81,673.673858,181.194786
95,2,82,680.711944,179.430085
95,2,83,687.695044,177.634957
95,2,84,694.658201,175.815591
95,2,85,701.636457,173.978176
95,2,86,708.659038,172.127484
95,2,87,715.731907,170.262635
95,2,88,722.855209,168.381335
95,2,89,730.029090,166.481287
95,2,90,737.253696,164.560198
95,2,91,744.529173,162.615771
95,2,92,751.855666,160.645712
95,2,93,759.233322,158.647726
95,2,94,766.662285,156.619518
95,2,95,774.142702,154.558793
95,2,96,781.674719,152.463255
95,2,97,789.258480,150.330611
95,2,98,796.898026,148.159250
95,2,99,804.612966,145.950308
95,2,100,812.426801,143.705607
95,2,101,820.363035,141.426968
95,2,102,828.445169,139.116213
95,2,103,836.696707,136.775162
95,2,104,845.141151,134.405638
95,2,105,853.802002,132.009461
95,2,106,862.702765,129.588454
95,2,107,871.866940,127.144437
95,2,108,881.318031,124.679231
95,2,109,891.079540,122.194660
95,2,110,901.180186,119.689690
95,2,111,911.669556,117.151880
95,2,112,922.602455,114.565933
95,2,113,934.033687,111.916555
95,2,114,946.018055,109.188450
95,2,115,958.610364,106.366323
95,2,116,971.865417,103.434877
95,2,117,985.838020,100.378818
95,2,118,1000.582975,97.182851
95,2,119,1016.155088,93.831679
95,2,120,1032.609161,90.310007
95,2,121,1050.000000,86.602540
100,1,1,0.000000,0.000000
100,1,2,13.209756,-15.712026
100,1,3,25.685121,-30.696351
100,1,4,37.496497,-44.952246
100,1,5,48.714284,-58.478978
100,1,6,59.408886,-71.275817
100,1,7,69.650703,-83.342030
100,1,8,79.510137,-94.676888
100,1,9,89.057590,-105.279657
100,1,10,98.363465,-115.149608
100,1,11,107.498161,-124.286009
100,1,12,116.532082,-132.688128
100,1,13,125.535629,-140.355234
100,1,14,134.567274,-147.295067
100,1,15,143.637772,-153.549248
100,1,16,152.745947,-159.167869
100,1,17,161.890625,-164.201024
100,1,18,171.070632,-168.698804
100,1,19,180.284790,-172.711301
100,1,20,189.531927,-176.288609
100,1,21,198.810867,-179.480819
100,1,22,208.120434,-182.338025
100,1,23,217.459455,-184.910317
100,1,24,226.826753,-187.247790
100,1,25,236.221155,-189.400534
100,1,26,245.639379,-191.410375
100,1,27,255.069727,-193.286067
100,1,28,264.498393,-195.028096
100,1,29,273.911574,-196.636949
100,1,30,283.295464,-198.113111
100,1,31,292.636258,-199.457069
100,1,32,301.920152,-200.669310
100,1,33,311.133342,-201.750320
100,1,34,320.262022,-202.700585
100,1,35,329.292388,-203.520591
100,1,36,338.210635,-204.210825
100,1,37,347.002959,-204.771773
100,1,38,355.650925,-205.205948
100,1,39,364.117580,-205.523966
100,1,40,372.361342,-205.738472
100,1,41,380.340629,-205.862109
100,1,42,388.013857,-205.907519
100,1,43,395.339445,-205.887347
100,1,44,402.275809,-205.814236
100,1,45,408.781368,-205.700829
100,1,46,414.814539,-205.559769
100,1,47,420.333739,-205.403700
100,1,48,425.297386,-205.245266
100,1,49,429.663898,-205.097109
100,1,50,433.419165,-204.968985
100,1,51,436.658969,-204.859093
100,1,52,439.506568,-204.762744
100,1,53,442.085217,-204.675251
100,1,54,444.518172,-204.591924
100,1,55,446.928689,-204.508074
100,1,56,449.440025,-204.419013
100,1,57,452.175435,-204.320053
100,1,58,455.258176,-204.206503
100,1,59,458.811504,-204.073677
100,1,60,462.958674,-203.916884
100,1,61,467.822944,-203.731437
100,1,62,473.495111,-203.510023
100,1,63,479.936153,-203.234840
100,1,64,487.074586,-202.885463
100,1,65,494.838930,-202.441464
100,1,66,503.157704,-201.882419
100,1,67,511.959425,-201.187902
100,1,68,521.172613,-200.337487
100,1,69,530.725785,-199.310749
100,1,70,540.547462,-198.087261
100,1,71,550.566160,-196.646597
100,1,72,560.710399,-194.968333
100,1,73,570.908698,-193.032042
100,1,74,581.098532,-190.819957
100,1,75,591.253207,-188.324940
100,1,76,601.354988,-185.542513
100,1,77,611.386139,-182.468197
100,1,78,621.328923,-179.097513
100,1,79,631.165604,-175.425983
100,1,80,640.878445,-171.449126
100,1,81,650.449712,-167.162466
100,1,82,659.861666,-162.561522
100,1,83,669.096573,-157.641816
100,1,84,678.136697,-152.398869
100,1,85,686.964300,-146.828203
100,1,86,695.563300,-140.935449
100,1,87,703.924227,-134.766682
100,1,88,712.039265,-128.378091
100,1,89,719.900596,-121.825862
100,1,90,727.500404,-115.166181
100,1,91,734.830872,-108.455236
100,1,92,741.884184,-101.749213
100,1,93,748.652523,-95.104299
100,1,94,755.128071,-88.576681
100,1,95,761.303013,-82.222546
100,1,96,767.169532,-76.098080
100,1,97,772.719811,-70.259471
100,1,98,777.957354,-64.742961
100,1,99,782.930954,-59.505019
100,1,100,787.700724,-54.482169
100,1,101,792.326776,-49.610935
100,1,102,796.869225,-44.827843
100,1,103,801.388183,-40.069416
100,1,104,805.943763,-35.272180
100,1,105,810.596079,-30.372658
100,1,106,815.405243,-25.307374
100,1,107,820.431370,-20.012855
100,1,108,825.734572,-14.425623
100,1,109,831.374963,-8.482203
100,1,110,837.403629,-2.144358
100,1,111,843.835554,4.525200
100,1,112,850.676694,11.438522
100,1,113,857.933006,18.507658
100,1,114,865.610448,25.644658
100,1,115,873.714975,32.761572
100,1,116,882.252545,39.770450
100,1,117,891.229115,46.583343
100,1,118,900.650641,53.112300
100,1,119,910.523080,59.269373
100,1,120,920.852390,64.966610
100,1,121,931.644527,70.116063
100,2,1,0.000000,0.000000
100,2,2,15.389107,13.420987
100,2,3,29.744736,26.234300
100,2,4,43.159233,38.442956
100,2,5,55.724944,50.049974
100,2,6,67.534215,61.058372
100,2,7,78.679392,71.471169
100,2,8,89.252821,81.291383
100,2,9,99.346848,90.522033
100,2,10,109.053819,99.166136
100,2,11,118.466079,107.226711
100,2,12,127.675975,114.706777
100,2,13,136.775853,121.609352
100,2,14,145.843900,127.943957
100,2,15,154.901669,133.746130
100,2,16,163.956555,139.057910
100,2,17,173.015953,143.921337
100,2,18,182.087258,148.378453
100,2,19,191.177864,152.471296
100,2,20,200.295167,156.241907
100,2,21,209.446560,159.732327
100,2,22,218.639439,162.984594
100,2,23,227.881198,166.040750
100,2,24,237.179232,168.942834
100,2,25,246.540936,171.732887
100,2,26,255.968590,174.444431
100,2,27,265.444013,177.076916
100,2,28,274.943911,179.621277
100,2,29,284.444987,182.068444
100,2,30,293.923947,184.409353
100,2,31,303.357496,186.634935
100,2,32,312.722337,188.736123
100,2,33,321.995177,190.703851
100,2,34,331.152719,192.529051
100,2,35,340.171669,194.202657
100,2,36,349.028731,195.715602
100,2,37,357.700610,197.058817
100,2,38,366.165620,198.227111
100,2,39,374.408510,199.230783
100,2,40,382.415640,200.084009
100,2,41,390.173369,200.800962
100,2,42,397.668055,201.395818
100,2,43,404.886058,201.882749
100,2,44,411.813736,202.275932
100,2,45,418.437448,202.589541
100,2,46,424.743554,202.837749
100,2,47,430.718412,203.034731
100,2,48,436.348381,203.194662
100,2,49,441.619820,203.331716
100,2,50,446.536166,203.456804
100,2,51,451.169166,203.567782
100,2,52,455.607646,203.659243
100,2,53,459.940431,203.725778
100,2,54,464.256347,203.761981
100,2,55,468.644220,203.762444
100,2,56,473.192873,203.721758
100,2,57,477.991134,203.634518
100,2,58,483.127826,203.495314
100,2,59,488.691777,203.298740
100,2,60,494.771810,203.039388
100,2,61,501.456752,202.711850
100,2,62,508.805987,202.311507
100,2,63,516.761137,201.836891
100,2,64,525.234382,201.287321
100,2,65,534.137902,200.662118
100,2,66,543.383878,199.960601
100,2,67,552.884490,199.182090
100,2,68,562.551920,198.325905
100,2,69,572.298347,197.391366
100,2,70,582.035953,196.377793
100,2,71,591.676917,195.284505
100,2,72,601.133420,194.110823
100,2,73,610.317643,192.856067
100,2,74,619.161880,191.520723
100,2,75,627.678881,190.109951
100,2,76,635.901509,188.630079
100,2,77,643.862629,187.087432
100,2,78,651.595103,185.488339
100,2,79,659.131796,183.839125
100,2,80,666.505570,182.146118
100,2,81,673.749290,180.415645
100,2,82,680.895819,178.654033
100,2,83,687.978021,176.867607
100,2,84,695.028760,175.062697
100,2,85,702.080898,173.245628
100,2,86,709.162116,171.421235
100,2,87,716.279355,169.588390
100,2,88,723.434373,167.744472
100,2,89,730.628929,165.886858
100,2,90,737.864780,164.012927
100,2,91,745.143683,162.120060
100,2,92,752.467397,160.205634
100,2,93,759.837680,158.267029
100,2,94,767.256289,156.301622
100,2,95,774.724983,154.306794
100,2,96,782.245518,152.279924
100,2,97,789.819653,150.218389
100,2,98,797.452683,148.120104
100,2,99,805.164050,145.985124
100,2,100,812.976733,143.814038
100,2,101,820.913712,141.607436
100,2,102,828.997964,139.365909
100,2,103,837.252470,137.090046
100,2,104,845.700209,134.780437
100,2,105,854.364159,132.437672
100,2,106,863.267301,130.062340
100,2,107,872.432612,127.655031
100,2,108,881.883073,125.216336
100,2,109,891.641662,122.746844
100,2,110,901.736483,120.244644
100,2,111,912.216145,117.697816
100,2,112,923.134378,115.091940
100,2,113,934.544915,112.412596
100,2,114,946.501488,109.645363
100,2,115,959.057829,106.775822
100,2,116,972.267670,103.789550
100,2,117,986.184743,100.672130
100,2,118,1000.862781,97.409139
100,2,119,1016.355515,93.986157
100,2,120,1032.716677,90.388764
100,2,121,1050.000000,86.602540
105,1,1,0.000000,0.000000
105,1,2,13.241586,-15.604380
105,1,3,25.759112,-30.499147
105,1,4,37.621421,-44.682097
105,1,5,48.897356,-58.151026
105,1,6,59.655761,-70.903727
105,1,7,69.965479,-82.937996
105,1,8,79.895353,-94.251629
105,1,9,89.514227,-104.842420
105,1,10,98.890943,-114.708164
105,1,11,108.094346,-123.846657
105,1,12,117.193279,-132.255693
105,1,13,126.256585,-139.933068
105,1,14,135.341564,-146.885315
105,1,15,144.459347,-153.153917
105,1,16,153.609520,-158.789094
105,1,17,162.791671,-163.841069
105,1,18,172.005386,-168.360063
105,1,19,181.250253,-172.396296
105,1,20,190.525859,-175.999989
105,1,21,199.831791,-179.221365
105,1,22,209.167636,-182.110643
105,1,23,218.532981,-184.718046
105,1,24,227.927413,-187.093793
105,1,25,237.350519,-189.288108
105,1,26,246.799505,-191.342769
105,1,27,256.262045,-193.265795
105,1,28,265.723435,-195.056762
105,1,29,275.168969,-196.715248
105,1,30,284.583939,-198.240829
105,1,31,293.953640,-199.633084
105,1,32,303.263366,-200.891588
105,1,33,312.498412,-202.015919
105,1,34,321.644070,-203.005653
105,1,35,330.685635,-203.860369
105,1,36,339.608401,-204.579642
105,1,37,348.397662,-205.163050
105,1,38,357.034176,-205.612480
105,1,39,365.480554,-205.939058
105,1,40,373.694873,-206.156221
105,1,41,381.635208,-206.277404
105,1,42,389.259637,-206.316045
105,1,43,396.526234,-206.285580
105,1,44,403.393077,-206.199445
105,1,45,409.818240,-206.071077
105,1,46,415.759799,-205.913912
105,1,47,421.175832,-205.741386
105,1,48,426.024414,-205.566935
105,1,49,430.263620,-205.403997
105,1,50,433.879546,-205.262957
105,1,51,436.970358,-205.142004
105,1,52,439.662242,-205.036277
105,1,53,442.081384,-204.940914
105,1,54,444.353970,-204.851052
105,1,55,446.606184,-204.761832
105,1,56,448.964212,-204.668391
105,1,57,451.554241,-204.565868
105,1,58,454.502456,-204.449400
105,1,59,457.935041,-204.314128
105,1,60,461.978184,-204.155189
105,1,61,466.758069,-203.967721
105,1,62,472.367605,-203.744197
105,1,63,478.766595,-203.466426
105,1,64,485.881566,-203.113548
105,1,65,493.639042,-202.664705
105,1,66,501.965549,-202.099040
105,1,67,510.787614,-201.395694
105,1,68,520.031763,-200.533809
105,1,69,529.624521,-199.492527
105,1,70,539.492414,-198.250990
105,1,71,549.561968,-196.788339
105,1,72,559.759710,-195.083717
105,1,73,570.012164,-193.116264
105,1,74,580.255219,-190.868022
105,1,75,590.462215,-188.332621
105,1,76,600.615852,-185.506592
105,1,77,610.698832,-182.386464
105,1,78,620.693856,-178.968768
105,1,79,630.583625,-175.250033
105,1,80,640.350842,-171.226788
105,1,81,649.978206,-166.895565
105,1,82,659.448420,-162.252892
105,1,83,668.744184,-157.295300
105,1,84,677.848201,-152.019319
105,1,85,686.743171,-146.421477
105,1,86,695.413205,-140.508204
105,1,87,703.848056,-134.325525
105,1,88,712.038884,-127.929361
105,1,89,719.976850,-121.375635
105,1,90,727.653115,-114.720270
105,1,91,735.058841,-108.019190
105,1,92,742.185188,-101.328316
105,1,93,749.023319,-94.703572
105,1,94,755.564394,-88.200881
105,1,95,761.799574,-81.876164
105,1,96,767.720021,-75.785346
105,1,97,773.316895,-69.984348
105,1,98,778.593016,-64.509163
105,1,99,783.597835,-59.316062
105,1,100,788.392462,-54.341386
105,1,101,793.038005,-49.521474
105,1,102,797.595574,-44.792668
105,1,103,802.126279,-40.091307
105,1,104,806.691228,-35.353731
105,1,105,811.351531,-30.516283
105,1,106,816.168297,-25.515301
105,1,107,821.202636,-20.287126
105,1,108,826.515656,-14.768099
105,1,109,832.168467,-8.894559
105,1,110,838.212184,-2.628101
105,1,111,844.657945,3.968670
105,1,112,851.506893,10.807896
105,1,113,858.760171,17.801720
105,1,114,866.418922,24.862282
105,1,115,874.484289,31.901724
105,1,116,882.957417,38.832188
105,1,117,891.839447,45.565816
105,1,118,901.131524,52.014750
105,1,119,910.834791,58.091131
105,1,120,920.950390,63.707101
105,1,121,931.479466,68.774802
105,2,1,0.000000,0.000000
105,2,2,15.517976,13.166108
105,2,3,30.009194,25.751485
105,2,4,43.564239,37.757333
105,2,5,56.273694,49.184855
105,2,6,68.228144,60.035254
105,2,7,79.518173,70.309731
105,2,8,90.234365,80.009489
105,2,9,100.467305,89.135731
105,2,10,110.307577,97.689659
105,2,11,119.845766,105.672476
105,2,12,129.172455,113.085384
105,2,13,138.378229,119.929586
105,2,14,147.540078,126.213171
105,2,15,156.680617,131.971777
105,2,16,165.808865,137.247929
105,2,17,174.933843,142.084152
105,2,18,184.064572,146.522971
105,2,19,193.210071,150.606912
105,2,20,202.379362,154.378499
105,2,21,211.581463,157.880257
105,2,22,220.825396,161.154711
105,2,23,230.120180,164.244386
105,2,24,239.474836,167.191808
105,2,25,248.898385,170.039501
105,2,26,258.394195,172.821069
105,2,27,267.943029,175.534429
105,2,28,277.520001,178.168578
105,2,29,287.100222,180.712513
105,2,30,296.658806,183.155229
105,2,31,306.170864,185.485723
105,2,32,315.611508,187.692990
105,2,33,324.955851,189.766029
105,2,34,334.179006,191.693834
105,2,35,343.256085,193.465402
105,2,36,352.162200,195.069729
105,2,37,360.872463,196.495812
105,2,38,369.363706,197.736973
105,2,39,377.619639,198.803844
105,2,40,385.625691,199.711380
105,2,41,393.367290,200.474538
105,2,42,400.829864,201.108275
105,2,43,407.998844,201.627548
105,2,44,414.859656,202.047313
105,2,45,421.397731,202.382528
105,2,46,427.598497,202.648149
105,2,47,433.447383,202.859133
105,2,48,438.929817,203.030437
105,2,49,444.031229,203.177017
105,2,50,448.754966,203.310393
105,2,51,453.176055,203.428338
105,2,52,457.387440,203.525186
105,2,53,461.482068,203.595273
105,2,54,465.552884,203.632934
105,2,55,469.692833,203.632503
105,2,56,473.994861,203.588316
105,2,57,478.551913,203.494709
105,2,58,483.456935,203.346015
105,2,59,488.802872,203.136571
105,2,60,494.682670,202.860711
105,2,61,501.189273,202.512770
105,2,62,508.385335,202.088026
105,2,63,516.212333,201.585521
105,2,64,524.581451,201.005239
105,2,65,533.403875,200.347166
105,2,66,542.590790,199.611285
105,2,67,552.053379,198.797582
105,2,68,561.702827,197.906040
105,2,69,571.450320,196.936645
105,2,70,581.207042,195.889380
105,2,71,590.884177,194.764231
105,2,72,600.392910,193.561182
105,2,73,609.644426,192.280217
105,2,74,618.569768,190.922372
105,2,75,627.179415,189.492887
105,2,76,635.503704,187.998053
105,2,77,643.572973,186.444162
105,2,78,651.417559,184.837504
105,2,79,659.067800,183.184371
105,2,80,666.554033,181.491055
105,2,81,673.906596,179.763845
105,2,82,681.155826,178.009034
105,2,83,688.332059,176.232912
105,2,84,695.465635,174.441772
105,2,85,702.586890,172.641903
105,2,86,709.721679,170.838117
105,2,87,716.877921,169.029302
105,2,88,724.059055,167.212867
105,2,89,731.268517,165.386221
105,2,90,738.509746,163.546771
105,2,91,745.786177,161.691926
105,2,92,753.101249,159.819095
105,2,93,760.458399,157.925686
105,2,94,767.861064,156.009107
105,2,95,775.312681,154.066767
105,2,96,782.816687,152.096074
105,2,97,790.376521,150.094436
105,2,98,797.998789,148.059579
105,2,99,805.702780,145.990492
105,2,100,813.510953,143.886483
105,2,101,821.445766,141.746857
105,2,102,829.529678,139.570922
105,2,103,837.785149,137.357985
105,2,104,846.234636,135.107351
105,2,105,854.900599,132.818328
105,2,106,863.805496,130.490222
105,2,107,872.971786,128.122340
105,2,108,882.421928,125.713989
105,2,109,892.178380,123.264476
105,2,110,902.268623,120.770904
105,2,111,912.740223,118.221573
105,2,112,923.645766,115.602577
105,2,113,935.037840,112.900013
105,2,114,946.969031,110.099976
105,2,115,959.491929,107.188563
105,2,116,972.659118,104.151869
105,2,117,986.523187,100.975990
105,2,118,1001.136722,97.647022
105,2,119,1016.552311,94.151060
105,2,120,1032.822542,90.474201
105,2,121,1050.000000,86.602540
110,1,1,0.000000,0.000000
110,1,2,13.191876,-15.560605
110,1,3,25.684650,-30.420583
110,1,4,37.544277,-44.577088
110,1,5,48.836714,-58.027276
110,1,6,59.627918,-70.768301
110,1,7,69.983846,-82.797318
110,1,8,79.970454,-94.111481
110,1,9,89.653699,-104.707945
110,1,10,99.099537,-114.583865
110,1,11,108.373926,-123.736395
110,1,12,117.542821,-132.162690
110,1,13,126.672179,-139.859905
110,1,14,135.816990,-146.833984
110,1,15,144.988376,-153.126028
110,1,16,154.186490,-158.785929
110,1,17,163.411486,-163.863579
110,1,18,172.663520,-168.408867
110,1,19,181.942744,-172.471686
110,1,20,191.249314,-176.101927
110,1,21,200.583383,-179.349481
110,1,22,209.945106,-182.264239
110,1,23,219.334637,-184.896093
110,1,24,228.752130,-187.294933
110,1,25,238.197739,-189.510651
110,1,26,247.669101,-191.584778
110,1,27,257.153780,-193.525405
110,1,28,266.636822,-195.332262
110,1,29,276.103274,-197.005080
110,1,30,285.538181,-198.543589
110,1,31,294.926590,-199.947521
110,1,32,304.253548,-201.216604
110,1,33,313.504101,-202.350571
110,1,34,322.663294,-203.349151
110,1,35,331.716175,-204.212075
110,1,36,340.647790,-204.939074
110,1,37,349.443184,-205.529878
110,1,38,358.082762,-205.986508
110,1,39,366.528355,-206.320143
110,1,40,374.737153,-206.544253
110,1,41,382.666346,-206.672309
110,1,42,390.273122,-206.717779
110,1,43,397.514671,-206.694134
110,1,44,404.348183,-206.614842
110,1,45,410.730847,-206.493375
110,1,46,416.619851,-206.343201
110,1,47,421.972386,-206.177791
110,1,48,426.745642,-206.010614
110,1,49,430.896806,-205.855139
110,1,50,434.411685,-205.721740
110,1,51,437.390550,-205.608398
110,1,52,439.962287,-205.509997
110,1,53,442.255783,-205.421421
110,1,54,444.399925,-205.337556
110,1,55,446.523599,-205.253286
110,1,56,448.755694,-205.163494
110,1,57,451.225095,-205.063065
110,1,58,454.060689,-204.946885
110,1,59,457.391363,-204.809836
110,1,60,461.346005,-204.646804
110,1,61,466.053500,-204.452672
110,1,62,471.608747,-204.219718
110,1,63,477.970686,-203.929790
110,1,64,485.064272,-203.562125
110,1,65,492.814456,-203.095965
110,1,66,501.146191,-202.510549
110,1,67,509.984429,-201.785117
110,1,68,519.254123,-200.898908
110,1,69,528.880225,-199.831163
110,1,70,538.787688,-198.561119
110,1,71,548.901465,-197.068019
110,1,72,559.146508,-195.331100
110,1,73,569.447769,-193.329604
110,1,74,579.739849,-191.045730
110,1,75,589.995934,-188.473528
110,1,76,600.198859,-185.610007
110,1,77,610.331458,-182.452175
110,1,78,620.376565,-178.997043
110,1,79,630.317016,-175.241621
110,1,80,640.135644,-171.182917
110,1,81,649.815284,-166.817942
110,1,82,659.338770,-162.143705
110,1,83,668.688936,-157.157215
110,1,84,677.848617,-151.855482
110,1,85,686.800648,-146.235516
110,1,86,695.529137,-140.304137
110,1,87,704.023291,-134.107412
110,1,88,712.273594,-127.701218
110,1,89,720.270528,-121.141433
110,1,90,728.004575,-114.483934
110,1,91,735.466216,-107.784600
110,1,92,742.645936,-101.099306
110,1,93,749.534215,-94.483932
110,1,94,756.121536,-87.994355
110,1,95,762.398382,-81.686452
110,1,96,768.355235,-75.616101
110,1,97,773.982577,-69.839180
110,1,98,779.282802,-64.391626
110,1,99,784.305950,-59.229619
110,1,100,789.113974,-54.289399
110,1,101,793.768825,-49.507206
110,1,102,798.332456,-44.819281
110,1,103,802.866819,-40.161863
110,1,104,807.433865,-35.471193
110,1,105,812.095546,-30.683510
110,1,106,816.913815,-25.735055
110,1,107,821.950624,-20.562068
110,1,108,827.267924,-15.100788
110,1,109,832.927667,-9.287456
110,1,110,838.981320,-3.082885
110,1,111,845.438406,3.453826
110,1,112,852.297960,10.239004
110,1,113,859.559019,17.188977
110,1,114,867.220621,24.220071
110,1,115,875.281801,31.248614
110,1,116,883.741596,38.190934
110,1,117,892.599043,44.963358
110,1,118,901.853179,51.482214
110,1,119,911.503040,57.663828
110,1,120,921.547663,63.424529
110,1,121,931.986084,68.680644
110,2,1,0.000000,0.000000
110,2,2,15.600140,12.937479
110,2,3,30.189455,25.317266
110,2,4,43.855850,37.139285
110,2,5,56.687230,48.403462
110,2,6,68.771501,59.109720
110,2,7,80.196567,69.257984
110,2,8,91.050335,78.848178
110,2,9,101.420708,87.880227
110,2,10,111.395593,96.354054
110,2,11,121.062895,104.269584
110,2,12,130.510519,111.626742
110,2,13,139.826370,118.425451
110,2,14,149.085498,124.672717
110,2,15,158.311523,130.403865
110,2,16,167.515213,135.661303
110,2,17,176.707332,140.487437
110,2,18,185.898647,144.924673
110,2,19,195.099923,149.015418
110,2,20,204.321925,152.802079
110,2,21,213.575420,156.327062
110,2,22,222.871173,159.632775
110,2,23,232.219950,162.761623
110,2,24,241.632517,165.756013
110,2,25,251.119638,168.658352
110,2,26,260.685807,171.501938
110,2,27,270.310423,174.283634
110,2,28,279.966612,176.991195
110,2,29,289.627501,179.612374
110,2,30,299.266214,182.134927
110,2,31,308.855879,184.546607
110,2,32,318.369622,186.835170
110,2,33,327.780568,188.988369
110,2,34,337.061844,190.993960
110,2,35,346.186575,192.839695
110,2,36,355.127889,194.513331
110,2,37,363.858911,196.002622
110,2,38,372.354921,197.299929
110,2,39,380.599818,198.416047
110,2,40,388.579653,199.366377
110,2,41,396.280480,200.166322
110,2,42,403.688349,200.831284
110,2,43,410.789315,201.376665
110,2,44,417.569428,201.817866
110,2,45,424.014741,202.170290
110,2,46,430.111306,202.449338
110,2,47,435.845176,202.670413
110,2,48,441.202403,202.848915
110,2,49,446.169039,203.000249
110,2,50,450.749216,203.136310
110,2,51,455.019388,203.254982
110,2,52,459.074087,203.350643
110,2,53,463.007846,203.417670
110,2,54,466.915197,203.450443
110,2,55,470.890675,203.443339
110,2,56,475.028811,203.390737
110,2,57,479.424139,203.287015
110,2,58,484.171190,203.126551
110,2,59,489.364500,202.903723
110,2,60,495.098599,202.612910
110,2,61,501.468021,202.248490
110,2,62,508.536856,201.805831
110,2,63,516.247426,201.284259
110,2,64,524.511607,200.684091
110,2,65,533.241277,200.005642
110,2,66,542.348315,199.249231
110,2,67,551.744599,198.415171
110,2,68,561.342006,197.503781
110,2,69,571.052415,196.515376
110,2,70,580.787702,195.450273
110,2,71,590.459747,194.308788
110,2,72,599.980427,193.091237
110,2,73,609.261621,191.797936
110,2,74,618.234471,190.430183
110,2,75,626.907185,188.993195
110,2,76,635.307236,187.493172
110,2,77,643.462096,185.936312
110,2,78,651.399239,184.328814
110,2,79,659.146137,182.676876
110,2,80,666.730263,180.986698
110,2,81,674.179090,179.264478
110,2,82,681.520091,177.516415
110,2,83,688.780738,175.748708
110,2,84,695.988505,173.967555
110,2,85,703.170865,172.179155
110,2,86,710.351563,170.388295
110,2,87,717.539442,168.594107
110,2,88,724.739617,166.794313
110,2,89,731.957205,164.986635
110,2,90,739.197320,163.168792
110,2,91,746.465077,161.338507
110,2,92,753.765594,159.493500
110,2,93,761.103985,157.631492
110,2,94,768.485365,155.750204
110,2,95,775.914851,153.847357
110,2,96,783.397557,151.920673
110,2,97,790.938600,149.967872
110,2,98,798.545897,147.986705
110,2,99,806.238571,145.975042
110,2,100,814.038546,143.930785
110,2,101,821.967749,141.851832
110,2,102,830.048104,139.736085
110,2,103,838.301537,137.581444
110,2,104,846.749971,135.385808
110,2,105,855.415333,133.147079
110,2,106,864.319547,130.863156
110,2,107,873.484538,128.531940
110,2,108,882.932231,126.151330
110,2,109,892.684552,123.719228
110,2,110,902.768371,121.231710
110,2,111,913.230341,118.677560
110,2,112,924.122060,116.043738
110,2,113,935.495126,113.317204
110,2,114,947.401140,110.484919
110,2,115,959.891697,107.533842
110,2,116,973.018399,104.450934
110,2,117,986.832841,101.223156
110,2,118,1001.386625,97.837467
110,2,119,1016.731346,94.280828
110,2,120,1032.918605,90.540199
110,2,121,1050.000000,86.602540
115,1,1,0.000000,0.000000
115,1,2,13.159665,-15.505201
115,1,3,25.642187,-30.320319
115,1,4,37.510905,-44.441709
115,1,5,48.829157,-57.865724
115,1,6,59.660279,-70.588719
115,1,7,70.067611,-82.607048
115,1,8,80.114488,-93.917067
115,1,9,89.864250,-104.515129
115,1,10,99.380234,-114.397589
115,1,11,108.725777,-123.560801
115,1,12,117.964218,-132.001120
115,1,13,127.158894,-139.714901
115,1,14,136.362711,-146.707388
115,1,15,145.586855,-153.019394
115,1,16,154.832079,-158.700621
115,1,17,164.099136,-163.800772
115,1,18,173.388779,-168.369549
115,1,19,182.701763,-172.456654
115,1,20,192.038840,-176.111791
115,1,21,201.400765,-179.384661
115,1,22,210.788291,-182.324969
115,1,23,220.202170,-184.982415
115,1,24,229.643158,-187.406703
115,1,25,239.112007,-189.647535
115,1,26,248.606738,-191.746259
115,1,27,258.114441,-193.710795
115,1,28,267.619476,-195.540710
115,1,29,277.106200,-197.235571
115,1,30,286.558970,-198.794943
115,1,31,295.962145,-200.218393
115,1,32,305.300084,-201.505487
115,1,33,314.557143,-202.655790
115,1,34,323.717682,-203.668869
115,1,35,332.766057,-204.544291
115,1,36,341.686628,-205.281620
115,1,37,350.463752,-205.880424
115,1,38,359.077314,-206.342639
115,1,39,367.489304,-206.679682
115,1,40,375.657239,-206.905340
115,1,41,383.538636,-207.033402
115,1,42,391.091012,-207.077654
115,1,43,398.271884,-207.051884
115,1,44,405.038770,-206.969880
115,1,45,411.349185,-206.845430
115,1,46,417.160647,-206.692320
115,1,47,422.430673,-206.524339
115,1,48,427.116779,-206.355274
115,1,49,431.176484,-206.198913
115,1,50,434.596099,-206.065851
115,1,51,437.477118,-205.953917
115,1,52,439.949833,-205.857750
115,1,53,442.144535,-205.771987
115,1,54,444.191512,-205.691265
115,1,55,446.221056,-205.610221
115,1,56,448.363457,-205.523494
115,1,57,450.749006,-205.425721
115,1,58,453.507993,-205.311540
115,1,59,456.770708,-205.175587
115,1,60,460.667442,-205.012501
115,1,61,465.328484,-204.816919
115,1,62,470.849734,-204.580888
115,1,63,477.189514,-204.286099
115,1,64,484.271758,-203.911650
115,1,65,492.020397,-203.436640
115,1,66,500.359362,-202.840169
115,1,67,509.212587,-202.101336
115,1,68,518.504001,-201.199240
115,1,69,528.157539,-200.112981
115,1,70,538.097130,-198.821657
115,1,71,548.246707,-197.304369
115,1,72,558.530203,-195.540215
115,1,73,568.871548,-193.508295
115,1,74,579.204520,-191.190821
115,1,75,589.502278,-188.582456
115,1,76,599.747826,-185.680977
115,1,77,609.924169,-182.484161
115,1,78,620.014311,-178.989783
115,1,79,630.001257,-175.195621
115,1,80,639.868011,-171.099450
115,1,81,649.597577,-166.699047
115,1,82,659.172960,-161.992189
115,1,83,668.577164,-156.976651
115,1,84,677.793194,-151.650212
115,1,85,686.804054,-146.010646
115,1,86,695.593860,-140.065364
115,1,87,704.151177,-133.860312
115,1,88,712.465682,-127.451071
115,1,89,720.527051,-120.893219
115,1,90,728.324961,-114.242336
115,1,91,735.849088,-107.554003
115,1,92,743.089108,-100.883798
115,1,93,750.034699,-94.287303
115,1,94,756.675536,-87.820096
115,1,95,763.001297,-81.537757
115,1,96,769.001658,-75.495867
115,1,97,774.666295,-69.750005
115,1,98,779.997060,-64.335851
115,1,99,785.044502,-59.209493
115,1,100,789.871347,-54.307118
115,1,101,794.540317,-49.564913
115,1,102,799.114139,-44.919067
115,1,103,803.655536,-40.305765
115,1,104,808.227234,-35.661197
115,1,105,812.891955,-30.921550
115,1,106,817.712426,-26.023011
115,1,107,822.751370,-20.901767
115,1,108,828.071513,-15.494007
115,1,109,833.735578,-9.735918
115,1,110,839.795679,-3.587518
115,1,111,846.261485,2.895850
115,1,112,853.132056,9.635015
115,1,113,860.406449,16.550804
115,1,114,868.083723,23.564043
115,1,115,876.162936,30.595561
115,1,116,884.643148,37.566184
115,1,117,893.523416,44.396740
115,1,118,902.802800,51.008057
115,1,119,912.480356,57.320961
115,1,120,922.555145,63.256280
115,1,121,933.026224,68.734842
115,2,1,0.000000,0.000000
115,2,2,15.619569,12.748496
115,2,3,30.255615,24.957107
115,2,4,43.992278,36.625172
115,2,5,56.913697,47.752029
115,2,6,69.104012,58.337016
115,2,7,80.647363,68.379473
115,2,8,91.627888,77.878736
115,2,9,102.129729,86.834146
115,2,10,112.237024,95.245040
115,2,11,122.033913,103.110756
115,2,12,131.604535,110.430633
115,2,13,141.033032,117.204009
115,2,14,150.391612,123.437255
115,2,15,159.704772,129.164862
115,2,16,168.985077,134.428357
115,2,17,178.245094,139.269264
115,2,18,187.497390,143.729108
115,2,19,196.754530,147.849413
115,2,20,206.029081,151.671704
115,2,21,215.333609,155.237506
115,2,22,224.680680,158.588344
115,2,23,234.082861,161.765742
115,2,24,243.552718,164.811226
115,2,25,253.102817,167.766319
115,2,26,262.738788,170.663511
115,2,27,272.438518,173.499143
115,2,28,282.172957,176.260519
115,2,29,291.913054,178.934947
115,2,30,301.629761,181.509731
115,2,31,311.294026,183.972175
115,2,32,320.876800,186.309587
115,2,33,330.349033,188.509270
115,2,34,339.681675,190.558531
115,2,35,348.845676,192.444674
115,2,36,357.811987,194.155006
115,2,37,366.551557,195.676830
115,2,38,375.038162,197.002192
115,2,39,383.256883,198.142092
115,2,40,391.195627,199.112268
115,2,41,398.842300,199.928461
115,2,42,406.184808,200.606408
115,2,43,413.211058,201.161849
115,2,44,419.908956,201.610524
115,2,45,426.266410,201.968170
115,2,46,432.271325,202.250528
115,2,47,437.911608,202.473336
115,2,48,443.175166,202.652333
115,2,49,448.049905,202.803259
115,2,50,452.541391,202.938298
115,2,51,456.725829,203.055417
115,2,52,460.697084,203.149030
115,2,53,464.549019,203.213548
115,2,54,468.375500,203.243386
115,2,55,472.270390,203.232954
115,2,56,476.327554,203.176668
115,2,57,480.640856,203.068938
115,2,58,485.304160,202.904178
115,2,59,490.411332,202.676801
115,2,60,496.056235,202.381219
115,2,61,502.332734,202.011846
115,2,62,509.304701,201.564061
115,2,63,516.916038,201.037111
115,2,64,525.080657,200.431213
115,2,65,533.712468,199.746580
115,2,66,542.725382,198.983428
115,2,67,552.033308,198.141972
115,2,68,561.550159,197.222426
115,2,69,571.189844,196.225005
115,2,70,580.866274,195.149924
115,2,71,590.493360,193.997398
115,2,72,599.985012,192.767642
115,2,73,609.255141,191.460870
115,2,74,618.236128,190.078374
115,2,75,626.934234,188.625749
115,2,76,635.374191,187.109666
115,2,77,643.580730,185.536797
115,2,78,651.578582,183.913811
115,2,79,659.392480,182.247381
115,2,80,667.047154,180.544178
115,2,81,674.567337,178.810872
115,2,82,681.977758,177.054136
115,2,83,689.303151,175.280640
115,2,84,696.568247,173.497055
115,2,85,703.797777,171.710053
115,2,86,711.013426,169.924806
115,2,87,718.224698,168.140488
115,2,88,725.438048,166.354775
115,2,89,732.659933,164.565342
115,2,90,739.896810,162.769865
115,2,91,747.155134,160.966019
115,2,92,754.441363,159.151480
115,2,93,761.761953,157.323923
115,2,94,769.123359,155.481024
115,2,95,776.532040,153.620459
115,2,96,783.994450,151.739902
115,2,97,791.517048,149.837029
115,2,98,799.108788,147.909321
115,2,99,806.788630,145.953480
115,2,100,814.578033,143.966014
115,2,101,822.498455,141.943430
115,2,102,830.571354,139.882236
115,2,103,838.818190,137.778939
115,2,104,847.260422,135.630045
115,2,105,855.919507,133.432064
115,2,106,864.816905,131.181502
115,2,107,873.974074,128.874867
115,2,108,883.412473,126.508665
115,2,109,893.153561,124.079406
115,2,110,903.223734,121.582359
115,2,111,913.669141,119.007853
115,2,112,924.540868,116.344978
115,2,113,935.890000,113.582825
115,2,114,947.767624,110.710485
115,2,115,960.224827,107.717051
115,2,116,973.312693,104.591611
115,2,117,987.082309,101.323259
115,2,118,1001.584762,97.901085
115,2,119,1016.871138,94.314180
115,2,120,1032.992521,90.551634
115,2,121,1050.000000,86.602540
120,1,1,0.000000,0.000000
120,1,2,13.223881,-15.377847
120,1,3,25.775604,-30.086169
120,1,4,37.717417,-44.119577
120,1,5,49.111568,-57.472683
120,1,6,60.020305,-70.140098
120,1,7,70.505875,-82.116435
120,1,8,80.630527,-93.396305
120,1,9,90.456509,-103.974319
120,1,10,100.046069,-113.845090
120,1,11,109.461454,-123.003229
120,1,12,118.764912,-131.443347
120,1,13,128.018692,-139.160056
120,1,14,137.274921,-146.157201
120,1,15,146.545240,-152.475555
120,1,16,155.831174,-158.165124
120,1,17,165.134243,-163.275914
120,1,18,174.455971,-167.857932
120,1,19,183.797878,-171.961184
120,1,20,193.161487,-175.635675
120,1,21,202.548321,-178.931413
120,1,22,211.959901,-181.898402
120,1,23,221.397749,-184.586650
120,1,24,230.863388,-187.046163
120,1,25,240.358340,-189.326946
120,1,26,249.881040,-191.470416
120,1,27,259.417579,-193.483633
120,1,28,268.950962,-195.365065
120,1,29,278.464193,-197.113182
120,1,30,287.940276,-198.726453
120,1,31,297.362216,-200.203347
120,1,32,306.713017,-201.542335
120,1,33,315.975683,-202.741885
120,1,34,325.133219,-203.800467
120,1,35,334.168629,-204.716549
120,1,36,343.064917,-205.488603
120,1,37,351.805088,-206.115095
120,1,38,360.368104,-206.597189
120,1,39,368.716757,-206.946810
120,1,40,376.809795,-207.178576
120,1,41,384.605970,-207.307107
120,1,42,392.064029,-207.347019
120,1,43,399.142722,-207.312933
120,1,44,405.800800,-207.219465
120,1,45,411.997010,-207.081234
120,1,46,417.690104,-206.912859
120,1,47,422.838829,-206.728958
120,1,48,427.401937,-206.544149
120,1,49,431.338175,-206.373050
120,1,50,434.635050,-206.226920
120,1,51,437.395086,-206.103580
120,1,52,439.749565,-205.997492
120,1,53,441.829768,-205.903117
120,1,54,443.766977,-205.814916
120,1,55,445.692473,-205.727350
120,1,56,447.737537,-205.634882
120,1,57,450.033451,-205.531973
120,1,58,452.711495,-205.413083
120,1,59,455.902950,-205.272675
120,1,60,459.739099,-205.105209
120,1,61,464.351223,-204.905148
120,1,62,469.835884,-204.664336
120,1,63,476.150773,-204.364156
120,1,64,483.218864,-203.983373
120,1,65,490.963130,-203.500752
120,1,66,499.306543,-202.895059
120,1,67,508.172076,-202.145060
120,1,68,517.482702,-201.229521
120,1,69,527.161395,-200.127206
120,1,70,537.131127,-198.816883
120,1,71,547.314870,-197.277316
120,1,72,557.635599,-195.487270
120,1,73,568.016286,-193.425513
120,1,74,578.389941,-191.074137
120,1,75,588.729728,-188.428546
120,1,76,599.018845,-185.487473
120,1,77,609.240492,-182.249650
120,1,78,619.377870,-178.713810
120,1,79,629.414179,-174.878684
120,1,80,639.332618,-170.743006
120,1,81,649.116387,-166.305507
120,1,82,658.748687,-161.564919
120,1,83,668.212717,-156.519975
120,1,84,677.491676,-151.169408
120,1,85,686.568766,-145.511949
120,1,86,695.428106,-139.555738
120,1,87,704.057495,-133.346542
120,1,88,712.445654,-126.939536
120,1,89,720.581301,-120.389893
120,1,90,728.453158,-113.752789
120,1,91,736.049942,-107.083398
120,1,92,743.360374,-100.436893
120,1,93,750.373174,-93.868450
120,1,94,757.077062,-87.433243
120,1,95,763.460756,-81.186446
120,1,96,769.512977,-75.183233
120,1,97,775.222444,-69.478780
120,1,98,780.590383,-64.108431
120,1,99,785.668043,-59.028217
120,1,100,790.519181,-54.174341
120,1,101,795.207551,-49.483004
120,1,102,799.796909,-44.890409
120,1,103,804.351011,-40.332757
120,1,104,808.933613,-35.746252
120,1,105,813.608469,-31.067094
120,1,106,818.439335,-26.231486
120,1,107,823.489967,-21.175630
120,1,108,828.824121,-15.835728
120,1,109,834.505551,-10.147981
120,1,110,840.586985,-4.072194
120,1,111,847.077030,2.337434
120,1,112,853.973266,9.003100
120,1,113,861.273273,15.847002
120,1,114,868.974628,22.791338
120,1,115,877.074911,29.758306
120,1,116,885.571702,36.670104
120,1,117,894.462580,43.448931
120,1,118,903.745123,50.016984
120,1,119,913.416911,56.296461
120,1,120,923.475524,62.209561
120,1,121,933.918539,67.678482
120,2,1,0.000000,0.000000
120,2,2,15.587222,12.593191
120,2,3,30.227296,24.660159
120,2,4,43.999754,36.200218
120,2,5,56.984123,47.212678
120,2,6,69.259936,57.696851
120,2,7,80.906720,67.652050
120,2,8,92.004007,77.077585
120,2,9,102.631326,85.972768
120,2,10,112.868206,94.336912
120,2,11,122.794179,102.169327
120,2,12,132.488773,109.469325
120,2,13,142.031518,116.236219
120,2,14,151.491088,122.476095
120,2,15,160.892729,128.222147
120,2,16,170.250832,133.514343
120,2,17,179.579785,138.392652
120,2,18,188.893980,142.897042
120,2,19,198.207805,147.067483
120,2,20,207.535651,150.943941
120,2,21,216.891907,154.566388
120,2,22,226.290964,157.974790
120,2,23,235.747212,161.209117
120,2,24,245.275040,164.309337
120,2,25,254.888838,167.315420
120,2,26,264.595371,170.258598
120,2,27,274.370900,173.135171
120,2,28,284.184064,175.932699
120,2,29,294.003499,178.638747
120,2,30,303.797841,181.240877
120,2,31,313.535728,183.726652
120,2,32,323.185797,186.083634
120,2,33,332.716684,188.299387
120,2,34,342.097027,190.361474
120,2,35,351.295462,192.257457
120,2,36,360.280626,193.974899
120,2,37,369.021156,195.501364
120,2,38,377.489358,196.829152
120,2,39,385.672210,197.969527
120,2,40,393.560358,198.938488
120,2,41,401.144451,199.752037
120,2,42,408.415133,200.426174
120,2,43,415.363054,200.976900
120,2,44,421.978859,201.420217
120,2,45,428.253195,201.772124
120,2,46,434.176709,202.048623
120,2,47,439.740048,202.265715
120,2,48,444.933859,202.439401
120,2,49,449.748789,202.585681
120,2,50,454.192300,202.716952
120,2,51,458.339109,202.831189
120,2,52,462.280752,202.922765
120,2,53,466.108762,202.986050
120,2,54,469.914672,203.015416
120,2,55,473.790017,203.005234
120,2,56,477.826329,202.949875
120,2,57,482.115144,202.843711
120,2,58,486.747994,202.681114
120,2,59,491.816414,202.456454
120,2,60,497.411936,202.164103
120,2,61,503.626095,201.798433
120,2,62,510.521347,201.354758
120,2,63,518.043833,200.832167
120,2,64,526.110618,200.230694
120,2,65,534.638766,199.550371
120,2,66,543.545341,198.791232
120,2,67,552.747408,197.953308
120,2,68,562.162031,197.036634
120,2,69,571.706274,196.041241
120,2,70,581.297201,194.967163
120,2,71,590.851877,193.814433
120,2,72,600.287365,192.583083
120,2,73,609.520730,191.273146
120,2,74,618.486491,189.885811
120,2,75,627.188983,188.426887
120,2,76,635.649998,186.903338
120,2,77,643.891327,185.322130
120,2,78,651.934759,183.690226
120,2,79,659.802085,182.014592
120,2,80,667.515097,180.302192
120,2,81,675.095585,178.559990
120,2,82,682.565340,176.794952
120,2,83,689.946152,175.014041
120,2,84,697.259812,173.224224
120,2,85,704.528111,171.432463
120,2,86,711.770509,169.644226
120,2,87,718.997148,167.858986
120,2,88,726.215839,166.074719
120,2,89,733.434393,164.289399
120,2,90,740.660622,162.501002
120,2,91,747.902336,160.707504
120,2,92,755.167347,158.906879
120,2,93,762.463466,157.097103
120,2,94,769.798505,155.276151
120,2,95,777.180274,153.441998
120,2,96,784.616585,151.592621
120,2,97,792.115250,149.725993
120,2,98,799.686268,147.839579
120,2,99,807.348404,145.928796
120,2,100,815.122607,143.988551
120,2,101,823.029831,142.013749
120,2,102,831.091027,139.999297
120,2,103,839.327147,137.940100
120,2,104,847.759143,135.831064
120,2,105,856.407967,133.667097
120,2,106,865.294571,131.443102
120,2,107,874.439908,129.153988
120,2,108,883.864928,126.794659
120,2,109,893.590584,124.360022
120,2,110,903.642819,121.844513
120,2,111,914.067544,119.240681
120,2,112,924.915659,116.540610
120,2,113,936.238066,113.736380
120,2,114,948.085666,110.820072
120,2,115,960.509362,107.783767
120,2,116,973.560053,104.619546
120,2,117,987.288642,101.319490
120,2,118,1001.746030,97.875681
120,2,119,1016.983118,94.280199
120,2,120,1033.050807,90.525125
120,2,121,1050.000000,86.602540
125,1,1,0.000000,0.000000
125,1,2,13.190453,-15.327033
125,1,3,25.730952,-29.994526
125,1,4,37.681107,-43.996316
125,1,5,49.100529,-57.326239
125,1,6,60.048828,-69.978132
125,1,7,70.585614,-81.945832
125,1,8,80.770498,-93.223174
125,1,9,90.663091,-103.803996
125,1,10,100.323002,-113.682134
125,1,11,109.809842,-122.851425
125,1,12,119.183221,-131.305706
125,1,13,128.502750,-139.038812
125,1,14,137.818436,-146.053894
125,1,15,147.141869,-152.391354
125,1,16,156.475036,-158.100907
125,1,17,165.819926,-163.232270
125,1,18,175.178523,-167.835158
125,1,19,184.552817,-171.959286
125,1,20,193.944794,-175.654371
125,1,21,203.356441,-178.970126
125,1,22,212.789745,-181.956269
125,1,23,222.246694,-184.662515
125,1,24,231.729274,-187.138579
125,1,25,241.239472,-189.434177
125,1,26,250.776073,-191.590526
125,1,27,260.325044,-193.614857
125,1,28,269.869150,-195.505900
125,1,29,279.391156,-197.262387
125,1,30,288.873826,-198.883049
125,1,31,298.299926,-200.366618
125,1,32,307.652219,-201.711826
125,1,33,316.913471,-202.917403
125,1,34,326.066446,-203.982081
125,1,35,335.093909,-204.904592
125,1,36,343.978624,-205.683666
125,1,37,352.703357,-206.318037
125,1,38,361.246848,-206.809056
125,1,39,369.571744,-207.168560
125,1,40,377.636668,-207.411011
125,1,41,385.400244,-207.550865
125,1,42,392.821096,-207.602583
125,1,43,399.857845,-207.580624
125,1,44,406.469116,-207.499446
125,1,45,412.613531,-207.373509
125,1,46,418.249714,-207.217272
125,1,47,423.336289,-207.045194
125,1,48,427.831878,-206.871734
125,1,49,431.695105,-206.711352
125,1,50,434.913601,-206.575145
125,1,51,437.591027,-206.460764
125,1,52,439.860054,-206.362500
125,1,53,441.853352,-206.274644
125,1,54,443.703591,-206.191485
125,1,55,445.543440,-206.107314
125,1,56,447.505569,-206.016422
125,1,57,449.722648,-205.913098
125,1,58,452.327348,-205.791633
125,1,59,455.452338,-205.646318
125,1,60,459.230287,-205.471442
125,1,61,463.793866,-205.261295
125,1,62,469.240673,-205.007615
125,1,63,475.528018,-204.691920
125,1,64,482.578139,-204.293174
125,1,65,490.313275,-203.790342
125,1,66,498.655665,-203.162389
125,1,67,507.527545,-202.388280
125,1,68,516.851156,-201.446978
125,1,69,526.548735,-200.317450
125,1,70,536.542520,-198.978658
125,1,71,546.754751,-197.409569
125,1,72,557.107665,-195.589146
125,1,73,567.523500,-193.496354
125,1,74,577.934640,-191.113513
125,1,75,588.314043,-188.436358
125,1,76,598.644813,-185.463979
125,1,77,608.910051,-182.195467
125,1,78,619.092862,-178.629912
125,1,79,629.176349,-174.766404
125,1,80,639.143614,-170.604033
125,1,81,648.977761,-166.141890
125,1,82,658.661893,-161.379065
125,1,83,668.179113,-156.314648
125,1,84,677.512523,-150.947730
125,1,85,686.645228,-145.277400
125,1,86,695.561171,-139.312083
125,1,87,704.247665,-133.097539
125,1,88,712.692864,-126.688862
125,1,89,720.884921,-120.141145
125,1,90,728.811990,-113.509483
125,1,91,736.462224,-106.848970
125,1,92,743.823778,-100.214698
125,1,93,750.884805,-93.661763
125,1,94,757.633458,-87.245259
125,1,95,764.057891,-81.020278
125,1,96,770.146259,-75.041915
125,1,97,775.886714,-69.365264
125,1,98,781.280127,-64.025592
125,1,99,786.378232,-58.978860
125,1,100,791.245481,-54.161201
125,1,101,795.946325,-49.508749
125,1,102,800.545214,-44.957639
125,1,103,805.106600,-40.444004
125,1,104,809.694934,-35.903978
125,1,105,814.374666,-31.273694
125,1,106,819.210249,-26.489288
125,1,107,824.266133,-21.486891
125,1,108,829.606769,-16.202640
125,1,109,835.296608,-10.572666
125,1,110,841.389122,-4.555892
125,1,111,847.893865,1.797614
125,1,112,854.809410,8.414994
125,1,113,862.134333,15.223393
125,1,114,869.867207,22.149954
125,1,115,878.006606,29.121820
125,1,116,886.551105,36.066136
125,1,117,895.499279,42.910044
125,1,118,904.849700,49.580688
125,1,119,914.600944,56.005212
125,1,120,924.751585,62.110759
125,1,121,935.300196,67.824473
125,2,1,0.000000,0.000000
125,2,2,15.533467,12.450840
125,2,3,30.159768,24.387889
125,2,4,43.953512,35.810633
125,2,5,56.989312,46.718558
125,2,6,69.341780,57.111149
125,2,7,81.085525,66.987892
125,2,8,92.295160,76.348272
125,2,9,103.045295,85.191774
125,2,10,113.410543,93.517885
125,2,11,123.465513,101.326090
125,2,12,133.284819,108.615873
125,2,13,142.943070,115.386722
125,2,14,152.505148,121.644546
125,2,15,161.997009,127.420958
125,2,16,171.434879,132.753996
125,2,17,180.834984,137.681697
125,2,18,190.213551,142.242099
125,2,19,199.586805,146.473240
125,2,20,208.970973,150.413157
125,2,21,218.382281,154.099888
125,2,22,227.836953,157.571470
125,2,23,237.351218,160.865942
125,2,24,246.941300,164.021341
125,2,25,256.623426,167.075704
125,2,26,266.405472,170.058776
125,2,27,276.261918,172.967122
125,2,28,286.158893,175.789014
125,2,29,296.062526,178.512724
125,2,30,305.938947,181.126524
125,2,31,315.754286,183.618687
125,2,32,325.474671,185.977484
125,2,33,335.066234,188.191188
125,2,34,344.495103,190.248069
125,2,35,353.727408,192.136401
125,2,36,362.729278,193.844455
125,2,37,371.466843,195.360503
125,2,38,379.910873,196.677457
125,2,39,388.050703,197.806786
125,2,40,395.880306,198.764598
125,2,41,403.393656,199.567001
125,2,42,410.584729,200.230105
125,2,43,417.447499,200.770018
125,2,44,423.975941,201.202848
125,2,45,430.164028,201.544704
125,2,46,436.005735,201.811695
125,2,47,441.495037,202.019928
125,2,48,446.625907,202.185513
125,2,49,451.392322,202.324558
125,2,50,455.803982,202.449557
125,2,51,459.933498,202.558548
125,2,52,463.869208,202.645957
125,2,53,467.699450,202.706206
125,2,54,471.512562,202.733720
125,2,55,475.396883,202.722923
125,2,56,479.440751,202.668239
125,2,57,483.732503,202.564093
125,2,58,488.360478,202.404908
125,2,59,493.413013,202.185108
125,2,60,498.978447,201.899118
125,2,61,505.145118,201.541361
125,2,62,511.973430,201.107127
125,2,63,519.412050,200.595167
125,2,64,527.381714,200.005094
125,2,65,535.803153,199.336525
125,2,66,544.597103,198.589074
125,2,67,553.684297,197.762356
125,2,68,562.985469,196.855988
125,2,69,572.421352,195.869583
125,2,70,581.912681,194.802758
125,2,71,591.380190,193.655126
125,2,72,600.744611,192.426304
125,2,73,609.926680,191.115907
125,2,74,618.863488,189.724870
125,2,75,627.557563,188.259412
125,2,76,636.027790,186.727070
125,2,77,644.293055,185.135384
125,2,78,652.372243,183.491892
125,2,79,660.284241,181.804133
125,2,80,668.047933,180.079646
125,2,81,675.682206,178.325968
125,2,82,683.205945,176.550639
125,2,83,690.638035,174.761198
125,2,84,697.997364,172.965182
125,2,85,705.302815,171.170131
125,2,86,712.571611,169.381968
125,2,87,719.814316,167.600163
125,2,88,727.039833,165.822569
125,2,89,734.257063,164.047041
125,2,90,741.474906,162.271432
125,2,91,748.702263,160.493596
125,2,92,755.948037,158.711388
125,2,93,763.221128,156.922662
125,2,94,770.530437,155.125271
125,2,95,777.884866,153.317070
125,2,96,785.293316,151.495913
125,2,97,792.764688,149.659655
125,2,98,800.309879,147.805540
125,2,99,807.947775,145.928381
125,2,100,815.699257,144.022382
125,2,101,823.585205,142.081747
125,2,102,831.626501,140.100681
125,2,103,839.844026,138.073387
125,2,104,848.258660,135.994069
125,2,105,856.891287,133.856932
125,2,106,865.762785,131.656179
125,2,107,874.894037,129.386015
125,2,108,884.305924,127.040644
125,2,109,894.019326,124.614269
125,2,110,904.059929,122.100824
125,2,111,914.472632,119.493161
125,2,112,925.307140,116.783863
125,2,113,936.613156,113.965511
125,2,114,948.440383,111.030685
125,2,115,960.838525,107.971969
125,2,116,973.857286,104.781944
125,2,117,987.546370,101.453192
125,2,118,1001.955479,97.978293
125,2,119,1017.134318,94.349831
125,2,120,1033.132591,90.560386
125,2,121,1050.000000,86.602540
130,1,1,0.000000,0.000000
130,1,2,13.177087,-15.261846
130,1,3,25.722880,-29.876320
130,1,4,37.694676,-43.836264
130,1,5,49.149772,-57.134524
130,1,6,60.145464,-69.763943
130,1,7,70.739050,-81.717364
130,1,8,80.987827,-92.987631
130,1,9,90.949091,-103.567588
130,1,10,100.680140,-113.450078
130,1,11,110.238271,-122.627946
130,1,12,119.680780,-131.094035
130,1,13,129.064965,-138.841188
130,1,14,138.439002,-145.871724
130,1,15,147.814592,-152.225853
130,1,16,157.194314,-157.953262
130,1,17,166.580748,-163.103637
130,1,18,175.976474,-167.726662
130,1,19,185.384071,-171.872023
130,1,20,194.806120,-175.589406
130,1,21,204.245199,-178.928496
130,1,22,213.703890,-181.938979
130,1,23,223.184772,-184.670541
130,1,24,232.690423,-187.172867
130,1,25,242.223426,-189.495643
130,1,26,251.782918,-191.679979
130,1,27,261.354281,-193.732689
130,1,28,270.919453,-195.652010
130,1,29,280.460374,-197.436181
130,1,30,289.958985,-199.083441
130,1,31,299.397225,-200.592027
130,1,32,308.757033,-201.960177
130,1,33,318.020350,-203.186131
130,1,34,327.169115,-204.268126
130,1,35,336.185269,-205.204400
130,1,36,345.050750,-205.993192
130,1,37,353.747498,-206.632739
130,1,38,362.253699,-207.124102
130,1,39,370.532513,-207.479618
130,1,40,378.543347,-207.714447
130,1,41,386.245607,-207.843750
130,1,42,393.598700,-207.882686
130,1,43,400.562033,-207.846415
130,1,44,407.095011,-207.750097
130,1,45,413.157040,-207.608890
130,1,46,418.707528,-207.437956
130,1,47,423.705881,-207.252453
130,1,48,428.111504,-207.067541
130,1,49,431.883805,-206.898381
130,1,50,435.011208,-206.756593
130,1,51,437.598210,-206.639646
130,1,52,439.778327,-206.541470
130,1,53,441.685076,-206.455996
130,1,54,443.451971,-206.377154
130,1,55,445.212528,-206.298875
130,1,56,447.100264,-206.215087
130,1,57,449.248694,-206.119723
130,1,58,451.791334,-206.006712
130,1,59,454.861699,-205.869984
130,1,60,458.593305,-205.703469
130,1,61,463.119669,-205.501099
130,1,62,468.538976,-205.254254
130,1,63,474.808098,-204.944122
130,1,64,481.848577,-204.549339
130,1,65,489.581953,-204.048545
130,1,66,497.929770,-203.420377
130,1,67,506.813569,-202.643473
130,1,68,516.154892,-201.696471
130,1,69,525.875279,-200.558009
130,1,70,535.896275,-199.206725
130,1,71,546.139419,-197.621257
130,1,72,556.526255,-195.780243
130,1,73,566.978323,-193.662322
130,1,74,577.427432,-191.249696
130,1,75,587.846456,-188.538833
130,1,76,598.218534,-185.529766
130,1,77,608.526807,-182.222528
130,1,78,618.754414,-178.617153
130,1,79,628.884495,-174.713673
130,1,80,638.900190,-170.512122
130,1,81,648.784640,-166.012533
130,1,82,658.520984,-161.214938
130,1,83,668.092362,-156.119371
130,1,84,677.481914,-150.725865
130,1,85,686.672780,-145.034452
130,1,86,695.648816,-139.054281
130,1,87,704.396737,-132.830950
130,1,88,712.903976,-126.419174
130,1,89,721.157964,-119.873667
130,1,90,729.146134,-113.249141
130,1,91,736.855917,-106.600311
130,1,92,744.274746,-99.981891
130,1,93,751.390051,-93.448595
130,1,94,758.189266,-87.055135
130,1,95,764.659821,-80.856227
130,1,96,770.789149,-74.906583
130,1,97,776.564682,-69.260918
130,1,98,781.986817,-63.954188
130,1,99,787.107812,-58.942325
130,1,100,791.992893,-54.161502
130,1,101,796.707284,-49.547895
130,1,102,801.316209,-45.037678
130,1,103,805.884892,-40.567025
130,1,104,810.478558,-36.072111
130,1,105,815.162432,-31.489109
130,1,106,820.001737,-26.754194
130,1,107,825.061698,-21.803542
130,1,108,830.407540,-16.573325
130,1,109,836.104486,-10.999719
130,1,110,842.206520,-5.041214
130,1,111,848.722656,1.254430
130,1,112,855.650665,7.817136
130,1,113,862.988320,14.576829
130,1,114,870.733393,21.463433
130,1,115,878.883657,28.406872
130,1,116,887.436883,35.337069
130,1,117,896.390844,42.183948
130,1,118,905.743312,48.877434
130,1,119,915.492059,55.347449
130,1,120,925.634857,61.523919
130,1,121,936.169479,67.336766
130,2,1,0.000000,0.000000
130,2,2,15.469335,12.314779
130,2,3,30.072925,24.127908
130,2,4,43.880381,35.439096
130,2,5,56.961313,46.248053
130,2,6,69.385328,56.554488
130,2,7,81.222038,66.358112
130,2,8,92.541051,75.658633
130,2,9,103.411977,84.455763
130,2,10,113.904425,92.749210
130,2,11,124.088006,100.538684
130,2,12,134.032328,107.823895
130,2,13,143.807001,114.604553
130,2,14,153.473039,120.886404
130,2,15,163.057070,126.699335
130,2,16,172.577129,132.079272
130,2,17,182.051250,137.062138
130,2,18,191.497465,141.683859
130,2,19,200.933808,145.980359
130,2,20,210.378314,149.987562
130,2,21,219.849014,153.741393
130,2,22,229.363944,157.277777
130,2,23,238.941136,160.632637
130,2,24,248.598624,163.841898
130,2,25,258.354442,166.941485
130,2,26,268.217555,169.959543
130,2,27,278.160653,172.893100
130,2,28,288.147357,175.731405
130,2,29,298.141291,178.463705
130,2,30,308.106075,181.079251
130,2,31,318.005332,183.567290
130,2,32,327.802684,185.917072
130,2,33,337.461752,188.117844
130,2,34,346.946158,190.158856
130,2,35,356.219525,192.029357
130,2,36,365.245473,193.718594
130,2,37,373.987626,195.215818
130,2,38,382.415191,196.514751
130,2,39,390.519722,197.627021
130,2,40,398.298358,198.568730
130,2,41,405.748240,199.355981
130,2,42,412.866507,200.004876
130,2,43,419.650299,200.531517
130,2,44,426.096756,200.952007
130,2,45,432.203019,201.282448
130,2,46,437.966226,201.538943
130,2,47,443.383517,201.737594
130,2,48,448.452033,201.894503
130,2,49,453.168914,202.025772
130,2,50,457.545994,202.143902
130,2,51,461.653892,202.246982
130,2,52,465.577921,202.329497
130,2,53,469.403396,202.385934
130,2,54,473.215630,202.410779
130,2,55,477.099937,202.398519
130,2,56,481.141629,202.343639
130,2,57,485.426022,202.240627
130,2,58,490.038429,202.083968
130,2,59,495.064163,201.868148
130,2,60,500.588539,201.587655
130,2,61,506.696869,201.236973
130,2,62,513.447676,200.811409
130,2,63,520.792314,200.309545
130,2,64,528.655348,199.730780
130,2,65,536.961339,199.074515
130,2,66,545.634852,198.340152
130,2,67,554.600448,197.527090
130,2,68,563.782692,196.634731
130,2,69,573.106147,195.662474
130,2,70,582.495375,194.609722
130,2,71,591.874939,193.475873
130,2,72,601.169404,192.260330
130,2,73,610.303331,190.962492
130,2,74,619.216472,189.583137
130,2,75,627.909324,188.128548
130,2,76,636.397573,186.606385
130,2,77,644.696906,185.024306
130,2,78,652.823006,183.389972
130,2,79,660.791561,181.711042
130,2,80,668.618255,179.995175
130,2,81,676.318774,178.250032
130,2,82,683.908804,176.483272
130,2,83,691.404031,174.702554
130,2,84,698.820139,172.915538
130,2,85,706.172815,171.129883
130,2,86,713.476786,169.351597
130,2,87,720.742952,167.580071
130,2,88,727.981253,165.813047
130,2,89,735.201632,164.048265
130,2,90,742.414029,162.283465
130,2,91,749.628385,160.516386
130,2,92,756.854643,158.744770
130,2,93,764.102743,156.966357
130,2,94,771.382627,155.178887
130,2,95,778.704236,153.380099
130,2,96,786.077512,151.567735
130,2,97,793.512395,149.739534
130,2,98,801.020729,147.892714
130,2,99,808.621968,146.022398
130,2,100,816.337465,144.123187
130,2,101,824.188574,142.189682
130,2,102,832.196652,140.216484
130,2,103,840.383052,138.198194
130,2,104,848.769129,136.129412
130,2,105,857.376238,134.004739
130,2,106,866.225734,131.818775
130,2,107,875.338970,129.566123
130,2,108,884.737302,127.241382
130,2,109,894.442085,124.839153
130,2,110,904.478969,122.353227
130,2,111,914.890792,119.774151
130,2,112,925.724687,117.091665
130,2,113,937.027787,114.295505
130,2,114,948.847226,111.375410
130,2,115,961.230137,108.321117
130,2,116,974.223655,105.122365
130,2,117,987.874911,101.768892
130,2,118,1002.231041,98.250434
130,2,119,1017.339176,94.556732
130,2,120,1033.246452,90.677521
130,2,121,1050.000000,86.602540
135,1,1,0.000000,0.000000
135,1,2,13.165238,-15.197477
135,1,3,25.717304,-29.759805
135,1,4,37.711248,-43.678813
135,1,5,49.202115,-56.946329
135,1,6,60.244953,-69.554183
135,1,7,70.894811,-81.494203
135,1,8,81.206736,-92.758217
135,1,9,91.235775,-103.338056
135,1,10,101.036975,-113.225547
135,1,11,110.665385,-122.412519
135,1,12,120.176052,-130.890801
135,1,13,129.624023,-138.652222
135,1,14,139.055660,-145.698213
135,1,15,148.482581,-152.068615
135,1,16,157.907716,-157.812869
135,1,17,167.333998,-162.980420
135,1,18,176.764358,-167.620709
135,1,19,186.201728,-171.783179
135,1,20,195.649039,-175.517273
135,1,21,205.109222,-178.872434
135,1,22,214.585210,-181.898105
135,1,23,224.079933,-184.643728
135,1,24,233.596323,-187.158745
135,1,25,243.137312,-189.492601
135,1,26,252.702303,-191.686247
135,1,27,262.276584,-193.746676
135,1,28,271.841917,-195.672391
135,1,29,281.380061,-197.461895
135,1,30,290.872778,-199.113690
135,1,31,300.301826,-200.626280
135,1,32,309.648968,-201.998166
135,1,33,318.895963,-203.227853
135,1,34,328.024572,-204.313842
135,1,35,337.016555,-205.254636
135,1,36,345.853673,-206.048738
135,1,37,354.517686,-206.694651
135,1,38,362.986710,-207.193643
135,1,39,371.224277,-207.558044
135,1,40,379.190278,-207.802948
135,1,41,386.844600,-207.943452
135,1,42,394.147132,-207.994649
135,1,43,401.057763,-207.971636
135,1,44,407.536381,-207.889507
135,1,45,413.542875,-207.763357
135,1,46,419.037133,-207.608282
135,1,47,423.979045,-207.439376
135,1,48,428.328497,-207.271736
135,1,49,432.045381,-207.120455
135,1,50,435.118541,-206.997021
135,1,51,437.652661,-206.898487
135,1,52,439.781379,-206.818298
135,1,53,441.638336,-206.749900
135,1,54,443.357171,-206.686737
135,1,55,445.071525,-206.622254
135,1,56,446.915037,-206.549897
135,1,57,449.021348,-206.463111
135,1,58,451.524097,-206.355340
135,1,59,454.556924,-206.220031
135,1,60,458.253470,-206.050627
135,1,61,462.747373,-205.840575
135,1,62,468.136963,-205.580939
135,1,63,474.379314,-205.253265
135,1,64,481.396192,-204.836719
135,1,65,489.109362,-204.310468
135,1,66,497.440586,-203.653677
135,1,67,506.311631,-202.845512
135,1,68,515.644259,-201.865140
135,1,69,525.360236,-200.691727
135,1,70,535.381325,-199.304438
135,1,71,545.629292,-197.682440
135,1,72,556.025900,-195.804898
135,1,73,566.492913,-193.650980
135,1,74,576.962275,-191.203371
135,1,75,587.406645,-188.458842
135,1,76,597.808861,-185.417686
135,1,77,608.151761,-182.080193
135,1,78,618.418182,-178.446656
135,1,79,628.590963,-174.517365
135,1,80,638.652942,-170.292612
135,1,81,648.586956,-165.772690
135,1,82,658.375843,-160.957889
135,1,83,668.002442,-155.848501
135,1,84,677.449590,-150.444818
135,1,85,686.700125,-144.747132
135,1,86,695.737535,-138.764769
135,1,87,704.547905,-132.543204
135,1,88,713.117971,-126.136945
135,1,89,721.434468,-119.600502
135,1,90,729.484132,-112.988383
135,1,91,737.253697,-106.355099
135,1,92,744.729898,-99.755159
135,1,93,751.899472,-93.243071
135,1,94,758.749154,-86.873345
135,1,95,765.265678,-80.700490
135,1,96,771.435780,-74.779016
135,1,97,777.246195,-69.163431
135,1,98,782.696867,-63.888533
135,1,99,787.840572,-58.910274
135,1,100,792.743294,-54.164890
135,1,101,797.471018,-49.588621
135,1,102,802.089727,-45.117707
135,1,103,806.665406,-40.688384
135,1,104,811.264039,-36.236893
135,1,105,815.951610,-31.699472
135,1,106,820.794104,-27.012359
135,1,107,825.857506,-22.111793
135,1,108,831.207798,-16.934013
135,1,109,836.910966,-11.415258
135,1,110,843.021301,-5.513799
135,1,111,849.546327,0.723959
135,1,112,856.481876,7.229579
135,1,113,863.823778,13.934623
135,1,114,871.567866,20.770653
135,1,115,879.709969,27.669233
135,1,116,888.245920,34.561924
135,1,117,897.171550,41.380289
135,1,118,906.482691,48.055891
135,1,119,916.175172,54.520292
135,1,120,926.244827,60.705055
135,1,121,936.687485,66.541741
135,2,1,0.000000,0.000000
135,2,2,15.405330,12.180646
135,2,3,29.985419,23.872130
135,2,4,43.805043,35.074299
135,2,5,56.928981,45.787003
135,2,6,69.422009,56.010090
135,2,7,81.348907,65.743410
135,2,8,92.774451,74.986809
135,2,9,103.763419,83.740137
135,2,10,114.380588,92.003243
135,2,11,124.690738,99.775976
135,2,12,134.758644,107.058183
135,2,13,144.649086,113.849713
135,2,14,154.419336,120.156080
135,2,15,164.096654,126.005459
135,2,16,173.700795,131.431687
135,2,17,183.251514,136.468604
135,2,18,192.768566,141.150050
135,2,19,202.271705,145.509862
135,2,20,211.780689,149.581880
135,2,21,221.315270,153.399943
135,2,22,230.895205,156.997890
135,2,23,240.540249,160.409560
135,2,24,250.270157,163.668792
135,2,25,260.104683,166.809425
135,2,26,270.053823,169.858043
135,2,27,280.088532,172.812210
135,2,28,290.170003,175.662234
135,2,29,300.259430,178.398425
135,2,30,310.318009,181.011090
135,2,31,320.306933,183.490540
135,2,32,330.187396,185.827082
135,2,33,339.920593,188.011026
135,2,34,349.467718,190.032680
135,2,35,358.789966,191.882354
135,2,36,367.848530,193.550355
135,2,37,376.604605,195.026993
135,2,38,385.025834,196.306858
135,2,39,393.105664,197.401668
135,2,40,400.843988,198.327423
135,2,41,408.240701,199.100123
135,2,42,415.295697,199.735768
135,2,43,422.008871,200.250357
135,2,44,428.380118,200.659889
135,2,45,434.409332,200.980365
135,2,46,440.096408,201.227785
135,2,47,445.441241,201.418148
135,2,48,450.443725,201.567454
135,2,49,455.103755,201.691702
135,2,50,459.435073,201.803332
135,2,51,463.506813,201.900536
135,2,52,467.401959,201.977946
135,2,53,471.203492,202.030194
135,2,54,474.994395,202.051913
135,2,55,478.857649,202.037735
135,2,56,482.876239,201.982290
135,2,57,487.133145,201.880212
135,2,58,491.711350,201.726132
135,2,59,496.693836,201.514682
135,2,60,502.163587,201.240495
135,2,61,508.203583,200.898201
135,2,62,514.870955,200.483168
135,2,63,522.119413,199.993695
135,2,64,529.876819,199.428818
135,2,65,538.071031,198.787571
135,2,66,546.629908,198.068988
135,2,67,555.481310,197.272105
135,2,68,564.553095,196.395955
135,2,69,573.773123,195.439574
135,2,70,583.069253,194.401996
135,2,71,592.369345,193.282255
135,2,72,601.601257,192.079387
135,2,73,610.692848,190.792425
135,2,74,619.586122,189.421895
135,2,75,628.279656,187.974283
135,2,76,636.786170,186.457564
135,2,77,645.118386,184.879716
135,2,78,653.289024,183.248713
135,2,79,661.310805,181.572532
135,2,80,669.196449,179.859149
135,2,81,676.958679,178.116540
135,2,82,684.610214,176.352682
135,2,83,692.163775,174.575550
135,2,84,699.632084,172.793120
135,2,85,707.027860,171.013369
135,2,86,714.363528,169.242532
135,2,87,721.650316,167.479881
135,2,88,728.899157,165.722945
135,2,89,736.120984,163.969256
135,2,90,743.326729,162.216344
135,2,91,750.527322,160.461740
135,2,92,757.733698,158.702975
135,2,93,764.956787,156.937578
135,2,94,772.207523,155.163081
135,2,95,779.496836,153.377014
135,2,96,786.835660,151.576908
135,2,97,794.234926,149.760294
135,2,98,801.707374,147.924262
135,2,99,809.272972,146.064149
135,2,100,816.953495,144.174850
135,2,101,824.770718,142.251261
135,2,102,832.746418,140.288279
135,2,103,840.902368,138.280800
135,2,104,849.260345,136.223719
135,2,105,857.842124,134.111934
135,2,106,866.669481,131.940340
135,2,107,875.764189,129.703833
135,2,108,885.148026,127.397309
135,2,109,894.842765,125.015665
135,2,110,904.874028,122.552573
135,2,111,915.282813,119.996804
135,2,112,926.113964,117.335907
135,2,113,937.412324,114.557431
135,2,114,949.222738,111.648923
135,2,115,961.590049,108.597932
135,2,116,974.559101,105.392006
135,2,117,988.174737,102.018693
135,2,118,1002.481801,98.465542
135,2,119,1017.525137,94.720101
135,2,120,1033.349589,90.769918
135,2,121,1050.000000,86.602540
140,1,1,0.000000,0.000000
140,1,2,13.117666,-15.176143
140,1,3,25.643328,-29.722749
140,1,4,37.629638,-43.631216
140,1,5,49.129245,-56.892945
140,1,6,60.194802,-69.499331
140,1,7,70.878959,-81.441774
140,1,8,81.234368,-92.711673
140,1,9,91.313680,-103.300425
140,1,10,101.169545,-113.199429
140,1,11,110.854615,-122.400082
140,1,12,120.421542,-130.893785
140,1,13,129.922975,-138.671934
140,1,14,139.403335,-145.735578
140,1,15,148.874116,-152.124371
140,1,16,158.338579,-157.887613
140,1,17,167.799987,-163.074609
140,1,18,177.261603,-167.734660
140,1,19,186.726689,-171.917070
140,1,20,196.198506,-175.671140
140,1,21,205.680318,-179.046174
140,1,22,215.175386,-182.091473
140,1,23,224.686973,-184.856342
140,1,24,234.218341,-187.390082
140,1,25,243.772753,-189.741995
140,1,26,253.349832,-191.952904
140,1,27,262.934654,-194.029702
140,1,28,272.508653,-195.970804
140,1,29,282.053268,-197.774621
140,1,30,291.549933,-199.439567
140,1,31,300.980084,-200.964055
140,1,32,310.325160,-202.346498
140,1,33,319.566594,-203.585310
140,1,34,328.685825,-204.678903
140,1,35,337.664287,-205.625691
140,1,36,346.483418,-206.424087
140,1,37,355.124653,-207.072503
140,1,38,363.565922,-207.572138
140,1,39,371.771127,-207.935330
140,1,40,379.700661,-208.177202
140,1,41,387.314921,-208.312877
140,1,42,394.574301,-208.357478
140,1,43,401.439194,-208.326128
140,1,44,407.869997,-208.233950
140,1,45,413.827103,-208.096067
140,1,46,419.270908,-207.927602
140,1,47,424.161807,-207.743679
140,1,48,428.460193,-207.559419
140,1,49,432.126461,-207.389947
140,1,50,435.149935,-207.246867
140,1,51,437.635649,-207.127707
140,1,52,439.717565,-207.026479
140,1,53,441.529645,-206.937192
140,1,54,443.205852,-206.853857
140,1,55,444.880148,-206.770484
140,1,56,446.686496,-206.681084
140,1,57,448.758857,-206.579668
140,1,58,451.231195,-206.460245
140,1,59,454.237471,-206.316827
140,1,60,457.911649,-206.143423
140,1,61,462.387690,-205.934043
140,1,62,467.764151,-205.680060
140,1,63,473.997966,-205.362283
140,1,64,481.010666,-204.958883
140,1,65,488.723778,-204.448032
140,1,66,497.058831,-203.807900
140,1,67,505.937355,-203.016658
140,1,68,515.280879,-202.052478
140,1,69,525.010931,-200.893530
140,1,70,535.049040,-199.517985
140,1,71,545.316735,-197.904015
140,1,72,555.735546,-196.029791
140,1,73,566.227001,-193.873483
140,1,74,576.722826,-191.417099
140,1,75,587.195536,-188.657997
140,1,76,597.627840,-185.597371
140,1,77,608.002452,-182.236415
140,1,78,618.302080,-178.576324
140,1,79,628.509438,-174.618292
140,1,80,638.607235,-170.363513
140,1,81,648.578183,-165.813182
140,1,82,658.404993,-160.968493
140,1,83,668.070376,-155.830639
140,1,84,677.557044,-150.400816
140,1,85,686.847706,-144.680218
140,1,86,695.925689,-138.678905
140,1,87,704.776768,-132.442404
140,1,88,713.387335,-126.025107
140,1,89,721.743781,-119.481406
140,1,90,729.832496,-112.865694
140,1,91,737.639871,-106.232362
140,1,92,745.152296,-99.635805
140,1,93,752.356162,-93.130414
140,1,94,759.237861,-86.770581
140,1,95,765.783782,-80.610699
140,1,96,771.980316,-74.705160
140,1,97,777.813855,-69.108357
140,1,98,783.284113,-63.854966
140,1,99,788.444110,-58.900794
140,1,100,793.360188,-54.181934
140,1,101,798.098692,-49.634476
140,1,102,802.725964,-45.194514
140,1,103,807.308348,-40.798137
140,1,104,811.912187,-36.381438
140,1,105,816.603825,-31.880509
140,1,106,821.449606,-27.231440
140,1,107,826.515872,-22.370324
140,1,108,831.868968,-17.233252
140,1,109,837.575236,-11.756316
140,1,110,843.689156,-5.897252
140,1,111,850.217749,0.299627
140,1,112,857.156173,6.768361
140,1,113,864.499585,13.442994
140,1,114,872.243142,20.257566
140,1,115,880.382000,27.146119
140,1,116,888.911319,34.042695
140,1,117,897.826253,40.881335
140,1,118,907.121962,47.596082
140,1,119,916.793602,54.120977
140,1,120,926.836329,60.390061
140,1,121,937.245303,66.337377
140,2,1,0.000000,0.000000
140,2,2,15.478762,11.979639
140,2,3,30.142525,23.493719
140,2,4,44.054373,34.540619
140,2,5,57.277391,45.118719
140,2,6,69.874664,55.226400
140,2,7,81.909277,64.862042
140,2,8,93.444313,74.024025
140,2,9,104.542859,82.710729
140,2,10,115.267997,90.920535
140,2,11,125.682814,98.651821
140,2,12,135.850394,105.902970
140,2,13,145.833821,112.672360
140,2,14,155.689183,118.964187
140,2,15,165.444580,124.805910
140,2,16,175.121118,130.230804
140,2,17,184.739898,135.272142
140,2,18,194.322026,139.963198
140,2,19,203.888604,144.337247
140,2,20,213.460737,148.427562
140,2,21,223.059529,152.267419
140,2,22,232.706083,155.890091
140,2,23,242.421502,159.328852
140,2,24,252.226891,162.616976
140,2,25,262.143354,165.787738
140,2,26,272.181676,168.867206
140,2,27,282.311366,171.852633
140,2,28,292.491617,174.734063
140,2,29,302.681620,177.501543
140,2,30,312.840566,180.145119
140,2,31,322.927648,182.654836
140,2,32,332.902057,185.020741
140,2,33,342.722985,187.232880
140,2,34,352.349623,189.281299
140,2,35,361.741162,191.156043
140,2,36,370.856796,192.847159
140,2,37,379.655714,194.344693
140,2,38,388.103976,195.643047
140,2,39,396.195110,196.754048
140,2,40,403.929509,197.693880
140,2,41,411.307568,198.478726
140,2,42,418.329682,199.124771
140,2,43,424.996245,199.648198
140,2,44,431.307652,200.065191
140,2,45,437.264296,200.391932
140,2,46,442.866573,200.644606
140,2,47,448.114878,200.839397
140,2,48,453.009603,200.992487
140,2,49,457.551145,201.120061
140,2,50,461.753916,201.234716
140,2,51,465.688411,201.334703
140,2,52,469.439139,201.414684
140,2,53,473.090615,201.469325
140,2,54,476.727349,201.493290
140,2,55,480.433854,201.481243
140,2,56,484.294643,201.427847
140,2,57,488.394226,201.327768
140,2,58,492.817117,201.175668
140,2,59,497.647827,200.966213
140,2,60,502.970869,200.694065
140,2,61,508.870754,200.353890
140,2,62,515.405996,199.941036
140,2,63,522.531111,199.453589
140,2,64,530.174617,198.890318
140,2,65,538.265030,198.249995
140,2,66,546.730868,197.531389
140,2,67,555.500648,196.733271
140,2,68,564.502889,195.854412
140,2,69,573.666107,194.893581
140,2,70,582.918819,193.849548
140,2,71,592.189543,192.721085
140,2,72,601.406796,191.506961
140,2,73,610.499096,190.205946
140,2,74,619.408639,188.818517
140,2,75,628.132339,187.351966
140,2,76,636.680792,185.815295
140,2,77,645.064590,184.217502
140,2,78,653.294327,182.567587
140,2,79,661.380598,180.874549
140,2,80,669.333996,179.147388
140,2,81,677.165115,177.395103
140,2,82,684.884549,175.626694
140,2,83,692.502892,173.851160
140,2,84,700.030737,172.077501
140,2,85,707.478679,170.314716
140,2,86,714.857480,168.569690
140,2,87,722.178575,166.840851
140,2,88,729.453568,165.124511
140,2,89,736.694063,163.416983
140,2,90,743.911663,161.714581
140,2,91,751.117973,160.013616
140,2,92,758.324595,158.310403
140,2,93,765.543135,156.601253
140,2,94,772.785195,154.882480
140,2,95,780.062379,153.150397
140,2,96,787.386291,151.401316
140,2,97,794.768535,149.631550
140,2,98,802.222452,147.837200
140,2,99,809.768329,146.013519
140,2,100,817.428190,144.155548
140,2,101,825.224060,142.258327
140,2,102,833.177965,140.316896
140,2,103,841.311928,138.326298
140,2,104,849.647973,136.281571
140,2,105,858.208127,134.177758
140,2,106,867.014412,132.009898
140,2,107,876.088854,129.773033
140,2,108,885.453477,127.462203
140,2,109,895.130305,125.072448
140,2,110,905.145056,122.597750
140,2,111,915.538209,120.027849
140,2,112,926.353939,117.351427
140,2,113,937.636419,114.557164
140,2,114,949.429821,111.633742
140,2,115,961.778318,108.569842
140,2,116,974.726084,105.354145
140,2,117,988.317292,101.975332
140,2,118,1002.596114,98.422084
140,2,119,1017.606724,94.683082
140,2,120,1033.393295,90.747007
140,2,121,1050.000000,86.602540
145,1,1,0.000000,0.000000
145,1,2,13.101593,-15.143498
145,1,3,25.623860,-29.664264
145,1,4,37.617937,-43.553125
145,1,5,49.134960,-56.800908
145,1,6,60.226067,-69.398440
145,1,7,70.942394,-81.336550
145,1,8,81.335078,-92.606063
145,1,9,91.455255,-103.197807
145,1,10,101.354063,-113.102610
145,1,11,111.082638,-122.311299
145,1,12,120.692117,-130.814702
145,1,13,130.233637,-138.603644
145,1,14,139.750384,-145.678676
145,1,15,149.253751,-152.079229
145,1,16,158.747178,-157.854459
145,1,17,168.234108,-163.053521
145,1,18,177.717981,-167.725568
145,1,19,187.202240,-171.919755
145,1,20,196.690326,-175.685237
145,1,21,206.185681,-179.071168
145,1,22,215.691747,-182.126702
145,1,23,225.211965,-184.900995
145,1,24,234.749776,-187.443200
145,1,25,244.308623,-189.802472
145,1,26,253.888266,-192.019534
145,1,27,263.473736,-194.101382
145,1,28,273.046385,-196.046581
145,1,29,282.587565,-197.853694
145,1,30,292.078625,-199.521287
145,1,31,301.500917,-201.047924
145,1,32,310.835791,-202.432170
145,1,33,320.064599,-203.672588
145,1,34,329.168692,-204.767744
145,1,35,338.129420,-205.716202
145,1,36,346.928135,-206.516526
145,1,37,355.546187,-207.167281
145,1,38,363.961505,-207.669783
145,1,39,372.138326,-208.036348
145,1,40,380.037465,-208.282046
145,1,41,387.619737,-208.421946
145,1,42,394.845958,-208.471116
145,1,43,401.676942,-208.444624
145,1,44,408.073504,-208.357541
145,1,45,413.996459,-208.224933
145,1,46,419.406623,-208.061870
145,1,47,424.264810,-207.883421
145,1,48,428.531835,-207.704654
145,1,49,432.168513,-207.540638
145,1,50,435.164490,-207.402914
145,1,51,437.624738,-207.288909
145,1,52,439.683056,-207.192522
145,1,53,441.473247,-207.107654
145,1,54,443.129113,-207.028204
145,1,55,444.784454,-206.948071
145,1,56,446.573072,-206.861155
145,1,57,448.628770,-206.761356
145,1,58,451.085347,-206.642573
145,1,59,454.076607,-206.498706
145,1,60,457.736350,-206.323654
145,1,61,462.198377,-206.111318
145,1,62,467.561158,-205.852981
145,1,63,473.781824,-205.529475
145,1,64,480.782177,-205.119014
145,1,65,488.484016,-204.599815
145,1,66,496.809140,-203.950092
145,1,67,505.679350,-203.148061
145,1,68,515.016445,-202.171938
145,1,69,524.742225,-200.999938
145,1,70,534.778491,-199.610277
145,1,71,545.047041,-197.981170
145,1,72,555.469676,-196.090833
145,1,73,565.968195,-193.917482
145,1,74,576.474521,-191.443219
145,1,75,586.961061,-188.665698
145,1,76,597.410346,-185.586462
145,1,77,607.804906,-182.207050
145,1,78,618.127272,-178.529006
145,1,79,628.359974,-174.553869
145,1,80,638.485542,-170.283182
145,1,81,648.486507,-165.718486
145,1,82,658.345399,-160.861323
145,1,83,668.044748,-155.713233
145,1,84,677.567085,-150.275759
145,1,85,686.894939,-144.550441
145,1,86,696.011405,-138.547588
145,1,87,704.901828,-132.312570
145,1,88,713.552114,-125.899525
145,1,89,721.948173,-119.362591
145,1,90,730.075912,-112.755904
145,1,91,737.921239,-106.133601
145,1,92,745.470063,-99.549821
145,1,93,752.708291,-93.058701
145,1,94,759.621831,-86.714377
145,1,95,766.196592,-80.570988
145,1,96,772.418481,-74.682670
145,1,97,778.273407,-69.103561
145,1,98,783.760766,-63.868147
145,1,99,788.933908,-58.932312
145,1,100,793.859675,-54.232289
145,1,101,798.604906,-49.704309
145,1,102,803.236440,-45.284606
145,1,103,807.821117,-40.909411
145,1,104,812.425778,-36.514959
145,1,105,817.117261,-32.037480
145,1,106,821.962408,-27.413209
145,1,107,827.028057,-22.578377
145,1,108,832.381048,-17.469216
145,1,109,838.088221,-12.021960
145,1,110,844.204324,-6.194246
145,1,111,850.735730,-0.029327
145,1,112,857.676723,6.408139
145,1,113,865.021583,13.053492
145,1,114,872.764593,19.842075
145,1,115,880.900036,26.709230
145,1,116,889.422192,33.590297
145,1,117,898.325345,40.420619
145,1,118,907.603776,47.135538
145,1,119,917.251767,53.670395
145,1,120,927.263600,59.960531
145,1,121,937.633557,65.941289
145,2,1,0.000000,0.000000
145,2,2,15.650094,11.735041
145,2,3,30.473742,23.035143
145,2,4,44.534586,33.896163
145,2,5,57.896268,44.313955
145,2,6,70.622431,54.284374
145,2,7,82.776716,63.803275
145,2,8,94.422766,72.866514
145,2,9,105.624223,81.469947
145,2,10,116.444728,89.609428
145,2,11,126.947923,97.280812
145,2,12,137.197452,104.479954
145,2,13,147.256955,111.202711
145,2,14,157.183161,117.451256
145,2,15,167.005148,123.253039
145,2,16,176.745080,128.641831
145,2,17,186.425119,133.651400
145,2,18,196.067429,138.315517
145,2,19,205.694174,142.667950
145,2,20,215.327517,146.742470
145,2,21,224.989623,150.572846
145,2,22,234.702654,154.192847
145,2,23,244.488775,157.636244
145,2,24,254.370149,160.936805
145,2,25,264.368939,164.128300
145,2,26,274.496526,167.237021
145,2,27,284.721152,170.259345
145,2,28,295.000278,173.184173
145,2,29,305.291362,176.000404
145,2,30,315.551864,178.696939
145,2,31,325.739243,181.262677
145,2,32,335.810959,183.686517
145,2,33,345.724472,185.957361
145,2,34,355.437240,188.064108
145,2,35,364.906723,189.995657
145,2,36,374.090381,191.740909
145,2,37,382.945672,193.288764
145,2,38,391.437069,194.632717
145,2,39,399.557085,195.784649
145,2,40,407.305250,196.761036
145,2,41,414.681089,197.578355
145,2,42,421.684130,198.253082
145,2,43,428.313900,198.801694
145,2,44,434.569926,199.240666
145,2,45,440.451735,199.586476
145,2,46,445.958855,199.855600
145,2,47,451.090811,200.064514
145,2,48,455.847133,200.229695
145,2,49,460.227345,200.367619
145,2,50,464.245796,200.491130
145,2,51,467.976104,200.598546
145,2,52,471.506709,200.684551
145,2,53,474.926051,200.743832
145,2,54,478.322568,200.771072
145,2,55,481.784701,200.760957
145,2,56,485.400887,200.708172
145,2,57,489.259567,200.607402
145,2,58,493.449180,200.453332
145,2,59,498.058165,200.240647
145,2,60,503.174961,199.964033
145,2,61,508.888007,199.618174
145,2,62,515.258947,199.198456
145,2,63,522.242236,198.703066
145,2,64,529.765537,198.130891
145,2,65,537.756509,197.480819
145,2,66,546.142812,196.751739
145,2,67,554.852108,195.942536
145,2,68,563.812056,195.052100
145,2,69,572.950318,194.079317
145,2,70,582.194553,193.023075
145,2,71,591.472423,191.882261
145,2,72,600.711587,190.655764
145,2,73,609.839707,189.342470
145,2,74,618.797936,187.943052
145,2,75,627.581405,186.465314
145,2,76,636.198738,184.918847
145,2,77,644.658559,183.313241
145,2,78,652.969493,181.658084
145,2,79,661.140162,179.962968
145,2,80,669.179192,178.237481
145,2,81,677.095207,176.491214
145,2,82,684.896831,174.733755
145,2,83,692.592687,172.974695
145,2,84,700.191401,171.223624
145,2,85,707.701595,169.490131
145,2,86,715.132523,167.781416
145,2,87,722.495953,166.095120
145,2,88,729.804280,164.426493
145,2,89,737.069900,162.770787
145,2,90,744.305210,161.123252
145,2,91,751.522605,159.479139
145,2,92,758.734482,157.833699
145,2,93,765.953236,156.182183
145,2,94,773.191264,154.519842
145,2,95,780.460961,152.841927
145,2,96,787.774724,151.143688
145,2,97,795.144949,149.420376
145,2,98,802.585662,147.667230
145,2,99,810.117410,145.879437
145,2,100,817.762370,144.052174
145,2,101,825.542720,142.180615
145,2,102,833.480636,140.259937
145,2,103,841.598295,138.285315
145,2,104,849.917876,136.251924
145,2,105,858.461554,134.154940
145,2,106,867.251508,131.989539
145,2,107,876.309914,129.750895
145,2,108,885.658949,127.434185
145,2,109,895.320791,125.034585
145,2,110,905.321243,122.546450
145,2,111,915.700612,119.960861
145,2,112,926.502831,117.268079
145,2,113,937.771833,114.458367
145,2,114,949.551550,111.521986
145,2,115,961.885917,108.449196
145,2,116,974.818866,105.230261
145,2,117,988.394331,101.855440
145,2,118,1002.656243,98.314996
145,2,119,1017.648537,94.599191
145,2,120,1033.415145,90.698285
145,2,121,1050.000000,86.602540
150,1,1,0.000000,0.000000
150,1,2,13.110146,-15.099618
150,1,3,25.647502,-29.584702
150,1,4,37.662318,-43.445357
150,1,5,49.204842,-56.671690
150,1,6,60.325324,-69.253807
150,1,7,71.074012,-81.181815
150,1,8,81.501154,-92.445819
150,1,9,91.657000,-103.035926
150,1,10,101.591798,-112.942242
150,1,11,111.355797,-122.154874
150,1,12,120.999246,-130.663928
150,1,13,130.572394,-138.459510
150,1,14,140.117725,-145.541572
150,1,15,149.646666,-151.949446
150,1,16,159.162882,-157.732310
150,1,17,168.670036,-162.939341
150,1,18,178.171792,-167.619717
150,1,19,187.671812,-171.822615
150,1,20,197.173760,-175.597215
150,1,21,206.681301,-178.992692
150,1,22,216.198097,-182.058224
150,1,23,225.727811,-184.842990
150,1,24,235.274108,-187.396167
150,1,25,244.840651,-189.766932
150,1,26,254.427328,-191.995995
150,1,27,264.018929,-194.090190
150,1,28,273.596469,-196.047883
150,1,29,283.140961,-197.867441
150,1,30,292.633421,-199.547229
150,1,31,302.054863,-201.085613
150,1,32,311.386301,-202.480960
150,1,33,320.608750,-203.731634
150,1,34,329.703225,-204.836004
150,1,35,338.650740,-205.792433
150,1,36,347.432309,-206.599289
150,1,37,356.028947,-207.254938
150,1,38,364.418400,-207.760569
150,1,39,372.565341,-208.128675
150,1,40,380.431172,-208.374570
150,1,41,387.977296,-208.513570
150,1,42,395.165118,-208.560991
150,1,43,401.956041,-208.532147
150,1,44,408.311468,-208.442354
150,1,45,414.192803,-208.306929
150,1,46,419.561449,-208.141185
150,1,47,424.378810,-207.960439
150,1,48,428.606288,-207.780006
150,1,49,432.205288,-207.615202
150,1,50,435.165930,-207.477743
150,1,51,437.593204,-207.364953
150,1,52,439.620815,-207.270555
150,1,53,441.382470,-207.188273
150,1,54,443.011875,-207.111831
150,1,55,444.642738,-207.034955
150,1,56,446.408763,-206.951367
150,1,57,448.443659,-206.854791
150,1,58,450.881130,-206.738953
150,1,59,453.854884,-206.597575
150,1,60,457.498626,-206.424383
150,1,61,461.946064,-206.213100
150,1,62,467.295607,-205.954858
150,1,63,473.504479,-205.630422
150,1,64,480.494609,-205.217962
150,1,65,488.187924,-204.695651
150,1,66,496.506353,-204.041662
150,1,67,505.371823,-203.234165
150,1,68,514.706262,-202.251332
150,1,69,524.431599,-201.071336
150,1,70,534.469761,-199.672349
150,1,71,544.742676,-198.032542
150,1,72,555.172272,-196.130087
150,1,73,565.680477,-193.943156
150,1,74,576.199286,-191.453870
150,1,75,586.700958,-188.660148
150,1,76,597.167820,-185.563856
150,1,77,607.582198,-182.166863
150,1,78,617.926417,-178.471035
150,1,79,628.182805,-174.478240
150,1,80,638.333688,-170.190346
150,1,81,648.361391,-165.609219
150,1,82,658.248241,-160.736728
150,1,83,667.976564,-155.574739
150,1,84,677.528687,-150.125121
150,1,85,686.886935,-144.389740
150,1,86,696.034194,-138.379173
150,1,87,704.955585,-132.138830
150,1,88,713.636788,-125.722830
150,1,89,722.063481,-119.185293
150,1,90,730.221345,-112.580339
150,1,91,738.096061,-105.962085
150,1,92,745.673306,-99.384652
150,1,93,752.938762,-92.902159
150,1,94,759.878108,-86.568725
150,1,95,766.477024,-80.438469
150,1,96,772.721189,-74.565510
150,1,97,778.596284,-69.003969
150,1,98,784.101548,-63.788285
150,1,99,789.290470,-58.874189
150,1,100,794.230096,-54.197732
150,1,101,798.987475,-49.694964
150,1,102,803.629653,-45.301938
150,1,103,808.223679,-40.954704
150,1,104,812.836600,-36.589314
150,1,105,817.535465,-32.141818
150,1,106,822.387320,-27.548269
150,1,107,827.459213,-22.744717
150,1,108,832.818193,-17.667214
150,1,109,838.531306,-12.251811
150,1,110,844.653583,-6.455784
150,1,111,851.191979,-0.321305
150,1,112,858.141432,6.088228
150,1,113,865.496880,12.709418
150,1,114,873.253261,19.478867
150,1,115,881.405512,26.333178
150,1,116,889.948571,33.208953
150,1,117,898.877376,40.042796
150,1,118,908.186865,46.771308
150,1,119,917.871975,53.331093
150,1,120,927.927644,59.658753
150,1,121,938.348810,65.690891
150,2,1,0.000000,0.000000
150,2,2,15.840684,11.493715
150,2,3,30.838268,22.582701
150,2,4,45.057526,33.260240
150,2,5,58.563234,43.519612
150,2,6,71.420167,53.354097
150,2,7,83.693098,62.756976
150,2,8,95.446803,71.721530
150,2,9,106.746057,80.241039
150,2,10,117.655634,88.308784
150,2,11,128.240310,95.918046
150,2,12,138.564858,103.062105
150,2,13,148.694053,109.734242
150,2,14,158.685724,115.934593
150,2,15,168.569908,121.690714
150,2,16,178.369698,127.037016
150,2,17,188.108183,132.007912
150,2,18,197.808455,136.637813
150,2,19,207.493606,140.961129
150,2,20,217.186726,145.012274
150,2,21,226.910907,148.825658
150,2,22,236.689240,152.435693
150,2,23,246.544816,155.876791
150,2,24,256.500727,159.183362
150,2,25,266.580062,162.389820
150,2,26,276.794700,165.522790
150,2,27,287.111658,168.577767
150,2,28,297.486738,171.542460
150,2,29,307.875743,174.404577
150,2,30,318.234476,177.151827
150,2,31,328.518740,179.771920
150,2,32,338.684338,182.252565
150,2,33,348.687073,184.581471
150,2,34,358.482747,186.746347
150,2,35,368.027163,188.734902
150,2,36,377.276125,190.534845
150,2,37,386.185434,192.133885
150,2,38,394.718015,193.524566
150,2,39,402.865277,194.718771
150,2,40,410.625749,195.733216
150,2,41,417.997960,196.584620
150,2,42,424.980440,197.289698
150,2,43,431.571720,197.865168
150,2,44,437.770327,198.327748
150,2,45,443.574793,198.694154
150,2,46,448.983646,198.981103
150,2,47,453.995417,199.205314
150,2,48,458.608634,199.383502
150,2,49,462.821828,199.532385
150,2,50,466.649202,199.665015
150,2,51,470.167664,199.779779
150,2,52,473.469792,199.871400
150,2,53,476.648169,199.934600
150,2,54,479.795373,199.964101
150,2,55,483.003987,199.954625
150,2,56,486.366590,199.900895
150,2,57,489.975763,199.797633
150,2,58,493.924087,199.639561
150,2,59,498.304142,199.421402
150,2,60,503.208510,199.137877
150,2,61,508.729769,198.783709
150,2,62,514.932860,198.354379
150,2,63,521.772153,197.848398
150,2,64,529.174379,197.265040
150,2,65,537.066267,196.603575
150,2,66,545.374546,195.863273
150,2,67,554.025946,195.043408
150,2,68,562.947197,194.143249
150,2,69,572.065028,193.162068
150,2,70,581.306169,192.099136
150,2,71,590.597350,190.953725
150,2,72,599.865299,189.725106
150,2,73,609.036748,188.412550
150,2,74,618.051715,187.017033
150,2,75,626.903380,185.546346
150,2,76,635.598213,184.009984
150,2,77,644.142685,182.417445
150,2,78,652.543266,180.778223
150,2,79,660.806425,179.101814
150,2,80,668.938633,177.397714
150,2,81,676.946359,175.675418
150,2,82,684.836074,173.944423
150,2,83,692.614248,172.214225
150,2,84,700.287350,170.494318
150,2,85,707.861851,168.794199
150,2,86,715.345380,167.120919
150,2,87,722.750200,165.471749
150,2,88,730.089734,163.841518
150,2,89,737.377405,162.225051
150,2,90,744.626636,160.617176
150,2,91,751.850848,159.012720
150,2,92,759.063466,157.406510
150,2,93,766.277911,155.793374
150,2,94,773.507606,154.168138
150,2,95,780.765974,152.525629
150,2,96,788.066437,150.860676
150,2,97,795.422419,149.168104
150,2,98,802.848812,147.442811
150,2,99,810.366399,145.679976
150,2,100,817.997431,143.874849
150,2,101,825.764160,142.022677
150,2,102,833.688838,140.118711
150,2,103,841.793718,138.158198
150,2,104,850.101050,136.136389
150,2,105,858.633089,134.048532
150,2,106,867.412084,131.889876
150,2,107,876.460290,129.655670
150,2,108,885.799957,127.341164
150,2,109,895.453338,124.941605
150,2,110,905.446237,122.451561
150,2,111,915.818661,119.862863
150,2,112,926.614171,117.166658
150,2,113,937.876327,114.354097
150,2,114,949.648688,111.416326
150,2,115,961.974815,108.344494
150,2,116,974.898266,105.129750
150,2,117,988.462603,101.763242
150,2,118,1002.711385,98.236119
150,2,119,1017.688172,94.539529
150,2,120,1033.436524,90.664620
150,2,121,1050.000000,86.602540
155,1,1,0.000000,0.000000
155,1,2,13.205485,-14.992943
155,1,3,25.828175,-29.388467
155,1,4,37.918977,-43.175106
155,1,5,49.528799,-56.341396
155,1,6,60.708550,-68.875872
155,1,7,71.509138,-80.767068
155,1,8,81.981470,-92.003519
155,1,9,92.176456,-102.573760
155,1,10,102.145002,-112.466326
155,1,11,111.938017,-121.669753
155,1,12,121.606409,-130.172574
155,1,13,131.201087,-137.963325
155,1,14,140.765141,-145.040716
155,1,15,150.310394,-151.444165
155,1,16,159.840854,-157.223262
155,1,17,169.360527,-162.427599
155,1,18,178.873420,-167.106769
155,1,19,188.383539,-171.310362
155,1,20,197.894890,-175.087972
155,1,21,207.411480,-178.489191
155,1,22,216.937316,-181.563609
155,1,23,226.476405,-184.360819
155,1,24,236.032752,-186.930412
155,1,25,245.610364,-189.321982
155,1,26,255.209279,-191.576443
155,1,27,264.813652,-193.700009
155,1,28,274.403671,-195.690218
155,1,29,283.959522,-197.544605
155,1,30,293.461392,-199.260709
155,1,31,302.889467,-200.836067
155,1,32,312.223935,-202.268215
155,1,33,321.444982,-203.554692
155,1,34,330.532794,-204.693034
155,1,35,339.467560,-205.680779
155,1,36,348.229465,-206.515463
155,1,37,356.798696,-207.194624
155,1,38,365.152476,-207.718849
155,1,39,373.256175,-208.100920
155,1,40,381.072199,-208.356671
155,1,41,388.562954,-208.501934
155,1,42,395.690846,-208.552542
155,1,43,402.418282,-208.524327
155,1,44,408.707666,-208.433122
155,1,45,414.521405,-208.294759
155,1,46,419.821906,-208.125072
155,1,47,424.571574,-207.939893
155,1,48,428.732815,-207.755054
155,1,49,432.268036,-207.586388
155,1,50,435.168181,-207.446007
155,1,51,437.538354,-207.331134
155,1,52,439.512198,-207.235272
155,1,53,441.223354,-207.151924
155,1,54,442.805467,-207.074593
155,1,55,444.392177,-206.996781
155,1,56,446.117128,-206.911991
155,1,57,448.113962,-206.813725
155,1,58,450.516322,-206.695487
155,1,59,453.457850,-206.550779
155,1,60,457.072189,-206.373103
155,1,61,461.492981,-206.155963
155,1,62,466.818589,-205.890321
155,1,63,473.006251,-205.556983
155,1,64,479.977929,-205.134216
155,1,65,487.655581,-204.600284
155,1,66,495.961167,-203.933454
155,1,67,504.816646,-203.111991
155,1,68,514.143978,-202.114163
155,1,69,523.865122,-200.918234
155,1,70,533.902038,-199.502471
155,1,71,544.176685,-197.845139
155,1,72,554.611022,-195.924504
155,1,73,565.127010,-193.718833
155,1,74,575.656649,-191.210383
155,1,75,586.172111,-188.397375
155,1,76,596.655607,-185.282021
155,1,77,607.089349,-181.866535
155,1,78,617.455550,-178.153129
155,1,79,627.736423,-174.144016
155,1,80,637.914180,-169.841408
155,1,81,647.971032,-165.247519
155,1,82,657.889193,-160.364561
155,1,83,667.650875,-155.194746
155,1,84,677.238290,-149.740288
155,1,85,686.633650,-144.003399
155,1,86,695.819674,-137.994905
155,1,87,704.781096,-131.760087
155,1,88,713.503160,-125.352838
155,1,89,721.971108,-118.827053
155,1,90,730.170180,-112.236624
155,1,91,738.085618,-105.635447
155,1,92,745.702665,-99.077414
155,1,93,753.006562,-92.616420
155,1,94,759.982550,-86.306359
155,1,95,766.615872,-80.201124
155,1,96,772.891770,-74.354609
155,1,97,778.795484,-68.820708
155,1,98,784.325957,-63.633664
155,1,99,789.536933,-58.749121
155,1,100,794.495854,-54.103071
155,1,101,799.270165,-49.631507
155,1,102,803.927308,-45.270421
155,1,103,808.534729,-40.955806
155,1,104,813.159869,-36.623655
155,1,105,817.870174,-32.209960
155,1,106,822.733085,-27.650714
155,1,107,827.816048,-22.881910
155,1,108,833.186505,-17.839540
155,1,109,838.911900,-12.459596
155,1,110,845.047940,-6.699252
155,1,111,851.603388,-0.600402
155,1,112,858.575268,5.773881
155,1,113,865.960607,12.360523
155,1,114,873.756430,19.096451
155,1,115,881.959762,25.918589
155,1,116,890.567629,32.763865
155,1,117,899.577058,39.569205
155,1,118,908.985072,46.271534
155,1,119,918.788699,52.807779
155,1,120,928.984963,59.114865
155,1,121,939.570890,65.129720
155,2,1,0.000000,0.000000
155,2,2,15.993452,11.295118
155,2,3,31.133329,22.210069
155,2,4,45.484977,32.736299
155,2,5,59.113746,42.865253
155,2,6,72.084983,52.588374
155,2,7,84.464035,61.897108
155,2,8,96.316251,70.782899
155,2,9,107.706978,79.237193
155,2,10,118.701565,87.251434
155,2,11,129.365358,94.817067
155,2,12,139.763706,101.925537
155,2,13,149.961956,108.568288
155,2,14,160.018560,114.743898
155,2,15,169.964381,120.479475
155,2,16,179.823386,125.809261
155,2,17,189.619541,130.767495
155,2,18,199.376814,135.388418
155,2,19,209.119170,139.706273
155,2,20,218.870577,143.755299
155,2,21,228.655002,147.569737
155,2,22,238.496411,151.183828
155,2,23,248.418770,154.631813
155,2,24,258.446048,157.947933
155,2,25,268.602209,161.166429
155,2,26,278.899567,164.313737
155,2,27,289.303810,167.385077
155,2,28,299.768975,170.367866
155,2,29,310.249096,173.249517
155,2,30,320.698208,176.017448
155,2,31,331.070348,178.659073
155,2,32,341.319548,181.161809
155,2,33,351.399846,183.513071
155,2,34,361.265275,185.700274
155,2,35,370.869872,187.710835
155,2,36,380.167671,189.532168
155,2,37,389.112706,191.151690
155,2,38,397.666436,192.561699
155,2,39,405.820005,193.774026
155,2,40,413.571979,194.805382
155,2,41,420.920925,195.672483
155,2,42,427.865409,196.392041
155,2,43,434.403998,196.980769
155,2,44,440.535258,197.455380
155,2,45,446.257756,197.832588
155,2,46,451.570058,198.129106
155,2,47,456.470731,198.361647
155,2,48,460.958341,198.546924
155,2,49,465.031454,198.701651
155,2,50,468.704701,198.838884
155,2,51,472.056962,198.957053
155,2,52,475.183183,199.050932
155,2,53,478.178306,199.115293
155,2,54,481.137277,199.144910
155,2,55,484.155039,199.134557
155,2,56,487.326538,199.079007
155,2,57,490.746717,198.973033
155,2,58,494.510521,198.811408
155,2,59,498.712894,198.588906
155,2,60,503.448781,198.300300
155,2,61,508.813125,197.940364
155,2,62,514.872866,197.504685
155,2,63,521.582920,196.992107
155,2,64,528.870201,196.402289
155,2,65,536.661620,195.734890
155,2,66,544.884090,194.989567
155,2,67,553.464521,194.165981
155,2,68,562.329826,193.263789
155,2,69,571.406918,192.282650
155,2,70,580.622707,191.222222
155,2,71,589.904107,190.082165
155,2,72,599.178029,188.862136
155,2,73,608.371385,187.561795
155,2,74,617.423949,186.182360
155,2,75,626.326944,184.731294
155,2,76,635.084455,183.217620
155,2,77,643.700566,181.650362
155,2,78,652.179362,180.038543
155,2,79,660.524928,178.391186
155,2,80,668.741349,176.717314
155,2,81,676.832709,175.025950
155,2,82,684.803093,173.326118
155,2,83,692.656586,171.626841
155,2,84,700.397273,169.937143
155,2,85,708.029238,168.266045
155,2,86,715.558312,166.620224
155,2,87,722.997309,164.996960
155,2,88,730.360790,163.391187
155,2,89,737.663315,161.797839
155,2,90,744.919444,160.211847
155,2,91,752.143738,158.628147
155,2,92,759.350757,157.041669
155,2,93,766.555062,155.447348
155,2,94,773.771212,153.840118
155,2,95,781.013768,152.214910
155,2,96,788.297290,150.566659
155,2,97,795.636339,148.890297
155,2,98,803.046750,147.180786
155,2,99,810.549462,145.433206
155,2,100,818.166689,143.642663
155,2,101,825.920646,141.804265
155,2,102,833.833545,139.913119
155,2,103,841.927601,137.964332
155,2,104,850.225029,135.953012
155,2,105,858.748042,133.874267
155,2,106,867.518853,131.723203
155,2,107,876.559679,129.494928
155,2,108,885.892731,127.184550
155,2,109,895.540225,124.787175
155,2,110,905.527891,122.297420
155,2,111,915.895529,119.707934
155,2,112,926.686455,117.010874
155,2,113,937.943987,114.198399
155,2,114,949.711440,111.262665
155,2,115,962.032131,108.195831
155,2,116,974.949376,104.990053
155,2,117,988.506493,101.637491
155,2,118,1002.746797,98.130301
155,2,119,1017.713605,94.460640
155,2,120,1033.450234,90.620668
155,2,121,1050.000000,86.602540
160,1,1,0.000000,0.000000
160,1,2,13.318192,-14.875415
160,1,3,26.040020,-29.171923
160,1,4,38.217391,-42.876353
160,1,5,49.902215,-55.975531
160,1,6,61.146400,-68.456287
160,1,7,72.001856,-80.305447
160,1,8,82.520491,-91.509842
160,1,9,92.754213,-102.056297
160,1,10,102.754931,-111.931642
160,1,11,112.574555,-121.122705
160,1,12,122.264993,-129.616313
160,1,13,131.878153,-137.399295
160,1,14,141.458014,-144.469015
160,1,15,151.016829,-150.864978
160,1,16,160.558921,-156.637228
160,1,17,170.088612,-161.835804
160,1,18,179.610226,-166.510751
160,1,19,189.128084,-170.712109
160,1,20,198.646511,-174.489920
160,1,21,208.169827,-177.894227
160,1,22,217.702357,-180.975072
160,1,23,227.248423,-183.782495
160,1,24,236.812347,-186.366540
160,1,25,246.398452,-188.777249
160,1,26,256.006914,-191.055784
160,1,27,265.621319,-193.207796
160,1,28,275.221104,-195.230056
160,1,29,284.785709,-197.119337
160,1,30,294.294572,-198.872409
160,1,31,303.727132,-200.486046
160,1,32,313.062826,-201.957017
160,1,33,322.281094,-203.282095
160,1,34,331.361374,-204.458051
160,1,35,340.283105,-205.481658
160,1,36,349.025724,-206.349686
160,1,37,357.568671,-207.058908
160,1,38,365.888688,-207.609315
160,1,39,373.951729,-208.013780
160,1,40,381.721053,-208.288394
160,1,41,389.159918,-208.449250
160,1,42,396.231583,-208.512441
160,1,43,402.899306,-208.494057
160,1,44,409.126346,-208.410193
160,1,45,414.875961,-208.276939
160,1,46,420.111409,-208.110389
160,1,47,424.795949,-207.926634
160,1,48,428.892839,-207.741768
160,1,49,432.365338,-207.571881
160,1,50,435.205105,-207.429297
160,1,51,437.517406,-207.311261
160,1,52,439.435907,-207.211249
160,1,53,441.094274,-207.122737
160,1,54,442.626175,-207.039201
160,1,55,444.165276,-206.954115
160,1,56,445.845243,-206.860957
160,1,57,447.799742,-206.753202
160,1,58,450.162441,-206.624326
160,1,59,453.067006,-206.467804
160,1,60,456.647103,-206.277112
160,1,61,461.036399,-206.045727
160,1,62,466.333285,-205.764616
160,1,63,472.495051,-205.414714
160,1,64,479.443712,-204.974449
160,1,65,487.101283,-204.422249
160,1,66,495.389777,-203.736542
160,1,67,504.231211,-202.895756
160,1,68,513.547597,-201.878317
160,1,69,523.260952,-200.662654
160,1,70,533.293290,-199.227194
160,1,71,543.566625,-197.550365
160,1,72,554.002972,-195.610595
160,1,73,564.524346,-193.386311
160,1,74,575.062778,-190.859954
160,1,75,585.590372,-188.030012
160,1,76,596.089247,-184.898988
160,1,77,606.541523,-181.469382
160,1,78,616.929318,-177.743696
160,1,79,627.234754,-173.724432
160,1,80,637.439950,-169.414092
160,1,81,647.527026,-164.815177
160,1,82,657.478100,-159.930187
160,1,83,667.275294,-154.761627
160,1,84,676.900727,-149.311995
160,1,85,686.336518,-143.583795
160,1,86,695.565197,-137.588008
160,1,87,704.570931,-131.369538
160,1,88,713.338296,-124.981771
160,1,89,721.851870,-118.478090
160,1,90,730.096229,-111.911881
160,1,91,738.055949,-105.336528
160,1,92,745.715607,-98.805416
160,1,93,753.059781,-92.371929
160,1,94,760.073046,-86.089453
160,1,95,766.739979,-80.011372
160,1,96,773.045157,-74.191070
160,1,97,778.973157,-68.681933
160,1,98,784.522509,-63.517858
160,1,99,789.747566,-58.654790
160,1,100,794.716633,-54.029189
160,1,101,799.498015,-49.577514
160,1,102,804.160019,-45.236223
160,1,103,808.770951,-40.941775
160,1,104,813.399116,-36.630630
160,1,105,818.112820,-32.239245
160,1,106,822.980369,-27.704079
160,1,107,828.070069,-22.961592
160,1,108,833.450227,-17.948243
160,1,109,839.189146,-12.600489
160,1,110,845.343659,-6.875690
160,1,111,851.924691,-0.814796
160,1,112,858.931695,5.520340
160,1,113,866.364121,12.067867
160,1,114,874.221421,18.765934
160,1,115,882.503047,25.552689
160,1,116,891.208449,32.366281
160,1,117,900.337079,39.144859
160,1,118,909.888388,45.826571
160,1,119,919.861828,52.349566
160,1,120,930.256850,58.651992
160,1,121,941.072906,64.671999
160,2,1,0.000000,0.000000
160,2,2,16.100255,11.145807
160,2,3,31.345289,21.930555
160,2,4,45.800183,32.344865
160,2,5,59.530021,42.379359
160,2,6,72.599885,52.024658
160,2,7,85.074859,61.271384
160,2,8,97.020024,70.110156
160,2,9,108.500464,78.531597
160,2,10,119.581261,86.526328
160,2,11,130.327498,94.084970
160,2,12,140.804258,101.198144
160,2,13,151.076623,107.856471
160,2,14,161.202968,114.057528
160,2,15,171.214832,119.826709
160,2,16,181.137046,125.196363
160,2,17,190.994440,130.198841
160,2,18,200.811845,134.866491
160,2,19,210.614092,139.231664
160,2,20,220.426011,143.326709
160,2,21,230.272434,147.183975
160,2,22,240.178190,150.835811
160,2,23,250.168111,154.314569
160,2,24,260.267027,157.652596
160,2,25,270.499770,160.882243
160,2,26,280.879032,164.028625
160,2,27,291.368959,167.087929
160,2,28,301.921560,170.049106
160,2,29,312.488843,172.901108
160,2,30,323.022816,175.632886
160,2,31,333.475488,178.233394
160,2,32,343.798868,180.691583
160,2,33,353.944963,182.996405
160,2,34,363.865783,185.136812
160,2,35,373.513335,187.101756
160,2,36,382.839629,188.880189
160,2,37,391.796672,190.461063
160,2,38,400.344480,191.837876
160,2,39,408.475089,193.022302
160,2,40,416.188546,194.030566
160,2,41,423.484894,194.878888
160,2,42,430.364178,195.583489
160,2,43,436.826443,196.160592
160,2,44,442.871732,196.626419
160,2,45,448.500091,196.997191
160,2,46,453.711563,197.289130
160,2,47,458.506193,197.518457
160,2,48,462.884026,197.701395
160,2,49,466.845106,197.854164
160,2,50,470.405309,197.989418
160,2,51,473.643834,198.105527
160,2,52,476.655712,198.197293
160,2,53,479.535975,198.259519
160,2,54,482.379652,198.287006
160,2,55,485.281775,198.274556
160,2,56,488.337375,198.216971
160,2,57,491.641482,198.109053
160,2,58,495.289128,197.945603
160,2,59,499.375342,197.721424
160,2,60,503.995157,197.431318
160,2,61,509.243603,197.070085
160,2,62,515.187951,196.633371
160,2,63,521.784439,196.120189
160,2,64,528.961541,195.530394
160,2,65,536.647737,194.863842
160,2,66,544.771501,194.120388
160,2,67,553.261312,193.299888
160,2,68,562.045647,192.402198
160,2,69,571.052981,191.427173
160,2,70,580.211793,190.374668
160,2,71,589.450558,189.244540
160,2,72,598.697755,188.036644
160,2,73,607.881859,186.750835
160,2,74,616.943524,185.388440
160,2,75,625.872105,183.956667
160,2,76,634.669133,182.464195
160,2,77,643.336139,180.919704
160,2,78,651.874654,179.331874
160,2,79,660.286209,177.709382
160,2,80,668.572335,176.060909
160,2,81,676.734563,174.395134
160,2,82,684.774425,172.720736
160,2,83,692.693451,171.046393
160,2,84,700.493173,169.380787
160,2,85,708.175121,167.732595
160,2,86,715.743182,166.108231
160,2,87,723.210657,164.505048
160,2,88,730.593205,162.918133
160,2,89,737.906484,161.342571
160,2,90,745.166150,159.773451
160,2,91,752.387861,158.205859
160,2,92,759.587275,156.634881
160,2,93,766.780050,155.055604
160,2,94,773.981842,153.463116
160,2,95,781.208310,151.852502
160,2,96,788.475110,150.218850
160,2,97,795.797901,148.557247
160,2,98,803.193422,146.862759
160,2,99,810.682742,145.130377
160,2,100,818.288014,143.355072
160,2,101,826.031388,141.531814
160,2,102,833.935015,139.655574
160,2,103,842.021049,137.721322
160,2,104,850.311639,135.724030
160,2,105,858.828937,133.658668
160,2,106,867.595096,131.520206
160,2,107,876.632266,129.303616
160,2,108,885.962599,127.003868
160,2,109,895.608246,124.615933
160,2,110,905.594824,122.134406
160,2,111,915.961805,119.552379
160,2,112,926.752126,116.862571
160,2,113,938.008725,114.057700
160,2,114,949.774540,111.130482
160,2,115,962.092507,108.073636
160,2,116,975.005564,104.879878
160,2,117,988.556648,101.541927
160,2,118,1002.788696,98.052500
160,2,119,1017.744646,94.404315
160,2,120,1033.467435,90.590089
160,2,121,1050.000000,86.602540
165,1,1,0.000000,0.000000
165,1,2,13.399733,-14.784399
165,1,3,26.194908,-29.004427
165,1,4,38.437953,-42.645576
165,1,5,50.181292,-55.693338
165,1,6,61.477352,-68.133204
165,1,7,72.378558,-79.950668
165,1,8,82.937338,-91.131221
165,1,9,93.206115,-101.660355
165,1,10,103.237317,-111.523561
165,1,11,113.083369,-120.706332
165,1,12,122.796697,-129.194161
165,1,13,132.429727,-136.972538
165,1,14,142.026922,-144.037784
165,1,15,151.600899,-150.429535
165,1,16,161.156311,-156.198254
165,1,17,170.697811,-161.394404
165,1,18,180.230052,-166.068449
165,1,19,189.757688,-170.270853
165,1,20,199.285372,-174.052079
165,1,21,208.817758,-177.462590
165,1,22,218.359499,-180.552850
165,1,23,227.915248,-183.373323
165,1,24,237.489660,-185.974472
165,1,25,247.087386,-188.406761
165,1,26,256.708730,-190.711549
165,1,27,266.336592,-192.893782
165,1,28,275.949522,-194.949299
165,1,29,285.526068,-196.873943
165,1,30,295.044781,-198.663553
165,1,31,304.484208,-200.313970
165,1,32,313.822901,-201.821037
165,1,33,323.039407,-203.180592
165,1,34,332.112277,-204.388478
165,1,35,341.020060,-205.440535
165,1,36,349.741305,-206.332604
165,1,37,358.254561,-207.060526
165,1,38,366.536039,-207.623634
165,1,39,374.552585,-208.035230
165,1,40,382.268710,-208.312110
165,1,41,389.648920,-208.471069
165,1,42,396.657725,-208.528900
165,1,43,403.259633,-208.502400
165,1,44,409.419152,-208.408362
165,1,45,415.100791,-208.263582
165,1,46,420.269058,-208.084854
165,1,47,424.888461,-207.888974
165,1,48,428.923510,-207.692736
165,1,49,432.338712,-207.512935
165,1,50,435.126697,-207.362442
165,1,51,437.392579,-207.238431
165,1,52,439.269596,-207.134154
165,1,53,440.890983,-207.042860
165,1,54,442.389977,-206.957800
165,1,55,443.899813,-206.872225
165,1,56,445.553727,-206.779386
165,1,57,447.484957,-206.672532
165,1,58,449.826737,-206.544915
165,1,59,452.712305,-206.389786
165,1,60,456.274896,-206.200394
165,1,61,460.647746,-205.969991
165,1,62,465.928926,-205.689338
165,1,63,472.075844,-205.339246
165,1,64,479.010742,-204.898035
165,1,65,486.655861,-204.344025
165,1,66,494.933444,-203.655540
165,1,67,503.765733,-202.810898
165,1,68,513.074970,-201.788422
165,1,69,522.783398,-200.566432
165,1,70,532.813257,-199.123250
165,1,71,543.086790,-197.437197
165,1,72,553.526240,-195.486593
165,1,73,564.053847,-193.249760
165,1,74,574.601796,-190.709113
165,1,75,585.142029,-187.863451
165,1,76,595.656432,-184.715666
165,1,77,606.126889,-181.268649
165,1,78,616.535285,-177.525293
165,1,79,626.863503,-173.488491
165,1,80,637.093430,-169.161134
165,1,81,647.206948,-164.546116
165,1,82,657.185944,-159.646328
165,1,83,667.012300,-154.464664
165,1,84,676.667903,-149.004014
165,1,85,686.134637,-143.267272
165,1,86,695.394792,-137.265732
165,1,87,704.432291,-131.044300
165,1,88,713.231459,-124.656281
165,1,89,721.776626,-118.154983
165,1,90,730.052118,-111.593713
165,1,91,738.042264,-105.025778
165,1,92,745.731390,-98.504484
165,1,93,753.103824,-92.083140
165,1,94,760.143895,-85.815052
165,1,95,766.835929,-79.753526
165,1,96,773.164254,-73.951870
165,1,97,779.113198,-68.463391
165,1,98,784.681145,-63.321903
165,1,99,789.922703,-58.483252
165,1,100,794.906535,-53.883788
165,1,101,799.701307,-49.459865
165,1,102,804.375682,-45.147835
165,1,103,808.998326,-40.884049
165,1,104,813.637901,-36.604860
165,1,105,818.363074,-32.246620
165,1,106,823.242507,-27.745682
165,1,107,828.344865,-23.038396
165,1,108,833.738813,-18.061117
165,1,109,839.493014,-12.750195
165,1,110,845.664980,-7.062719
165,1,111,852.267606,-1.038722
165,1,112,859.302634,5.261027
165,1,113,866.771806,11.775758
165,1,114,874.676864,18.444702
165,1,115,883.019550,25.207091
165,1,116,891.801605,32.002155
165,1,117,901.024773,38.769125
165,1,118,910.690795,45.447231
165,1,119,920.801412,51.975705
165,1,120,931.358367,58.293778
165,1,121,942.363402,64.340679
165,2,1,0.000000,0.000000
165,2,2,16.162522,11.046671
165,2,3,31.477934,21.744054
165,2,4,46.010116,32.083016
165,2,5,59.822954,42.054424
165,2,6,72.980329,51.649146
165,2,7,85.546125,60.858048
165,2,8,97.584224,69.671997
165,2,9,109.158509,78.081860
165,2,10,120.332864,86.078505
165,2,11,131.171171,93.652799
165,2,12,141.737313,100.795608
165,2,13,152.095173,107.497800
165,2,14,162.302266,113.756627
165,2,15,172.390631,119.594888
165,2,16,182.385940,125.041764
165,2,17,192.313864,130.126440
165,2,18,202.200075,134.878098
165,2,19,212.070244,139.325922
165,2,20,221.950043,143.499095
165,2,21,231.865143,147.426800
165,2,22,241.841215,151.138221
165,2,23,251.903930,154.662540
165,2,24,262.078962,158.028940
165,2,25,272.391979,161.266606
165,2,26,282.855991,164.398494
165,2,27,293.433350,167.422661
165,2,28,304.073745,170.330938
165,2,29,314.726864,173.115154
165,2,30,325.342397,175.767140
165,2,31,335.870031,178.278727
165,2,32,346.259457,180.641745
165,2,33,356.460363,182.848025
165,2,34,366.422437,184.889398
165,2,35,376.095369,186.757693
165,2,36,385.428848,188.444741
165,2,37,394.372561,189.942374
165,2,38,402.885072,191.246344
165,2,39,410.960439,192.368099
165,2,40,418.601593,193.323008
165,2,41,425.811466,194.126440
165,2,42,432.592990,194.793767
165,2,43,438.949096,195.340357
165,2,44,444.882716,195.781582
165,2,45,450.396781,196.132809
165,2,46,455.494224,196.409410
165,2,47,460.177976,196.626755
165,2,48,464.450968,196.800212
165,2,49,468.316132,196.945153
165,2,50,471.791433,197.073521
165,2,51,474.954961,197.183563
165,2,52,477.899841,197.270097
165,2,53,480.719196,197.327944
165,2,54,483.506151,197.351924
165,2,55,486.353829,197.336857
165,2,56,489.355354,197.277562
165,2,57,492.603850,197.168860
165,2,58,496.192440,197.005571
165,2,59,500.214250,196.782515
165,2,60,504.762402,196.494511
165,2,61,509.930020,196.136380
165,2,62,515.783233,195.703763
165,2,63,522.280189,195.195589
165,2,64,529.352038,194.611609
165,2,65,536.929934,193.951574
165,2,66,544.945027,193.215233
165,2,67,553.328471,192.402337
165,2,68,562.011416,191.512636
165,2,69,570.925014,190.545882
165,2,70,580.000418,189.501825
165,2,71,589.168780,188.380215
165,2,72,598.361251,187.180803
165,2,73,607.508983,185.903339
165,2,74,616.554428,184.549093
165,2,75,625.485232,183.125407
165,2,76,634.300343,181.641146
165,2,77,642.998707,180.105171
165,2,78,651.579270,178.526344
165,2,79,660.040981,176.913528
165,2,80,668.382784,175.275586
165,2,81,676.603627,173.621380
165,2,82,684.702456,171.959772
165,2,83,692.678219,170.299624
165,2,84,700.529861,168.649801
165,2,85,708.256329,167.019162
165,2,86,715.859513,165.414237
165,2,87,723.353072,163.832211
165,2,88,730.753608,162.267935
165,2,89,738.077722,160.716261
165,2,90,745.342016,159.172039
165,2,91,752.563093,157.630120
165,2,92,759.757554,156.085357
165,2,93,766.942000,154.532599
165,2,94,774.133035,152.966698
165,2,95,781.347259,151.382506
165,2,96,788.601274,149.774872
165,2,97,795.911683,148.138649
165,2,98,803.296013,146.468726
165,2,99,810.775496,144.760149
165,2,100,818.372291,143.008005
165,2,101,826.108554,141.207379
165,2,102,834.006444,139.353356
165,2,103,842.088119,137.441022
165,2,104,850.375737,135.465463
165,2,105,858.891456,133.421763
165,2,106,867.657433,131.305008
165,2,107,876.695828,129.110284
165,2,108,886.028797,126.832677
165,2,109,895.678498,124.467271
165,2,110,905.670421,122.008665
165,2,111,916.043372,119.449506
165,2,112,926.839492,116.781953
165,2,113,938.100918,113.998165
165,2,114,949.869789,111.090302
165,2,115,962.188244,108.050523
165,2,116,975.098422,104.870988
165,2,117,988.642460,101.543855
165,2,118,1002.862499,98.061285
165,2,119,1017.800676,94.415436
165,2,120,1033.499130,90.598468
165,2,121,1050.000000,86.602540
170,1,1,0.000000,0.000000
170,1,2,13.463405,-14.708772
170,1,3,26.317283,-28.865306
170,1,4,38.614281,-42.453985
170,1,5,50.407044,-55.459189
170,1,6,61.748219,-67.865301
170,1,7,72.690452,-79.656701
170,1,8,83.286389,-90.817773
170,1,9,93.588676,-101.332896
170,1,10,103.649961,-111.186452
170,1,11,113.522888,-120.362824
170,1,12,123.260104,-128.846392
170,1,13,132.914255,-136.621539
170,1,14,142.530019,-143.683695
170,1,15,152.120195,-150.072492
170,1,16,161.689614,-155.838611
170,1,17,171.243109,-161.032733
170,1,18,180.785509,-165.705538
170,1,19,190.321647,-169.907707
170,1,20,199.856352,-173.689923
170,1,21,209.394456,-177.102865
170,1,22,218.940791,-180.197214
170,1,23,228.500187,-183.023652
170,1,24,238.077475,-185.632860
170,1,25,247.677487,-188.075518
170,1,26,257.300608,-190.393100
170,1,27,266.929445,-192.590252
170,1,28,276.542157,-194.662412
170,1,29,286.116905,-196.605018
170,1,30,295.631850,-198.413508
170,1,31,305.065152,-200.083320
170,1,32,314.394972,-201.609892
170,1,33,323.599470,-202.988663
170,1,34,332.656807,-204.215070
170,1,35,341.545144,-205.284553
170,1,36,350.242640,-206.192548
170,1,37,358.727456,-206.934494
170,1,38,366.975619,-207.509441
170,1,39,374.954613,-207.930884
170,1,40,382.629790,-208.215928
170,1,41,389.966500,-208.381681
170,1,42,396.930095,-208.445249
170,1,43,403.485925,-208.423738
170,1,44,409.599341,-208.334255
170,1,45,415.235694,-208.193905
170,1,46,420.360335,-208.019797
170,1,47,424.938615,-207.829035
170,1,48,428.935884,-207.638726
170,1,49,432.317494,-207.465976
170,1,50,435.076672,-207.323847
170,1,51,437.318153,-207.209216
170,1,52,439.174549,-207.114914
170,1,53,440.778470,-207.033774
170,1,54,442.262529,-206.958627
170,1,55,443.759338,-206.882305
170,1,56,445.401507,-206.797640
170,1,57,447.321648,-206.697464
170,1,58,449.652373,-206.574607
170,1,59,452.526294,-206.421903
170,1,60,456.076021,-206.232184
170,1,61,460.434167,-205.998280
170,1,62,465.698381,-205.710671
170,1,63,471.826461,-205.350428
170,1,64,478.741243,-204.896271
170,1,65,486.365565,-204.326916
170,1,66,494.622261,-203.621083
170,1,67,503.434170,-202.757491
170,1,68,512.724126,-201.714857
170,1,69,522.414966,-200.471901
170,1,70,532.429527,-199.007340
170,1,71,542.690644,-197.299894
170,1,72,553.121154,-195.328281
170,1,73,563.643894,-193.071219
170,1,74,574.191497,-190.511482
170,1,75,584.735791,-187.648062
170,1,76,595.258403,-184.484003
170,1,77,605.740956,-181.022352
170,1,78,616.165078,-177.266156
170,1,79,626.512394,-173.218460
170,1,80,636.764529,-168.882310
170,1,81,646.903108,-164.260753
170,1,82,656.909759,-159.356834
170,1,83,666.766105,-154.173599
170,1,84,676.453773,-148.714095
170,1,85,685.954389,-142.981368
170,1,86,695.249948,-136.986788
170,1,87,704.323927,-130.775021
170,1,88,713.160174,-124.399061
170,1,89,721.742536,-117.911898
170,1,90,730.054860,-111.366523
170,1,91,738.080994,-104.815930
170,1,92,745.804785,-98.313108
170,1,93,753.210080,-91.911050
170,1,94,760.280726,-85.662748
170,1,95,767.000571,-79.621192
170,1,96,773.353463,-73.839375
170,1,97,779.323247,-68.370287
170,1,98,784.908004,-63.247523
170,1,99,790.162738,-58.427082
170,1,100,795.156684,-53.845563
170,1,101,799.959079,-49.439569
170,1,102,804.639158,-45.145701
170,1,103,809.266158,-40.900558
170,1,104,813.909315,-36.640743
170,1,105,818.637864,-32.302855
170,1,106,823.521042,-27.823497
170,1,107,828.628085,-23.139268
170,1,108,834.028227,-18.186770
170,1,109,839.790707,-12.902604
170,1,110,845.973655,-7.243977
170,1,111,852.590790,-1.250531
170,1,112,859.644724,5.017490
170,1,113,867.138073,11.499838
170,1,114,875.073449,18.136266
170,1,115,883.453466,24.866528
170,1,116,892.280739,31.630376
170,1,117,901.557881,38.367564
170,1,118,911.287505,45.017846
170,1,119,921.472226,51.520974
170,1,120,932.114657,57.816701
170,1,121,943.217413,63.844782
170,2,1,0.000000,0.000000
170,2,2,16.171335,11.007999
170,2,3,31.515405,21.665670
170,2,4,46.093792,31.965250
170,2,5,59.968075,41.898978
170,2,6,73.199833,51.459091
170,2,7,85.850647,60.637828
170,2,8,97.982097,69.427427
170,2,9,109.655761,77.820125
170,2,10,120.933221,85.808161
170,2,11,131.876055,93.383773
170,2,12,142.545845,100.539198
170,2,13,153.004169,107.266675
170,2,14,163.306749,113.564110
170,2,15,173.485872,119.452086
170,2,16,183.567966,124.956852
170,2,17,193.579461,130.104660
170,2,18,203.546784,134.921760
170,2,19,213.496365,139.434403
170,2,20,223.454631,143.668839
170,2,21,233.448012,147.651320
170,2,22,243.502935,151.408095
170,2,23,253.645830,154.965416
170,2,24,263.903125,158.349532
170,2,25,274.301248,161.586696
170,2,26,284.853413,164.697857
170,2,27,295.519974,167.682768
170,2,28,306.248067,170.535881
170,2,29,316.984831,173.251649
170,2,30,327.677404,175.824523
170,2,31,338.272924,178.248957
170,2,32,348.718530,180.519403
170,2,33,358.961358,182.630313
170,2,34,368.948547,184.576139
170,2,35,378.627234,186.351334
170,2,36,387.944559,187.950351
170,2,37,396.847659,189.367641
170,2,38,405.293668,190.601012
170,2,39,413.279707,191.661691
170,2,40,420.812893,192.564260
170,2,41,427.900344,193.323300
170,2,42,434.549177,193.953392
170,2,43,440.766508,194.469119
170,2,44,446.559456,194.885063
170,2,45,451.935138,195.215804
170,2,46,456.900670,195.475925
170,2,47,461.463170,195.680007
170,2,48,465.629755,195.842632
170,2,49,469.407543,195.978383
170,2,50,472.817385,196.098557
170,2,51,475.935071,196.201328
170,2,52,478.850126,196.281586
170,2,53,481.652073,196.334222
170,2,54,484.430438,196.354124
170,2,55,487.274745,196.336184
170,2,56,490.274518,196.275292
170,2,57,493.519281,196.166339
170,2,58,497.098560,196.004213
170,2,59,501.101879,195.783806
170,2,60,505.618761,195.500008
170,2,61,510.738732,195.147709
170,2,62,516.525509,194.722557
170,2,63,522.939578,194.223233
170,2,64,529.915622,193.649174
170,2,65,537.388319,192.999819
170,2,66,545.292350,192.274606
170,2,67,553.562396,191.472974
170,2,68,562.133137,190.594359
170,2,69,570.939252,189.638202
170,2,70,579.915423,188.603938
170,2,71,588.996330,187.491008
170,2,72,598.116653,186.298849
170,2,73,607.211072,185.026899
170,2,74,616.224542,183.676251
170,2,75,625.143117,182.254616
170,2,76,633.963123,180.771358
170,2,77,642.680889,179.235842
170,2,78,651.292742,177.657434
170,2,79,659.795010,176.045497
170,2,80,668.184020,174.409399
170,2,81,676.456100,172.758502
170,2,82,684.607578,171.102173
170,2,83,692.634780,169.449776
170,2,84,700.534036,167.810676
170,2,85,708.301672,166.194239
170,2,86,715.937538,164.607333
170,2,87,723.455573,163.046845
170,2,88,730.873236,161.507164
170,2,89,738.207988,159.982682
170,2,90,745.477289,158.467788
170,2,91,752.698600,156.956873
170,2,92,759.889380,155.444327
170,2,93,767.067091,153.924541
170,2,94,774.249191,152.391904
170,2,95,781.453142,150.840808
170,2,96,788.696405,149.265643
170,2,97,795.996438,147.660798
170,2,98,803.371494,146.020826
170,2,99,810.842991,144.340926
170,2,100,818.433139,142.616458
170,2,101,826.164147,140.842782
170,2,102,834.058224,139.015260
170,2,103,842.137581,137.129252
170,2,104,850.424426,135.180118
170,2,105,858.940969,133.163219
170,2,106,867.709420,131.073915
170,2,107,876.751989,128.907567
170,2,108,886.090885,126.659536
170,2,109,895.748317,124.325181
170,2,110,905.749638,121.899118
170,2,111,916.132778,119.372979
170,2,112,926.938808,116.737652
170,2,113,938.208799,113.984022
170,2,114,949.983825,111.102978
170,2,115,962.304956,108.085405
170,2,116,975.213265,104.922191
170,2,117,988.749825,101.604222
170,2,118,1002.955706,98.122386
170,2,119,1017.871981,94.467569
170,2,120,1033.539721,90.630658
170,2,121,1050.000000,86.602540
175,1,1,0.000000,0.000000
175,1,2,13.484835,-14.667935
175,1,3,26.362675,-28.790701
175,1,4,38.685706,-42.352040
175,1,5,50.506113,-55.335697
175,1,6,61.876079,-67.725414
175,1,7,72.847791,-79.504934
175,1,8,83.473433,-90.658002
175,1,9,93.805189,-101.168359
175,1,10,103.895244,-111.019750
175,1,11,113.795783,-120.195918
175,1,12,123.558992,-128.680606
175,1,13,133.237054,-136.457557
175,1,14,142.874279,-143.521682
175,1,15,152.483476,-149.912564
175,1,16,162.069577,-155.680952
175,1,17,171.637516,-160.877598
175,1,18,181.192226,-165.553251
175,1,19,190.738639,-169.758661
175,1,20,200.281690,-173.544578
175,1,21,209.826310,-176.961753
175,1,22,219.377432,-180.060936
175,1,23,228.939991,-182.892877
175,1,24,238.518919,-185.508325
175,1,25,248.119148,-187.958032
175,1,26,257.741130,-190.283500
175,1,27,267.367380,-192.489237
175,1,28,276.975933,-194.570507
175,1,29,286.544823,-196.522569
175,1,30,296.052083,-198.340687
175,1,31,305.475747,-200.020121
175,1,32,314.793850,-201.556134
175,1,33,323.984424,-202.943986
175,1,34,333.025505,-204.178940
175,1,35,341.895125,-205.256258
175,1,36,350.571319,-206.171200
175,1,37,359.032121,-206.919029
175,1,38,367.253547,-207.498676
175,1,39,375.203546,-207.923752
175,1,40,382.848050,-208.211538
175,1,41,390.152991,-208.379316
175,1,42,397.084300,-208.444366
175,1,43,403.607911,-208.423970
175,1,44,409.689753,-208.335408
175,1,45,415.295760,-208.195962
175,1,46,420.391863,-208.022912
175,1,47,424.943994,-207.833540
175,1,48,428.918084,-207.645126
175,1,49,432.280066,-207.474952
175,1,50,435.023556,-207.336192
175,1,51,437.252903,-207.225590
175,1,52,439.100142,-207.135783
175,1,53,440.697308,-207.059410
175,1,54,442.176435,-206.989107
175,1,55,443.669558,-206.917512
175,1,56,445.308711,-206.837263
175,1,57,447.225928,-206.740996
175,1,58,449.553244,-206.621351
175,1,59,452.422693,-206.470963
175,1,60,455.966310,-206.282470
175,1,61,460.316130,-206.048511
175,1,62,465.569417,-205.759415
175,1,63,471.684359,-205.396293
175,1,64,478.584378,-204.937946
175,1,65,486.192891,-204.363177
175,1,66,494.433318,-203.650788
175,1,67,503.229079,-202.779583
175,1,68,512.503594,-201.728363
175,1,69,522.180280,-200.475931
175,1,70,532.182559,-199.001090
175,1,71,542.433849,-197.282641
175,1,72,552.857570,-195.299389
175,1,73,563.377140,-193.030134
175,1,74,573.925631,-190.457756
175,1,75,584.474715,-187.581434
175,1,76,595.005714,-184.404422
175,1,77,605.499952,-180.929977
175,1,78,615.938752,-177.161352
175,1,79,626.303437,-173.101803
175,1,80,636.575330,-168.754585
175,1,81,646.735754,-164.122953
175,1,82,656.766032,-159.210162
175,1,83,666.647488,-154.019467
175,1,84,676.361444,-148.554123
175,1,85,685.889223,-142.817385
175,1,86,695.212528,-136.820785
175,1,87,704.314582,-130.608960
175,1,88,713.178987,-124.234824
175,1,89,721.789344,-117.751293
175,1,90,730.129256,-111.211279
175,1,91,738.182324,-104.667697
175,1,92,745.932152,-98.173461
175,1,93,753.362340,-91.781486
175,1,94,760.456491,-85.544685
175,1,95,767.198207,-79.515974
175,1,96,773.571089,-73.748265
175,1,97,779.558741,-68.294473
175,1,98,785.159076,-63.188117
175,1,99,790.427257,-58.385133
175,1,100,795.432758,-53.822060
175,1,101,800.245055,-49.435438
175,1,102,804.933622,-45.161808
175,1,103,809.567935,-40.937710
175,1,104,814.217467,-36.699683
175,1,105,818.951694,-32.384268
175,1,106,823.840092,-27.928005
175,1,107,828.952133,-23.267434
175,1,108,834.357294,-18.339094
175,1,109,840.125049,-13.079527
175,1,110,846.313892,-7.445741
175,1,111,852.938387,-1.476623
175,1,112,860.002119,4.768469
175,1,113,867.508672,11.230180
175,1,114,875.461628,17.849152
175,1,115,883.864574,24.566030
175,1,116,892.721091,31.321456
175,1,117,902.034764,38.056075
175,1,118,911.809176,44.710529
175,1,119,922.047912,51.225462
175,1,120,932.754556,57.541518
175,1,121,943.932690,63.599339
175,2,1,0.000000,0.000000
175,2,2,16.123083,11.038620
175,2,3,31.450495,21.710874
175,2,4,46.040453,32.011509
175,2,5,59.951176,41.935270
175,2,6,73.240883,51.476906
175,2,7,85.967791,60.631161
175,2,8,98.190119,69.392783
175,2,9,109.966086,77.756519
175,2,10,121.353909,85.717114
175,2,11,132.411806,93.269316
175,2,12,143.197997,100.407870
175,2,13,153.770700,107.127525
175,2,14,164.182935,113.427916
175,2,15,174.466936,119.328246
175,2,16,184.649739,124.852609
175,2,17,194.758379,130.025097
175,2,18,204.819893,134.869804
175,2,19,214.861317,139.410824
175,2,20,224.909686,143.672248
175,2,21,234.992037,147.678172
175,2,22,245.135406,151.452686
175,2,23,255.366828,155.019886
175,2,24,265.713339,158.403864
175,2,25,276.201976,161.628713
175,2,26,286.846016,164.713894
175,2,27,297.603702,167.660337
175,2,28,308.419516,170.464338
175,2,29,319.237943,173.122194
175,2,30,330.003467,175.630202
175,2,31,340.660572,177.984659
175,2,32,351.153740,180.181862
175,2,33,361.427457,182.218107
175,2,34,371.426206,184.089692
175,2,35,381.094471,185.792913
175,2,36,390.376735,187.324068
175,2,37,399.217482,188.679453
175,2,38,407.572483,189.858311
175,2,39,415.442651,190.871671
175,2,40,422.840189,191.733510
175,2,41,429.777297,192.457802
175,2,42,436.266175,193.058524
175,2,43,442.319025,193.549650
175,2,44,447.948047,193.945156
175,2,45,453.165443,194.259018
175,2,46,457.983414,194.505211
175,2,47,462.414159,194.697711
175,2,48,466.469881,194.850493
175,2,49,470.162780,194.977533
175,2,50,473.517164,195.089648
175,2,51,476.605769,195.185022
175,2,52,479.513437,195.258682
175,2,53,482.325013,195.305652
175,2,54,485.125337,195.320959
175,2,55,487.999254,195.299628
175,2,56,491.031606,195.236686
175,2,57,494.307236,195.127159
175,2,58,497.910987,194.966071
175,2,59,501.927701,194.748449
175,2,60,506.442223,194.469319
175,2,61,511.539393,194.123707
175,2,62,517.279699,193.707318
175,2,63,523.626198,193.218576
175,2,64,530.517592,192.656585
175,2,65,537.892580,192.020449
175,2,66,545.689864,191.309270
175,2,67,553.848145,190.522154
175,2,68,562.306124,189.658203
175,2,69,571.002502,188.716521
175,2,70,579.875979,187.696212
175,2,71,588.865257,186.596380
175,2,72,597.909036,185.416128
175,2,73,606.946017,184.154559
175,2,74,615.924055,182.812552
175,2,75,624.827612,181.398080
175,2,76,633.650308,179.920889
175,2,77,642.385758,178.390726
175,2,78,651.027581,176.817339
175,2,79,659.569394,175.210475
175,2,80,668.004813,173.579879
175,2,81,676.327456,171.935300
175,2,82,684.530941,170.286485
175,2,83,692.608884,168.643180
175,2,84,700.554903,167.015131
175,2,85,708.362616,165.412088
175,2,86,716.029765,163.841189
175,2,87,723.570599,162.299151
175,2,88,731.003495,160.780083
175,2,89,738.346827,159.278094
175,2,90,745.618971,157.787294
175,2,91,752.838302,156.301793
175,2,92,760.023195,154.815700
175,2,93,767.192026,153.323124
175,2,94,774.363170,151.818175
175,2,95,781.555002,150.294961
175,2,96,788.785898,148.747594
175,2,97,796.074233,147.170181
175,2,98,803.439017,145.557055
175,2,99,810.901797,143.903434
175,2,100,818.484757,142.204760
175,2,101,826.210079,140.456473
175,2,102,834.099944,138.654015
175,2,103,842.176537,136.792827
175,2,104,850.462039,134.868349
175,2,105,858.978632,132.876023
175,2,106,867.748500,130.811290
175,2,107,876.793825,128.669591
175,2,108,886.136788,126.446366
175,2,109,895.799574,124.137057
175,2,110,905.807388,121.736267
175,2,111,916.197536,119.235244
175,2,112,927.010349,116.624399
175,2,113,938.286155,113.894142
175,2,114,950.065286,111.034885
175,2,115,962.388071,108.037037
175,2,116,975.294841,104.891009
175,2,117,988.825924,101.587212
175,2,118,1003.021652,98.116056
175,2,119,1017.922354,94.467952
175,2,120,1033.568360,90.633310
175,2,121,1050.000000,86.602540
180,1,1,0.000000,0.000000
180,1,2,13.498217,-14.634131
180,1,3,26.393512,-28.729048
180,1,4,38.737464,-42.267958
180,1,5,50.581650,-55.234072
180,1,6,61.977650,-67.610599
180,1,7,72.977042,-79.380746
180,1,8,83.631403,-90.527725
180,1,9,93.992313,-101.034743
180,1,10,104.111348,-110.885010
180,1,11,114.040088,-120.061735
180,1,12,123.830111,-128.548127
180,1,13,133.532995,-136.327395
180,1,14,143.192570,-143.394027
180,1,15,152.821670,-149.787621
180,1,16,162.425380,-155.559057
180,1,17,172.008785,-160.759211
180,1,18,181.576972,-165.438962
180,1,19,191.135025,-169.649186
180,1,20,200.688030,-173.440763
180,1,21,210.241073,-176.864569
180,1,22,219.799239,-179.971483
180,1,23,229.367613,-182.812382
180,1,24,238.951280,-185.438143
180,1,25,248.555327,-187.899646
180,1,26,258.180301,-190.238446
180,1,27,267.808598,-192.458817
180,1,28,277.418075,-194.555713
180,1,29,286.986592,-196.524086
180,1,30,296.492006,-198.358888
180,1,31,305.912175,-200.055073
180,1,32,315.224957,-201.607593
180,1,33,324.408211,-203.011402
180,1,34,333.439794,-204.261452
180,1,35,342.297565,-205.352696
180,1,36,350.959382,-206.280086
180,1,37,359.403103,-207.038577
180,1,38,367.604655,-207.626844
180,1,39,375.532238,-208.058462
180,1,40,383.152124,-208.350730
180,1,41,390.430581,-208.520947
180,1,42,397.333880,-208.586411
180,1,43,403.828291,-208.564421
180,1,44,409.880084,-208.472276
180,1,45,415.455527,-208.327275
180,1,46,420.520893,-208.146715
180,1,47,425.042449,-207.947897
180,1,48,428.986467,-207.748119
180,1,49,432.319217,-207.564679
180,1,50,435.034595,-207.410845
180,1,51,437.237010,-207.283764
180,1,52,439.058499,-207.176549
180,1,53,440.631097,-207.082315
180,1,54,442.086841,-206.994178
180,1,55,443.557768,-206.905251
180,1,56,445.175912,-206.808650
180,1,57,447.073311,-206.697488
180,1,58,449.382001,-206.564882
180,1,59,452.234017,-206.403946
180,1,60,455.761396,-206.207793
180,1,61,460.096174,-205.969540
180,1,62,465.335636,-205.679813
180,1,63,471.438065,-205.319285
180,1,64,478.326989,-204.866144
180,1,65,485.925940,-204.298575
180,1,66,494.158448,-203.594764
180,1,67,502.948044,-202.732898
180,1,68,512.218257,-201.691162
180,1,69,521.892619,-200.447743
180,1,70,531.894660,-198.980828
180,1,71,542.147910,-197.268601
180,1,72,552.575900,-195.289250
180,1,73,563.102160,-193.020961
180,1,74,573.659826,-190.446182
180,1,75,584.220456,-187.564414
180,1,76,594.765213,-184.379420
180,1,77,605.275261,-180.894964
180,1,78,615.731763,-177.114809
180,1,79,626.115881,-173.042717
180,1,80,636.408780,-168.682453
180,1,81,646.591623,-164.037780
180,1,82,656.645572,-159.112460
180,1,83,666.551792,-153.910257
180,1,84,676.291445,-148.434935
180,1,85,685.845694,-142.690256
180,1,86,695.196066,-136.688153
180,1,87,704.325537,-130.473235
180,1,88,713.217446,-124.098279
180,1,89,721.855131,-117.616062
180,1,90,730.221932,-111.079362
180,1,91,738.301187,-104.540956
180,1,92,746.076234,-98.053623
180,1,93,753.530414,-91.670139
180,1,94,760.647065,-85.443282
180,1,95,767.409525,-79.425829
180,1,96,773.801133,-73.670559
180,1,97,779.805229,-68.230248
180,1,98,785.419554,-63.138301
180,1,99,790.699460,-58.350624
180,1,100,795.714704,-53.803751
180,1,101,800.535040,-49.434215
180,1,102,805.230225,-45.178549
180,1,103,809.870012,-40.973288
180,1,104,814.524160,-36.754964
180,1,105,819.262421,-32.460111
180,1,106,824.154553,-28.025263
180,1,107,829.270310,-23.386951
180,1,108,834.679449,-18.481711
180,1,109,840.451724,-13.246075
180,1,110,846.645889,-7.636949
180,1,111,853.276692,-1.692729
180,1,112,860.347880,4.527817
180,1,113,867.863198,10.965921
180,1,114,875.826391,17.562815
180,1,115,884.241207,24.259729
180,1,116,893.111391,30.997897
180,1,117,902.440690,37.718550
180,1,118,912.232848,44.362920
180,1,119,922.491613,50.872239
180,1,120,933.220729,57.187737
180,1,121,944.423945,63.250648
180,2,1,0.000000,0.000000
180,2,2,16.026530,11.136826
180,2,3,31.297654,21.878057
180,2,4,45.867522,32.221902
180,2,5,59.790283,42.166572
180,2,6,73.120090,51.710276
180,2,7,85.911091,60.851225
180,2,8,98.217437,69.587628
180,2,9,110.093279,77.917695
180,2,10,121.592767,85.839636
180,2,11,132.770052,93.351661
180,2,12,143.679284,100.451980
180,2,13,154.374613,107.138803
180,2,14,164.905737,113.414408
180,2,15,175.304540,119.297345
180,2,16,185.598454,124.810233
180,2,17,195.814910,129.975691
180,2,18,205.981341,134.816337
180,2,19,216.125177,139.354789
180,2,20,226.273850,143.613667
180,2,21,236.454793,147.615589
180,2,22,246.695435,151.383174
180,2,23,257.023210,154.939039
180,2,24,267.465549,158.305804
180,2,25,278.049883,161.506088
180,2,26,288.789402,164.558321
180,2,27,299.640332,167.464186
180,2,28,310.544657,170.221177
180,2,29,321.444360,172.826788
180,2,30,332.281426,175.278514
180,2,31,342.997839,177.573849
180,2,32,353.535583,179.710289
180,2,33,363.836641,181.685328
180,2,34,373.842997,183.496459
180,2,35,383.496637,185.141178
180,2,36,392.739543,186.616980
180,2,37,401.513699,187.921358
180,2,38,409.773637,189.054497
180,2,39,417.524071,190.027339
180,2,40,424.782266,190.853518
180,2,41,431.565484,191.546665
180,2,42,437.890988,192.120412
180,2,43,443.776040,192.588393
180,2,44,449.237903,192.964238
180,2,45,454.293841,193.261582
180,2,46,458.961116,193.494055
180,2,47,463.256991,193.675291
180,2,48,467.198728,193.818921
180,2,49,470.803591,193.938578
180,2,50,474.099346,194.044794
180,2,51,477.155781,194.135695
180,2,52,480.053186,194.206308
180,2,53,482.871851,194.251659
180,2,54,485.692069,194.266773
180,2,55,488.594128,194.246677
180,2,56,491.658321,194.186398
180,2,57,494.964938,194.080961
180,2,58,498.594270,193.925392
180,2,59,502.626608,193.714718
180,2,60,507.142243,193.443965
180,2,61,512.221465,193.108159
180,2,62,517.921601,192.702971
180,2,63,524.208121,192.226659
180,2,64,531.023531,191.678126
180,2,65,538.310337,191.056273
180,2,66,546.011045,190.360004
180,2,67,554.068159,189.588221
180,2,68,562.424187,188.739828
180,2,69,571.021634,187.813725
180,2,70,579.803006,186.808818
180,2,71,588.710807,185.724006
180,2,72,597.687546,184.558195
180,2,73,606.675726,183.310286
180,2,74,615.625930,181.981016
180,2,75,624.521039,180.578466
180,2,76,633.352014,179.112547
180,2,77,642.109810,177.593173
180,2,78,650.785389,176.030259
180,2,79,659.369706,174.433717
180,2,80,667.853721,172.813461
180,2,81,676.228392,171.179405
180,2,82,684.484677,169.541462
180,2,83,692.613535,167.909546
180,2,84,700.605924,166.293570
180,2,85,708.452801,164.703448
180,2,86,716.149860,163.146452
180,2,87,723.711728,161.619288
180,2,88,731.157766,160.116021
180,2,89,738.507336,158.630717
180,2,90,745.779799,157.157439
180,2,91,752.994515,155.690253
180,2,92,760.170848,154.223224
180,2,93,767.328158,152.750417
180,2,94,774.485806,151.265896
180,2,95,781.663154,149.763727
180,2,96,788.879563,148.237974
180,2,97,796.154395,146.682703
180,2,98,803.507457,145.092169
180,2,99,810.960342,143.461399
180,2,100,818.535090,141.785610
180,2,101,826.253740,140.060019
180,2,102,834.138332,138.279842
180,2,103,842.210903,136.440298
180,2,104,850.493495,134.536603
180,2,105,859.008146,132.563974
180,2,106,867.776895,130.517630
180,2,107,876.821782,128.392786
180,2,108,886.164847,126.184660
180,2,109,895.828127,123.888469
180,2,110,905.836681,121.498782
180,2,111,916.227631,119.007570
180,2,112,927.041120,116.406156
180,2,113,938.317287,113.685861
180,2,114,950.096275,110.838010
180,2,115,962.418223,107.853923
180,2,116,975.323274,104.724925
180,2,117,988.851568,101.442337
180,2,118,1003.043247,97.997482
180,2,119,1017.938451,94.381682
180,2,120,1033.577322,90.586261
180,2,121,1050.000000,86.602540
185,1,1,0.000000,0.000000
185,1,2,13.499217,-14.610713
185,1,3,26.401844,-28.686646
185,1,4,38.758644,-42.210615
185,1,5,50.620382,-55.165436
185,1,6,62.037823,-67.533923
185,1,7,73.061730,-79.298894
185,1,8,83.742868,-90.443162
185,1,9,94.132001,-100.949543
185,1,10,104.279894,-110.800853
185,1,11,114.237311,-119.979908
185,1,12,124.055017,-128.469522
185,1,13,133.783775,-136.252512
185,1,14,143.466734,-143.323025
185,1,15,153.116578,-149.720542
185,1,16,162.738376,-155.495874
185,1,17,172.337197,-160.699835
185,1,18,181.918108,-165.383236
185,1,19,191.486178,-169.596891
185,1,20,201.046475,-173.391612
185,1,21,210.604068,-176.818211
185,1,22,220.164025,-179.927500
185,1,23,229.731414,-182.770293
185,1,24,239.311304,-185.397402
185,1,25,248.908764,-187.859639
185,1,26,258.524371,-190.198534
185,1,27,268.140747,-192.418491
185,1,28,277.736021,-194.514630
185,1,29,287.288323,-196.482070
185,1,30,296.775784,-198.315933
185,1,31,306.176534,-200.011339
185,1,32,315.468704,-201.563407
185,1,33,324.630424,-202.967260
185,1,34,333.639823,-204.218017
185,1,35,342.475033,-205.310798
185,1,36,351.114183,-206.240724
185,1,37,359.535405,-207.002915
185,1,38,367.714888,-207.596156
185,1,39,375.621065,-208.033889
185,1,40,383.220430,-208.333218
185,1,41,390.479475,-208.511251
185,1,42,397.364693,-208.585092
185,1,43,403.842577,-208.571848
185,1,44,409.879621,-208.488623
185,1,45,415.442317,-208.352525
185,1,46,420.497159,-208.180658
185,1,47,425.010639,-207.990128
185,1,48,428.949250,-207.798042
185,1,49,432.279486,-207.621504
185,1,50,434.995326,-207.473623
185,1,51,437.200694,-207.351514
185,1,52,439.027003,-207.248294
185,1,53,440.605665,-207.157082
185,1,54,442.068090,-207.070994
185,1,55,443.545690,-206.983149
185,1,56,445.169877,-206.886665
185,1,57,447.072063,-206.774657
185,1,58,449.383658,-206.640245
185,1,59,452.236075,-206.476546
185,1,60,455.760725,-206.276678
185,1,61,460.089020,-206.033757
185,1,62,465.317854,-205.738429
185,1,63,471.406048,-205.371443
185,1,64,478.277908,-204.911075
185,1,65,485.857737,-204.335602
185,1,66,494.069841,-203.623300
185,1,67,502.838525,-202.752446
185,1,68,512.088092,-201.701317
185,1,69,521.742847,-200.448188
185,1,70,531.727096,-198.971336
185,1,71,541.965141,-197.249037
185,1,72,552.381289,-195.259568
185,1,73,562.899844,-192.981206
185,1,74,573.454526,-190.396495
185,1,75,584.016722,-187.505056
185,1,76,594.567234,-184.310777
185,1,77,605.086864,-180.817549
185,1,78,615.556416,-177.029259
185,1,79,625.956691,-172.949797
185,1,80,636.268493,-168.583051
185,1,81,646.472623,-163.932912
185,1,82,656.549884,-159.003267
185,1,83,666.481079,-153.798006
185,1,84,676.247010,-148.321019
185,1,85,685.828480,-142.576193
185,1,86,695.206666,-136.575546
185,1,87,704.364244,-130.363613
185,1,88,713.284267,-123.993055
185,1,89,721.949786,-117.516535
185,1,90,730.343853,-110.986714
185,1,91,738.449520,-104.456254
185,1,92,746.249839,-97.977818
185,1,93,753.727860,-91.604069
185,1,94,760.866637,-85.387667
185,1,95,767.649220,-79.381276
185,1,96,774.058661,-73.637557
185,1,97,780.078013,-68.209172
185,1,98,785.704831,-63.129444
185,1,99,790.994690,-58.354334
185,1,100,796.017669,-53.820461
185,1,101,800.843848,-49.464447
185,1,102,805.543306,-45.222911
185,1,103,810.186122,-41.032476
185,1,104,814.842375,-36.829761
185,1,105,819.582144,-32.551386
185,1,106,824.475510,-28.133973
185,1,107,829.592550,-23.514142
185,1,108,835.003345,-18.628514
185,1,109,840.777973,-13.413709
185,1,110,846.975469,-7.826567
185,1,111,853.610689,-1.904804
185,1,112,860.687446,4.293642
185,1,113,868.209550,10.710836
185,1,114,876.180815,17.288842
185,1,115,884.605050,23.969724
185,1,116,893.486069,30.695546
185,1,117,902.827683,37.408372
185,1,118,912.633703,44.050266
185,1,119,922.907942,50.563291
185,1,120,933.654211,56.889512
185,1,121,944.876322,62.970992
185,2,1,0.000000,0.000000
185,2,2,15.915664,11.272621
185,2,3,31.116334,22.115054
185,2,4,45.652265,32.529228
185,2,5,59.573712,42.517072
185,2,6,72.930931,52.080516
185,2,7,85.774177,61.221490
185,2,8,98.153705,69.941923
185,2,9,110.119770,78.243746
185,2,10,121.722628,86.128886
185,2,11,133.012533,93.599275
185,2,12,144.039741,100.656841
185,2,13,154.854507,107.303514
185,2,14,165.503302,113.544497
185,2,15,176.017462,119.398086
185,2,16,186.424539,124.885849
185,2,17,196.752084,130.029356
185,2,18,207.027648,134.850175
185,2,19,217.278784,139.369875
185,2,20,227.533044,143.610026
185,2,21,237.817978,147.592195
185,2,22,248.161138,151.337953
185,2,23,258.590077,154.868867
185,2,24,269.132346,158.206507
185,2,25,279.815495,161.372441
185,2,26,290.652430,164.384381
185,2,27,301.597456,167.244610
185,2,28,312.590232,169.951551
185,2,29,323.570419,172.503630
185,2,30,334.477673,174.899270
185,2,31,345.251654,177.136896
185,2,32,355.832021,179.214933
185,2,33,366.158433,181.131806
185,2,34,376.170548,182.885938
185,2,35,385.808026,184.475755
185,2,36,395.010524,185.899682
185,2,37,403.717702,187.156141
185,2,38,411.882968,188.246049
185,2,39,419.514729,189.180279
185,2,40,426.635140,189.972195
185,2,41,433.266358,190.635161
185,2,42,439.430539,191.182542
185,2,43,445.149838,191.627700
185,2,44,450.446413,191.984000
185,2,45,455.342418,192.264805
185,2,46,459.860011,192.483481
185,2,47,464.021347,192.653390
185,2,48,467.848582,192.787897
185,2,49,471.363872,192.900365
185,2,50,474.598350,193.001098
185,2,51,477.619054,193.088151
185,2,52,480.501998,193.156518
185,2,53,483.323197,193.201195
185,2,54,486.158666,193.217175
185,2,55,489.084420,193.199454
185,2,56,492.176472,193.143026
185,2,57,495.510837,193.042886
185,2,58,499.163531,192.894028
185,2,59,503.210567,192.691446
185,2,60,507.727960,192.430136
185,2,61,512.791725,192.105092
185,2,62,518.456211,191.711936
185,2,63,524.689108,191.248804
185,2,64,531.436442,190.714457
185,2,65,538.644237,190.107660
185,2,66,546.258518,189.427175
185,2,67,554.225310,188.671764
185,2,68,562.490639,187.840191
185,2,69,571.000529,186.931218
185,2,70,579.701005,185.943609
185,2,71,588.538092,184.876125
185,2,72,597.457815,183.727531
185,2,73,606.406200,182.496589
185,2,74,615.336329,181.183918
185,2,75,624.229524,179.797572
185,2,76,633.074162,178.347459
185,2,77,641.858622,176.843488
185,2,78,650.571284,175.295568
185,2,79,659.200525,173.713609
185,2,80,667.734725,172.107520
185,2,81,676.162262,170.487210
185,2,82,684.471515,168.862588
185,2,83,692.650862,167.243563
185,2,84,700.688684,165.640044
185,2,85,708.573357,164.061942
185,2,86,716.298598,162.516548
185,2,87,723.879473,161.000697
185,2,88,731.336385,159.508605
185,2,89,738.689735,158.034489
185,2,90,745.959927,156.572566
185,2,91,753.167363,155.117053
185,2,92,760.332446,153.662168
185,2,93,767.475579,152.202127
185,2,94,774.617164,150.731147
185,2,95,781.777604,149.243446
185,2,96,788.977302,147.733240
185,2,97,796.236660,146.194748
185,2,98,803.576325,144.622298
185,2,99,811.017914,143.010673
185,2,100,818.583292,141.354769
185,2,101,826.294319,139.649482
185,2,102,834.172857,137.889706
185,2,103,842.240770,136.070338
185,2,104,850.519919,134.186273
185,2,105,859.032166,132.232406
185,2,106,867.799374,130.203633
185,2,107,876.843404,128.094850
185,2,108,886.186120,125.900952
185,2,109,895.849382,123.616835
185,2,110,905.858081,121.236983
185,2,111,916.249215,118.754239
185,2,112,927.062808,116.161032
185,2,113,938.338887,113.449796
185,2,114,950.117475,110.612960
185,2,115,962.438599,107.642956
185,2,116,975.342284,104.532214
185,2,117,988.868555,101.273167
185,2,118,1003.057436,97.858245
185,2,119,1017.948954,94.279879
185,2,120,1033.583134,90.530500
185,2,121,1050.000000,86.602540
190,1,1,0.000000,0.000000
190,1,2,13.494420,-14.592190
190,1,3,26.399660,-28.653332
190,1,4,38.765573,-42.165913
190,1,5,50.642008,-55.112417
190,1,6,62.078817,-67.475330
190,1,7,73.125851,-79.237138
190,1,8,83.832960,-90.380325
190,1,9,94.249996,-100.887379
190,1,10,104.426809,-110.740783
190,1,11,114.413250,-119.923024
190,1,12,124.259171,-128.416587
190,1,13,134.014421,-136.203957
190,1,14,143.721392,-143.279001
190,1,15,153.392625,-149.681111
190,1,16,163.033202,-155.461059
190,1,17,172.648204,-160.669617
190,1,18,182.242712,-165.357559
190,1,19,191.821809,-169.575656
190,1,20,201.390575,-173.374681
190,1,21,210.954092,-176.805407
190,1,22,220.517441,-179.918607
190,1,23,230.085704,-182.765052
190,1,24,239.663961,-185.395515
190,1,25,249.257295,-187.860770
190,1,26,258.866320,-190.202316
190,1,27,268.473784,-192.424568
190,1,28,278.057970,-194.522668
190,1,29,287.597159,-196.491759
190,1,30,297.069634,-198.326983
190,1,31,306.453676,-200.023483
190,1,32,315.727567,-201.576400
190,1,33,324.869589,-202.980878
190,1,34,333.858024,-204.232059
190,1,35,342.671154,-205.325084
190,1,36,351.287261,-206.255098
190,1,37,359.684627,-207.017241
190,1,38,367.839636,-207.610329
190,1,39,375.721090,-208.047863
190,1,40,383.295889,-208.347017
190,1,41,390.530937,-208.524965
190,1,42,397.393136,-208.598880
190,1,43,403.849389,-208.585937
190,1,44,409.866599,-208.503309
190,1,45,415.411668,-208.368170
190,1,46,420.451499,-208.197694
190,1,47,424.952995,-208.009054
190,1,48,428.883059,-207.819425
190,1,49,432.208592,-207.645980
190,1,50,434.923792,-207.501861
190,1,51,437.132032,-207.384077
190,1,52,438.963979,-207.285606
190,1,53,440.550300,-207.199427
190,1,54,442.021664,-207.118517
190,1,55,443.508736,-207.035854
190,1,56,445.142185,-206.944416
190,1,57,447.052678,-206.837180
190,1,58,449.370881,-206.707125
190,1,59,452.227463,-206.547227
190,1,60,455.753090,-206.350465
190,1,61,460.078430,-206.109817
190,1,62,465.299888,-205.815812
190,1,63,471.376822,-205.449181
190,1,64,478.234329,-204.988209
190,1,65,485.797505,-204.411180
190,1,66,493.991447,-203.696376
190,1,67,502.741251,-202.822083
190,1,68,511.972013,-201.766583
190,1,69,521.608829,-200.508160
190,1,70,531.576797,-199.025098
190,1,71,541.801012,-197.295680
190,1,72,552.206570,-195.298191
190,1,73,562.718569,-193.010914
190,1,74,573.271325,-190.416436
190,1,75,583.836037,-187.514564
190,1,76,594.393124,-184.309406
190,1,77,604.923006,-180.805072
190,1,78,615.406103,-177.005671
190,1,79,625.822835,-172.915313
190,1,80,636.153620,-168.538108
190,1,81,646.378879,-163.878165
190,1,82,656.479030,-158.939593
190,1,83,666.434495,-153.726501
190,1,84,676.225691,-148.243000
190,1,85,685.833039,-142.493199
190,1,86,695.237358,-136.489283
190,1,87,704.421071,-130.275749
190,1,88,713.367000,-123.905166
190,1,89,722.057966,-117.430106
190,1,90,730.476791,-110.903142
190,1,91,738.606299,-104.376843
190,1,92,746.429310,-97.903782
190,1,93,753.928647,-91.536530
190,1,94,761.087132,-85.327659
190,1,95,767.887588,-79.329739
190,1,96,774.312835,-73.595342
190,1,97,780.345698,-68.177040
190,1,98,785.983589,-63.108089
190,1,99,791.282299,-58.344484
190,1,100,796.312209,-53.822908
190,1,101,801.143699,-49.480042
190,1,102,805.847151,-45.252566
190,1,103,810.492947,-41.077161
190,1,104,815.151469,-36.890510
190,1,105,819.893097,-32.629292
190,1,106,824.788213,-28.230190
190,1,107,829.907198,-23.629884
190,1,108,835.320434,-18.765055
190,1,109,841.098303,-13.572385
190,1,110,847.300102,-8.008587
190,1,111,853.940794,-2.110506
190,1,112,861.024257,4.064981
190,1,113,868.554370,10.460996
190,1,114,876.535011,17.020664
190,1,115,884.970061,23.687107
190,1,116,893.863397,30.403447
190,1,117,903.218898,37.112807
190,1,118,913.040443,43.758311
190,1,119,923.331911,50.283081
190,1,120,934.097181,56.630241
190,1,121,945.340131,62.742912
190,2,1,0.000000,0.000000
190,2,2,15.839108,11.395456
190,2,3,30.992641,22.331991
190,2,4,45.508238,32.814503
190,2,5,59.433538,42.847885
190,2,6,72.816179,52.437035
190,2,7,85.703801,61.586848
190,2,8,98.144041,70.302220
190,2,9,110.184539,78.588046
190,2,10,121.872933,86.449222
190,2,11,133.256861,93.890645
190,2,12,144.383963,100.917209
190,2,13,155.301878,107.533811
190,2,14,166.054861,113.747987
190,2,15,176.673647,119.577834
190,2,16,187.185585,125.044094
190,2,17,197.618027,130.167503
190,2,18,207.998323,134.968802
190,2,19,218.353826,139.468729
190,2,20,228.711884,143.688023
190,2,21,239.099851,147.647423
190,2,22,249.545076,151.367668
190,2,23,260.074911,154.869497
190,2,24,270.716706,158.173649
190,2,25,281.497813,161.300863
190,2,26,292.430601,164.268318
190,2,27,303.467510,167.078954
190,2,28,314.546002,169.732151
190,2,29,325.603534,172.227291
190,2,30,336.577567,174.563752
190,2,31,347.405560,176.740916
190,2,32,358.024972,178.758162
190,2,33,368.373264,180.614871
190,2,34,378.387895,182.310423
190,2,35,388.006323,183.844199
190,2,36,397.166010,185.215578
190,2,37,405.804413,186.423942
190,2,38,413.873913,187.470937
190,2,39,421.386561,188.367286
190,2,40,428.369330,189.125977
190,2,41,434.849193,189.760000
190,2,42,440.853122,190.282342
190,2,43,446.408089,190.705994
190,2,44,451.541066,191.043944
190,2,45,456.279026,191.309181
190,2,46,460.648941,191.514694
190,2,47,464.677783,191.673472
190,2,48,468.392525,191.798505
190,2,49,471.820139,191.902781
190,2,50,474.995074,191.996306
190,2,51,477.981688,192.077157
190,2,52,480.851816,192.140429
190,2,53,483.677294,192.181216
190,2,54,486.529956,192.194611
190,2,55,489.481638,192.175709
190,2,56,492.604174,192.119604
190,2,57,495.969400,192.021390
190,2,58,499.649151,191.876162
190,2,59,503.715262,191.679013
190,2,60,508.239568,191.425037
190,2,61,513.293905,191.109329
190,2,62,518.929691,190.727550
190,2,63,525.116688,190.277625
190,2,64,531.804241,189.758047
190,2,65,538.941696,189.167308
190,2,66,546.478397,188.503903
190,2,67,554.363690,187.766322
190,2,68,562.546921,186.953059
190,2,69,570.977434,186.062606
190,2,70,579.604576,185.093457
190,2,71,588.377692,184.044103
190,2,72,597.246126,182.913037
190,2,73,606.159225,181.698753
190,2,74,615.072435,180.401662
190,2,75,623.965604,179.029860
190,2,76,632.824683,177.593363
190,2,77,641.635622,176.102185
190,2,78,650.384372,174.566342
190,2,79,659.056881,172.995850
190,2,80,667.639101,171.400722
190,2,81,676.116982,169.790976
190,2,82,684.476473,168.176626
190,2,83,692.703524,166.567688
190,2,84,700.784087,164.974176
190,2,85,708.704110,163.406106
190,2,86,716.455453,161.870875
190,2,87,724.053611,160.365399
190,2,88,731.519988,158.883978
190,2,89,738.875988,157.420910
190,2,90,746.143015,155.970494
190,2,91,753.342473,154.527027
190,2,92,760.495766,153.084809
190,2,93,767.624298,151.638138
190,2,94,774.749473,150.181312
190,2,95,781.892694,148.708630
190,2,96,789.075367,147.214391
190,2,97,796.318894,145.692893
190,2,98,803.644738,144.138506
190,2,99,811.074586,142.545888
190,2,100,818.630186,140.909768
190,2,101,826.333285,139.224876
190,2,102,834.205627,137.485941
190,2,103,842.268960,135.687694
190,2,104,850.545030,133.824862
190,2,105,859.055583,131.892177
190,2,106,867.822366,129.884366
190,2,107,876.867124,127.796161
190,2,108,886.211605,125.622289
190,2,109,895.877555,123.357481
190,2,110,905.889694,120.996139
190,2,111,916.284645,118.531355
190,2,112,927.102004,115.955894
190,2,113,938.381367,113.262522
190,2,114,950.162331,110.444003
190,2,115,962.484492,107.493103
190,2,116,975.387447,104.402587
190,2,117,988.910791,101.165219
190,2,118,1003.094123,97.773766
190,2,119,1017.977037,94.220991
190,2,120,1033.599130,90.499661
190,2,121,1050.000000,86.602540
195,1,1,0.000000,0.000000
195,1,2,13.498288,-14.566730
195,1,3,26.413354,-28.607131
195,1,4,38.794265,-42.103265
195,1,5,50.690086,-55.037193
195,1,6,62.149886,-67.390978
195,1,7,73.222732,-79.146681
195,1,8,83.957689,-90.286363
195,1,9,94.403825,-100.792087
195,1,10,104.610206,-110.645913
195,1,11,114.625901,-119.829904
195,1,12,124.499975,-128.326122
195,1,13,134.281495,-136.116627
195,1,14,144.012213,-143.194943
195,1,15,153.704615,-149.600439
195,1,16,163.363871,-155.383946
195,1,17,172.995152,-160.596294
195,1,18,182.603629,-165.288314
195,1,19,192.194472,-169.510835
195,1,20,201.772852,-173.314689
195,1,21,211.343939,-176.750705
195,1,22,220.912904,-179.869715
195,1,23,230.484917,-182.722550
195,1,24,240.065150,-185.360038
195,1,25,249.658772,-187.833011
195,1,26,259.266454,-190.182977
195,1,27,268.870866,-192.414149
195,1,28,278.450178,-194.521421
195,1,29,287.982560,-196.499683
195,1,30,297.446181,-198.343828
195,1,31,306.819212,-200.048748
195,1,32,316.079821,-201.609333
195,1,33,325.206180,-203.020477
195,1,34,334.176458,-204.277070
195,1,35,342.968824,-205.374005
195,1,36,351.561448,-206.306173
195,1,37,359.932502,-207.068467
195,1,38,368.058394,-207.659553
195,1,39,375.908500,-208.093198
195,1,40,383.450436,-208.386945
195,1,41,390.651817,-208.558338
195,1,42,397.480260,-208.624917
195,1,43,403.903380,-208.604226
195,1,44,409.888794,-208.513808
195,1,45,415.404116,-208.371205
195,1,46,420.416963,-208.193959
195,1,47,424.894950,-207.999613
195,1,48,428.805694,-207.805710
195,1,49,432.116810,-207.629792
195,1,50,434.822951,-207.485268
195,1,51,437.026917,-207.369007
195,1,52,438.858544,-207.273747
195,1,53,440.447670,-207.192223
195,1,54,441.924132,-207.117173
195,1,55,443.417767,-207.041331
195,1,56,445.058410,-206.957435
195,1,57,446.975900,-206.858221
195,1,58,449.300073,-206.736424
195,1,59,452.160767,-206.584782
195,1,60,455.687817,-206.396031
195,1,61,460.011061,-206.162906
195,1,62,465.226334,-205.875716
195,1,63,471.293470,-205.515059
195,1,64,478.138299,-205.059102
195,1,65,485.686651,-204.486015
195,1,66,493.864358,-203.773966
195,1,67,502.597252,-202.901124
195,1,68,511.811162,-201.845659
195,1,69,521.431921,-200.585738
195,1,70,531.385358,-199.099532
195,1,71,541.597306,-197.365207
195,1,72,551.993595,-195.360935
195,1,73,562.500057,-193.064882
195,1,74,573.051569,-190.459610
195,1,75,583.619195,-187.545245
195,1,76,594.183047,-184.326304
195,1,77,604.723237,-180.807305
195,1,78,615.219875,-176.992766
195,1,79,625.653073,-172.887203
195,1,80,636.002943,-168.495136
195,1,81,646.249595,-163.821081
195,1,82,656.373140,-158.869555
195,1,83,666.353691,-153.645077
195,1,84,676.171359,-148.152165
195,1,85,685.806254,-142.395335
195,1,86,695.238890,-136.387080
195,1,87,704.451382,-130.171794
195,1,88,713.426249,-123.801844
195,1,89,722.146009,-117.329597
195,1,90,730.593179,-110.807422
195,1,91,738.750277,-104.287687
195,1,92,746.599821,-97.822759
195,1,93,754.124329,-91.465006
195,1,94,761.306319,-85.266796
195,1,95,768.128307,-79.280496
195,1,96,774.572814,-73.558475
195,1,97,780.622355,-68.153101
195,1,98,786.274143,-63.097470
195,1,99,791.584169,-58.347597
195,1,100,796.623117,-53.840225
195,1,101,801.461672,-49.512099
195,1,102,806.170518,-45.299961
195,1,103,810.820340,-41.140556
195,1,104,815.481822,-36.970628
195,1,105,820.225648,-32.726919
195,1,106,825.122505,-28.346174
195,1,107,830.243075,-23.765136
195,1,108,835.658045,-18.920550
195,1,109,841.438097,-13.749158
195,1,110,847.642782,-8.207620
195,1,111,854.287109,-2.332257
195,1,112,861.374951,3.820692
195,1,113,868.910182,10.194990
195,1,114,876.896675,16.734401
195,1,115,885.338305,23.382687
195,1,116,894.238944,30.083610
195,1,117,903.602467,36.780934
195,1,118,913.432747,43.418420
195,1,119,923.733658,49.939831
195,1,120,934.509074,56.288931
195,1,121,945.762868,62.409481
195,2,1,0.000000,0.000000
195,2,2,15.826279,11.470773
195,2,3,30.979150,22.466704
195,2,4,45.505508,32.994287
195,2,5,59.452247,43.060016
195,2,6,72.866262,52.670385
195,2,7,85.794449,61.831889
195,2,8,98.283702,70.551021
195,2,9,110.380917,78.834276
195,2,10,122.132988,86.688148
195,2,11,133.586811,94.119132
195,2,12,144.789281,101.133720
195,2,13,155.787292,107.738409
195,2,14,166.624396,113.941951
195,2,15,177.330765,119.762139
195,2,16,187.933229,125.219026
195,2,17,198.458616,130.332664
195,2,18,208.933757,135.123106
195,2,19,219.385480,139.610404
195,2,20,229.840615,143.814611
195,2,21,240.325989,147.755779
195,2,22,250.868434,151.453960
195,2,23,261.494776,154.929208
195,2,24,272.231847,158.201575
195,2,25,283.106474,161.291112
195,2,26,294.130271,164.214593
195,2,27,305.253983,166.975672
195,2,28,316.413140,169.574721
195,2,29,327.543270,172.012115
195,2,30,338.579903,174.288227
195,2,31,349.458568,176.403430
195,2,32,360.114795,178.358099
195,2,33,370.484113,180.152607
195,2,34,380.502050,181.787327
195,2,35,390.104137,183.262634
195,2,36,399.225902,184.578900
195,2,37,407.802875,185.736499
195,2,38,415.786529,186.737853
195,2,39,423.192111,187.593573
195,2,40,430.050812,188.316318
195,2,41,436.393823,188.918745
195,2,42,442.252336,189.413515
195,2,43,447.657541,189.813287
195,2,44,452.640629,190.130717
195,2,45,457.232793,190.378467
195,2,46,461.465222,190.569194
195,2,47,465.369108,190.715557
195,2,48,468.975642,190.830216
195,2,49,472.316015,190.925828
195,2,50,475.427614,191.012132
195,2,51,478.372614,191.087183
195,2,52,481.219383,191.146116
195,2,53,484.036292,191.184064
195,2,54,486.891709,191.196162
195,2,55,489.854006,191.177544
195,2,56,492.991551,191.123345
195,2,57,496.372714,191.028699
195,2,58,500.065865,190.888740
195,2,59,504.139374,190.698603
195,2,60,508.661611,190.453421
195,2,61,513.700944,190.148330
195,2,62,519.306373,189.778972
195,2,63,525.449406,189.343027
195,2,64,532.082179,188.838682
195,2,65,539.156831,188.264124
195,2,66,546.625498,187.617543
195,2,67,554.440318,186.897124
195,2,68,562.553426,186.101058
195,2,69,570.916961,185.227530
195,2,70,579.483060,184.274730
195,2,71,588.203859,183.240844
195,2,72,597.031495,182.124061
195,2,73,605.918107,180.922568
195,2,74,614.821099,179.636567
195,2,75,623.718958,178.274314
195,2,76,632.595438,176.846079
195,2,77,641.434292,175.362131
195,2,78,650.219277,173.832739
195,2,79,658.934146,172.268175
195,2,80,667.562654,170.678706
195,2,81,676.088556,169.074604
195,2,82,684.495605,167.466137
195,2,83,692.767557,165.863575
195,2,84,700.888167,164.277188
195,2,85,708.841187,162.717246
195,2,86,716.616805,161.191346
195,2,87,724.230929,159.696396
195,2,88,731.705899,158.226633
195,2,89,739.064054,156.776292
195,2,90,746.327736,155.339609
195,2,91,753.519284,153.910820
195,2,92,760.661037,152.484162
195,2,93,767.775336,151.053870
195,2,94,774.884521,149.614181
195,2,95,782.010931,148.159330
195,2,96,789.176907,146.683553
195,2,97,796.404788,145.181087
195,2,98,803.716806,143.646244
195,2,99,811.134753,142.073644
195,2,100,818.680314,140.457987
195,2,101,826.375172,138.793968
195,2,102,834.241012,137.076286
195,2,103,842.299518,135.299637
195,2,104,850.572373,133.458720
195,2,105,859.081263,131.548232
195,2,106,867.847870,129.562871
195,2,107,876.893880,127.497333
195,2,108,886.240975,125.346317
195,2,109,895.910841,123.104520
195,2,110,905.928044,120.766298
195,2,111,916.328682,118.324644
195,2,112,927.151739,115.772208
195,2,113,938.436194,113.101642
195,2,114,950.221030,110.305597
195,2,115,962.545228,107.376723
195,2,116,975.447771,104.307672
195,2,117,988.967639,101.091094
195,2,118,1003.143814,97.719641
195,2,119,1018.015278,94.185964
195,2,120,1033.621013,90.482713
195,2,121,1050.000000,86.602540
200,1,1,0.000000,0.000000
200,1,2,13.496538,-14.545905
200,1,3,26.416829,-28.569577
200,1,4,38.809063,-42.052711
200,1,5,50.721432,-54.976999
200,1,6,62.202125,-67.324134
200,1,7,73.299333,-79.075810
200,1,8,84.061247,-90.213718
200,1,9,94.536059,-100.719552
200,1,10,104.771958,-110.575006
200,1,11,114.817135,-119.761772
200,1,12,124.719780,-128.261542
200,1,13,134.528086,-136.056011
200,1,14,144.283070,-143.138385
200,1,15,153.997069,-149.547923
200,1,16,163.675245,-155.335401
200,1,17,173.322762,-160.551591
200,1,18,182.944785,-165.247269
200,1,19,192.546477,-169.473207
200,1,20,202.133001,-173.280179
200,1,21,211.709522,-176.718960
200,1,22,221.281203,-179.840324
200,1,23,230.853209,-182.695044
200,1,24,240.430701,-185.333894
200,1,25,250.018846,-187.807649
200,1,26,259.618352,-190.157791
200,1,27,269.212115,-192.388641
200,1,28,278.778578,-194.495228
200,1,29,288.296182,-196.472582
200,1,30,297.743371,-198.315733
200,1,31,307.098586,-200.019710
200,1,32,316.340268,-201.579543
200,1,33,325.446862,-202.990262
200,1,34,334.396808,-204.246896
200,1,35,343.168549,-205.344474
200,1,36,351.740527,-206.278027
200,1,37,360.091184,-207.042584
200,1,38,368.197180,-207.636905
200,1,39,376.028050,-208.074669
200,1,40,383.551545,-208.373286
200,1,41,390.735416,-208.550165
200,1,42,397.547416,-208.622716
200,1,43,403.955296,-208.608348
200,1,44,409.926808,-208.524472
200,1,45,415.429703,-208.388495
200,1,46,420.431735,-208.217829
200,1,47,424.900653,-208.029882
200,1,48,428.804210,-207.842065
200,1,49,432.110159,-207.671786
200,1,50,434.813187,-207.532340
200,1,51,437.015735,-207.420559
200,1,52,438.847181,-207.329163
200,1,53,440.436901,-207.250868
200,1,54,441.914274,-207.178392
200,1,55,443.408676,-207.104453
200,1,56,445.049484,-207.021769
200,1,57,446.966077,-206.923057
200,1,58,449.287831,-206.801036
200,1,59,452.144125,-206.648423
200,1,60,455.664334,-206.457935
200,1,61,459.977838,-206.222291
200,1,62,465.180201,-205.931792
200,1,63,471.231749,-205.567072
200,1,64,478.058995,-205.106349
200,1,65,485.588452,-204.527841
200,1,66,493.746634,-203.809766
200,1,67,502.460053,-202.930343
200,1,68,511.655224,-201.867788
200,1,69,521.258659,-200.600321
200,1,70,531.196873,-199.106158
200,1,71,541.396378,-197.363518
200,1,72,551.783687,-195.350619
200,1,73,562.285315,-193.045679
200,1,74,572.836643,-190.431321
200,1,75,583.408529,-187.507791
200,1,76,593.980699,-184.279740
200,1,77,604.532880,-180.751819
200,1,78,615.044798,-176.928680
200,1,79,625.496180,-172.814973
200,1,80,635.866751,-168.415349
200,1,81,646.136238,-163.734461
200,1,82,656.284367,-158.776958
200,1,83,666.290866,-153.547493
200,1,84,676.135459,-148.050716
200,1,85,685.797875,-142.291278
200,1,86,695.258266,-136.281777
200,1,87,704.498499,-130.066596
200,1,88,713.500868,-123.698065
200,1,89,722.247668,-117.228512
200,1,90,730.721192,-110.710268
200,1,91,738.903734,-104.195662
200,1,92,746.777588,-97.737023
200,1,93,754.325049,-91.386680
200,1,94,761.528411,-85.196964
200,1,95,768.369968,-79.220203
200,1,96,774.832013,-73.508727
200,1,97,780.896841,-68.114865
200,1,98,786.561521,-63.071683
200,1,99,791.882224,-58.335189
200,1,100,796.929894,-53.842126
200,1,101,801.775477,-49.529240
200,1,102,806.489918,-45.333273
200,1,103,811.144163,-41.190971
200,1,104,815.809156,-37.039076
200,1,105,820.555843,-32.814333
200,1,106,825.455169,-28.453486
200,1,107,830.578081,-23.893279
200,1,108,835.995522,-19.070456
200,1,109,841.778438,-13.921760
200,1,110,847.986641,-8.403686
200,1,111,854.635412,-2.551719
200,1,112,861.728896,3.578905
200,1,113,869.271241,9.932951
200,1,114,877.266593,16.455182
200,1,115,885.719099,23.090364
200,1,116,894.632905,29.783261
200,1,117,904.012158,36.478637
200,1,118,913.861005,43.121258
200,1,119,924.183592,49.655886
200,1,120,934.984066,56.027288
200,1,121,946.266574,62.180227
200,2,1,0.000000,0.000000
200,2,2,15.876515,11.494297
200,2,3,31.075236,22.510820
200,2,4,45.644084,33.056302
200,2,5,59.630978,43.137476
200,2,6,73.083839,52.761078
200,2,7,86.050586,61.933841
200,2,8,98.579140,70.662498
200,2,9,110.717420,78.953784
200,2,10,122.513346,86.814434
200,2,11,134.014839,94.251180
200,2,12,145.269817,101.270757
200,2,13,156.326202,107.879898
200,2,14,167.228265,114.087467
200,2,15,178.005686,119.910838
200,2,16,188.684496,125.369515
200,2,17,199.290728,130.483003
200,2,18,209.850414,135.270805
200,2,19,220.389584,139.752426
200,2,20,230.934272,143.947368
200,2,21,241.510508,147.875136
200,2,22,252.144326,151.555234
200,2,23,262.861755,155.007166
200,2,24,273.688829,158.250436
200,2,25,284.651579,161.304546
200,2,26,295.760665,164.185986
200,2,27,306.965261,166.899173
200,2,28,318.199166,169.445511
200,2,29,329.396183,171.826403
200,2,30,340.490114,174.043251
200,2,31,351.414758,176.097458
200,2,32,362.103917,177.990427
200,2,33,372.491393,179.723560
200,2,34,382.510987,181.298261
200,2,35,392.096499,182.715931
200,2,36,401.181732,183.977975
200,2,37,409.700486,185.085793
200,2,38,417.603433,186.042603
200,2,39,424.908728,186.858872
200,2,40,431.651394,187.546882
200,2,41,437.866458,188.118914
200,2,42,443.588942,188.587250
200,2,43,448.853872,188.964171
200,2,44,453.696273,189.261957
200,2,45,458.151170,189.492892
200,2,46,462.253586,189.669255
200,2,47,466.038547,189.803329
200,2,48,469.541077,189.907394
200,2,49,472.796201,189.993732
200,2,50,475.843994,190.071785
200,2,51,478.744733,190.139636
200,2,52,481.563744,190.192531
200,2,53,484.366354,190.225712
200,2,54,487.217890,190.234425
200,2,55,490.183679,190.213914
200,2,56,493.329048,190.159423
200,2,57,496.719323,190.066195
200,2,58,500.419831,189.929477
200,2,59,504.495900,189.744511
200,2,60,509.012856,189.506542
200,2,61,514.036025,189.210815
200,2,62,519.612281,188.853002
200,2,63,525.714675,188.430492
200,2,64,532.297805,187.941101
200,2,65,539.316269,187.382646
200,2,66,546.724665,186.752945
200,2,67,554.477589,186.049814
200,2,68,562.529641,185.271071
200,2,69,570.835417,184.414531
200,2,70,579.349515,183.478013
200,2,71,588.026533,182.459333
200,2,72,596.821069,181.356307
200,2,73,605.687720,180.166754
200,2,74,614.585603,178.890618
200,2,75,623.491905,177.536362
200,2,76,632.388336,176.114577
200,2,77,641.256601,174.635854
200,2,78,650.078409,173.110784
200,2,79,658.835466,171.549958
200,2,80,667.509481,169.963967
200,2,81,676.082160,168.363403
200,2,82,684.535210,166.758856
200,2,83,692.850340,165.160917
200,2,84,701.009256,163.580178
200,2,85,708.993666,162.027229
200,2,86,716.792200,160.509917
200,2,87,724.421179,159.025105
200,2,88,731.903847,157.566912
200,2,89,739.263447,156.129457
200,2,90,746.523224,154.706859
200,2,91,753.706421,153.293236
200,2,92,760.836282,151.882708
200,2,93,767.936051,150.469393
200,2,94,775.028973,149.047409
200,2,95,782.138289,147.610877
200,2,96,789.287246,146.153914
200,2,97,796.499085,144.670639
200,2,98,803.796784,143.155267
200,2,99,811.202247,141.602393
200,2,100,818.737109,140.006706
200,2,101,826.423007,138.362899
200,2,102,834.281576,136.665660
200,2,103,842.334454,134.909682
200,2,104,850.603276,133.089654
200,2,105,859.109678,131.200266
200,2,106,867.875297,129.236211
200,2,107,876.921769,127.192177
200,2,108,886.270730,125.062856
200,2,109,895.943816,122.842938
200,2,110,905.965453,120.526765
200,2,111,916.371231,118.107285
200,2,112,927.199527,115.577098
200,2,113,938.488720,112.928804
200,2,114,950.277189,110.155002
200,2,115,962.603313,107.248292
200,2,116,975.505469,104.201274
200,2,117,989.022037,101.006546
200,2,118,1003.191396,97.656709
200,2,119,1018.051924,94.144363
200,2,120,1033.641999,90.462107
200,2,121,1050.000000,86.602540
205,1,1,0.000000,0.000000
205,1,2,13.508381,-14.516568
205,1,3,26.444371,-28.516099
205,1,4,38.855592,-41.979814
205,1,5,50.789670,-54.888931
205,1,6,62.294228,-67.224667
205,1,7,73.416890,-78.968242
205,1,8,84.205280,-90.100874
205,1,9,94.707022,-100.603782
205,1,10,104.969739,-110.458184
205,1,11,115.041057,-119.645299
205,1,12,124.968598,-128.146345
205,1,13,134.799986,-135.942540
205,1,14,144.575788,-143.026715
205,1,15,154.308339,-149.438138
205,1,16,164.002914,-155.227688
205,1,17,173.664790,-160.446246
205,1,18,183.299244,-165.144692
205,1,19,192.911553,-169.373905
205,1,20,202.506994,-173.184765
205,1,21,212.090842,-176.628152
205,1,22,221.668374,-179.754945
205,1,23,231.244868,-182.616024
205,1,24,240.825600,-185.262270
205,1,25,250.415846,-187.744561
205,1,26,260.016396,-190.104430
205,1,27,269.610091,-192.346014
205,1,28,279.175287,-194.464103
205,1,29,288.690337,-196.453488
205,1,30,298.133597,-198.308958
205,1,31,307.483421,-200.025304
205,1,32,316.718164,-201.597315
205,1,33,325.816180,-203.019781
205,1,34,334.755824,-204.287492
205,1,35,343.515450,-205.395238
205,1,36,352.073414,-206.337809
205,1,37,360.408069,-207.109994
205,1,38,368.496048,-207.710364
205,1,39,376.307096,-208.152604
205,1,40,383.809236,-208.454180
205,1,41,390.970491,-208.632557
205,1,42,397.758882,-208.705200
205,1,43,404.142434,-208.689576
205,1,44,410.089168,-208.603148
205,1,45,415.567107,-208.463383
205,1,46,420.544274,-208.287747
205,1,47,424.988692,-208.093703
205,1,48,428.868383,-207.898719
205,1,49,432.151370,-207.720259
205,1,50,434.832555,-207.571709
205,1,51,437.014351,-207.450135
205,1,52,438.826052,-207.348523
205,1,53,440.396952,-207.259860
205,1,54,441.856343,-207.177133
205,1,55,443.333518,-207.093326
205,1,56,444.957771,-207.001428
205,1,57,446.858395,-206.894423
205,1,58,449.164682,-206.765299
205,1,59,452.005927,-206.607042
205,1,60,455.511422,-206.412638
205,1,61,459.810460,-206.175073
205,1,62,464.998577,-205.884805
205,1,63,471.036279,-205.522175
205,1,64,477.850315,-205.064994
205,1,65,485.367432,-204.491074
205,1,66,493.514379,-203.778227
205,1,67,502.217905,-202.904265
205,1,68,511.404758,-201.846999
205,1,69,521.001686,-200.584241
205,1,70,530.935438,-199.093803
205,1,71,541.132762,-197.353497
205,1,72,551.520407,-195.341134
205,1,73,562.025121,-193.034527
205,1,74,572.582451,-190.416030
205,1,75,583.163138,-187.486177
205,1,76,593.746718,-184.250042
205,1,77,604.312732,-180.712703
205,1,78,614.840718,-176.879235
205,1,79,625.310214,-172.754715
205,1,80,635.700758,-168.344218
205,1,81,645.991890,-163.652820
205,1,82,656.163148,-158.685598
205,1,83,666.194071,-153.447628
205,1,84,676.064196,-147.943986
205,1,85,685.753063,-142.179747
205,1,86,695.240619,-136.167831
205,1,87,704.508447,-129.952526
205,1,88,713.538539,-123.585965
205,1,89,722.312887,-117.120278
205,1,90,730.813482,-110.607599
205,1,91,739.022318,-104.100057
205,1,92,746.921385,-97.649786
205,1,93,754.492676,-91.308916
205,1,94,761.718182,-85.129579
205,1,95,768.579896,-79.163908
205,1,96,775.059810,-73.464033
205,1,97,781.139915,-68.082086
205,1,98,786.817085,-63.050986
205,1,99,792.147717,-58.326793
205,1,100,797.203090,-53.846356
205,1,101,802.054483,-49.546523
205,1,102,806.773176,-45.364141
205,1,103,811.430446,-41.236059
205,1,104,816.097574,-37.099124
205,1,105,820.845838,-32.890185
205,1,106,825.746516,-28.546088
205,1,107,830.870889,-24.003682
205,1,108,836.290234,-19.199815
205,1,109,842.075831,-14.071335
205,1,110,848.287747,-8.574743
205,1,111,854.941205,-2.745156
205,1,112,862.040215,3.362655
205,1,113,869.588790,9.693921
205,1,114,877.590938,16.193869
205,1,115,886.050673,22.807730
205,1,116,894.972004,29.480733
205,1,117,904.358942,36.158108
205,1,118,914.215499,42.785084
205,1,119,924.545686,49.306890
205,1,120,935.353513,55.668757
205,1,121,946.642992,61.815912
205,2,1,0.000000,0.000000
205,2,2,16.036229,11.419296
205,2,3,31.366731,22.375576
205,2,4,46.042776,32.873868
205,2,5,60.115635,42.919202
205,2,6,73.636578,52.516606
205,2,7,86.656874,61.671109
205,2,8,99.227794,70.387739
205,2,9,111.400609,78.671526
205,2,10,123.226587,86.527498
205,2,11,134.756999,93.960683
205,2,12,146.043116,100.976111
205,2,13,157.136207,107.578810
205,2,14,168.083172,113.776285
205,2,15,178.913425,119.585943
205,2,16,189.652012,125.027668
205,2,17,200.323976,130.121345
205,2,18,210.954363,134.886855
205,2,19,221.568215,139.344084
205,2,20,232.190578,143.512915
205,2,21,242.846496,147.413231
205,2,22,253.561013,151.064915
205,2,23,264.359174,154.487853
205,2,24,275.266023,157.701926
205,2,25,286.306604,160.727019
205,2,26,297.490543,163.579948
205,2,27,308.765796,166.265258
205,2,28,320.064898,168.784424
205,2,29,331.320385,171.138925
205,2,30,342.464795,173.330238
205,2,31,353.430663,175.359838
205,2,32,364.150526,177.229204
205,2,33,374.556920,178.939813
205,2,34,384.582382,180.493140
205,2,35,394.159448,181.890664
205,2,36,403.220654,183.133861
205,2,37,411.698537,184.224208
205,2,38,419.543091,185.164972
205,2,39,426.774137,185.966581
205,2,40,433.428954,186.641253
205,2,41,439.544823,187.201203
205,2,42,445.159022,187.658651
205,2,43,450.308831,188.025814
205,2,44,455.031529,188.314909
205,2,45,459.364396,188.538154
205,2,46,463.344710,188.707766
205,2,47,467.009751,188.835962
205,2,48,470.396798,188.934961
205,2,49,473.543131,189.016980
205,2,50,476.490578,189.091414
205,2,51,479.299157,189.156368
205,2,52,482.033437,189.207128
205,2,53,484.757986,189.238977
205,2,54,487.537373,189.247198
205,2,55,490.436164,189.227076
205,2,56,493.518929,189.173894
205,2,57,496.850235,189.082937
205,2,58,500.494650,188.949487
205,2,59,504.516743,188.768830
205,2,60,508.981081,188.536249
205,2,61,513.952232,188.247027
205,2,62,519.476592,187.896824
205,2,63,525.527870,187.482802
205,2,64,532.061601,187.002497
205,2,65,539.033320,186.453445
205,2,66,546.398565,185.833185
205,2,67,554.112871,185.139252
205,2,68,562.131773,184.369184
205,2,69,570.410808,183.520516
205,2,70,578.905511,182.590787
205,2,71,587.571419,181.577532
205,2,72,596.364067,180.478289
205,2,73,605.238991,179.290594
205,2,74,614.155819,178.014248
205,2,75,623.090551,176.658111
205,2,76,632.023277,175.233304
205,2,77,640.934089,173.750951
205,2,78,649.803078,172.222174
205,2,79,658.610334,170.658096
205,2,80,667.335950,169.069840
205,2,81,675.960016,167.468529
205,2,82,684.462624,165.865285
205,2,83,692.823865,164.271232
205,2,84,701.023829,162.697491
205,2,85,709.042609,161.155187
205,2,86,716.867622,159.652530
205,2,87,724.515596,158.186087
205,2,88,732.010583,156.749511
205,2,89,739.376638,155.336458
205,2,90,746.637814,153.940581
205,2,91,753.818166,152.555537
205,2,92,760.941748,151.174979
205,2,93,768.032612,149.792561
205,2,94,775.114813,148.401939
205,2,95,782.212404,146.996766
205,2,96,789.349440,145.570699
205,2,97,796.549974,144.117390
205,2,98,803.837650,142.630681
205,2,99,811.234472,141.105162
205,2,100,818.762035,139.535607
205,2,101,826.441932,137.916791
205,2,102,834.295759,136.243490
205,2,103,842.345108,134.510480
205,2,104,850.611575,132.712534
205,2,105,859.116754,130.844430
205,2,106,867.882238,128.900941
205,2,107,876.929623,126.876844
205,2,108,886.280503,124.766913
205,2,109,895.956471,122.565924
205,2,110,905.981850,120.268335
205,2,111,916.391877,117.867339
205,2,112,927.224516,115.355811
205,2,113,938.517732,112.726626
205,2,114,950.309490,109.972659
205,2,115,962.637755,107.086787
205,2,116,975.540490,104.061883
205,2,117,989.055662,100.890824
205,2,118,1003.221234,97.566485
205,2,119,1018.075171,94.081741
205,2,120,1033.655438,90.429468
205,2,121,1050.000000,86.602540
210,1,1,0.000000,0.000000
210,1,2,13.514316,-14.498185
210,1,3,26.459294,-28.482669
210,1,4,38.882133,-41.934366
210,1,5,50.830030,-54.834189
210,1,6,62.350182,-67.163051
210,1,7,73.489788,-78.901868
210,1,8,84.296044,-90.031551
210,1,9,94.816149,-100.533015
210,1,10,105.097300,-110.387173
210,1,11,115.186694,-119.574938
210,1,12,125.131529,-128.077226
210,1,13,134.979003,-135.874948
210,1,14,144.769333,-142.960684
210,1,15,154.514818,-149.373671
210,1,16,164.220777,-155.164811
210,1,17,173.892529,-160.385006
210,1,18,183.535392,-165.085159
210,1,19,193.154684,-169.316172
210,1,20,202.755726,-173.128946
210,1,21,212.343834,-176.574385
210,1,22,221.924329,-179.703391
210,1,23,231.502529,-182.566865
210,1,24,241.083752,-185.215710
210,1,25,250.673317,-187.700828
210,1,26,260.272055,-190.063762
210,1,27,269.862843,-192.308613
210,1,28,279.424067,-194.430123
210,1,29,288.934118,-196.423035
210,1,30,298.371383,-198.282090
210,1,31,307.714250,-200.002031
210,1,32,316.941107,-201.577599
210,1,33,326.030344,-203.003537
210,1,34,334.960348,-204.274586
210,1,35,343.709507,-205.385488
210,1,36,352.256210,-206.330986
210,1,37,360.578844,-207.105822
210,1,38,368.654098,-207.708529
210,1,39,376.451852,-208.152812
210,1,40,383.940287,-208.456167
210,1,41,391.087583,-208.636090
210,1,42,397.861920,-208.710077
210,1,43,404.231478,-208.695625
210,1,44,410.164438,-208.610230
210,1,45,415.628980,-208.471387
210,1,46,420.593284,-208.296594
210,1,47,425.025530,-208.103346
210,1,48,428.893898,-207.909140
210,1,49,432.166569,-207.731472
210,1,50,434.838545,-207.583749
210,1,51,437.012112,-207.463022
210,1,52,438.816381,-207.362254
210,1,53,440.380461,-207.274408
210,1,54,441.833461,-207.192445
210,1,55,443.304489,-207.109330
210,1,56,444.922656,-207.018023
210,1,57,446.817070,-206.911487
210,1,58,449.116841,-206.782686
210,1,59,451.951078,-206.624581
210,1,60,455.448890,-206.430134
210,1,61,459.739387,-206.192309
210,1,62,464.918002,-205.901539
210,1,63,470.945472,-205.538136
210,1,64,477.748857,-205.079887
210,1,65,485.255218,-204.504574
210,1,66,493.391615,-203.789983
210,1,67,502.085109,-202.913897
210,1,68,511.262761,-201.854102
210,1,69,520.851632,-200.588382
210,1,70,530.778782,-199.094520
210,1,71,540.971271,-197.350302
210,1,72,551.356161,-195.333512
210,1,73,561.860513,-193.021934
210,1,74,572.420096,-190.397923
210,1,75,583.005520,-187.462114
210,1,76,593.596105,-184.219714
210,1,77,604.171169,-180.675929
210,1,78,614.710031,-176.835964
210,1,79,625.192011,-172.705025
210,1,80,635.596429,-168.288320
210,1,81,645.902602,-163.591052
210,1,82,656.089850,-158.618429
210,1,83,666.137492,-153.375657
210,1,84,676.024848,-147.867941
210,1,85,685.731236,-142.100487
210,1,86,695.236401,-136.086320
210,1,87,704.521781,-129.869740
210,1,88,713.569241,-123.502864
210,1,89,722.360645,-117.037811
210,1,90,730.877857,-110.526698
210,1,91,739.102742,-104.021643
210,1,92,747.017164,-97.574764
210,1,93,754.602986,-91.238180
210,1,94,761.842073,-85.064008
210,1,95,768.716289,-79.104366
210,1,96,775.207498,-73.411372
210,1,97,781.297565,-68.037145
210,1,98,786.983281,-63.014585
210,1,99,792.321156,-58.299729
210,1,100,797.382625,-53.829395
210,1,101,802.239124,-49.540402
210,1,102,806.962090,-45.369571
210,1,103,811.622960,-41.253719
210,1,104,816.293170,-37.129667
210,1,105,821.044156,-32.934233
210,1,106,825.947355,-28.604236
210,1,107,831.074203,-24.076496
210,1,108,836.496137,-19.287832
210,1,109,842.284593,-14.175063
210,1,110,848.499816,-8.694569
210,1,111,855.157290,-2.880973
210,1,112,862.261307,3.211540
210,1,113,869.816160,9.528788
210,1,114,877.826139,16.016586
210,1,115,886.295539,22.620750
210,1,116,895.228650,29.287096
210,1,117,904.629765,35.961441
210,1,118,914.503177,42.589600
210,1,119,924.853178,49.117389
210,1,120,935.684060,55.490624
210,1,121,947.000114,61.655122
210,2,1,0.000000,0.000000
210,2,2,16.255167,11.295721
210,2,3,31.765326,22.149190
210,2,4,46.586077,32.563000
210,2,5,60.773023,42.539744
210,2,6,74.381765,52.082016
210,2,7,87.467906,61.192408
210,2,8,100.087048,69.873514
210,2,9,112.294791,78.127927
210,2,10,124.146738,85.958240
210,2,11,135.698491,93.367045
210,2,12,147.005651,100.356937
210,2,13,158.123821,106.930507
210,2,14,169.103353,113.093424
210,2,15,179.973603,118.863655
210,2,16,190.758678,124.262240
210,2,17,201.482686,129.310221
210,2,18,212.169733,134.028639
210,2,19,222.843928,138.438534
210,2,20,233.529376,142.560949
210,2,21,244.250185,146.416925
210,2,22,255.030462,150.027502
210,2,23,265.894315,153.413721
210,2,24,276.865850,156.596625
210,2,25,287.969174,159.597254
210,2,26,299.213017,162.433254
210,2,27,310.544595,165.108688
210,2,28,321.895745,167.624227
210,2,29,333.198307,169.980538
210,2,30,344.384117,172.178290
210,2,31,355.385014,174.218152
210,2,32,366.132836,176.100793
210,2,33,376.559422,177.826882
210,2,34,386.596609,179.397087
210,2,35,396.176234,180.812076
210,2,36,405.230138,182.072520
210,2,37,413.690157,183.179085
210,2,38,421.505753,184.134387
210,2,39,428.696889,184.948816
210,2,40,435.301148,185.634709
210,2,41,441.356116,186.204402
210,2,42,446.899378,186.670231
210,2,43,451.968519,187.044533
210,2,44,456.601124,187.339644
210,2,45,460.834778,187.567900
210,2,46,464.707067,187.741638
210,2,47,468.255575,187.873194
210,2,48,471.517888,187.974904
210,2,49,474.531591,188.059104
210,2,50,477.339097,188.135295
210,2,51,480.002134,188.201635
210,2,52,482.587259,188.253446
210,2,53,485.161030,188.286049
210,2,54,487.790002,188.294766
210,2,55,490.540732,188.274920
210,2,56,493.479776,188.221831
210,2,57,496.673693,188.130823
210,2,58,500.189037,187.997217
210,2,59,504.092366,187.816334
210,2,60,508.450237,187.583498
210,2,61,513.329206,187.294029
210,2,62,518.777172,186.943596
210,2,63,524.767400,186.529257
210,2,64,531.254499,186.048415
210,2,65,538.193075,185.498474
210,2,66,545.537737,184.876839
210,2,67,553.243091,184.180912
210,2,68,561.263747,183.408098
210,2,69,569.554310,182.555801
210,2,70,578.069390,181.621425
210,2,71,586.763593,180.602373
210,2,72,595.591527,179.496050
210,2,73,604.507801,178.299858
210,2,74,613.471100,177.013599
210,2,75,622.456434,175.646652
210,2,76,631.442887,174.210795
210,2,77,640.409548,172.717803
210,2,78,649.335503,171.179454
210,2,79,658.199840,169.607525
210,2,80,666.981645,168.013791
210,2,81,675.660005,166.410030
210,2,82,684.214008,164.808018
210,2,83,692.622739,163.219532
210,2,84,700.865287,161.656348
210,2,85,708.920738,160.130243
210,2,86,716.775782,158.649843
210,2,87,724.447516,157.211175
210,2,88,731.960642,155.807116
210,2,89,739.339862,154.430541
210,2,90,746.609875,153.074326
210,2,91,753.795382,151.731349
210,2,92,760.921086,150.394485
210,2,93,768.011685,149.056611
210,2,94,775.091883,147.710602
210,2,95,782.186378,146.349336
210,2,96,789.319873,144.965688
210,2,97,796.517068,143.552535
210,2,98,803.802138,142.103102
210,2,99,811.197162,140.612006
210,2,100,818.723691,139.074214
210,2,101,826.403277,137.484694
210,2,102,834.257471,135.838410
210,2,103,842.307825,134.130331
210,2,104,850.575892,132.355422
210,2,105,859.083224,130.508650
210,2,106,867.851371,128.584981
210,2,107,876.901887,126.579383
210,2,108,886.256323,124.486822
210,2,109,895.936230,122.302264
210,2,110,905.965866,120.020400
210,2,111,916.380304,117.634815
210,2,112,927.217323,115.138820
210,2,113,938.514699,112.525725
210,2,114,950.310212,109.788840
210,2,115,962.641641,106.921474
210,2,116,975.546762,103.916937
210,2,117,989.063354,100.768539
210,2,118,1003.229196,97.469591
210,2,119,1018.082065,94.013402
210,2,120,1033.659741,90.393282
210,2,121,1050.000000,86.602540
215,1,1,0.000000,0.000000
215,1,2,13.536356,-14.468150
215,1,3,26.503185,-28.427518
215,1,4,38.947567,-41.858563
215,1,5,50.916581,-54.741744
215,1,6,62.457308,-67.057522
215,1,7,73.616827,-78.786355
215,1,8,84.442218,-89.908703
215,1,9,94.980561,-100.405024
215,1,10,105.278936,-110.255780
215,1,11,115.384421,-119.441428
215,1,12,125.344099,-127.942428
215,1,13,135.205047,-135.739240
215,1,14,145.007398,-142.824076
215,1,15,154.763490,-149.236163
215,1,16,164.478714,-155.026481
215,1,17,174.158461,-160.246009
215,1,18,183.808120,-164.945727
215,1,19,193.433082,-169.176615
215,1,20,203.038739,-172.989652
215,1,21,212.630479,-176.435820
215,1,22,222.213695,-179.566096
215,1,23,231.793775,-182.431462
215,1,24,241.376112,-185.082897
215,1,25,250.966094,-187.571381
215,1,26,260.564599,-189.938499
215,1,27,270.154448,-192.188261
215,1,28,279.713948,-194.315283
215,1,29,289.221406,-196.314181
215,1,30,298.655129,-198.179570
215,1,31,307.993425,-199.906067
215,1,32,317.214600,-201.488285
215,1,33,326.296961,-202.920842
215,1,34,335.218816,-204.198353
215,1,35,343.958472,-205.315434
215,1,36,352.494236,-206.266700
215,1,37,360.804415,-207.046767
215,1,38,368.865670,-207.654080
215,1,39,376.648081,-208.102402
215,1,40,384.120082,-208.409324
215,1,41,391.250106,-208.592438
215,1,42,398.006587,-208.669337
215,1,43,404.357959,-208.657611
215,1,44,410.272655,-208.574854
215,1,45,415.719109,-208.438656
215,1,46,420.665755,-208.266610
215,1,47,425.081026,-208.076308
215,1,48,428.933357,-207.885341
215,1,49,432.191180,-207.711301
215,1,50,434.849676,-207.567650
215,1,51,437.011012,-207.451321
215,1,52,438.804098,-207.355120
215,1,53,440.357848,-207.271849
215,1,54,441.801174,-207.194314
215,1,55,443.262988,-207.115317
215,1,56,444.872202,-207.027663
215,1,57,446.757729,-206.924155
215,1,58,449.048482,-206.797599
215,1,59,451.873371,-206.640797
215,1,60,455.361311,-206.446553
215,1,61,459.641212,-206.207672
215,1,62,464.808397,-205.914477
215,1,63,470.823819,-205.547377
215,1,64,477.614843,-205.084297
215,1,65,485.108833,-204.503167
215,1,66,493.233151,-203.781912
215,1,67,501.915161,-202.898461
215,1,68,511.082228,-201.830741
215,1,69,520.661715,-200.556679
215,1,70,530.580984,-199.054203
215,1,71,540.767401,-197.301241
215,1,72,551.148328,-195.275719
215,1,73,561.651130,-192.955566
215,1,74,572.211798,-190.323269
215,1,75,582.800840,-187.379563
215,1,76,593.397392,-184.129743
215,1,77,603.980590,-180.579104
215,1,78,614.529571,-176.732940
215,1,79,625.023469,-172.596548
215,1,80,635.441423,-168.175222
215,1,81,645.762567,-163.474257
215,1,82,655.966038,-158.498948
215,1,83,666.030972,-153.254591
215,1,84,675.936505,-147.746480
215,1,85,685.661773,-141.979911
215,1,86,695.186332,-135.967961
215,1,87,704.491410,-129.754844
215,1,88,713.558657,-123.392556
215,1,89,722.369721,-116.933092
215,1,90,730.906252,-110.428449
215,1,91,739.149897,-103.930622
215,1,92,747.082306,-97.491608
215,1,93,754.685127,-91.163401
215,1,94,761.940009,-84.998000
215,1,95,768.828600,-79.047398
215,1,96,775.332550,-73.363593
215,1,97,781.433506,-67.998580
215,1,98,787.128126,-62.985174
215,1,99,792.473094,-58.279468
215,1,100,797.540102,-53.818371
215,1,101,802.400843,-49.538796
215,1,102,807.127010,-45.377652
215,1,103,811.790294,-41.271852
215,1,104,816.462388,-37.158305
215,1,105,821.214985,-32.973922
215,1,106,826.119777,-28.655615
215,1,107,831.248457,-24.140295
215,1,108,836.672716,-19.364872
215,1,109,842.464248,-14.266258
215,1,110,848.683605,-8.800813
215,1,111,855.346784,-3.002703
215,1,112,862.458645,3.074458
215,1,113,870.024045,9.377055
215,1,114,878.047841,15.851473
215,1,115,886.534892,22.444096
215,1,116,895.490057,29.101311
215,1,117,904.918192,35.769500
215,1,118,914.824157,42.395051
215,1,119,925.212809,48.924348
215,1,120,936.089007,55.303775
215,1,121,947.457607,61.479718
215,2,1,0.000000,0.000000
215,2,2,16.301678,11.453431
215,2,3,31.853611,22.438576
215,2,4,46.712677,32.960444
215,2,5,60.935755,43.024043
215,2,6,74.579724,52.634383
215,2,7,87.701460,61.796473
215,2,8,100.357844,70.515321
215,2,9,112.605752,78.795937
215,2,10,124.502064,86.643330
215,2,11,136.103658,94.062508
215,2,12,147.467413,101.058481
215,2,13,158.650206,107.636258
215,2,14,169.703247,113.803330
215,2,15,180.655076,119.577122
215,2,16,191.528562,124.977540
215,2,17,202.346575,130.024490
215,2,18,213.131985,134.737880
215,2,19,223.907663,139.137616
215,2,20,234.696477,143.243604
215,2,21,245.521299,147.075751
215,2,22,256.404999,150.653964
215,2,23,267.370446,153.998149
215,2,24,278.440510,157.128213
215,2,25,289.638062,160.064062
215,2,26,300.970711,162.822745
215,2,27,312.385023,165.409868
215,2,28,323.812305,167.828180
215,2,29,335.183861,170.080431
215,2,30,346.430998,172.169369
215,2,31,357.485021,174.097743
215,2,32,368.277237,175.868301
215,2,33,378.738951,177.483793
215,2,34,388.801468,178.946966
215,2,35,398.396095,180.260570
215,2,36,407.454137,181.427353
215,2,37,415.906900,182.450064
215,2,38,423.703366,183.332892
215,2,39,430.863222,184.085787
215,2,40,437.423833,184.720138
215,2,41,443.422561,185.247336
215,2,42,448.896771,185.678771
215,2,43,453.883826,186.025832
215,2,44,458.421090,186.299910
215,2,45,462.545927,186.512395
215,2,46,466.295699,186.674676
215,2,47,469.707772,186.798144
215,2,48,472.819508,186.894188
215,2,49,475.668272,186.974199
215,2,50,478.296849,187.046875
215,2,51,480.769716,187.110147
215,2,52,483.156772,187.159252
215,2,53,485.527917,187.189431
215,2,54,487.953050,187.195921
215,2,55,490.502069,187.173962
215,2,56,493.244875,187.118793
215,2,57,496.251366,187.025651
215,2,58,499.591442,186.889777
215,2,59,503.335001,186.706408
215,2,60,507.551944,186.470785
215,2,61,512.312168,186.178144
215,2,62,517.666052,185.824088
215,2,63,523.585885,185.405668
215,2,64,530.024433,184.920297
215,2,65,536.934464,184.365389
215,2,66,544.268745,183.738356
215,2,67,551.980043,183.036613
215,2,68,560.021125,182.257573
215,2,69,568.344759,181.398648
215,2,70,576.903711,180.457254
215,2,71,585.650749,179.430802
215,2,72,594.538641,178.316707
215,2,73,603.520152,177.112382
215,2,74,612.552278,175.817721
215,2,75,621.608923,174.442538
215,2,76,630.668218,172.999128
215,2,77,639.708297,171.499788
215,2,78,648.707290,169.956812
215,2,79,657.643329,168.382494
215,2,80,666.494546,166.789131
215,2,81,675.239072,165.189018
215,2,82,683.855041,163.594449
215,2,83,692.320583,162.017720
215,2,84,700.613830,160.471126
215,2,85,708.712914,158.966962
215,2,86,716.603856,157.514164
215,2,87,724.304232,156.108232
215,2,88,731.839507,154.741306
215,2,89,739.235146,153.405527
215,2,90,746.516615,152.093035
215,2,91,753.709378,150.795971
215,2,92,760.838901,149.506476
215,2,93,767.930649,148.216689
215,2,94,775.010086,146.918752
215,2,95,782.102680,145.604804
215,2,96,789.233893,144.266987
215,2,97,796.429192,142.897440
215,2,98,803.713374,141.488803
215,2,99,811.108569,140.035706
215,2,100,818.636236,138.533279
215,2,101,826.317837,136.976649
215,2,102,834.174834,135.360947
215,2,103,842.228687,133.681301
215,2,104,850.500858,131.932841
215,2,105,859.012808,130.110694
215,2,106,867.785998,128.209990
215,2,107,876.841889,126.225859
215,2,108,886.201942,124.153429
215,2,109,895.887619,121.987828
215,2,110,905.923085,119.723980
215,2,111,916.343326,117.355977
215,2,112,927.186030,114.877707
215,2,113,938.488888,112.283055
215,2,114,950.289588,109.565910
215,2,115,962.625820,106.720157
215,2,116,975.535274,103.739684
215,2,117,989.055639,100.618376
215,2,118,1003.224605,97.350121
215,2,119,1018.079860,93.928806
215,2,120,1033.659096,90.348317
215,2,121,1050.000000,86.602540
220,1,1,0.000000,0.000000
220,1,2,13.561538,-14.437444
220,1,3,26.552279,-28.371085
220,1,4,39.019302,-41.780920
220,1,5,51.009690,-54.646945
220,1,6,62.570522,-66.949157
220,1,7,73.748879,-78.667551
220,1,8,84.591843,-89.782126
220,1,9,95.146493,-100.272876
220,1,10,105.459911,-110.119798
220,1,11,115.579177,-119.302889
220,1,12,125.551373,-127.802145
220,1,13,135.423578,-135.597563
220,1,14,145.235950,-142.680995
220,1,15,155.000956,-149.091725
220,1,16,164.724137,-154.880892
220,1,17,174.411036,-160.099634
220,1,18,184.067194,-164.799092
220,1,19,193.698155,-169.030406
220,1,20,203.309461,-172.844714
220,1,21,212.906653,-176.293155
220,1,22,222.495275,-179.426871
220,1,23,232.080869,-182.296999
220,1,24,241.668977,-184.954679
220,1,25,251.265141,-187.451051
220,1,26,260.870307,-189.827775
220,1,27,270.467033,-192.088589
220,1,28,280.033279,-194.227753
220,1,29,289.547007,-196.239527
220,1,30,298.986177,-198.118171
220,1,31,308.328749,-199.857943
220,1,32,317.552686,-201.453104
220,1,33,326.635947,-202.897913
220,1,34,335.556493,-204.186629
220,1,35,344.292286,-205.313513
220,1,36,352.821286,-206.272823
220,1,37,361.121454,-207.058819
220,1,38,369.169232,-207.669696
220,1,39,376.934985,-208.119395
220,1,40,384.387561,-208.425791
220,1,41,391.495807,-208.606759
220,1,42,398.228569,-208.680175
220,1,43,404.554694,-208.663915
220,1,44,410.443029,-208.575854
220,1,45,415.862422,-208.433868
220,1,46,420.781718,-208.255833
220,1,47,425.169766,-208.059624
220,1,48,428.995411,-207.863116
220,1,49,432.227501,-207.684187
220,1,50,434.861552,-207.536521
220,1,51,436.999763,-207.417048
220,1,52,438.770999,-207.318510
220,1,53,440.304128,-207.233646
220,1,54,441.728018,-207.155198
220,1,55,443.171536,-207.075905
220,1,56,444.763548,-206.988509
220,1,57,446.632923,-206.885750
220,1,58,448.908526,-206.760368
220,1,59,451.719226,-206.605104
220,1,60,455.193890,-206.412699
220,1,61,459.461384,-206.175893
220,1,62,464.617006,-205.884936
220,1,63,470.621768,-205.520123
220,1,64,477.403114,-205.059256
220,1,65,484.888486,-204.480138
220,1,66,493.005326,-203.760572
220,1,67,501.681078,-202.878361
220,1,68,510.843185,-201.811309
220,1,69,520.419087,-200.537219
220,1,70,530.336230,-199.033894
220,1,71,540.522054,-197.279137
220,1,72,550.904004,-195.250751
220,1,73,561.409521,-192.926540
220,1,74,571.974647,-190.288930
220,1,75,582.569817,-187.338842
220,1,76,593.174067,-184.081823
220,1,77,603.766430,-180.523416
220,1,78,614.325941,-176.669168
220,1,79,624.831635,-172.524623
220,1,80,635.262546,-168.095327
220,1,81,645.597708,-163.386825
220,1,82,655.816156,-158.404662
220,1,83,665.896925,-153.154383
220,1,84,675.819048,-147.641533
220,1,85,685.561561,-141.871658
220,1,86,695.103902,-135.858025
220,1,87,704.427131,-129.644795
220,1,88,713.512713,-123.283851
220,1,89,722.342111,-116.827076
220,1,90,730.896790,-110.326352
220,1,91,739.158214,-103.833563
220,1,92,747.107848,-97.400592
220,1,93,754.727155,-91.079321
220,1,94,761.997601,-84.921635
220,1,95,768.900648,-78.979415
220,1,96,775.417763,-73.304544
220,1,97,781.530408,-67.948907
220,1,98,787.235116,-62.945224
220,1,99,792.588696,-58.249576
220,1,100,797.663021,-53.798882
220,1,101,802.529968,-49.530061
220,1,102,807.261413,-45.380031
220,1,103,811.929230,-41.285712
220,1,104,816.605295,-37.184023
220,1,105,821.361484,-33.011882
220,1,106,826.269672,-28.706209
220,1,107,831.401735,-24.203923
220,1,108,836.829549,-19.441943
220,1,109,842.624988,-14.357187
220,1,110,848.848884,-8.905981
220,1,111,855.517889,-3.122272
220,1,112,862.637613,2.940583
220,1,113,870.213662,9.229232
220,1,114,878.251646,15.690320
220,1,115,886.757172,22.270492
220,1,116,895.735850,28.916394
220,1,117,905.193286,35.574671
220,1,118,915.135091,42.191970
220,1,119,925.566871,48.714935
220,1,120,936.494235,55.090213
220,1,121,947.922791,61.264449
220,2,1,0.000000,0.000000
220,2,2,16.428327,11.517804
220,2,3,32.086661,22.556192
220,2,4,47.034554,33.121076
220,2,5,61.331563,43.218368
220,2,6,75.037241,52.853980
220,2,7,88.211145,62.033825
220,2,8,100.912828,70.763816
220,2,9,113.201845,79.049864
220,2,10,125.137751,86.897883
220,2,11,136.780100,94.313784
220,2,12,148.188448,101.303479
220,2,13,159.422349,107.872882
220,2,14,170.535039,114.030163
220,2,15,181.554479,119.792525
220,2,16,192.502310,125.179432
220,2,17,203.400173,130.210346
220,2,18,214.269711,134.904729
220,2,19,225.132564,139.282044
220,2,20,236.010375,143.361752
220,2,21,246.924785,147.163317
220,2,22,257.897435,150.706201
220,2,23,268.949968,154.009865
220,2,24,280.104024,157.093774
220,2,25,291.381245,159.977388
220,2,26,302.788129,162.677580
220,2,27,314.270594,165.200864
220,2,28,325.759415,167.551163
220,2,29,337.185367,169.732400
220,2,30,348.479225,171.748498
220,2,31,359.571762,173.603381
220,2,32,370.393754,175.300971
220,2,33,380.875976,176.845192
220,2,34,390.949201,178.239967
220,2,35,400.544205,179.489220
220,2,36,409.591762,180.596873
220,2,37,418.022646,181.566850
220,2,38,425.785398,182.404215
220,2,39,432.899616,183.118594
220,2,40,439.402665,183.720755
220,2,41,445.331907,184.221465
220,2,42,450.724707,184.631490
220,2,43,455.618428,184.961599
220,2,44,460.050435,185.222559
220,2,45,464.058090,185.425137
220,2,46,467.678759,185.580100
220,2,47,470.949804,185.698215
220,2,48,473.908590,185.790250
220,2,49,476.592481,185.866973
220,2,50,479.044764,185.936555
220,2,51,481.332430,185.996794
220,2,52,483.528392,186.042894
220,2,53,485.705565,186.070056
220,2,54,487.936863,186.073485
220,2,55,490.295199,186.048381
220,2,56,492.853488,185.989949
220,2,57,495.684645,185.893392
220,2,58,498.861582,185.753911
220,2,59,502.457215,185.566711
220,2,60,506.544458,185.326994
220,2,61,511.196223,185.029962
220,2,62,516.465117,184.671209
220,2,63,522.322502,184.247889
220,2,64,528.719431,183.757546
220,2,65,535.606958,183.197725
220,2,66,542.936136,182.565970
220,2,67,550.658019,181.859826
220,2,68,558.723660,181.076836
220,2,69,567.084113,180.214546
220,2,70,575.690431,179.270500
220,2,71,584.493667,178.242241
220,2,72,593.444874,177.127315
220,2,73,602.495107,175.923266
220,2,74,611.599757,174.630117
220,2,75,620.731572,173.257804
220,2,76,629.867637,171.818746
220,2,77,638.985040,170.325356
220,2,78,648.060865,168.790052
220,2,79,657.072199,167.225249
220,2,80,665.996129,165.643364
220,2,81,674.809740,164.056812
220,2,82,683.490118,162.478009
220,2,83,692.014350,160.919372
220,2,84,700.359522,159.393317
220,2,85,708.502719,157.912259
220,2,86,716.429238,156.485182
220,2,87,724.157218,155.107336
220,2,88,731.713007,153.770540
220,2,89,739.122954,152.466612
220,2,90,746.413407,151.187369
220,2,91,753.610714,149.924629
220,2,92,760.741224,148.670210
220,2,93,767.831287,147.415931
220,2,94,774.907250,146.153609
220,2,95,781.995461,144.875062
220,2,96,789.122270,143.572109
220,2,97,796.314026,142.236566
220,2,98,803.596237,140.860810
220,2,99,810.991057,139.439444
220,2,100,818.519801,137.967628
220,2,101,826.203783,136.440523
220,2,102,834.064319,134.853291
220,2,103,842.122722,133.201091
220,2,104,850.400308,131.479085
220,2,105,858.918391,129.682434
220,2,106,867.698285,127.806297
220,2,107,876.761306,125.845836
220,2,108,886.128768,123.796212
220,2,109,895.821985,121.652586
220,2,110,905.864987,119.409983
220,2,111,916.292666,117.062890
220,2,112,927.142627,114.605660
220,2,113,938.452477,112.032645
220,2,114,950.259821,109.338197
220,2,115,962.602266,106.516669
220,2,116,975.517419,103.562413
220,2,117,989.042884,100.469781
220,2,118,1003.216269,97.233126
220,2,119,1018.075179,93.846799
220,2,120,1033.657221,90.305153
220,2,121,1050.000000,86.602540
225,1,1,0.000000,0.000000
225,1,2,13.603498,-14.393942
225,1,3,26.631754,-28.290793
225,1,4,39.132144,-41.669923
225,1,5,51.152043,-54.510706
225,1,6,62.738829,-66.792513
225,1,7,73.939877,-78.494717
225,1,8,84.802563,-89.596691
225,1,9,95.374262,-100.077806
225,1,10,105.702352,-109.917434
225,1,11,115.834208,-119.094948
225,1,12,125.817206,-127.589720
225,1,13,135.698723,-135.381123
225,1,14,145.519179,-142.460513
225,1,15,155.291183,-148.867186
225,1,16,165.020385,-154.652422
225,1,17,174.712440,-159.867502
225,1,18,184.373000,-164.563707
225,1,19,194.007717,-168.792315
225,1,20,203.622245,-172.604609
225,1,21,213.222235,-176.051869
225,1,22,222.813341,-179.185374
225,1,23,232.401214,-182.056406
225,1,24,241.991509,-184.716244
225,1,25,251.589877,-187.216169
225,1,26,261.197326,-189.597932
225,1,27,270.796284,-191.865161
225,1,28,280.364533,-194.011955
225,1,29,289.879857,-196.032412
225,1,30,299.320038,-197.920632
225,1,31,308.662859,-199.670713
225,1,32,317.886103,-201.276754
225,1,33,326.967551,-202.732854
225,1,34,335.884988,-204.033110
225,1,35,344.616195,-205.171623
225,1,36,353.138956,-206.142490
225,1,37,361.431054,-206.939811
225,1,38,369.468803,-207.561642
225,1,39,377.222655,-208.021868
225,1,40,384.661591,-208.338335
225,1,41,391.754595,-208.528886
225,1,42,398.470650,-208.611365
225,1,43,404.778738,-208.603616
225,1,44,410.647843,-208.523483
225,1,45,416.046947,-208.388811
225,1,46,420.945034,-208.217442
225,1,47,425.311086,-208.027221
225,1,48,429.114085,-207.835993
225,1,49,432.323016,-207.661600
225,1,50,434.933529,-207.517697
225,1,51,437.047948,-207.401180
225,1,52,438.795263,-207.304752
225,1,53,440.304467,-207.221118
225,1,54,441.704551,-207.142983
225,1,55,443.124506,-207.063051
225,1,56,444.693324,-206.974029
225,1,57,446.539997,-206.868619
225,1,58,448.793515,-206.739528
225,1,59,451.582871,-206.579459
225,1,60,455.037056,-206.381118
225,1,61,459.285061,-206.137208
225,1,62,464.422305,-205.837986
225,1,63,470.409912,-205.463906
225,1,64,477.175435,-204.992972
225,1,65,484.646426,-204.403189
225,1,66,492.750437,-203.672562
225,1,67,501.415019,-202.779096
225,1,68,510.567725,-201.700796
225,1,69,520.136106,-200.415666
225,1,70,530.047715,-198.901711
225,1,71,540.230104,-197.136935
225,1,72,550.610823,-195.099345
225,1,73,561.117426,-192.766943
225,1,74,571.686016,-190.122318
225,1,75,582.286902,-187.166389
225,1,76,592.898945,-183.904654
225,1,77,603.501007,-180.342615
225,1,78,614.071947,-176.485773
225,1,79,624.590628,-172.339629
225,1,80,635.035911,-167.909682
225,1,81,645.386656,-163.201433
225,1,82,655.621724,-158.220384
225,1,83,665.719976,-152.972034
225,1,84,675.660273,-147.461885
225,1,85,685.421477,-141.695437
225,1,86,694.982853,-135.685916
225,1,87,704.325286,-129.477452
225,1,88,713.430064,-123.121900
225,1,89,722.278477,-116.671115
225,1,90,730.851814,-110.176951
225,1,91,739.131364,-103.691265
225,1,92,747.098416,-97.265912
225,1,93,754.734261,-90.952745
225,1,94,762.020185,-84.803621
225,1,95,768.937480,-78.870395
225,1,96,775.467434,-73.204921
225,1,97,781.591336,-67.859056
225,1,98,787.305614,-62.865503
225,1,99,792.667251,-58.180371
225,1,100,797.748366,-53.740616
225,1,101,802.621082,-49.483195
225,1,102,807.357519,-45.345067
225,1,103,812.029798,-41.263187
225,1,104,816.710040,-37.174514
225,1,105,821.470366,-33.016004
225,1,106,826.382896,-28.724615
225,1,107,831.519751,-24.237303
225,1,108,836.953054,-19.491027
225,1,109,842.754923,-14.422744
225,1,110,848.986504,-8.988790
225,1,111,855.665030,-3.223025
225,1,112,862.796759,2.821310
225,1,113,870.387949,9.090976
225,1,114,878.444857,15.532734
225,1,115,886.973740,22.093343
225,1,116,895.980855,28.719564
225,1,117,905.472461,35.358158
225,1,118,915.454814,41.955883
225,1,119,925.934172,48.459501
225,1,120,936.916792,54.815772
225,1,121,948.408932,60.971456
225,2,1,0.000000,0.000000
225,2,2,16.609907,11.514665
225,2,3,32.418767,22.549792
225,2,4,47.489780,33.111109
225,2,5,61.886143,43.204341
225,2,6,75.671057,52.835216
225,2,7,88.907718,62.009460
225,2,8,101.659325,70.732800
225,2,9,113.989078,79.010962
225,2,10,125.960174,86.849673
225,2,11,137.635813,94.254659
225,2,12,149.079191,101.231648
225,2,13,160.353509,107.786365
225,2,14,171.514834,113.926826
225,2,15,182.590707,119.670195
225,2,16,193.601541,125.035925
225,2,17,204.567747,130.043469
225,2,18,215.509737,134.712280
225,2,19,226.447922,139.061811
225,2,20,237.402713,143.111515
225,2,21,248.394523,146.880845
225,2,22,259.443762,150.389252
225,2,23,270.570842,153.656192
225,2,24,281.796174,156.701115
225,2,25,293.140171,159.543476
225,2,26,304.608183,162.200229
225,2,27,316.145321,164.678341
225,2,28,327.681636,166.982278
225,2,29,339.147178,169.116510
225,2,30,350.471999,171.085504
225,2,31,361.586148,172.893729
225,2,32,372.419676,174.545652
225,2,33,382.902635,176.045742
225,2,34,392.965073,177.398467
225,2,35,402.537043,178.608294
225,2,36,411.548595,179.679693
225,2,37,419.929779,180.617130
225,2,38,427.628710,181.426066
225,2,39,434.665758,182.115924
225,2,40,441.079357,182.697121
225,2,41,446.907939,183.180072
225,2,42,452.189940,183.575194
225,2,43,456.963793,183.892900
225,2,44,461.267932,184.143608
225,2,45,465.140790,184.337733
225,2,46,468.620801,184.485691
225,2,47,471.746400,184.597897
225,2,48,474.556019,184.684767
225,2,49,477.088093,184.756717
225,2,50,479.387043,184.821629
225,2,51,481.521239,184.877249
225,2,52,483.565040,184.918790
225,2,53,485.592804,184.941465
225,2,54,487.678889,184.940487
225,2,55,489.897654,184.911069
225,2,56,492.323456,184.848424
225,2,57,495.030654,184.747764
225,2,58,498.093606,184.604303
225,2,59,501.586670,184.413253
225,2,60,505.584204,184.169827
225,2,61,510.160567,183.869238
225,2,62,515.369426,183.507114
225,2,63,521.181681,183.080746
225,2,64,527.547544,182.587841
225,2,65,534.417225,182.026103
225,2,66,541.740932,181.393241
225,2,67,549.468878,180.686958
225,2,68,557.551272,179.904963
225,2,69,565.938325,179.044960
225,2,70,574.580246,178.104657
225,2,71,583.427246,177.081759
225,2,72,592.429535,175.973972
225,2,73,601.537324,174.779003
225,2,74,610.705093,173.496977
225,2,75,619.904404,172.137703
225,2,76,629.111091,170.713406
225,2,77,638.300988,169.236315
225,2,78,647.449926,167.718657
225,2,79,656.533740,166.172658
225,2,80,665.528263,164.610546
225,2,81,674.409328,163.044548
225,2,82,683.152767,161.486892
225,2,83,691.734414,159.949804
225,2,84,700.130103,158.445511
225,2,85,708.315666,156.986242
225,2,86,716.275519,155.580832
225,2,87,724.028402,154.224552
225,2,88,731.601640,152.909283
225,2,89,739.022556,151.626905
225,2,90,746.318473,150.369298
225,2,91,753.516714,149.128343
225,2,92,760.644604,147.895920
225,2,93,767.729465,146.663909
225,2,94,774.798620,145.424190
225,2,95,781.879395,144.168644
225,2,96,788.999110,142.889150
225,2,97,796.185091,141.577590
225,2,98,803.463627,140.226374
225,2,99,810.856871,138.830032
225,2,100,818.385945,137.383624
225,2,101,826.071968,135.882212
225,2,102,833.936062,134.320857
225,2,103,841.999347,132.694618
225,2,104,850.282942,130.998557
225,2,105,858.807970,129.227735
225,2,106,867.595549,127.377211
225,2,107,876.666802,125.442047
225,2,108,886.042847,123.417304
225,2,109,895.744805,121.298041
225,2,110,905.796531,119.079266
225,2,111,916.232809,116.755767
225,2,112,927.091157,114.322279
225,2,113,938.409094,111.773536
225,2,114,950.224139,109.104272
225,2,115,962.573810,106.309222
225,2,116,975.495624,103.383120
225,2,117,989.027101,100.320701
225,2,118,1003.205759,97.116699
225,2,119,1018.069116,93.765849
225,2,120,1033.654690,90.262884
225,2,121,1050.000000,86.602540
230,1,1,0.000000,0.000000
230,1,2,13.649607,-14.347597
230,1,3,26.718701,-28.205133
230,1,4,39.255030,-41.551328
230,1,5,51.306345,-54.364901
230,1,6,62.920392,-66.624571
230,1,7,74.144920,-78.309057
230,1,8,85.027679,-89.397078
230,1,9,95.616416,-99.867353
230,1,10,105.958880,-109.698601
230,1,11,116.102820,-118.869541
230,1,12,126.095983,-127.358892
230,1,13,135.986119,-135.145373
230,1,14,145.813993,-142.219837
230,1,15,155.592434,-148.621668
230,1,16,165.327289,-154.402385
230,1,17,175.024404,-159.613504
230,1,18,184.689625,-164.306544
230,1,19,194.328800,-168.533024
230,1,20,203.947773,-172.344460
230,1,21,213.552393,-175.792371
230,1,22,223.148504,-178.928275
230,1,23,232.741953,-181.803690
230,1,24,242.338587,-184.470134
230,1,25,251.944253,-186.979124
230,1,26,261.560038,-189.372531
230,1,27,271.168001,-191.653634
230,1,28,280.745442,-193.816062
230,1,29,290.269663,-195.853447
230,1,30,299.717963,-197.759418
230,1,31,309.067644,-199.527608
230,1,32,318.296005,-201.151645
230,1,33,327.380348,-202.625162
230,1,34,336.297973,-203.941787
230,1,35,345.026181,-205.095153
230,1,36,353.542272,-206.078890
230,1,37,361.823546,-206.886627
230,1,38,369.846006,-207.516087
230,1,39,377.580454,-207.981347
230,1,40,384.996395,-208.300579
230,1,41,392.063334,-208.491951
230,1,42,398.750774,-208.573633
230,1,43,405.028221,-208.563795
230,1,44,410.865179,-208.480605
230,1,45,416.231151,-208.342235
230,1,46,421.095642,-208.166852
230,1,47,425.428157,-207.972628
230,1,48,429.198201,-207.777730
230,1,49,432.375276,-207.600329
230,1,50,434.955463,-207.454328
230,1,51,437.041140,-207.336563
230,1,52,438.761259,-207.239603
230,1,53,440.244772,-207.156016
230,1,54,441.620634,-207.078374
230,1,55,443.017796,-206.999244
230,1,56,444.565211,-206.911196
230,1,57,446.391832,-206.806799
230,1,58,448.626611,-206.678623
230,1,59,451.398502,-206.519236
230,1,60,454.836458,-206.321209
230,1,61,459.069430,-206.077110
230,1,62,464.192813,-205.777084
230,1,63,470.167767,-205.401573
230,1,64,476.921892,-204.928597
230,1,65,484.382791,-204.336173
230,1,66,492.478064,-203.602320
230,1,67,501.135312,-202.705055
230,1,68,510.282136,-201.622398
230,1,69,519.846138,-200.332367
230,1,70,529.754919,-198.812979
230,1,71,539.936080,-197.042253
230,1,72,550.317222,-194.998207
230,1,73,560.825945,-192.658860
230,1,74,571.398383,-190.006843
230,1,75,582.004790,-187.043238
230,1,76,592.623951,-183.773740
230,1,77,603.234652,-180.204045
230,1,78,613.815680,-176.339849
230,1,79,624.345819,-172.186847
230,1,80,634.803855,-167.750733
230,1,81,645.168574,-163.037204
230,1,82,655.418761,-158.051956
230,1,83,665.533203,-152.800682
230,1,84,675.490684,-147.289079
230,1,85,685.269991,-141.522843
230,1,86,694.850289,-135.515336
230,1,87,704.212266,-129.310594
230,1,88,713.336987,-122.960320
230,1,89,722.205521,-116.516217
230,1,90,730.798934,-110.029990
230,1,91,739.098294,-103.553341
230,1,92,747.084667,-97.137973
230,1,93,754.739120,-90.835590
230,1,94,762.042720,-84.697895
230,1,95,768.976535,-78.776592
230,1,96,775.521631,-73.123384
230,1,97,781.659076,-67.789974
230,1,98,787.385144,-62.808943
230,1,99,792.756946,-58.136385
230,1,100,797.846799,-53.709270
230,1,101,802.727020,-49.464569
230,1,102,807.469928,-45.339252
230,1,103,812.147839,-41.270291
230,1,104,816.833073,-37.194656
230,1,105,821.597946,-33.049319
230,1,106,826.514777,-28.771249
230,1,107,831.655882,-24.297418
230,1,108,837.093580,-19.564797
230,1,109,842.900189,-14.510356
230,1,110,849.137258,-9.090379
230,1,111,855.823261,-3.338406
230,1,112,862.965908,2.692712
230,1,113,870.572904,8.950123
230,1,114,878.651957,15.380974
230,1,115,887.210775,21.932414
230,1,116,896.257064,28.551590
230,1,117,905.798532,35.185650
230,1,118,915.842886,41.781743
230,1,119,926.397832,48.287016
230,1,120,937.471079,54.648616
230,1,121,949.070334,60.813693
230,2,1,0.000000,0.000000
230,2,2,16.717152,11.611493
230,2,3,32.616661,22.726771
230,2,4,47.764031,33.353121
230,2,5,62.224765,43.497834
230,2,6,76.064364,53.168199
230,2,7,89.348332,62.371506
230,2,8,102.142171,71.115042
230,2,9,114.511383,79.406099
230,2,10,126.521472,87.251964
230,2,11,138.237939,94.659928
230,2,12,149.726287,101.637279
230,2,13,161.052020,108.191308
230,2,14,172.272907,114.331190
230,2,15,183.415788,120.073654
230,2,16,194.499774,125.437316
230,2,17,205.543972,130.440791
230,2,18,216.567490,135.102693
230,2,19,227.589439,139.441640
230,2,20,238.628926,143.476247
230,2,21,249.705059,147.225129
230,2,22,260.836948,150.706901
230,2,23,272.043701,153.940180
230,2,24,283.344427,156.943580
230,2,25,294.758235,159.735718
230,2,26,306.289221,162.333095
230,2,27,317.881438,164.743757
230,2,28,329.463927,166.973637
230,2,29,340.965730,169.028666
230,2,30,352.315887,170.914777
230,2,31,363.443439,172.637903
230,2,32,374.277428,174.203974
230,2,33,384.746894,175.618925
230,2,34,394.780879,176.888687
230,2,35,404.308424,178.019192
230,2,36,413.258570,179.016372
230,2,37,421.560358,179.886160
230,2,38,429.161504,180.635136
230,2,39,436.084432,181.272471
230,2,40,442.370239,181.807984
230,2,41,448.060023,182.251494
230,2,42,453.194881,182.612820
230,2,43,457.815913,182.901782
230,2,44,461.964216,183.128197
230,2,45,465.680887,183.301886
230,2,46,469.007025,183.432667
230,2,47,471.983729,183.530359
230,2,48,474.652095,183.604781
230,2,49,477.053222,183.665753
230,2,50,479.233613,183.720656
230,2,51,481.261398,183.767129
230,2,52,483.210109,183.800372
230,2,53,485.153280,183.815587
230,2,54,487.164447,183.807974
230,2,55,489.317142,183.772734
230,2,56,491.684899,183.705069
230,2,57,494.341252,183.600179
230,2,58,497.359736,183.453266
230,2,59,500.813885,183.259530
230,2,60,504.777231,183.014173
230,2,61,509.323310,182.712396
230,2,62,514.505175,182.349836
230,2,63,520.293970,181.923883
230,2,64,526.640354,181.432362
230,2,65,533.494992,180.873099
230,2,66,540.808544,180.243921
230,2,67,548.531673,179.542652
230,2,68,556.615041,178.767119
230,2,69,565.009310,177.915147
230,2,70,573.665144,176.984563
230,2,71,582.533202,175.973192
230,2,72,591.564149,174.878861
230,2,73,600.708646,173.699394
230,2,74,609.921300,172.434961
230,2,75,619.172498,171.095106
230,2,76,628.436570,169.691715
230,2,77,637.687849,168.236673
230,2,78,646.900666,166.741869
230,2,79,656.049351,165.219187
230,2,80,665.108237,163.680515
230,2,81,674.051654,162.137738
230,2,82,682.853934,160.602744
230,2,83,691.489408,159.087419
230,2,84,699.932407,157.603649
230,2,85,708.157264,156.163321
230,2,86,716.147310,154.775038
230,2,87,723.921882,153.434277
230,2,88,731.509319,152.133229
230,2,89,738.937958,150.864088
230,2,90,746.236138,149.619046
230,2,91,753.432197,148.390296
230,2,92,760.554472,147.170031
230,2,93,767.631304,145.950445
230,2,94,774.691028,144.723728
230,2,95,781.761984,143.482075
230,2,96,788.872510,142.217679
230,2,97,796.050943,140.922731
230,2,98,803.324382,139.589871
230,2,99,810.714964,138.213522
230,2,100,818.243584,136.788551
230,2,101,825.931140,135.309828
230,2,102,833.798528,133.772220
230,2,103,841.866645,132.170597
230,2,104,850.156386,130.499827
230,2,105,858.688650,128.754778
230,2,106,867.484331,126.930319
230,2,107,876.564327,125.021318
230,2,108,885.949534,123.022644
230,2,109,895.660849,120.929165
230,2,110,905.721923,118.735783
230,2,111,916.167428,116.437534
230,2,112,927.034790,114.029488
230,2,113,938.361436,111.506712
230,2,114,950.184792,108.864275
230,2,115,962.542285,106.097248
230,2,116,975.471341,103.200699
230,2,117,989.009387,100.169697
230,2,118,1003.193850,96.999311
230,2,119,1018.062155,93.684610
230,2,120,1033.651729,90.220664
230,2,121,1050.000000,86.602540
235,1,1,0.000000,0.000000
235,1,2,13.698535,-14.299350
235,1,3,26.810771,-28.115869
235,1,4,39.384876,-41.427603
235,1,5,51.469017,-54.212602
235,1,6,63.111362,-66.448915
235,1,7,74.360077,-78.114590
235,1,8,85.263330,-89.187676
235,1,9,95.869288,-99.646221
235,1,10,106.226118,-109.468274
235,1,11,116.381989,-118.631883
235,1,12,126.385066,-127.115097
235,1,13,136.283518,-134.895965
235,1,14,146.118491,-141.964820
235,1,15,155.903047,-148.361138
235,1,16,165.643227,-154.136680
235,1,17,175.345074,-159.343207
235,1,18,185.014628,-164.032479
235,1,19,194.657931,-168.256258
235,1,20,204.281025,-172.066303
235,1,21,213.889950,-175.514377
235,1,22,223.490749,-178.652239
235,1,23,233.089463,-181.531651
235,1,24,242.692134,-184.204374
235,1,25,252.304802,-186.722167
235,1,26,261.928644,-189.127030
235,1,27,271.545371,-191.421906
235,1,28,281.131830,-193.599979
235,1,29,290.664866,-195.654429
235,1,30,300.121326,-197.578439
235,1,31,309.478055,-199.365191
235,1,32,318.711901,-201.007866
235,1,33,327.799708,-202.499647
235,1,34,336.718323,-203.833715
235,1,35,345.444591,-205.003253
235,1,36,353.955360,-206.001442
235,1,37,362.227475,-206.821464
235,1,38,370.236627,-207.460706
235,1,39,377.953894,-207.933375
235,1,40,385.349198,-208.257883
235,1,41,392.392461,-208.452643
235,1,42,399.053605,-208.536066
235,1,43,405.302553,-208.526564
235,1,44,411.109227,-208.442549
235,1,45,416.443549,-208.302433
235,1,46,421.275441,-208.124629
235,1,47,425.574826,-207.927549
235,1,48,429.311627,-207.729603
235,1,49,432.455765,-207.549206
235,1,50,435.003685,-207.400452
235,1,51,437.057916,-207.280179
235,1,52,438.747512,-207.180907
235,1,53,440.201523,-207.095158
235,1,54,441.549003,-207.015451
235,1,55,442.919004,-206.934309
235,1,56,444.440577,-206.844252
235,1,57,446.242775,-206.737801
235,1,58,448.454650,-206.607477
235,1,59,451.205254,-206.445801
235,1,60,454.623639,-206.245293
235,1,61,458.838858,-205.998476
235,1,62,463.946383,-205.695452
235,1,63,469.907372,-205.316658
235,1,64,476.649406,-204.840115
235,1,65,484.100061,-204.243842
235,1,66,492.186919,-203.505859
235,1,67,500.837557,-202.604186
235,1,68,509.979555,-201.516842
235,1,69,519.540493,-200.221848
235,1,70,529.447948,-198.697222
235,1,71,539.629500,-196.920986
235,1,72,550.012728,-194.871159
235,1,73,560.525211,-192.525760
235,1,74,571.103050,-189.867449
235,1,75,581.716429,-186.897441
235,1,76,592.344053,-183.621593
235,1,77,602.964628,-180.045759
235,1,78,613.556860,-176.175794
235,1,79,624.099455,-172.017553
235,1,80,634.571117,-167.576893
235,1,81,644.950553,-162.859668
235,1,82,655.216468,-157.871733
235,1,83,665.347568,-152.618944
235,1,84,675.322558,-147.107155
235,1,85,685.120144,-141.342223
235,1,86,694.719388,-135.337618
235,1,87,704.100772,-129.137272
235,1,88,713.245136,-122.792734
235,1,89,722.133317,-116.355552
235,1,90,730.746156,-109.877275
235,1,91,739.064491,-103.409450
235,1,92,747.069161,-97.003626
235,1,93,754.741004,-90.711352
235,1,94,762.060860,-84.584175
235,1,95,769.009567,-78.673643
235,1,96,775.567965,-73.031306
235,1,97,781.716892,-67.708711
235,1,98,787.452481,-62.738328
235,1,99,792.832043,-58.076307
235,1,100,797.928182,-53.659722
235,1,101,802.813505,-49.425645
235,1,102,807.560616,-45.311147
235,1,103,812.242119,-41.253303
235,1,104,816.930620,-37.189183
235,1,105,821.698724,-33.055860
235,1,106,826.619036,-28.790408
235,1,107,831.764160,-24.329897
235,1,108,837.206702,-19.611401
235,1,109,843.019266,-14.571992
235,1,110,849.263832,-9.167962
235,1,111,855.959868,-3.432483
235,1,112,863.116219,2.582053
235,1,113,870.741729,8.823256
235,1,114,878.845241,15.238734
235,1,115,887.435599,21.776094
235,1,116,896.521646,28.382947
235,1,117,906.112226,35.006899
235,1,118,916.216182,41.595560
235,1,119,926.842359,48.096538
235,1,120,937.999600,54.457441
235,1,121,949.696749,60.625879
235,2,1,0.000000,0.000000
235,2,2,16.841875,11.685105
235,2,3,32.845901,22.860450
235,2,4,48.080199,33.534528
235,2,5,62.612891,43.715832
235,2,6,76.512099,53.412854
235,2,7,89.845944,62.634087
235,2,8,102.682547,71.388023
235,2,9,115.090032,79.683156
235,2,10,127.136518,87.527977
235,2,11,138.890128,94.930979
235,2,12,150.418983,101.900655
235,2,13,161.791206,108.445498
235,2,14,173.066528,114.575606
235,2,15,184.271124,120.307503
235,2,16,195.422781,125.659320
235,2,17,206.539285,130.649187
235,2,18,217.638420,135.295235
235,2,19,228.737973,139.615593
235,2,20,239.855730,143.628392
235,2,21,251.009476,147.351763
235,2,22,262.216998,150.803835
235,2,23,273.496081,154.002739
235,2,24,284.864511,156.966605
235,2,25,296.340074,159.713564
235,2,26,307.925559,162.259876
235,2,27,319.563767,164.614320
235,2,28,331.182501,166.783805
235,2,29,342.709566,168.775241
235,2,30,354.072766,170.595536
235,2,31,365.199905,172.251600
235,2,32,376.018787,173.750343
235,2,33,386.457216,175.098673
235,2,34,396.442996,176.303500
235,2,35,405.903931,177.371732
235,2,36,414.767825,178.310280
235,2,37,422.962482,179.126052
235,2,38,430.435244,179.826379
235,2,39,437.211599,180.420276
235,2,40,443.336576,180.917182
235,2,41,448.855200,181.326533
235,2,42,453.812499,181.657766
235,2,43,458.253500,181.920318
235,2,44,462.223229,182.123628
235,2,45,465.766714,182.277131
235,2,46,468.928981,182.390266
235,2,47,471.755057,182.472469
235,2,48,474.289969,182.533178
235,2,49,476.578744,182.581830
235,2,50,478.670707,182.625492
235,2,51,480.632377,182.661751
235,2,52,482.534572,182.685824
235,2,53,484.448109,182.692929
235,2,54,486.443806,182.678283
235,2,55,488.592479,182.637102
235,2,56,490.964946,182.564605
235,2,57,493.632025,182.456007
235,2,58,496.664533,182.306526
235,2,59,500.133288,182.111380
235,2,60,504.109106,181.865785
235,2,61,508.662806,181.564959
235,2,62,513.845432,181.204559
235,2,63,519.628945,180.782003
235,2,64,525.965531,180.295148
235,2,65,532.807377,179.741855
235,2,66,540.106670,179.119980
235,2,67,547.815599,178.427381
235,2,68,555.886350,177.661918
235,2,69,564.271110,176.821449
235,2,70,572.922066,175.903831
235,2,71,581.791407,174.906923
235,2,72,590.831318,173.828583
235,2,73,599.993988,172.666669
235,2,74,609.235016,171.421326
235,2,75,618.523652,170.101838
235,2,76,627.832561,168.719779
235,2,77,637.134405,167.286719
235,2,78,646.401848,165.814231
235,2,79,655.607552,164.313885
235,2,80,664.724182,162.797254
235,2,81,673.724401,161.275909
235,2,82,682.580871,159.761421
235,2,83,691.266256,158.265363
235,2,84,699.753219,156.799307
235,2,85,708.014424,155.374822
235,2,86,716.031981,154.000315
235,2,87,723.825787,152.671513
235,2,88,731.425186,151.380981
235,2,89,738.859522,150.121281
235,2,90,746.158139,148.884974
235,2,91,753.350381,147.664623
235,2,92,760.465592,146.452790
235,2,93,767.533117,145.242038
235,2,94,774.582300,144.024930
235,2,95,781.642484,142.794026
235,2,96,788.743013,141.541891
235,2,97,795.913232,140.261085
235,2,98,803.181039,138.944522
235,2,99,810.568546,137.586509
235,2,100,818.096420,136.181708
235,2,101,825.785328,134.724776
235,2,102,833.655937,133.210373
235,2,103,841.728913,131.633158
235,2,104,850.024924,129.987790
235,2,105,858.564635,128.268928
235,2,106,867.368714,126.471231
235,2,107,876.457827,124.589358
235,2,108,885.852642,122.617969
235,2,109,895.573824,120.551722
235,2,110,905.644814,118.385386
235,2,111,916.100147,116.114166
235,2,112,926.977130,113.733377
235,2,113,938.313070,111.238333
235,2,114,950.145276,108.624348
235,2,115,962.511055,105.886737
235,2,116,975.447715,103.020815
235,2,117,988.992564,100.021896
235,2,118,1003.182909,96.885295
235,2,119,1018.056058,93.606325
235,2,120,1033.649319,90.180302
235,2,121,1050.000000,86.602540
240,1,1,0.000000,0.000000
240,1,2,13.746317,-14.252330
240,1,3,26.900787,-28.028803
240,1,4,39.511972,-41.306822
240,1,5,51.628434,-54.063791
240,1,6,63.298734,-66.277111
240,1,7,74.571436,-77.924187
240,1,8,85.495100,-88.982422
240,1,9,96.118291,-99.429218
240,1,10,106.489568,-109.241978
240,1,11,116.657495,-118.398106
240,1,12,126.670634,-126.875004
240,1,13,136.577547,-134.650077
240,1,14,146.419738,-141.713154
240,1,15,156.210480,-148.103782
240,1,16,165.955988,-153.873935
240,1,17,175.662476,-159.075587
240,1,18,185.336160,-163.760712
240,1,19,194.983254,-167.981283
240,1,20,204.609973,-171.789275
240,1,21,214.222532,-175.236661
240,1,22,223.827146,-178.375416
240,1,23,233.430030,-181.257514
240,1,24,243.037399,-183.934929
240,1,25,252.655467,-186.459634
240,1,26,262.285491,-188.873743
240,1,27,271.908896,-191.179930
240,1,28,281.502148,-193.371006
240,1,29,291.041712,-195.439786
240,1,30,300.504055,-197.379080
240,1,31,309.865643,-199.181703
240,1,32,319.102942,-200.840467
240,1,33,328.192418,-202.348184
240,1,34,337.110538,-203.697667
240,1,35,345.833767,-204.881728
240,1,36,354.338571,-205.893182
240,1,37,362.601417,-206.724840
240,1,38,370.597741,-207.373813
240,1,39,378.298855,-207.854406
240,1,40,385.675044,-208.185225
240,1,41,392.696592,-208.384871
240,1,42,399.333781,-208.471949
240,1,43,405.556896,-208.465062
240,1,44,411.336219,-208.382815
240,1,45,416.642035,-208.243810
240,1,46,421.444627,-208.066653
240,1,47,425.714277,-207.869945
240,1,48,429.421271,-207.672292
240,1,49,432.535891,-207.492297
240,1,50,435.054893,-207.344197
240,1,51,437.080921,-207.224770
240,1,52,438.743090,-207.126425
240,1,53,440.170518,-207.041574
240,1,54,441.492320,-206.962628
240,1,55,442.837611,-206.881996
240,1,56,444.335509,-206.792090
240,1,57,446.115129,-206.685320
240,1,58,448.305587,-206.554096
240,1,59,451.036000,-206.390831
240,1,60,454.435482,-206.187933
240,1,61,458.633152,-205.937815
240,1,62,463.724542,-205.630508
240,1,63,469.670865,-205.246534
240,1,64,476.399752,-204.764034
240,1,65,483.838831,-204.161153
240,1,66,491.915735,-203.416033
240,1,67,500.558093,-202.506817
240,1,68,509.693535,-201.411647
240,1,69,519.249692,-200.108666
240,1,70,529.154195,-198.576018
240,1,71,539.334673,-196.791844
240,1,72,549.718757,-194.734289
240,1,73,560.234078,-192.381494
240,1,74,570.816752,-189.716227
240,1,75,581.436847,-186.739754
240,1,76,592.072915,-183.457965
240,1,77,602.703511,-179.876749
240,1,78,613.307188,-176.001997
240,1,79,623.862500,-171.839598
240,1,80,634.348001,-167.395444
240,1,81,644.742243,-162.675423
240,1,82,655.023780,-157.685426
240,1,83,665.171167,-152.431343
240,1,84,675.162957,-146.919064
240,1,85,684.977703,-141.154479
240,1,86,694.594317,-135.151086
240,1,87,703.993147,-128.952817
240,1,88,713.154896,-122.611212
240,1,89,722.060270,-116.177809
240,1,90,730.689975,-109.704149
240,1,91,739.024714,-103.241772
240,1,92,747.045193,-96.842216
240,1,93,754.732118,-90.557022
240,1,94,762.066192,-84.437729
240,1,95,769.028122,-78.535878
240,1,96,775.598612,-72.903007
240,1,97,781.758367,-67.590656
240,1,98,787.503442,-62.631283
240,1,99,792.891293,-57.981016
240,1,100,797.994725,-53.576899
240,1,101,802.886545,-49.355980
240,1,102,807.639558,-45.255303
240,1,103,812.326570,-41.211914
240,1,104,817.020387,-37.162858
240,1,105,821.793814,-33.045182
240,1,106,826.719657,-28.795930
240,1,107,831.870721,-24.352149
240,1,108,837.319814,-19.650883
240,1,109,843.139740,-14.629179
240,1,110,849.392790,-9.243268
240,1,111,856.099199,-3.526116
240,1,112,863.268686,2.470121
240,1,113,870.910970,8.693292
240,1,114,879.035771,15.091241
240,1,115,887.652809,21.611816
240,1,116,896.771802,28.202865
240,1,117,906.402471,34.812232
240,1,118,916.554535,41.387765
240,1,119,927.237713,47.877310
240,1,120,938.461724,54.228715
240,1,121,950.236289,60.389825
240,2,1,0.000000,0.000000
240,2,2,16.989142,11.728600
240,2,3,33.115412,22.938541
240,2,4,48.449983,33.639028
240,2,5,63.064026,43.839268
240,2,6,77.028714,53.548464
240,2,7,90.415219,62.775824
240,2,8,103.294712,71.530553
240,2,9,115.738365,79.821855
240,2,10,127.817350,87.658938
240,2,11,139.602840,95.051006
240,2,12,151.166006,102.007265
240,2,13,162.578020,108.536921
240,2,14,173.900935,114.650636
240,2,15,185.160326,120.364903
240,2,16,196.372649,125.697672
240,2,17,207.554360,130.666893
240,2,18,218.721916,135.290516
240,2,19,229.891772,139.586490
240,2,20,241.080385,143.572765
240,2,21,252.304210,147.267291
240,2,22,263.579705,150.688019
240,2,23,274.923324,153.852897
240,2,24,286.351524,156.779876
240,2,25,297.880761,159.486906
240,2,26,309.512497,161.990190
240,2,27,321.188212,164.298949
240,2,28,332.834394,166.420659
240,2,29,344.377528,168.362795
240,2,30,355.744100,170.132831
240,2,31,366.860599,171.738242
240,2,32,377.653509,173.186504
240,2,33,388.049318,174.485092
240,2,34,397.974512,175.641479
240,2,35,407.355577,176.663143
240,2,36,416.118999,177.557557
240,2,37,424.191266,178.332196
240,2,38,431.519380,178.994828
240,2,39,438.132404,179.554389
240,2,40,444.079918,180.020106
240,2,41,449.411503,180.401207
240,2,42,454.176739,180.706920
240,2,43,458.425205,180.946473
240,2,44,462.206481,181.129094
240,2,45,465.570147,181.264011
240,2,46,468.565784,181.360451
240,2,47,471.242971,181.427643
240,2,48,473.651288,181.474815
240,2,49,475.840316,181.511193
240,2,50,477.862552,181.543678
240,2,51,479.782177,181.569849
240,2,52,481.666286,181.584959
240,2,53,483.581978,181.584260
240,2,54,485.596350,181.563002
240,2,55,487.776500,181.516438
240,2,56,490.189524,181.439820
240,2,57,492.902522,181.328398
240,2,58,495.982589,181.177426
240,2,59,499.496824,180.982153
240,2,60,503.512324,180.737834
240,2,61,508.096187,180.439718
240,2,62,513.296701,180.083478
240,2,63,519.086915,179.666467
240,2,64,525.421069,179.186459
240,2,65,532.253403,178.641227
240,2,66,539.538158,178.028544
240,2,67,547.229573,177.346186
240,2,68,555.281889,176.591924
240,2,69,563.649345,175.763532
240,2,70,572.286182,174.858784
240,2,71,581.146639,173.875454
240,2,72,590.184957,172.811315
240,2,73,599.355375,171.664140
240,2,74,608.614926,170.433985
240,2,75,617.931812,169.130028
240,2,76,627.277024,167.763730
240,2,77,636.621556,166.346551
240,2,78,645.936402,164.889952
240,2,79,655.192553,163.405393
240,2,80,664.361005,161.904335
240,2,81,673.412749,160.398238
240,2,82,682.318779,158.898562
240,2,83,691.050088,157.416768
240,2,84,699.577669,155.964316
240,2,85,707.872515,154.552667
240,2,86,715.915501,153.190167
240,2,87,723.727030,151.872711
240,2,88,731.337386,150.593080
240,2,89,738.776852,149.344055
240,2,90,746.075713,148.118416
240,2,91,753.264254,146.908943
240,2,92,760.372758,145.708419
240,2,93,767.431509,144.509624
240,2,94,774.470792,143.305338
240,2,95,781.520891,142.088343
240,2,96,788.612089,140.851418
240,2,97,795.774672,139.587346
240,2,98,803.037285,138.289195
240,2,99,810.422023,136.951188
240,2,100,817.949344,135.567837
240,2,101,825.639705,134.133652
240,2,102,833.513562,132.643146
240,2,103,841.591374,131.090829
240,2,104,849.893596,129.471213
240,2,105,858.440686,127.778809
240,2,106,867.253102,126.008129
240,2,107,876.351300,124.153683
240,2,108,885.755738,122.209984
240,2,109,895.486872,120.171542
240,2,110,905.567944,118.033031
240,2,111,916.033331,115.789772
240,2,112,926.920194,113.437251
240,2,113,938.265695,110.970949
240,2,114,950.106995,108.386352
240,2,115,962.481254,105.678943
240,2,116,975.425635,102.844206
240,2,117,988.977298,99.877626
240,2,118,1003.173405,96.774685
240,2,119,1018.051117,93.530868
240,2,120,1033.647595,90.141658
240,2,121,1050.000000,86.602540
245,1,1,0.000000,0.000000
245,1,2,13.779896,-14.216323
245,1,3,26.965430,-27.961708
245,1,4,39.605254,-41.213120
245,1,5,51.748019,-53.947526
245,1,6,63.442377,-66.141891
245,1,7,74.736980,-77.773180
245,1,8,85.680478,-88.818360
245,1,9,96.321523,-99.254396
245,1,10,106.708766,-109.058253
245,1,11,116.890860,-118.206898
245,1,12,126.916455,-126.677296
245,1,13,136.834203,-134.446412
245,1,14,146.685717,-141.503744
245,1,15,156.484448,-147.888908
245,1,16,166.236812,-153.654054
245,1,17,175.949222,-158.851330
245,1,18,185.628092,-163.532886
245,1,19,195.279836,-167.750870
245,1,20,204.910868,-171.557430
245,1,21,214.527602,-175.004715
245,1,22,224.136452,-178.144875
245,1,23,233.743832,-181.030058
245,1,24,243.356156,-183.712412
245,1,25,252.979838,-186.244086
245,1,26,262.616235,-188.667277
245,1,27,272.246487,-190.984375
245,1,28,281.846676,-193.187815
245,1,29,291.392884,-195.270036
245,1,30,300.861195,-197.223474
245,1,31,310.227689,-199.040565
245,1,32,319.468451,-200.713748
245,1,33,328.559563,-202.235460
245,1,34,337.477107,-203.598136
245,1,35,346.197166,-204.794215
245,1,36,354.695823,-205.816133
245,1,37,362.949160,-206.656328
245,1,38,370.932361,-207.311644
245,1,39,378.617014,-207.796558
245,1,40,385.973808,-208.129955
245,1,41,392.973434,-208.330721
245,1,42,399.586582,-208.417739
245,1,43,405.783939,-208.409895
245,1,44,411.536197,-208.326074
245,1,45,416.814044,-208.185160
245,1,46,421.588170,-208.006039
245,1,47,425.829265,-207.807596
245,1,48,429.508018,-207.608714
245,1,49,432.595119,-207.428280
245,1,50,435.087661,-207.280735
245,1,51,437.088350,-207.162750
245,1,52,438.726295,-207.066552
245,1,53,440.130607,-206.984369
245,1,54,441.430394,-206.908429
245,1,55,442.754768,-206.830959
245,1,56,444.232836,-206.744188
245,1,57,445.993710,-206.640342
245,1,58,448.166498,-206.511650
245,1,59,450.880310,-206.350339
245,1,60,454.264256,-206.148637
245,1,61,458.447446,-205.898772
245,1,62,463.525418,-205.590637
245,1,63,469.459431,-205.204794
245,1,64,476.177170,-204.719469
245,1,65,483.606324,-204.112890
245,1,66,491.674578,-203.363284
245,1,67,500.309619,-202.448878
245,1,68,509.439135,-201.347898
245,1,69,518.990812,-200.038573
245,1,70,528.892337,-198.499129
245,1,71,539.071396,-196.707793
245,1,72,549.455678,-194.642793
245,1,73,559.972868,-192.282355
245,1,74,570.559118,-189.609344
245,1,75,581.184441,-186.625173
245,1,76,591.827314,-183.335892
245,1,77,602.466213,-179.747551
245,1,78,613.079615,-175.866199
245,1,79,623.645999,-171.697889
245,1,80,634.143839,-167.248668
245,1,81,644.551615,-162.524588
245,1,82,654.847802,-157.531698
245,1,83,665.010878,-152.276049
245,1,84,675.019320,-146.763691
245,1,85,684.851605,-141.000674
245,1,86,694.486540,-135.000597
245,1,87,703.904259,-128.807258
245,1,88,713.085225,-122.472004
245,1,89,722.009901,-116.046182
245,1,90,730.658751,-109.581138
245,1,91,739.012239,-103.128220
245,1,92,747.050827,-96.738775
245,1,93,754.754980,-90.464150
245,1,94,762.105160,-84.355691
245,1,95,769.081832,-78.464745
245,1,96,775.665459,-72.842660
245,1,97,781.836504,-67.540782
245,1,98,787.590865,-62.591428
245,1,99,792.986180,-57.950791
245,1,100,798.095518,-53.556036
245,1,101,802.991951,-49.344324
245,1,102,807.748550,-45.252820
245,1,103,812.438385,-41.218687
245,1,104,817.134529,-37.179088
245,1,105,821.910052,-33.071187
245,1,106,826.838024,-28.832146
245,1,107,831.991518,-24.399130
245,1,108,837.443603,-19.709301
245,1,109,843.267352,-14.699822
245,1,110,849.525441,-9.326948
245,1,111,856.238976,-3.623297
245,1,112,863.418668,2.359424
245,1,113,871.075230,8.569506
245,1,114,879.219372,14.955240
245,1,115,887.861807,21.464919
245,1,116,897.013247,28.046834
245,1,117,906.684402,34.649276
245,1,118,916.885985,41.220538
245,1,119,927.628708,47.708911
245,1,120,938.923282,54.062687
245,1,121,950.780419,60.230157
245,2,1,0.000000,0.000000
245,2,2,17.101210,11.817084
245,2,3,33.320872,23.099172
245,2,4,48.732613,33.856973
245,2,5,63.410059,44.101192
245,2,6,77.426836,53.842539
245,2,7,90.856570,63.091719
245,2,8,103.772889,71.859442
245,2,9,116.249417,80.156412
245,2,10,128.359781,87.993340
245,2,11,140.177609,95.380931
245,2,12,151.776525,102.329892
245,2,13,163.230157,108.850933
245,2,14,174.602379,114.955871
245,2,15,185.918061,120.660978
245,2,16,197.192321,125.983636
245,2,17,208.440278,130.941228
245,2,18,219.677050,135.551135
245,2,19,230.917756,139.830741
245,2,20,242.177514,143.797428
245,2,21,253.471442,147.468579
245,2,22,264.814658,150.861576
245,2,23,276.222281,153.993801
245,2,24,287.709430,156.882638
245,2,25,299.291223,159.545469
245,2,26,310.967799,161.998194
245,2,27,322.679381,164.250787
245,2,28,334.351214,166.311739
245,2,29,345.908543,168.189540
245,2,30,357.276611,169.892681
245,2,31,368.380664,171.429654
245,2,32,379.145945,172.808950
245,2,33,389.497700,174.039060
245,2,34,399.361172,175.128474
245,2,35,408.661605,176.085684
245,2,36,417.324245,176.919181
245,2,37,425.274336,177.637455
245,2,38,432.458603,178.249063
245,2,39,438.909694,178.762814
245,2,40,444.681739,179.187583
245,2,41,449.828866,179.532244
245,2,42,454.405204,179.805672
245,2,43,458.464884,180.016742
245,2,44,462.062033,180.174328
245,2,45,465.250782,180.287304
245,2,46,468.085259,180.364545
245,2,47,470.619593,180.414926
245,2,48,472.907913,180.447321
245,2,49,475.004350,180.470604
245,2,50,476.964555,180.491382
245,2,51,478.850280,180.507187
245,2,52,480.724799,180.513283
245,2,53,482.651387,180.504934
245,2,54,484.693320,180.477405
245,2,55,486.913872,180.425959
245,2,56,489.376317,180.345861
245,2,57,492.143932,180.232374
245,2,58,495.279989,180.080764
245,2,59,498.847765,179.886293
245,2,60,502.910535,179.644226
245,2,61,507.531572,179.349826
245,2,62,512.756323,178.998753
245,2,63,518.558916,178.588241
245,2,64,524.895650,178.115916
245,2,65,531.722823,177.579408
245,2,66,538.996734,176.976344
245,2,67,546.673683,176.304353
245,2,68,554.709968,175.561063
245,2,69,563.061888,174.744101
245,2,70,571.685741,173.851097
245,2,71,580.537828,172.879677
245,2,72,589.574445,171.827471
245,2,73,598.751894,170.692105
245,2,74,608.028657,169.473520
245,2,75,617.371964,168.180896
245,2,76,626.751228,166.825726
245,2,77,636.135864,165.419502
245,2,78,645.495286,163.973717
245,2,79,654.798907,162.499862
245,2,80,664.016142,161.009431
245,2,81,673.116405,159.513914
245,2,82,682.069110,158.024805
245,2,83,690.843672,156.553595
245,2,84,699.409503,155.111778
245,2,85,707.736019,153.710845
245,2,86,715.802926,152.359186
245,2,87,723.631102,151.052782
245,2,88,731.251717,149.784510
245,2,89,738.695942,148.547248
245,2,90,745.994948,147.333876
245,2,91,753.179905,146.137269
245,2,92,760.281983,144.950307
245,2,93,767.332352,143.765868
245,2,94,774.362185,142.576829
245,2,95,781.402650,141.376069
245,2,96,788.484919,140.156465
245,2,97,795.640161,138.910896
245,2,98,802.897731,137.632495
245,2,99,810.279714,136.315425
245,2,100,817.806376,134.954103
245,2,101,825.497987,133.542947
245,2,102,833.374814,132.076375
245,2,103,841.457125,130.548804
245,2,104,849.765188,128.954653
245,2,105,858.319271,127.288338
245,2,106,867.139641,125.544279
245,2,107,876.246568,123.716893
245,2,108,885.660318,121.800597
245,2,109,895.401159,119.789810
245,2,110,905.492149,117.679149
245,2,111,915.967495,115.464028
245,2,112,926.864195,113.140060
245,2,113,938.219247,110.702860
245,2,114,950.069648,108.148041
245,2,115,962.452395,105.471218
245,2,116,975.404485,102.668003
245,2,117,988.962917,99.734010
245,2,118,1003.164687,96.664854
245,2,119,1018.046792,93.456148
245,2,120,1033.646231,90.103505
245,2,121,1050.000000,86.602540
250,1,1,0.000000,0.000000
250,1,2,13.800498,-14.190107
250,1,3,27.007041,-27.912242
250,1,4,39.668069,-41.143135
250,1,5,51.832022,-53.859514
250,1,6,63.547341,-66.038111
250,1,7,74.862464,-77.655653
250,1,8,85.825833,-88.688870
250,1,9,96.485888,-99.114493
250,1,10,106.891067,-108.909250
250,1,11,117.089812,-118.049871
250,1,12,127.130563,-126.513085
250,1,13,137.061758,-134.275622
250,1,14,146.924868,-141.326798
250,1,15,156.733469,-147.706276
250,1,16,166.494170,-153.466306
250,1,17,176.213578,-158.659137
250,1,18,185.898300,-163.337020
250,1,19,195.554942,-167.552203
250,1,20,205.190113,-171.356937
250,1,21,214.810418,-174.803471
250,1,22,224.422465,-177.944055
250,1,23,234.032862,-180.830938
250,1,24,243.648214,-183.516371
250,1,25,253.275130,-186.052602
250,1,26,262.915090,-188.481874
250,1,27,272.549071,-190.806393
250,1,28,282.152923,-193.018356
250,1,29,291.702497,-195.109963
250,1,30,301.173643,-197.073411
250,1,31,310.542211,-198.900898
250,1,32,319.784052,-200.584623
250,1,33,328.875017,-202.116784
250,1,34,337.790956,-203.489579
250,1,35,346.507719,-204.695206
250,1,36,355.001157,-205.725864
250,1,37,363.247120,-206.573750
250,1,38,371.220631,-207.235535
250,1,39,378.893406,-207.725776
250,1,40,386.236333,-208.063503
250,1,41,393.220299,-208.267746
250,1,42,399.816193,-208.357534
250,1,43,405.994902,-208.351897
250,1,44,411.727314,-208.269865
250,1,45,416.984318,-208.130467
250,1,46,421.736801,-207.952734
250,1,47,425.955651,-207.755694
250,1,48,429.611756,-207.558378
250,1,49,432.676004,-207.379814
250,1,50,435.145671,-207.234545
250,1,51,437.123586,-207.119152
250,1,52,438.738965,-207.025730
250,1,53,440.121024,-206.946373
250,1,54,441.398981,-206.873176
250,1,55,442.702050,-206.798232
250,1,56,444.159450,-206.713636
250,1,57,445.900397,-206.611481
250,1,58,448.054106,-206.483863
250,1,59,450.749795,-206.322874
250,1,60,454.116680,-206.120609
250,1,61,458.283978,-205.869163
250,1,62,463.347323,-205.558338
250,1,63,469.268027,-205.168776
250,1,64,475.973820,-204.678826
250,1,65,483.392430,-204.066839
250,1,66,491.451587,-203.311165
250,1,67,500.079022,-202.390152
250,1,68,509.202464,-201.282153
250,1,69,518.749641,-199.965516
250,1,70,528.648285,-198.418592
250,1,71,538.826123,-196.619731
250,1,72,549.210887,-194.547282
250,1,73,559.730306,-192.179597
250,1,74,570.320548,-189.499652
250,1,75,580.951541,-186.508941
250,1,76,591.601652,-183.213585
250,1,77,602.249248,-179.619703
250,1,78,612.872696,-175.733418
250,1,79,623.450363,-171.560848
250,1,80,633.960615,-167.108116
250,1,81,644.381819,-162.381342
250,1,82,654.692342,-157.386647
250,1,83,664.870552,-152.130151
250,1,84,674.894814,-146.617975
250,1,85,684.743497,-140.856240
250,1,86,694.395287,-134.858590
250,1,87,703.830160,-128.668768
250,1,88,713.028410,-122.338039
250,1,89,721.970333,-115.917668
250,1,90,730.636225,-109.458922
250,1,91,739.006381,-103.013065
250,1,92,747.061095,-96.631364
250,1,93,754.780664,-90.365084
250,1,94,762.145384,-84.265491
250,1,95,769.135548,-78.383850
250,1,96,775.731454,-72.771428
250,1,97,781.913396,-67.479489
250,1,98,787.677161,-62.540284
250,1,99,793.080503,-57.910002
250,1,100,798.196667,-53.525815
250,1,101,803.098899,-49.324896
250,1,102,807.860443,-45.244419
250,1,103,812.554545,-41.221557
250,1,104,817.254450,-37.193481
250,1,105,822.033403,-33.097366
250,1,106,826.964649,-28.870385
250,1,107,832.121434,-24.449709
250,1,108,837.577003,-19.772513
250,1,109,843.404601,-14.775969
250,1,110,849.667209,-9.416274
250,1,111,856.386753,-3.725717
250,1,112,863.574893,2.244388
250,1,113,871.243290,8.442729
250,1,114,879.403605,14.817991
250,1,115,888.067500,21.318863
250,1,116,897.246635,27.894030
250,1,117,906.952671,34.492180
250,1,118,917.197269,41.062000
250,1,119,927.992091,47.552176
250,1,120,939.348798,53.911395
250,1,121,951.279049,60.088344
250,2,1,0.000000,0.000000
250,2,2,17.233021,11.876728
250,2,3,33.561107,23.207538
250,2,4,49.060751,34.004170
250,2,5,63.808446,44.278363
250,2,6,77.880684,54.041857
250,2,7,91.353960,63.306391
250,2,8,104.304765,72.083706
250,2,9,116.809593,80.385539
250,2,10,128.944937,88.223632
250,2,11,140.787289,95.609724
250,2,12,152.413143,102.555553
250,2,13,163.898991,109.072860
250,2,14,175.310882,115.174223
250,2,15,186.673086,120.875569
250,2,16,197.999428,126.193665
250,2,17,209.303734,131.145278
250,2,18,220.599830,135.747173
250,2,19,231.901541,140.016118
250,2,20,243.222693,143.968878
250,2,21,254.577111,147.622220
250,2,22,265.978620,150.992911
250,2,23,277.441047,154.097716
250,2,24,288.978216,156.953403
250,2,25,300.603954,159.576737
250,2,26,312.317146,161.983279
250,2,27,324.056921,164.183769
250,2,28,335.747465,166.187740
250,2,29,347.312969,168.004726
250,2,30,358.677619,169.644260
250,2,31,369.765604,171.115876
250,2,32,380.501112,172.429107
250,2,33,390.808332,173.593488
250,2,34,400.611451,174.618550
250,2,35,409.834659,175.513830
250,2,36,418.402143,176.288859
250,2,37,426.238091,176.953171
250,2,38,433.289017,177.516130
250,2,39,439.590738,177.986418
250,2,40,445.201395,178.372547
250,2,41,450.179130,178.683030
250,2,42,454.582085,178.926379
250,2,43,458.468401,179.111106
250,2,44,461.896220,179.245722
250,2,45,464.923684,179.338741
250,2,46,467.608934,179.398675
250,2,47,470.010113,179.434035
250,2,48,472.185362,179.453334
250,2,49,474.192822,179.465084
250,2,50,476.090950,179.475591
250,2,51,477.939453,179.482337
250,2,52,479.798354,179.480597
250,2,53,481.727675,179.465646
250,2,54,483.787438,179.432761
250,2,55,486.037666,179.377216
250,2,56,488.538380,179.294287
250,2,57,491.349602,179.179250
250,2,58,494.531356,179.027379
250,2,59,498.143662,178.833952
250,2,60,502.246543,178.594241
250,2,61,506.900022,178.303525
250,2,62,512.147115,177.957443
250,2,63,517.962814,177.553105
250,2,64,524.305108,177.087983
250,2,65,531.131984,176.559553
250,2,66,538.401429,175.965288
250,2,67,546.071432,175.302663
250,2,68,554.099978,174.569151
250,2,69,562.445057,173.762227
250,2,70,571.064656,172.879365
250,2,71,579.916761,171.918039
250,2,72,588.959361,170.875724
250,2,73,598.150443,169.749892
250,2,74,607.449660,168.540371
250,2,75,616.823325,167.256392
250,2,76,626.239416,165.909538
250,2,77,635.665911,164.511394
250,2,78,645.070790,163.073542
250,2,79,654.422030,161.607567
250,2,80,663.687610,160.125052
250,2,81,672.835508,158.637581
250,2,82,681.833702,157.156737
250,2,83,690.650172,155.694103
250,2,84,699.252894,154.261264
250,2,85,707.609848,152.869802
250,2,86,715.699687,151.528191
250,2,87,723.543760,150.232454
250,2,88,731.174092,148.975506
250,2,89,738.622709,147.750259
250,2,90,745.921634,146.549628
250,2,91,753.102893,145.366524
250,2,92,760.198510,144.193863
250,2,93,767.240509,143.024556
250,2,94,774.260916,141.851519
250,2,95,781.291755,140.667663
250,2,96,788.365052,139.465902
250,2,97,795.512829,138.239150
250,2,98,802.765125,136.980561
250,2,99,810.144022,135.684256
250,2,100,817.669617,134.344595
250,2,101,825.362003,132.955941
250,2,102,833.241277,131.512653
250,2,103,841.327534,130.009094
250,2,104,849.640870,128.439624
250,2,105,858.201379,126.798606
250,2,106,867.029156,125.080399
250,2,107,876.144299,123.279367
250,2,108,885.566900,121.389869
250,2,109,895.317057,119.406267
250,2,110,905.417652,117.323150
250,2,111,915.902718,115.136013
250,2,112,926.809077,112.840578
250,2,113,938.173550,110.432569
250,2,114,950.032959,107.907709
250,2,115,962.424124,105.261719
250,2,116,975.383868,102.490323
250,2,117,988.949011,99.589243
250,2,118,1003.156374,96.554202
250,2,119,1018.042779,93.380923
250,2,120,1033.645047,90.065128
250,2,121,1050.000000,86.602540
255,1,1,0.000000,0.000000
255,1,2,13.819413,-14.164758
255,1,3,27.046011,-27.864019
255,1,4,39.727931,-41.074335
255,1,5,51.913311,-53.772257
255,1,6,63.650289,-65.934337
255,1,7,74.987003,-77.537127
255,1,8,85.971591,-88.557177
255,1,9,96.652190,-98.971040
255,1,10,107.076938,-108.755265
255,1,11,117.293973,-117.886406
255,1,12,127.351433,-126.341014
255,1,13,137.297456,-134.095639
255,1,14,147.173298,-141.139471
255,1,15,156.992690,-147.512250
255,1,16,166.762481,-153.266353
255,1,17,176.489520,-158.454158
255,1,18,186.180658,-163.128042
255,1,19,195.842743,-167.340382
255,1,20,205.482625,-171.143556
255,1,21,215.107153,-174.589941
255,1,22,224.723177,-177.731915
255,1,23,234.337546,-180.621855
255,1,24,243.957109,-183.312138
255,1,25,253.588717,-185.855142
255,1,26,263.233993,-188.293155
255,1,27,272.873667,-190.628107
255,1,28,282.483245,-192.851838
255,1,29,292.038230,-194.956189
255,1,30,301.514128,-196.933000
255,1,31,310.886444,-198.774112
255,1,32,320.130683,-200.471364
255,1,33,329.222349,-202.016599
255,1,34,338.136948,-203.401656
255,1,35,346.849984,-204.618375
255,1,36,355.336962,-205.658598
255,1,37,363.573388,-206.514164
255,1,38,371.534059,-207.181492
255,1,39,379.190948,-207.675305
255,1,40,386.515321,-208.014907
255,1,41,393.478443,-208.219600
255,1,42,400.051581,-208.308685
255,1,43,406.205999,-208.301464
255,1,44,411.912964,-208.217241
255,1,45,417.143742,-208.075317
255,1,46,421.869597,-207.894994
255,1,47,426.061797,-207.695574
255,1,48,429.691606,-207.496359
255,1,49,432.730291,-207.316652
255,1,50,435.175439,-207.171194
255,1,51,437.129924,-207.056482
255,1,52,438.722943,-206.964455
255,1,53,440.083691,-206.887049
255,1,54,441.341365,-206.816201
255,1,55,442.625161,-206.743849
255,1,56,444.064274,-206.661930
255,1,57,445.787902,-206.562381
255,1,58,447.925240,-206.437140
255,1,59,450.605484,-206.278142
255,1,60,453.957830,-206.077327
255,1,61,458.111475,-205.826630
255,1,62,463.162051,-205.515734
255,1,63,469.070937,-205.125294
255,1,64,475.765948,-204.633712
255,1,65,483.174900,-204.019390
255,1,66,491.225609,-203.260727
255,1,67,499.845889,-202.336125
255,1,68,508.963557,-201.223984
255,1,69,518.506428,-199.902706
255,1,70,528.402317,-198.350692
255,1,71,538.579040,-196.546342
255,1,72,548.964412,-194.468058
255,1,73,559.486248,-192.094240
255,1,74,570.080767,-189.407929
255,1,75,580.717797,-186.410723
255,1,76,591.375566,-183.108862
255,1,77,602.032307,-179.508582
255,1,78,612.666249,-175.616123
255,1,79,623.255622,-171.437723
255,1,80,633.778657,-166.979620
255,1,81,644.213583,-162.248053
255,1,82,654.538631,-157.249259
255,1,83,664.732031,-151.989477
255,1,84,674.772014,-146.474946
255,1,85,684.636809,-140.711904
255,1,86,694.304967,-134.714082
255,1,87,703.756314,-128.525191
255,1,88,712.970997,-122.196432
255,1,89,721.929164,-115.779010
255,1,90,730.610960,-109.324127
255,1,91,738.996533,-102.882986
255,1,92,747.066030,-96.506790
255,1,93,754.799597,-90.246743
255,1,94,762.177380,-84.154047
255,1,95,769.179527,-78.279905
255,1,96,775.786185,-72.675521
255,1,97,781.977500,-67.392097
255,1,98,787.749172,-62.461836
255,1,99,793.159112,-57.840942
255,1,100,798.280784,-53.466615
255,1,101,803.187651,-49.276059
255,1,102,807.953179,-45.206476
255,1,103,812.650831,-41.195068
255,1,104,817.354071,-37.179037
255,1,105,822.136363,-33.095586
255,1,106,827.071171,-28.881918
255,1,107,832.231959,-24.475234
255,1,108,837.692191,-19.812737
255,1,109,843.525331,-14.831628
255,1,110,849.794607,-9.488100
255,1,111,856.522305,-3.814290
255,1,112,863.720475,2.138671
255,1,113,871.401166,8.319656
255,1,114,879.576428,14.677536
255,1,115,888.258311,21.161183
255,1,116,897.458864,27.719470
255,1,117,907.190137,34.301267
255,1,118,917.464180,40.855446
255,1,119,928.293042,47.330880
255,1,120,939.688774,53.676440
255,1,121,951.663424,59.840997
255,2,1,0.000000,0.000000
255,2,2,17.373548,11.917342
255,2,3,33.816283,23.280964
255,2,4,49.407735,34.103378
255,2,5,64.227432,44.397094
255,2,6,78.354904,54.174626
255,2,7,91.869681,63.448484
255,2,8,104.851292,72.231179
255,2,9,117.379266,80.535224
255,2,10,129.533132,88.373130
255,2,11,141.392421,95.757409
255,2,12,153.036661,102.700572
255,2,13,164.545382,109.215130
255,2,14,175.986964,115.314201
255,2,15,187.385195,121.013323
255,2,16,198.752712,126.328639
255,2,17,210.102155,131.276294
255,2,18,221.446161,135.872430
255,2,19,232.797369,140.133192
255,2,20,244.168416,144.074723
255,2,21,255.571941,147.713167
255,2,22,267.020584,151.064668
255,2,23,278.526980,154.145368
255,2,24,290.103770,156.971413
255,2,25,301.763591,159.558945
255,2,26,313.504204,161.923177
255,2,27,325.263859,164.075593
255,2,28,336.965929,166.026748
255,2,29,348.533785,167.787194
255,2,30,359.890801,169.367485
255,2,31,370.960348,170.778175
255,2,32,381.665799,172.029816
255,2,33,391.930527,173.132963
255,2,34,401.677904,174.098169
255,2,35,410.831302,174.935988
255,2,36,419.314094,175.656972
255,2,37,427.049652,176.271675
255,2,38,433.984350,176.790248
255,2,39,440.156568,177.221228
255,2,40,445.627687,177.572749
255,2,41,450.459089,177.852944
255,2,42,454.712156,178.069948
255,2,43,458.448269,178.231895
255,2,44,461.728809,178.346919
255,2,45,464.615159,178.423154
255,2,46,467.168698,178.468734
255,2,47,469.450809,178.491793
255,2,48,471.522874,178.500465
255,2,49,473.446273,178.502885
255,2,50,475.281759,178.505045
255,2,51,477.087558,178.504381
255,2,52,478.921268,178.496188
255,2,53,480.840489,178.475760
255,2,54,482.902816,178.438392
255,2,55,485.165848,178.379379
255,2,56,487.687182,178.294015
255,2,57,490.524417,178.177596
255,2,58,493.735150,178.025416
255,2,59,497.376978,177.832769
255,2,60,501.507499,177.594951
255,2,61,506.184312,177.307256
255,2,62,511.448612,176.965320
255,2,63,517.275992,176.566145
255,2,64,523.625642,176.107073
255,2,65,530.456753,175.585447
255,2,66,537.728516,174.998609
255,2,67,545.400123,174.343901
255,2,68,553.430763,173.618666
255,2,69,561.779628,172.820248
255,2,70,570.405908,171.945987
255,2,71,579.268795,170.993228
255,2,72,588.327478,169.959312
255,2,73,597.541150,168.841582
255,2,74,606.870251,167.639768
255,2,75,616.280219,166.363153
255,2,76,625.737744,165.023408
255,2,77,635.209514,163.632202
255,2,78,644.662218,162.201207
255,2,79,654.062546,160.742091
255,2,80,663.377186,159.266527
255,2,81,672.572827,157.786184
255,2,82,681.616157,156.312733
255,2,83,690.473867,154.857843
255,2,84,699.112644,153.433187
255,2,85,707.499177,152.050433
255,2,86,715.611184,150.718130
255,2,87,723.470499,149.432341
255,2,88,731.109984,148.186004
255,2,89,738.562502,146.972058
255,2,90,745.860915,145.783445
255,2,91,753.038086,144.613102
255,2,92,760.126876,143.453970
255,2,93,767.160150,142.298989
255,2,94,774.170768,141.141097
255,2,95,781.191594,139.973235
255,2,96,788.255489,138.788341
255,2,97,795.395317,137.579357
255,2,98,802.641786,136.339451
255,2,99,810.016985,135.062718
255,2,100,817.540850,133.743483
255,2,101,825.233317,132.376069
255,2,102,833.114322,130.954803
255,2,103,841.203799,129.474008
255,2,104,849.521686,127.928010
255,2,105,858.087917,126.311133
255,2,106,866.922428,124.617701
255,2,107,876.045156,122.842040
255,2,108,885.476034,120.978474
255,2,109,895.235000,119.021328
255,2,110,905.344772,116.965176
255,2,111,915.839204,114.805594
255,2,112,926.754934,112.538406
255,2,113,938.128597,110.159436
255,2,114,949.996832,107.664511
255,2,115,962.396276,105.049454
255,2,116,975.363565,102.310090
255,2,117,988.935338,99.442244
255,2,118,1003.148230,96.441742
255,2,119,1018.038880,93.304407
255,2,120,1033.643924,90.026065
255,2,121,1050.000000,86.602540
260,1,1,0.000000,0.000000
260,1,2,13.836992,-14.140322
260,1,3,27.082819,-27.817268
260,1,4,39.785256,-41.007250
260,1,5,51.992076,-53.686684
260,1,6,63.751053,-65.831983
260,1,7,75.109962,-77.419561
260,1,8,86.116576,-88.425832
260,1,9,96.818669,-98.827209
260,1,10,107.264015,-108.600106
260,1,11,117.500388,-117.720937
260,1,12,127.575563,-126.166116
260,1,13,137.537312,-133.912057
260,1,14,147.426622,-140.947848
260,1,15,157.257329,-147.313269
260,1,16,167.036478,-153.060777
260,1,17,176.771117,-158.242826
260,1,18,186.468294,-162.911873
260,1,19,196.135055,-167.120372
260,1,20,205.778446,-170.920780
260,1,21,215.405516,-174.365551
260,1,22,225.023311,-177.507141
260,1,23,234.638879,-180.398005
260,1,24,244.259266,-183.090599
260,1,25,253.891519,-185.637379
260,1,26,263.537420,-188.080678
260,1,27,273.177689,-190.422346
260,1,28,282.787782,-192.654111
260,1,29,292.343154,-194.767703
260,1,30,301.819259,-196.754850
260,1,31,311.191553,-198.607280
260,1,32,320.435490,-200.316722
260,1,33,329.526526,-201.874905
260,1,34,338.440117,-203.273557
260,1,35,347.151716,-204.504406
260,1,36,355.636779,-205.559181
260,1,37,363.870761,-206.429611
260,1,38,371.828384,-207.111974
260,1,39,379.481437,-207.620746
260,1,40,386.800976,-207.974954
260,1,41,393.758058,-208.193625
260,1,42,400.323738,-208.295784
260,1,43,406.469072,-208.300458
260,1,44,412.165116,-208.226673
260,1,45,417.382927,-208.093455
260,1,46,422.093560,-207.919832
260,1,47,426.268072,-207.724829
260,1,48,429.877518,-207.527472
260,1,49,432.892954,-207.346788
260,1,50,435.311884,-207.197352
260,1,51,437.237600,-207.075933
260,1,52,438.799840,-206.974851
260,1,53,440.128343,-206.886424
260,1,54,441.352849,-206.802970
260,1,55,442.603096,-206.716808
260,1,56,444.008823,-206.620257
260,1,57,445.699770,-206.505635
260,1,58,447.805674,-206.365260
260,1,59,450.456276,-206.191451
260,1,60,453.781314,-205.976527
260,1,61,457.910526,-205.712807
260,1,62,462.939971,-205.390273
260,1,63,468.830977,-204.989565
260,1,64,475.511192,-204.488989
260,1,65,482.908265,-203.866850
260,1,66,490.949841,-203.101452
260,1,67,499.563570,-202.171100
260,1,68,508.677098,-201.054099
260,1,69,518.218074,-199.728755
260,1,70,528.114144,-198.173371
260,1,71,538.292957,-196.366254
260,1,72,548.682160,-194.285706
260,1,73,559.209401,-191.910035
260,1,74,569.810747,-189.222208
260,1,75,580.455943,-186.223852
260,1,76,591.123153,-182.921258
260,1,77,601.790543,-179.320714
260,1,78,612.436276,-175.428513
260,1,79,623.038517,-171.250943
260,1,80,633.575431,-166.794296
260,1,81,644.025182,-162.064862
260,1,82,654.365934,-157.068930
260,1,83,664.575853,-151.812792
260,1,84,674.633103,-146.302738
260,1,85,684.515848,-140.545057
260,1,86,694.202549,-134.553511
260,1,87,703.672845,-128.371738
260,1,88,712.906673,-122.050846
260,1,89,721.883969,-115.641946
260,1,90,730.584668,-109.196145
260,1,91,738.988706,-102.764553
260,1,92,747.076019,-96.398278
260,1,93,754.826544,-90.148430
260,1,94,762.220215,-84.066117
260,1,95,769.236969,-78.202447
260,1,96,775.856741,-72.608531
260,1,97,782.059469,-67.335476
260,1,98,787.840712,-62.415419
260,1,99,793.258539,-57.804607
260,1,100,798.386641,-53.440314
260,1,101,803.298711,-49.259813
260,1,102,808.068443,-45.200378
260,1,103,812.769528,-41.199284
260,1,104,817.475660,-37.193804
260,1,105,822.260531,-33.121213
260,1,106,827.197833,-28.918784
260,1,107,832.361260,-24.523791
260,1,108,837.824504,-19.873509
260,1,109,843.661258,-14.905211
260,1,110,849.934990,-9.575157
260,1,111,856.668271,-3.915550
260,1,112,863.873448,2.022420
260,1,113,871.562867,8.187565
260,1,114,879.748876,14.528695
260,1,115,888.443821,20.994622
260,1,116,897.660049,27.534155
260,1,117,907.409906,34.096108
260,1,118,917.705739,40.629289
260,1,119,928.559896,47.082510
260,1,120,939.984722,53.404583
260,1,121,951.992564,59.544317
260,2,1,0.000000,0.000000
260,2,2,17.490034,11.979089
260,2,3,34.027018,23.392830
260,2,4,49.693077,34.254967
260,2,5,64.570339,44.579242
260,2,6,78.740931,54.379400
260,2,7,92.286978,63.669183
260,2,8,105.290607,72.462335
260,2,9,117.833945,80.772600
260,2,10,129.999119,88.613721
260,2,11,141.868256,95.999440
260,2,12,153.523481,102.943503
260,2,13,165.046921,109.459651
260,2,14,176.508955,115.561877
260,2,15,187.932967,121.265158
260,2,16,199.330591,126.584722
260,2,17,210.713463,131.535795
260,2,18,222.093219,136.133604
260,2,19,233.481493,140.393376
260,2,20,244.889921,144.330336
260,2,21,256.330138,147.959713
260,2,22,267.813779,151.296731
260,2,23,279.352481,154.356618
260,2,24,290.957877,157.154601
260,2,25,302.641604,159.705905
260,2,26,314.400492,162.025201
260,2,27,326.172154,164.124930
260,2,28,337.879402,166.016976
260,2,29,349.445043,167.713224
260,2,30,360.791887,169.225557
260,2,31,371.842744,170.565859
260,2,32,382.520423,171.746016
260,2,33,392.747733,172.777912
260,2,34,402.447484,173.673430
260,2,35,411.542485,174.444455
260,2,36,419.955546,175.102871
260,2,37,427.609475,175.660563
260,2,38,434.450576,176.128704
260,2,39,440.519125,176.515629
260,2,40,445.878893,176.828962
260,2,41,450.593648,177.076326
260,2,42,454.727161,177.265347
260,2,43,458.343202,177.403646
260,2,44,461.505540,177.498850
260,2,45,464.277947,177.558582
260,2,46,466.724190,177.590465
260,2,47,468.908041,177.602124
260,2,48,470.893269,177.601182
260,2,49,472.743645,177.595265
260,2,50,474.521642,177.589943
260,2,51,476.284550,177.582582
260,2,52,478.088366,177.568495
260,2,53,479.989085,177.542993
260,2,54,482.042700,177.501391
260,2,55,484.305207,177.439001
260,2,56,486.832602,177.351136
260,2,57,489.680879,177.233108
260,2,58,492.906033,177.080231
260,2,59,496.564059,176.887817
260,2,60,500.710953,176.651179
260,2,61,505.402709,176.365630
260,2,62,510.679319,176.026805
260,2,63,516.516756,175.631624
260,2,64,522.874991,175.177331
260,2,65,529.713995,174.661168
260,2,66,536.993737,174.080378
260,2,67,544.674189,173.432204
260,2,68,552.715321,172.713889
260,2,69,561.077102,171.922675
260,2,70,569.719504,171.055805
260,2,71,578.602497,170.110522
260,2,72,587.686051,169.084068
260,2,73,596.930136,167.973688
260,2,74,606.295649,166.779035
260,2,75,615.747182,165.509417
260,2,76,625.250258,164.176554
260,2,77,634.770394,162.792164
260,2,78,644.273110,161.367967
260,2,79,653.723927,159.915682
260,2,80,663.088363,158.447030
260,2,81,672.331939,156.973729
260,2,82,681.420174,155.507499
260,2,83,690.318587,154.060059
260,2,84,698.992699,152.643130
260,2,85,707.408029,151.268429
260,2,86,715.541458,149.944555
260,2,87,723.415317,148.667619
260,2,88,731.063295,147.430609
260,2,89,738.519086,146.226515
260,2,90,745.816380,145.048325
260,2,91,752.988869,143.889028
260,2,92,760.070244,142.741614
260,2,93,767.094197,141.599071
260,2,94,774.094419,140.454389
260,2,95,781.104602,139.300555
260,2,96,788.158436,138.130560
260,2,97,795.289614,136.937391
260,2,98,802.529510,135.714257
260,2,99,809.900227,134.455234
260,2,100,817.421551,133.154618
260,2,101,825.113269,131.806705
260,2,102,832.995167,130.405791
260,2,103,841.087032,128.946171
260,2,104,849.408650,127.422141
260,2,105,857.979806,125.827995
260,2,106,866.820288,124.158031
260,2,107,875.949882,122.406544
260,2,108,885.388374,120.567828
260,2,109,895.155550,118.636181
260,2,110,905.273974,116.606170
260,2,111,915.777317,114.473454
260,2,112,926.702028,112.233965
260,2,113,938.084555,109.883635
260,2,114,949.961348,107.418396
260,2,115,962.368854,104.834180
260,2,116,975.343522,102.126918
260,2,117,988.921802,99.292542
260,2,118,1003.140141,96.326985
260,2,119,1018.034987,93.226178
260,2,120,1033.642791,89.986052
260,2,121,1050.000000,86.602540
265,1,1,0.000000,0.000000
265,1,2,13.854669,-14.115813
265,1,3,27.119992,-27.770239
265,1,4,39.843353,-40.939568
265,1,5,52.072137,-53.600096
265,1,6,63.853729,-65.728113
265,1,7,75.235514,-77.299914
265,1,8,86.264877,-88.291791
265,1,9,96.989204,-98.680038
265,1,10,107.455879,-108.440946
265,1,11,117.712286,-117.550810
265,1,12,127.805812,-125.985921
265,1,13,137.783840,-133.722573
265,1,14,147.687064,-140.749765
265,1,15,157.529404,-147.107325
265,1,16,167.318089,-152.847787
265,1,17,177.060347,-158.023684
265,1,18,186.763407,-162.687549
265,1,19,196.434496,-166.891918
265,1,20,206.080843,-170.689324
265,1,21,215.709678,-174.132300
265,1,22,225.328227,-177.273381
265,1,23,234.943719,-180.165100
265,1,24,244.563383,-182.859991
265,1,25,254.194447,-185.410589
265,1,26,263.838802,-187.859245
265,1,27,273.476985,-190.207584
265,1,28,283.084197,-192.447052
265,1,29,292.635638,-194.569092
265,1,30,302.106509,-196.565147
265,1,31,311.472010,-198.426663
265,1,32,320.707341,-200.145083
265,1,33,329.787701,-201.711851
265,1,34,338.688293,-203.118411
265,1,35,347.384315,-204.356207
265,1,36,355.850968,-205.416683
265,1,37,364.063453,-206.291283
265,1,38,371.996408,-206.976111
265,1,39,379.622230,-207.485908
265,1,40,386.912754,-207.840073
265,1,41,393.839814,-208.058006
265,1,42,400.375247,-208.159109
265,1,43,406.490886,-208.162782
265,1,44,412.158568,-208.088424
265,1,45,417.350127,-207.955436
265,1,46,422.037399,-207.783217
265,1,47,426.192218,-207.591170
265,1,48,429.786420,-207.398692
265,1,49,432.791840,-207.225186
265,1,50,435.206474,-207.085450
265,1,51,437.132965,-206.975881
265,1,52,438.700119,-206.888274
265,1,53,440.036740,-206.814425
265,1,54,441.271632,-206.746131
265,1,55,442.533600,-206.675186
265,1,56,443.951449,-206.593387
265,1,57,445.653984,-206.492529
265,1,58,447.770008,-206.364409
265,1,59,450.428327,-206.200821
265,1,60,453.757746,-205.993561
265,1,61,457.887069,-205.734426
265,1,62,462.911702,-205.413027
265,1,63,468.793456,-205.010241
265,1,64,475.460744,-204.504762
265,1,65,482.841980,-203.875283
265,1,66,490.865575,-203.100496
265,1,67,499.459943,-202.159096
265,1,68,508.553496,-201.029775
265,1,69,518.074647,-199.691227
265,1,70,527.951809,-198.122144
265,1,71,538.113395,-196.301221
265,1,72,548.487817,-194.207150
265,1,73,559.003488,-191.818625
265,1,74,569.597066,-189.118941
265,1,75,580.238183,-186.109803
265,1,76,590.904719,-182.797519
265,1,77,601.574550,-179.188395
265,1,78,612.225554,-175.288739
265,1,79,622.835611,-171.104859
265,1,80,633.382597,-166.643061
265,1,81,643.844390,-161.909653
265,1,82,654.198868,-156.910942
265,1,83,664.423910,-151.653235
265,1,84,674.497393,-146.142841
265,1,85,684.397196,-140.386065
265,1,86,694.101506,-134.396667
265,1,87,703.589757,-128.218210
265,1,88,712.841692,-121.901710
265,1,89,721.837055,-115.498181
265,1,90,730.555590,-109.058637
265,1,91,738.977039,-102.634095
265,1,92,747.081148,-96.275568
265,1,93,754.847658,-90.034073
265,1,94,762.256315,-83.960623
265,1,95,769.286861,-78.106234
265,1,96,775.919040,-72.521920
265,1,97,782.132596,-67.258697
265,1,98,787.922969,-62.348630
265,1,99,793.348383,-57.747992
265,1,100,798.482759,-53.394103
265,1,101,803.400019,-49.224287
265,1,102,808.174082,-45.175865
265,1,103,812.878871,-41.186160
265,1,104,817.588305,-37.192495
265,1,105,822.376307,-33.132191
265,1,106,827.316796,-28.942570
265,1,107,832.483694,-24.560956
265,1,108,837.950922,-19.924670
265,1,109,843.792401,-14.971035
265,1,110,850.071806,-9.656371
265,1,111,856.811829,-4.012995
265,1,112,864.024917,1.907777
265,1,113,871.723518,8.054632
265,1,114,879.920077,14.376253
265,1,115,888.627042,20.821325
265,1,116,897.856859,27.338535
265,1,117,907.621976,33.876565
265,1,118,917.934838,40.384103
265,1,119,928.807893,46.809831
265,1,120,940.253588,53.102436
265,1,121,952.284369,59.210601
265,2,1,0.000000,0.000000
265,2,2,17.611519,12.020570
265,2,3,34.245774,23.467534
265,2,4,49.987535,34.355667
265,2,5,64.921573,44.699743
265,2,6,79.132660,54.514537
265,2,7,92.705566,63.814823
265,2,8,105.725062,72.615375
265,2,9,118.275919,80.930967
265,2,10,130.442907,88.776375
265,2,11,142.310799,96.166372
265,2,12,153.964364,103.115733
265,2,13,165.488374,109.639233
265,2,14,176.955283,115.751532
265,2,15,188.388281,121.466843
265,2,16,199.798242,126.799265
265,2,17,211.196039,131.762897
265,2,18,222.592545,136.371837
265,2,19,233.998636,140.640185
265,2,20,245.425183,144.582040
265,2,21,256.883060,148.211501
265,2,22,268.383142,151.542667
265,2,23,279.936301,154.589637
265,2,24,291.553412,157.366510
265,2,25,303.245347,159.887385
265,2,26,315.008248,162.166239
265,2,27,326.779326,164.216563
265,2,28,338.481060,166.051726
265,2,29,350.035927,167.685098
265,2,30,361.366405,169.130046
265,2,31,372.394975,170.399939
265,2,32,383.044113,171.508148
265,2,33,393.236299,172.468040
265,2,34,402.894010,173.292985
265,2,35,411.939725,173.996351
265,2,36,420.295923,174.591508
265,2,37,427.885082,175.091824
265,2,38,434.653492,175.509615
265,2,39,440.642688,175.852987
265,2,40,445.918016,176.128989
265,2,41,450.544823,176.344675
265,2,42,454.588456,176.507094
265,2,43,458.114261,176.623299
265,2,44,461.187585,176.700341
265,2,45,463.873774,176.745271
265,2,46,466.238175,176.765141
265,2,47,468.346134,176.767003
265,2,48,470.262999,176.757907
265,2,49,472.054114,176.744906
265,2,50,473.783119,176.733099
265,2,51,475.506812,176.719782
265,2,52,477.280286,176.700301
265,2,53,479.158630,176.669999
265,2,54,481.196936,176.624222
265,2,55,483.450294,176.558313
265,2,56,485.973796,176.467619
265,2,57,488.822533,176.347484
265,2,58,492.051594,176.193251
265,2,59,495.716073,176.000267
265,2,60,499.871058,175.763875
265,2,61,504.571642,175.479421
265,2,62,509.857136,175.142553
265,2,63,515.703738,174.750136
265,2,64,522.071866,174.299340
265,2,65,528.921940,173.787333
265,2,66,536.214377,173.211285
265,2,67,543.909598,172.568365
265,2,68,551.968019,171.855741
265,2,69,560.350062,171.070584
265,2,70,569.016143,170.210062
265,2,71,577.926681,169.271345
265,2,72,587.042096,168.251601
265,2,73,596.322807,167.148000
265,2,74,605.729902,165.960137
265,2,75,615.227158,164.697315
265,2,76,624.779020,163.371263
265,2,77,634.349935,161.993708
265,2,78,643.904350,160.576381
265,2,79,653.406711,159.131009
265,2,80,662.821463,157.669322
265,2,81,672.113054,156.203047
265,2,82,681.245930,154.743915
265,2,83,690.184538,153.303653
265,2,84,698.893323,151.893991
265,2,85,707.336732,150.526656
265,2,86,715.490889,149.210269
265,2,87,723.378630,147.941004
265,2,88,731.034468,146.711928
265,2,89,738.492917,145.516106
265,2,90,745.788490,144.346606
265,2,91,752.955700,143.196492
265,2,92,760.029061,142.058831
265,2,93,767.043086,140.926688
265,2,94,774.032289,139.793130
265,2,95,781.031182,138.651223
265,2,96,788.074280,137.494031
265,2,97,795.196096,136.314623
265,2,98,802.428664,135.106263
265,2,99,809.794111,133.863022
265,2,100,817.312081,132.579172
265,2,101,825.002221,131.248982
265,2,102,832.884179,129.866723
265,2,103,840.977599,128.426667
265,2,104,849.302129,126.923084
265,2,105,857.877414,125.350245
265,2,106,866.723102,123.702420
265,2,107,875.858839,121.973880
265,2,108,885.304270,120.158897
265,2,109,895.079043,118.251741
265,2,110,905.205573,116.246978
265,2,111,915.717346,114.140360
265,2,112,926.650621,111.927935
265,2,113,938.041654,109.605749
265,2,114,949.926701,107.169849
265,2,115,962.342020,104.616283
265,2,116,975.323866,101.941098
265,2,117,988.908497,99.140341
265,2,118,1003.132169,96.210060
265,2,119,1018.031140,93.146301
265,2,120,1033.641664,89.945112
265,2,121,1050.000000,86.602540
270,1,1,0.000000,0.000000
270,1,2,13.871123,-14.092833
270,1,3,27.154857,-27.726027
270,1,4,39.898189,-40.875775
270,1,5,52.148103,-53.518271
270,1,6,63.951586,-65.629709
270,1,7,75.355624,-77.186283
270,1,8,86.407203,-88.164188
270,1,9,97.153308,-98.539616
270,1,10,107.640926,-108.288763
270,1,11,117.917042,-117.387822
270,1,12,128.028642,-125.812987
270,1,13,138.022712,-133.540452
270,1,14,147.939659,-140.559165
270,1,15,157.793571,-146.909089
270,1,16,167.591958,-152.642943
270,1,17,177.342330,-157.813442
270,1,18,187.052195,-162.473305
270,1,19,196.729063,-166.675250
270,1,20,206.380444,-170.471993
270,1,21,216.013846,-173.916252
270,1,22,225.636781,-177.060744
270,1,23,235.256756,-179.958187
270,1,24,244.881281,-182.661299
270,1,25,254.517867,-185.222796
270,1,26,264.168570,-187.685102
270,1,27,273.813643,-190.049471
270,1,28,283.427887,-192.306860
270,1,29,292.986102,-194.448227
270,1,30,302.463090,-196.464533
270,1,31,311.833651,-198.346734
270,1,32,321.072586,-200.085791
270,1,33,330.154695,-201.672660
270,1,34,339.054780,-203.098302
270,1,35,347.747642,-204.353675
270,1,36,356.208080,-205.429737
270,1,37,364.410896,-206.317448
270,1,38,372.330465,-207.012530
270,1,39,379.939455,-207.529772
270,1,40,387.210110,-207.888724
270,1,41,394.114673,-208.108941
270,1,42,400.625386,-208.209974
270,1,43,406.714494,-208.211374
270,1,44,412.354239,-208.132696
270,1,45,417.516864,-207.993491
270,1,46,422.174612,-207.813311
270,1,47,426.299727,-207.611708
270,1,48,429.864451,-207.408236
270,1,49,432.841027,-207.222446
270,1,50,435.227800,-207.069319
270,1,51,437.127518,-206.945549
270,1,52,438.669029,-206.843260
270,1,53,439.981182,-206.754575
270,1,54,441.192826,-206.671616
270,1,55,442.432810,-206.586506
270,1,56,443.829982,-206.491368
270,1,57,445.513193,-206.378326
270,1,58,447.611290,-206.239501
270,1,59,450.253122,-206.067017
270,1,60,453.567538,-205.852998
270,1,61,457.683387,-205.589565
270,1,62,462.696109,-205.266535
270,1,63,468.567505,-204.864501
270,1,64,475.225967,-204.361747
270,1,65,482.599887,-203.736558
270,1,66,490.617658,-202.967220
270,1,67,499.207671,-202.032019
270,1,68,508.298319,-200.909239
270,1,69,517.817994,-199.577166
270,1,70,527.695087,-198.014085
270,1,71,537.857992,-196.198282
270,1,72,548.235100,-194.108041
270,1,73,558.754803,-191.721649
270,1,74,569.353731,-189.022113
270,1,75,580.001466,-186.011333
270,1,76,590.675827,-182.695934
270,1,77,601.354632,-179.082538
270,1,78,612.015700,-175.177769
270,1,79,622.636851,-170.988250
270,1,80,633.195903,-166.520605
270,1,81,643.670676,-161.781456
270,1,82,654.038989,-156.777428
270,1,83,664.278660,-151.515143
270,1,84,674.367509,-146.001225
270,1,85,684.283354,-140.242297
270,1,86,694.004305,-134.252361
270,1,87,703.509624,-128.074930
270,1,88,712.778865,-121.760895
270,1,89,721.791580,-115.361148
270,1,90,730.527324,-108.926580
270,1,91,738.965650,-102.508082
270,1,92,747.086109,-96.156545
270,1,93,754.868257,-89.922861
270,1,94,762.291644,-83.857922
270,1,95,769.335826,-78.012618
270,1,96,775.980354,-72.437841
270,1,97,782.204782,-67.184482
270,1,98,788.004426,-62.284510
270,1,99,793.437647,-57.694197
270,1,100,798.578573,-53.350894
270,1,101,803.501327,-49.191951
270,1,102,808.280035,-45.154718
270,1,103,812.988823,-41.176546
270,1,104,817.701815,-37.194785
270,1,105,822.493138,-33.146785
270,1,106,827.436916,-28.969897
270,1,107,832.607274,-24.601469
270,1,108,838.078338,-19.978854
270,1,109,843.924233,-15.039400
270,1,110,850.208820,-9.739478
270,1,111,856.954902,-4.111535
270,1,112,864.175021,1.792962
270,1,113,871.881715,7.922546
270,1,114,880.087523,14.225749
270,1,115,888.804986,20.651106
270,1,116,898.046643,27.147149
270,1,117,907.825034,33.662411
270,1,118,918.152698,40.145426
270,1,119,929.042174,46.544725
270,1,120,940.506004,52.808843
270,1,121,952.556725,58.886312
270,2,1,0.000000,0.000000
270,2,2,17.759004,12.019171
270,2,3,34.511358,23.462468
270,2,4,50.344849,34.345110
270,2,5,65.347267,44.682319
270,2,6,79.606399,54.489314
270,2,7,93.210033,63.781316
270,2,8,106.245958,72.573544
270,2,9,118.801962,80.881220
270,2,10,130.965834,88.719563
270,2,11,142.825361,96.103794
270,2,12,154.468331,103.049133
270,2,13,165.982533,109.570800
270,2,14,177.442835,115.683694
270,2,15,188.872420,121.401429
270,2,16,200.281553,126.737297
270,2,17,211.680498,131.704591
270,2,18,223.079517,136.316601
270,2,19,234.488876,140.586621
270,2,20,245.918838,144.527943
270,2,21,257.379666,148.153859
270,2,22,268.881625,151.477662
270,2,23,280.434977,154.512642
270,2,24,292.049988,157.272094
270,2,25,303.736921,159.769309
270,2,26,315.491384,162.017766
270,2,27,327.250370,164.031698
270,2,28,338.936213,165.825524
270,2,29,350.471251,167.413663
270,2,30,361.777820,168.810535
270,2,31,372.778256,170.030558
270,2,32,383.394895,171.088152
270,2,33,393.550074,171.997736
270,2,34,403.166129,172.773730
270,2,35,412.165396,173.430552
270,2,36,420.470212,173.982623
270,2,37,428.002912,174.444361
270,2,38,434.709828,174.828879
270,2,39,440.633269,175.144062
270,2,40,445.839537,175.396489
270,2,41,450.394936,175.592737
270,2,42,454.365769,175.739386
270,2,43,457.818340,175.843013
270,2,44,460.818952,175.910197
270,2,45,463.433908,175.947517
270,2,46,465.729512,175.961550
270,2,47,467.772066,175.958876
270,2,48,469.627874,175.946072
270,2,49,471.363240,175.929717
270,2,50,473.042556,175.914527
270,2,51,474.722578,175.897771
270,2,52,476.458151,175.874856
270,2,53,478.304119,175.841188
270,2,54,480.315329,175.792174
270,2,55,482.546624,175.723221
270,2,56,485.052851,175.629735
270,2,57,487.888853,175.507122
270,2,58,491.109477,175.350791
270,2,59,494.769567,175.156146
270,2,60,498.923968,174.918595
270,2,61,503.627526,174.633545
270,2,62,508.919354,174.296688
270,2,63,514.775638,173.904865
270,2,64,521.156834,173.455203
270,2,65,528.023398,172.944827
270,2,66,535.335783,172.370865
270,2,67,543.054447,171.730443
270,2,68,551.139843,171.020688
270,2,69,559.552428,170.238725
270,2,70,568.252655,169.381683
270,2,71,577.200982,168.446687
270,2,72,586.357862,167.430865
270,2,73,595.683751,166.331341
270,2,74,605.139614,165.147683
270,2,75,614.688450,163.889213
270,2,76,624.293769,162.567693
270,2,77,633.919080,161.194883
270,2,78,643.527894,159.782545
270,2,79,653.083718,158.342442
270,2,80,662.550063,156.886334
270,2,81,671.890438,155.425984
270,2,82,681.068352,153.973152
270,2,83,690.047315,152.539600
270,2,84,698.790835,151.137091
270,2,85,707.262423,149.777384
270,2,86,715.437555,148.469130
270,2,87,723.339571,147.208519
270,2,88,731.003781,145.988633
270,2,89,738.465493,144.802550
270,2,90,745.760014,143.643350
270,2,91,752.922655,142.504113
270,2,92,759.988722,141.377918
270,2,93,766.993524,140.257844
270,2,94,773.972370,139.136971
270,2,95,780.960569,138.008379
270,2,96,787.993427,136.865147
270,2,97,795.106254,135.700354
270,2,98,802.331727,134.507281
270,2,99,809.691997,133.280006
270,2,100,817.206584,132.012809
270,2,101,824.895008,130.699971
270,2,102,832.776789,129.335769
270,2,103,840.871448,127.914486
270,2,104,849.198505,126.430398
270,2,105,857.777478,124.877787
270,2,106,866.627890,123.250933
270,2,107,875.769259,121.544113
270,2,108,885.221105,119.751609
270,2,109,895.002949,117.867700
270,2,110,905.137072,115.886986
270,2,111,915.656794,113.805348
270,2,112,926.598197,111.618988
270,2,113,937.997364,109.324107
270,2,114,949.890376,106.916908
270,2,115,962.313315,104.393592
270,2,116,975.302263,101.750361
270,2,117,988.893302,98.983417
270,2,118,1003.122513,96.088961
270,2,119,1018.025978,93.063195
270,2,120,1033.639780,89.902321
270,2,121,1050.000000,86.602540
275,1,1,0.000000,0.000000
275,1,2,13.882623,-14.077309
275,1,3,27.179020,-27.696178
275,1,4,39.935924,-40.832732
275,1,5,52.200070,-53.463095
275,1,6,64.018194,-65.563391
275,1,7,75.437030,-77.109744
275,1,8,86.503314,-88.078279
275,1,9,97.263779,-98.445120
275,1,10,107.765162,-108.186392
275,1,11,118.054196,-117.278217
275,1,12,128.177616,-125.696722
275,1,13,138.182159,-133.418029
275,1,14,148.108042,-140.431041
275,1,15,157.969427,-146.775772
275,1,16,167.773957,-152.505011
275,1,17,177.529278,-157.671551
275,1,18,187.243033,-162.328181
275,1,19,196.922868,-166.527694
275,1,20,206.576428,-170.322879
275,1,21,216.211356,-173.766529
275,1,22,225.835298,-176.911433
275,1,23,235.455897,-179.810383
275,1,24,245.080800,-182.516170
275,1,25,254.717650,-185.081585
275,1,26,264.368575,-187.549066
275,1,27,274.013633,-189.919648
275,1,28,283.627364,-192.184010
275,1,29,293.184309,-194.332833
275,1,30,302.659008,-196.356800
275,1,31,312.026002,-198.246590
275,1,32,321.259832,-199.992885
275,1,33,330.335038,-201.586366
275,1,34,339.226160,-203.017714
275,1,35,347.907740,-204.277609
275,1,36,356.354318,-205.356733
275,1,37,364.540434,-206.245767
275,1,38,372.440364,-206.940269
275,1,39,380.027327,-207.455303
275,1,40,387.274275,-207.810814
275,1,41,394.154162,-208.026741
275,1,42,400.639941,-208.123029
275,1,43,406.704565,-208.119619
275,1,44,412.320988,-208.036454
275,1,45,417.462162,-207.893476
275,1,46,422.101041,-207.710627
275,1,47,426.210578,-207.507850
275,1,48,429.763726,-207.305087
275,1,49,432.733439,-207.122280
275,1,50,435.118517,-206.974663
275,1,51,437.021145,-206.858637
275,1,52,438.569359,-206.765895
275,1,53,439.891190,-206.688130
275,1,54,441.114673,-206.617033
275,1,55,442.367840,-206.544298
275,1,56,443.778726,-206.461617
275,1,57,445.475363,-206.360683
275,1,58,447.585785,-206.233188
275,1,59,450.238026,-206.070824
275,1,60,453.560118,-205.865286
275,1,61,457.680096,-205.608264
275,1,62,462.692816,-205.289256
275,1,63,468.560438,-204.888970
275,1,64,475.211943,-204.385920
275,1,65,482.576313,-203.758617
275,1,66,490.582531,-202.985576
275,1,67,499.159579,-202.045309
275,1,68,508.236439,-200.916328
275,1,69,517.742094,-199.577147
275,1,70,527.605525,-198.006278
275,1,71,537.755716,-196.182235
275,1,72,548.121648,-194.083530
275,1,73,558.632303,-191.688675
275,1,74,569.224772,-188.980881
275,1,75,579.868571,-185.962144
275,1,76,590.541325,-182.639157
275,1,77,601.220660,-179.018612
275,1,78,611.884200,-175.107202
275,1,79,622.509570,-170.911622
275,1,80,633.074395,-166.438562
275,1,81,643.556299,-161.694718
275,1,82,653.932908,-156.686781
275,1,83,664.181845,-151.421444
275,1,84,674.280737,-145.905401
275,1,85,684.207207,-140.145344
275,1,86,693.939181,-134.155319
275,1,87,703.455787,-127.978786
275,1,88,712.736450,-121.666555
275,1,89,721.760599,-115.269439
275,1,90,730.507662,-108.838250
275,1,91,738.957064,-102.423799
275,1,92,747.088235,-96.076898
275,1,93,754.880601,-89.848358
275,1,94,762.313590,-83.788992
275,1,95,769.366629,-77.949612
275,1,96,776.019145,-72.381028
275,1,97,782.250567,-67.134053
275,1,98,788.056127,-62.240593
275,1,99,793.494289,-57.656931
275,1,100,798.639321,-53.320444
275,1,101,803.565493,-49.168508
275,1,102,808.347073,-45.138501
275,1,103,813.058331,-41.167801
275,1,104,817.773536,-37.193783
275,1,105,822.566957,-33.153825
275,1,106,827.512862,-28.985304
275,1,107,832.685521,-24.625598
275,1,108,838.159203,-20.012083
275,1,109,844.008177,-15.082136
275,1,110,850.296438,-9.792157
275,1,111,857.046882,-4.174637
275,1,112,864.272131,1.718912
275,1,113,871.984808,7.836978
275,1,114,880.197535,14.128046
275,1,115,888.922933,20.540603
275,1,116,898.173625,27.023138
275,1,117,907.962234,33.524138
275,1,118,918.301381,39.992088
275,1,119,929.203688,46.375477
275,1,120,940.681777,52.622791
275,1,121,952.748272,58.682517
275,2,1,0.000000,0.000000
275,2,2,17.862607,12.078159
275,2,3,34.697208,23.565821
275,2,4,50.593608,34.479808
275,2,5,65.641612,44.836941
275,2,6,79.931023,54.654042
275,2,7,93.551648,63.947934
275,2,8,106.593291,72.735436
275,2,9,119.145756,81.033373
275,2,10,131.298849,88.858564
275,2,11,143.142373,96.227832
275,2,12,154.766134,103.157998
275,2,13,166.259936,109.665885
275,2,14,177.700305,115.767601
275,2,15,189.110651,121.476406
275,2,16,200.501104,126.804845
275,2,17,211.881796,131.765466
275,2,18,223.262858,136.370816
275,2,19,234.654419,140.633439
275,2,20,246.066612,144.565884
275,2,21,257.509567,148.180696
275,2,22,268.993415,151.490423
275,2,23,280.528286,154.507610
275,2,24,292.124312,157.244804
275,2,25,303.791624,159.714552
275,2,26,315.525717,161.929870
275,2,27,327.263549,163.905651
275,2,28,338.927441,165.657259
275,2,29,350.439717,167.200058
275,2,30,361.722699,168.549411
275,2,31,372.698709,169.720682
275,2,32,383.290069,170.729234
275,2,33,393.419103,171.590431
275,2,34,403.008131,172.319636
275,2,35,411.979477,172.932213
275,2,36,420.255462,173.443525
275,2,37,427.758410,173.868936
275,2,38,434.434614,174.222271
275,2,39,440.326251,174.511200
275,2,40,445.499472,174.741856
275,2,41,450.020425,174.920371
275,2,42,453.955260,175.052878
275,2,43,457.370126,175.145508
275,2,44,460.331173,175.204395
275,2,45,462.904549,175.235670
275,2,46,465.156404,175.245466
275,2,47,467.152888,175.239914
275,2,48,468.960149,175.225148
275,2,49,470.644337,175.207300
275,2,50,472.269909,175.190705
275,2,51,473.894550,175.172517
275,2,52,475.574255,175.148093
275,2,53,477.365016,175.112790
275,2,54,479.322827,175.061965
275,2,55,481.503682,174.990974
275,2,56,483.963574,174.895175
275,2,57,486.758497,174.769924
275,2,58,489.944444,174.610579
275,2,59,493.577408,174.412496
275,2,60,497.713383,174.171033
275,2,61,502.408363,173.881546
275,2,62,507.702260,173.539698
275,2,63,513.570670,173.142375
275,2,64,519.973107,172.686771
275,2,65,526.869085,172.170075
275,2,66,534.218119,171.589482
275,2,67,541.979723,170.942183
275,2,68,550.113411,170.225370
275,2,69,558.578698,169.436235
275,2,70,567.335098,168.571971
275,2,71,576.342126,167.629769
275,2,72,585.559296,166.606822
275,2,73,594.946122,165.500322
275,2,74,604.462709,164.309929
275,2,75,614.071521,163.045175
275,2,76,623.735613,161.718061
275,2,77,633.418038,160.340587
275,2,78,643.081851,158.924755
275,2,79,652.690105,157.482563
275,2,80,662.205856,156.026013
275,2,81,671.592157,154.567104
275,2,82,680.812063,153.117839
275,2,83,689.828627,151.690216
275,2,84,698.604904,150.296236
275,2,85,707.103949,148.947900
275,2,86,715.300954,147.653993
275,2,87,723.219670,146.410442
275,2,88,730.895985,145.209959
275,2,89,738.365789,144.045256
275,2,90,745.664971,142.909043
275,2,91,752.829420,141.794034
275,2,92,759.895025,140.692940
275,2,93,766.897675,139.598472
275,2,94,773.873260,138.503343
275,2,95,780.857668,137.400264
275,2,96,787.886790,136.281947
275,2,97,794.996513,135.141104
275,2,98,802.219985,133.970732
275,2,99,809.579386,132.764974
275,2,100,817.094155,131.518254
275,2,101,824.783730,130.225001
275,2,102,832.667549,128.879642
275,2,103,840.765051,127.476603
275,2,104,849.095674,126.010311
275,2,105,857.678856,124.475194
275,2,106,866.534035,122.865678
275,2,107,875.680651,121.176190
275,2,108,885.138140,119.401157
275,2,109,894.925942,117.535007
275,2,110,905.066261,115.572511
275,2,111,915.592369,113.509824
275,2,112,926.540302,111.343448
275,2,113,937.946097,109.069881
275,2,114,949.845793,106.685624
275,2,115,962.275426,104.187178
275,2,116,975.271034,101.571043
275,2,117,988.868654,98.833719
275,2,118,1003.104323,95.971706
275,2,119,1018.014079,92.981506
275,2,120,1033.633959,89.859617
275,2,121,1050.000000,86.602540
280,1,1,0.000000,0.000000
280,1,2,13.895100,-14.061439
280,1,3,27.204790,-27.665735
280,1,4,39.975593,-40.788931
280,1,5,52.254030,-53.407071
280,1,6,64.086626,-65.496196
280,1,7,75.519902,-77.032352
280,1,8,86.600382,-87.991581
280,1,9,97.374588,-98.349926
280,1,10,107.889042,-108.083431
280,1,11,118.190269,-117.168138
280,1,12,128.324789,-125.580092
280,1,13,138.339127,-133.295335
280,1,14,148.273342,-140.302710
280,1,15,158.141651,-146.642262
280,1,16,167.951806,-152.366833
280,1,17,177.711561,-157.529267
280,1,18,187.428668,-162.182406
280,1,19,197.110881,-166.379095
280,1,20,206.765953,-170.172177
280,1,21,216.401638,-173.614496
280,1,22,226.025688,-176.758893
280,1,23,235.645857,-179.658214
280,1,24,245.269899,-182.365301
280,1,25,254.905565,-184.932998
280,1,26,264.555071,-187.403772
280,1,27,274.198472,-189.778595
280,1,28,283.810284,-192.048061
280,1,29,293.365024,-194.202766
280,1,30,302.837209,-196.233303
280,1,31,312.201355,-198.130268
280,1,32,321.431977,-199.884257
280,1,33,330.503594,-201.485864
280,1,34,339.390721,-202.925685
280,1,35,348.067874,-204.194313
280,1,36,356.509570,-205.282345
280,1,37,364.690326,-206.180376
280,1,38,372.584400,-206.883868
280,1,39,380.165018,-207.407761
280,1,40,387.405147,-207.771860
280,1,41,394.277756,-207.995973
280,1,42,400.755812,-208.099905
280,1,43,406.812284,-208.103464
280,1,44,412.420138,-208.026456
280,1,45,417.552343,-207.888688
280,1,46,422.181867,-207.709966
280,1,47,426.281677,-207.510097
280,1,48,429.824741,-207.308887
280,1,49,432.784027,-207.126143
280,1,50,435.158357,-206.977017
280,1,51,437.049963,-206.858040
280,1,52,438.586933,-206.761088
280,1,53,439.897353,-206.678036
280,1,54,441.109311,-206.600763
280,1,55,442.350892,-206.521143
280,1,56,443.750184,-206.431052
280,1,57,445.435274,-206.322368
280,1,58,447.534247,-206.186966
280,1,59,450.175193,-206.016722
280,1,60,453.486196,-205.803512
280,1,61,457.595344,-205.539213
280,1,62,462.597555,-205.213470
280,1,63,468.455079,-204.807005
280,1,64,475.096996,-204.298308
280,1,65,482.452386,-203.665871
280,1,66,490.450330,-202.888184
280,1,67,499.019909,-201.943738
280,1,68,508.090202,-200.811024
280,1,69,517.590292,-199.468533
280,1,70,527.449257,-197.894755
280,1,71,537.596180,-196.068182
280,1,72,547.960139,-193.967305
280,1,73,558.470217,-191.570614
280,1,74,569.063568,-188.861303
280,1,75,579.709648,-185.841381
280,1,76,590.385985,-182.517558
280,1,77,601.070110,-178.896546
280,1,78,611.739553,-174.985056
280,1,79,622.371842,-170.789799
280,1,80,632.944508,-166.317487
280,1,81,643.435081,-161.574830
280,1,82,653.821089,-156.568540
280,1,83,664.080063,-151.305328
280,1,84,674.189533,-145.791905
280,1,85,684.127028,-140.034983
280,1,86,693.870373,-134.048615
280,1,87,703.398576,-127.876226
280,1,88,712.690941,-121.568585
280,1,89,721.726772,-115.176459
280,1,90,730.485371,-108.750617
280,1,91,738.946043,-102.341825
280,1,92,747.088092,-96.000852
280,1,93,754.890819,-89.778466
280,1,94,762.333530,-83.725434
280,1,95,769.395528,-77.892525
280,1,96,776.056116,-72.330507
280,1,97,782.294597,-67.090147
280,1,98,788.106127,-62.203319
280,1,99,793.549264,-57.626325
280,1,100,798.698417,-53.296571
280,1,101,803.627996,-49.151465
280,1,102,808.412410,-45.128414
280,1,103,813.126070,-41.164825
280,1,104,817.843383,-37.198104
280,1,105,822.638760,-33.165660
280,1,106,827.586611,-29.004900
280,1,107,832.761344,-24.653230
280,1,108,838.237370,-20.048058
280,1,109,844.089097,-15.126791
280,1,110,850.380666,-9.845856
280,1,111,857.135134,-4.237759
280,1,112,864.365292,1.645973
280,1,113,872.083927,7.753813
280,1,114,880.303829,14.034235
280,1,115,889.037787,20.435713
280,1,116,898.298589,26.906721
280,1,117,908.099024,33.395731
280,1,118,918.451881,39.851217
280,1,119,929.369950,46.221653
280,1,120,940.866018,52.455513
280,1,121,952.952874,58.501270
280,2,1,0.000000,0.000000
280,2,2,18.012260,12.132357
280,2,3,34.965873,23.658354
280,2,4,50.953348,34.596644
280,2,5,66.067196,44.965883
280,2,6,80.399929,54.784726
280,2,7,94.044058,64.071826
280,2,8,107.092092,72.845839
280,2,9,119.636543,81.125419
280,2,10,131.769922,88.929220
280,2,11,143.584738,96.275898
280,2,12,155.173504,103.184106
280,2,13,166.628730,109.672500
280,2,14,178.029221,115.758563
280,2,15,189.398956,121.455099
280,2,16,200.748212,126.773739
280,2,17,212.087263,131.726115
280,2,18,223.426382,136.323861
280,2,19,234.775846,140.578607
280,2,20,246.145928,144.501987
280,2,21,257.546903,148.105632
280,2,22,268.989046,151.401174
280,2,23,280.482632,154.400247
280,2,24,292.037934,157.114482
280,2,25,303.665228,159.555511
280,2,26,315.360134,161.735763
280,2,27,327.059646,163.670856
280,2,28,338.686108,165.377201
280,2,29,350.161859,166.871212
280,2,30,361.409241,168.169302
280,2,31,372.350595,169.287885
280,2,32,382.908262,170.243374
280,2,33,393.004584,171.052181
280,2,34,402.561902,171.730720
280,2,35,411.502556,172.295405
280,2,36,419.748888,172.762648
280,2,37,427.223238,173.148862
280,2,38,433.871797,173.468666
280,2,39,439.736140,173.729499
280,2,40,444.881693,173.937005
280,2,41,449.373880,174.096827
280,2,42,453.278127,174.214610
280,2,43,456.659858,174.295999
280,2,44,459.584498,174.346636
280,2,45,462.117472,174.372166
280,2,46,464.324204,174.378234
280,2,47,466.270120,174.370482
280,2,48,468.020644,174.354556
280,2,49,469.641201,174.336099
280,2,50,471.196000,174.319021
280,2,51,472.744390,174.300292
280,2,52,474.344502,174.275147
280,2,53,476.054468,174.238824
280,2,54,477.932423,174.186557
280,2,55,480.036496,174.113583
280,2,56,482.424822,174.015138
280,2,57,485.155532,173.886456
280,2,58,488.286758,173.722775
280,2,59,491.876634,173.519330
280,2,60,495.983291,173.271357
280,2,61,500.664861,172.974091
280,2,62,505.962753,172.623125
280,2,63,511.851472,172.215473
280,2,64,518.288800,171.748506
280,2,65,525.232518,171.219595
280,2,66,532.640407,170.626109
280,2,67,540.470250,169.965420
280,2,68,548.679827,169.234898
280,2,69,557.226920,168.431914
280,2,70,566.069309,167.553839
280,2,71,575.164778,166.598042
280,2,72,584.471106,165.561895
280,2,73,593.946075,164.442769
280,2,74,603.548293,163.240523
280,2,75,613.239672,161.964976
280,2,76,622.982951,160.628436
280,2,77,632.740867,159.243211
280,2,78,642.476160,157.821610
280,2,79,652.151568,156.375941
280,2,80,661.729828,154.918512
280,2,81,671.173680,153.461631
280,2,82,680.445862,152.017606
280,2,83,689.509113,150.598746
280,2,84,698.326170,149.217359
280,2,85,706.859772,147.885752
280,2,86,715.084958,146.612874
280,2,87,723.025960,145.394234
280,2,88,730.719315,144.221978
280,2,89,738.201555,143.088256
280,2,90,745.509214,141.985214
280,2,91,752.678827,140.905002
280,2,92,759.746928,139.839766
280,2,93,766.750050,138.781655
280,2,94,773.724727,137.722817
280,2,95,780.707494,136.655400
280,2,96,787.734884,135.571552
280,2,97,794.843431,134.463420
280,2,98,802.066806,133.323572
280,2,99,809.427221,132.146245
280,2,100,816.944026,130.926096
280,2,101,824.636570,129.657783
280,2,102,832.524202,128.335962
280,2,103,840.626272,126.955290
280,2,104,848.962129,125.510423
280,2,105,857.551121,123.996019
280,2,106,866.412600,122.406734
280,2,107,875.565913,120.737226
280,2,108,885.030410,118.982150
280,2,109,894.825440,117.136165
280,2,110,904.973136,115.194304
280,2,111,915.506763,113.153119
280,2,112,926.462370,111.009536
280,2,113,937.876007,108.760483
280,2,114,949.783721,106.402890
280,2,115,962.221561,103.933683
280,2,116,975.225578,101.349792
280,2,117,988.831818,98.648143
280,2,118,1003.076332,95.825666
280,2,119,1017.995167,92.879288
280,2,120,1033.624374,89.805936
280,2,121,1050.000000,86.602540
285,1,1,0.000000,0.000000
285,1,2,13.908360,-14.045871
285,1,3,27.231543,-27.635987
285,1,4,40.015934,-40.746296
285,1,5,52.307916,-53.352747
285,1,6,64.153872,-65.431286
285,1,7,75.600186,-76.957863
285,1,8,86.693241,-87.908423
285,1,9,97.479422,-98.258917
285,1,10,108.005111,-107.985290
285,1,11,118.316692,-117.063491
285,1,12,128.460549,-125.469468
285,1,13,138.483066,-133.179168
285,1,14,148.424205,-140.181366
285,1,15,158.298251,-146.516140
285,1,16,168.113066,-152.236395
285,1,17,177.876515,-157.395036
285,1,18,187.596461,-162.044968
285,1,19,197.280768,-166.239096
285,1,20,206.937298,-170.030324
285,1,21,216.573916,-173.471558
285,1,22,226.198485,-176.615702
285,1,23,235.818868,-179.515662
285,1,24,245.442929,-182.224341
285,1,25,255.078532,-184.794646
285,1,26,264.727962,-187.269070
285,1,27,274.371187,-189.648472
285,1,28,283.982601,-191.923296
285,1,29,293.536593,-194.083992
285,1,30,303.007557,-196.121004
285,1,31,312.369882,-198.024780
285,1,32,321.597960,-199.785767
285,1,33,330.666183,-201.394412
285,1,34,339.548942,-202.841160
285,1,35,348.220628,-204.116461
285,1,36,356.655633,-205.210759
285,1,37,364.828349,-206.114501
285,1,38,372.712970,-206.823039
285,1,39,380.282909,-207.351333
285,1,40,387.511384,-207.719250
285,1,41,394.371611,-207.946654
285,1,42,400.836808,-208.053410
285,1,43,406.880192,-208.059385
285,1,44,412.474979,-207.984442
285,1,45,417.594387,-207.848449
285,1,46,422.211632,-207.671269
285,1,47,426.299932,-207.472767
285,1,48,429.832503,-207.272811
285,1,49,432.782563,-207.091263
285,1,50,435.149105,-206.943318
285,1,51,437.034225,-206.825474
285,1,52,438.565798,-206.729559
285,1,53,439.871696,-206.647400
285,1,54,441.079792,-206.570824
285,1,55,442.317959,-206.491658
285,1,56,443.714071,-206.401729
285,1,57,445.396001,-206.292864
285,1,58,447.491621,-206.156890
285,1,59,450.128806,-205.985634
285,1,60,453.435428,-205.770923
285,1,61,457.539360,-205.504584
285,1,62,462.535381,-205.176234
285,1,63,468.385891,-204.766652
285,1,64,475.020197,-204.254406
285,1,65,482.367603,-203.618064
285,1,66,490.357416,-202.836195
285,1,67,498.918942,-201.887366
285,1,68,507.981486,-200.750147
285,1,69,517.474354,-199.403105
285,1,70,527.326851,-197.824809
285,1,71,537.468284,-195.993828
285,1,72,547.827959,-193.888729
285,1,73,558.335181,-191.488081
285,1,74,568.927274,-188.775146
285,1,75,579.573637,-185.751965
285,1,76,590.251685,-182.425269
285,1,77,600.938836,-178.801792
285,1,78,611.612505,-174.888268
285,1,79,622.250109,-170.691430
285,1,80,632.829064,-166.218011
285,1,81,643.326787,-161.474744
285,1,82,653.720695,-156.468363
285,1,83,663.988203,-151.205601
285,1,84,674.106728,-145.693191
285,1,85,684.053686,-139.937867
285,1,86,693.806791,-133.953693
285,1,87,703.344941,-127.784057
285,1,88,712.647333,-121.479677
285,1,89,721.693161,-115.091274
285,1,90,730.461623,-108.669565
285,1,91,738.931913,-102.265271
285,1,92,747.083227,-95.929109
285,1,93,754.894762,-89.711799
285,1,94,762.345712,-83.664061
285,1,95,769.415274,-77.836612
285,1,96,776.082644,-72.280172
285,1,97,782.327017,-67.045460
285,1,98,788.143480,-62.164315
285,1,99,793.590687,-57.593057
285,1,100,798.743184,-53.269127
285,1,101,803.675514,-49.129965
285,1,102,808.462224,-45.113012
285,1,103,813.177857,-41.155707
285,1,104,817.896960,-37.195491
285,1,105,822.694076,-33.169804
285,1,106,827.643752,-29.016087
285,1,107,832.820532,-24.671780
285,1,108,838.298962,-20.074323
285,1,109,844.153585,-15.161157
285,1,110,850.448688,-9.888724
285,1,111,857.207520,-4.289478
285,1,112,864.443068,1.585127
285,1,113,872.168322,7.683634
285,1,114,880.396271,13.954589
285,1,115,889.139903,20.346536
285,1,116,898.412207,26.808020
285,1,117,908.226173,33.287586
285,1,118,918.594788,39.733778
285,1,119,929.531043,46.095141
285,1,120,941.047925,52.320219
285,1,121,953.158423,58.357557
285,2,1,0.000000,0.000000
285,2,2,18.137226,12.231579
285,2,3,35.189784,23.831608
285,2,4,51.252364,34.821453
285,2,5,66.419651,45.222476
285,2,6,80.786334,55.056042
285,2,7,94.447101,64.343514
285,2,8,107.496640,73.106255
285,2,9,120.029637,81.365631
285,2,10,132.140782,89.143003
285,2,11,143.924761,96.459737
285,2,12,155.476262,103.337196
285,2,13,166.889974,109.796743
285,2,14,178.246564,115.857970
285,2,15,189.570627,121.533381
285,2,16,200.872739,126.833706
285,2,17,212.163474,131.769675
285,2,18,223.453407,136.352021
285,2,19,234.753113,140.591473
285,2,20,246.073169,144.498763
285,2,21,257.424148,148.084620
285,2,22,268.816627,151.359777
285,2,23,280.261179,154.334964
285,2,24,291.768381,157.020912
285,2,25,303.348807,159.428352
285,2,26,314.998325,161.569131
285,2,27,326.653967,163.459570
285,2,28,338.238057,165.117102
285,2,29,349.672920,166.559166
285,2,30,360.880880,167.803196
285,2,31,371.784262,168.866628
285,2,32,382.305390,169.766900
285,2,33,392.366588,170.521446
285,2,34,401.890180,171.147703
285,2,35,410.798492,171.663106
285,2,36,419.013847,172.085093
285,2,37,426.458570,172.431098
285,2,38,433.078712,172.716509
285,2,39,438.915228,172.948521
285,2,40,444.032802,173.132277
285,2,41,448.496114,173.272922
285,2,42,452.369849,173.375601
285,2,43,455.718687,173.445460
285,2,44,458.607313,173.487643
285,2,45,461.100407,173.507294
285,2,46,463.262653,173.509559
285,2,47,465.158733,173.499583
285,2,48,466.853329,173.482510
285,2,49,468.411124,173.463485
285,2,50,469.896081,173.445979
285,2,51,471.369290,173.426766
285,2,52,472.891123,173.400945
285,2,53,474.521949,173.363615
285,2,54,476.322141,173.309877
285,2,55,478.352069,173.234830
285,2,56,480.672104,173.133573
285,2,57,483.342617,173.001207
285,2,58,486.423980,172.832830
285,2,59,489.976563,172.623542
285,2,60,494.060737,172.368443
285,2,61,498.736873,172.062632
285,2,62,504.047921,171.701631
285,2,63,509.967146,171.282651
285,2,64,516.450392,170.803324
285,2,65,523.453501,170.261282
285,2,66,530.932319,169.654160
285,2,67,538.842688,168.979589
285,2,68,547.140451,168.235201
285,2,69,555.781454,167.418631
285,2,70,564.721538,166.527509
285,2,71,573.916549,165.559470
285,2,72,583.322328,164.512145
285,2,73,592.894721,163.383168
285,2,74,602.590681,162.172638
285,2,75,612.371607,160.890524
285,2,76,622.200007,159.549263
285,2,77,632.038390,158.161292
285,2,78,641.849266,156.739047
285,2,79,651.595142,155.294964
285,2,80,661.238529,153.841479
285,2,81,670.741934,152.391031
285,2,82,680.067867,150.956053
285,2,83,689.178836,149.548984
285,2,84,698.037351,148.182260
285,2,85,706.605920,146.868317
285,2,86,714.859501,145.616144
285,2,87,722.822851,144.420937
285,2,88,730.533175,143.274446
285,2,89,738.027677,142.168420
285,2,90,745.343563,141.094608
285,2,91,752.518038,140.044759
285,2,92,759.588307,139.010622
285,2,93,766.591575,137.983946
285,2,94,773.565048,136.956481
285,2,95,780.545930,135.919976
285,2,96,787.571427,134.866179
285,2,97,794.678744,133.786839
285,2,98,801.902092,132.674222
285,2,99,809.263711,131.522651
285,2,100,816.782844,130.326966
285,2,101,824.478737,129.082006
285,2,102,832.370635,127.782613
285,2,103,840.477783,126.423624
285,2,104,848.819426,124.999880
285,2,105,857.414808,123.506220
285,2,106,866.283174,121.937485
285,2,107,875.443771,120.288513
285,2,108,884.915841,118.554145
285,2,109,894.718631,116.729220
285,2,110,904.874190,114.808991
285,2,111,915.415787,112.790364
285,2,112,926.379495,110.670659
285,2,113,937.801388,108.447196
285,2,114,949.717539,106.117294
285,2,115,962.164022,103.678273
285,2,116,975.176910,101.127452
285,2,117,988.792276,98.462151
285,2,118,1003.046195,95.679690
285,2,119,1017.974740,92.777388
285,2,120,1033.613984,89.752565
285,2,121,1050.000000,86.602540
289,1,1,0.000000,0.000000
289,1,2,13.909896,-14.044168
289,1,3,27.234590,-27.632745
289,1,4,40.020458,-40.741666
289,1,5,52.313873,-53.346867
289,1,6,64.161211,-65.424284
289,1,7,75.608846,-76.949852
289,1,8,86.703152,-87.899508
289,1,9,97.490504,-98.249188
289,1,10,108.017277,-107.974828
289,1,11,118.329845,-117.052362
289,1,12,128.474582,-125.457728
289,1,13,138.497863,-133.166861
289,1,14,148.439647,-140.168527
289,1,15,158.314225,-146.502809
289,1,16,168.129476,-152.222620
289,1,17,177.893276,-157.380875
289,1,18,187.613500,-162.030486
289,1,19,197.298028,-166.224366
289,1,20,206.954734,-170.015429
289,1,21,216.591495,-173.456589
289,1,22,226.216190,-176.600758
289,1,23,235.836693,-179.500850
289,1,24,245.460882,-182.209777
289,1,25,255.096633,-184.780455
289,1,26,264.746239,-187.255379
289,1,27,274.389646,-189.635387
289,1,28,284.001219,-191.910898
289,1,29,293.555320,-194.072332
289,1,30,303.026313,-196.110110
289,1,31,312.388559,-198.014652
289,1,32,321.616423,-199.776379
289,1,33,330.684267,-201.385710
289,1,34,339.566455,-202.833066
289,1,35,348.237348,-204.108867
289,1,36,356.671311,-205.203534
289,1,37,364.842706,-206.107486
289,1,38,372.725716,-206.816058
289,1,39,380.293800,-207.344234
289,1,40,387.520236,-207.711915
289,1,41,394.378304,-207.939000
289,1,42,400.841281,-208.045389
289,1,43,406.882448,-208.050980
289,1,44,412.475082,-207.975672
289,1,45,417.592462,-207.839367
289,1,46,422.207868,-207.661961
289,1,47,426.294577,-207.463356
289,1,48,429.825868,-207.263449
289,1,49,432.775021,-207.082142
289,1,50,435.141068,-206.934647
289,1,51,437.026067,-206.817441
289,1,52,438.557828,-206.722314
289,1,53,439.864162,-206.641056
289,1,54,441.072880,-206.565458
289,1,55,442.311793,-206.487311
289,1,56,443.708713,-206.398405
289,1,57,445.391450,-206.290530
289,1,58,447.487816,-206.155478
289,1,59,450.125622,-205.985038
289,1,60,453.432678,-205.771001
289,1,61,457.536796,-205.505158
289,1,62,462.532710,-205.177099
289,1,63,468.382846,-204.767612
289,1,64,475.016554,-204.255288
289,1,65,482.363183,-203.618713
289,1,66,490.352081,-202.836478
289,1,67,498.912598,-201.887170
289,1,68,507.974084,-200.749379
289,1,69,517.465888,-199.401693
289,1,70,527.317358,-197.822700
289,1,71,537.457844,-195.990991
289,1,72,547.816696,-193.885152
289,1,73,558.323263,-191.483773
289,1,74,568.914902,-188.770135
289,1,75,579.561006,-185.746284
289,1,76,590.238978,-182.418958
289,1,77,600.926219,-178.794896
289,1,78,611.600130,-174.880837
289,1,79,622.238114,-170.683518
289,1,80,632.817573,-166.209678
289,1,81,643.315907,-161.466057
289,1,82,653.710519,-156.459391
289,1,83,663.978810,-151.196420
289,1,84,674.098183,-145.683882
289,1,85,684.046038,-139.928516
289,1,86,693.800076,-133.944388
289,1,87,703.339183,-127.774882
289,1,88,712.642544,-121.470710
289,1,89,721.689345,-115.082584
289,1,90,730.458769,-108.661215
289,1,91,738.930004,-102.257316
289,1,92,747.082232,-95.921599
289,1,93,754.894639,-89.704776
289,1,94,762.346409,-83.657558
289,1,95,769.416729,-77.830659
289,1,96,776.084782,-72.274788
289,1,97,782.329754,-67.040660
289,1,98,788.146725,-62.160106
289,1,99,793.594357,-57.589449
289,1,100,798.747208,-53.266131
289,1,101,803.679836,-49.127594
289,1,102,808.466800,-45.111282
289,1,103,813.182656,-41.154636
289,1,104,817.901962,-37.195100
289,1,105,822.699278,-33.170116
289,1,106,827.649159,-29.017127
289,1,107,832.826165,-24.673575
289,1,108,838.304853,-20.076903
289,1,109,844.159782,-15.164554
289,1,110,850.455251,-9.892972
289,1,111,857.214532,-4.294602
289,1,112,864.450641,1.579109
289,1,113,872.176592,7.676712
289,1,114,880.405400,13.946761
289,1,115,889.150080,20.337808
289,1,116,898.423646,26.798407
289,1,117,908.239113,33.277110
289,1,118,918.609495,39.722470
289,1,119,929.547809,46.083039
289,1,120,941.067067,52.307371
289,1,121,953.180286,58.344018
289,2,1,0.000000,0.000000
289,2,2,18.150181,12.242256
289,2,3,35.213008,23.850203
289,2,4,51.283389,34.845498
289,2,5,66.456235,45.249796
289,2,6,80.826453,55.084755
289,2,7,94.488955,64.372029
289,2,8,107.538648,73.133276
289,2,9,120.070441,81.390151
289,2,10,132.179245,89.164312
289,2,11,143.959969,96.477413
289,2,12,155.507520,103.351112
289,2,13,166.916810,109.807065
289,2,14,178.268696,115.865093
289,2,15,189.587839,121.537682
289,2,16,200.884848,126.835481
289,2,17,212.170331,131.769142
289,2,18,223.454900,136.349314
289,2,19,234.749162,140.586648
289,2,20,246.063728,144.491794
289,2,21,257.409207,148.075402
289,2,22,268.796208,151.348124
289,2,23,280.235340,154.320609
289,2,24,291.737214,157.003508
289,2,25,303.312438,159.407472
289,2,26,314.956907,161.544295
289,2,27,326.607653,163.430359
289,2,28,338.186993,165.083187
289,2,29,349.617243,166.520306
289,2,30,360.820722,167.759241
289,2,31,371.719745,168.817516
289,2,32,382.236630,169.712657
289,2,33,392.293693,170.462190
289,2,34,401.813252,171.083640
289,2,35,410.717624,171.594531
289,2,36,418.929125,172.012389
289,2,37,426.370073,172.354740
289,2,38,432.986503,172.637037
289,2,39,438.819325,172.866450
289,2,40,443.933166,173.048075
289,2,41,448.392655,173.187013
289,2,42,452.262419,173.288359
289,2,43,455.607087,173.357213
289,2,44,458.491287,173.398671
289,2,45,460.979646,173.417832
289,2,46,463.136794,173.419794
289,2,47,465.027357,173.409655
289,2,48,466.715964,173.392513
289,2,49,468.267244,173.373464
289,2,50,469.745148,173.355940
289,2,51,471.210933,173.336695
289,2,52,472.725179,173.310817
289,2,53,474.348467,173.273392
289,2,54,476.141377,173.219507
289,2,55,478.164489,173.144250
289,2,56,480.478385,173.042708
289,2,57,483.143644,172.909967
289,2,58,486.220847,172.741115
289,2,59,489.770575,172.531239
289,2,60,493.853408,172.275426
289,2,61,498.529927,171.968763
289,2,62,503.843223,171.606765
289,2,63,509.766431,171.186669
289,2,64,516.255194,170.706138
289,2,65,523.265160,170.162835
289,2,66,530.751972,169.554425
289,2,67,538.671276,168.878572
289,2,68,546.978717,168.132940
289,2,69,555.629940,167.315193
289,2,70,564.580590,166.422994
289,2,71,573.786313,165.454007
289,2,72,583.202753,164.405898
289,2,73,592.785556,163.276329
289,2,74,602.491506,162.065426
289,2,75,612.281951,160.783159
289,2,76,622.119376,159.441960
289,2,77,631.966269,158.054262
289,2,78,641.785115,156.632495
289,2,79,651.538401,155.189093
289,2,80,661.188614,153.736485
289,2,81,670.698239,152.287106
289,2,82,680.029764,150.853385
289,2,83,689.145676,149.447755
289,2,84,698.008459,148.082649
289,2,85,706.580601,146.770497
289,2,86,714.837054,145.520281
289,2,87,722.802631,144.327179
289,2,88,730.514609,143.182921
289,2,89,738.010266,142.079233
289,2,90,745.326882,141.007845
289,2,91,752.501733,139.960484
289,2,92,759.572098,138.928879
289,2,93,766.575255,137.904757
289,2,94,773.548482,136.879847
289,2,95,780.529057,135.845877
289,2,96,787.554258,134.794575
289,2,97,794.661364,133.717670
289,2,98,801.884645,132.607409
289,2,99,809.246340,131.458126
289,2,100,816.765683,130.264671
289,2,101,824.461907,129.021899
289,2,102,832.354243,127.724660
289,2,103,840.461924,126.367809
289,2,104,848.804183,124.946196
289,2,105,857.400253,123.454674
289,2,106,866.269366,121.888097
289,2,107,875.430754,120.241315
289,2,108,884.903651,118.509182
289,2,109,894.707288,116.686551
289,2,110,904.863706,114.768689
289,2,111,915.406172,112.752535
289,2,112,926.370762,110.635440
289,2,113,937.793550,108.414758
289,2,114,949.710612,106.087842
289,2,115,962.158022,103.652045
289,2,116,975.171855,101.104720
289,2,117,988.788187,98.443221
289,2,118,1003.043093,95.664900
289,2,119,1017.972646,92.767111
289,2,120,1033.612924,89.747207
289,2,121,1050.000000,86.602540
