── constraint sweep baseline_2026-08-17 ──
  methods: hexspline_cl, greedy, formation, sequential, clgbt
  ladder:  100, 90, 80, 70, 60, 50, 40, 30%   patience=1   method_patience=1   timeout=1200s
  scenarios: drawing until 50 references succeed (guard: 300 draws)
  output:  /home/tonyzhang/projects/landmark_planning/constraint_sweep/baseline_2026-08-17
  s001: TRIVIAL — straight_cont already meets the 100% bound (unc 10.702 <= 10.73, len 852.0) — rejected, does NOT count toward n_scenarios  (16.8s)
  s002: screen ok — straight_cont fails the 100% bound (recovery_failed)
  s002: D=600 L=4 O=2  L_ref=604.0 U_ref=6.739  (15.2s)  [1/50]
    s002 p100  sequential        ok   ratio=1.1060   14.3s
    s002 p100  formation         ok   ratio=1.3138   14.5s
    s002 p100  greedy            ok   ratio=1.1637   14.7s
    s002 p100  hexspline_cl      ok   ratio=1.1296   17.3s
    s002 p100  clgbt             ok   ratio=1.7186   13.0s
    s002 p90  sequential        ok   ratio=1.1077   14.4s
    s002 p90  formation         ok   ratio=1.3177   14.5s
    s002 p90  greedy            ok   ratio=1.1646   14.8s
    s002 p90  hexspline_cl      ok   ratio=1.1301   17.5s
    s002 p90  clgbt             ok   ratio=1.7186   12.9s
    s002 p80  sequential        ok   ratio=1.1356   13.8s
    s002 p80  formation         ok   ratio=1.3508   14.0s
    s002 p80  greedy            FAIL recovery_failed   15.1s
    s002 p80  hexspline_cl      ok   ratio=1.0975   17.7s
    s002 p80  clgbt             ok   ratio=1.7186   12.9s
    s002: greedy failed 1x in a row (through 80%) — dropped, 5 stricter level(s) recorded unrun
    s002 p70  clgbt             ok   ratio=1.7186   13.1s
    s002 p70  formation         ok   ratio=1.4152   13.6s
    s002 p70  sequential        ok   ratio=1.1356   13.7s
    s002 p70  hexspline_cl      ok   ratio=1.0962   17.5s
    s002 p60  clgbt             ok   ratio=1.7186   13.1s
    s002 p60  formation         ok   ratio=1.4152   13.6s
    s002 p60  sequential        ok   ratio=1.1356   13.8s
    s002 p60  hexspline_cl      ok   ratio=1.1356   16.9s
    s002 p50  formation         ok   ratio=1.4152   13.7s
    s002 p50  clgbt             ok   ratio=2.3101   13.7s
    s002 p50  sequential        FAIL recovery_failed   14.6s
    s002 p50  hexspline_cl      ok   ratio=1.3814   17.0s
    s002: sequential failed 1x in a row (through 50%) — dropped, 2 stricter level(s) recorded unrun
    s002 p40  formation         ok   ratio=1.4152   13.6s
    s002 p40  clgbt             ok   ratio=2.2643   14.0s
    s002 p40  hexspline_cl      ok   ratio=1.3814   17.0s
    s002 p30  formation         ok   ratio=1.4152   13.6s
    s002 p30  clgbt             ok   ratio=2.2675   13.8s
    s002 p30  hexspline_cl      ok   ratio=1.3811   17.0s
  s003: TRIVIAL — straight_cont already meets the 100% bound (unc 7.237 <= 9.913, len 600.8) — rejected, does NOT count toward n_scenarios  (16.3s)
  s004: screen ok — straight_cont fails the 100% bound (recovery_failed)
  s004: D=750 L=4 O=1  L_ref=800.2 U_ref=5.342  (15.5s)  [2/50]
    s004 p100  formation         ok   ratio=1.2475   13.8s
    s004 p100  sequential        ok   ratio=1.1503   15.0s
    s004 p100  greedy            ok   ratio=1.2555   15.1s
    s004 p100  hexspline_cl      ok   ratio=1.2475   17.6s
    s004 p100  clgbt             ok   ratio=2.2441   14.2s
    s004 p90  formation         ok   ratio=1.2556   13.6s
    s004 p90  sequential        ok   ratio=1.2530   13.9s
    s004 p90  greedy            FAIL recovery_failed   15.0s
    s004 p90  hexspline_cl      ok   ratio=1.2556   17.2s
    s004 p90  clgbt             ok   ratio=2.3360   13.8s
    s004: greedy failed 1x in a row (through 90%) — dropped, 6 stricter level(s) recorded unrun
    s004 p80  formation         ok   ratio=1.2556   13.6s
    s004 p80  sequential        ok   ratio=1.2535   13.9s
    s004 p80  clgbt             ok   ratio=2.3308   14.3s
    s004 p80  hexspline_cl      ok   ratio=1.2556   17.2s
    s004 p70  formation         ok   ratio=1.7216   13.7s
    s004 p70  clgbt             ok   ratio=2.3266   13.8s
    s004 p70  sequential        ok   ratio=1.2544   14.0s
    s004 p70  hexspline_cl      ok   ratio=1.2556   17.5s
    s004 p60  formation         ok   ratio=1.7216   13.7s
    s004 p60  sequential        FAIL recovery_failed   15.0s
    s004 p60  hexspline_cl      ok   ratio=1.4040   18.5s
    s004 p60  clgbt             FAIL recovery_failed   21.7s
    s004: sequential failed 1x in a row (through 60%) — dropped, 3 stricter level(s) recorded unrun
    s004: clgbt failed 1x in a row (through 60%) — dropped, 3 stricter level(s) recorded unrun
    s004 p50  formation         ok   ratio=1.7216   13.4s
    s004 p50  hexspline_cl      ok   ratio=1.4040   18.0s
    s004 p40  formation         FAIL recovery_failed   14.1s
    s004 p40  hexspline_cl      ok   ratio=1.7216   32.5s
    s004: formation failed 1x in a row (through 40%) — dropped, 1 stricter level(s) recorded unrun
    s004 p30  hexspline_cl      FAIL recovery_failed   84.5s
    s004: every method failed at 1 consecutive levels (down to 30%) — constraint is impossible, moving on
  s005: TRIVIAL — straight_cont already meets the 100% bound (unc 9.686 <= 11.355, len 931.1) — rejected, does NOT count toward n_scenarios  (18.1s)
  s006: TRIVIAL — straight_cont already meets the 100% bound (unc 7.674 <= 9.977, len 607.5) — rejected, does NOT count toward n_scenarios  (17.5s)
  s007: screen ok — straight_cont fails the 100% bound (recovery_failed)
  s007: D=750 L=4 O=1  L_ref=781.9 U_ref=7.139  (15.4s)  [3/50]
    s007 p100  sequential        ok   ratio=1.0385   14.4s
    s007 p100  formation         ok   ratio=1.2293   14.7s
    s007 p100  greedy            ok   ratio=1.2120   16.2s
    s007 p100  hexspline_cl      ok   ratio=1.0409   17.7s
    s007 p100  clgbt             ok   ratio=1.4657   13.0s
    s007 p90  sequential        ok   ratio=1.0387   14.4s
    s007 p90  formation         ok   ratio=1.2283   14.9s
    s007 p90  greedy            ok   ratio=1.2128   15.5s
    s007 p90  hexspline_cl      ok   ratio=1.0399   17.6s
    s007 p90  clgbt             ok   ratio=1.4657   13.0s
    s007 p80  sequential        ok   ratio=1.0317   14.5s
    s007 p80  formation         ok   ratio=1.2299   14.7s
    s007 p80  greedy            ok   ratio=1.2634   15.8s
    s007 p80  hexspline_cl      ok   ratio=1.0401   17.6s
    s007 p80  clgbt             ok   ratio=1.2846   13.4s
    s007 p70  formation         ok   ratio=1.2376   14.3s
    s007 p70  sequential        ok   ratio=1.1658   14.4s
    s007 p70  greedy            ok   ratio=1.2646   15.7s
    s007 p70  hexspline_cl      ok   ratio=1.0713   17.5s
    s007 p70  clgbt             ok   ratio=1.4118   13.1s
    s007 p60  formation         ok   ratio=1.2760   13.8s
    s007 p60  sequential        ok   ratio=1.5425   14.0s
    s007 p60  greedy            FAIL recovery_failed   15.6s
    s007 p60  hexspline_cl      ok   ratio=1.2293   17.8s
    s007 p60  clgbt             ok   ratio=1.7401   14.8s
    s007: greedy failed 1x in a row (through 60%) — dropped, 3 stricter level(s) recorded unrun
    s007 p50  formation         FAIL recovery_failed   14.3s
    s007 p50  sequential        FAIL recovery_failed   14.8s
    s007 p50  hexspline_cl      FAIL recovery_failed   83.3s
    s007 p50  clgbt             ok   ratio=1.4688   107.6s
    s007: hexspline_cl failed 1x in a row (through 50%) — dropped, 2 stricter level(s) recorded unrun
    s007: formation failed 1x in a row (through 50%) — dropped, 2 stricter level(s) recorded unrun
    s007: sequential failed 1x in a row (through 50%) — dropped, 2 stricter level(s) recorded unrun
    s007 p40  clgbt             FAIL no_solution   930.0s
    s007: clgbt failed 1x in a row (through 40%) — dropped, 1 stricter level(s) recorded unrun
    s007: every method failed at 1 consecutive levels (down to 40%) — constraint is impossible, moving on
  s008: screen ok — straight_cont fails the 100% bound (recovery_failed)
  s008: D=900 L=4 O=2  L_ref=966.5 U_ref=7.969  (15.7s)  [4/50]
    s008 p100  formation         ok   ratio=1.1406   14.0s
    s008 p100  sequential        ok   ratio=1.0421   14.4s
    s008 p100  greedy            ok   ratio=1.1105   16.3s
    s008 p100  hexspline_cl      ok   ratio=1.1336   21.0s
    s008 p100  clgbt             ok   ratio=1.0313   14.9s
    s008 p90  sequential        ok   ratio=1.1947   13.9s
    s008 p90  formation         ok   ratio=1.1384   14.1s
    s008 p90  greedy            ok   ratio=1.1390   16.8s
    s008 p90  hexspline_cl      ok   ratio=1.1319   21.3s
    s008 p90  clgbt             ok   ratio=1.0577   13.7s
    s008 p80  formation         ok   ratio=1.1947   13.6s
    s008 p80  sequential        ok   ratio=1.1947   13.9s
    s008 p80  greedy            ok   ratio=1.1347   17.1s
    s008 p80  hexspline_cl      ok   ratio=1.1339   20.9s
    s008 p80  clgbt             ok   ratio=1.1980   13.1s
    s008 p70  formation         ok   ratio=1.1947   13.6s
    s008 p70  sequential        ok   ratio=1.1947   13.9s
    s008 p70  greedy            FAIL recovery_failed   17.4s
    s008 p70  hexspline_cl      ok   ratio=1.1327   21.1s
    s008 p70  clgbt             ok   ratio=2.3275   16.4s
    s008: greedy failed 1x in a row (through 70%) — dropped, 4 stricter level(s) recorded unrun
    s008 p60  sequential        ok   ratio=1.1947   14.1s
    s008 p60  formation         ok   ratio=1.2525   14.2s
    s008 p60  hexspline_cl      ok   ratio=1.1335   21.2s
    s008 p60  clgbt             FAIL recovery_failed   129.6s
    s008: clgbt failed 1x in a row (through 60%) — dropped, 3 stricter level(s) recorded unrun
    s008 p50  sequential        ok   ratio=1.1947   13.8s
    s008 p50  formation         ok   ratio=1.2869   16.9s
    s008 p50  hexspline_cl      ok   ratio=1.1752   19.8s
    s008 p40  formation         FAIL recovery_failed   14.7s
    s008 p40  sequential        FAIL recovery_failed   15.3s
    s008 p40  hexspline_cl      ok   ratio=1.1752   20.6s
    s008: formation failed 1x in a row (through 40%) — dropped, 1 stricter level(s) recorded unrun
    s008: sequential failed 1x in a row (through 40%) — dropped, 1 stricter level(s) recorded unrun
    s008 p30  hexspline_cl      FAIL recovery_failed   88.3s
    s008: every method failed at 1 consecutive levels (down to 30%) — constraint is impossible, moving on
  s009: TRIVIAL — straight_cont already meets the 100% bound (unc 9.385 <= 10.124, len 910.2) — rejected, does NOT count toward n_scenarios  (16.2s)
  s010: TRIVIAL — straight_cont already meets the 100% bound (unc 7.537 <= 7.628, len 608.1) — rejected, does NOT count toward n_scenarios  (17.5s)
  s011: TRIVIAL — straight_cont already meets the 100% bound (unc 7.142 <= 7.142, len 600.0) — rejected, does NOT count toward n_scenarios  (15.7s)
  s012: screen ok — straight_cont fails the 100% bound (recovery_failed)
  s012: D=900 L=4 O=3  L_ref=1125.2 U_ref=7.598  (15.8s)  [5/50]
    s012 p100  formation         ok   ratio=1.2283   14.5s
    s012 p100  greedy            ok   ratio=1.2274   15.2s
    s012 p100  sequential        ok   ratio=1.0799   15.5s
    s012 p100  clgbt             ok   ratio=1.0461   14.3s
    s012 p100  hexspline_cl      ok   ratio=1.0051   51.5s
    s012 p90  formation         FAIL recovery_failed   14.6s
    s012 p90  sequential        ok   ratio=1.2621   14.9s
    s012 p90  greedy            FAIL recovery_failed   15.1s
    s012 p90  clgbt             ok   ratio=1.0460   14.3s
    s012 p90  hexspline_cl      ok   ratio=0.9935   52.3s
    s012: greedy failed 1x in a row (through 90%) — dropped, 6 stricter level(s) recorded unrun
    s012: formation failed 1x in a row (through 90%) — dropped, 6 stricter level(s) recorded unrun
    s012 p80  clgbt             ok   ratio=1.0482   14.4s
    s012 p80  sequential        ok   ratio=1.2621   14.8s
    s012 p80  hexspline_cl      ok   ratio=0.9740   50.8s
    s012 p70  sequential        ok   ratio=1.0053   15.9s
    s012 p70  hexspline_cl      ok   ratio=1.2418   51.9s
    s012 p70  clgbt             FAIL no_solution   1072.8s
    s012: clgbt failed 1x in a row (through 70%) — dropped, 4 stricter level(s) recorded unrun
    s012 p60  sequential        ok   ratio=1.2175   16.1s
    s012 p60  hexspline_cl      ok   ratio=1.2043   102.4s
    s012 p50  sequential        ok   ratio=1.2481   17.9s
    s012 p50  hexspline_cl      ok   ratio=1.2150   106.5s
    s012 p40  sequential        FAIL recovery_failed   15.1s
    s012 p40  hexspline_cl      FAIL recovery_failed   107.9s
    s012: hexspline_cl failed 1x in a row (through 40%) — dropped, 1 stricter level(s) recorded unrun
    s012: sequential failed 1x in a row (through 40%) — dropped, 1 stricter level(s) recorded unrun
    s012: every method failed at 1 consecutive levels (down to 40%) — constraint is impossible, moving on
  s013: TRIVIAL — straight_cont already meets the 100% bound (unc 8.271 <= 10.3, len 614.0) — rejected, does NOT count toward n_scenarios  (17.7s)
  s014: TRIVIAL — straight_cont already meets the 100% bound (unc 7.13 <= 7.131, len 600.0) — rejected, does NOT count toward n_scenarios  (15.7s)
  s015: screen ok — straight_cont fails the 100% bound (recovery_failed)
  s015: D=900 L=3 O=2  L_ref=975.3 U_ref=6.012  (15.6s)  [6/50]
    s015 p100  formation         ok   ratio=1.1558   14.6s
    s015 p100  sequential        ok   ratio=1.1558   14.9s
    s015 p100  greedy            ok   ratio=1.1838   15.1s
    s015 p100  hexspline_cl      ok   ratio=1.1156   19.0s
    s015 p100  clgbt             ok   ratio=1.6479   13.0s
    s015 p90  formation         ok   ratio=1.1558   14.6s
    s015 p90  sequential        ok   ratio=1.1558   14.7s
    s015 p90  greedy            FAIL recovery_failed   15.1s
    s015 p90  hexspline_cl      ok   ratio=1.1155   19.0s
    s015 p90  clgbt             ok   ratio=1.6479   13.0s
    s015: greedy failed 1x in a row (through 90%) — dropped, 6 stricter level(s) recorded unrun
    s015 p80  clgbt             ok   ratio=1.6479   13.3s
    s015 p80  formation         ok   ratio=1.1222   14.8s
    s015 p80  sequential        ok   ratio=1.1222   15.0s
    s015 p80  hexspline_cl      ok   ratio=1.1155   18.9s
    s015 p70  formation         ok   ratio=1.1563   14.7s
    s015 p70  sequential        ok   ratio=1.1563   14.9s
    s015 p70  hexspline_cl      ok   ratio=1.1477   18.3s
    s015 p70  clgbt             ok   ratio=1.4934   21.0s
    s015 p60  formation         ok   ratio=1.1557   14.8s
    s015 p60  sequential        ok   ratio=1.1557   15.0s
    s015 p60  hexspline_cl      ok   ratio=1.1477   18.4s
    s015 p60  clgbt             ok   ratio=2.2680   123.8s
    s015 p50  formation         ok   ratio=1.1578   14.2s
    s015 p50  sequential        ok   ratio=1.1578   14.5s
    s015 p50  hexspline_cl      ok   ratio=1.1477   18.4s
    s015 p50  clgbt             FAIL no_solution   954.1s
    s015: clgbt failed 1x in a row (through 50%) — dropped, 2 stricter level(s) recorded unrun
    s015 p40  sequential        FAIL recovery_failed   15.1s
    s015 p40  formation         FAIL recovery_failed   15.4s
    s015 p40  hexspline_cl      FAIL recovery_failed   95.1s
    s015: hexspline_cl failed 1x in a row (through 40%) — dropped, 1 stricter level(s) recorded unrun
    s015: formation failed 1x in a row (through 40%) — dropped, 1 stricter level(s) recorded unrun
    s015: sequential failed 1x in a row (through 40%) — dropped, 1 stricter level(s) recorded unrun
    s015: every method failed at 1 consecutive levels (down to 40%) — constraint is impossible, moving on
  s016: screen ok — straight_cont fails the 100% bound (recovery_failed)
  s016: D=750 L=4 O=3  L_ref=937.5 U_ref=5.33  (15.7s)  [7/50]
    s016 p100  formation         FAIL recovery_failed   14.7s
    s016 p100  greedy            ok   ratio=1.3541   15.1s
    s016 p100  sequential        ok   ratio=1.3287   16.0s
    s016 p100  hexspline_cl      ok   ratio=1.2893   29.7s
    s016 p100  clgbt             ok   ratio=1.5299   128.0s
    s016: formation failed 1x in a row (through 100%) — dropped, 7 stricter level(s) recorded unrun
    s016 p90  sequential        ok   ratio=1.3098   14.9s
    s016 p90  greedy            FAIL recovery_failed   15.2s
    s016 p90  hexspline_cl      ok   ratio=1.2907   29.9s
    s016 p90  clgbt             FAIL recovery_failed   731.2s
    s016: greedy failed 1x in a row (through 90%) — dropped, 6 stricter level(s) recorded unrun
    s016: clgbt failed 1x in a row (through 90%) — dropped, 6 stricter level(s) recorded unrun
    s016 p80  sequential        ok   ratio=1.3461   14.8s
    s016 p80  hexspline_cl      ok   ratio=1.4694   49.0s
    s016 p70  sequential        FAIL recovery_failed   14.8s
    s016 p70  hexspline_cl      ok   ratio=1.4694   47.5s
    s016: sequential failed 1x in a row (through 70%) — dropped, 4 stricter level(s) recorded unrun
    s016 p60  hexspline_cl      ok   ratio=1.4694   49.5s
    s016 p50  hexspline_cl      ok   ratio=1.4694   49.0s
    s016 p40  hexspline_cl      ok   ratio=1.4694   48.9s
    s016 p30  hexspline_cl      ok   ratio=1.4694   45.9s
  s017: screen ok — straight_cont fails the 100% bound (recovery_failed)
  s017: D=750 L=2 O=3  L_ref=913.0 U_ref=8.955  (15.6s)  [8/50]
    s017 p100  sequential        ok   ratio=1.1131   14.2s
    s017 p100  greedy            ok   ratio=1.2350   14.7s
    s017 p100  formation         ok   ratio=1.3195   15.4s
    s017 p100  hexspline_cl      ok   ratio=1.0779   19.1s
    s017 p100  clgbt             ok   ratio=1.5289   14.4s
    s017 p90  sequential        ok   ratio=1.1141   14.3s
    s017 p90  greedy            FAIL recovery_failed   15.2s
    s017 p90  formation         ok   ratio=1.3186   15.8s
    s017 p90  hexspline_cl      ok   ratio=1.0743   19.1s
    s017 p90  clgbt             ok   ratio=1.5454   14.2s
    s017: greedy failed 1x in a row (through 90%) — dropped, 6 stricter level(s) recorded unrun
    s017 p80  sequential        ok   ratio=1.1142   14.3s
    s017 p80  formation         FAIL recovery_failed   16.8s
    s017 p80  hexspline_cl      ok   ratio=1.0688   19.2s
    s017 p80  clgbt             FAIL recovery_failed   19.6s
    s017: formation failed 1x in a row (through 80%) — dropped, 5 stricter level(s) recorded unrun
    s017: clgbt failed 1x in a row (through 80%) — dropped, 5 stricter level(s) recorded unrun
    s017 p70  sequential        ok   ratio=1.1138   14.1s
    s017 p70  hexspline_cl      ok   ratio=1.0760   18.7s
    s017 p60  sequential        FAIL recovery_failed   14.2s
    s017 p60  hexspline_cl      ok   ratio=1.5395   47.5s
    s017: sequential failed 1x in a row (through 60%) — dropped, 3 stricter level(s) recorded unrun
    s017 p50  hexspline_cl      ok   ratio=1.5909   47.2s
    s017 p40  hexspline_cl      FAIL recovery_failed   77.8s
    s017: hexspline_cl failed 1x in a row (through 40%) — dropped, 1 stricter level(s) recorded unrun
    s017: every method failed at 1 consecutive levels (down to 40%) — constraint is impossible, moving on
  s018: TRIVIAL — straight_cont already meets the 100% bound (unc 8.759 <= 11.056, len 900.6) — rejected, does NOT count toward n_scenarios  (18.2s)
  s019: TRIVIAL — straight_cont already meets the 100% bound (unc 8.706 <= 8.706, len 900.0) — rejected, does NOT count toward n_scenarios  (16.4s)
  s020: TRIVIAL — straight_cont already meets the 100% bound (unc 7.266 <= 8.338, len 602.4) — rejected, does NOT count toward n_scenarios  (16.1s)
  s021: TRIVIAL — straight_cont already meets the 100% bound (unc 7.961 <= 10.731, len 750.0) — rejected, does NOT count toward n_scenarios  (17.6s)
  s022: TRIVIAL — straight_cont already meets the 100% bound (unc 7.959 <= 10.742, len 750.0) — rejected, does NOT count toward n_scenarios  (18.0s)
  s023: screen ok — straight_cont fails the 100% bound (recovery_failed)
  s023: D=600 L=3 O=3  L_ref=635.8 U_ref=5.096  (15.3s)  [9/50]
    s023 p100  formation         ok   ratio=1.3346   13.8s
    s023 p100  sequential        ok   ratio=1.2652   14.6s
    s023 p100  greedy            ok   ratio=1.3440   15.1s
    s023 p100  hexspline_cl      ok   ratio=1.2322   17.6s
    s023 p100  clgbt             ok   ratio=1.6326   12.9s
    s023 p90  formation         ok   ratio=1.3369   13.8s
    s023 p90  sequential        ok   ratio=1.3443   13.8s
    s023 p90  greedy            FAIL recovery_failed   15.1s
    s023 p90  hexspline_cl      ok   ratio=1.2335   17.6s
    s023 p90  clgbt             ok   ratio=1.6326   12.9s
    s023: greedy failed 1x in a row (through 90%) — dropped, 6 stricter level(s) recorded unrun
    s023 p80  sequential        ok   ratio=1.3443   13.8s
    s023 p80  formation         ok   ratio=1.3349   13.8s
    s023 p80  clgbt             ok   ratio=2.5095   16.2s
    s023 p80  hexspline_cl      ok   ratio=1.3123   17.3s
    s023 p70  sequential        ok   ratio=1.3443   13.7s
    s023 p70  formation         ok   ratio=1.3341   13.9s
    s023 p70  clgbt             ok   ratio=2.5060   16.2s
    s023 p70  hexspline_cl      ok   ratio=1.3123   17.5s
    s023 p60  sequential        ok   ratio=1.3443   13.8s
    s023 p60  formation         ok   ratio=1.3348   13.9s
    s023 p60  hexspline_cl      ok   ratio=1.3123   17.5s
    s023 p60  clgbt             ok   ratio=2.3633   18.1s
    s023 p50  formation         ok   ratio=1.3368   13.8s
    s023 p50  sequential        ok   ratio=1.3443   13.8s
    s023 p50  clgbt             ok   ratio=2.6410   17.0s
    s023 p50  hexspline_cl      ok   ratio=1.3121   17.2s
    s023 p40  formation         ok   ratio=1.3347   13.8s
    s023 p40  sequential        FAIL recovery_failed   14.5s
    s023 p40  hexspline_cl      ok   ratio=1.3122   17.2s
    s023 p40  clgbt             ok   ratio=2.6410   17.2s
    s023: sequential failed 1x in a row (through 40%) — dropped, 1 stricter level(s) recorded unrun
    s023 p30  formation         ok   ratio=1.3442   13.6s
    s023 p30  hexspline_cl      ok   ratio=1.3123   17.1s
    s023 p30  clgbt             FAIL no_solution   456.5s
  s024: screen ok — straight_cont fails the 100% bound (recovery_failed)
  s024: D=900 L=4 O=3  L_ref=919.1 U_ref=10.885  (15.6s)  [10/50]
    s024 p100  formation         ok   ratio=1.0302   14.6s
    s024 p100  greedy            ok   ratio=1.0720   14.7s
    s024 p100  sequential        ok   ratio=1.0050   14.9s
    s024 p100  hexspline_cl      ok   ratio=1.0303   18.6s
    s024 p100  clgbt             ok   ratio=1.1831   13.9s
    s024 p90  greedy            ok   ratio=1.0720   14.7s
    s024 p90  sequential        ok   ratio=1.0049   14.9s
    s024 p90  formation         ok   ratio=1.1761   15.9s
    s024 p90  hexspline_cl      ok   ratio=1.0303   18.5s
    s024 p90  clgbt             ok   ratio=1.1832   13.8s
    s024 p80  sequential        ok   ratio=1.0048   14.9s
    s024 p80  greedy            FAIL recovery_failed   15.0s
    s024 p80  formation         ok   ratio=1.1762   15.7s
    s024 p80  hexspline_cl      ok   ratio=1.0303   18.6s
    s024 p80  clgbt             ok   ratio=1.1832   13.9s
    s024: greedy failed 1x in a row (through 80%) — dropped, 5 stricter level(s) recorded unrun
    s024 p70  sequential        ok   ratio=1.0046   14.8s
    s024 p70  clgbt             ok   ratio=1.1814   14.9s
    s024 p70  formation         ok   ratio=1.1761   15.8s
    s024 p70  hexspline_cl      ok   ratio=1.0303   18.4s
    s024 p60  clgbt             ok   ratio=1.4229   14.2s
    s024 p60  sequential        ok   ratio=1.0025   14.9s
    s024 p60  formation         ok   ratio=1.1754   15.8s
    s024 p60  hexspline_cl      ok   ratio=1.0304   18.3s
    s024 p50  formation         ok   ratio=1.2528   13.9s
    s024 p50  sequential        ok   ratio=1.0054   14.9s
    s024 p50  hexspline_cl      ok   ratio=1.0372   18.4s
    s024 p50  clgbt             ok   ratio=1.6329   101.7s
    s024 p40  formation         FAIL recovery_failed   14.2s
    s024 p40  sequential        FAIL recovery_failed   14.9s
    s024 p40  hexspline_cl      FAIL recovery_failed   91.2s
    s024 p40  clgbt             FAIL no_solution   865.3s
    s024: hexspline_cl failed 1x in a row (through 40%) — dropped, 1 stricter level(s) recorded unrun
    s024: formation failed 1x in a row (through 40%) — dropped, 1 stricter level(s) recorded unrun
    s024: sequential failed 1x in a row (through 40%) — dropped, 1 stricter level(s) recorded unrun
    s024: clgbt failed 1x in a row (through 40%) — dropped, 1 stricter level(s) recorded unrun
    s024: every method failed at 1 consecutive levels (down to 40%) — constraint is impossible, moving on
  s025: screen ok — straight_cont fails the 100% bound (recovery_failed)
  s025: D=600 L=4 O=3  L_ref=760.4 U_ref=5.296  (15.3s)  [11/50]
    s025 p100  formation         ok   ratio=1.0744   13.9s
    s025 p100  sequential        ok   ratio=1.0744   14.1s
    s025 p100  greedy            ok   ratio=1.1236   15.0s
    s025 p100  hexspline_cl      ok   ratio=1.0744   17.6s
    s025 p100  clgbt             ok   ratio=1.3650   12.9s
    s025 p90  formation         ok   ratio=1.1160   13.8s
    s025 p90  sequential        ok   ratio=1.1160   14.0s
    s025 p90  greedy            FAIL recovery_failed   15.0s
    s025 p90  hexspline_cl      ok   ratio=1.1160   17.5s
    s025 p90  clgbt             ok   ratio=1.3650   12.9s
    s025: greedy failed 1x in a row (through 90%) — dropped, 6 stricter level(s) recorded unrun
    s025 p80  formation         ok   ratio=1.1161   13.8s
    s025 p80  clgbt             FAIL recovery_failed   13.9s
    s025 p80  sequential        ok   ratio=1.1161   14.1s
    s025 p80  hexspline_cl      ok   ratio=1.1161   17.4s
    s025: clgbt failed 1x in a row (through 80%) — dropped, 5 stricter level(s) recorded unrun
    s025 p70  formation         ok   ratio=1.1238   13.6s
    s025 p70  sequential        ok   ratio=1.1238   13.9s
    s025 p70  hexspline_cl      ok   ratio=1.1238   17.0s
    s025 p60  formation         ok   ratio=1.1238   13.5s
    s025 p60  sequential        ok   ratio=1.1238   13.8s
    s025 p60  hexspline_cl      ok   ratio=1.1238   17.1s
    s025 p50  formation         ok   ratio=1.1178   13.8s
    s025 p50  sequential        ok   ratio=1.1178   13.9s
    s025 p50  hexspline_cl      ok   ratio=1.1178   17.4s
    s025 p40  formation         ok   ratio=1.1239   13.5s
    s025 p40  sequential        FAIL recovery_failed   14.7s
    s025 p40  hexspline_cl      ok   ratio=1.1239   17.0s
    s025: sequential failed 1x in a row (through 40%) — dropped, 1 stricter level(s) recorded unrun
    s025 p30  formation         ok   ratio=1.1239   13.4s
    s025 p30  hexspline_cl      ok   ratio=1.1239   16.9s
  s026: TRIVIAL — straight_cont already meets the 100% bound (unc 8.066 <= 8.298, len 618.0) — rejected, does NOT count toward n_scenarios  (16.3s)
  s027: TRIVIAL — straight_cont already meets the 100% bound (unc 7.17 <= 7.403, len 600.9) — rejected, does NOT count toward n_scenarios  (17.2s)
  s028: screen ok — straight_cont fails the 100% bound (recovery_failed)
  s028: D=750 L=3 O=3  L_ref=778.7 U_ref=5.311  (15.6s)  [12/50]
    s028 p100  formation         ok   ratio=1.2902   13.6s
    s028 p100  greedy            ok   ratio=1.2900   14.7s
    s028 p100  sequential        ok   ratio=1.2302   15.2s
    s028 p100  hexspline_cl      ok   ratio=1.2902   17.6s
    s028 p100  clgbt             ok   ratio=2.4106   14.4s
    s028 p90  formation         ok   ratio=1.2902   13.8s
    s028 p90  greedy            FAIL recovery_failed   15.1s
    s028 p90  sequential        ok   ratio=1.2304   15.4s
    s028 p90  hexspline_cl      ok   ratio=1.2902   17.6s
    s028 p90  clgbt             ok   ratio=2.1508   129.7s
    s028: greedy failed 1x in a row (through 90%) — dropped, 6 stricter level(s) recorded unrun
    s028 p80  formation         ok   ratio=1.2902   13.7s
    s028 p80  sequential        ok   ratio=1.2310   15.3s
    s028 p80  hexspline_cl      ok   ratio=1.2902   17.6s
    s028 p80  clgbt             FAIL no_solution   684.8s
    s028: clgbt failed 1x in a row (through 80%) — dropped, 5 stricter level(s) recorded unrun
    s028 p70  sequential        ok   ratio=1.2885   13.8s
    s028 p70  formation         FAIL recovery_failed   14.1s
    s028 p70  hexspline_cl      ok   ratio=1.2885   17.6s
    s028: formation failed 1x in a row (through 70%) — dropped, 4 stricter level(s) recorded unrun
    s028 p60  sequential        FAIL recovery_failed   14.6s
    s028 p60  hexspline_cl      ok   ratio=1.4427   18.0s
    s028: sequential failed 1x in a row (through 60%) — dropped, 3 stricter level(s) recorded unrun
    s028 p50  hexspline_cl      ok   ratio=1.4427   17.6s
    s028 p40  hexspline_cl      ok   ratio=1.4427   17.7s
    s028 p30  hexspline_cl      ok   ratio=1.4427   17.7s
  s029: screen ok — straight_cont fails the 100% bound (recovery_failed)
  s029: D=900 L=4 O=2  L_ref=990.7 U_ref=5.002  (15.6s)  [13/50]
    s029 p100  formation         ok   ratio=1.1519   14.0s
    s029 p100  sequential        ok   ratio=1.1363   15.0s
    s029 p100  greedy            ok   ratio=1.1297   15.2s
    s029 p100  hexspline_cl      ok   ratio=1.1277   19.4s
    s029 p100  clgbt             ok   ratio=1.1883   13.0s
    s029 p90  formation         ok   ratio=1.1519   14.0s
    s029 p90  sequential        ok   ratio=1.1363   15.0s
    s029 p90  greedy            FAIL recovery_failed   15.1s
    s029 p90  hexspline_cl      ok   ratio=1.1246   19.5s
    s029 p90  clgbt             ok   ratio=1.2767   12.8s
    s029: greedy failed 1x in a row (through 90%) — dropped, 6 stricter level(s) recorded unrun
    s029 p80  clgbt             ok   ratio=1.2767   13.0s
    s029 p80  formation         ok   ratio=1.1519   14.0s
    s029 p80  sequential        ok   ratio=1.1363   14.8s
    s029 p80  hexspline_cl      ok   ratio=1.1259   19.4s
    s029 p70  formation         ok   ratio=1.1519   13.9s
    s029 p70  sequential        ok   ratio=1.1359   15.0s
    s029 p70  hexspline_cl      ok   ratio=1.1241   19.2s
    s029 p70  clgbt             ok   ratio=1.5335   35.9s
    s029 p60  formation         ok   ratio=1.1519   14.0s
    s029 p60  sequential        ok   ratio=1.1358   15.0s
    s029 p60  hexspline_cl      ok   ratio=1.1358   19.8s
    s029 p60  clgbt             FAIL recovery_failed   36.3s
    s029: clgbt failed 1x in a row (through 60%) — dropped, 3 stricter level(s) recorded unrun
    s029 p50  formation         ok   ratio=1.1519   13.8s
    s029 p50  sequential        ok   ratio=1.1357   14.9s
    s029 p50  hexspline_cl      ok   ratio=1.1357   19.2s
    s029 p40  formation         ok   ratio=1.1519   14.0s
    s029 p40  sequential        FAIL recovery_failed   15.5s
    s029 p40  hexspline_cl      ok   ratio=1.1355   19.3s
    s029: sequential failed 1x in a row (through 40%) — dropped, 1 stricter level(s) recorded unrun
    s029 p30  formation         ok   ratio=1.1566   13.6s
    s029 p30  hexspline_cl      ok   ratio=1.1357   18.9s
  s030: screen ok — straight_cont fails the 100% bound (recovery_failed)
  s030: D=750 L=3 O=3  L_ref=817.4 U_ref=8.75  (15.3s)  [14/50]
    s030 p100  sequential        ok   ratio=1.0277   14.3s
    s030 p100  greedy            ok   ratio=1.1827   15.1s
    s030 p100  formation         ok   ratio=1.1307   15.2s
    s030 p100  hexspline_cl      ok   ratio=1.0958   18.4s
    s030 p100  clgbt             ok   ratio=1.4048   13.0s
    s030 p90  sequential        ok   ratio=1.0400   14.6s
    s030 p90  formation         ok   ratio=1.1500   15.0s
    s030 p90  greedy            FAIL recovery_failed   15.1s
    s030 p90  hexspline_cl      ok   ratio=1.0916   18.5s
    s030 p90  clgbt             ok   ratio=1.4048   12.9s
    s030: greedy failed 1x in a row (through 90%) — dropped, 6 stricter level(s) recorded unrun
    s030 p80  clgbt             ok   ratio=2.3505   14.5s
    s030 p80  sequential        ok   ratio=1.0631   14.5s
    s030 p80  formation         ok   ratio=3.0625   16.2s
    s030 p80  hexspline_cl      ok   ratio=1.0918   18.3s
    s030 p70  sequential        ok   ratio=1.1628   14.0s
    s030 p70  clgbt             ok   ratio=2.4181   14.1s
    s030 p70  formation         FAIL recovery_failed   14.3s
    s030 p70  hexspline_cl      ok   ratio=1.0898   18.1s
    s030: formation failed 1x in a row (through 70%) — dropped, 4 stricter level(s) recorded unrun
    s030 p60  sequential        ok   ratio=1.1628   13.9s
    s030 p60  hexspline_cl      ok   ratio=1.0476   17.9s
    s030 p60  clgbt             FAIL recovery_failed   463.6s
    s030: clgbt failed 1x in a row (through 60%) — dropped, 3 stricter level(s) recorded unrun
    s030 p50  sequential        ok   ratio=1.1628   13.8s
    s030 p50  hexspline_cl      ok   ratio=1.1503   17.4s
    s030 p40  sequential        FAIL recovery_failed   14.6s
    s030 p40  hexspline_cl      FAIL recovery_failed   80.4s
    s030: hexspline_cl failed 1x in a row (through 40%) — dropped, 1 stricter level(s) recorded unrun
    s030: sequential failed 1x in a row (through 40%) — dropped, 1 stricter level(s) recorded unrun
    s030: every method failed at 1 consecutive levels (down to 40%) — constraint is impossible, moving on
  s031: screen ok — straight_cont fails the 100% bound (recovery_failed)
  s031: D=900 L=4 O=3  L_ref=923.6 U_ref=8.749  (15.7s)  [15/50]
    s031 p100  formation         ok   ratio=1.1829   14.4s
    s031 p100  greedy            ok   ratio=1.2118   15.2s
    s031 p100  sequential        ok   ratio=1.1274   15.9s
    s031 p100  hexspline_cl      ok   ratio=1.1867   19.9s
    s031 p100  clgbt             ok   ratio=1.1940   13.0s
    s031 p90  formation         ok   ratio=1.1859   14.4s
    s031 p90  greedy            FAIL recovery_failed   15.1s
    s031 p90  sequential        ok   ratio=1.1229   16.1s
    s031 p90  hexspline_cl      ok   ratio=1.1867   19.7s
    s031 p90  clgbt             ok   ratio=1.8253   15.3s
    s031: greedy failed 1x in a row (through 90%) — dropped, 6 stricter level(s) recorded unrun
    s031 p80  formation         ok   ratio=1.1850   14.4s
    s031 p80  clgbt             ok   ratio=1.8280   15.7s
    s031 p80  sequential        ok   ratio=1.1224   16.1s
    s031 p80  hexspline_cl      ok   ratio=1.1868   19.7s
    s031 p70  formation         FAIL recovery_failed   14.3s
    s031 p70  sequential        ok   ratio=1.1285   16.0s
    s031 p70  hexspline_cl      ok   ratio=1.1863   20.0s
    s031 p70  clgbt             ok   ratio=1.3864   654.8s
    s031: formation failed 1x in a row (through 70%) — dropped, 4 stricter level(s) recorded unrun
    s031 p60  sequential        ok   ratio=1.1376   14.9s
    s031 p60  hexspline_cl      ok   ratio=1.1825   20.1s
    s031 p60  clgbt             FAIL no_solution   934.9s
    s031: clgbt failed 1x in a row (through 60%) — dropped, 3 stricter level(s) recorded unrun
    s031 p50  sequential        FAIL recovery_failed   14.8s
    s031 p50  hexspline_cl      FAIL recovery_failed   98.8s
    s031: hexspline_cl failed 1x in a row (through 50%) — dropped, 2 stricter level(s) recorded unrun
    s031: sequential failed 1x in a row (through 50%) — dropped, 2 stricter level(s) recorded unrun
    s031: every method failed at 1 consecutive levels (down to 50%) — constraint is impossible, moving on
  s032: screen ok — straight_cont fails the 100% bound (recovery_failed)
  s032: D=900 L=3 O=2  L_ref=963.8 U_ref=7.488  (15.6s)  [16/50]
    s032 p100  greedy            FAIL no_solution   13.2s
    s032 p100  sequential        ok   ratio=1.1397   14.7s
    s032 p100  formation         ok   ratio=1.1395   14.9s
    s032 p100  hexspline_cl      ok   ratio=1.1242   19.4s
    s032 p100  clgbt             ok   ratio=1.0175   14.4s
    s032: greedy failed 1x in a row (through 100%) — dropped, 7 stricter level(s) recorded unrun
    s032 p90  clgbt             ok   ratio=1.9621   13.5s
    s032 p90  sequential        ok   ratio=1.1450   14.6s
    s032 p90  formation         ok   ratio=1.1408   14.8s
    s032 p90  hexspline_cl      ok   ratio=1.1225   19.2s
    s032 p80  clgbt             ok   ratio=1.9621   13.5s
    s032 p80  formation         ok   ratio=3.1775   14.2s
    s032 p80  sequential        ok   ratio=1.1523   14.6s
    s032 p80  hexspline_cl      ok   ratio=1.0989   19.6s
    s032 p70  sequential        ok   ratio=1.1779   14.3s
    s032 p70  formation         FAIL recovery_failed   15.0s
    s032 p70  hexspline_cl      ok   ratio=1.1524   19.2s
    s032 p70  clgbt             ok   ratio=2.5303   56.3s
    s032: formation failed 1x in a row (through 70%) — dropped, 4 stricter level(s) recorded unrun
    s032 p60  sequential        FAIL recovery_failed   14.9s
    s032 p60  hexspline_cl      ok   ratio=1.2841   28.1s
    s032 p60  clgbt             ok   ratio=2.5303   56.2s
    s032: sequential failed 1x in a row (through 60%) — dropped, 3 stricter level(s) recorded unrun
    s032 p50  hexspline_cl      FAIL recovery_failed   93.1s
    s032 p50  clgbt             FAIL no_solution   874.5s
    s032: hexspline_cl failed 1x in a row (through 50%) — dropped, 2 stricter level(s) recorded unrun
    s032: clgbt failed 1x in a row (through 50%) — dropped, 2 stricter level(s) recorded unrun
    s032: every method failed at 1 consecutive levels (down to 50%) — constraint is impossible, moving on
  s033: screen ok — straight_cont fails the 100% bound (recovery_failed)
  s033: D=600 L=4 O=2  L_ref=749.1 U_ref=5.667  (15.6s)  [17/50]
    s033 p100  greedy            FAIL no_solution   13.1s
    s033 p100  formation         ok   ratio=1.4954   15.9s
    s033 p100  sequential        ok   ratio=1.4954   16.2s
    s033 p100  hexspline_cl      ok   ratio=1.1742   18.7s
    s033 p100  clgbt             ok   ratio=1.3857   13.0s
    s033: greedy failed 1x in a row (through 100%) — dropped, 7 stricter level(s) recorded unrun
    s033 p90  clgbt             ok   ratio=1.6485   14.2s
    s033 p90  formation         ok   ratio=1.4954   15.8s
    s033 p90  sequential        ok   ratio=1.4954   16.2s
    s033 p90  hexspline_cl      ok   ratio=1.1839   18.5s
    s033 p80  clgbt             ok   ratio=1.7416   13.7s
    s033 p80  formation         ok   ratio=1.4921   16.2s
    s033 p80  sequential        ok   ratio=1.4921   16.4s
    s033 p80  hexspline_cl      ok   ratio=1.2268   18.3s
    s033 p70  clgbt             ok   ratio=1.7448   13.6s
    s033 p70  formation         ok   ratio=1.4851   16.0s
    s033 p70  sequential        ok   ratio=1.4851   16.5s
    s033 p70  hexspline_cl      ok   ratio=1.2807   18.0s
    s033 p60  clgbt             ok   ratio=1.4843   13.3s
    s033 p60  formation         FAIL recovery_failed   14.3s
    s033 p60  sequential        FAIL recovery_failed   14.9s
    s033 p60  hexspline_cl      ok   ratio=1.8581   27.9s
    s033: formation failed 1x in a row (through 60%) — dropped, 3 stricter level(s) recorded unrun
    s033: sequential failed 1x in a row (through 60%) — dropped, 3 stricter level(s) recorded unrun
    s033 p50  clgbt             ok   ratio=1.8204   15.1s
    s033 p50  hexspline_cl      ok   ratio=1.8578   27.7s
    s033 p40  hexspline_cl      ok   ratio=1.8588   28.5s
    s033 p40  clgbt             FAIL no_solution   465.6s
    s033: clgbt failed 1x in a row (through 40%) — dropped, 1 stricter level(s) recorded unrun
    s033 p30  hexspline_cl      ok   ratio=1.8614   27.2s
  s034: TRIVIAL — straight_cont already meets the 100% bound (unc 8.752 <= 8.752, len 900.0) — rejected, does NOT count toward n_scenarios  (15.8s)
  s035: screen ok — straight_cont fails the 100% bound (recovery_failed)
  s035: D=750 L=3 O=1  L_ref=870.1 U_ref=8.709  (15.6s)  [18/50]
    s035 p100  formation         ok   ratio=1.2514   14.4s
    s035 p100  sequential        ok   ratio=1.0400   14.5s
    s035 p100  greedy            ok   ratio=1.2585   15.5s
    s035 p100  hexspline_cl      ok   ratio=1.0336   18.5s
    s035 p100  clgbt             ok   ratio=1.2184   14.8s
    s035 p90  formation         ok   ratio=1.2587   14.3s
    s035 p90  sequential        ok   ratio=1.0384   14.5s
    s035 p90  greedy            ok   ratio=1.2778   17.2s
    s035 p90  hexspline_cl      ok   ratio=1.0345   18.5s
    s035 p90  clgbt             ok   ratio=1.9912   15.7s
    s035 p80  sequential        ok   ratio=1.0401   14.5s
    s035 p80  formation         FAIL recovery_failed   15.1s
    s035 p80  greedy            ok   ratio=1.2771   15.6s
    s035 p80  hexspline_cl      ok   ratio=1.0377   18.6s
    s035 p80  clgbt             ok   ratio=1.9885   15.7s
    s035: formation failed 1x in a row (through 80%) — dropped, 5 stricter level(s) recorded unrun
    s035 p70  sequential        ok   ratio=1.0376   14.6s
    s035 p70  greedy            FAIL recovery_failed   15.7s
    s035 p70  clgbt             ok   ratio=1.9959   16.2s
    s035 p70  hexspline_cl      ok   ratio=1.0376   18.5s
    s035: greedy failed 1x in a row (through 70%) — dropped, 4 stricter level(s) recorded unrun
    s035 p60  sequential        ok   ratio=3.2129   14.3s
    s035 p60  hexspline_cl      ok   ratio=1.2729   85.1s
    s035 p60  clgbt             FAIL no_solution   952.2s
    s035: clgbt failed 1x in a row (through 60%) — dropped, 3 stricter level(s) recorded unrun
    s035 p50  sequential        FAIL recovery_failed   14.6s
    s035 p50  hexspline_cl      FAIL recovery_failed   76.9s
    s035: hexspline_cl failed 1x in a row (through 50%) — dropped, 2 stricter level(s) recorded unrun
    s035: sequential failed 1x in a row (through 50%) — dropped, 2 stricter level(s) recorded unrun
    s035: every method failed at 1 consecutive levels (down to 50%) — constraint is impossible, moving on
  s036: screen ok — straight_cont fails the 100% bound (recovery_failed)
  s036: D=600 L=2 O=2  L_ref=708.5 U_ref=5.388  (15.5s)  [19/50]
    s036 p100  greedy            FAIL no_solution   13.1s
    s036 p100  sequential        ok   ratio=1.2061   13.8s
    s036 p100  formation         ok   ratio=1.1778   13.9s
    s036 p100  hexspline_cl      ok   ratio=1.2065   17.6s
    s036 p100  clgbt             ok   ratio=1.3966   13.9s
    s036: greedy failed 1x in a row (through 100%) — dropped, 7 stricter level(s) recorded unrun
    s036 p90  formation         ok   ratio=1.1850   13.8s
    s036 p90  sequential        ok   ratio=1.2065   13.9s
    s036 p90  clgbt             FAIL recovery_failed   14.8s
    s036 p90  hexspline_cl      ok   ratio=1.1839   17.6s
    s036: clgbt failed 1x in a row (through 90%) — dropped, 6 stricter level(s) recorded unrun
    s036 p80  formation         ok   ratio=1.2065   13.5s
    s036 p80  sequential        ok   ratio=2.7068   13.9s
    s036 p80  hexspline_cl      ok   ratio=1.2011   17.5s
    s036 p70  formation         ok   ratio=1.2065   13.5s
    s036 p70  sequential        ok   ratio=6.9778   15.7s
    s036 p70  hexspline_cl      ok   ratio=1.2065   17.0s
    s036 p60  formation         ok   ratio=1.2065   13.5s
    s036 p60  sequential        ok   ratio=1.2065   13.7s
    s036 p60  hexspline_cl      ok   ratio=1.2065   17.0s
    s036 p50  formation         ok   ratio=1.2065   13.5s
    s036 p50  sequential        ok   ratio=1.2065   13.7s
    s036 p50  hexspline_cl      ok   ratio=1.2065   17.0s
    s036 p40  formation         ok   ratio=1.2065   13.5s
    s036 p40  sequential        ok   ratio=4.2865   14.3s
    s036 p40  hexspline_cl      ok   ratio=1.2065   16.9s
    s036 p30  formation         FAIL recovery_failed   14.0s
    s036 p30  sequential        ok   ratio=4.2865   14.4s
    s036 p30  hexspline_cl      FAIL recovery_failed   78.7s
  s037: screen ok — straight_cont fails the 100% bound (recovery_failed)
  s037: D=900 L=4 O=3  L_ref=1050.6 U_ref=5.829  (15.7s)  [20/50]
    s037 p100  greedy            FAIL no_solution   13.2s
    s037 p100  formation         ok   ratio=1.2496   13.7s
    s037 p100  sequential        ok   ratio=1.2496   14.0s
    s037 p100  hexspline_cl      ok   ratio=1.1948   27.0s
    s037 p100  clgbt             ok   ratio=2.2221   14.2s
    s037: greedy failed 1x in a row (through 100%) — dropped, 7 stricter level(s) recorded unrun
    s037 p90  formation         ok   ratio=1.2496   13.8s
    s037 p90  sequential        ok   ratio=1.2496   14.0s
    s037 p90  clgbt             FAIL recovery_failed   22.1s
    s037 p90  hexspline_cl      ok   ratio=1.1999   26.3s
    s037: clgbt failed 1x in a row (through 90%) — dropped, 6 stricter level(s) recorded unrun
    s037 p80  formation         ok   ratio=1.2496   13.7s
    s037 p80  sequential        ok   ratio=1.2496   14.6s
    s037 p80  hexspline_cl      ok   ratio=1.2069   26.2s
    s037 p70  formation         FAIL recovery_failed   14.2s
    s037 p70  sequential        FAIL recovery_failed   15.0s
    s037 p70  hexspline_cl      ok   ratio=1.3070   39.4s
    s037: formation failed 1x in a row (through 70%) — dropped, 4 stricter level(s) recorded unrun
    s037: sequential failed 1x in a row (through 70%) — dropped, 4 stricter level(s) recorded unrun
    s037 p60  hexspline_cl      ok   ratio=1.2994   90.5s
    s037 p50  hexspline_cl      ok   ratio=1.2972   90.5s
    s037 p40  hexspline_cl      FAIL recovery_failed   88.3s
    s037: hexspline_cl failed 1x in a row (through 40%) — dropped, 1 stricter level(s) recorded unrun
    s037: every method failed at 1 consecutive levels (down to 40%) — constraint is impossible, moving on
  s038: screen ok — straight_cont fails the 100% bound (recovery_failed)
  s038: D=900 L=2 O=2  L_ref=992.2 U_ref=9.782  (15.6s)  [21/50]
    s038 p100  formation         ok   ratio=1.0929   14.2s
    s038 p100  sequential        ok   ratio=1.0931   14.4s
    s038 p100  greedy            ok   ratio=1.1442   15.1s
    s038 p100  hexspline_cl      ok   ratio=1.0931   18.7s
    s038 p100  clgbt             ok   ratio=1.2285   13.1s
    s038 p90  formation         ok   ratio=1.0930   14.1s
    s038 p90  sequential        ok   ratio=1.0931   14.4s
    s038 p90  greedy            FAIL recovery_failed   15.1s
    s038 p90  hexspline_cl      ok   ratio=1.0931   18.9s
    s038 p90  clgbt             ok   ratio=1.2216   17.6s
    s038: greedy failed 1x in a row (through 90%) — dropped, 6 stricter level(s) recorded unrun
    s038 p80  sequential        ok   ratio=1.0932   14.4s
    s038 p80  formation         ok   ratio=1.1182   15.7s
    s038 p80  hexspline_cl      ok   ratio=1.0932   18.8s
    s038 p80  clgbt             ok   ratio=2.0911   19.7s
    s038 p70  formation         ok   ratio=1.1406   16.5s
    s038 p70  sequential        ok   ratio=1.1143   16.6s
    s038 p70  hexspline_cl      ok   ratio=1.1476   18.7s
    s038 p70  clgbt             FAIL no_solution   1198.1s
    s038: clgbt failed 1x in a row (through 70%) — dropped, 4 stricter level(s) recorded unrun
    s038 p60  sequential        FAIL recovery_failed   14.8s
    s038 p60  formation         FAIL recovery_failed   14.8s
    s038 p60  hexspline_cl      FAIL recovery_failed   85.6s
    s038: hexspline_cl failed 1x in a row (through 60%) — dropped, 3 stricter level(s) recorded unrun
    s038: formation failed 1x in a row (through 60%) — dropped, 3 stricter level(s) recorded unrun
    s038: sequential failed 1x in a row (through 60%) — dropped, 3 stricter level(s) recorded unrun
    s038: every method failed at 1 consecutive levels (down to 60%) — constraint is impossible, moving on
  s039: TRIVIAL — straight_cont already meets the 100% bound (unc 8.376 <= 9.979, len 631.5) — rejected, does NOT count toward n_scenarios  (16.4s)
  s040: screen ok — straight_cont fails the 100% bound (recovery_failed)
  s040: D=750 L=3 O=1  L_ref=764.3 U_ref=6.698  (15.3s)  [22/50]
    s040 p100  sequential        ok   ratio=1.2609   14.3s
    s040 p100  formation         ok   ratio=1.2410   14.4s
    s040 p100  greedy            ok   ratio=1.2320   15.4s
    s040 p100  hexspline_cl      ok   ratio=1.1046   18.4s
    s040 p100  clgbt             ok   ratio=1.1638   13.0s
    s040 p90  formation         ok   ratio=1.3886   13.8s
    s040 p90  sequential        ok   ratio=1.2609   14.1s
    s040 p90  greedy            ok   ratio=1.2322   15.4s
    s040 p90  hexspline_cl      ok   ratio=1.1541   18.2s
    s040 p90  clgbt             ok   ratio=2.3608   13.1s
    s040 p80  formation         ok   ratio=1.4700   13.7s
    s040 p80  sequential        ok   ratio=1.2610   14.2s
    s040 p80  greedy            ok   ratio=1.2683   14.7s
    s040 p80  hexspline_cl      ok   ratio=1.1665   18.1s
    s040 p80  clgbt             ok   ratio=2.7102   14.3s
    s040 p70  sequential        ok   ratio=1.2609   14.1s
    s040 p70  greedy            ok   ratio=1.2683   14.7s
    s040 p70  formation         ok   ratio=2.3214   16.0s
    s040 p70  hexspline_cl      ok   ratio=1.1693   18.1s
    s040 p70  clgbt             ok   ratio=1.5979   17.3s
    s040 p60  sequential        ok   ratio=1.2683   13.8s
    s040 p60  formation         ok   ratio=2.3348   14.4s
    s040 p60  greedy            ok   ratio=1.2683   14.6s
    s040 p60  hexspline_cl      ok   ratio=1.2541   17.8s
    s040 p60  clgbt             ok   ratio=1.6130   17.1s
    s040 p50  formation         FAIL recovery_failed   14.2s
    s040 p50  sequential        FAIL recovery_failed   14.8s
    s040 p50  greedy            FAIL recovery_failed   15.1s
    s040 p50  hexspline_cl      ok   ratio=1.4901   20.2s
    s040 p50  clgbt             FAIL recovery_failed   28.8s
    s040: greedy failed 1x in a row (through 50%) — dropped, 2 stricter level(s) recorded unrun
    s040: formation failed 1x in a row (through 50%) — dropped, 2 stricter level(s) recorded unrun
    s040: sequential failed 1x in a row (through 50%) — dropped, 2 stricter level(s) recorded unrun
    s040: clgbt failed 1x in a row (through 50%) — dropped, 2 stricter level(s) recorded unrun
    s040 p40  hexspline_cl      ok   ratio=1.4901   19.3s
    s040 p30  hexspline_cl      ok   ratio=1.4901   19.3s
  s041: TRIVIAL — straight_cont already meets the 100% bound (unc 7.234 <= 9.926, len 600.6) — rejected, does NOT count toward n_scenarios  (16.7s)
  s042: TRIVIAL — straight_cont already meets the 100% bound (unc 8.682 <= 8.941, len 781.3) — rejected, does NOT count toward n_scenarios  (16.3s)
  s043: screen ok — straight_cont fails the 100% bound (recovery_failed)
  s043: D=750 L=3 O=1  L_ref=767.1 U_ref=9.509  (15.6s)  [23/50]
    s043 p100  sequential        ok   ratio=1.1744   14.4s
    s043 p100  formation         ok   ratio=1.1702   14.4s
    s043 p100  greedy            ok   ratio=1.2633   14.7s
    s043 p100  hexspline_cl      ok   ratio=1.1569   18.8s
    s043 p100  clgbt             ok   ratio=1.5687   13.8s
    s043 p90  sequential        ok   ratio=1.1793   14.3s
    s043 p90  formation         ok   ratio=1.1693   14.4s
    s043 p90  greedy            FAIL recovery_failed   15.1s
    s043 p90  hexspline_cl      ok   ratio=1.1577   18.7s
    s043 p90  clgbt             ok   ratio=1.3938   13.1s
    s043: greedy failed 1x in a row (through 90%) — dropped, 6 stricter level(s) recorded unrun
    s043 p80  clgbt             ok   ratio=1.3937   13.3s
    s043 p80  sequential        ok   ratio=1.1750   14.3s
    s043 p80  formation         ok   ratio=1.1695   14.4s
    s043 p80  hexspline_cl      ok   ratio=1.1601   18.7s
    s043 p70  sequential        ok   ratio=2.6347   14.4s
    s043 p70  clgbt             FAIL recovery_failed   14.6s
    s043 p70  formation         ok   ratio=1.2238   15.9s
    s043 p70  hexspline_cl      ok   ratio=1.2767   18.6s
    s043: clgbt failed 1x in a row (through 70%) — dropped, 4 stricter level(s) recorded unrun
    s043 p60  sequential        ok   ratio=2.6348   14.2s
    s043 p60  formation         FAIL recovery_failed   14.7s
    s043 p60  hexspline_cl      ok   ratio=1.4646   20.5s
    s043: formation failed 1x in a row (through 60%) — dropped, 3 stricter level(s) recorded unrun
    s043 p50  sequential        FAIL recovery_failed   14.9s
    s043 p50  hexspline_cl      FAIL recovery_failed   76.1s
    s043: hexspline_cl failed 1x in a row (through 50%) — dropped, 2 stricter level(s) recorded unrun
    s043: sequential failed 1x in a row (through 50%) — dropped, 2 stricter level(s) recorded unrun
    s043: every method failed at 1 consecutive levels (down to 50%) — constraint is impossible, moving on
  s044: TRIVIAL — straight_cont already meets the 100% bound (unc 10.125 <= 10.465, len 938.0) — rejected, does NOT count toward n_scenarios  (16.6s)
  s045: screen ok — straight_cont fails the 100% bound (recovery_failed)
  s045: D=750 L=3 O=3  L_ref=808.3 U_ref=8.781  (15.7s)  [24/50]
    s045 p100  formation         ok   ratio=1.3796   13.8s
    s045 p100  greedy            ok   ratio=1.3954   14.7s
    s045 p100  sequential        ok   ratio=1.2191   14.8s
    s045 p100  hexspline_cl      ok   ratio=1.2191   19.1s
    s045 p100  clgbt             ok   ratio=1.3618   13.7s
    s045 p90  formation         ok   ratio=1.3787   13.8s
    s045 p90  sequential        ok   ratio=1.2122   14.8s
    s045 p90  greedy            FAIL recovery_failed   15.0s
    s045 p90  hexspline_cl      ok   ratio=1.2122   19.3s
    s045 p90  clgbt             ok   ratio=1.4159   13.9s
    s045: greedy failed 1x in a row (through 90%) — dropped, 6 stricter level(s) recorded unrun
    s045 p80  clgbt             ok   ratio=1.5096   13.9s
    s045 p80  formation         ok   ratio=1.3802   13.9s
    s045 p80  sequential        ok   ratio=1.2754   14.3s
    s045 p80  hexspline_cl      ok   ratio=1.2754   18.5s
    s045 p70  clgbt             ok   ratio=1.5506   13.4s
    s045 p70  formation         ok   ratio=1.3817   13.8s
    s045 p70  sequential        ok   ratio=1.2669   14.4s
    s045 p70  hexspline_cl      ok   ratio=1.2669   18.5s
    s045 p60  formation         ok   ratio=1.3820   13.7s
    s045 p60  sequential        ok   ratio=1.2994   14.3s
    s045 p60  clgbt             ok   ratio=1.4906   14.4s
    s045 p60  hexspline_cl      ok   ratio=1.2994   18.5s
    s045 p50  sequential        ok   ratio=1.3727   14.1s
    s045 p50  formation         ok   ratio=1.3874   15.7s
    s045 p50  hexspline_cl      ok   ratio=1.3727   18.5s
    s045 p50  clgbt             ok   ratio=2.0681   83.9s
    s045 p40  formation         FAIL recovery_failed   15.3s
    s045 p40  sequential        ok   ratio=5.3011   15.3s
    s045 p40  hexspline_cl      FAIL recovery_failed   82.7s
    s045 p40  clgbt             FAIL no_solution   627.3s
    s045: hexspline_cl failed 1x in a row (through 40%) — dropped, 1 stricter level(s) recorded unrun
    s045: formation failed 1x in a row (through 40%) — dropped, 1 stricter level(s) recorded unrun
    s045: clgbt failed 1x in a row (through 40%) — dropped, 1 stricter level(s) recorded unrun
    s045 p30  sequential        ok   ratio=5.3011   14.6s
  s046: screen ok — straight_cont fails the 100% bound (recovery_failed)
  s046: D=900 L=4 O=3  L_ref=1012.0 U_ref=10.008  (15.7s)  [25/50]
    s046 p100  sequential        ok   ratio=1.1409   15.0s
    s046 p100  formation         ok   ratio=1.0769   15.1s
    s046 p100  greedy            ok   ratio=1.2628   15.1s
    s046 p100  clgbt             ok   ratio=1.2263   14.1s
    s046 p100  hexspline_cl      ok   ratio=1.1250   35.3s
    s046 p90  formation         ok   ratio=1.1736   14.5s
    s046 p90  sequential        ok   ratio=1.1401   15.0s
    s046 p90  greedy            FAIL recovery_failed   15.2s
    s046 p90  clgbt             ok   ratio=1.0325   15.7s
    s046 p90  hexspline_cl      ok   ratio=1.1248   35.1s
    s046: greedy failed 1x in a row (through 90%) — dropped, 6 stricter level(s) recorded unrun
    s046 p80  sequential        ok   ratio=1.1314   15.3s
    s046 p80  formation         ok   ratio=1.2376   15.9s
    s046 p80  hexspline_cl      ok   ratio=1.1248   36.9s
    s046 p80  clgbt             ok   ratio=2.0553   39.8s
    s046 p70  formation         ok   ratio=1.2370   14.9s
    s046 p70  sequential        ok   ratio=1.1646   15.0s
    s046 p70  hexspline_cl      ok   ratio=1.1589   36.5s
    s046 p70  clgbt             ok   ratio=2.0768   40.5s
    s046 p60  sequential        FAIL recovery_failed   15.0s
    s046 p60  formation         ok   ratio=1.2404   16.1s
    s046 p60  hexspline_cl      ok   ratio=1.3790   97.4s
    s046 p60  clgbt             ok   ratio=1.4383   384.2s
    s046: sequential failed 1x in a row (through 60%) — dropped, 3 stricter level(s) recorded unrun
    s046 p50  formation         ok   ratio=1.2463   15.8s
    s046 p50  hexspline_cl      ok   ratio=1.3790   92.7s
    s046 p50  clgbt             FAIL no_solution   961.6s
    s046: clgbt failed 1x in a row (through 50%) — dropped, 2 stricter level(s) recorded unrun
    s046 p40  formation         FAIL recovery_failed   16.7s
    s046 p40  hexspline_cl      FAIL recovery_failed   94.5s
    s046: hexspline_cl failed 1x in a row (through 40%) — dropped, 1 stricter level(s) recorded unrun
    s046: formation failed 1x in a row (through 40%) — dropped, 1 stricter level(s) recorded unrun
    s046: every method failed at 1 consecutive levels (down to 40%) — constraint is impossible, moving on
  s047: screen ok — straight_cont fails the 100% bound (recovery_failed)
  s047: D=600 L=3 O=2  L_ref=714.0 U_ref=5.86  (15.3s)  [26/50]
    s047 p100  formation         ok   ratio=1.4169   13.6s
    s047 p100  sequential        ok   ratio=1.5353   13.9s
    s047 p100  greedy            ok   ratio=1.4165   15.2s
    s047 p100  hexspline_cl      ok   ratio=1.4169   17.2s
    s047 p100  clgbt             ok   ratio=1.4537   12.9s
    s047 p90  formation         ok   ratio=1.4169   13.6s
    s047 p90  sequential        ok   ratio=1.5353   13.9s
    s047 p90  greedy            FAIL recovery_failed   15.0s
    s047 p90  hexspline_cl      ok   ratio=1.4169   17.2s
    s047 p90  clgbt             ok   ratio=1.8961   13.2s
    s047: greedy failed 1x in a row (through 90%) — dropped, 6 stricter level(s) recorded unrun
    s047 p80  formation         ok   ratio=1.4169   13.6s
    s047 p80  sequential        ok   ratio=1.5353   13.9s
    s047 p80  clgbt             ok   ratio=2.1918   17.2s
    s047 p80  hexspline_cl      ok   ratio=1.4169   17.3s
    s047 p70  sequential        ok   ratio=1.5353   13.9s
    s047 p70  formation         FAIL recovery_failed   14.2s
    s047 p70  hexspline_cl      ok   ratio=1.6642   20.1s
    s047 p70  clgbt             ok   ratio=2.1568   30.5s
    s047: formation failed 1x in a row (through 70%) — dropped, 4 stricter level(s) recorded unrun
    s047 p60  sequential        ok   ratio=1.5353   13.8s
    s047 p60  clgbt             ok   ratio=1.9910   61.2s
    s047 p60  hexspline_cl      FAIL recovery_failed   100.8s
    s047: hexspline_cl failed 1x in a row (through 60%) — dropped, 3 stricter level(s) recorded unrun
    s047 p50  sequential        ok   ratio=2.6534   13.8s
    s047 p50  clgbt             FAIL no_solution   441.6s
    s047: clgbt failed 1x in a row (through 50%) — dropped, 2 stricter level(s) recorded unrun
    s047 p40  sequential        FAIL recovery_failed   14.0s
    s047: sequential failed 1x in a row (through 40%) — dropped, 1 stricter level(s) recorded unrun
    s047: every method failed at 1 consecutive levels (down to 40%) — constraint is impossible, moving on
  s048: screen ok — straight_cont fails the 100% bound (recovery_failed)
  s048: D=900 L=3 O=2  L_ref=927.9 U_ref=6.495  (15.6s)  [27/50]
    s048 p100  sequential        ok   ratio=1.0431   14.1s
    s048 p100  formation         ok   ratio=1.1761   14.4s
    s048 p100  greedy            ok   ratio=1.2437   14.6s
    s048 p100  hexspline_cl      ok   ratio=1.0146   18.4s
    s048 p100  clgbt             ok   ratio=1.3668   12.8s
    s048 p90  formation         ok   ratio=1.1763   14.4s
    s048 p90  sequential        ok   ratio=1.0143   15.0s
    s048 p90  greedy            FAIL recovery_failed   15.1s
    s048 p90  hexspline_cl      ok   ratio=1.0159   18.4s
    s048 p90  clgbt             ok   ratio=1.3686   12.9s
    s048: greedy failed 1x in a row (through 90%) — dropped, 6 stricter level(s) recorded unrun
    s048 p80  clgbt             ok   ratio=1.4083   12.8s
    s048 p80  sequential        ok   ratio=1.0447   14.1s
    s048 p80  formation         ok   ratio=1.1743   14.5s
    s048 p80  hexspline_cl      ok   ratio=1.0197   18.2s
    s048 p70  clgbt             ok   ratio=1.4083   12.9s
    s048 p70  formation         ok   ratio=1.2444   13.6s
    s048 p70  sequential        ok   ratio=1.1775   15.0s
    s048 p70  hexspline_cl      ok   ratio=1.0803   17.5s
    s048 p60  formation         ok   ratio=1.2444   13.7s
    s048 p60  sequential        ok   ratio=1.1979   14.2s
    s048 p60  hexspline_cl      ok   ratio=1.1928   18.9s
    s048 p60  clgbt             ok   ratio=2.3737   94.1s
    s048 p50  formation         ok   ratio=1.2444   13.7s
    s048 p50  sequential        ok   ratio=1.1867   14.3s
    s048 p50  hexspline_cl      ok   ratio=1.1738   19.1s
    s048 p50  clgbt             ok   ratio=2.3746   95.1s
    s048 p40  sequential        FAIL recovery_failed   15.7s
    s048 p40  formation         FAIL recovery_failed   16.5s
    s048 p40  hexspline_cl      FAIL recovery_failed   96.7s
    s048 p40  clgbt             FAIL no_solution   905.3s
    s048: hexspline_cl failed 1x in a row (through 40%) — dropped, 1 stricter level(s) recorded unrun
    s048: formation failed 1x in a row (through 40%) — dropped, 1 stricter level(s) recorded unrun
    s048: sequential failed 1x in a row (through 40%) — dropped, 1 stricter level(s) recorded unrun
    s048: clgbt failed 1x in a row (through 40%) — dropped, 1 stricter level(s) recorded unrun
    s048: every method failed at 1 consecutive levels (down to 40%) — constraint is impossible, moving on
  s049: screen ok — straight_cont fails the 100% bound (recovery_failed)
  s049: D=900 L=4 O=3  L_ref=919.7 U_ref=11.419  (15.6s)  [28/50]
    s049 p100  sequential        ok   ratio=1.0336   14.3s
    s049 p100  greedy            ok   ratio=1.0715   14.7s
    s049 p100  formation         ok   ratio=1.1854   15.0s
    s049 p100  hexspline_cl      ok   ratio=1.0111   18.3s
    s049 p100  clgbt             ok   ratio=1.1991   12.9s
    s049 p90  sequential        ok   ratio=1.0393   14.2s
    s049 p90  greedy            ok   ratio=1.0715   14.7s
    s049 p90  formation         ok   ratio=1.1854   15.0s
    s049 p90  hexspline_cl      ok   ratio=1.0112   18.4s
    s049 p90  clgbt             ok   ratio=1.1991   12.9s
    s049 p80  sequential        ok   ratio=1.0438   14.1s
    s049 p80  formation         ok   ratio=1.1855   15.0s
    s049 p80  greedy            FAIL recovery_failed   15.2s
    s049 p80  hexspline_cl      ok   ratio=1.0138   18.2s
    s049 p80  clgbt             ok   ratio=1.1991   13.1s
    s049: greedy failed 1x in a row (through 80%) — dropped, 5 stricter level(s) recorded unrun
    s049 p70  sequential        ok   ratio=1.0340   14.2s
    s049 p70  clgbt             ok   ratio=1.1948   14.4s
    s049 p70  formation         ok   ratio=1.1856   14.9s
    s049 p70  hexspline_cl      ok   ratio=1.0141   18.2s
    s049 p60  sequential        ok   ratio=1.0378   14.1s
    s049 p60  clgbt             ok   ratio=2.1985   14.6s
    s049 p60  formation         ok   ratio=1.1857   14.9s
    s049 p60  hexspline_cl      ok   ratio=1.0129   18.2s
    s049 p50  formation         ok   ratio=1.1858   14.9s
    s049 p50  sequential        ok   ratio=1.0522   14.9s
    s049 p50  hexspline_cl      ok   ratio=1.0280   18.2s
    s049 p50  clgbt             ok   ratio=2.1474   18.7s
    s049 p40  sequential        ok   ratio=1.2556   14.1s
    s049 p40  formation         ok   ratio=1.2350   15.6s
    s049 p40  hexspline_cl      ok   ratio=1.0470   18.1s
    s049 p40  clgbt             ok   ratio=1.7056   21.3s
    s049 p30  formation         FAIL recovery_failed   15.4s
    s049 p30  sequential        FAIL recovery_failed   15.4s
    s049 p30  clgbt             ok   ratio=1.7732   21.1s
    s049 p30  hexspline_cl      FAIL recovery_failed   84.0s
  s050: screen ok — straight_cont fails the 100% bound (recovery_failed)
  s050: D=750 L=4 O=3  L_ref=807.2 U_ref=8.909  (15.4s)  [29/50]
    s050 p100  formation         ok   ratio=1.2087   13.8s
    s050 p100  sequential        ok   ratio=1.3189   14.4s
    s050 p100  greedy            ok   ratio=1.2191   14.7s
    s050 p100  hexspline_cl      ok   ratio=1.1990   17.8s
    s050 p100  clgbt             ok   ratio=1.1703   13.0s
    s050 p90  formation         ok   ratio=1.2084   13.7s
    s050 p90  sequential        ok   ratio=1.3678   14.3s
    s050 p90  greedy            FAIL recovery_failed   15.1s
    s050 p90  hexspline_cl      ok   ratio=1.1900   18.2s
    s050 p90  clgbt             FAIL recovery_failed   13.1s
    s050: greedy failed 1x in a row (through 90%) — dropped, 6 stricter level(s) recorded unrun
    s050: clgbt failed 1x in a row (through 90%) — dropped, 6 stricter level(s) recorded unrun
    s050 p80  formation         ok   ratio=1.2085   13.7s
    s050 p80  sequential        ok   ratio=1.3342   14.3s
    s050 p80  hexspline_cl      ok   ratio=1.1908   17.8s
    s050 p70  formation         ok   ratio=1.2086   13.7s
    s050 p70  sequential        ok   ratio=1.3535   14.2s
    s050 p70  hexspline_cl      ok   ratio=1.2143   17.7s
    s050 p60  formation         ok   ratio=1.2198   13.6s
    s050 p60  sequential        ok   ratio=1.3538   14.1s
    s050 p60  hexspline_cl      ok   ratio=1.2198   17.5s
    s050 p50  formation         ok   ratio=1.2198   13.5s
    s050 p50  sequential        ok   ratio=1.3686   14.0s
    s050 p50  hexspline_cl      ok   ratio=1.2082   17.5s
    s050 p40  formation         ok   ratio=2.7582   13.7s
    s050 p40  sequential        ok   ratio=2.5585   13.9s
    s050 p40  hexspline_cl      ok   ratio=1.2198   17.4s
    s050 p30  formation         ok   ratio=2.7582   13.7s
    s050 p30  sequential        FAIL recovery_failed   14.8s
    s050 p30  hexspline_cl      ok   ratio=1.7309   24.3s
  s051: TRIVIAL — straight_cont already meets the 100% bound (unc 7.959 <= 7.959, len 750.0) — rejected, does NOT count toward n_scenarios  (15.7s)
  s052: TRIVIAL — straight_cont already meets the 100% bound (unc 7.162 <= 7.163, len 600.0) — rejected, does NOT count toward n_scenarios  (15.8s)
  s053: screen ok — straight_cont fails the 100% bound (recovery_failed)
  s053: D=600 L=2 O=3  L_ref=708.9 U_ref=5.952  (15.3s)  [30/50]
    s053 p100  formation         ok   ratio=1.1535   14.0s
    s053 p100  sequential        ok   ratio=1.1093   14.2s
    s053 p100  greedy            ok   ratio=1.2052   14.7s
    s053 p100  hexspline_cl      ok   ratio=1.1053   17.6s
    s053 p100  clgbt             ok   ratio=1.3335   13.6s
    s053 p90  sequential        ok   ratio=1.2058   14.0s
    s053 p90  formation         ok   ratio=1.1492   14.0s
    s053 p90  greedy            FAIL recovery_failed   15.0s
    s053 p90  hexspline_cl      ok   ratio=1.1048   17.6s
    s053 p90  clgbt             ok   ratio=1.6485   22.6s
    s053: greedy failed 1x in a row (through 90%) — dropped, 6 stricter level(s) recorded unrun
    s053 p80  formation         ok   ratio=1.1534   14.0s
    s053 p80  sequential        ok   ratio=1.2058   14.1s
    s053 p80  hexspline_cl      ok   ratio=1.1051   17.6s
    s053 p80  clgbt             ok   ratio=1.6485   23.1s
    s053 p70  formation         ok   ratio=1.2058   13.6s
    s053 p70  sequential        ok   ratio=1.2058   14.0s
    s053 p70  hexspline_cl      ok   ratio=1.1770   17.4s
    s053 p70  clgbt             ok   ratio=1.6486   22.8s
    s053 p60  formation         ok   ratio=1.2058   13.6s
    s053 p60  sequential        ok   ratio=1.2058   13.9s
    s053 p60  hexspline_cl      ok   ratio=1.1770   17.5s
    s053 p60  clgbt             ok   ratio=1.6489   22.9s
    s053 p50  formation         ok   ratio=1.2058   13.8s
    s053 p50  sequential        ok   ratio=1.2058   13.9s
    s053 p50  hexspline_cl      ok   ratio=1.1770   17.5s
    s053 p50  clgbt             ok   ratio=1.6508   23.2s
    s053 p40  sequential        FAIL recovery_failed   14.9s
    s053 p40  formation         FAIL recovery_failed   15.0s
    s053 p40  hexspline_cl      ok   ratio=1.1537   17.3s
    s053 p40  clgbt             FAIL no_solution   453.1s
    s053: formation failed 1x in a row (through 40%) — dropped, 1 stricter level(s) recorded unrun
    s053: sequential failed 1x in a row (through 40%) — dropped, 1 stricter level(s) recorded unrun
    s053: clgbt failed 1x in a row (through 40%) — dropped, 1 stricter level(s) recorded unrun
    s053 p30  hexspline_cl      FAIL recovery_failed   78.2s
    s053: every method failed at 1 consecutive levels (down to 30%) — constraint is impossible, moving on
  s054: TRIVIAL — straight_cont already meets the 100% bound (unc 9.241 <= 10.704, len 906.9) — rejected, does NOT count toward n_scenarios  (16.2s)
  s055: screen ok — straight_cont fails the 100% bound (recovery_failed)
  s055: D=900 L=4 O=3  L_ref=990.5 U_ref=5.048  (15.7s)  [31/50]
    s055 p100  formation         ok   ratio=1.2840   13.8s
    s055 p100  sequential        ok   ratio=1.1559   14.0s
    s055 p100  greedy            ok   ratio=1.2830   15.1s
    s055 p100  hexspline_cl      ok   ratio=1.0512   19.6s
    s055 p100  clgbt             ok   ratio=1.3194   12.5s
    s055 p90  formation         ok   ratio=1.2840   13.6s
    s055 p90  sequential        ok   ratio=1.1559   14.1s
    s055 p90  greedy            FAIL recovery_failed   15.1s
    s055 p90  hexspline_cl      ok   ratio=1.1658   18.9s
    s055 p90  clgbt             ok   ratio=1.3045   25.5s
    s055: greedy failed 1x in a row (through 90%) — dropped, 6 stricter level(s) recorded unrun
    s055 p80  formation         ok   ratio=1.2840   13.6s
    s055 p80  sequential        ok   ratio=1.1558   14.1s
    s055 p80  hexspline_cl      ok   ratio=1.1558   19.6s
    s055 p80  clgbt             ok   ratio=1.2664   77.8s
    s055 p70  sequential        ok   ratio=1.1658   14.0s
    s055 p70  formation         FAIL recovery_failed   14.4s
    s055 p70  hexspline_cl      ok   ratio=1.1658   19.4s
    s055 p70  clgbt             ok   ratio=1.2155   729.8s
    s055: formation failed 1x in a row (through 70%) — dropped, 4 stricter level(s) recorded unrun
    s055 p60  sequential        ok   ratio=1.1658   13.8s
    s055 p60  hexspline_cl      ok   ratio=1.1658   19.4s
    s055 p60  clgbt             FAIL no_solution   1135.8s
    s055: clgbt failed 1x in a row (through 60%) — dropped, 3 stricter level(s) recorded unrun
    s055 p50  sequential        FAIL recovery_failed   14.5s
    s055 p50  hexspline_cl      ok   ratio=1.1658   19.0s
    s055: sequential failed 1x in a row (through 50%) — dropped, 2 stricter level(s) recorded unrun
    s055 p40  hexspline_cl      ok   ratio=1.1658   18.6s
    s055 p30  hexspline_cl      ok   ratio=1.3924   44.5s
  s056: TRIVIAL — straight_cont already meets the 100% bound (unc 6.977 <= 6.979, len 601.8) — rejected, does NOT count toward n_scenarios  (17.3s)
  s057: screen ok — straight_cont fails the 100% bound (recovery_failed)
  s057: D=900 L=3 O=2  L_ref=1030.0 U_ref=5.14  (15.7s)  [32/50]
    s057 p100  formation         ok   ratio=1.1968   14.3s
    s057 p100  sequential        ok   ratio=0.8768   14.8s
    s057 p100  greedy            ok   ratio=1.1984   15.2s
    s057 p100  hexspline_cl      ok   ratio=0.8811   18.2s
    s057 p100  clgbt             ok   ratio=1.3202   23.7s
    s057 p90  sequential        ok   ratio=0.8786   14.7s
    s057 p90  greedy            FAIL recovery_failed   15.2s
    s057 p90  formation         FAIL recovery_failed   15.3s
    s057 p90  hexspline_cl      ok   ratio=0.9619   17.4s
    s057 p90  clgbt             ok   ratio=1.3335   22.9s
    s057: greedy failed 1x in a row (through 90%) — dropped, 6 stricter level(s) recorded unrun
    s057: formation failed 1x in a row (through 90%) — dropped, 6 stricter level(s) recorded unrun
    s057 p80  sequential        ok   ratio=0.9272   13.9s
    s057 p80  hexspline_cl      ok   ratio=0.9622   17.3s
    s057 p80  clgbt             ok   ratio=1.3334   23.1s
    s057 p70  sequential        ok   ratio=1.0927   14.6s
    s057 p70  hexspline_cl      ok   ratio=1.0371   17.9s
    s057 p70  clgbt             ok   ratio=1.3334   23.7s
    s057 p60  sequential        ok   ratio=1.0953   14.4s
    s057 p60  hexspline_cl      ok   ratio=1.0372   17.9s
    s057 p60  clgbt             ok   ratio=1.3308   23.2s
    s057 p50  sequential        ok   ratio=1.3582   14.0s
    s057 p50  hexspline_cl      ok   ratio=1.0373   17.8s
    s057 p50  clgbt             ok   ratio=1.9741   458.4s
    s057 p40  sequential        FAIL recovery_failed   14.9s
    s057 p40  hexspline_cl      ok   ratio=1.0430   17.9s
    s057 p40  clgbt             FAIL no_solution   999.9s
    s057: sequential failed 1x in a row (through 40%) — dropped, 1 stricter level(s) recorded unrun
    s057: clgbt failed 1x in a row (through 40%) — dropped, 1 stricter level(s) recorded unrun
    s057 p30  hexspline_cl      ok   ratio=1.0430   17.3s
  s058: screen ok — straight_cont fails the 100% bound (recovery_failed)
  s058: D=600 L=2 O=2  L_ref=636.0 U_ref=6.917  (15.3s)  [33/50]
    s058 p100  formation         ok   ratio=1.5909   13.7s
    s058 p100  sequential        ok   ratio=1.3343   14.0s
    s058 p100  greedy            ok   ratio=1.3437   14.6s
    s058 p100  hexspline_cl      ok   ratio=1.2789   17.7s
    s058 p100  clgbt             ok   ratio=1.6133   13.3s
    s058 p90  formation         ok   ratio=1.5909   13.6s
    s058 p90  sequential        ok   ratio=1.3342   14.0s
    s058 p90  greedy            FAIL recovery_failed   15.1s
    s058 p90  hexspline_cl      ok   ratio=1.2793   17.7s
    s058 p90  clgbt             ok   ratio=1.6130   13.1s
    s058: greedy failed 1x in a row (through 90%) — dropped, 6 stricter level(s) recorded unrun
    s058 p80  clgbt             ok   ratio=1.6322   13.2s
    s058 p80  formation         ok   ratio=1.5909   13.6s
    s058 p80  sequential        ok   ratio=1.3339   14.2s
    s058 p80  hexspline_cl      ok   ratio=1.3339   17.6s
    s058 p70  formation         FAIL recovery_failed   14.2s
    s058 p70  sequential        FAIL recovery_failed   14.8s
    s058 p70  hexspline_cl      ok   ratio=2.5403   55.6s
    s058 p70  clgbt             ok   ratio=2.6122   342.4s
    s058: formation failed 1x in a row (through 70%) — dropped, 4 stricter level(s) recorded unrun
    s058: sequential failed 1x in a row (through 70%) — dropped, 4 stricter level(s) recorded unrun
    s058 p60  hexspline_cl      ok   ratio=2.5403   55.3s
    s058 p60  clgbt             ok   ratio=2.6122   340.6s
    s058 p50  hexspline_cl      FAIL recovery_failed   90.5s
    s058 p50  clgbt             ok   ratio=2.6122   340.0s
    s058: hexspline_cl failed 1x in a row (through 50%) — dropped, 2 stricter level(s) recorded unrun
    s058 p40  clgbt             FAIL no_solution   492.7s
    s058: clgbt failed 1x in a row (through 40%) — dropped, 1 stricter level(s) recorded unrun
    s058: every method failed at 1 consecutive levels (down to 40%) — constraint is impossible, moving on
  s059: TRIVIAL — straight_cont already meets the 100% bound (unc 8.105 <= 10.717, len 751.4) — rejected, does NOT count toward n_scenarios  (16.1s)
  s060: screen ok — straight_cont fails the 100% bound (recovery_failed)
  s060: D=600 L=3 O=3  L_ref=630.1 U_ref=7.419  (15.2s)  [34/50]
    s060 p100  formation         ok   ratio=1.1906   14.3s
    s060 p100  sequential        ok   ratio=1.1911   14.5s
    s060 p100  greedy            ok   ratio=1.3563   14.6s
    s060 p100  hexspline_cl      ok   ratio=1.1177   17.0s
    s060 p100  clgbt             ok   ratio=1.6475   12.9s
    s060 p90  formation         ok   ratio=1.1906   14.4s
    s060 p90  sequential        ok   ratio=1.1912   14.5s
    s060 p90  greedy            FAIL recovery_failed   15.0s
    s060 p90  hexspline_cl      ok   ratio=1.1177   17.0s
    s060 p90  clgbt             ok   ratio=1.6475   12.9s
    s060: greedy failed 1x in a row (through 90%) — dropped, 6 stricter level(s) recorded unrun
    s060 p80  clgbt             ok   ratio=1.6475   13.1s
    s060 p80  formation         ok   ratio=1.1907   14.3s
    s060 p80  sequential        ok   ratio=1.1912   14.5s
    s060 p80  hexspline_cl      ok   ratio=1.1177   17.0s
    s060 p70  formation         ok   ratio=1.2305   14.2s
    s060 p70  sequential        ok   ratio=1.1913   14.5s
    s060 p70  hexspline_cl      ok   ratio=1.1177   17.1s
    s060 p70  clgbt             ok   ratio=1.9470   74.3s
    s060 p60  sequential        ok   ratio=1.1916   14.5s
    s060 p60  formation         ok   ratio=1.2896   14.5s
    s060 p60  hexspline_cl      ok   ratio=1.1177   17.1s
    s060 p60  clgbt             ok   ratio=1.9855   75.0s
    s060 p50  formation         ok   ratio=1.3143   15.2s
    s060 p50  sequential        ok   ratio=1.2928   15.3s
    s060 p50  hexspline_cl      ok   ratio=2.4124   28.7s
    s060 p50  clgbt             FAIL no_solution   422.7s
    s060: clgbt failed 1x in a row (through 50%) — dropped, 2 stricter level(s) recorded unrun
    s060 p40  formation         FAIL recovery_failed   14.0s
    s060 p40  sequential        FAIL recovery_failed   17.6s
    s060 p40  hexspline_cl      FAIL recovery_failed   83.2s
    s060: hexspline_cl failed 1x in a row (through 40%) — dropped, 1 stricter level(s) recorded unrun
    s060: formation failed 1x in a row (through 40%) — dropped, 1 stricter level(s) recorded unrun
    s060: sequential failed 1x in a row (through 40%) — dropped, 1 stricter level(s) recorded unrun
    s060: every method failed at 1 consecutive levels (down to 40%) — constraint is impossible, moving on
  s061: screen ok — straight_cont fails the 100% bound (recovery_failed)
  s061: D=600 L=2 O=3  L_ref=621.0 U_ref=8.968  (15.3s)  [35/50]
    s061 p100  sequential        ok   ratio=1.0503   14.2s
    s061 p100  formation         ok   ratio=1.0715   14.3s
    s061 p100  greedy            ok   ratio=1.1237   15.4s
    s061 p100  hexspline_cl      ok   ratio=1.1235   17.9s
    s061 p100  clgbt             ok   ratio=1.3548   12.9s
    s061 p90  sequential        ok   ratio=1.0499   14.2s
    s061 p90  formation         ok   ratio=1.0862   14.4s
    s061 p90  greedy            ok   ratio=1.1229   15.5s
    s061 p90  hexspline_cl      ok   ratio=1.1267   17.9s
    s061 p90  clgbt             ok   ratio=1.3548   12.9s
    s061 p80  formation         ok   ratio=1.1842   13.9s
    s061 p80  sequential        ok   ratio=1.0493   14.2s
    s061 p80  greedy            ok   ratio=1.1254   15.4s
    s061 p80  hexspline_cl      ok   ratio=1.1263   18.1s
    s061 p80  clgbt             ok   ratio=1.3548   12.9s
    s061 p70  formation         ok   ratio=1.2270   13.9s
    s061 p70  sequential        ok   ratio=1.0382   14.5s
    s061 p70  greedy            ok   ratio=1.1258   15.4s
    s061 p70  hexspline_cl      ok   ratio=1.1340   17.4s
    s061 p70  clgbt             ok   ratio=1.3548   13.0s
    s061 p60  formation         ok   ratio=1.3436   13.7s
    s061 p60  sequential        ok   ratio=1.0456   14.2s
    s061 p60  greedy            ok   ratio=1.1270   15.4s
    s061 p60  hexspline_cl      ok   ratio=1.1340   17.5s
    s061 p60  clgbt             ok   ratio=1.3548   12.9s
    s061 p50  formation         ok   ratio=1.3436   13.8s
    s061 p50  sequential        ok   ratio=1.0414   14.2s
    s061 p50  greedy            ok   ratio=1.1248   15.9s
    s061 p50  hexspline_cl      ok   ratio=1.0894   17.7s
    s061 p50  clgbt             ok   ratio=1.5008   12.6s
    s061 p40  formation         ok   ratio=1.3436   13.8s
    s061 p40  sequential        ok   ratio=1.1031   13.9s
    s061 p40  greedy            ok   ratio=1.1260   15.9s
    s061 p40  hexspline_cl      ok   ratio=1.1340   17.0s
    s061 p40  clgbt             ok   ratio=1.8695   14.3s
    s061 p30  formation         ok   ratio=1.3436   13.6s
    s061 p30  sequential        ok   ratio=1.3764   13.8s
    s061 p30  greedy            ok   ratio=1.1256   15.8s
    s061 p30  hexspline_cl      ok   ratio=1.3170   17.1s
    s061 p30  clgbt             ok   ratio=2.1787   16.9s
  s062: screen ok — straight_cont fails the 100% bound (recovery_failed)
  s062: D=750 L=2 O=3  L_ref=805.5 U_ref=5.214  (15.8s)  [36/50]
    s062 p100  sequential        ok   ratio=1.4358   14.1s
    s062 p100  formation         ok   ratio=1.3902   15.0s
    s062 p100  greedy            ok   ratio=1.4428   15.1s
    s062 p100  hexspline_cl      ok   ratio=1.2023   23.6s
    s062 p100  clgbt             ok   ratio=2.2699   15.0s
    s062 p90  formation         ok   ratio=1.4436   13.6s
    s062 p90  sequential        ok   ratio=1.4436   13.9s
    s062 p90  greedy            FAIL recovery_failed   15.1s
    s062 p90  hexspline_cl      ok   ratio=1.4421   22.8s
    s062 p90  clgbt             ok   ratio=1.6985   126.5s
    s062: greedy failed 1x in a row (through 90%) — dropped, 6 stricter level(s) recorded unrun
    s062 p80  formation         ok   ratio=1.4436   13.6s
    s062 p80  sequential        ok   ratio=1.4436   13.9s
    s062 p80  hexspline_cl      ok   ratio=1.4380   23.2s
    s062 p80  clgbt             ok   ratio=1.6985   129.4s
    s062 p70  sequential        ok   ratio=1.4436   14.0s
    s062 p70  formation         ok   ratio=1.4406   15.1s
    s062 p70  hexspline_cl      ok   ratio=1.4436   22.3s
    s062 p70  clgbt             ok   ratio=1.6985   127.2s
    s062 p60  sequential        ok   ratio=1.4436   14.0s
    s062 p60  formation         ok   ratio=1.4401   15.2s
    s062 p60  hexspline_cl      ok   ratio=1.4436   22.5s
    s062 p60  clgbt             FAIL no_solution   809.6s
    s062: clgbt failed 1x in a row (through 60%) — dropped, 3 stricter level(s) recorded unrun
    s062 p50  sequential        ok   ratio=1.4436   13.8s
    s062 p50  formation         ok   ratio=1.4465   16.0s
    s062 p50  hexspline_cl      ok   ratio=1.4436   21.9s
    s062 p40  sequential        ok   ratio=1.4436   14.4s
    s062 p40  formation         ok   ratio=1.4402   14.9s
    s062 p40  hexspline_cl      ok   ratio=1.4436   21.8s
    s062 p30  sequential        ok   ratio=1.4436   14.4s
    s062 p30  formation         ok   ratio=1.4409   15.2s
    s062 p30  hexspline_cl      ok   ratio=1.4436   21.7s
  s063: screen ok — straight_cont fails the 100% bound (recovery_failed)
  s063: D=750 L=3 O=3  L_ref=1017.2 U_ref=5.22  (15.5s)  [37/50]
    s063 p100  sequential        ok   ratio=1.1431   14.0s
    s063 p100  formation         ok   ratio=1.1301   14.6s
    s063 p100  greedy            ok   ratio=1.1310   15.7s
    s063 p100  hexspline_cl      ok   ratio=1.1431   19.2s
    s063 p100  clgbt             ok   ratio=1.7461   19.0s
    s063 p90  sequential        ok   ratio=1.1431   13.9s
    s063 p90  formation         ok   ratio=1.1293   14.7s
    s063 p90  greedy            ok   ratio=1.1310   15.7s
    s063 p90  hexspline_cl      ok   ratio=1.1431   19.1s
    s063 p90  clgbt             ok   ratio=1.7461   18.8s
    s063 p80  sequential        ok   ratio=1.1431   13.9s
    s063 p80  formation         ok   ratio=1.1307   14.6s
    s063 p80  greedy            ok   ratio=1.1315   15.7s
    s063 p80  hexspline_cl      ok   ratio=1.1431   19.1s
    s063 p80  clgbt             ok   ratio=1.7461   18.6s
    s063 p70  sequential        ok   ratio=1.1431   13.9s
    s063 p70  formation         ok   ratio=1.1421   15.4s
    s063 p70  greedy            ok   ratio=1.1378   17.3s
    s063 p70  hexspline_cl      ok   ratio=1.1431   19.3s
    s063 p70  clgbt             ok   ratio=1.7461   18.8s
    s063 p60  sequential        ok   ratio=1.1431   14.0s
    s063 p60  formation         ok   ratio=1.1402   16.3s
    s063 p60  greedy            ok   ratio=1.1383   17.5s
    s063 p60  hexspline_cl      ok   ratio=1.1431   19.2s
    s063 p60  clgbt             ok   ratio=1.7461   18.6s
    s063 p50  sequential        ok   ratio=1.1431   14.0s
    s063 p50  formation         ok   ratio=1.1406   16.5s
    s063 p50  greedy            ok   ratio=1.1410   17.5s
    s063 p50  hexspline_cl      ok   ratio=1.1431   19.3s
    s063 p50  clgbt             FAIL no_solution   716.7s
    s063: clgbt failed 1x in a row (through 50%) — dropped, 2 stricter level(s) recorded unrun
    s063 p40  sequential        FAIL recovery_failed   15.5s
    s063 p40  formation         FAIL recovery_failed   16.0s
    s063 p40  greedy            ok   ratio=1.1428   17.5s
    s063 p40  hexspline_cl      ok   ratio=1.1431   19.2s
    s063: formation failed 1x in a row (through 40%) — dropped, 1 stricter level(s) recorded unrun
    s063: sequential failed 1x in a row (through 40%) — dropped, 1 stricter level(s) recorded unrun
    s063 p30  greedy            ok   ratio=1.1410   17.2s
    s063 p30  hexspline_cl      FAIL recovery_failed   78.7s
  s064: screen ok — straight_cont fails the 100% bound (recovery_failed)
  s064: D=750 L=2 O=2  L_ref=804.9 U_ref=10.159  (15.3s)  [38/50]
    s064 p100  formation         ok   ratio=1.1102   14.2s
    s064 p100  sequential        ok   ratio=1.1151   14.4s
    s064 p100  greedy            ok   ratio=1.2038   14.8s
    s064 p100  hexspline_cl      ok   ratio=1.1283   18.3s
    s064 p100  clgbt             ok   ratio=1.3155   14.4s
    s064 p90  formation         ok   ratio=1.1104   14.3s
    s064 p90  sequential        ok   ratio=1.1150   14.4s
    s064 p90  greedy            FAIL recovery_failed   15.0s
    s064 p90  hexspline_cl      ok   ratio=1.1284   18.2s
    s064 p90  clgbt             ok   ratio=1.3244   13.5s
    s064: greedy failed 1x in a row (through 90%) — dropped, 6 stricter level(s) recorded unrun
    s064 p80  formation         ok   ratio=1.1104   14.4s
    s064 p80  sequential        ok   ratio=1.1146   14.4s
    s064 p80  hexspline_cl      ok   ratio=1.1287   18.4s
    s064 p80  clgbt             ok   ratio=2.1438   26.6s
    s064 p70  sequential        ok   ratio=1.7089   14.0s
    s064 p70  formation         ok   ratio=1.8147   15.2s
    s064 p70  hexspline_cl      ok   ratio=1.1332   18.4s
    s064 p70  clgbt             ok   ratio=2.1438   27.6s
    s064 p60  sequential        ok   ratio=1.7089   14.0s
    s064 p60  formation         ok   ratio=1.8152   15.1s
    s064 p60  hexspline_cl      ok   ratio=1.3737   20.1s
    s064 p60  clgbt             ok   ratio=2.1438   26.6s
    s064 p50  formation         FAIL recovery_failed   14.3s
    s064 p50  sequential        FAIL recovery_failed   15.4s
    s064 p50  hexspline_cl      ok   ratio=1.3756   20.4s
    s064 p50  clgbt             ok   ratio=2.5738   599.3s
    s064: formation failed 1x in a row (through 50%) — dropped, 2 stricter level(s) recorded unrun
    s064: sequential failed 1x in a row (through 50%) — dropped, 2 stricter level(s) recorded unrun
    s064 p40  hexspline_cl      ok   ratio=1.4077   19.7s
    s064 p40  clgbt             FAIL no_solution   760.2s
    s064: clgbt failed 1x in a row (through 40%) — dropped, 1 stricter level(s) recorded unrun
    s064 p30  hexspline_cl      ok   ratio=1.4149   19.0s
  s065: TRIVIAL — straight_cont already meets the 100% bound (unc 7.974 <= 7.975, len 750.0) — rejected, does NOT count toward n_scenarios  (15.8s)
  s066: screen ok — straight_cont fails the 100% bound (recovery_failed)
  s066: D=600 L=3 O=1  L_ref=619.7 U_ref=5.345  (15.2s)  [39/50]
    s066 p100  formation         ok   ratio=1.3793   13.7s
    s066 p100  sequential        ok   ratio=1.3793   13.8s
    s066 p100  greedy            ok   ratio=1.3790   15.0s
    s066 p100  hexspline_cl      ok   ratio=1.3094   17.9s
    s066 p100  clgbt             ok   ratio=1.6751   12.9s
    s066 p90  formation         ok   ratio=1.3793   13.6s
    s066 p90  sequential        ok   ratio=1.3793   13.9s
    s066 p90  greedy            FAIL recovery_failed   15.0s
    s066 p90  hexspline_cl      ok   ratio=1.3094   17.9s
    s066 p90  clgbt             FAIL recovery_failed   16.8s
    s066: greedy failed 1x in a row (through 90%) — dropped, 6 stricter level(s) recorded unrun
    s066: clgbt failed 1x in a row (through 90%) — dropped, 6 stricter level(s) recorded unrun
    s066 p80  formation         ok   ratio=1.3793   13.5s
    s066 p80  sequential        ok   ratio=1.3793   13.7s
    s066 p80  hexspline_cl      ok   ratio=1.3793   17.0s
    s066 p70  formation         ok   ratio=1.3707   14.0s
    s066 p70  sequential        ok   ratio=1.3707   14.2s
    s066 p70  hexspline_cl      ok   ratio=1.3793   17.0s
    s066 p60  formation         ok   ratio=1.3793   13.6s
    s066 p60  sequential        ok   ratio=1.3793   13.8s
    s066 p60  hexspline_cl      ok   ratio=1.3793   17.1s
    s066 p50  formation         ok   ratio=1.3793   13.5s
    s066 p50  sequential        ok   ratio=1.3793   13.7s
    s066 p50  hexspline_cl      ok   ratio=1.3793   17.1s
    s066 p40  formation         ok   ratio=1.3793   13.5s
    s066 p40  sequential        ok   ratio=3.0570   14.3s
    s066 p40  hexspline_cl      ok   ratio=1.3793   17.0s
    s066 p30  formation         FAIL recovery_failed   14.0s
    s066 p30  sequential        FAIL recovery_failed   14.9s
    s066 p30  hexspline_cl      FAIL recovery_failed   83.0s
    s066: every method failed at 1 consecutive levels (down to 30%) — constraint is impossible, moving on
  s067: screen ok — straight_cont fails the 100% bound (recovery_failed)
  s067: D=750 L=2 O=3  L_ref=881.7 U_ref=9.197  (15.6s)  [40/50]
    s067 p100  formation         ok   ratio=1.1432   14.4s
    s067 p100  sequential        ok   ratio=1.1956   14.4s
    s067 p100  greedy            ok   ratio=1.2794   15.2s
    s067 p100  hexspline_cl      ok   ratio=1.0989   20.2s
    s067 p100  clgbt             ok   ratio=1.3298   13.1s
    s067 p90  sequential        ok   ratio=1.2798   14.1s
    s067 p90  formation         ok   ratio=1.1306   14.6s
    s067 p90  greedy            FAIL recovery_failed   15.1s
    s067 p90  hexspline_cl      ok   ratio=1.0987   20.3s
    s067 p90  clgbt             ok   ratio=1.1605   13.6s
    s067: greedy failed 1x in a row (through 90%) — dropped, 6 stricter level(s) recorded unrun
    s067 p80  sequential        ok   ratio=1.2798   14.3s
    s067 p80  clgbt             ok   ratio=1.5781   14.9s
    s067 p80  formation         ok   ratio=1.2645   15.1s
    s067 p80  hexspline_cl      ok   ratio=1.0986   20.0s
    s067 p70  sequential        ok   ratio=1.2798   14.2s
    s067 p70  formation         ok   ratio=1.2835   14.6s
    s067 p70  hexspline_cl      ok   ratio=1.0997   20.3s
    s067 p70  clgbt             ok   ratio=1.2605   87.2s
    s067 p60  sequential        ok   ratio=1.2798   14.1s
    s067 p60  formation         ok   ratio=1.2831   15.3s
    s067 p60  hexspline_cl      ok   ratio=1.2798   20.1s
    s067 p60  clgbt             ok   ratio=1.2599   84.0s
    s067 p50  formation         ok   ratio=1.3031   14.7s
    s067 p50  sequential        FAIL recovery_failed   14.9s
    s067 p50  hexspline_cl      FAIL recovery_failed   81.7s
    s067 p50  clgbt             FAIL no_solution   729.2s
    s067: hexspline_cl failed 1x in a row (through 50%) — dropped, 2 stricter level(s) recorded unrun
    s067: sequential failed 1x in a row (through 50%) — dropped, 2 stricter level(s) recorded unrun
    s067: clgbt failed 1x in a row (through 50%) — dropped, 2 stricter level(s) recorded unrun
    s067 p40  formation         FAIL recovery_failed   14.7s
    s067: formation failed 1x in a row (through 40%) — dropped, 1 stricter level(s) recorded unrun
    s067: every method failed at 1 consecutive levels (down to 40%) — constraint is impossible, moving on
  s068: screen ok — straight_cont fails the 100% bound (recovery_failed)
  s068: D=600 L=4 O=2  L_ref=681.7 U_ref=4.927  (15.3s)  [41/50]
    s068 p100  formation         ok   ratio=1.2539   13.7s
    s068 p100  sequential        ok   ratio=1.1713   14.2s
    s068 p100  greedy            ok   ratio=1.1993   15.1s
    s068 p100  hexspline_cl      ok   ratio=1.0996   17.7s
    s068 p100  clgbt             ok   ratio=1.3865   13.7s
    s068 p90  formation         ok   ratio=1.2539   13.6s
    s068 p90  sequential        ok   ratio=1.2240   13.9s
    s068 p90  greedy            FAIL recovery_failed   15.0s
    s068 p90  hexspline_cl      ok   ratio=1.1067   17.7s
    s068 p90  clgbt             ok   ratio=1.5062   13.0s
    s068: greedy failed 1x in a row (through 90%) — dropped, 6 stricter level(s) recorded unrun
    s068 p80  formation         ok   ratio=1.2539   13.8s
    s068 p80  sequential        ok   ratio=1.2240   13.8s
    s068 p80  clgbt             ok   ratio=2.0110   15.9s
    s068 p80  hexspline_cl      ok   ratio=1.1998   17.6s
    s068 p70  formation         ok   ratio=1.2447   13.9s
    s068 p70  sequential        ok   ratio=1.2240   14.0s
    s068 p70  clgbt             ok   ratio=1.9800   16.5s
    s068 p70  hexspline_cl      ok   ratio=1.1998   17.4s
    s068 p60  formation         ok   ratio=1.2539   13.7s
    s068 p60  sequential        ok   ratio=1.2240   13.9s
    s068 p60  clgbt             FAIL recovery_failed   14.1s
    s068 p60  hexspline_cl      ok   ratio=1.1998   17.4s
    s068: clgbt failed 1x in a row (through 60%) — dropped, 3 stricter level(s) recorded unrun
    s068 p50  sequential        ok   ratio=1.2240   13.6s
    s068 p50  formation         ok   ratio=1.2482   13.7s
    s068 p50  hexspline_cl      ok   ratio=1.1998   17.3s
    s068 p40  formation         ok   ratio=1.2539   13.5s
    s068 p40  sequential        ok   ratio=1.5856   13.8s
    s068 p40  hexspline_cl      ok   ratio=1.1998   17.3s
    s068 p30  formation         ok   ratio=1.2539   13.5s
    s068 p30  sequential        ok   ratio=1.5856   13.8s
    s068 p30  hexspline_cl      ok   ratio=1.1998   17.1s
  s069: screen ok — straight_cont fails the 100% bound (recovery_failed)
  s069: D=750 L=3 O=3  L_ref=862.0 U_ref=5.093  (15.6s)  [42/50]
    s069 p100  formation         ok   ratio=1.1656   13.6s
    s069 p100  sequential        ok   ratio=1.1475   14.1s
    s069 p100  greedy            ok   ratio=1.1653   15.1s
    s069 p100  hexspline_cl      ok   ratio=1.0773   18.4s
    s069 p100  clgbt             ok   ratio=1.5604   13.5s
    s069 p90  formation         ok   ratio=1.1656   13.6s
    s069 p90  sequential        ok   ratio=1.1217   14.5s
    s069 p90  greedy            FAIL recovery_failed   15.1s
    s069 p90  hexspline_cl      ok   ratio=1.1246   17.6s
    s069 p90  clgbt             ok   ratio=1.5605   13.4s
    s069: greedy failed 1x in a row (through 90%) — dropped, 6 stricter level(s) recorded unrun
    s069 p80  formation         ok   ratio=1.1656   13.6s
    s069 p80  clgbt             ok   ratio=1.5603   13.8s
    s069 p80  sequential        ok   ratio=1.1656   13.9s
    s069 p80  hexspline_cl      ok   ratio=1.1246   17.3s
    s069 p70  clgbt             ok   ratio=1.5601   13.8s
    s069 p70  sequential        ok   ratio=1.1656   13.9s
    s069 p70  formation         FAIL recovery_failed   14.2s
    s069 p70  hexspline_cl      ok   ratio=1.1246   17.1s
    s069: formation failed 1x in a row (through 70%) — dropped, 4 stricter level(s) recorded unrun
    s069 p60  clgbt             ok   ratio=1.5598   13.7s
    s069 p60  sequential        FAIL recovery_failed   14.5s
    s069 p60  hexspline_cl      ok   ratio=1.6210   21.4s
    s069: sequential failed 1x in a row (through 60%) — dropped, 3 stricter level(s) recorded unrun
    s069 p50  clgbt             ok   ratio=1.5471   14.1s
    s069 p50  hexspline_cl      ok   ratio=1.6210   21.3s
    s069 p40  hexspline_cl      ok   ratio=1.6210   21.8s
    s069 p40  clgbt             ok   ratio=1.4007   290.9s
    s069 p30  hexspline_cl      ok   ratio=1.6210   21.8s
    s069 p30  clgbt             FAIL no_solution   659.0s
  s070: screen ok — straight_cont fails the 100% bound (recovery_failed)
  s070: D=750 L=2 O=3  L_ref=954.8 U_ref=9.787  (15.6s)  [43/50]
    s070 p100  sequential        ok   ratio=1.1174   14.2s
    s070 p100  formation         ok   ratio=1.0296   14.5s
    s070 p100  greedy            ok   ratio=1.2175   15.1s
    s070 p100  hexspline_cl      ok   ratio=1.0844   20.1s
    s070 p100  clgbt             ok   ratio=1.2444   15.9s
    s070 p90  sequential        ok   ratio=1.2179   13.9s
    s070 p90  greedy            FAIL recovery_failed   15.1s
    s070 p90  formation         ok   ratio=1.1480   16.2s
    s070 p90  hexspline_cl      ok   ratio=1.1556   19.1s
    s070 p90  clgbt             ok   ratio=1.3385   14.8s
    s070: greedy failed 1x in a row (through 90%) — dropped, 6 stricter level(s) recorded unrun
    s070 p80  sequential        ok   ratio=1.2179   14.0s
    s070 p80  formation         ok   ratio=1.1582   15.2s
    s070 p80  hexspline_cl      ok   ratio=1.2179   19.5s
    s070 p80  clgbt             FAIL no_solution   742.1s
    s070: clgbt failed 1x in a row (through 80%) — dropped, 5 stricter level(s) recorded unrun
    s070 p70  sequential        ok   ratio=1.2179   13.8s
    s070 p70  formation         ok   ratio=1.1442   15.6s
    s070 p70  hexspline_cl      ok   ratio=1.2179   19.0s
    s070 p60  sequential        ok   ratio=1.2179   13.8s
    s070 p60  formation         FAIL recovery_failed   14.4s
    s070 p60  hexspline_cl      ok   ratio=1.2179   18.9s
    s070: formation failed 1x in a row (through 60%) — dropped, 3 stricter level(s) recorded unrun
    s070 p50  sequential        ok   ratio=1.2179   13.7s
    s070 p50  hexspline_cl      ok   ratio=1.2179   19.0s
    s070 p40  sequential        ok   ratio=1.2179   13.8s
    s070 p40  hexspline_cl      ok   ratio=1.2179   18.8s
    s070 p30  sequential        FAIL recovery_failed   14.6s
    s070 p30  hexspline_cl      FAIL recovery_failed   74.0s
    s070: every method failed at 1 consecutive levels (down to 30%) — constraint is impossible, moving on
  s071: TRIVIAL — straight_cont already meets the 100% bound (unc 8.768 <= 10.733, len 768.7) — rejected, does NOT count toward n_scenarios  (18.0s)
  s072: TRIVIAL — straight_cont already meets the 100% bound (unc 10.991 <= 11.357, len 968.4) — rejected, does NOT count toward n_scenarios  (16.7s)
  s073: screen ok — straight_cont fails the 100% bound (recovery_failed)
  s073: D=600 L=4 O=2  L_ref=658.2 U_ref=5.164  (15.2s)  [44/50]
    s073 p100  formation         ok   ratio=1.2360   14.1s
    s073 p100  sequential        ok   ratio=1.2360   14.3s
    s073 p100  greedy            ok   ratio=1.2283   15.3s
    s073 p100  hexspline_cl      ok   ratio=1.2043   17.8s
    s073 p100  clgbt             ok   ratio=2.2424   16.7s
    s073 p90  formation         ok   ratio=1.2357   14.0s
    s073 p90  sequential        ok   ratio=1.2357   14.3s
    s073 p90  greedy            ok   ratio=1.2620   16.1s
    s073 p90  hexspline_cl      ok   ratio=1.2132   17.6s
    s073 p90  clgbt             ok   ratio=2.3024   16.6s
    s073 p80  formation         ok   ratio=1.2987   13.6s
    s073 p80  sequential        ok   ratio=1.2987   13.9s
    s073 p80  greedy            ok   ratio=1.2668   16.4s
    s073 p80  hexspline_cl      ok   ratio=1.2677   17.6s
    s073 p80  clgbt             ok   ratio=2.3035   16.6s
    s073 p70  formation         ok   ratio=1.2987   13.6s
    s073 p70  sequential        ok   ratio=1.2987   13.9s
    s073 p70  greedy            ok   ratio=1.2611   16.4s
    s073 p70  hexspline_cl      ok   ratio=1.2677   17.5s
    s073 p70  clgbt             ok   ratio=2.3009   16.7s
    s073 p60  formation         ok   ratio=1.2987   13.6s
    s073 p60  sequential        ok   ratio=1.2987   14.0s
    s073 p60  greedy            ok   ratio=1.2765   15.2s
    s073 p60  hexspline_cl      ok   ratio=1.2677   17.5s
    s073 p60  clgbt             ok   ratio=2.1881   17.0s
    s073 p50  formation         ok   ratio=1.2987   13.6s
    s073 p50  sequential        ok   ratio=1.2987   13.9s
    s073 p50  greedy            FAIL recovery_failed   15.3s
    s073 p50  hexspline_cl      ok   ratio=1.2677   17.5s
    s073 p50  clgbt             ok   ratio=2.0966   17.1s
    s073: greedy failed 1x in a row (through 50%) — dropped, 2 stricter level(s) recorded unrun
    s073 p40  formation         ok   ratio=1.2987   13.6s
    s073 p40  sequential        ok   ratio=3.2916   14.4s
    s073 p40  hexspline_cl      ok   ratio=1.2677   17.3s
    s073 p40  clgbt             FAIL no_solution   426.6s
    s073: clgbt failed 1x in a row (through 40%) — dropped, 1 stricter level(s) recorded unrun
    s073 p30  formation         ok   ratio=1.2987   13.5s
    s073 p30  sequential        ok   ratio=3.2917   14.2s
    s073 p30  hexspline_cl      ok   ratio=1.2677   17.0s
  s074: TRIVIAL — straight_cont already meets the 100% bound (unc 8.72 <= 8.79, len 900.0) — rejected, does NOT count toward n_scenarios  (17.6s)
  s075: screen ok — straight_cont fails the 100% bound (recovery_failed)
  s075: D=600 L=4 O=3  L_ref=654.4 U_ref=5.696  (15.5s)  [45/50]
    s075 p100  sequential        ok   ratio=1.5461   13.9s
    s075 p100  formation         ok   ratio=1.2908   14.3s
    s075 p100  greedy            ok   ratio=1.5239   16.6s
    s075 p100  hexspline_cl      ok   ratio=1.0835   17.8s
    s075 p100  clgbt             ok   ratio=1.5815   13.9s
    s075 p90  sequential        ok   ratio=1.5461   13.9s
    s075 p90  formation         ok   ratio=1.2908   14.3s
    s075 p90  greedy            FAIL recovery_failed   16.9s
    s075 p90  hexspline_cl      ok   ratio=1.0958   17.8s
    s075 p90  clgbt             ok   ratio=2.1760   14.3s
    s075: greedy failed 1x in a row (through 90%) — dropped, 6 stricter level(s) recorded unrun
    s075 p80  clgbt             FAIL recovery_failed   13.6s
    s075 p80  sequential        ok   ratio=1.5461   14.0s
    s075 p80  formation         ok   ratio=1.2908   14.3s
    s075 p80  hexspline_cl      ok   ratio=1.0975   17.6s
    s075: clgbt failed 1x in a row (through 80%) — dropped, 5 stricter level(s) recorded unrun
    s075 p70  sequential        ok   ratio=3.3126   14.1s
    s075 p70  formation         ok   ratio=1.2908   14.2s
    s075 p70  hexspline_cl      ok   ratio=1.2750   16.9s
    s075 p60  sequential        ok   ratio=3.3126   14.0s
    s075 p60  formation         ok   ratio=1.2991   15.1s
    s075 p60  hexspline_cl      ok   ratio=1.7118   17.6s
    s075 p50  sequential        ok   ratio=3.3126   13.9s
    s075 p50  formation         FAIL recovery_failed   15.2s
    s075 p50  hexspline_cl      ok   ratio=1.7118   17.6s
    s075: formation failed 1x in a row (through 50%) — dropped, 2 stricter level(s) recorded unrun
    s075 p40  sequential        ok   ratio=3.3126   13.8s
    s075 p40  hexspline_cl      ok   ratio=1.7118   17.5s
    s075 p30  sequential        ok   ratio=3.3126   13.8s
    s075 p30  hexspline_cl      ok   ratio=1.7118   17.5s
  s076: TRIVIAL — straight_cont already meets the 100% bound (unc 8.066 <= 9.432, len 612.5) — rejected, does NOT count toward n_scenarios  (16.5s)
  s077: TRIVIAL — straight_cont already meets the 100% bound (unc 7.133 <= 7.133, len 600.0) — rejected, does NOT count toward n_scenarios  (16.0s)
  s078: TRIVIAL — straight_cont already meets the 100% bound (unc 8.748 <= 11.401, len 900.0) — rejected, does NOT count toward n_scenarios  (15.7s)
  s079: screen ok — straight_cont fails the 100% bound (recovery_failed)
  s079: D=900 L=4 O=3  L_ref=938.1 U_ref=8.315  (15.6s)  [46/50]
    s079 p100  sequential        ok   ratio=1.1955   14.2s
    s079 p100  formation         ok   ratio=1.1622   14.8s
    s079 p100  greedy            ok   ratio=1.1623   16.0s
    s079 p100  hexspline_cl      ok   ratio=1.1275   20.9s
    s079 p100  clgbt             ok   ratio=1.1525   14.5s
    s079 p90  sequential        ok   ratio=1.2309   14.1s
    s079 p90  formation         ok   ratio=1.1622   14.8s
    s079 p90  greedy            ok   ratio=1.1623   16.1s
    s079 p90  hexspline_cl      ok   ratio=1.1286   20.0s
    s079 p90  clgbt             ok   ratio=1.4143   14.0s
    s079 p80  formation         ok   ratio=1.1734   14.1s
    s079 p80  sequential        ok   ratio=1.2309   14.1s
    s079 p80  greedy            ok   ratio=1.1625   15.8s
    s079 p80  hexspline_cl      ok   ratio=1.1492   19.7s
    s079 p80  clgbt             ok   ratio=1.2458   14.4s
    s079 p70  sequential        ok   ratio=1.2309   14.0s
    s079 p70  formation         ok   ratio=1.1672   14.4s
    s079 p70  greedy            ok   ratio=1.1622   16.0s
    s079 p70  hexspline_cl      ok   ratio=1.1293   19.8s
    s079 p70  clgbt             ok   ratio=1.3344   23.5s
    s079 p60  sequential        ok   ratio=1.2219   14.1s
    s079 p60  formation         FAIL recovery_failed   14.4s
    s079 p60  greedy            FAIL recovery_failed   15.1s
    s079 p60  hexspline_cl      ok   ratio=1.1276   21.0s
    s079 p60  clgbt             FAIL no_solution   997.4s
    s079: greedy failed 1x in a row (through 60%) — dropped, 3 stricter level(s) recorded unrun
    s079: formation failed 1x in a row (through 60%) — dropped, 3 stricter level(s) recorded unrun
    s079: clgbt failed 1x in a row (through 60%) — dropped, 3 stricter level(s) recorded unrun
    s079 p50  sequential        FAIL recovery_failed   14.8s
    s079 p50  hexspline_cl      FAIL recovery_failed   92.5s
    s079: hexspline_cl failed 1x in a row (through 50%) — dropped, 2 stricter level(s) recorded unrun
    s079: sequential failed 1x in a row (through 50%) — dropped, 2 stricter level(s) recorded unrun
    s079: every method failed at 1 consecutive levels (down to 50%) — constraint is impossible, moving on
  s080: screen ok — straight_cont fails the 100% bound (recovery_failed)
  s080: D=900 L=4 O=1  L_ref=900.1 U_ref=9.11  (16.0s)  [47/50]
    s080 p100  greedy            FAIL no_solution   13.2s
    s080 p100  sequential        ok   ratio=1.3290   14.6s
    s080 p100  formation         ok   ratio=1.1504   15.0s
    s080 p100  clgbt             ok   ratio=1.2732   13.3s
    s080 p100  hexspline_cl      ok   ratio=1.2180   53.5s
    s080: greedy failed 1x in a row (through 100%) — dropped, 7 stricter level(s) recorded unrun
    s080 p90  clgbt             ok   ratio=1.2714   13.4s
    s080 p90  formation         ok   ratio=1.1581   14.8s
    s080 p90  sequential        ok   ratio=1.1477   15.5s
    s080 p90  hexspline_cl      ok   ratio=1.2164   52.4s
    s080 p80  sequential        ok   ratio=1.3098   14.7s
    s080 p80  clgbt             ok   ratio=1.8089   14.8s
    s080 p80  formation         ok   ratio=1.3390   16.0s
    s080 p80  hexspline_cl      ok   ratio=1.2152   52.9s
    s080 p70  clgbt             ok   ratio=1.8105   14.8s
    s080 p70  sequential        ok   ratio=1.2880   14.9s
    s080 p70  formation         ok   ratio=1.3985   16.9s
    s080 p70  hexspline_cl      ok   ratio=1.2123   53.6s
    s080 p60  formation         ok   ratio=1.3857   14.9s
    s080 p60  sequential        FAIL recovery_failed   15.2s
    s080 p60  clgbt             ok   ratio=1.8809   54.5s
    s080 p60  hexspline_cl      ok   ratio=1.3321   101.1s
    s080: sequential failed 1x in a row (through 60%) — dropped, 3 stricter level(s) recorded unrun
    s080 p50  formation         ok   ratio=1.3899   15.3s
    s080 p50  hexspline_cl      ok   ratio=1.3247   106.3s
    s080 p50  clgbt             FAIL no_solution   1183.1s
    s080: clgbt failed 1x in a row (through 50%) — dropped, 2 stricter level(s) recorded unrun
    s080 p40  formation         ok   ratio=1.3932   16.3s
    s080 p40  hexspline_cl      ok   ratio=1.3276   94.8s
    s080 p30  formation         FAIL recovery_failed   16.8s
    s080 p30  hexspline_cl      FAIL recovery_failed   97.6s
    s080: every method failed at 1 consecutive levels (down to 30%) — constraint is impossible, moving on
  s081: screen ok — straight_cont fails the 100% bound (recovery_failed)
  s081: D=750 L=3 O=1  L_ref=803.5 U_ref=5.266  (15.3s)  [48/50]
    s081 p100  formation         ok   ratio=1.2270   14.4s
    s081 p100  sequential        ok   ratio=1.1597   15.0s
    s081 p100  greedy            ok   ratio=1.1549   16.1s
    s081 p100  hexspline_cl      ok   ratio=1.1542   18.9s
    s081 p100  clgbt             ok   ratio=1.3391   13.1s
    s081 p90  formation         ok   ratio=1.2298   14.4s
    s081 p90  sequential        ok   ratio=1.2043   14.5s
    s081 p90  greedy            ok   ratio=1.2036   15.6s
    s081 p90  hexspline_cl      ok   ratio=1.1586   18.9s
    s081 p90  clgbt             ok   ratio=2.4990   14.3s
    s081 p80  sequential        ok   ratio=1.2505   14.0s
    s081 p80  formation         ok   ratio=1.1934   14.4s
    s081 p80  greedy            ok   ratio=1.2505   14.6s
    s081 p80  hexspline_cl      ok   ratio=1.1757   19.0s
    s081 p80  clgbt             ok   ratio=2.4055   16.1s
    s081 p70  formation         ok   ratio=1.6838   13.8s
    s081 p70  sequential        ok   ratio=1.2505   14.4s
    s081 p70  greedy            ok   ratio=1.2505   14.6s
    s081 p70  hexspline_cl      ok   ratio=1.2022   17.9s
    s081 p70  clgbt             FAIL recovery_failed   37.6s
    s081: clgbt failed 1x in a row (through 70%) — dropped, 4 stricter level(s) recorded unrun
    s081 p60  formation         ok   ratio=1.6838   13.7s
    s081 p60  sequential        FAIL recovery_failed   14.8s
    s081 p60  greedy            FAIL recovery_failed   15.0s
    s081 p60  hexspline_cl      ok   ratio=1.4175   19.9s
    s081: greedy failed 1x in a row (through 60%) — dropped, 3 stricter level(s) recorded unrun
    s081: sequential failed 1x in a row (through 60%) — dropped, 3 stricter level(s) recorded unrun
    s081 p50  formation         ok   ratio=1.6837   13.6s
    s081 p50  hexspline_cl      ok   ratio=1.4175   19.6s
    s081 p40  formation         ok   ratio=1.6838   13.5s
    s081 p40  hexspline_cl      ok   ratio=1.4175   19.7s
    s081 p30  formation         FAIL recovery_failed   14.0s
    s081 p30  hexspline_cl      FAIL recovery_failed   77.2s
    s081: every method failed at 1 consecutive levels (down to 30%) — constraint is impossible, moving on
  s082: screen ok — straight_cont fails the 100% bound (recovery_failed)
  s082: D=750 L=4 O=3  L_ref=784.1 U_ref=5.118  (15.6s)  [49/50]
    s082 p100  formation         ok   ratio=1.4231   13.7s
    s082 p100  sequential        ok   ratio=1.2813   13.9s
    s082 p100  greedy            ok   ratio=1.2813   14.7s
    s082 p100  hexspline_cl      ok   ratio=1.2813   17.6s
    s082 p100  clgbt             ok   ratio=1.4644   12.9s
    s082 p90  formation         ok   ratio=1.4231   13.7s
    s082 p90  sequential        ok   ratio=1.2813   13.9s
    s082 p90  greedy            ok   ratio=1.2813   14.6s
    s082 p90  hexspline_cl      ok   ratio=1.2813   17.6s
    s082 p90  clgbt             ok   ratio=1.4644   12.9s
    s082 p80  formation         ok   ratio=1.4231   13.8s
    s082 p80  sequential        ok   ratio=1.2813   13.9s
    s082 p80  greedy            ok   ratio=1.2813   14.7s
    s082 p80  hexspline_cl      ok   ratio=1.2813   17.6s
    s082 p80  clgbt             ok   ratio=1.5065   13.0s
    s082 p70  sequential        ok   ratio=1.2813   13.9s
    s082 p70  formation         ok   ratio=1.7253   14.0s
    s082 p70  greedy            FAIL recovery_failed   15.1s
    s082 p70  hexspline_cl      ok   ratio=1.2813   17.7s
    s082 p70  clgbt             FAIL recovery_failed   43.6s
    s082: greedy failed 1x in a row (through 70%) — dropped, 4 stricter level(s) recorded unrun
    s082: clgbt failed 1x in a row (through 70%) — dropped, 4 stricter level(s) recorded unrun
    s082 p60  formation         ok   ratio=1.7253   13.8s
    s082 p60  sequential        ok   ratio=1.3621   13.9s
    s082 p60  hexspline_cl      ok   ratio=1.4328   18.5s
    s082 p50  formation         ok   ratio=1.7253   13.7s
    s082 p50  sequential        ok   ratio=1.3627   13.9s
    s082 p50  hexspline_cl      ok   ratio=1.4328   18.4s
    s082 p40  formation         ok   ratio=1.7253   13.7s
    s082 p40  sequential        ok   ratio=1.4829   13.9s
    s082 p40  hexspline_cl      ok   ratio=1.4328   18.4s
    s082 p30  formation         ok   ratio=1.7253   13.6s
    s082 p30  sequential        ok   ratio=1.4829   13.9s
    s082 p30  hexspline_cl      ok   ratio=1.4328   18.6s
  s083: TRIVIAL — straight_cont already meets the 100% bound (unc 10.124 <= 10.272, len 955.7) — rejected, does NOT count toward n_scenarios  (16.7s)
  s084: screen ok — straight_cont fails the 100% bound (recovery_failed)
  s084: D=600 L=4 O=1  L_ref=610.3 U_ref=6.672  (15.2s)  [50/50]
    s084 p100  formation         ok   ratio=1.1286   13.9s
    s084 p100  sequential        ok   ratio=1.1020   14.4s
    s084 p100  greedy            ok   ratio=1.1515   14.8s
    s084 p100  hexspline_cl      ok   ratio=1.1308   17.6s
    s084 p100  clgbt             ok   ratio=1.6935   14.1s
    s084 p90  formation         ok   ratio=1.2396   13.9s
    s084 p90  sequential        ok   ratio=1.1062   14.4s
    s084 p90  greedy            FAIL recovery_failed   15.0s
    s084 p90  hexspline_cl      ok   ratio=1.1311   17.6s
    s084 p90  clgbt             ok   ratio=1.6954   13.8s
    s084: greedy failed 1x in a row (through 90%) — dropped, 6 stricter level(s) recorded unrun
    s084 p80  formation         ok   ratio=1.2400   14.0s
    s084 p80  sequential        ok   ratio=1.1123   14.3s
    s084 p80  clgbt             ok   ratio=1.6954   14.3s
    s084 p80  hexspline_cl      ok   ratio=1.0669   17.3s
    s084 p70  formation         ok   ratio=1.4005   13.7s
    s084 p70  sequential        ok   ratio=1.1182   14.3s
    s084 p70  clgbt             ok   ratio=1.6909   14.9s
    s084 p70  hexspline_cl      ok   ratio=1.0676   17.4s
    s084 p60  clgbt             ok   ratio=1.7359   13.5s
    s084 p60  formation         ok   ratio=1.4005   13.5s
    s084 p60  sequential        ok   ratio=1.1234   13.9s
    s084 p60  hexspline_cl      ok   ratio=1.0664   17.3s
    s084 p50  clgbt             ok   ratio=1.7359   13.5s
    s084 p50  formation         ok   ratio=1.4005   13.6s
    s084 p50  sequential        FAIL recovery_failed   14.8s
    s084 p50  hexspline_cl      ok   ratio=1.4005   17.1s
    s084: sequential failed 1x in a row (through 50%) — dropped, 2 stricter level(s) recorded unrun
    s084 p40  formation         ok   ratio=1.4005   13.4s
    s084 p40  clgbt             FAIL recovery_failed   14.7s
    s084 p40  hexspline_cl      ok   ratio=1.4005   17.1s
    s084: clgbt failed 1x in a row (through 40%) — dropped, 1 stricter level(s) recorded unrun
    s084 p30  formation         ok   ratio=1.4005   13.3s
    s084 p30  hexspline_cl      ok   ratio=1.4005   16.8s
  → /home/tonyzhang/projects/landmark_planning/constraint_sweep/baseline_2026-08-17/fig_length_ratio.png
── done: /home/tonyzhang/projects/landmark_planning/constraint_sweep/baseline_2026-08-17 ──
