scenario_id,pct,threshold,method,algorithm,num_agents,success,fail_reason,primary_length,primary_unc,length_ratio,wall_s,wall_ratio,astar_iterations,continuous_primary_length,continuous_uncertainties,discrete_uncertainties,primary_disc_unc,refinement_min_slack,refinement_status
s001,100,7.9062,straight_cont,straight_cont,2,false,recovery_failed,713.9866675943671,8.475748404482198,,19.9,1.1085,0,713.987,"[8.275, 8.4757]","[7.7303, 7.7303]",7.730260802906696,-43.507224655308534,recovery_failed
s001,95,7.5109,straight_cont,straight_cont,2,false,not_run_after_fail,,,,0.0,,,,,,,,
s001,90,7.1156,straight_cont,straight_cont,2,false,not_run_after_fail,,,,0.0,,,,,,,,
s001,85,6.7202,straight_cont,straight_cont,2,false,not_run_after_fail,,,,0.0,,,,,,,,
s001,80,6.3249,straight_cont,straight_cont,2,false,not_run_after_fail,,,,0.0,,,,,,,,
s001,75,5.9296,straight_cont,straight_cont,2,false,not_run_after_fail,,,,0.0,,,,,,,,
s001,70,5.5343,straight_cont,straight_cont,2,false,not_run_after_fail,,,,0.0,,,,,,,,
s001,65,5.1390,straight_cont,straight_cont,2,false,not_run_after_fail,,,,0.0,,,,,,,,
s001,60,4.7437,straight_cont,straight_cont,2,false,not_run_after_fail,,,,0.0,,,,,,,,
s001,55,4.3484,straight_cont,straight_cont,2,false,not_run_after_fail,,,,0.0,,,,,,,,
s001,50,3.9531,straight_cont,straight_cont,2,false,not_run_after_fail,,,,0.0,,,,,,,,
s001,45,3.5578,straight_cont,straight_cont,2,false,not_run_after_fail,,,,0.0,,,,,,,,
s001,40,3.1625,straight_cont,straight_cont,2,false,not_run_after_fail,,,,0.0,,,,,,,,
s001,35,2.7672,straight_cont,straight_cont,2,false,not_run_after_fail,,,,0.0,,,,,,,,
s001,30,2.3719,straight_cont,straight_cont,2,false,not_run_after_fail,,,,0.0,,,,,,,,
s002,100,8.7866,straight_cont,straight_cont,2,true,,606.1117812920709,7.552108493534326,0.9506,17.3,1.0904,0,606.112,"[7.527, 7.5521]","[7.1366, 7.1366]",7.136563899010459,0.016042093900709098,optimized
s002,95,8.3472,straight_cont,straight_cont,2,true,,606.182966891869,7.553094957937223,0.9507,17.3,1.0873,0,606.183,"[7.5271, 7.5531]","[7.1366, 7.1366]",7.136563899010459,0.015968437885918008,optimized
s002,90,7.9079,straight_cont,straight_cont,2,true,,606.3114747894869,7.555381205405589,0.9509,17.2,1.0833,0,606.311,"[7.5269, 7.5554]","[7.1366, 7.1366]",7.136563899010459,0.015894779950508912,optimized
s002,85,7.4686,straight_cont,straight_cont,2,true,,606.2165030994574,7.466557994530534,0.9507,17.2,1.0851,0,606.217,"[7.4526, 7.4666]","[7.1366, 7.1366]",7.136563899010459,0.002016960469465978,optimized
s002,80,7.0292,straight_cont,straight_cont,2,true,,607.3304822944544,6.82464012967579,0.9525,18.5,1.1646,0,607.33,"[6.6422, 6.8246]","[7.1366, 7.1366]",7.136563899010459,0.00985559106914277,optimized
s002,75,6.5899,straight_cont,straight_cont,2,true,,607.3557426327548,5.9365981669096115,0.9525,18.4,1.1596,0,607.356,"[5.7984, 5.9366]","[7.1366, 7.1366]",7.136563899010459,0.01410427347091631,optimized
s002,70,6.1506,straight_cont,straight_cont,2,true,,607.3953961075267,5.106286844482781,0.9526,18.4,1.1612,0,607.395,"[5.0722, 5.1063]","[7.1366, 7.1366]",7.136563899010459,0.01400219542394648,optimized
s002,65,5.7113,straight_cont,straight_cont,2,true,,607.368513390344,4.692489212636826,0.9526,18.5,1.1621,0,607.369,"[4.6481, 4.6925]","[7.1366, 7.1366]",7.136563899010459,0.012199831190223723,optimized
s002,60,5.2719,straight_cont,straight_cont,2,true,,607.4099292285513,5.090064308184964,0.9526,18.5,1.1632,0,607.41,"[4.7082, 5.0901]","[7.1366, 7.1366]",7.136563899010459,0.01104243254121475,optimized
s002,55,4.8326,straight_cont,straight_cont,2,true,,607.4188444442925,4.325118438978108,0.9526,18.4,1.1555,0,607.419,"[4.1769, 4.3251]","[7.1366, 7.1366]",7.136563899010459,0.006720271733149218,optimized
s002,50,4.3933,straight_cont,straight_cont,2,true,,607.4128879306861,3.689989497843831,0.9526,18.3,1.1538,0,607.413,"[3.7503, 3.69]","[7.1366, 7.1366]",7.136563899010459,0.005590047525661078,optimized
s002,45,3.9540,straight_cont,straight_cont,2,true,,607.4043628474558,3.2870546979837223,0.9526,18.3,1.1517,0,607.404,"[3.672, 3.2871]","[7.1366, 7.1366]",7.136563899010459,0.004090688043577526,optimized
s002,40,3.5146,straight_cont,straight_cont,2,true,,607.4049903708776,3.3484837402932923,0.9526,18.3,1.1521,0,607.405,"[3.4821, 3.3485]","[7.1366, 7.1366]",7.136563899010459,0.0008598400039464028,optimized
s002,35,3.0753,straight_cont,straight_cont,2,true,,607.5964951311583,2.959188329522068,0.9529,18.4,1.1587,0,607.596,"[3.1528, 2.9592]","[7.1366, 7.1366]",7.136563899010459,0.00019588407438813835,optimized
s002,30,2.6360,straight_cont,straight_cont,2,true,,607.5665213950472,2.583605366494941,0.9529,19.6,1.2312,0,607.567,"[2.4855, 2.5836]","[7.1366, 7.1366]",7.136563899010459,1.55959624136906e-5,optimized
s003,100,6.5157,straight_cont,straight_cont,2,false,recovery_failed,600.7572197669975,7.142468638033148,,17.7,1.0969,0,600.757,"[7.1465, 7.1425]","[7.1664, 7.1664]",7.166425684317983,-0.6267198310331477,recovery_failed
s003,95,6.1900,straight_cont,straight_cont,2,false,not_run_after_fail,,,,0.0,,,,,,,,
s003,90,5.8642,straight_cont,straight_cont,2,false,not_run_after_fail,,,,0.0,,,,,,,,
s003,85,5.5384,straight_cont,straight_cont,2,false,not_run_after_fail,,,,0.0,,,,,,,,
s003,80,5.2126,straight_cont,straight_cont,2,false,not_run_after_fail,,,,0.0,,,,,,,,
s003,75,4.8868,straight_cont,straight_cont,2,false,not_run_after_fail,,,,0.0,,,,,,,,
s003,70,4.5610,straight_cont,straight_cont,2,false,not_run_after_fail,,,,0.0,,,,,,,,
s003,65,4.2352,straight_cont,straight_cont,2,false,not_run_after_fail,,,,0.0,,,,,,,,
s003,60,3.9094,straight_cont,straight_cont,2,false,not_run_after_fail,,,,0.0,,,,,,,,
s003,55,3.5837,straight_cont,straight_cont,2,false,not_run_after_fail,,,,0.0,,,,,,,,
s003,50,3.2579,straight_cont,straight_cont,2,false,not_run_after_fail,,,,0.0,,,,,,,,
s003,45,2.9321,straight_cont,straight_cont,2,false,not_run_after_fail,,,,0.0,,,,,,,,
s003,40,2.6063,straight_cont,straight_cont,2,false,not_run_after_fail,,,,0.0,,,,,,,,
s003,35,2.2805,straight_cont,straight_cont,2,false,not_run_after_fail,,,,0.0,,,,,,,,
s003,30,1.9547,straight_cont,straight_cont,2,false,not_run_after_fail,,,,0.0,,,,,,,,
s004,100,4.8986,straight_cont,straight_cont,2,false,recovery_failed,720.2692387954396,8.186370057447212,,20.2,1.2391,0,720.269,"[8.5037, 8.1864]","[7.6892, 7.6892]",7.689155730301267,-3.2878042554472113,recovery_failed
s004,95,4.6536,straight_cont,straight_cont,2,false,not_run_after_fail,,,,0.0,,,,,,,,
s004,90,4.4087,straight_cont,straight_cont,2,false,not_run_after_fail,,,,0.0,,,,,,,,
s004,85,4.1638,straight_cont,straight_cont,2,false,not_run_after_fail,,,,0.0,,,,,,,,
s004,80,3.9189,straight_cont,straight_cont,2,false,not_run_after_fail,,,,0.0,,,,,,,,
s004,75,3.6739,straight_cont,straight_cont,2,false,not_run_after_fail,,,,0.0,,,,,,,,
s004,70,3.4290,straight_cont,straight_cont,2,false,not_run_after_fail,,,,0.0,,,,,,,,
s004,65,3.1841,straight_cont,straight_cont,2,false,not_run_after_fail,,,,0.0,,,,,,,,
s004,60,2.9391,straight_cont,straight_cont,2,false,not_run_after_fail,,,,0.0,,,,,,,,
s004,55,2.6942,straight_cont,straight_cont,2,false,not_run_after_fail,,,,0.0,,,,,,,,
s004,50,2.4493,straight_cont,straight_cont,2,false,not_run_after_fail,,,,0.0,,,,,,,,
s004,45,2.2044,straight_cont,straight_cont,2,false,not_run_after_fail,,,,0.0,,,,,,,,
s004,40,1.9594,straight_cont,straight_cont,2,false,not_run_after_fail,,,,0.0,,,,,,,,
s004,35,1.7145,straight_cont,straight_cont,2,false,not_run_after_fail,,,,0.0,,,,,,,,
s004,30,1.4696,straight_cont,straight_cont,2,false,not_run_after_fail,,,,0.0,,,,,,,,
s005,100,6.2759,straight_cont,straight_cont,2,false,recovery_failed,845.1280944281228,9.146871869791623,,19.0,1.1327,0,845.128,"[9.1068, 9.1469]","[8.2173, 8.2173]",8.217310640370599,-7.954621801456054,recovery_failed
s005,95,5.9621,straight_cont,straight_cont,2,false,not_run_after_fail,,,,0.0,,,,,,,,
s005,90,5.6483,straight_cont,straight_cont,2,false,not_run_after_fail,,,,0.0,,,,,,,,
s005,85,5.3345,straight_cont,straight_cont,2,false,not_run_after_fail,,,,0.0,,,,,,,,
s005,80,5.0207,straight_cont,straight_cont,2,false,not_run_after_fail,,,,0.0,,,,,,,,
s005,75,4.7070,straight_cont,straight_cont,2,false,not_run_after_fail,,,,0.0,,,,,,,,
s005,70,4.3932,straight_cont,straight_cont,2,false,not_run_after_fail,,,,0.0,,,,,,,,
s005,65,4.0794,straight_cont,straight_cont,2,false,not_run_after_fail,,,,0.0,,,,,,,,
s005,60,3.7656,straight_cont,straight_cont,2,false,not_run_after_fail,,,,0.0,,,,,,,,
s005,55,3.4518,straight_cont,straight_cont,2,false,not_run_after_fail,,,,0.0,,,,,,,,
s005,50,3.1380,straight_cont,straight_cont,2,false,not_run_after_fail,,,,0.0,,,,,,,,
s005,45,2.8242,straight_cont,straight_cont,2,false,not_run_after_fail,,,,0.0,,,,,,,,
s005,40,2.5104,straight_cont,straight_cont,2,false,not_run_after_fail,,,,0.0,,,,,,,,
s005,35,2.1966,straight_cont,straight_cont,2,false,not_run_after_fail,,,,0.0,,,,,,,,
s005,30,1.8828,straight_cont,straight_cont,2,false,not_run_after_fail,,,,0.0,,,,,,,,
s006,100,9.0711,straight_cont,straight_cont,2,true,,607.9191737617313,7.764659676630473,1.0072,19.2,1.1985,0,607.919,"[7.7362, 7.7647]","[7.1497, 7.1497]",7.149748286190439,0.004403544798909413,optimized
s006,95,8.6175,straight_cont,straight_cont,2,true,,607.030509217407,7.69637495829608,1.0058,19.7,1.2323,0,607.031,"[7.6695, 7.6964]","[7.1497, 7.1497]",7.149748286190439,0.006338994520645683,optimized
s006,90,8.1640,straight_cont,straight_cont,2,true,,606.6689207159842,7.655578075132343,1.0052,19.8,1.2330,0,606.669,"[7.6325, 7.6556]","[7.1497, 7.1497]",7.149748286190439,0.0071175243518245765,optimized
s006,85,7.7104,straight_cont,straight_cont,2,true,,608.4315271865931,7.602485759477923,1.0081,17.7,1.1034,0,608.432,"[7.6447, 7.6025]","[7.1497, 7.1497]",7.149748286190439,0.0006724223767688546,optimized
s006,80,7.2569,straight_cont,straight_cont,2,false,recovery_failed,604.3087525989791,7.267775317783703,,18.4,1.1482,0,604.309,"[7.2421, 7.2678]","[7.1497, 7.1497]",7.149748286190439,-0.01091747978370261,recovery_failed
s006,75,6.8033,straight_cont,straight_cont,2,false,not_run_after_fail,,,,0.0,,,,,,,,
s006,70,6.3497,straight_cont,straight_cont,2,false,not_run_after_fail,,,,0.0,,,,,,,,
s006,65,5.8962,straight_cont,straight_cont,2,false,not_run_after_fail,,,,0.0,,,,,,,,
s006,60,5.4426,straight_cont,straight_cont,2,false,not_run_after_fail,,,,0.0,,,,,,,,
s006,55,4.9891,straight_cont,straight_cont,2,false,not_run_after_fail,,,,0.0,,,,,,,,
s006,50,4.5355,straight_cont,straight_cont,2,false,not_run_after_fail,,,,0.0,,,,,,,,
s006,45,4.0820,straight_cont,straight_cont,2,false,not_run_after_fail,,,,0.0,,,,,,,,
s006,40,3.6284,straight_cont,straight_cont,2,false,not_run_after_fail,,,,0.0,,,,,,,,
s006,35,3.1749,straight_cont,straight_cont,2,false,not_run_after_fail,,,,0.0,,,,,,,,
s006,30,2.7213,straight_cont,straight_cont,2,false,not_run_after_fail,,,,0.0,,,,,,,,
s007,100,5.9068,straight_cont,straight_cont,2,false,recovery_failed,713.0199163737019,8.30660929357717,,17.3,1.0655,0,713.02,"[8.2241, 8.3066]","[7.6918, 7.6918]",7.691792497498832,-2.399813330577169,recovery_failed
s007,95,5.6115,straight_cont,straight_cont,2,false,not_run_after_fail,,,,0.0,,,,,,,,
s007,90,5.3161,straight_cont,straight_cont,2,false,not_run_after_fail,,,,0.0,,,,,,,,
s007,85,5.0208,straight_cont,straight_cont,2,false,not_run_after_fail,,,,0.0,,,,,,,,
s007,80,4.7254,straight_cont,straight_cont,2,false,not_run_after_fail,,,,0.0,,,,,,,,
s007,75,4.4301,straight_cont,straight_cont,2,false,not_run_after_fail,,,,0.0,,,,,,,,
s007,70,4.1348,straight_cont,straight_cont,2,false,not_run_after_fail,,,,0.0,,,,,,,,
s007,65,3.8394,straight_cont,straight_cont,2,false,not_run_after_fail,,,,0.0,,,,,,,,
s007,60,3.5441,straight_cont,straight_cont,2,false,not_run_after_fail,,,,0.0,,,,,,,,
s007,55,3.2487,straight_cont,straight_cont,2,false,not_run_after_fail,,,,0.0,,,,,,,,
s007,50,2.9534,straight_cont,straight_cont,2,false,not_run_after_fail,,,,0.0,,,,,,,,
s007,45,2.6581,straight_cont,straight_cont,2,false,not_run_after_fail,,,,0.0,,,,,,,,
s007,40,2.3627,straight_cont,straight_cont,2,false,not_run_after_fail,,,,0.0,,,,,,,,
s007,35,2.0674,straight_cont,straight_cont,2,false,not_run_after_fail,,,,0.0,,,,,,,,
s007,30,1.7720,straight_cont,straight_cont,2,false,not_run_after_fail,,,,0.0,,,,,,,,
s008,100,7.3296,straight_cont,straight_cont,2,false,recovery_failed,807.1477404227556,8.152616456848216,,19.2,1.1526,0,807.148,"[8.091, 8.1526]","[8.2469, 8.2469]",8.246944795538989,-0.8230052608482161,recovery_failed
s008,95,6.9631,straight_cont,straight_cont,2,false,not_run_after_fail,,,,0.0,,,,,,,,
s008,90,6.5966,straight_cont,straight_cont,2,false,not_run_after_fail,,,,0.0,,,,,,,,
s008,85,6.2302,straight_cont,straight_cont,2,false,not_run_after_fail,,,,0.0,,,,,,,,
s008,80,5.8637,straight_cont,straight_cont,2,false,not_run_after_fail,,,,0.0,,,,,,,,
s008,75,5.4972,straight_cont,straight_cont,2,false,not_run_after_fail,,,,0.0,,,,,,,,
s008,70,5.1307,straight_cont,straight_cont,2,false,not_run_after_fail,,,,0.0,,,,,,,,
s008,65,4.7642,straight_cont,straight_cont,2,false,not_run_after_fail,,,,0.0,,,,,,,,
s008,60,4.3978,straight_cont,straight_cont,2,false,not_run_after_fail,,,,0.0,,,,,,,,
s008,55,4.0313,straight_cont,straight_cont,2,false,not_run_after_fail,,,,0.0,,,,,,,,
s008,50,3.6648,straight_cont,straight_cont,2,false,not_run_after_fail,,,,0.0,,,,,,,,
s008,45,3.2983,straight_cont,straight_cont,2,false,not_run_after_fail,,,,0.0,,,,,,,,
s008,40,2.9318,straight_cont,straight_cont,2,false,not_run_after_fail,,,,0.0,,,,,,,,
s008,35,2.5654,straight_cont,straight_cont,2,false,not_run_after_fail,,,,0.0,,,,,,,,
s008,30,2.1989,straight_cont,straight_cont,2,false,not_run_after_fail,,,,0.0,,,,,,,,
s009,100,8.0659,straight_cont,straight_cont,2,false,recovery_failed,812.2279574423814,8.807982938937803,,18.3,1.0927,0,812.228,"[8.7644, 8.808]","[8.2272, 8.2272]",8.22723412151167,-0.7420505299378046,recovery_failed
s009,95,7.6626,straight_cont,straight_cont,2,false,not_run_after_fail,,,,0.0,,,,,,,,
s009,90,7.2593,straight_cont,straight_cont,2,false,not_run_after_fail,,,,0.0,,,,,,,,
s009,85,6.8560,straight_cont,straight_cont,2,false,not_run_after_fail,,,,0.0,,,,,,,,
s009,80,6.4527,straight_cont,straight_cont,2,false,not_run_after_fail,,,,0.0,,,,,,,,
s009,75,6.0494,straight_cont,straight_cont,2,false,not_run_after_fail,,,,0.0,,,,,,,,
s009,70,5.6462,straight_cont,straight_cont,2,false,not_run_after_fail,,,,0.0,,,,,,,,
s009,65,5.2429,straight_cont,straight_cont,2,false,not_run_after_fail,,,,0.0,,,,,,,,
s009,60,4.8396,straight_cont,straight_cont,2,false,not_run_after_fail,,,,0.0,,,,,,,,
s009,55,4.4363,straight_cont,straight_cont,2,false,not_run_after_fail,,,,0.0,,,,,,,,
s009,50,4.0330,straight_cont,straight_cont,2,false,not_run_after_fail,,,,0.0,,,,,,,,
s009,45,3.6297,straight_cont,straight_cont,2,false,not_run_after_fail,,,,0.0,,,,,,,,
s009,40,3.2264,straight_cont,straight_cont,2,false,not_run_after_fail,,,,0.0,,,,,,,,
s009,35,2.8231,straight_cont,straight_cont,2,false,not_run_after_fail,,,,0.0,,,,,,,,
s009,30,2.4198,straight_cont,straight_cont,2,false,not_run_after_fail,,,,0.0,,,,,,,,
s010,100,8.3710,straight_cont,straight_cont,2,false,recovery_failed,600.0,7.162312938800191,,16.7,1.0157,0,600.0,"[7.1623, 7.1623]","[7.1691, 7.1691]",7.169074168016764,-25.88936676830252,recovery_failed
s010,95,7.9524,straight_cont,straight_cont,2,false,not_run_after_fail,,,,0.0,,,,,,,,
s010,90,7.5339,straight_cont,straight_cont,2,false,not_run_after_fail,,,,0.0,,,,,,,,
s010,85,7.1153,straight_cont,straight_cont,2,false,not_run_after_fail,,,,0.0,,,,,,,,
s010,80,6.6968,straight_cont,straight_cont,2,false,not_run_after_fail,,,,0.0,,,,,,,,
s010,75,6.2782,straight_cont,straight_cont,2,false,not_run_after_fail,,,,0.0,,,,,,,,
s010,70,5.8597,straight_cont,straight_cont,2,false,not_run_after_fail,,,,0.0,,,,,,,,
s010,65,5.4411,straight_cont,straight_cont,2,false,not_run_after_fail,,,,0.0,,,,,,,,
s010,60,5.0226,straight_cont,straight_cont,2,false,not_run_after_fail,,,,0.0,,,,,,,,
s010,55,4.6040,straight_cont,straight_cont,2,false,not_run_after_fail,,,,0.0,,,,,,,,
s010,50,4.1855,straight_cont,straight_cont,2,false,not_run_after_fail,,,,0.0,,,,,,,,
s010,45,3.7669,straight_cont,straight_cont,2,false,not_run_after_fail,,,,0.0,,,,,,,,
s010,40,3.3484,straight_cont,straight_cont,2,false,not_run_after_fail,,,,0.0,,,,,,,,
s010,35,2.9298,straight_cont,straight_cont,2,false,not_run_after_fail,,,,0.0,,,,,,,,
s010,30,2.5113,straight_cont,straight_cont,2,false,not_run_after_fail,,,,0.0,,,,,,,,
s011,100,6.8163,straight_cont,straight_cont,2,false,recovery_failed,600.0859458694994,7.083867733184242,,17.4,1.0795,0,600.086,"[7.0829, 7.0839]","[7.1424, 7.1424]",7.142407715016443,-0.26756546418424154,recovery_failed
s011,95,6.4755,straight_cont,straight_cont,2,false,not_run_after_fail,,,,0.0,,,,,,,,
s011,90,6.1347,straight_cont,straight_cont,2,false,not_run_after_fail,,,,0.0,,,,,,,,
s011,85,5.7939,straight_cont,straight_cont,2,false,not_run_after_fail,,,,0.0,,,,,,,,
s011,80,5.4530,straight_cont,straight_cont,2,false,not_run_after_fail,,,,0.0,,,,,,,,
s011,75,5.1122,straight_cont,straight_cont,2,false,not_run_after_fail,,,,0.0,,,,,,,,
s011,70,4.7714,straight_cont,straight_cont,2,false,not_run_after_fail,,,,0.0,,,,,,,,
s011,65,4.4306,straight_cont,straight_cont,2,false,not_run_after_fail,,,,0.0,,,,,,,,
s011,60,4.0898,straight_cont,straight_cont,2,false,not_run_after_fail,,,,0.0,,,,,,,,
s011,55,3.7490,straight_cont,straight_cont,2,false,not_run_after_fail,,,,0.0,,,,,,,,
s011,50,3.4082,straight_cont,straight_cont,2,false,not_run_after_fail,,,,0.0,,,,,,,,
s011,45,3.0673,straight_cont,straight_cont,2,false,not_run_after_fail,,,,0.0,,,,,,,,
s011,40,2.7265,straight_cont,straight_cont,2,false,not_run_after_fail,,,,0.0,,,,,,,,
s011,35,2.3857,straight_cont,straight_cont,2,false,not_run_after_fail,,,,0.0,,,,,,,,
s011,30,2.0449,straight_cont,straight_cont,2,false,not_run_after_fail,,,,0.0,,,,,,,,
s012,100,8.6661,straight_cont,straight_cont,2,false,recovery_failed,837.5110866264041,9.623961224194963,,19.2,1.1339,0,837.511,"[9.5118, 9.624]","[8.2356, 8.2356]",8.235634414310542,-36.987559528236034,recovery_failed
s012,95,8.2328,straight_cont,straight_cont,2,false,not_run_after_fail,,,,0.0,,,,,,,,
s012,90,7.7995,straight_cont,straight_cont,2,false,not_run_after_fail,,,,0.0,,,,,,,,
s012,85,7.3662,straight_cont,straight_cont,2,false,not_run_after_fail,,,,0.0,,,,,,,,
s012,80,6.9329,straight_cont,straight_cont,2,false,not_run_after_fail,,,,0.0,,,,,,,,
s012,75,6.4996,straight_cont,straight_cont,2,false,not_run_after_fail,,,,0.0,,,,,,,,
s012,70,6.0663,straight_cont,straight_cont,2,false,not_run_after_fail,,,,0.0,,,,,,,,
s012,65,5.6330,straight_cont,straight_cont,2,false,not_run_after_fail,,,,0.0,,,,,,,,
s012,60,5.1997,straight_cont,straight_cont,2,false,not_run_after_fail,,,,0.0,,,,,,,,
s012,55,4.7664,straight_cont,straight_cont,2,false,not_run_after_fail,,,,0.0,,,,,,,,
s012,50,4.3331,straight_cont,straight_cont,2,false,not_run_after_fail,,,,0.0,,,,,,,,
s012,45,3.8998,straight_cont,straight_cont,2,false,not_run_after_fail,,,,0.0,,,,,,,,
s012,40,3.4665,straight_cont,straight_cont,2,false,not_run_after_fail,,,,0.0,,,,,,,,
s012,35,3.0331,straight_cont,straight_cont,2,false,not_run_after_fail,,,,0.0,,,,,,,,
s012,30,2.5998,straight_cont,straight_cont,2,false,not_run_after_fail,,,,0.0,,,,,,,,
s013,100,9.2194,straight_cont,straight_cont,2,true,,616.5918742792769,8.547251792498855,0.7880,19.0,1.1722,0,616.592,"[8.5349, 8.5473]","[7.176, 7.176]",7.175965301636592,7.703005167059018e-7,optimized
s013,95,8.7585,straight_cont,straight_cont,2,true,,614.5420218352357,8.37888645964238,0.7854,19.5,1.2080,0,614.542,"[8.3864, 8.3789]","[7.176, 7.176]",7.175965301636592,5.293886135859793e-5,optimized
s013,90,8.2975,straight_cont,straight_cont,2,true,,614.1749723064862,8.236184869503877,0.7849,19.2,1.1853,0,614.175,"[8.1852, 8.2362]","[7.176, 7.176]",7.175965301636592,0.007548338730845872,optimized
s013,85,7.8365,straight_cont,straight_cont,2,true,,612.3776735783974,7.780523973652802,0.7826,17.4,1.0728,0,612.378,"[7.6933, 7.7805]","[7.176, 7.176]",7.175965301636592,0.01141176901892965,optimized
s013,80,7.3755,straight_cont,straight_cont,2,true,,606.885304438972,7.369998812089893,0.7756,18.0,1.1145,0,606.885,"[7.4648, 7.37]","[7.176, 7.176]",7.175965301636592,0.005543218910107228,optimized
s013,75,6.9146,straight_cont,straight_cont,2,false,recovery_failed,605.2582833872782,7.190017693895934,,19.5,1.2043,0,605.258,"[7.1487, 7.19]","[7.176, 7.176]",7.175965301636592,-0.27544697689593356,recovery_failed
s013,70,6.4536,straight_cont,straight_cont,2,false,not_run_after_fail,,,,0.0,,,,,,,,
s013,65,5.9926,straight_cont,straight_cont,2,false,not_run_after_fail,,,,0.0,,,,,,,,
s013,60,5.5317,straight_cont,straight_cont,2,false,not_run_after_fail,,,,0.0,,,,,,,,
s013,55,5.0707,straight_cont,straight_cont,2,false,not_run_after_fail,,,,0.0,,,,,,,,
s013,50,4.6097,straight_cont,straight_cont,2,false,not_run_after_fail,,,,0.0,,,,,,,,
s013,45,4.1487,straight_cont,straight_cont,2,false,not_run_after_fail,,,,0.0,,,,,,,,
s013,40,3.6878,straight_cont,straight_cont,2,false,not_run_after_fail,,,,0.0,,,,,,,,
s013,35,3.2268,straight_cont,straight_cont,2,false,not_run_after_fail,,,,0.0,,,,,,,,
s013,30,2.7658,straight_cont,straight_cont,2,false,not_run_after_fail,,,,0.0,,,,,,,,
s014,100,4.1696,straight_cont,straight_cont,2,false,recovery_failed,603.2326679948338,7.245716329629441,,18.2,1.1323,0,603.233,"[7.2612, 7.2457]","[7.1304, 7.1304]",7.130437373263402,-3.076153998629441,recovery_failed
s014,95,3.9611,straight_cont,straight_cont,2,false,not_run_after_fail,,,,0.0,,,,,,,,
s014,90,3.7526,straight_cont,straight_cont,2,false,not_run_after_fail,,,,0.0,,,,,,,,
s014,85,3.5441,straight_cont,straight_cont,2,false,not_run_after_fail,,,,0.0,,,,,,,,
s014,80,3.3356,straight_cont,straight_cont,2,false,not_run_after_fail,,,,0.0,,,,,,,,
s014,75,3.1272,straight_cont,straight_cont,2,false,not_run_after_fail,,,,0.0,,,,,,,,
s014,70,2.9187,straight_cont,straight_cont,2,false,not_run_after_fail,,,,0.0,,,,,,,,
s014,65,2.7102,straight_cont,straight_cont,2,false,not_run_after_fail,,,,0.0,,,,,,,,
s014,60,2.5017,straight_cont,straight_cont,2,false,not_run_after_fail,,,,0.0,,,,,,,,
s014,55,2.2933,straight_cont,straight_cont,2,false,not_run_after_fail,,,,0.0,,,,,,,,
s014,50,2.0848,straight_cont,straight_cont,2,false,not_run_after_fail,,,,0.0,,,,,,,,
s014,45,1.8763,straight_cont,straight_cont,2,false,not_run_after_fail,,,,0.0,,,,,,,,
s014,40,1.6678,straight_cont,straight_cont,2,false,not_run_after_fail,,,,0.0,,,,,,,,
s014,35,1.4593,straight_cont,straight_cont,2,false,not_run_after_fail,,,,0.0,,,,,,,,
s014,30,1.2509,straight_cont,straight_cont,2,false,not_run_after_fail,,,,0.0,,,,,,,,
s015,100,5.6362,straight_cont,straight_cont,2,false,recovery_failed,887.8313522530901,4.9471819119286735,,20.5,1.2352,0,887.831,"[4.5227, 4.9472]","[8.2349, 8.2349]",8.234889598133861,-37.661849519875425,recovery_failed
s015,95,5.3544,straight_cont,straight_cont,2,false,not_run_after_fail,,,,0.0,,,,,,,,
s015,90,5.0726,straight_cont,straight_cont,2,false,not_run_after_fail,,,,0.0,,,,,,,,
s015,85,4.7908,straight_cont,straight_cont,2,false,not_run_after_fail,,,,0.0,,,,,,,,
s015,80,4.5090,straight_cont,straight_cont,2,false,not_run_after_fail,,,,0.0,,,,,,,,
s015,75,4.2272,straight_cont,straight_cont,2,false,not_run_after_fail,,,,0.0,,,,,,,,
s015,70,3.9453,straight_cont,straight_cont,2,false,not_run_after_fail,,,,0.0,,,,,,,,
s015,65,3.6635,straight_cont,straight_cont,2,false,not_run_after_fail,,,,0.0,,,,,,,,
s015,60,3.3817,straight_cont,straight_cont,2,false,not_run_after_fail,,,,0.0,,,,,,,,
s015,55,3.0999,straight_cont,straight_cont,2,false,not_run_after_fail,,,,0.0,,,,,,,,
s015,50,2.8181,straight_cont,straight_cont,2,false,not_run_after_fail,,,,0.0,,,,,,,,
s015,45,2.5363,straight_cont,straight_cont,2,false,not_run_after_fail,,,,0.0,,,,,,,,
s015,40,2.2545,straight_cont,straight_cont,2,false,not_run_after_fail,,,,0.0,,,,,,,,
s015,35,1.9727,straight_cont,straight_cont,2,false,not_run_after_fail,,,,0.0,,,,,,,,
s015,30,1.6909,straight_cont,straight_cont,2,false,not_run_after_fail,,,,0.0,,,,,,,,
s016,100,5.8476,straight_cont,straight_cont,2,true,,754.0523836715258,4.957064558509972,0.9714,20.3,1.2467,0,754.052,"[4.1929, 4.9571]","[7.7291, 7.7291]",7.729118595007346,1.1371807054062072e-5,optimized
s016,95,5.5552,straight_cont,straight_cont,2,true,,754.5562457329227,4.933290063472413,0.9720,20.2,1.2433,0,754.556,"[4.0969, 4.9333]","[7.7291, 7.7291]",7.729118595007346,6.784767894216226e-6,optimized
s016,90,5.2628,straight_cont,straight_cont,2,true,,754.6676388694246,4.976740160975586,0.9722,20.0,1.2271,0,754.668,"[4.0047, 4.9767]","[7.7291, 7.7291]",7.729118595007346,2.7130638845174887e-5,optimized
s016,85,4.9704,straight_cont,straight_cont,2,true,,755.8464194652362,4.8875650419393,0.9737,19.6,1.2052,0,755.846,"[3.9476, 4.8876]","[7.7291, 7.7291]",7.729118595007346,9.213257060085994e-6,optimized
s016,80,4.6781,straight_cont,straight_cont,2,false,recovery_failed,754.8431535904748,4.655209235265288,,18.9,1.1631,0,754.843,"[4.0023, 4.6552]","[7.7291, 7.7291]",7.729118595007346,-0.0062125185723627685,recovery_failed
s016,75,4.3857,straight_cont,straight_cont,2,false,not_run_after_fail,,,,0.0,,,,,,,,
s016,70,4.0933,straight_cont,straight_cont,2,false,not_run_after_fail,,,,0.0,,,,,,,,
s016,65,3.8009,straight_cont,straight_cont,2,false,not_run_after_fail,,,,0.0,,,,,,,,
s016,60,3.5085,straight_cont,straight_cont,2,false,not_run_after_fail,,,,0.0,,,,,,,,
s016,55,3.2162,straight_cont,straight_cont,2,false,not_run_after_fail,,,,0.0,,,,,,,,
s016,50,2.9238,straight_cont,straight_cont,2,false,not_run_after_fail,,,,0.0,,,,,,,,
s016,45,2.6314,straight_cont,straight_cont,2,false,not_run_after_fail,,,,0.0,,,,,,,,
s016,40,2.3390,straight_cont,straight_cont,2,false,not_run_after_fail,,,,0.0,,,,,,,,
s016,35,2.0466,straight_cont,straight_cont,2,false,not_run_after_fail,,,,0.0,,,,,,,,
s016,30,1.7543,straight_cont,straight_cont,2,false,not_run_after_fail,,,,0.0,,,,,,,,
s017,100,9.4853,straight_cont,straight_cont,2,false,recovery_failed,754.2389707854784,8.894019899134898,,19.3,1.1670,0,754.239,"[8.8785, 8.894]","[7.6978, 7.6978]",7.6978409902662674,-0.09932569997322227,recovery_failed
s017,95,9.0110,straight_cont,straight_cont,2,false,not_run_after_fail,,,,0.0,,,,,,,,
s017,90,8.5367,straight_cont,straight_cont,2,false,not_run_after_fail,,,,0.0,,,,,,,,
s017,85,8.0625,straight_cont,straight_cont,2,false,not_run_after_fail,,,,0.0,,,,,,,,
s017,80,7.5882,straight_cont,straight_cont,2,false,not_run_after_fail,,,,0.0,,,,,,,,
s017,75,7.1139,straight_cont,straight_cont,2,false,not_run_after_fail,,,,0.0,,,,,,,,
s017,70,6.6397,straight_cont,straight_cont,2,false,not_run_after_fail,,,,0.0,,,,,,,,
s017,65,6.1654,straight_cont,straight_cont,2,false,not_run_after_fail,,,,0.0,,,,,,,,
s017,60,5.6912,straight_cont,straight_cont,2,false,not_run_after_fail,,,,0.0,,,,,,,,
s017,55,5.2169,straight_cont,straight_cont,2,false,not_run_after_fail,,,,0.0,,,,,,,,
s017,50,4.7426,straight_cont,straight_cont,2,false,not_run_after_fail,,,,0.0,,,,,,,,
s017,45,4.2684,straight_cont,straight_cont,2,false,not_run_after_fail,,,,0.0,,,,,,,,
s017,40,3.7941,straight_cont,straight_cont,2,false,not_run_after_fail,,,,0.0,,,,,,,,
s017,35,3.3198,straight_cont,straight_cont,2,false,not_run_after_fail,,,,0.0,,,,,,,,
s017,30,2.8456,straight_cont,straight_cont,2,false,not_run_after_fail,,,,0.0,,,,,,,,
s018,100,9.4205,straight_cont,straight_cont,2,true,,800.0321972488239,8.205840219328108,0.9904,19.6,1.1721,0,800.032,"[8.2053, 8.2058]","[8.2132, 8.2132]",8.213183242769565,0.021022523565934786,optimized
s018,95,8.9495,straight_cont,straight_cont,2,true,,800.0321919213216,8.205831179370437,0.9904,19.6,1.1716,0,800.032,"[8.2052, 8.2058]","[8.2132, 8.2132]",8.213183242769565,0.02102252403517721,optimized
s018,90,8.4785,straight_cont,straight_cont,2,true,,800.0321906308856,8.205791231363397,0.9904,19.6,1.1694,0,800.032,"[8.2052, 8.2058]","[8.2132, 8.2132]",8.213183242769565,0.0210225588497249,optimized
s018,85,8.0074,straight_cont,straight_cont,2,true,,800.6983440539603,7.998319725529198,0.9912,18.4,1.0972,0,800.698,"[7.9827, 7.9983]","[8.2132, 8.2132]",8.213183242769565,0.009113231470800898,optimized
s018,80,7.5364,straight_cont,straight_cont,2,true,,801.0665799532043,7.514460542576861,0.9916,20.2,1.2034,0,801.067,"[7.49, 7.5145]","[8.2132, 8.2132]",8.213183242769565,0.005482424334390529,optimized
s018,75,7.0654,straight_cont,straight_cont,2,true,,801.9715666731371,6.978085219495154,0.9928,18.2,1.0892,0,801.972,"[6.9093, 6.9781]","[8.2132, 8.2132]",8.213183242769565,0.004653938727854235,optimized
s018,70,6.5944,straight_cont,straight_cont,2,true,,802.1944761744517,6.572727018024122,0.9930,18.2,1.0876,0,802.194,"[6.56, 6.5727]","[8.2132, 8.2132]",8.213183242769565,0.0015443130004264942,optimized
s018,65,6.1233,straight_cont,straight_cont,2,true,,802.4771375359667,5.8966885828867035,0.9934,18.3,1.0952,0,802.477,"[6.0854, 5.8967]","[8.2132, 8.2132]",8.213183242769565,0.0012260302705387575,optimized
s018,60,5.6523,straight_cont,straight_cont,2,true,,802.4044283902248,5.499249507570195,0.9933,18.4,1.0963,0,802.404,"[5.4771, 5.4992]","[8.2132, 8.2132]",8.213183242769565,0.001056224589203493,optimized
s018,55,5.1813,straight_cont,straight_cont,2,true,,803.6446757126913,5.000365838739068,0.9948,18.3,1.0929,0,803.645,"[5.3016, 5.0004]","[8.2132, 8.2132]",8.213183242769565,0.0001847546880590807,optimized
s018,50,4.7103,straight_cont,straight_cont,2,true,,804.6516710655127,4.677904750117794,0.9961,18.4,1.0966,0,804.652,"[4.5052, 4.6779]","[8.2132, 8.2132]",8.213183242769565,0.0014060598057511406,optimized
s018,45,4.2392,straight_cont,straight_cont,2,true,,804.7906447387587,4.2268018864666885,0.9963,18.3,1.0931,0,804.791,"[4.3819, 4.2268]","[8.2132, 8.2132]",8.213183242769565,0.0013201052050643008,optimized
s018,40,3.7682,straight_cont,straight_cont,2,true,,805.3772573650475,3.7356457862522117,0.9970,18.3,1.0945,0,805.377,"[4.115, 3.7356]","[8.2132, 8.2132]",8.213183242769565,0.004424190229000986,optimized
s018,35,3.2972,straight_cont,straight_cont,2,true,,805.849813390106,3.241241647722525,0.9976,18.4,1.1004,0,805.85,"[3.696, 3.2412]","[8.2132, 8.2132]",8.213183242769565,0.000457891491987706,optimized
s018,30,2.8262,straight_cont,straight_cont,2,false,recovery_failed,808.4831344130586,2.9536948832866696,,18.5,1.1050,0,808.483,"[3.473, 2.9537]","[8.2132, 8.2132]",8.213183242769565,-0.1275414272866695,recovery_failed
s019,100,5.4267,straight_cont,straight_cont,2,false,recovery_failed,855.2007468726991,9.365493984019967,,18.9,1.1169,0,855.201,"[9.3296, 9.3655]","[8.213, 8.213]",8.213024677612601,-39.10323554644867,recovery_failed
s019,95,5.1553,straight_cont,straight_cont,2,false,not_run_after_fail,,,,0.0,,,,,,,,
s019,90,4.8840,straight_cont,straight_cont,2,false,not_run_after_fail,,,,0.0,,,,,,,,
s019,85,4.6127,straight_cont,straight_cont,2,false,not_run_after_fail,,,,0.0,,,,,,,,
s019,80,4.3413,straight_cont,straight_cont,2,false,not_run_after_fail,,,,0.0,,,,,,,,
s019,75,4.0700,straight_cont,straight_cont,2,false,not_run_after_fail,,,,0.0,,,,,,,,
s019,70,3.7987,straight_cont,straight_cont,2,false,not_run_after_fail,,,,0.0,,,,,,,,
s019,65,3.5273,straight_cont,straight_cont,2,false,not_run_after_fail,,,,0.0,,,,,,,,
s019,60,3.2560,straight_cont,straight_cont,2,false,not_run_after_fail,,,,0.0,,,,,,,,
s019,55,2.9847,straight_cont,straight_cont,2,false,not_run_after_fail,,,,0.0,,,,,,,,
s019,50,2.7133,straight_cont,straight_cont,2,false,not_run_after_fail,,,,0.0,,,,,,,,
s019,45,2.4420,straight_cont,straight_cont,2,false,not_run_after_fail,,,,0.0,,,,,,,,
s019,40,2.1707,straight_cont,straight_cont,2,false,not_run_after_fail,,,,0.0,,,,,,,,
s019,35,1.8993,straight_cont,straight_cont,2,false,not_run_after_fail,,,,0.0,,,,,,,,
s019,30,1.6280,straight_cont,straight_cont,2,false,not_run_after_fail,,,,0.0,,,,,,,,
s020,100,6.8907,straight_cont,straight_cont,2,true,,601.7415810167164,6.888590136330341,0.8926,19.3,1.2042,0,601.742,"[6.8734, 6.8886]","[7.1449, 7.1449]",7.144863475237451,0.0020718286696599364,optimized
s020,95,6.5461,straight_cont,straight_cont,2,false,recovery_failed,601.5881939100428,6.731126819540038,,19.8,1.2365,0,601.588,"[6.7117, 6.7311]","[7.1449, 7.1449]",7.144863475237451,-0.18499790254003834,recovery_failed
s020,90,6.2016,straight_cont,straight_cont,2,false,not_run_after_fail,,,,0.0,,,,,,,,
s020,85,5.8571,straight_cont,straight_cont,2,false,not_run_after_fail,,,,0.0,,,,,,,,
s020,80,5.5125,straight_cont,straight_cont,2,false,not_run_after_fail,,,,0.0,,,,,,,,
s020,75,5.1680,straight_cont,straight_cont,2,false,not_run_after_fail,,,,0.0,,,,,,,,
s020,70,4.8235,straight_cont,straight_cont,2,false,not_run_after_fail,,,,0.0,,,,,,,,
s020,65,4.4789,straight_cont,straight_cont,2,false,not_run_after_fail,,,,0.0,,,,,,,,
s020,60,4.1344,straight_cont,straight_cont,2,false,not_run_after_fail,,,,0.0,,,,,,,,
s020,55,3.7899,straight_cont,straight_cont,2,false,not_run_after_fail,,,,0.0,,,,,,,,
s020,50,3.4453,straight_cont,straight_cont,2,false,not_run_after_fail,,,,0.0,,,,,,,,
s020,45,3.1008,straight_cont,straight_cont,2,false,not_run_after_fail,,,,0.0,,,,,,,,
s020,40,2.7563,straight_cont,straight_cont,2,false,not_run_after_fail,,,,0.0,,,,,,,,
s020,35,2.4117,straight_cont,straight_cont,2,false,not_run_after_fail,,,,0.0,,,,,,,,
s020,30,2.0672,straight_cont,straight_cont,2,false,not_run_after_fail,,,,0.0,,,,,,,,
s021,100,9.5860,straight_cont,straight_cont,2,true,,700.002550278136,7.692844246411157,0.9994,16.9,1.0370,0,700.003,"[7.6925, 7.6928]","[7.6949, 7.6949]",7.694850202607217,0.024851393136422158,optimized
s021,95,9.1067,straight_cont,straight_cont,2,true,,700.002550278136,7.692844246411157,0.9994,16.9,1.0382,0,700.003,"[7.6925, 7.6928]","[7.6949, 7.6949]",7.694850202607217,0.024851393136422165,optimized
s021,90,8.6274,straight_cont,straight_cont,2,true,,700.002550278136,7.692844246411157,0.9994,16.9,1.0348,0,700.003,"[7.6925, 7.6928]","[7.6949, 7.6949]",7.694850202607217,0.024851393136422165,optimized
s021,85,8.1481,straight_cont,straight_cont,2,true,,700.002550278136,7.692844246411157,0.9994,17.0,1.0402,0,700.003,"[7.6925, 7.6928]","[7.6949, 7.6949]",7.694850202607217,0.024851393136422165,optimized
s021,80,7.6688,straight_cont,straight_cont,2,true,,700.0045520689367,7.668756538791113,0.9994,17.3,1.0631,0,700.005,"[7.6683, 7.6688]","[7.6949, 7.6949]",7.694850202607217,3.574820888729846e-5,optimized
s021,75,7.1895,straight_cont,straight_cont,2,false,recovery_failed,700.0001450192465,7.568214797677853,,19.3,1.1852,0,700.0,"[7.5674, 7.5682]","[7.6949, 7.6949]",7.694850202607217,-0.37872196667785296,recovery_failed
s021,70,6.7102,straight_cont,straight_cont,2,false,not_run_after_fail,,,,0.0,,,,,,,,
s021,65,6.2309,straight_cont,straight_cont,2,false,not_run_after_fail,,,,0.0,,,,,,,,
s021,60,5.7516,straight_cont,straight_cont,2,false,not_run_after_fail,,,,0.0,,,,,,,,
s021,55,5.2723,straight_cont,straight_cont,2,false,not_run_after_fail,,,,0.0,,,,,,,,
s021,50,4.7930,straight_cont,straight_cont,2,false,not_run_after_fail,,,,0.0,,,,,,,,
s021,45,4.3137,straight_cont,straight_cont,2,false,not_run_after_fail,,,,0.0,,,,,,,,
s021,40,3.8344,straight_cont,straight_cont,2,false,not_run_after_fail,,,,0.0,,,,,,,,
s021,35,3.3551,straight_cont,straight_cont,2,false,not_run_after_fail,,,,0.0,,,,,,,,
s021,30,2.8758,straight_cont,straight_cont,2,false,not_run_after_fail,,,,0.0,,,,,,,,
s022,100,9.1438,straight_cont,straight_cont,2,false,recovery_failed,720.4108078734806,8.59184883547181,,17.7,1.0893,0,720.411,"[8.5404, 8.5918]","[7.6922, 7.6922]",7.692172271871838,-5.555231414164976,recovery_failed
s022,95,8.6866,straight_cont,straight_cont,2,false,not_run_after_fail,,,,0.0,,,,,,,,
s022,90,8.2294,straight_cont,straight_cont,2,false,not_run_after_fail,,,,0.0,,,,,,,,
s022,85,7.7722,straight_cont,straight_cont,2,false,not_run_after_fail,,,,0.0,,,,,,,,
s022,80,7.3150,straight_cont,straight_cont,2,false,not_run_after_fail,,,,0.0,,,,,,,,
s022,75,6.8578,straight_cont,straight_cont,2,false,not_run_after_fail,,,,0.0,,,,,,,,
s022,70,6.4006,straight_cont,straight_cont,2,false,not_run_after_fail,,,,0.0,,,,,,,,
s022,65,5.9434,straight_cont,straight_cont,2,false,not_run_after_fail,,,,0.0,,,,,,,,
s022,60,5.4863,straight_cont,straight_cont,2,false,not_run_after_fail,,,,0.0,,,,,,,,
s022,55,5.0291,straight_cont,straight_cont,2,false,not_run_after_fail,,,,0.0,,,,,,,,
s022,50,4.5719,straight_cont,straight_cont,2,false,not_run_after_fail,,,,0.0,,,,,,,,
s022,45,4.1147,straight_cont,straight_cont,2,false,not_run_after_fail,,,,0.0,,,,,,,,
s022,40,3.6575,straight_cont,straight_cont,2,false,not_run_after_fail,,,,0.0,,,,,,,,
s022,35,3.2003,straight_cont,straight_cont,2,false,not_run_after_fail,,,,0.0,,,,,,,,
s022,30,2.7431,straight_cont,straight_cont,2,false,not_run_after_fail,,,,0.0,,,,,,,,
s023,100,4.2255,straight_cont,straight_cont,2,false,recovery_failed,649.3652221944883,8.441646021242406,,18.4,1.1507,0,649.365,"[8.293, 8.4416]","[7.1502, 7.1502]",7.150246090305365,-12.200623730307425,recovery_failed
s023,95,4.0142,straight_cont,straight_cont,2,false,not_run_after_fail,,,,0.0,,,,,,,,
s023,90,3.8030,straight_cont,straight_cont,2,false,not_run_after_fail,,,,0.0,,,,,,,,
s023,85,3.5917,straight_cont,straight_cont,2,false,not_run_after_fail,,,,0.0,,,,,,,,
s023,80,3.3804,straight_cont,straight_cont,2,false,not_run_after_fail,,,,0.0,,,,,,,,
s023,75,3.1691,straight_cont,straight_cont,2,false,not_run_after_fail,,,,0.0,,,,,,,,
s023,70,2.9579,straight_cont,straight_cont,2,false,not_run_after_fail,,,,0.0,,,,,,,,
s023,65,2.7466,straight_cont,straight_cont,2,false,not_run_after_fail,,,,0.0,,,,,,,,
s023,60,2.5353,straight_cont,straight_cont,2,false,not_run_after_fail,,,,0.0,,,,,,,,
s023,55,2.3240,straight_cont,straight_cont,2,false,not_run_after_fail,,,,0.0,,,,,,,,
s023,50,2.1128,straight_cont,straight_cont,2,false,not_run_after_fail,,,,0.0,,,,,,,,
s023,45,1.9015,straight_cont,straight_cont,2,false,not_run_after_fail,,,,0.0,,,,,,,,
s023,40,1.6902,straight_cont,straight_cont,2,false,not_run_after_fail,,,,0.0,,,,,,,,
s023,35,1.4789,straight_cont,straight_cont,2,false,not_run_after_fail,,,,0.0,,,,,,,,
s023,30,1.2677,straight_cont,straight_cont,2,false,not_run_after_fail,,,,0.0,,,,,,,,
s024,100,6.7650,straight_cont,straight_cont,2,false,recovery_failed,808.037274888275,8.704694443719141,,20.8,1.2440,0,808.037,"[8.5957, 8.7047]","[8.2201, 8.2201]",8.220085790366738,-49.29091617086196,recovery_failed
s024,95,6.4267,straight_cont,straight_cont,2,false,not_run_after_fail,,,,0.0,,,,,,,,
s024,90,6.0885,straight_cont,straight_cont,2,false,not_run_after_fail,,,,0.0,,,,,,,,
s024,85,5.7502,straight_cont,straight_cont,2,false,not_run_after_fail,,,,0.0,,,,,,,,
s024,80,5.4120,straight_cont,straight_cont,2,false,not_run_after_fail,,,,0.0,,,,,,,,
s024,75,5.0737,straight_cont,straight_cont,2,false,not_run_after_fail,,,,0.0,,,,,,,,
s024,70,4.7355,straight_cont,straight_cont,2,false,not_run_after_fail,,,,0.0,,,,,,,,
s024,65,4.3972,straight_cont,straight_cont,2,false,not_run_after_fail,,,,0.0,,,,,,,,
s024,60,4.0590,straight_cont,straight_cont,2,false,not_run_after_fail,,,,0.0,,,,,,,,
s024,55,3.7207,straight_cont,straight_cont,2,false,not_run_after_fail,,,,0.0,,,,,,,,
s024,50,3.3825,straight_cont,straight_cont,2,false,not_run_after_fail,,,,0.0,,,,,,,,
s024,45,3.0442,straight_cont,straight_cont,2,false,not_run_after_fail,,,,0.0,,,,,,,,
s024,40,2.7060,straight_cont,straight_cont,2,false,not_run_after_fail,,,,0.0,,,,,,,,
s024,35,2.3677,straight_cont,straight_cont,2,false,not_run_after_fail,,,,0.0,,,,,,,,
s024,30,2.0295,straight_cont,straight_cont,2,false,not_run_after_fail,,,,0.0,,,,,,,,
s025,100,4.5790,straight_cont,straight_cont,2,false,recovery_failed,701.8235797701263,9.202233188687604,,18.7,1.1623,0,701.824,"[9.1571, 9.2022]","[7.1194, 7.1194]",7.119447453103229,-10.365458308702834,recovery_failed
s025,95,4.3500,straight_cont,straight_cont,2,false,not_run_after_fail,,,,0.0,,,,,,,,
s025,90,4.1211,straight_cont,straight_cont,2,false,not_run_after_fail,,,,0.0,,,,,,,,
s025,85,3.8921,straight_cont,straight_cont,2,false,not_run_after_fail,,,,0.0,,,,,,,,
s025,80,3.6632,straight_cont,straight_cont,2,false,not_run_after_fail,,,,0.0,,,,,,,,
s025,75,3.4342,straight_cont,straight_cont,2,false,not_run_after_fail,,,,0.0,,,,,,,,
s025,70,3.2053,straight_cont,straight_cont,2,false,not_run_after_fail,,,,0.0,,,,,,,,
s025,65,2.9763,straight_cont,straight_cont,2,false,not_run_after_fail,,,,0.0,,,,,,,,
s025,60,2.7474,straight_cont,straight_cont,2,false,not_run_after_fail,,,,0.0,,,,,,,,
s025,55,2.5184,straight_cont,straight_cont,2,false,not_run_after_fail,,,,0.0,,,,,,,,
s025,50,2.2895,straight_cont,straight_cont,2,false,not_run_after_fail,,,,0.0,,,,,,,,
s025,45,2.0605,straight_cont,straight_cont,2,false,not_run_after_fail,,,,0.0,,,,,,,,
s025,40,1.8316,straight_cont,straight_cont,2,false,not_run_after_fail,,,,0.0,,,,,,,,
s025,35,1.6026,straight_cont,straight_cont,2,false,not_run_after_fail,,,,0.0,,,,,,,,
s025,30,1.3737,straight_cont,straight_cont,2,false,not_run_after_fail,,,,0.0,,,,,,,,
s026,100,7.6316,straight_cont,straight_cont,2,true,,611.265651520589,7.60081299043891,0.7462,17.4,1.0795,0,611.266,"[7.6277, 7.6008]","[7.1555, 7.1555]",7.155525072839472,0.005714168676721674,optimized
s026,95,7.2501,straight_cont,straight_cont,2,false,recovery_failed,610.8026415809971,7.319745758195718,,18.1,1.1198,0,610.803,"[7.4365, 7.3197]","[7.1555, 7.1555]",7.155525072839472,-0.06968914619571809,recovery_failed
s026,90,6.8685,straight_cont,straight_cont,2,false,not_run_after_fail,,,,0.0,,,,,,,,
s026,85,6.4869,straight_cont,straight_cont,2,false,not_run_after_fail,,,,0.0,,,,,,,,
s026,80,6.1053,straight_cont,straight_cont,2,false,not_run_after_fail,,,,0.0,,,,,,,,
s026,75,5.7237,straight_cont,straight_cont,2,false,not_run_after_fail,,,,0.0,,,,,,,,
s026,70,5.3421,straight_cont,straight_cont,2,false,not_run_after_fail,,,,0.0,,,,,,,,
s026,65,4.9606,straight_cont,straight_cont,2,false,not_run_after_fail,,,,0.0,,,,,,,,
s026,60,4.5790,straight_cont,straight_cont,2,false,not_run_after_fail,,,,0.0,,,,,,,,
s026,55,4.1974,straight_cont,straight_cont,2,false,not_run_after_fail,,,,0.0,,,,,,,,
s026,50,3.8158,straight_cont,straight_cont,2,false,not_run_after_fail,,,,0.0,,,,,,,,
s026,45,3.4342,straight_cont,straight_cont,2,false,not_run_after_fail,,,,0.0,,,,,,,,
s026,40,3.0527,straight_cont,straight_cont,2,false,not_run_after_fail,,,,0.0,,,,,,,,
s026,35,2.6711,straight_cont,straight_cont,2,false,not_run_after_fail,,,,0.0,,,,,,,,
s026,30,2.2895,straight_cont,straight_cont,2,false,not_run_after_fail,,,,0.0,,,,,,,,
s027,100,5.5807,straight_cont,straight_cont,2,false,recovery_failed,600.0,7.092425685913266,,16.7,1.0398,0,600.0,"[7.0924, 7.0924]","[7.1505, 7.1505]",7.150545237728872,-18.7611422971197,recovery_failed
s027,95,5.3017,straight_cont,straight_cont,2,false,not_run_after_fail,,,,0.0,,,,,,,,
s027,90,5.0227,straight_cont,straight_cont,2,false,not_run_after_fail,,,,0.0,,,,,,,,
s027,85,4.7436,straight_cont,straight_cont,2,false,not_run_after_fail,,,,0.0,,,,,,,,
s027,80,4.4646,straight_cont,straight_cont,2,false,not_run_after_fail,,,,0.0,,,,,,,,
s027,75,4.1855,straight_cont,straight_cont,2,false,not_run_after_fail,,,,0.0,,,,,,,,
s027,70,3.9065,straight_cont,straight_cont,2,false,not_run_after_fail,,,,0.0,,,,,,,,
s027,65,3.6275,straight_cont,straight_cont,2,false,not_run_after_fail,,,,0.0,,,,,,,,
s027,60,3.3484,straight_cont,straight_cont,2,false,not_run_after_fail,,,,0.0,,,,,,,,
s027,55,3.0694,straight_cont,straight_cont,2,false,not_run_after_fail,,,,0.0,,,,,,,,
s027,50,2.7904,straight_cont,straight_cont,2,false,not_run_after_fail,,,,0.0,,,,,,,,
s027,45,2.5113,straight_cont,straight_cont,2,false,not_run_after_fail,,,,0.0,,,,,,,,
s027,40,2.2323,straight_cont,straight_cont,2,false,not_run_after_fail,,,,0.0,,,,,,,,
s027,35,1.9533,straight_cont,straight_cont,2,false,not_run_after_fail,,,,0.0,,,,,,,,
s027,30,1.6742,straight_cont,straight_cont,2,false,not_run_after_fail,,,,0.0,,,,,,,,
s028,100,9.2040,straight_cont,straight_cont,2,false,recovery_failed,764.341610154664,9.465092631284636,,19.6,1.1938,0,764.342,"[9.276, 9.4651]","[7.722, 7.722]",7.7219647761339445,-5.14419794872924,recovery_failed
s028,95,8.7438,straight_cont,straight_cont,2,false,not_run_after_fail,,,,0.0,,,,,,,,
s028,90,8.2836,straight_cont,straight_cont,2,false,not_run_after_fail,,,,0.0,,,,,,,,
s028,85,7.8234,straight_cont,straight_cont,2,false,not_run_after_fail,,,,0.0,,,,,,,,
s028,80,7.3632,straight_cont,straight_cont,2,false,not_run_after_fail,,,,0.0,,,,,,,,
s028,75,6.9030,straight_cont,straight_cont,2,false,not_run_after_fail,,,,0.0,,,,,,,,
s028,70,6.4428,straight_cont,straight_cont,2,false,not_run_after_fail,,,,0.0,,,,,,,,
s028,65,5.9826,straight_cont,straight_cont,2,false,not_run_after_fail,,,,0.0,,,,,,,,
s028,60,5.5224,straight_cont,straight_cont,2,false,not_run_after_fail,,,,0.0,,,,,,,,
s028,55,5.0622,straight_cont,straight_cont,2,false,not_run_after_fail,,,,0.0,,,,,,,,
s028,50,4.6020,straight_cont,straight_cont,2,false,not_run_after_fail,,,,0.0,,,,,,,,
s028,45,4.1418,straight_cont,straight_cont,2,false,not_run_after_fail,,,,0.0,,,,,,,,
s028,40,3.6816,straight_cont,straight_cont,2,false,not_run_after_fail,,,,0.0,,,,,,,,
s028,35,3.2214,straight_cont,straight_cont,2,false,not_run_after_fail,,,,0.0,,,,,,,,
s028,30,2.7612,straight_cont,straight_cont,2,false,not_run_after_fail,,,,0.0,,,,,,,,
s029,100,3.9849,straight_cont,straight_cont,2,false,recovery_failed,814.9171222575699,5.569435423418792,,19.6,1.1647,0,814.917,"[5.826, 5.5694]","[8.2447, 8.2447]",8.244652058530884,-1.5845652904187917,recovery_failed
s029,95,3.7856,straight_cont,straight_cont,2,false,not_run_after_fail,,,,0.0,,,,,,,,
s029,90,3.5864,straight_cont,straight_cont,2,false,not_run_after_fail,,,,0.0,,,,,,,,
s029,85,3.3871,straight_cont,straight_cont,2,false,not_run_after_fail,,,,0.0,,,,,,,,
s029,80,3.1879,straight_cont,straight_cont,2,false,not_run_after_fail,,,,0.0,,,,,,,,
s029,75,2.9887,straight_cont,straight_cont,2,false,not_run_after_fail,,,,0.0,,,,,,,,
s029,70,2.7894,straight_cont,straight_cont,2,false,not_run_after_fail,,,,0.0,,,,,,,,
s029,65,2.5902,straight_cont,straight_cont,2,false,not_run_after_fail,,,,0.0,,,,,,,,
s029,60,2.3909,straight_cont,straight_cont,2,false,not_run_after_fail,,,,0.0,,,,,,,,
s029,55,2.1917,straight_cont,straight_cont,2,false,not_run_after_fail,,,,0.0,,,,,,,,
s029,50,1.9924,straight_cont,straight_cont,2,false,not_run_after_fail,,,,0.0,,,,,,,,
s029,45,1.7932,straight_cont,straight_cont,2,false,not_run_after_fail,,,,0.0,,,,,,,,
s029,40,1.5939,straight_cont,straight_cont,2,false,not_run_after_fail,,,,0.0,,,,,,,,
s029,35,1.3947,straight_cont,straight_cont,2,false,not_run_after_fail,,,,0.0,,,,,,,,
s029,30,1.1955,straight_cont,straight_cont,2,false,not_run_after_fail,,,,0.0,,,,,,,,
s030,100,8.2140,straight_cont,straight_cont,2,false,recovery_failed,738.4301783574176,9.107999455753363,,17.5,1.0558,0,738.43,"[9.3961, 9.108]","[7.7003, 7.7003]",7.7002722252456985,-26.762995160042063,recovery_failed
s030,95,7.8033,straight_cont,straight_cont,2,false,not_run_after_fail,,,,0.0,,,,,,,,
s030,90,7.3926,straight_cont,straight_cont,2,false,not_run_after_fail,,,,0.0,,,,,,,,
s030,85,6.9819,straight_cont,straight_cont,2,false,not_run_after_fail,,,,0.0,,,,,,,,
s030,80,6.5712,straight_cont,straight_cont,2,false,not_run_after_fail,,,,0.0,,,,,,,,
s030,75,6.1605,straight_cont,straight_cont,2,false,not_run_after_fail,,,,0.0,,,,,,,,
s030,70,5.7498,straight_cont,straight_cont,2,false,not_run_after_fail,,,,0.0,,,,,,,,
s030,65,5.3391,straight_cont,straight_cont,2,false,not_run_after_fail,,,,0.0,,,,,,,,
s030,60,4.9284,straight_cont,straight_cont,2,false,not_run_after_fail,,,,0.0,,,,,,,,
s030,55,4.5177,straight_cont,straight_cont,2,false,not_run_after_fail,,,,0.0,,,,,,,,
s030,50,4.1070,straight_cont,straight_cont,2,false,not_run_after_fail,,,,0.0,,,,,,,,
s030,45,3.6963,straight_cont,straight_cont,2,false,not_run_after_fail,,,,0.0,,,,,,,,
s030,40,3.2856,straight_cont,straight_cont,2,false,not_run_after_fail,,,,0.0,,,,,,,,
s030,35,2.8749,straight_cont,straight_cont,2,false,not_run_after_fail,,,,0.0,,,,,,,,
s030,30,2.4642,straight_cont,straight_cont,2,false,not_run_after_fail,,,,0.0,,,,,,,,
s031,100,8.2837,straight_cont,straight_cont,2,false,recovery_failed,875.0651101941937,9.549231541557479,,20.4,1.2011,0,875.065,"[9.559, 9.5492]","[8.2512, 8.2512]",8.251188906397154,-11.282020286808374,recovery_failed
s031,95,7.8695,straight_cont,straight_cont,2,false,not_run_after_fail,,,,0.0,,,,,,,,
s031,90,7.4553,straight_cont,straight_cont,2,false,not_run_after_fail,,,,0.0,,,,,,,,
s031,85,7.0411,straight_cont,straight_cont,2,false,not_run_after_fail,,,,0.0,,,,,,,,
s031,80,6.6269,straight_cont,straight_cont,2,false,not_run_after_fail,,,,0.0,,,,,,,,
s031,75,6.2128,straight_cont,straight_cont,2,false,not_run_after_fail,,,,0.0,,,,,,,,
s031,70,5.7986,straight_cont,straight_cont,2,false,not_run_after_fail,,,,0.0,,,,,,,,
s031,65,5.3844,straight_cont,straight_cont,2,false,not_run_after_fail,,,,0.0,,,,,,,,
s031,60,4.9702,straight_cont,straight_cont,2,false,not_run_after_fail,,,,0.0,,,,,,,,
s031,55,4.5560,straight_cont,straight_cont,2,false,not_run_after_fail,,,,0.0,,,,,,,,
s031,50,4.1418,straight_cont,straight_cont,2,false,not_run_after_fail,,,,0.0,,,,,,,,
s031,45,3.7277,straight_cont,straight_cont,2,false,not_run_after_fail,,,,0.0,,,,,,,,
s031,40,3.3135,straight_cont,straight_cont,2,false,not_run_after_fail,,,,0.0,,,,,,,,
s031,35,2.8993,straight_cont,straight_cont,2,false,not_run_after_fail,,,,0.0,,,,,,,,
s031,30,2.4851,straight_cont,straight_cont,2,false,not_run_after_fail,,,,0.0,,,,,,,,
s032,100,6.2607,straight_cont,straight_cont,2,false,recovery_failed,818.6909692402842,9.651609489511674,,17.8,1.0735,0,818.691,"[9.5178, 9.6516]","[8.2117, 8.2117]",8.211713113020977,-80.43134544757902,recovery_failed
s032,95,5.9477,straight_cont,straight_cont,2,false,not_run_after_fail,,,,0.0,,,,,,,,
s032,90,5.6346,straight_cont,straight_cont,2,false,not_run_after_fail,,,,0.0,,,,,,,,
s032,85,5.3216,straight_cont,straight_cont,2,false,not_run_after_fail,,,,0.0,,,,,,,,
s032,80,5.0086,straight_cont,straight_cont,2,false,not_run_after_fail,,,,0.0,,,,,,,,
s032,75,4.6955,straight_cont,straight_cont,2,false,not_run_after_fail,,,,0.0,,,,,,,,
s032,70,4.3825,straight_cont,straight_cont,2,false,not_run_after_fail,,,,0.0,,,,,,,,
s032,65,4.0695,straight_cont,straight_cont,2,false,not_run_after_fail,,,,0.0,,,,,,,,
s032,60,3.7564,straight_cont,straight_cont,2,false,not_run_after_fail,,,,0.0,,,,,,,,
s032,55,3.4434,straight_cont,straight_cont,2,false,not_run_after_fail,,,,0.0,,,,,,,,
s032,50,3.1304,straight_cont,straight_cont,2,false,not_run_after_fail,,,,0.0,,,,,,,,
s032,45,2.8173,straight_cont,straight_cont,2,false,not_run_after_fail,,,,0.0,,,,,,,,
s032,40,2.5043,straight_cont,straight_cont,2,false,not_run_after_fail,,,,0.0,,,,,,,,
s032,35,2.1912,straight_cont,straight_cont,2,false,not_run_after_fail,,,,0.0,,,,,,,,
s032,30,1.8782,straight_cont,straight_cont,2,false,not_run_after_fail,,,,0.0,,,,,,,,
s033,100,5.3083,straight_cont,straight_cont,2,false,recovery_failed,610.2171060551108,7.149630158243159,,18.4,1.1444,0,610.217,"[7.2223, 7.1496]","[7.1248, 7.1248]",7.124842478169307,-1.8413779062431592,recovery_failed
s033,95,5.0428,straight_cont,straight_cont,2,false,not_run_after_fail,,,,0.0,,,,,,,,
s033,90,4.7774,straight_cont,straight_cont,2,false,not_run_after_fail,,,,0.0,,,,,,,,
s033,85,4.5120,straight_cont,straight_cont,2,false,not_run_after_fail,,,,0.0,,,,,,,,
s033,80,4.2466,straight_cont,straight_cont,2,false,not_run_after_fail,,,,0.0,,,,,,,,
s033,75,3.9812,straight_cont,straight_cont,2,false,not_run_after_fail,,,,0.0,,,,,,,,
s033,70,3.7158,straight_cont,straight_cont,2,false,not_run_after_fail,,,,0.0,,,,,,,,
s033,65,3.4504,straight_cont,straight_cont,2,false,not_run_after_fail,,,,0.0,,,,,,,,
s033,60,3.1850,straight_cont,straight_cont,2,false,not_run_after_fail,,,,0.0,,,,,,,,
s033,55,2.9195,straight_cont,straight_cont,2,false,not_run_after_fail,,,,0.0,,,,,,,,
s033,50,2.6541,straight_cont,straight_cont,2,false,not_run_after_fail,,,,0.0,,,,,,,,
s033,45,2.3887,straight_cont,straight_cont,2,false,not_run_after_fail,,,,0.0,,,,,,,,
s033,40,2.1233,straight_cont,straight_cont,2,false,not_run_after_fail,,,,0.0,,,,,,,,
s033,35,1.8579,straight_cont,straight_cont,2,false,not_run_after_fail,,,,0.0,,,,,,,,
s033,30,1.5925,straight_cont,straight_cont,2,false,not_run_after_fail,,,,0.0,,,,,,,,
s034,100,6.9847,straight_cont,straight_cont,2,false,recovery_failed,803.6653219847605,7.990513684523543,,20.2,1.2238,0,803.665,"[7.9611, 7.9905]","[8.2618, 8.2618]",8.261791144267134,-1.005816791523543,recovery_failed
s034,95,6.6355,straight_cont,straight_cont,2,false,not_run_after_fail,,,,0.0,,,,,,,,
s034,90,6.2862,straight_cont,straight_cont,2,false,not_run_after_fail,,,,0.0,,,,,,,,
s034,85,5.9370,straight_cont,straight_cont,2,false,not_run_after_fail,,,,0.0,,,,,,,,
s034,80,5.5878,straight_cont,straight_cont,2,false,not_run_after_fail,,,,0.0,,,,,,,,
s034,75,5.2385,straight_cont,straight_cont,2,false,not_run_after_fail,,,,0.0,,,,,,,,
s034,70,4.8893,straight_cont,straight_cont,2,false,not_run_after_fail,,,,0.0,,,,,,,,
s034,65,4.5401,straight_cont,straight_cont,2,false,not_run_after_fail,,,,0.0,,,,,,,,
s034,60,4.1908,straight_cont,straight_cont,2,false,not_run_after_fail,,,,0.0,,,,,,,,
s034,55,3.8416,straight_cont,straight_cont,2,false,not_run_after_fail,,,,0.0,,,,,,,,
s034,50,3.4923,straight_cont,straight_cont,2,false,not_run_after_fail,,,,0.0,,,,,,,,
s034,45,3.1431,straight_cont,straight_cont,2,false,not_run_after_fail,,,,0.0,,,,,,,,
s034,40,2.7939,straight_cont,straight_cont,2,false,not_run_after_fail,,,,0.0,,,,,,,,
s034,35,2.4446,straight_cont,straight_cont,2,false,not_run_after_fail,,,,0.0,,,,,,,,
s034,30,2.0954,straight_cont,straight_cont,2,false,not_run_after_fail,,,,0.0,,,,,,,,
s035,100,9.1356,straight_cont,straight_cont,2,false,recovery_failed,700.0,7.735709418336885,,18.9,1.1685,0,700.0,"[7.7357, 7.7357]","[7.7357, 7.7357]",7.735713933704,-56.85599683244857,recovery_failed
s035,95,8.6789,straight_cont,straight_cont,2,false,not_run_after_fail,,,,0.0,,,,,,,,
s035,90,8.2221,straight_cont,straight_cont,2,false,not_run_after_fail,,,,0.0,,,,,,,,
s035,85,7.7653,straight_cont,straight_cont,2,false,not_run_after_fail,,,,0.0,,,,,,,,
s035,80,7.3085,straight_cont,straight_cont,2,false,not_run_after_fail,,,,0.0,,,,,,,,
s035,75,6.8517,straight_cont,straight_cont,2,false,not_run_after_fail,,,,0.0,,,,,,,,
s035,70,6.3949,straight_cont,straight_cont,2,false,not_run_after_fail,,,,0.0,,,,,,,,
s035,65,5.9382,straight_cont,straight_cont,2,false,not_run_after_fail,,,,0.0,,,,,,,,
s035,60,5.4814,straight_cont,straight_cont,2,false,not_run_after_fail,,,,0.0,,,,,,,,
s035,55,5.0246,straight_cont,straight_cont,2,false,not_run_after_fail,,,,0.0,,,,,,,,
s035,50,4.5678,straight_cont,straight_cont,2,false,not_run_after_fail,,,,0.0,,,,,,,,
s035,45,4.1110,straight_cont,straight_cont,2,false,not_run_after_fail,,,,0.0,,,,,,,,
s035,40,3.6543,straight_cont,straight_cont,2,false,not_run_after_fail,,,,0.0,,,,,,,,
s035,35,3.1975,straight_cont,straight_cont,2,false,not_run_after_fail,,,,0.0,,,,,,,,
s035,30,2.7407,straight_cont,straight_cont,2,false,not_run_after_fail,,,,0.0,,,,,,,,
s036,100,8.2233,straight_cont,straight_cont,2,false,recovery_failed,682.3037714809772,8.620254669610775,,19.2,1.1858,0,682.304,"[8.6148, 8.6203]","[7.135, 7.135]",7.135045894573038,-23.51078452539407,recovery_failed
s036,95,7.8121,straight_cont,straight_cont,2,false,not_run_after_fail,,,,0.0,,,,,,,,
s036,90,7.4009,straight_cont,straight_cont,2,false,not_run_after_fail,,,,0.0,,,,,,,,
s036,85,6.9898,straight_cont,straight_cont,2,false,not_run_after_fail,,,,0.0,,,,,,,,
s036,80,6.5786,straight_cont,straight_cont,2,false,not_run_after_fail,,,,0.0,,,,,,,,
s036,75,6.1674,straight_cont,straight_cont,2,false,not_run_after_fail,,,,0.0,,,,,,,,
s036,70,5.7563,straight_cont,straight_cont,2,false,not_run_after_fail,,,,0.0,,,,,,,,
s036,65,5.3451,straight_cont,straight_cont,2,false,not_run_after_fail,,,,0.0,,,,,,,,
s036,60,4.9340,straight_cont,straight_cont,2,false,not_run_after_fail,,,,0.0,,,,,,,,
s036,55,4.5228,straight_cont,straight_cont,2,false,not_run_after_fail,,,,0.0,,,,,,,,
s036,50,4.1116,straight_cont,straight_cont,2,false,not_run_after_fail,,,,0.0,,,,,,,,
s036,45,3.7005,straight_cont,straight_cont,2,false,not_run_after_fail,,,,0.0,,,,,,,,
s036,40,3.2893,straight_cont,straight_cont,2,false,not_run_after_fail,,,,0.0,,,,,,,,
s036,35,2.8781,straight_cont,straight_cont,2,false,not_run_after_fail,,,,0.0,,,,,,,,
s036,30,2.4670,straight_cont,straight_cont,2,false,not_run_after_fail,,,,0.0,,,,,,,,
s037,100,8.2798,straight_cont,straight_cont,2,false,recovery_failed,804.249136615674,8.342677716537805,,18.4,1.0827,0,804.249,"[8.2992, 8.3427]","[8.2112, 8.2112]",8.211209424441488,-37.820732513291205,recovery_failed
s037,95,7.8658,straight_cont,straight_cont,2,false,not_run_after_fail,,,,0.0,,,,,,,,
s037,90,7.4518,straight_cont,straight_cont,2,false,not_run_after_fail,,,,0.0,,,,,,,,
s037,85,7.0378,straight_cont,straight_cont,2,false,not_run_after_fail,,,,0.0,,,,,,,,
s037,80,6.6238,straight_cont,straight_cont,2,false,not_run_after_fail,,,,0.0,,,,,,,,
s037,75,6.2098,straight_cont,straight_cont,2,false,not_run_after_fail,,,,0.0,,,,,,,,
s037,70,5.7958,straight_cont,straight_cont,2,false,not_run_after_fail,,,,0.0,,,,,,,,
s037,65,5.3818,straight_cont,straight_cont,2,false,not_run_after_fail,,,,0.0,,,,,,,,
s037,60,4.9679,straight_cont,straight_cont,2,false,not_run_after_fail,,,,0.0,,,,,,,,
s037,55,4.5539,straight_cont,straight_cont,2,false,not_run_after_fail,,,,0.0,,,,,,,,
s037,50,4.1399,straight_cont,straight_cont,2,false,not_run_after_fail,,,,0.0,,,,,,,,
s037,45,3.7259,straight_cont,straight_cont,2,false,not_run_after_fail,,,,0.0,,,,,,,,
s037,40,3.3119,straight_cont,straight_cont,2,false,not_run_after_fail,,,,0.0,,,,,,,,
s037,35,2.8979,straight_cont,straight_cont,2,false,not_run_after_fail,,,,0.0,,,,,,,,
s037,30,2.4839,straight_cont,straight_cont,2,false,not_run_after_fail,,,,0.0,,,,,,,,
s038,100,8.6716,straight_cont,straight_cont,2,false,recovery_failed,800.0,8.250545103681599,,19.1,1.1579,0,800.0,"[8.2505, 8.2505]","[8.2509, 8.2509]",8.250879274970007,-38.30522388901491,recovery_failed
s038,95,8.2381,straight_cont,straight_cont,2,false,not_run_after_fail,,,,0.0,,,,,,,,
s038,90,7.8045,straight_cont,straight_cont,2,false,not_run_after_fail,,,,0.0,,,,,,,,
s038,85,7.3709,straight_cont,straight_cont,2,false,not_run_after_fail,,,,0.0,,,,,,,,
s038,80,6.9373,straight_cont,straight_cont,2,false,not_run_after_fail,,,,0.0,,,,,,,,
s038,75,6.5037,straight_cont,straight_cont,2,false,not_run_after_fail,,,,0.0,,,,,,,,
s038,70,6.0702,straight_cont,straight_cont,2,false,not_run_after_fail,,,,0.0,,,,,,,,
s038,65,5.6366,straight_cont,straight_cont,2,false,not_run_after_fail,,,,0.0,,,,,,,,
s038,60,5.2030,straight_cont,straight_cont,2,false,not_run_after_fail,,,,0.0,,,,,,,,
s038,55,4.7694,straight_cont,straight_cont,2,false,not_run_after_fail,,,,0.0,,,,,,,,
s038,50,4.3358,straight_cont,straight_cont,2,false,not_run_after_fail,,,,0.0,,,,,,,,
s038,45,3.9022,straight_cont,straight_cont,2,false,not_run_after_fail,,,,0.0,,,,,,,,
s038,40,3.4687,straight_cont,straight_cont,2,false,not_run_after_fail,,,,0.0,,,,,,,,
s038,35,3.0351,straight_cont,straight_cont,2,false,not_run_after_fail,,,,0.0,,,,,,,,
s038,30,2.6015,straight_cont,straight_cont,2,false,not_run_after_fail,,,,0.0,,,,,,,,
s039,100,5.4134,straight_cont,straight_cont,2,false,recovery_failed,644.2972772706204,8.744322882859274,,20.1,1.2473,0,644.297,"[9.0684, 8.7443]","[7.1536, 7.1536]",7.153642182239867,-3.330907545859274,recovery_failed
s039,95,5.1427,straight_cont,straight_cont,2,false,not_run_after_fail,,,,0.0,,,,,,,,
s039,90,4.8721,straight_cont,straight_cont,2,false,not_run_after_fail,,,,0.0,,,,,,,,
s039,85,4.6014,straight_cont,straight_cont,2,false,not_run_after_fail,,,,0.0,,,,,,,,
s039,80,4.3307,straight_cont,straight_cont,2,false,not_run_after_fail,,,,0.0,,,,,,,,
s039,75,4.0601,straight_cont,straight_cont,2,false,not_run_after_fail,,,,0.0,,,,,,,,
s039,70,3.7894,straight_cont,straight_cont,2,false,not_run_after_fail,,,,0.0,,,,,,,,
s039,65,3.5187,straight_cont,straight_cont,2,false,not_run_after_fail,,,,0.0,,,,,,,,
s039,60,3.2480,straight_cont,straight_cont,2,false,not_run_after_fail,,,,0.0,,,,,,,,
s039,55,2.9774,straight_cont,straight_cont,2,false,not_run_after_fail,,,,0.0,,,,,,,,
s039,50,2.7067,straight_cont,straight_cont,2,false,not_run_after_fail,,,,0.0,,,,,,,,
s039,45,2.4360,straight_cont,straight_cont,2,false,not_run_after_fail,,,,0.0,,,,,,,,
s039,40,2.1654,straight_cont,straight_cont,2,false,not_run_after_fail,,,,0.0,,,,,,,,
s039,35,1.8947,straight_cont,straight_cont,2,false,not_run_after_fail,,,,0.0,,,,,,,,
s039,30,1.6240,straight_cont,straight_cont,2,false,not_run_after_fail,,,,0.0,,,,,,,,
s040,100,6.0180,straight_cont,straight_cont,2,false,recovery_failed,703.6833945536431,7.832264333832398,,17.8,1.0868,0,703.683,"[7.8062, 7.8323]","[7.6917, 7.6917]",7.6917052505852,-1.8142790168323977,recovery_failed
s040,95,5.7171,straight_cont,straight_cont,2,false,not_run_after_fail,,,,0.0,,,,,,,,
s040,90,5.4162,straight_cont,straight_cont,2,false,not_run_after_fail,,,,0.0,,,,,,,,
s040,85,5.1153,straight_cont,straight_cont,2,false,not_run_after_fail,,,,0.0,,,,,,,,
s040,80,4.8144,straight_cont,straight_cont,2,false,not_run_after_fail,,,,0.0,,,,,,,,
s040,75,4.5135,straight_cont,straight_cont,2,false,not_run_after_fail,,,,0.0,,,,,,,,
s040,70,4.2126,straight_cont,straight_cont,2,false,not_run_after_fail,,,,0.0,,,,,,,,
s040,65,3.9117,straight_cont,straight_cont,2,false,not_run_after_fail,,,,0.0,,,,,,,,
s040,60,3.6108,straight_cont,straight_cont,2,false,not_run_after_fail,,,,0.0,,,,,,,,
s040,55,3.3099,straight_cont,straight_cont,2,false,not_run_after_fail,,,,0.0,,,,,,,,
s040,50,3.0090,straight_cont,straight_cont,2,false,not_run_after_fail,,,,0.0,,,,,,,,
s040,45,2.7081,straight_cont,straight_cont,2,false,not_run_after_fail,,,,0.0,,,,,,,,
s040,40,2.4072,straight_cont,straight_cont,2,false,not_run_after_fail,,,,0.0,,,,,,,,
s040,35,2.1063,straight_cont,straight_cont,2,false,not_run_after_fail,,,,0.0,,,,,,,,
s040,30,1.8054,straight_cont,straight_cont,2,false,not_run_after_fail,,,,0.0,,,,,,,,
s041,100,7.4389,straight_cont,straight_cont,2,false,recovery_failed,616.8848992359588,8.11929801849759,,19.3,1.2002,0,616.885,"[8.1985, 8.1193]","[7.1725, 7.1725]",7.172506022216192,-41.68825732083562,recovery_failed
s041,95,7.0670,straight_cont,straight_cont,2,false,not_run_after_fail,,,,0.0,,,,,,,,
s041,90,6.6950,straight_cont,straight_cont,2,false,not_run_after_fail,,,,0.0,,,,,,,,
s041,85,6.3231,straight_cont,straight_cont,2,false,not_run_after_fail,,,,0.0,,,,,,,,
s041,80,5.9511,straight_cont,straight_cont,2,false,not_run_after_fail,,,,0.0,,,,,,,,
s041,75,5.5792,straight_cont,straight_cont,2,false,not_run_after_fail,,,,0.0,,,,,,,,
s041,70,5.2072,straight_cont,straight_cont,2,false,not_run_after_fail,,,,0.0,,,,,,,,
s041,65,4.8353,straight_cont,straight_cont,2,false,not_run_after_fail,,,,0.0,,,,,,,,
s041,60,4.4634,straight_cont,straight_cont,2,false,not_run_after_fail,,,,0.0,,,,,,,,
s041,55,4.0914,straight_cont,straight_cont,2,false,not_run_after_fail,,,,0.0,,,,,,,,
s041,50,3.7195,straight_cont,straight_cont,2,false,not_run_after_fail,,,,0.0,,,,,,,,
s041,45,3.3475,straight_cont,straight_cont,2,false,not_run_after_fail,,,,0.0,,,,,,,,
s041,40,2.9756,straight_cont,straight_cont,2,false,not_run_after_fail,,,,0.0,,,,,,,,
s041,35,2.6036,straight_cont,straight_cont,2,false,not_run_after_fail,,,,0.0,,,,,,,,
s041,30,2.2317,straight_cont,straight_cont,2,false,not_run_after_fail,,,,0.0,,,,,,,,
s042,100,9.2937,straight_cont,straight_cont,2,true,,717.3586279129734,8.252395340876927,0.7562,17.7,1.0821,0,717.359,"[8.4354, 8.2524]","[7.6928, 7.6928]",7.6927947090247955,0.005828091763641109,optimized
s042,95,8.8290,straight_cont,straight_cont,2,true,,717.356324693751,8.25220917360421,0.7562,17.7,1.0787,0,717.356,"[8.4354, 8.2522]","[7.6928, 7.6928]",7.6927947090247955,0.005825923096478627,optimized
s042,90,8.3643,straight_cont,straight_cont,2,true,,717.3498234535092,8.251580783306293,0.7562,17.5,1.0676,0,717.35,"[8.435, 8.2516]","[7.6928, 7.6928]",7.6927947090247955,0.005819292004205362,optimized
s042,85,7.8996,straight_cont,straight_cont,2,true,,715.8301730695224,7.890742972575165,0.7546,18.3,1.1166,0,715.83,"[8.1558, 7.8907]","[7.6928, 7.6928]",7.6927947090247955,0.008866578424835403,optimized
s042,80,7.4349,straight_cont,straight_cont,2,false,recovery_failed,718.945893919733,7.912967026576936,,18.3,1.1159,0,718.946,"[7.8478, 7.913]","[7.6928, 7.6928]",7.6927947090247955,-0.4780403315769366,recovery_failed
s042,75,6.9702,straight_cont,straight_cont,2,false,not_run_after_fail,,,,0.0,,,,,,,,
s042,70,6.5056,straight_cont,straight_cont,2,false,not_run_after_fail,,,,0.0,,,,,,,,
s042,65,6.0409,straight_cont,straight_cont,2,false,not_run_after_fail,,,,0.0,,,,,,,,
s042,60,5.5762,straight_cont,straight_cont,2,false,not_run_after_fail,,,,0.0,,,,,,,,
s042,55,5.1115,straight_cont,straight_cont,2,false,not_run_after_fail,,,,0.0,,,,,,,,
s042,50,4.6468,straight_cont,straight_cont,2,false,not_run_after_fail,,,,0.0,,,,,,,,
s042,45,4.1821,straight_cont,straight_cont,2,false,not_run_after_fail,,,,0.0,,,,,,,,
s042,40,3.7175,straight_cont,straight_cont,2,false,not_run_after_fail,,,,0.0,,,,,,,,
s042,35,3.2528,straight_cont,straight_cont,2,false,not_run_after_fail,,,,0.0,,,,,,,,
s042,30,2.7881,straight_cont,straight_cont,2,false,not_run_after_fail,,,,0.0,,,,,,,,
s043,100,8.1311,straight_cont,straight_cont,2,false,recovery_failed,700.5531156307927,7.684748295692239,,17.3,1.0649,0,700.553,"[7.6799, 7.6847]","[7.6875, 7.6875]",7.687479331381257,-36.58594265697157,recovery_failed
s043,95,7.7245,straight_cont,straight_cont,2,false,not_run_after_fail,,,,0.0,,,,,,,,
s043,90,7.3180,straight_cont,straight_cont,2,false,not_run_after_fail,,,,0.0,,,,,,,,
s043,85,6.9114,straight_cont,straight_cont,2,false,not_run_after_fail,,,,0.0,,,,,,,,
s043,80,6.5049,straight_cont,straight_cont,2,false,not_run_after_fail,,,,0.0,,,,,,,,
s043,75,6.0983,straight_cont,straight_cont,2,false,not_run_after_fail,,,,0.0,,,,,,,,
s043,70,5.6918,straight_cont,straight_cont,2,false,not_run_after_fail,,,,0.0,,,,,,,,
s043,65,5.2852,straight_cont,straight_cont,2,false,not_run_after_fail,,,,0.0,,,,,,,,
s043,60,4.8786,straight_cont,straight_cont,2,false,not_run_after_fail,,,,0.0,,,,,,,,
s043,55,4.4721,straight_cont,straight_cont,2,false,not_run_after_fail,,,,0.0,,,,,,,,
s043,50,4.0655,straight_cont,straight_cont,2,false,not_run_after_fail,,,,0.0,,,,,,,,
s043,45,3.6590,straight_cont,straight_cont,2,false,not_run_after_fail,,,,0.0,,,,,,,,
s043,40,3.2524,straight_cont,straight_cont,2,false,not_run_after_fail,,,,0.0,,,,,,,,
s043,35,2.8459,straight_cont,straight_cont,2,false,not_run_after_fail,,,,0.0,,,,,,,,
s043,30,2.4393,straight_cont,straight_cont,2,false,not_run_after_fail,,,,0.0,,,,,,,,
s044,100,8.6710,straight_cont,straight_cont,2,false,recovery_failed,829.6835280013846,9.391496411752964,,18.4,1.1051,0,829.684,"[9.3121, 9.3915]","[8.2456, 8.2456]",8.245639535551046,-0.720498237752965,recovery_failed
s044,95,8.2374,straight_cont,straight_cont,2,false,not_run_after_fail,,,,0.0,,,,,,,,
s044,90,7.8039,straight_cont,straight_cont,2,false,not_run_after_fail,,,,0.0,,,,,,,,
s044,85,7.3703,straight_cont,straight_cont,2,false,not_run_after_fail,,,,0.0,,,,,,,,
s044,80,6.9368,straight_cont,straight_cont,2,false,not_run_after_fail,,,,0.0,,,,,,,,
s044,75,6.5032,straight_cont,straight_cont,2,false,not_run_after_fail,,,,0.0,,,,,,,,
s044,70,6.0697,straight_cont,straight_cont,2,false,not_run_after_fail,,,,0.0,,,,,,,,
s044,65,5.6361,straight_cont,straight_cont,2,false,not_run_after_fail,,,,0.0,,,,,,,,
s044,60,5.2026,straight_cont,straight_cont,2,false,not_run_after_fail,,,,0.0,,,,,,,,
s044,55,4.7690,straight_cont,straight_cont,2,false,not_run_after_fail,,,,0.0,,,,,,,,
s044,50,4.3355,straight_cont,straight_cont,2,false,not_run_after_fail,,,,0.0,,,,,,,,
s044,45,3.9019,straight_cont,straight_cont,2,false,not_run_after_fail,,,,0.0,,,,,,,,
s044,40,3.4684,straight_cont,straight_cont,2,false,not_run_after_fail,,,,0.0,,,,,,,,
s044,35,3.0348,straight_cont,straight_cont,2,false,not_run_after_fail,,,,0.0,,,,,,,,
s044,30,2.6013,straight_cont,straight_cont,2,false,not_run_after_fail,,,,0.0,,,,,,,,
s045,100,8.8536,straight_cont,straight_cont,2,false,recovery_failed,706.7965655800241,7.7357178567717915,,18.8,1.1395,0,706.797,"[7.6405, 7.7357]","[7.7358, 7.7358]",7.735779553106457,-9.295717818246045,recovery_failed
s045,95,8.4109,straight_cont,straight_cont,2,false,not_run_after_fail,,,,0.0,,,,,,,,
s045,90,7.9682,straight_cont,straight_cont,2,false,not_run_after_fail,,,,0.0,,,,,,,,
s045,85,7.5255,straight_cont,straight_cont,2,false,not_run_after_fail,,,,0.0,,,,,,,,
s045,80,7.0829,straight_cont,straight_cont,2,false,not_run_after_fail,,,,0.0,,,,,,,,
s045,75,6.6402,straight_cont,straight_cont,2,false,not_run_after_fail,,,,0.0,,,,,,,,
s045,70,6.1975,straight_cont,straight_cont,2,false,not_run_after_fail,,,,0.0,,,,,,,,
s045,65,5.7548,straight_cont,straight_cont,2,false,not_run_after_fail,,,,0.0,,,,,,,,
s045,60,5.3121,straight_cont,straight_cont,2,false,not_run_after_fail,,,,0.0,,,,,,,,
s045,55,4.8695,straight_cont,straight_cont,2,false,not_run_after_fail,,,,0.0,,,,,,,,
s045,50,4.4268,straight_cont,straight_cont,2,false,not_run_after_fail,,,,0.0,,,,,,,,
s045,45,3.9841,straight_cont,straight_cont,2,false,not_run_after_fail,,,,0.0,,,,,,,,
s045,40,3.5414,straight_cont,straight_cont,2,false,not_run_after_fail,,,,0.0,,,,,,,,
s045,35,3.0988,straight_cont,straight_cont,2,false,not_run_after_fail,,,,0.0,,,,,,,,
s045,30,2.6561,straight_cont,straight_cont,2,false,not_run_after_fail,,,,0.0,,,,,,,,
s046,100,5.5511,straight_cont,straight_cont,2,false,recovery_failed,805.5672941338729,8.641874092062936,,18.8,1.1286,0,805.567,"[8.5422, 8.6419]","[8.227, 8.227]",8.227016535116064,-32.265792817157404,recovery_failed
s046,95,5.2735,straight_cont,straight_cont,2,false,not_run_after_fail,,,,0.0,,,,,,,,
s046,90,4.9960,straight_cont,straight_cont,2,false,not_run_after_fail,,,,0.0,,,,,,,,
s046,85,4.7184,straight_cont,straight_cont,2,false,not_run_after_fail,,,,0.0,,,,,,,,
s046,80,4.4409,straight_cont,straight_cont,2,false,not_run_after_fail,,,,0.0,,,,,,,,
s046,75,4.1633,straight_cont,straight_cont,2,false,not_run_after_fail,,,,0.0,,,,,,,,
s046,70,3.8858,straight_cont,straight_cont,2,false,not_run_after_fail,,,,0.0,,,,,,,,
s046,65,3.6082,straight_cont,straight_cont,2,false,not_run_after_fail,,,,0.0,,,,,,,,
s046,60,3.3307,straight_cont,straight_cont,2,false,not_run_after_fail,,,,0.0,,,,,,,,
s046,55,3.0531,straight_cont,straight_cont,2,false,not_run_after_fail,,,,0.0,,,,,,,,
s046,50,2.7755,straight_cont,straight_cont,2,false,not_run_after_fail,,,,0.0,,,,,,,,
s046,45,2.4980,straight_cont,straight_cont,2,false,not_run_after_fail,,,,0.0,,,,,,,,
s046,40,2.2204,straight_cont,straight_cont,2,false,not_run_after_fail,,,,0.0,,,,,,,,
s046,35,1.9429,straight_cont,straight_cont,2,false,not_run_after_fail,,,,0.0,,,,,,,,
s046,30,1.6653,straight_cont,straight_cont,2,false,not_run_after_fail,,,,0.0,,,,,,,,
s047,100,6.5442,straight_cont,straight_cont,2,false,recovery_failed,614.1626476045979,7.601615046501149,,18.1,1.1422,0,614.163,"[7.559, 7.6016]","[7.1502, 7.1502]",7.15018276536664,-30.173432908978914,recovery_failed
s047,95,6.2170,straight_cont,straight_cont,2,false,not_run_after_fail,,,,0.0,,,,,,,,
s047,90,5.8897,straight_cont,straight_cont,2,false,not_run_after_fail,,,,0.0,,,,,,,,
s047,85,5.5625,straight_cont,straight_cont,2,false,not_run_after_fail,,,,0.0,,,,,,,,
s047,80,5.2353,straight_cont,straight_cont,2,false,not_run_after_fail,,,,0.0,,,,,,,,
s047,75,4.9081,straight_cont,straight_cont,2,false,not_run_after_fail,,,,0.0,,,,,,,,
s047,70,4.5809,straight_cont,straight_cont,2,false,not_run_after_fail,,,,0.0,,,,,,,,
s047,65,4.2537,straight_cont,straight_cont,2,false,not_run_after_fail,,,,0.0,,,,,,,,
s047,60,3.9265,straight_cont,straight_cont,2,false,not_run_after_fail,,,,0.0,,,,,,,,
s047,55,3.5993,straight_cont,straight_cont,2,false,not_run_after_fail,,,,0.0,,,,,,,,
s047,50,3.2721,straight_cont,straight_cont,2,false,not_run_after_fail,,,,0.0,,,,,,,,
s047,45,2.9449,straight_cont,straight_cont,2,false,not_run_after_fail,,,,0.0,,,,,,,,
s047,40,2.6177,straight_cont,straight_cont,2,false,not_run_after_fail,,,,0.0,,,,,,,,
s047,35,2.2905,straight_cont,straight_cont,2,false,not_run_after_fail,,,,0.0,,,,,,,,
s047,30,1.9632,straight_cont,straight_cont,2,false,not_run_after_fail,,,,0.0,,,,,,,,
s048,100,5.5484,straight_cont,straight_cont,2,false,recovery_failed,800.0,8.21092603357648,,17.0,1.0208,0,800.0,"[8.2109, 8.2109]","[8.2247, 8.2247]",8.224660586783935,-26.59494734620966,recovery_failed
s048,95,5.2710,straight_cont,straight_cont,2,false,not_run_after_fail,,,,0.0,,,,,,,,
s048,90,4.9936,straight_cont,straight_cont,2,false,not_run_after_fail,,,,0.0,,,,,,,,
s048,85,4.7162,straight_cont,straight_cont,2,false,not_run_after_fail,,,,0.0,,,,,,,,
s048,80,4.4387,straight_cont,straight_cont,2,false,not_run_after_fail,,,,0.0,,,,,,,,
s048,75,4.1613,straight_cont,straight_cont,2,false,not_run_after_fail,,,,0.0,,,,,,,,
s048,70,3.8839,straight_cont,straight_cont,2,false,not_run_after_fail,,,,0.0,,,,,,,,
s048,65,3.6065,straight_cont,straight_cont,2,false,not_run_after_fail,,,,0.0,,,,,,,,
s048,60,3.3290,straight_cont,straight_cont,2,false,not_run_after_fail,,,,0.0,,,,,,,,
s048,55,3.0516,straight_cont,straight_cont,2,false,not_run_after_fail,,,,0.0,,,,,,,,
s048,50,2.7742,straight_cont,straight_cont,2,false,not_run_after_fail,,,,0.0,,,,,,,,
s048,45,2.4968,straight_cont,straight_cont,2,false,not_run_after_fail,,,,0.0,,,,,,,,
s048,40,2.2194,straight_cont,straight_cont,2,false,not_run_after_fail,,,,0.0,,,,,,,,
s048,35,1.9419,straight_cont,straight_cont,2,false,not_run_after_fail,,,,0.0,,,,,,,,
s048,30,1.6645,straight_cont,straight_cont,2,false,not_run_after_fail,,,,0.0,,,,,,,,
s049,100,5.6858,straight_cont,straight_cont,2,false,recovery_failed,800.0,8.222306561824144,,17.0,1.0237,0,800.0,"[8.2223, 8.2223]","[8.2312, 8.2312]",8.231168792752484,-65.24161871079997,recovery_failed
s049,95,5.4015,straight_cont,straight_cont,2,false,not_run_after_fail,,,,0.0,,,,,,,,
s049,90,5.1172,straight_cont,straight_cont,2,false,not_run_after_fail,,,,0.0,,,,,,,,
s049,85,4.8329,straight_cont,straight_cont,2,false,not_run_after_fail,,,,0.0,,,,,,,,
s049,80,4.5486,straight_cont,straight_cont,2,false,not_run_after_fail,,,,0.0,,,,,,,,
s049,75,4.2643,straight_cont,straight_cont,2,false,not_run_after_fail,,,,0.0,,,,,,,,
s049,70,3.9800,straight_cont,straight_cont,2,false,not_run_after_fail,,,,0.0,,,,,,,,
s049,65,3.6958,straight_cont,straight_cont,2,false,not_run_after_fail,,,,0.0,,,,,,,,
s049,60,3.4115,straight_cont,straight_cont,2,false,not_run_after_fail,,,,0.0,,,,,,,,
s049,55,3.1272,straight_cont,straight_cont,2,false,not_run_after_fail,,,,0.0,,,,,,,,
s049,50,2.8429,straight_cont,straight_cont,2,false,not_run_after_fail,,,,0.0,,,,,,,,
s049,45,2.5586,straight_cont,straight_cont,2,false,not_run_after_fail,,,,0.0,,,,,,,,
s049,40,2.2743,straight_cont,straight_cont,2,false,not_run_after_fail,,,,0.0,,,,,,,,
s049,35,1.9900,straight_cont,straight_cont,2,false,not_run_after_fail,,,,0.0,,,,,,,,
s049,30,1.7057,straight_cont,straight_cont,2,false,not_run_after_fail,,,,0.0,,,,,,,,
s050,100,4.1503,straight_cont,straight_cont,2,false,recovery_failed,771.6449970267254,6.783943403788615,,19.7,1.2181,0,771.645,"[6.91, 6.7839]","[7.6873, 7.6873]",7.687311164619027,-2.6336890817886145,recovery_failed
s050,95,3.9427,straight_cont,straight_cont,2,false,not_run_after_fail,,,,0.0,,,,,,,,
s050,90,3.7352,straight_cont,straight_cont,2,false,not_run_after_fail,,,,0.0,,,,,,,,
s050,85,3.5277,straight_cont,straight_cont,2,false,not_run_after_fail,,,,0.0,,,,,,,,
s050,80,3.3202,straight_cont,straight_cont,2,false,not_run_after_fail,,,,0.0,,,,,,,,
s050,75,3.1127,straight_cont,straight_cont,2,false,not_run_after_fail,,,,0.0,,,,,,,,
s050,70,2.9052,straight_cont,straight_cont,2,false,not_run_after_fail,,,,0.0,,,,,,,,
s050,65,2.6977,straight_cont,straight_cont,2,false,not_run_after_fail,,,,0.0,,,,,,,,
s050,60,2.4902,straight_cont,straight_cont,2,false,not_run_after_fail,,,,0.0,,,,,,,,
s050,55,2.2826,straight_cont,straight_cont,2,false,not_run_after_fail,,,,0.0,,,,,,,,
s050,50,2.0751,straight_cont,straight_cont,2,false,not_run_after_fail,,,,0.0,,,,,,,,
s050,45,1.8676,straight_cont,straight_cont,2,false,not_run_after_fail,,,,0.0,,,,,,,,
s050,40,1.6601,straight_cont,straight_cont,2,false,not_run_after_fail,,,,0.0,,,,,,,,
s050,35,1.4526,straight_cont,straight_cont,2,false,not_run_after_fail,,,,0.0,,,,,,,,
s050,30,1.2451,straight_cont,straight_cont,2,false,not_run_after_fail,,,,0.0,,,,,,,,
s051,100,5.9726,straight_cont,straight_cont,2,false,recovery_failed,712.9336283531209,7.970374050696353,,20.1,1.2143,0,712.934,"[7.9646, 7.9704]","[7.6925, 7.6925]",7.692461566261244,-1.997762965696353,recovery_failed
s051,95,5.6740,straight_cont,straight_cont,2,false,not_run_after_fail,,,,0.0,,,,,,,,
s051,90,5.3753,straight_cont,straight_cont,2,false,not_run_after_fail,,,,0.0,,,,,,,,
s051,85,5.0767,straight_cont,straight_cont,2,false,not_run_after_fail,,,,0.0,,,,,,,,
s051,80,4.7781,straight_cont,straight_cont,2,false,not_run_after_fail,,,,0.0,,,,,,,,
s051,75,4.4795,straight_cont,straight_cont,2,false,not_run_after_fail,,,,0.0,,,,,,,,
s051,70,4.1808,straight_cont,straight_cont,2,false,not_run_after_fail,,,,0.0,,,,,,,,
s051,65,3.8822,straight_cont,straight_cont,2,false,not_run_after_fail,,,,0.0,,,,,,,,
s051,60,3.5836,straight_cont,straight_cont,2,false,not_run_after_fail,,,,0.0,,,,,,,,
s051,55,3.2849,straight_cont,straight_cont,2,false,not_run_after_fail,,,,0.0,,,,,,,,
s051,50,2.9863,straight_cont,straight_cont,2,false,not_run_after_fail,,,,0.0,,,,,,,,
s051,45,2.6877,straight_cont,straight_cont,2,false,not_run_after_fail,,,,0.0,,,,,,,,
s051,40,2.3890,straight_cont,straight_cont,2,false,not_run_after_fail,,,,0.0,,,,,,,,
s051,35,2.0904,straight_cont,straight_cont,2,false,not_run_after_fail,,,,0.0,,,,,,,,
s051,30,1.7918,straight_cont,straight_cont,2,false,not_run_after_fail,,,,0.0,,,,,,,,
s052,100,7.3896,straight_cont,straight_cont,2,false,recovery_failed,600.0,7.156625021212676,,16.6,1.0120,0,600.0,"[7.1566, 7.1566]","[7.1626, 7.1626]",7.162629846031686,-49.564115772899314,recovery_failed
s052,95,7.0202,straight_cont,straight_cont,2,false,not_run_after_fail,,,,0.0,,,,,,,,
s052,90,6.6507,straight_cont,straight_cont,2,false,not_run_after_fail,,,,0.0,,,,,,,,
s052,85,6.2812,straight_cont,straight_cont,2,false,not_run_after_fail,,,,0.0,,,,,,,,
s052,80,5.9117,straight_cont,straight_cont,2,false,not_run_after_fail,,,,0.0,,,,,,,,
s052,75,5.5422,straight_cont,straight_cont,2,false,not_run_after_fail,,,,0.0,,,,,,,,
s052,70,5.1728,straight_cont,straight_cont,2,false,not_run_after_fail,,,,0.0,,,,,,,,
s052,65,4.8033,straight_cont,straight_cont,2,false,not_run_after_fail,,,,0.0,,,,,,,,
s052,60,4.4338,straight_cont,straight_cont,2,false,not_run_after_fail,,,,0.0,,,,,,,,
s052,55,4.0643,straight_cont,straight_cont,2,false,not_run_after_fail,,,,0.0,,,,,,,,
s052,50,3.6948,straight_cont,straight_cont,2,false,not_run_after_fail,,,,0.0,,,,,,,,
s052,45,3.3253,straight_cont,straight_cont,2,false,not_run_after_fail,,,,0.0,,,,,,,,
s052,40,2.9559,straight_cont,straight_cont,2,false,not_run_after_fail,,,,0.0,,,,,,,,
s052,35,2.5864,straight_cont,straight_cont,2,false,not_run_after_fail,,,,0.0,,,,,,,,
s052,30,2.2169,straight_cont,straight_cont,2,false,not_run_after_fail,,,,0.0,,,,,,,,
s053,100,4.9907,straight_cont,straight_cont,2,false,recovery_failed,611.9549280990086,7.5488473289873435,,20.2,1.2445,0,611.955,"[7.5174, 7.5488]","[7.1675, 7.1675]",7.167475790472574,-2.5581862969873432,recovery_failed
s053,95,4.7411,straight_cont,straight_cont,2,false,not_run_after_fail,,,,0.0,,,,,,,,
s053,90,4.4916,straight_cont,straight_cont,2,false,not_run_after_fail,,,,0.0,,,,,,,,
s053,85,4.2421,straight_cont,straight_cont,2,false,not_run_after_fail,,,,0.0,,,,,,,,
s053,80,3.9925,straight_cont,straight_cont,2,false,not_run_after_fail,,,,0.0,,,,,,,,
s053,75,3.7430,straight_cont,straight_cont,2,false,not_run_after_fail,,,,0.0,,,,,,,,
s053,70,3.4935,straight_cont,straight_cont,2,false,not_run_after_fail,,,,0.0,,,,,,,,
s053,65,3.2439,straight_cont,straight_cont,2,false,not_run_after_fail,,,,0.0,,,,,,,,
s053,60,2.9944,straight_cont,straight_cont,2,false,not_run_after_fail,,,,0.0,,,,,,,,
s053,55,2.7449,straight_cont,straight_cont,2,false,not_run_after_fail,,,,0.0,,,,,,,,
s053,50,2.4953,straight_cont,straight_cont,2,false,not_run_after_fail,,,,0.0,,,,,,,,
s053,45,2.2458,straight_cont,straight_cont,2,false,not_run_after_fail,,,,0.0,,,,,,,,
s053,40,1.9963,straight_cont,straight_cont,2,false,not_run_after_fail,,,,0.0,,,,,,,,
s053,35,1.7467,straight_cont,straight_cont,2,false,not_run_after_fail,,,,0.0,,,,,,,,
s053,30,1.4972,straight_cont,straight_cont,2,false,not_run_after_fail,,,,0.0,,,,,,,,
s054,100,8.4379,straight_cont,straight_cont,2,false,recovery_failed,917.0109643398914,8.294415455771217,,20.1,1.2065,0,917.011,"[8.2932, 8.2944]","[8.2302, 8.2302]",8.230243453025908,-0.06222817090577135,recovery_failed
s054,95,8.0160,straight_cont,straight_cont,2,false,not_run_after_fail,,,,0.0,,,,,,,,
s054,90,7.5941,straight_cont,straight_cont,2,false,not_run_after_fail,,,,0.0,,,,,,,,
s054,85,7.1722,straight_cont,straight_cont,2,false,not_run_after_fail,,,,0.0,,,,,,,,
s054,80,6.7503,straight_cont,straight_cont,2,false,not_run_after_fail,,,,0.0,,,,,,,,
s054,75,6.3284,straight_cont,straight_cont,2,false,not_run_after_fail,,,,0.0,,,,,,,,
s054,70,5.9065,straight_cont,straight_cont,2,false,not_run_after_fail,,,,0.0,,,,,,,,
s054,65,5.4846,straight_cont,straight_cont,2,false,not_run_after_fail,,,,0.0,,,,,,,,
s054,60,5.0627,straight_cont,straight_cont,2,false,not_run_after_fail,,,,0.0,,,,,,,,
s054,55,4.6408,straight_cont,straight_cont,2,false,not_run_after_fail,,,,0.0,,,,,,,,
s054,50,4.2189,straight_cont,straight_cont,2,false,not_run_after_fail,,,,0.0,,,,,,,,
s054,45,3.7970,straight_cont,straight_cont,2,false,not_run_after_fail,,,,0.0,,,,,,,,
s054,40,3.3751,straight_cont,straight_cont,2,false,not_run_after_fail,,,,0.0,,,,,,,,
s054,35,2.9532,straight_cont,straight_cont,2,false,not_run_after_fail,,,,0.0,,,,,,,,
s054,30,2.5314,straight_cont,straight_cont,2,false,not_run_after_fail,,,,0.0,,,,,,,,
s055,100,4.2209,straight_cont,straight_cont,2,false,recovery_failed,849.5165935452056,8.326234822212564,,19.9,1.1991,0,849.517,"[8.3085, 8.3262]","[8.2051, 8.2051]",8.205098030464917,-26.71182714934457,recovery_failed
s055,95,4.0099,straight_cont,straight_cont,2,false,not_run_after_fail,,,,0.0,,,,,,,,
s055,90,3.7988,straight_cont,straight_cont,2,false,not_run_after_fail,,,,0.0,,,,,,,,
s055,85,3.5878,straight_cont,straight_cont,2,false,not_run_after_fail,,,,0.0,,,,,,,,
s055,80,3.3767,straight_cont,straight_cont,2,false,not_run_after_fail,,,,0.0,,,,,,,,
s055,75,3.1657,straight_cont,straight_cont,2,false,not_run_after_fail,,,,0.0,,,,,,,,
s055,70,2.9546,straight_cont,straight_cont,2,false,not_run_after_fail,,,,0.0,,,,,,,,
s055,65,2.7436,straight_cont,straight_cont,2,false,not_run_after_fail,,,,0.0,,,,,,,,
s055,60,2.5325,straight_cont,straight_cont,2,false,not_run_after_fail,,,,0.0,,,,,,,,
s055,55,2.3215,straight_cont,straight_cont,2,false,not_run_after_fail,,,,0.0,,,,,,,,
s055,50,2.1105,straight_cont,straight_cont,2,false,not_run_after_fail,,,,0.0,,,,,,,,
s055,45,1.8994,straight_cont,straight_cont,2,false,not_run_after_fail,,,,0.0,,,,,,,,
s055,40,1.6884,straight_cont,straight_cont,2,false,not_run_after_fail,,,,0.0,,,,,,,,
s055,35,1.4773,straight_cont,straight_cont,2,false,not_run_after_fail,,,,0.0,,,,,,,,
s055,30,1.2663,straight_cont,straight_cont,2,false,not_run_after_fail,,,,0.0,,,,,,,,
s056,100,7.5536,straight_cont,straight_cont,2,true,,600.0029780993445,7.148517276402842,0.7549,19.5,1.2109,0,600.003,"[7.1482, 7.1485]","[7.1513, 7.1513]",7.15131486318714,0.024797351010047763,optimized
s056,95,7.1759,straight_cont,straight_cont,2,true,,600.0029780993445,7.148517276402842,0.7549,18.8,1.1665,0,600.003,"[7.1482, 7.1485]","[7.1513, 7.1513]",7.15131486318714,0.024797351010047763,optimized
s056,90,6.7983,straight_cont,straight_cont,2,true,,601.821261432885,6.7980977173446355,0.7572,19.9,1.2346,0,601.821,"[6.7799, 6.7981]","[7.1513, 7.1513]",7.15131486318714,0.00015922865536488473,optimized
s056,85,6.4206,straight_cont,straight_cont,2,false,recovery_failed,601.8069275854679,6.763163576894099,,20.0,1.2424,0,601.807,"[6.7442, 6.7632]","[7.1513, 7.1513]",7.15131486318714,-0.34258751689409905,recovery_failed
s056,80,6.0429,straight_cont,straight_cont,2,false,not_run_after_fail,,,,0.0,,,,,,,,
s056,75,5.6652,straight_cont,straight_cont,2,false,not_run_after_fail,,,,0.0,,,,,,,,
s056,70,5.2875,straight_cont,straight_cont,2,false,not_run_after_fail,,,,0.0,,,,,,,,
s056,65,4.9099,straight_cont,straight_cont,2,false,not_run_after_fail,,,,0.0,,,,,,,,
s056,60,4.5322,straight_cont,straight_cont,2,false,not_run_after_fail,,,,0.0,,,,,,,,
s056,55,4.1545,straight_cont,straight_cont,2,false,not_run_after_fail,,,,0.0,,,,,,,,
s056,50,3.7768,straight_cont,straight_cont,2,false,not_run_after_fail,,,,0.0,,,,,,,,
s056,45,3.3991,straight_cont,straight_cont,2,false,not_run_after_fail,,,,0.0,,,,,,,,
s056,40,3.0214,straight_cont,straight_cont,2,false,not_run_after_fail,,,,0.0,,,,,,,,
s056,35,2.6438,straight_cont,straight_cont,2,false,not_run_after_fail,,,,0.0,,,,,,,,
s056,30,2.2661,straight_cont,straight_cont,2,false,not_run_after_fail,,,,0.0,,,,,,,,
s057,100,5.6828,straight_cont,straight_cont,2,false,recovery_failed,837.7056723081707,7.713657836517922,,18.7,1.1224,0,837.706,"[7.7707, 7.7137]","[8.211, 8.211]",8.21101548997294,-21.994773845358846,recovery_failed
s057,95,5.3986,straight_cont,straight_cont,2,false,not_run_after_fail,,,,0.0,,,,,,,,
s057,90,5.1145,straight_cont,straight_cont,2,false,not_run_after_fail,,,,0.0,,,,,,,,
s057,85,4.8304,straight_cont,straight_cont,2,false,not_run_after_fail,,,,0.0,,,,,,,,
s057,80,4.5462,straight_cont,straight_cont,2,false,not_run_after_fail,,,,0.0,,,,,,,,
s057,75,4.2621,straight_cont,straight_cont,2,false,not_run_after_fail,,,,0.0,,,,,,,,
s057,70,3.9780,straight_cont,straight_cont,2,false,not_run_after_fail,,,,0.0,,,,,,,,
s057,65,3.6938,straight_cont,straight_cont,2,false,not_run_after_fail,,,,0.0,,,,,,,,
s057,60,3.4097,straight_cont,straight_cont,2,false,not_run_after_fail,,,,0.0,,,,,,,,
s057,55,3.1255,straight_cont,straight_cont,2,false,not_run_after_fail,,,,0.0,,,,,,,,
s057,50,2.8414,straight_cont,straight_cont,2,false,not_run_after_fail,,,,0.0,,,,,,,,
s057,45,2.5573,straight_cont,straight_cont,2,false,not_run_after_fail,,,,0.0,,,,,,,,
s057,40,2.2731,straight_cont,straight_cont,2,false,not_run_after_fail,,,,0.0,,,,,,,,
s057,35,1.9890,straight_cont,straight_cont,2,false,not_run_after_fail,,,,0.0,,,,,,,,
s057,30,1.7048,straight_cont,straight_cont,2,false,not_run_after_fail,,,,0.0,,,,,,,,
s058,100,5.2066,straight_cont,straight_cont,2,false,recovery_failed,600.0,7.1507505398478415,,16.7,1.0371,0,600.0,"[7.1508, 7.1508]","[7.1668, 7.1668]",7.1668158835517755,-39.325756668075,recovery_failed
s058,95,4.9463,straight_cont,straight_cont,2,false,not_run_after_fail,,,,0.0,,,,,,,,
s058,90,4.6860,straight_cont,straight_cont,2,false,not_run_after_fail,,,,0.0,,,,,,,,
s058,85,4.4256,straight_cont,straight_cont,2,false,not_run_after_fail,,,,0.0,,,,,,,,
s058,80,4.1653,straight_cont,straight_cont,2,false,not_run_after_fail,,,,0.0,,,,,,,,
s058,75,3.9050,straight_cont,straight_cont,2,false,not_run_after_fail,,,,0.0,,,,,,,,
s058,70,3.6446,straight_cont,straight_cont,2,false,not_run_after_fail,,,,0.0,,,,,,,,
s058,65,3.3843,straight_cont,straight_cont,2,false,not_run_after_fail,,,,0.0,,,,,,,,
s058,60,3.1240,straight_cont,straight_cont,2,false,not_run_after_fail,,,,0.0,,,,,,,,
s058,55,2.8636,straight_cont,straight_cont,2,false,not_run_after_fail,,,,0.0,,,,,,,,
s058,50,2.6033,straight_cont,straight_cont,2,false,not_run_after_fail,,,,0.0,,,,,,,,
s058,45,2.3430,straight_cont,straight_cont,2,false,not_run_after_fail,,,,0.0,,,,,,,,
s058,40,2.0826,straight_cont,straight_cont,2,false,not_run_after_fail,,,,0.0,,,,,,,,
s058,35,1.8223,straight_cont,straight_cont,2,false,not_run_after_fail,,,,0.0,,,,,,,,
s058,30,1.5620,straight_cont,straight_cont,2,false,not_run_after_fail,,,,0.0,,,,,,,,
s059,100,8.2417,straight_cont,straight_cont,2,true,,702.286592491311,7.891930355291399,0.9262,18.0,1.1082,0,702.287,"[7.8738, 7.8919]","[7.7393, 7.7393]",7.739339444056404,0.021186816354873704,optimized
s059,95,7.8296,straight_cont,straight_cont,2,true,,702.0705956674385,7.819998137935774,0.9259,17.4,1.0700,0,702.071,"[7.8028, 7.82]","[7.7393, 7.7393]",7.739339444056404,0.009622967064226273,optimized
s059,90,7.4175,straight_cont,straight_cont,2,false,recovery_failed,702.2665355312098,7.8632242552243605,,17.2,1.0554,0,702.267,"[7.8481, 7.8632]","[7.7393, 7.7393]",7.739339444056404,-0.44568841922436064,recovery_failed
s059,85,7.0054,straight_cont,straight_cont,2,false,not_run_after_fail,,,,0.0,,,,,,,,
s059,80,6.5934,straight_cont,straight_cont,2,false,not_run_after_fail,,,,0.0,,,,,,,,
s059,75,6.1813,straight_cont,straight_cont,2,false,not_run_after_fail,,,,0.0,,,,,,,,
s059,70,5.7692,straight_cont,straight_cont,2,false,not_run_after_fail,,,,0.0,,,,,,,,
s059,65,5.3571,straight_cont,straight_cont,2,false,not_run_after_fail,,,,0.0,,,,,,,,
s059,60,4.9450,straight_cont,straight_cont,2,false,not_run_after_fail,,,,0.0,,,,,,,,
s059,55,4.5329,straight_cont,straight_cont,2,false,not_run_after_fail,,,,0.0,,,,,,,,
s059,50,4.1209,straight_cont,straight_cont,2,false,not_run_after_fail,,,,0.0,,,,,,,,
s059,45,3.7088,straight_cont,straight_cont,2,false,not_run_after_fail,,,,0.0,,,,,,,,
s059,40,3.2967,straight_cont,straight_cont,2,false,not_run_after_fail,,,,0.0,,,,,,,,
s059,35,2.8846,straight_cont,straight_cont,2,false,not_run_after_fail,,,,0.0,,,,,,,,
s059,30,2.4725,straight_cont,straight_cont,2,false,not_run_after_fail,,,,0.0,,,,,,,,
s060,100,8.1087,straight_cont,straight_cont,2,false,recovery_failed,600.1054402642203,7.151306673436322,,18.0,1.1063,0,600.105,"[7.1479, 7.1513]","[7.136, 7.136]",7.135997148567689,-65.24539948145993,recovery_failed
s060,95,7.7032,straight_cont,straight_cont,2,false,not_run_after_fail,,,,0.0,,,,,,,,
s060,90,7.2978,straight_cont,straight_cont,2,false,not_run_after_fail,,,,0.0,,,,,,,,
s060,85,6.8924,straight_cont,straight_cont,2,false,not_run_after_fail,,,,0.0,,,,,,,,
s060,80,6.4869,straight_cont,straight_cont,2,false,not_run_after_fail,,,,0.0,,,,,,,,
s060,75,6.0815,straight_cont,straight_cont,2,false,not_run_after_fail,,,,0.0,,,,,,,,
s060,70,5.6761,straight_cont,straight_cont,2,false,not_run_after_fail,,,,0.0,,,,,,,,
s060,65,5.2706,straight_cont,straight_cont,2,false,not_run_after_fail,,,,0.0,,,,,,,,
s060,60,4.8652,straight_cont,straight_cont,2,false,not_run_after_fail,,,,0.0,,,,,,,,
s060,55,4.4598,straight_cont,straight_cont,2,false,not_run_after_fail,,,,0.0,,,,,,,,
s060,50,4.0543,straight_cont,straight_cont,2,false,not_run_after_fail,,,,0.0,,,,,,,,
s060,45,3.6489,straight_cont,straight_cont,2,false,not_run_after_fail,,,,0.0,,,,,,,,
s060,40,3.2435,straight_cont,straight_cont,2,false,not_run_after_fail,,,,0.0,,,,,,,,
s060,35,2.8380,straight_cont,straight_cont,2,false,not_run_after_fail,,,,0.0,,,,,,,,
s060,30,2.4326,straight_cont,straight_cont,2,false,not_run_after_fail,,,,0.0,,,,,,,,
s061,100,6.9261,straight_cont,straight_cont,2,false,recovery_failed,628.1632825752744,6.712262588555737,,19.2,1.1801,0,628.163,"[7.2477, 6.7123]","[7.1317, 7.1317]",7.131736386130948,-20.981656590852932,recovery_failed
s061,95,6.5798,straight_cont,straight_cont,2,false,not_run_after_fail,,,,0.0,,,,,,,,
s061,90,6.2335,straight_cont,straight_cont,2,false,not_run_after_fail,,,,0.0,,,,,,,,
s061,85,5.8872,straight_cont,straight_cont,2,false,not_run_after_fail,,,,0.0,,,,,,,,
s061,80,5.5409,straight_cont,straight_cont,2,false,not_run_after_fail,,,,0.0,,,,,,,,
s061,75,5.1946,straight_cont,straight_cont,2,false,not_run_after_fail,,,,0.0,,,,,,,,
s061,70,4.8483,straight_cont,straight_cont,2,false,not_run_after_fail,,,,0.0,,,,,,,,
s061,65,4.5020,straight_cont,straight_cont,2,false,not_run_after_fail,,,,0.0,,,,,,,,
s061,60,4.1557,straight_cont,straight_cont,2,false,not_run_after_fail,,,,0.0,,,,,,,,
s061,55,3.8094,straight_cont,straight_cont,2,false,not_run_after_fail,,,,0.0,,,,,,,,
s061,50,3.4631,straight_cont,straight_cont,2,false,not_run_after_fail,,,,0.0,,,,,,,,
s061,45,3.1168,straight_cont,straight_cont,2,false,not_run_after_fail,,,,0.0,,,,,,,,
s061,40,2.7704,straight_cont,straight_cont,2,false,not_run_after_fail,,,,0.0,,,,,,,,
s061,35,2.4241,straight_cont,straight_cont,2,false,not_run_after_fail,,,,0.0,,,,,,,,
s061,30,2.0778,straight_cont,straight_cont,2,false,not_run_after_fail,,,,0.0,,,,,,,,
s062,100,7.1821,straight_cont,straight_cont,2,false,recovery_failed,705.4649384302783,7.904567598622004,,19.9,1.2052,0,705.465,"[7.9921, 7.9046]","[7.7197, 7.7197]",7.719702057597388,-0.7224668686220035,recovery_failed
s062,95,6.8230,straight_cont,straight_cont,2,false,not_run_after_fail,,,,0.0,,,,,,,,
s062,90,6.4639,straight_cont,straight_cont,2,false,not_run_after_fail,,,,0.0,,,,,,,,
s062,85,6.1048,straight_cont,straight_cont,2,false,not_run_after_fail,,,,0.0,,,,,,,,
s062,80,5.7457,straight_cont,straight_cont,2,false,not_run_after_fail,,,,0.0,,,,,,,,
s062,75,5.3866,straight_cont,straight_cont,2,false,not_run_after_fail,,,,0.0,,,,,,,,
s062,70,5.0275,straight_cont,straight_cont,2,false,not_run_after_fail,,,,0.0,,,,,,,,
s062,65,4.6684,straight_cont,straight_cont,2,false,not_run_after_fail,,,,0.0,,,,,,,,
s062,60,4.3093,straight_cont,straight_cont,2,false,not_run_after_fail,,,,0.0,,,,,,,,
s062,55,3.9502,straight_cont,straight_cont,2,false,not_run_after_fail,,,,0.0,,,,,,,,
s062,50,3.5910,straight_cont,straight_cont,2,false,not_run_after_fail,,,,0.0,,,,,,,,
s062,45,3.2319,straight_cont,straight_cont,2,false,not_run_after_fail,,,,0.0,,,,,,,,
s062,40,2.8728,straight_cont,straight_cont,2,false,not_run_after_fail,,,,0.0,,,,,,,,
s062,35,2.5137,straight_cont,straight_cont,2,false,not_run_after_fail,,,,0.0,,,,,,,,
s062,30,2.1546,straight_cont,straight_cont,2,false,not_run_after_fail,,,,0.0,,,,,,,,
s063,100,5.0006,straight_cont,straight_cont,2,false,recovery_failed,808.5035163935243,10.202183391373508,,18.4,1.1175,0,808.504,"[10.246, 10.2022]","[7.7321, 7.7321]",7.732134340055076,-15.68851960854448,recovery_failed
s063,95,4.7505,straight_cont,straight_cont,2,false,not_run_after_fail,,,,0.0,,,,,,,,
s063,90,4.5005,straight_cont,straight_cont,2,false,not_run_after_fail,,,,0.0,,,,,,,,
s063,85,4.2505,straight_cont,straight_cont,2,false,not_run_after_fail,,,,0.0,,,,,,,,
s063,80,4.0005,straight_cont,straight_cont,2,false,not_run_after_fail,,,,0.0,,,,,,,,
s063,75,3.7504,straight_cont,straight_cont,2,false,not_run_after_fail,,,,0.0,,,,,,,,
s063,70,3.5004,straight_cont,straight_cont,2,false,not_run_after_fail,,,,0.0,,,,,,,,
s063,65,3.2504,straight_cont,straight_cont,2,false,not_run_after_fail,,,,0.0,,,,,,,,
s063,60,3.0003,straight_cont,straight_cont,2,false,not_run_after_fail,,,,0.0,,,,,,,,
s063,55,2.7503,straight_cont,straight_cont,2,false,not_run_after_fail,,,,0.0,,,,,,,,
s063,50,2.5003,straight_cont,straight_cont,2,false,not_run_after_fail,,,,0.0,,,,,,,,
s063,45,2.2503,straight_cont,straight_cont,2,false,not_run_after_fail,,,,0.0,,,,,,,,
s063,40,2.0002,straight_cont,straight_cont,2,false,not_run_after_fail,,,,0.0,,,,,,,,
s063,35,1.7502,straight_cont,straight_cont,2,false,not_run_after_fail,,,,0.0,,,,,,,,
s063,30,1.5002,straight_cont,straight_cont,2,false,not_run_after_fail,,,,0.0,,,,,,,,
s065,100,4.2830,straight_cont,straight_cont,2,false,recovery_failed,701.2407059023553,7.486554087664654,,17.3,1.0404,0,701.241,"[7.4784, 7.4866]","[7.7102, 7.7102]",7.710191767752677,-3.203568409664654,recovery_failed
s065,95,4.0688,straight_cont,straight_cont,2,false,not_run_after_fail,,,,0.0,,,,,,,,
s065,90,3.8547,straight_cont,straight_cont,2,false,not_run_after_fail,,,,0.0,,,,,,,,
s065,85,3.6405,straight_cont,straight_cont,2,false,not_run_after_fail,,,,0.0,,,,,,,,
s065,80,3.4264,straight_cont,straight_cont,2,false,not_run_after_fail,,,,0.0,,,,,,,,
s065,75,3.2122,straight_cont,straight_cont,2,false,not_run_after_fail,,,,0.0,,,,,,,,
s065,70,2.9981,straight_cont,straight_cont,2,false,not_run_after_fail,,,,0.0,,,,,,,,
s065,65,2.7839,straight_cont,straight_cont,2,false,not_run_after_fail,,,,0.0,,,,,,,,
s065,60,2.5698,straight_cont,straight_cont,2,false,not_run_after_fail,,,,0.0,,,,,,,,
s065,55,2.3556,straight_cont,straight_cont,2,false,not_run_after_fail,,,,0.0,,,,,,,,
s065,50,2.1415,straight_cont,straight_cont,2,false,not_run_after_fail,,,,0.0,,,,,,,,
s065,45,1.9273,straight_cont,straight_cont,2,false,not_run_after_fail,,,,0.0,,,,,,,,
s065,40,1.7132,straight_cont,straight_cont,2,false,not_run_after_fail,,,,0.0,,,,,,,,
s065,35,1.4990,straight_cont,straight_cont,2,false,not_run_after_fail,,,,0.0,,,,,,,,
s065,30,1.2849,straight_cont,straight_cont,2,false,not_run_after_fail,,,,0.0,,,,,,,,
s066,100,5.4014,straight_cont,straight_cont,2,false,recovery_failed,616.2349209495167,7.425112651543218,,19.2,1.2003,0,616.235,"[7.3005, 7.4251]","[7.1502, 7.1502]",7.150186269555405,-2.0236617205432177,recovery_failed
s066,95,5.1314,straight_cont,straight_cont,2,false,not_run_after_fail,,,,0.0,,,,,,,,
s066,90,4.8613,straight_cont,straight_cont,2,false,not_run_after_fail,,,,0.0,,,,,,,,
s066,85,4.5912,straight_cont,straight_cont,2,false,not_run_after_fail,,,,0.0,,,,,,,,
s066,80,4.3212,straight_cont,straight_cont,2,false,not_run_after_fail,,,,0.0,,,,,,,,
s066,75,4.0511,straight_cont,straight_cont,2,false,not_run_after_fail,,,,0.0,,,,,,,,
s066,70,3.7810,straight_cont,straight_cont,2,false,not_run_after_fail,,,,0.0,,,,,,,,
s066,65,3.5109,straight_cont,straight_cont,2,false,not_run_after_fail,,,,0.0,,,,,,,,
s066,60,3.2409,straight_cont,straight_cont,2,false,not_run_after_fail,,,,0.0,,,,,,,,
s066,55,2.9708,straight_cont,straight_cont,2,false,not_run_after_fail,,,,0.0,,,,,,,,
s066,50,2.7007,straight_cont,straight_cont,2,false,not_run_after_fail,,,,0.0,,,,,,,,
s066,45,2.4307,straight_cont,straight_cont,2,false,not_run_after_fail,,,,0.0,,,,,,,,
s066,40,2.1606,straight_cont,straight_cont,2,false,not_run_after_fail,,,,0.0,,,,,,,,
s066,35,1.8905,straight_cont,straight_cont,2,false,not_run_after_fail,,,,0.0,,,,,,,,
s066,30,1.6204,straight_cont,straight_cont,2,false,not_run_after_fail,,,,0.0,,,,,,,,
s067,100,8.0003,straight_cont,straight_cont,2,false,recovery_failed,732.5223525020475,8.693702013159202,,18.5,1.1309,0,732.522,"[8.693, 8.6937]","[7.7352, 7.7352]",7.735210219030275,-0.6933727341592029,recovery_failed
s067,95,7.6003,straight_cont,straight_cont,2,false,not_run_after_fail,,,,0.0,,,,,,,,
s067,90,7.2003,straight_cont,straight_cont,2,false,not_run_after_fail,,,,0.0,,,,,,,,
s067,85,6.8003,straight_cont,straight_cont,2,false,not_run_after_fail,,,,0.0,,,,,,,,
s067,80,6.4003,straight_cont,straight_cont,2,false,not_run_after_fail,,,,0.0,,,,,,,,
s067,75,6.0002,straight_cont,straight_cont,2,false,not_run_after_fail,,,,0.0,,,,,,,,
s067,70,5.6002,straight_cont,straight_cont,2,false,not_run_after_fail,,,,0.0,,,,,,,,
s067,65,5.2002,straight_cont,straight_cont,2,false,not_run_after_fail,,,,0.0,,,,,,,,
s067,60,4.8002,straight_cont,straight_cont,2,false,not_run_after_fail,,,,0.0,,,,,,,,
s067,55,4.4002,straight_cont,straight_cont,2,false,not_run_after_fail,,,,0.0,,,,,,,,
s067,50,4.0002,straight_cont,straight_cont,2,false,not_run_after_fail,,,,0.0,,,,,,,,
s067,45,3.6001,straight_cont,straight_cont,2,false,not_run_after_fail,,,,0.0,,,,,,,,
s067,40,3.2001,straight_cont,straight_cont,2,false,not_run_after_fail,,,,0.0,,,,,,,,
s067,35,2.8001,straight_cont,straight_cont,2,false,not_run_after_fail,,,,0.0,,,,,,,,
s067,30,2.4001,straight_cont,straight_cont,2,false,not_run_after_fail,,,,0.0,,,,,,,,
s068,100,5.2697,straight_cont,straight_cont,2,false,recovery_failed,600.0996300892531,7.110817361462032,,17.7,1.0832,0,600.1,"[7.1197, 7.1108]","[7.1553, 7.1553]",7.155287668220324,-52.64567595755278,recovery_failed
s068,95,5.0062,straight_cont,straight_cont,2,false,not_run_after_fail,,,,0.0,,,,,,,,
s068,90,4.7427,straight_cont,straight_cont,2,false,not_run_after_fail,,,,0.0,,,,,,,,
s068,85,4.4793,straight_cont,straight_cont,2,false,not_run_after_fail,,,,0.0,,,,,,,,
s068,80,4.2158,straight_cont,straight_cont,2,false,not_run_after_fail,,,,0.0,,,,,,,,
s068,75,3.9523,straight_cont,straight_cont,2,false,not_run_after_fail,,,,0.0,,,,,,,,
s068,70,3.6888,straight_cont,straight_cont,2,false,not_run_after_fail,,,,0.0,,,,,,,,
s068,65,3.4253,straight_cont,straight_cont,2,false,not_run_after_fail,,,,0.0,,,,,,,,
s068,60,3.1618,straight_cont,straight_cont,2,false,not_run_after_fail,,,,0.0,,,,,,,,
s068,55,2.8983,straight_cont,straight_cont,2,false,not_run_after_fail,,,,0.0,,,,,,,,
s068,50,2.6349,straight_cont,straight_cont,2,false,not_run_after_fail,,,,0.0,,,,,,,,
s068,45,2.3714,straight_cont,straight_cont,2,false,not_run_after_fail,,,,0.0,,,,,,,,
s068,40,2.1079,straight_cont,straight_cont,2,false,not_run_after_fail,,,,0.0,,,,,,,,
s068,35,1.8444,straight_cont,straight_cont,2,false,not_run_after_fail,,,,0.0,,,,,,,,
s068,30,1.5809,straight_cont,straight_cont,2,false,not_run_after_fail,,,,0.0,,,,,,,,
s069,100,5.3760,straight_cont,straight_cont,2,false,recovery_failed,754.1954783052292,9.286729940604095,,20.3,1.2162,0,754.195,"[9.5325, 9.2867]","[7.7177, 7.7177]",7.717740312522646,-3.910739235604095,recovery_failed
s069,95,5.1072,straight_cont,straight_cont,2,false,not_run_after_fail,,,,0.0,,,,,,,,
s069,90,4.8384,straight_cont,straight_cont,2,false,not_run_after_fail,,,,0.0,,,,,,,,
s069,85,4.5696,straight_cont,straight_cont,2,false,not_run_after_fail,,,,0.0,,,,,,,,
s069,80,4.3008,straight_cont,straight_cont,2,false,not_run_after_fail,,,,0.0,,,,,,,,
s069,75,4.0320,straight_cont,straight_cont,2,false,not_run_after_fail,,,,0.0,,,,,,,,
s069,70,3.7632,straight_cont,straight_cont,2,false,not_run_after_fail,,,,0.0,,,,,,,,
s069,65,3.4944,straight_cont,straight_cont,2,false,not_run_after_fail,,,,0.0,,,,,,,,
s069,60,3.2256,straight_cont,straight_cont,2,false,not_run_after_fail,,,,0.0,,,,,,,,
s069,55,2.9568,straight_cont,straight_cont,2,false,not_run_after_fail,,,,0.0,,,,,,,,
s069,50,2.6880,straight_cont,straight_cont,2,false,not_run_after_fail,,,,0.0,,,,,,,,
s069,45,2.4192,straight_cont,straight_cont,2,false,not_run_after_fail,,,,0.0,,,,,,,,
s069,40,2.1504,straight_cont,straight_cont,2,false,not_run_after_fail,,,,0.0,,,,,,,,
s069,35,1.8816,straight_cont,straight_cont,2,false,not_run_after_fail,,,,0.0,,,,,,,,
s069,30,1.6128,straight_cont,straight_cont,2,false,not_run_after_fail,,,,0.0,,,,,,,,
s070,100,8.4915,straight_cont,straight_cont,2,false,recovery_failed,793.4252184838967,9.850153467526878,,19.9,1.1695,0,793.425,"[10.0726, 9.8502]","[7.7031, 7.7031]",7.703103279009721,-8.443932327093988,recovery_failed
s070,95,8.0670,straight_cont,straight_cont,2,false,not_run_after_fail,,,,0.0,,,,,,,,
s070,90,7.6424,straight_cont,straight_cont,2,false,not_run_after_fail,,,,0.0,,,,,,,,
s070,85,7.2178,straight_cont,straight_cont,2,false,not_run_after_fail,,,,0.0,,,,,,,,
s070,80,6.7932,straight_cont,straight_cont,2,false,not_run_after_fail,,,,0.0,,,,,,,,
s070,75,6.3687,straight_cont,straight_cont,2,false,not_run_after_fail,,,,0.0,,,,,,,,
s070,70,5.9441,straight_cont,straight_cont,2,false,not_run_after_fail,,,,0.0,,,,,,,,
s070,65,5.5195,straight_cont,straight_cont,2,false,not_run_after_fail,,,,0.0,,,,,,,,
s070,60,5.0949,straight_cont,straight_cont,2,false,not_run_after_fail,,,,0.0,,,,,,,,
s070,55,4.6703,straight_cont,straight_cont,2,false,not_run_after_fail,,,,0.0,,,,,,,,
s070,50,4.2458,straight_cont,straight_cont,2,false,not_run_after_fail,,,,0.0,,,,,,,,
s070,45,3.8212,straight_cont,straight_cont,2,false,not_run_after_fail,,,,0.0,,,,,,,,
s070,40,3.3966,straight_cont,straight_cont,2,false,not_run_after_fail,,,,0.0,,,,,,,,
s070,35,2.9720,straight_cont,straight_cont,2,false,not_run_after_fail,,,,0.0,,,,,,,,
s070,30,2.5475,straight_cont,straight_cont,2,false,not_run_after_fail,,,,0.0,,,,,,,,
s071,100,4.5053,straight_cont,straight_cont,2,false,recovery_failed,769.896781264318,9.109465049968723,,18.9,1.1611,0,769.897,"[9.2708, 9.1095]","[7.6872, 7.6872]",7.687176732711498,-21.2125437447425,recovery_failed
s071,95,4.2801,straight_cont,straight_cont,2,false,not_run_after_fail,,,,0.0,,,,,,,,
s071,90,4.0548,straight_cont,straight_cont,2,false,not_run_after_fail,,,,0.0,,,,,,,,
s071,85,3.8295,straight_cont,straight_cont,2,false,not_run_after_fail,,,,0.0,,,,,,,,
s071,80,3.6043,straight_cont,straight_cont,2,false,not_run_after_fail,,,,0.0,,,,,,,,
s071,75,3.3790,straight_cont,straight_cont,2,false,not_run_after_fail,,,,0.0,,,,,,,,
s071,70,3.1537,straight_cont,straight_cont,2,false,not_run_after_fail,,,,0.0,,,,,,,,
s071,65,2.9285,straight_cont,straight_cont,2,false,not_run_after_fail,,,,0.0,,,,,,,,
s071,60,2.7032,straight_cont,straight_cont,2,false,not_run_after_fail,,,,0.0,,,,,,,,
s071,55,2.4779,straight_cont,straight_cont,2,false,not_run_after_fail,,,,0.0,,,,,,,,
s071,50,2.2527,straight_cont,straight_cont,2,false,not_run_after_fail,,,,0.0,,,,,,,,
s071,45,2.0274,straight_cont,straight_cont,2,false,not_run_after_fail,,,,0.0,,,,,,,,
s071,40,1.8021,straight_cont,straight_cont,2,false,not_run_after_fail,,,,0.0,,,,,,,,
s071,35,1.5769,straight_cont,straight_cont,2,false,not_run_after_fail,,,,0.0,,,,,,,,
s071,30,1.3516,straight_cont,straight_cont,2,false,not_run_after_fail,,,,0.0,,,,,,,,
s072,100,9.9498,straight_cont,straight_cont,2,false,recovery_failed,813.3638925952843,9.218098386228073,,20.6,1.2457,0,813.364,"[9.3076, 9.2181]","[8.233, 8.233]",8.233001885142844,-30.01289003445248,recovery_failed
s072,95,9.4523,straight_cont,straight_cont,2,false,not_run_after_fail,,,,0.0,,,,,,,,
s072,90,8.9549,straight_cont,straight_cont,2,false,not_run_after_fail,,,,0.0,,,,,,,,
s072,85,8.4574,straight_cont,straight_cont,2,false,not_run_after_fail,,,,0.0,,,,,,,,
s072,80,7.9599,straight_cont,straight_cont,2,false,not_run_after_fail,,,,0.0,,,,,,,,
s072,75,7.4624,straight_cont,straight_cont,2,false,not_run_after_fail,,,,0.0,,,,,,,,
s072,70,6.9649,straight_cont,straight_cont,2,false,not_run_after_fail,,,,0.0,,,,,,,,
s072,65,6.4674,straight_cont,straight_cont,2,false,not_run_after_fail,,,,0.0,,,,,,,,
s072,60,5.9699,straight_cont,straight_cont,2,false,not_run_after_fail,,,,0.0,,,,,,,,
s072,55,5.4724,straight_cont,straight_cont,2,false,not_run_after_fail,,,,0.0,,,,,,,,
s072,50,4.9749,straight_cont,straight_cont,2,false,not_run_after_fail,,,,0.0,,,,,,,,
s072,45,4.4774,straight_cont,straight_cont,2,false,not_run_after_fail,,,,0.0,,,,,,,,
s072,40,3.9799,straight_cont,straight_cont,2,false,not_run_after_fail,,,,0.0,,,,,,,,
s072,35,3.4824,straight_cont,straight_cont,2,false,not_run_after_fail,,,,0.0,,,,,,,,
s072,30,2.9850,straight_cont,straight_cont,2,false,not_run_after_fail,,,,0.0,,,,,,,,
s073,100,7.1039,straight_cont,straight_cont,2,true,,600.0146930304577,7.102415964263213,0.9979,17.0,1.0597,0,600.015,"[7.1019, 7.1024]","[7.1404, 7.1404]",7.140354641664858,0.0014760147367871568,optimized
s073,95,6.7487,straight_cont,straight_cont,2,false,recovery_failed,600.1258425757317,7.058678039340231,,17.4,1.0900,0,600.126,"[7.0574, 7.0587]","[7.1404, 7.1404]",7.140354641664858,-0.3099806093402311,recovery_failed
s073,90,6.3935,straight_cont,straight_cont,2,false,not_run_after_fail,,,,0.0,,,,,,,,
s073,85,6.0383,straight_cont,straight_cont,2,false,not_run_after_fail,,,,0.0,,,,,,,,
s073,80,5.6831,straight_cont,straight_cont,2,false,not_run_after_fail,,,,0.0,,,,,,,,
s073,75,5.3279,straight_cont,straight_cont,2,false,not_run_after_fail,,,,0.0,,,,,,,,
s073,70,4.9727,straight_cont,straight_cont,2,false,not_run_after_fail,,,,0.0,,,,,,,,
s073,65,4.6175,straight_cont,straight_cont,2,false,not_run_after_fail,,,,0.0,,,,,,,,
s073,60,4.2623,straight_cont,straight_cont,2,false,not_run_after_fail,,,,0.0,,,,,,,,
s073,55,3.9071,straight_cont,straight_cont,2,false,not_run_after_fail,,,,0.0,,,,,,,,
s073,50,3.5519,straight_cont,straight_cont,2,false,not_run_after_fail,,,,0.0,,,,,,,,
s073,45,3.1968,straight_cont,straight_cont,2,false,not_run_after_fail,,,,0.0,,,,,,,,
s073,40,2.8416,straight_cont,straight_cont,2,false,not_run_after_fail,,,,0.0,,,,,,,,
s073,35,2.4864,straight_cont,straight_cont,2,false,not_run_after_fail,,,,0.0,,,,,,,,
s073,30,2.1312,straight_cont,straight_cont,2,false,not_run_after_fail,,,,0.0,,,,,,,,
s074,100,7.5233,straight_cont,straight_cont,2,false,recovery_failed,800.0,8.220981354642408,,17.0,1.0129,0,800.0,"[8.221, 8.221]","[8.2284, 8.2284]",8.228402730306655,-51.893720965364764,recovery_failed
s074,95,7.1471,straight_cont,straight_cont,2,false,not_run_after_fail,,,,0.0,,,,,,,,
s074,90,6.7709,straight_cont,straight_cont,2,false,not_run_after_fail,,,,0.0,,,,,,,,
s074,85,6.3948,straight_cont,straight_cont,2,false,not_run_after_fail,,,,0.0,,,,,,,,
s074,80,6.0186,straight_cont,straight_cont,2,false,not_run_after_fail,,,,0.0,,,,,,,,
s074,75,5.6424,straight_cont,straight_cont,2,false,not_run_after_fail,,,,0.0,,,,,,,,
s074,70,5.2663,straight_cont,straight_cont,2,false,not_run_after_fail,,,,0.0,,,,,,,,
s074,65,4.8901,straight_cont,straight_cont,2,false,not_run_after_fail,,,,0.0,,,,,,,,
s074,60,4.5140,straight_cont,straight_cont,2,false,not_run_after_fail,,,,0.0,,,,,,,,
s074,55,4.1378,straight_cont,straight_cont,2,false,not_run_after_fail,,,,0.0,,,,,,,,
s074,50,3.7616,straight_cont,straight_cont,2,false,not_run_after_fail,,,,0.0,,,,,,,,
s074,45,3.3855,straight_cont,straight_cont,2,false,not_run_after_fail,,,,0.0,,,,,,,,
s074,40,3.0093,straight_cont,straight_cont,2,false,not_run_after_fail,,,,0.0,,,,,,,,
s074,35,2.6331,straight_cont,straight_cont,2,false,not_run_after_fail,,,,0.0,,,,,,,,
s074,30,2.2570,straight_cont,straight_cont,2,false,not_run_after_fail,,,,0.0,,,,,,,,
s075,100,6.1825,straight_cont,straight_cont,2,false,recovery_failed,604.6286067638647,7.401278221195043,,18.0,1.1209,0,604.629,"[7.3755, 7.4013]","[7.144, 7.144]",7.143968111623473,-9.491882615537376,recovery_failed
s075,95,5.8733,straight_cont,straight_cont,2,false,not_run_after_fail,,,,0.0,,,,,,,,
s075,90,5.5642,straight_cont,straight_cont,2,false,not_run_after_fail,,,,0.0,,,,,,,,
s075,85,5.2551,straight_cont,straight_cont,2,false,not_run_after_fail,,,,0.0,,,,,,,,
s075,80,4.9460,straight_cont,straight_cont,2,false,not_run_after_fail,,,,0.0,,,,,,,,
s075,75,4.6368,straight_cont,straight_cont,2,false,not_run_after_fail,,,,0.0,,,,,,,,
s075,70,4.3277,straight_cont,straight_cont,2,false,not_run_after_fail,,,,0.0,,,,,,,,
s075,65,4.0186,straight_cont,straight_cont,2,false,not_run_after_fail,,,,0.0,,,,,,,,
s075,60,3.7095,straight_cont,straight_cont,2,false,not_run_after_fail,,,,0.0,,,,,,,,
s075,55,3.4003,straight_cont,straight_cont,2,false,not_run_after_fail,,,,0.0,,,,,,,,
s075,50,3.0912,straight_cont,straight_cont,2,false,not_run_after_fail,,,,0.0,,,,,,,,
s075,45,2.7821,straight_cont,straight_cont,2,false,not_run_after_fail,,,,0.0,,,,,,,,
s075,40,2.4730,straight_cont,straight_cont,2,false,not_run_after_fail,,,,0.0,,,,,,,,
s075,35,2.1639,straight_cont,straight_cont,2,false,not_run_after_fail,,,,0.0,,,,,,,,
s075,30,1.8547,straight_cont,straight_cont,2,false,not_run_after_fail,,,,0.0,,,,,,,,
s076,100,6.3017,straight_cont,straight_cont,2,false,recovery_failed,632.7423929732608,8.694879757987353,,19.4,1.1882,0,632.742,"[8.7032, 8.6949]","[7.1572, 7.1572]",7.157150069183931,-5.035486541345645,recovery_failed
s076,95,5.9866,straight_cont,straight_cont,2,false,not_run_after_fail,,,,0.0,,,,,,,,
s076,90,5.6715,straight_cont,straight_cont,2,false,not_run_after_fail,,,,0.0,,,,,,,,
s076,85,5.3564,straight_cont,straight_cont,2,false,not_run_after_fail,,,,0.0,,,,,,,,
s076,80,5.0413,straight_cont,straight_cont,2,false,not_run_after_fail,,,,0.0,,,,,,,,
s076,75,4.7263,straight_cont,straight_cont,2,false,not_run_after_fail,,,,0.0,,,,,,,,
s076,70,4.4112,straight_cont,straight_cont,2,false,not_run_after_fail,,,,0.0,,,,,,,,
s076,65,4.0961,straight_cont,straight_cont,2,false,not_run_after_fail,,,,0.0,,,,,,,,
s076,60,3.7810,straight_cont,straight_cont,2,false,not_run_after_fail,,,,0.0,,,,,,,,
s076,55,3.4659,straight_cont,straight_cont,2,false,not_run_after_fail,,,,0.0,,,,,,,,
s076,50,3.1508,straight_cont,straight_cont,2,false,not_run_after_fail,,,,0.0,,,,,,,,
s076,45,2.8358,straight_cont,straight_cont,2,false,not_run_after_fail,,,,0.0,,,,,,,,
s076,40,2.5207,straight_cont,straight_cont,2,false,not_run_after_fail,,,,0.0,,,,,,,,
s076,35,2.2056,straight_cont,straight_cont,2,false,not_run_after_fail,,,,0.0,,,,,,,,
s076,30,1.8905,straight_cont,straight_cont,2,false,not_run_after_fail,,,,0.0,,,,,,,,
s077,100,6.8317,straight_cont,straight_cont,2,false,recovery_failed,600.0591837792622,7.097919976153131,,17.2,1.0975,0,600.059,"[7.0971, 7.0979]","[7.1332, 7.1332]",7.133189725826869,-0.2662207071531304,recovery_failed
s077,95,6.4901,straight_cont,straight_cont,2,false,not_run_after_fail,,,,0.0,,,,,,,,
s077,90,6.1485,straight_cont,straight_cont,2,false,not_run_after_fail,,,,0.0,,,,,,,,
s077,85,5.8069,straight_cont,straight_cont,2,false,not_run_after_fail,,,,0.0,,,,,,,,
s077,80,5.4654,straight_cont,straight_cont,2,false,not_run_after_fail,,,,0.0,,,,,,,,
s077,75,5.1238,straight_cont,straight_cont,2,false,not_run_after_fail,,,,0.0,,,,,,,,
s077,70,4.7822,straight_cont,straight_cont,2,false,not_run_after_fail,,,,0.0,,,,,,,,
s077,65,4.4406,straight_cont,straight_cont,2,false,not_run_after_fail,,,,0.0,,,,,,,,
s077,60,4.0990,straight_cont,straight_cont,2,false,not_run_after_fail,,,,0.0,,,,,,,,
s077,55,3.7574,straight_cont,straight_cont,2,false,not_run_after_fail,,,,0.0,,,,,,,,
s077,50,3.4158,straight_cont,straight_cont,2,false,not_run_after_fail,,,,0.0,,,,,,,,
s077,45,3.0743,straight_cont,straight_cont,2,false,not_run_after_fail,,,,0.0,,,,,,,,
s077,40,2.7327,straight_cont,straight_cont,2,false,not_run_after_fail,,,,0.0,,,,,,,,
s077,35,2.3911,straight_cont,straight_cont,2,false,not_run_after_fail,,,,0.0,,,,,,,,
s077,30,2.0495,straight_cont,straight_cont,2,false,not_run_after_fail,,,,0.0,,,,,,,,
s078,100,8.6390,straight_cont,straight_cont,2,true,,816.6587214186984,8.630131375136715,0.9428,18.3,1.1093,0,816.659,"[8.6985, 8.6301]","[8.2584, 8.2584]",8.258356451064309,6.213317277980676e-5,optimized
s078,95,8.2071,straight_cont,straight_cont,2,false,recovery_failed,816.3700832011514,8.440627528038888,,18.9,1.1467,0,816.37,"[8.4568, 8.4406]","[8.2584, 8.2584]",8.258356451064309,-0.2335613100388887,recovery_failed
s078,90,7.7751,straight_cont,straight_cont,2,false,not_run_after_fail,,,,0.0,,,,,,,,
s078,85,7.3432,straight_cont,straight_cont,2,false,not_run_after_fail,,,,0.0,,,,,,,,
s078,80,6.9112,straight_cont,straight_cont,2,false,not_run_after_fail,,,,0.0,,,,,,,,
s078,75,6.4793,straight_cont,straight_cont,2,false,not_run_after_fail,,,,0.0,,,,,,,,
s078,70,6.0473,straight_cont,straight_cont,2,false,not_run_after_fail,,,,0.0,,,,,,,,
s078,65,5.6154,straight_cont,straight_cont,2,false,not_run_after_fail,,,,0.0,,,,,,,,
s078,60,5.1834,straight_cont,straight_cont,2,false,not_run_after_fail,,,,0.0,,,,,,,,
s078,55,4.7515,straight_cont,straight_cont,2,false,not_run_after_fail,,,,0.0,,,,,,,,
s078,50,4.3195,straight_cont,straight_cont,2,false,not_run_after_fail,,,,0.0,,,,,,,,
s078,45,3.8876,straight_cont,straight_cont,2,false,not_run_after_fail,,,,0.0,,,,,,,,
s078,40,3.4556,straight_cont,straight_cont,2,false,not_run_after_fail,,,,0.0,,,,,,,,
s078,35,3.0237,straight_cont,straight_cont,2,false,not_run_after_fail,,,,0.0,,,,,,,,
s078,30,2.5917,straight_cont,straight_cont,2,false,not_run_after_fail,,,,0.0,,,,,,,,
s079,100,6.3583,straight_cont,straight_cont,2,false,recovery_failed,861.6832519179721,10.151203597174653,,18.4,1.0977,0,861.683,"[10.0935, 10.1512]","[8.2394, 8.2394]",8.23944784606652,-3.7928743651746535,recovery_failed
s079,95,6.0404,straight_cont,straight_cont,2,false,not_run_after_fail,,,,0.0,,,,,,,,
s079,90,5.7225,straight_cont,straight_cont,2,false,not_run_after_fail,,,,0.0,,,,,,,,
s079,85,5.4046,straight_cont,straight_cont,2,false,not_run_after_fail,,,,0.0,,,,,,,,
s079,80,5.0867,straight_cont,straight_cont,2,false,not_run_after_fail,,,,0.0,,,,,,,,
s079,75,4.7687,straight_cont,straight_cont,2,false,not_run_after_fail,,,,0.0,,,,,,,,
s079,70,4.4508,straight_cont,straight_cont,2,false,not_run_after_fail,,,,0.0,,,,,,,,
s079,65,4.1329,straight_cont,straight_cont,2,false,not_run_after_fail,,,,0.0,,,,,,,,
s079,60,3.8150,straight_cont,straight_cont,2,false,not_run_after_fail,,,,0.0,,,,,,,,
s079,55,3.4971,straight_cont,straight_cont,2,false,not_run_after_fail,,,,0.0,,,,,,,,
s079,50,3.1792,straight_cont,straight_cont,2,false,not_run_after_fail,,,,0.0,,,,,,,,
s079,45,2.8612,straight_cont,straight_cont,2,false,not_run_after_fail,,,,0.0,,,,,,,,
s079,40,2.5433,straight_cont,straight_cont,2,false,not_run_after_fail,,,,0.0,,,,,,,,
s079,35,2.2254,straight_cont,straight_cont,2,false,not_run_after_fail,,,,0.0,,,,,,,,
s079,30,1.9075,straight_cont,straight_cont,2,false,not_run_after_fail,,,,0.0,,,,,,,,
s080,100,7.5598,straight_cont,straight_cont,2,false,recovery_failed,802.2040215665464,8.357215950130099,,18.9,1.1287,0,802.204,"[8.335, 8.3572]","[8.2477, 8.2477]",8.247746051005164,-32.96306198506005,recovery_failed
s080,95,7.1818,straight_cont,straight_cont,2,false,not_run_after_fail,,,,0.0,,,,,,,,
s080,90,6.8038,straight_cont,straight_cont,2,false,not_run_after_fail,,,,0.0,,,,,,,,
s080,85,6.4258,straight_cont,straight_cont,2,false,not_run_after_fail,,,,0.0,,,,,,,,
s080,80,6.0478,straight_cont,straight_cont,2,false,not_run_after_fail,,,,0.0,,,,,,,,
s080,75,5.6699,straight_cont,straight_cont,2,false,not_run_after_fail,,,,0.0,,,,,,,,
s080,70,5.2919,straight_cont,straight_cont,2,false,not_run_after_fail,,,,0.0,,,,,,,,
s080,65,4.9139,straight_cont,straight_cont,2,false,not_run_after_fail,,,,0.0,,,,,,,,
s080,60,4.5359,straight_cont,straight_cont,2,false,not_run_after_fail,,,,0.0,,,,,,,,
s080,55,4.1579,straight_cont,straight_cont,2,false,not_run_after_fail,,,,0.0,,,,,,,,
s080,50,3.7799,straight_cont,straight_cont,2,false,not_run_after_fail,,,,0.0,,,,,,,,
s080,45,3.4019,straight_cont,straight_cont,2,false,not_run_after_fail,,,,0.0,,,,,,,,
s080,40,3.0239,straight_cont,straight_cont,2,false,not_run_after_fail,,,,0.0,,,,,,,,
s080,35,2.6459,straight_cont,straight_cont,2,false,not_run_after_fail,,,,0.0,,,,,,,,
s080,30,2.2679,straight_cont,straight_cont,2,false,not_run_after_fail,,,,0.0,,,,,,,,
s081,100,4.4359,straight_cont,straight_cont,2,false,recovery_failed,850.0887323702312,4.546408200833648,,18.5,1.1389,0,850.089,"[5.8451, 4.5464]","[7.712, 7.712]",7.711988737925499,-0.11053348683364739,recovery_failed
s081,95,4.2141,straight_cont,straight_cont,2,false,not_run_after_fail,,,,0.0,,,,,,,,
s081,90,3.9923,straight_cont,straight_cont,2,false,not_run_after_fail,,,,0.0,,,,,,,,
s081,85,3.7705,straight_cont,straight_cont,2,false,not_run_after_fail,,,,0.0,,,,,,,,
s081,80,3.5487,straight_cont,straight_cont,2,false,not_run_after_fail,,,,0.0,,,,,,,,
s081,75,3.3269,straight_cont,straight_cont,2,false,not_run_after_fail,,,,0.0,,,,,,,,
s081,70,3.1051,straight_cont,straight_cont,2,false,not_run_after_fail,,,,0.0,,,,,,,,
s081,65,2.8833,straight_cont,straight_cont,2,false,not_run_after_fail,,,,0.0,,,,,,,,
s081,60,2.6615,straight_cont,straight_cont,2,false,not_run_after_fail,,,,0.0,,,,,,,,
s081,55,2.4397,straight_cont,straight_cont,2,false,not_run_after_fail,,,,0.0,,,,,,,,
s081,50,2.2179,straight_cont,straight_cont,2,false,not_run_after_fail,,,,0.0,,,,,,,,
s081,45,1.9961,straight_cont,straight_cont,2,false,not_run_after_fail,,,,0.0,,,,,,,,
s081,40,1.7743,straight_cont,straight_cont,2,false,not_run_after_fail,,,,0.0,,,,,,,,
s081,35,1.5526,straight_cont,straight_cont,2,false,not_run_after_fail,,,,0.0,,,,,,,,
s081,30,1.3308,straight_cont,straight_cont,2,false,not_run_after_fail,,,,0.0,,,,,,,,
s082,100,4.4694,straight_cont,straight_cont,2,false,recovery_failed,721.2586654006676,8.898531782853844,,19.2,1.1775,0,721.259,"[8.9217, 8.8985]","[7.7302, 7.7302]",7.730190023746864,-4.429121895853844,recovery_failed
s082,95,4.2459,straight_cont,straight_cont,2,false,not_run_after_fail,,,,0.0,,,,,,,,
s082,90,4.0225,straight_cont,straight_cont,2,false,not_run_after_fail,,,,0.0,,,,,,,,
s082,85,3.7990,straight_cont,straight_cont,2,false,not_run_after_fail,,,,0.0,,,,,,,,
s082,80,3.5755,straight_cont,straight_cont,2,false,not_run_after_fail,,,,0.0,,,,,,,,
s082,75,3.3521,straight_cont,straight_cont,2,false,not_run_after_fail,,,,0.0,,,,,,,,
s082,70,3.1286,straight_cont,straight_cont,2,false,not_run_after_fail,,,,0.0,,,,,,,,
s082,65,2.9051,straight_cont,straight_cont,2,false,not_run_after_fail,,,,0.0,,,,,,,,
s082,60,2.6816,straight_cont,straight_cont,2,false,not_run_after_fail,,,,0.0,,,,,,,,
s082,55,2.4582,straight_cont,straight_cont,2,false,not_run_after_fail,,,,0.0,,,,,,,,
s082,50,2.2347,straight_cont,straight_cont,2,false,not_run_after_fail,,,,0.0,,,,,,,,
s082,45,2.0112,straight_cont,straight_cont,2,false,not_run_after_fail,,,,0.0,,,,,,,,
s082,40,1.7878,straight_cont,straight_cont,2,false,not_run_after_fail,,,,0.0,,,,,,,,
s082,35,1.5643,straight_cont,straight_cont,2,false,not_run_after_fail,,,,0.0,,,,,,,,
s082,30,1.3408,straight_cont,straight_cont,2,false,not_run_after_fail,,,,0.0,,,,,,,,
s083,100,8.0366,straight_cont,straight_cont,2,false,recovery_failed,850.5832742103346,8.920668522384467,,18.4,1.1038,0,850.583,"[8.5942, 8.9207]","[8.2504, 8.2504]",8.250391811786185,-0.8841175053844683,recovery_failed
s083,95,7.6347,straight_cont,straight_cont,2,false,not_run_after_fail,,,,0.0,,,,,,,,
s083,90,7.2329,straight_cont,straight_cont,2,false,not_run_after_fail,,,,0.0,,,,,,,,
s083,85,6.8311,straight_cont,straight_cont,2,false,not_run_after_fail,,,,0.0,,,,,,,,
s083,80,6.4292,straight_cont,straight_cont,2,false,not_run_after_fail,,,,0.0,,,,,,,,
s083,75,6.0274,straight_cont,straight_cont,2,false,not_run_after_fail,,,,0.0,,,,,,,,
s083,70,5.6256,straight_cont,straight_cont,2,false,not_run_after_fail,,,,0.0,,,,,,,,
s083,65,5.2238,straight_cont,straight_cont,2,false,not_run_after_fail,,,,0.0,,,,,,,,
s083,60,4.8219,straight_cont,straight_cont,2,false,not_run_after_fail,,,,0.0,,,,,,,,
s083,55,4.4201,straight_cont,straight_cont,2,false,not_run_after_fail,,,,0.0,,,,,,,,
s083,50,4.0183,straight_cont,straight_cont,2,false,not_run_after_fail,,,,0.0,,,,,,,,
s083,45,3.6164,straight_cont,straight_cont,2,false,not_run_after_fail,,,,0.0,,,,,,,,
s083,40,3.2146,straight_cont,straight_cont,2,false,not_run_after_fail,,,,0.0,,,,,,,,
s083,35,2.8128,straight_cont,straight_cont,2,false,not_run_after_fail,,,,0.0,,,,,,,,
s083,30,2.4110,straight_cont,straight_cont,2,false,not_run_after_fail,,,,0.0,,,,,,,,
s084,100,3.9145,straight_cont,straight_cont,2,false,recovery_failed,604.7314753478097,5.291274788346195,,18.0,1.1228,0,604.731,"[5.5373, 5.2913]","[7.1351, 7.1351]",7.13509709461489,-32.1653948448774,recovery_failed
s084,95,3.7188,straight_cont,straight_cont,2,false,not_run_after_fail,,,,0.0,,,,,,,,
s084,90,3.5230,straight_cont,straight_cont,2,false,not_run_after_fail,,,,0.0,,,,,,,,
s084,85,3.3273,straight_cont,straight_cont,2,false,not_run_after_fail,,,,0.0,,,,,,,,
s084,80,3.1316,straight_cont,straight_cont,2,false,not_run_after_fail,,,,0.0,,,,,,,,
s084,75,2.9359,straight_cont,straight_cont,2,false,not_run_after_fail,,,,0.0,,,,,,,,
s084,70,2.7401,straight_cont,straight_cont,2,false,not_run_after_fail,,,,0.0,,,,,,,,
s084,65,2.5444,straight_cont,straight_cont,2,false,not_run_after_fail,,,,0.0,,,,,,,,
s084,60,2.3487,straight_cont,straight_cont,2,false,not_run_after_fail,,,,0.0,,,,,,,,
s084,55,2.1530,straight_cont,straight_cont,2,false,not_run_after_fail,,,,0.0,,,,,,,,
s084,50,1.9572,straight_cont,straight_cont,2,false,not_run_after_fail,,,,0.0,,,,,,,,
s084,45,1.7615,straight_cont,straight_cont,2,false,not_run_after_fail,,,,0.0,,,,,,,,
s084,40,1.5658,straight_cont,straight_cont,2,false,not_run_after_fail,,,,0.0,,,,,,,,
s084,35,1.3701,straight_cont,straight_cont,2,false,not_run_after_fail,,,,0.0,,,,,,,,
s084,30,1.1743,straight_cont,straight_cont,2,false,not_run_after_fail,,,,0.0,,,,,,,,
s085,100,8.8450,straight_cont,straight_cont,2,false,recovery_failed,845.0391248674049,8.56165221939476,,18.5,1.1151,0,845.039,"[8.6416, 8.5617]","[8.2433, 8.2433]",8.243315077230152,-14.612919203859565,recovery_failed
s085,95,8.4027,straight_cont,straight_cont,2,false,not_run_after_fail,,,,0.0,,,,,,,,
s085,90,7.9605,straight_cont,straight_cont,2,false,not_run_after_fail,,,,0.0,,,,,,,,
s085,85,7.5182,straight_cont,straight_cont,2,false,not_run_after_fail,,,,0.0,,,,,,,,
s085,80,7.0760,straight_cont,straight_cont,2,false,not_run_after_fail,,,,0.0,,,,,,,,
s085,75,6.6337,straight_cont,straight_cont,2,false,not_run_after_fail,,,,0.0,,,,,,,,
s085,70,6.1915,straight_cont,straight_cont,2,false,not_run_after_fail,,,,0.0,,,,,,,,
s085,65,5.7492,straight_cont,straight_cont,2,false,not_run_after_fail,,,,0.0,,,,,,,,
s085,60,5.3070,straight_cont,straight_cont,2,false,not_run_after_fail,,,,0.0,,,,,,,,
s085,55,4.8647,straight_cont,straight_cont,2,false,not_run_after_fail,,,,0.0,,,,,,,,
s085,50,4.4225,straight_cont,straight_cont,2,false,not_run_after_fail,,,,0.0,,,,,,,,
s085,45,3.9802,straight_cont,straight_cont,2,false,not_run_after_fail,,,,0.0,,,,,,,,
s085,40,3.5380,straight_cont,straight_cont,2,false,not_run_after_fail,,,,0.0,,,,,,,,
s085,35,3.0957,straight_cont,straight_cont,2,false,not_run_after_fail,,,,0.0,,,,,,,,
s085,30,2.6535,straight_cont,straight_cont,2,false,not_run_after_fail,,,,0.0,,,,,,,,
s086,100,4.8442,straight_cont,straight_cont,2,false,recovery_failed,700.3134218341692,7.704100238042674,,19.0,1.1711,0,700.313,"[7.7008, 7.7041]","[7.6939, 7.6939]",7.693895256285665,-42.86396815117382,recovery_failed
s086,95,4.6020,straight_cont,straight_cont,2,false,not_run_after_fail,,,,0.0,,,,,,,,
s086,90,4.3597,straight_cont,straight_cont,2,false,not_run_after_fail,,,,0.0,,,,,,,,
s086,85,4.1175,straight_cont,straight_cont,2,false,not_run_after_fail,,,,0.0,,,,,,,,
s086,80,3.8753,straight_cont,straight_cont,2,false,not_run_after_fail,,,,0.0,,,,,,,,
s086,75,3.6331,straight_cont,straight_cont,2,false,not_run_after_fail,,,,0.0,,,,,,,,
s086,70,3.3909,straight_cont,straight_cont,2,false,not_run_after_fail,,,,0.0,,,,,,,,
s086,65,3.1487,straight_cont,straight_cont,2,false,not_run_after_fail,,,,0.0,,,,,,,,
s086,60,2.9065,straight_cont,straight_cont,2,false,not_run_after_fail,,,,0.0,,,,,,,,
s086,55,2.6643,straight_cont,straight_cont,2,false,not_run_after_fail,,,,0.0,,,,,,,,
s086,50,2.4221,straight_cont,straight_cont,2,false,not_run_after_fail,,,,0.0,,,,,,,,
s086,45,2.1799,straight_cont,straight_cont,2,false,not_run_after_fail,,,,0.0,,,,,,,,
s086,40,1.9377,straight_cont,straight_cont,2,false,not_run_after_fail,,,,0.0,,,,,,,,
s086,35,1.6955,straight_cont,straight_cont,2,false,not_run_after_fail,,,,0.0,,,,,,,,
s086,30,1.4532,straight_cont,straight_cont,2,false,not_run_after_fail,,,,0.0,,,,,,,,
s087,100,5.1797,straight_cont,straight_cont,2,false,recovery_failed,700.0,7.6773813542459,,16.9,1.0262,0,700.0,"[7.6774, 7.6774]","[7.6846, 7.6846]",7.684600667231581,-55.762475759194274,recovery_failed
s087,95,4.9207,straight_cont,straight_cont,2,false,not_run_after_fail,,,,0.0,,,,,,,,
s087,90,4.6617,straight_cont,straight_cont,2,false,not_run_after_fail,,,,0.0,,,,,,,,
s087,85,4.4028,straight_cont,straight_cont,2,false,not_run_after_fail,,,,0.0,,,,,,,,
s087,80,4.1438,straight_cont,straight_cont,2,false,not_run_after_fail,,,,0.0,,,,,,,,
s087,75,3.8848,straight_cont,straight_cont,2,false,not_run_after_fail,,,,0.0,,,,,,,,
s087,70,3.6258,straight_cont,straight_cont,2,false,not_run_after_fail,,,,0.0,,,,,,,,
s087,65,3.3668,straight_cont,straight_cont,2,false,not_run_after_fail,,,,0.0,,,,,,,,
s087,60,3.1078,straight_cont,straight_cont,2,false,not_run_after_fail,,,,0.0,,,,,,,,
s087,55,2.8488,straight_cont,straight_cont,2,false,not_run_after_fail,,,,0.0,,,,,,,,
s087,50,2.5899,straight_cont,straight_cont,2,false,not_run_after_fail,,,,0.0,,,,,,,,
s087,45,2.3309,straight_cont,straight_cont,2,false,not_run_after_fail,,,,0.0,,,,,,,,
s087,40,2.0719,straight_cont,straight_cont,2,false,not_run_after_fail,,,,0.0,,,,,,,,
s087,35,1.8129,straight_cont,straight_cont,2,false,not_run_after_fail,,,,0.0,,,,,,,,
s087,30,1.5539,straight_cont,straight_cont,2,false,not_run_after_fail,,,,0.0,,,,,,,,
s088,100,7.9362,straight_cont,straight_cont,2,true,,800.0883477870686,7.925261757647419,1.0001,17.5,1.0586,0,800.088,"[7.9245, 7.9253]","[8.2274, 8.2274]",8.227428108317136,0.010969351352581036,optimized
s088,95,7.5394,straight_cont,straight_cont,2,true,,800.0906647289722,7.515140054729049,1.0001,17.5,1.0622,0,800.091,"[7.5138, 7.5151]","[8.2274, 8.2274]",8.227428108317136,0.023223897584855727,optimized
s088,90,7.1426,straight_cont,straight_cont,2,true,,800.0916339940637,7.124397717973682,1.0001,17.5,1.0584,0,800.092,"[7.1226, 7.1244]","[8.2274, 8.2274]",8.227428108317136,0.018210380026317807,optimized
s088,85,6.7458,straight_cont,straight_cont,2,true,,800.0924655952576,6.730727975611707,1.0001,17.5,1.0585,0,800.092,"[6.7286, 6.7307]","[8.2274, 8.2274]",8.227428108317136,0.015068617388293681,optimized
s088,80,6.3490,straight_cont,straight_cont,2,true,,800.0933796869201,6.284300980180756,1.0001,17.6,1.0686,0,800.093,"[6.2817, 6.2843]","[8.2274, 8.2274]",8.227428108317136,0.02050890676058023,optimized
s088,75,5.9522,straight_cont,straight_cont,2,true,,800.0942104889704,5.8913185779817505,1.0001,17.6,1.0674,0,800.094,"[5.8883, 5.8913]","[8.2274, 8.2274]",8.227428108317136,0.017506641007833307,optimized
s088,70,5.5554,straight_cont,straight_cont,2,true,,800.0950716219363,5.518380907078196,1.0001,17.7,1.0696,0,800.095,"[5.5149, 5.5184]","[8.2274, 8.2274]",8.227428108317136,0.011045989281404886,optimized
s088,65,5.1585,straight_cont,straight_cont,2,true,,800.0966802671069,5.151061064252292,1.0001,17.6,1.0676,0,800.097,"[5.1471, 5.1511]","[8.2274, 8.2274]",8.227428108317136,0.002942989713717512,optimized
s088,60,4.7617,straight_cont,straight_cont,2,true,,800.1017145994425,4.739174572064661,1.0001,17.6,1.0675,0,800.102,"[4.7345, 4.7392]","[8.2274, 8.2274]",8.227428108317136,0.003679668073855894,optimized
s088,55,4.3649,straight_cont,straight_cont,2,true,,800.1034500484164,4.354458620842836,1.0001,17.6,1.0679,0,800.103,"[4.3494, 4.3545]","[8.2274, 8.2274]",8.227428108317136,0.008560018183036033,optimized
s088,50,3.9681,straight_cont,straight_cont,2,true,,800.1083113835593,3.9625574047390852,1.0001,17.8,1.0750,0,800.108,"[3.9563, 3.9626]","[8.2274, 8.2274]",8.227428108317136,0.005558650260915066,optimized
s088,45,3.5713,straight_cont,straight_cont,2,true,,800.1063207686054,3.507837961511682,1.0001,17.8,1.0789,0,800.106,"[3.5289, 3.5078]","[8.2274, 8.2274]",8.227428108317136,0.0022152544560174077,optimized
s088,40,3.1745,straight_cont,straight_cont,2,false,recovery_failed,800.108506556898,3.238048803065407,,18.1,1.0989,0,800.109,"[3.3679, 3.238]","[8.2274, 8.2274]",8.227428108317136,-0.063555759065407,recovery_failed
s088,35,2.7777,straight_cont,straight_cont,2,false,not_run_after_fail,,,,0.0,,,,,,,,
s088,30,2.3809,straight_cont,straight_cont,2,false,not_run_after_fail,,,,0.0,,,,,,,,
s089,100,4.2956,straight_cont,straight_cont,2,false,recovery_failed,646.047286201239,8.108754267184311,,19.0,1.1840,0,646.047,"[8.088, 8.1088]","[7.133, 7.133]",7.133044906924517,-26.204503993307778,recovery_failed
s089,95,4.0808,straight_cont,straight_cont,2,false,not_run_after_fail,,,,0.0,,,,,,,,
s089,90,3.8660,straight_cont,straight_cont,2,false,not_run_after_fail,,,,0.0,,,,,,,,
s089,85,3.6512,straight_cont,straight_cont,2,false,not_run_after_fail,,,,0.0,,,,,,,,
s089,80,3.4365,straight_cont,straight_cont,2,false,not_run_after_fail,,,,0.0,,,,,,,,
s089,75,3.2217,straight_cont,straight_cont,2,false,not_run_after_fail,,,,0.0,,,,,,,,
s089,70,3.0069,straight_cont,straight_cont,2,false,not_run_after_fail,,,,0.0,,,,,,,,
s089,65,2.7921,straight_cont,straight_cont,2,false,not_run_after_fail,,,,0.0,,,,,,,,
s089,60,2.5773,straight_cont,straight_cont,2,false,not_run_after_fail,,,,0.0,,,,,,,,
s089,55,2.3626,straight_cont,straight_cont,2,false,not_run_after_fail,,,,0.0,,,,,,,,
s089,50,2.1478,straight_cont,straight_cont,2,false,not_run_after_fail,,,,0.0,,,,,,,,
s089,45,1.9330,straight_cont,straight_cont,2,false,not_run_after_fail,,,,0.0,,,,,,,,
s089,40,1.7182,straight_cont,straight_cont,2,false,not_run_after_fail,,,,0.0,,,,,,,,
s089,35,1.5034,straight_cont,straight_cont,2,false,not_run_after_fail,,,,0.0,,,,,,,,
s089,30,1.2887,straight_cont,straight_cont,2,false,not_run_after_fail,,,,0.0,,,,,,,,
s090,100,7.6967,straight_cont,straight_cont,2,true,,600.0078622167713,7.163961783845262,0.8057,19.0,1.1845,0,600.008,"[7.1635, 7.164]","[7.1655, 7.1655]",7.165512420564302,0.02444444545109024,optimized
s090,95,7.3119,straight_cont,straight_cont,2,true,,600.0078622167713,7.163961783845262,0.8057,18.7,1.1647,0,600.008,"[7.1635, 7.164]","[7.1655, 7.1655]",7.165512420564302,0.02444444545109029,optimized
s090,90,6.9270,straight_cont,straight_cont,2,false,recovery_failed,600.0247972913722,7.096996769511653,,19.8,1.2320,0,600.025,"[7.0963, 7.097]","[7.1655, 7.1655]",7.165512420564302,-0.16996717151165353,recovery_failed
s090,85,6.5422,straight_cont,straight_cont,2,false,not_run_after_fail,,,,0.0,,,,,,,,
s090,80,6.1574,straight_cont,straight_cont,2,false,not_run_after_fail,,,,0.0,,,,,,,,
s090,75,5.7725,straight_cont,straight_cont,2,false,not_run_after_fail,,,,0.0,,,,,,,,
s090,70,5.3877,straight_cont,straight_cont,2,false,not_run_after_fail,,,,0.0,,,,,,,,
s090,65,5.0029,straight_cont,straight_cont,2,false,not_run_after_fail,,,,0.0,,,,,,,,
s090,60,4.6180,straight_cont,straight_cont,2,false,not_run_after_fail,,,,0.0,,,,,,,,
s090,55,4.2332,straight_cont,straight_cont,2,false,not_run_after_fail,,,,0.0,,,,,,,,
s090,50,3.8483,straight_cont,straight_cont,2,false,not_run_after_fail,,,,0.0,,,,,,,,
s090,45,3.4635,straight_cont,straight_cont,2,false,not_run_after_fail,,,,0.0,,,,,,,,
s090,40,3.0787,straight_cont,straight_cont,2,false,not_run_after_fail,,,,0.0,,,,,,,,
s090,35,2.6938,straight_cont,straight_cont,2,false,not_run_after_fail,,,,0.0,,,,,,,,
s090,30,2.3090,straight_cont,straight_cont,2,false,not_run_after_fail,,,,0.0,,,,,,,,
s091,100,4.9210,straight_cont,straight_cont,2,false,recovery_failed,702.9111568343662,7.6391201847517936,,17.7,1.0858,0,702.911,"[7.6153, 7.6391]","[7.6826, 7.6826]",7.682564349093708,-10.344358400275063,recovery_failed
s091,95,4.6750,straight_cont,straight_cont,2,false,not_run_after_fail,,,,0.0,,,,,,,,
s091,90,4.4289,straight_cont,straight_cont,2,false,not_run_after_fail,,,,0.0,,,,,,,,
s091,85,4.1829,straight_cont,straight_cont,2,false,not_run_after_fail,,,,0.0,,,,,,,,
s091,80,3.9368,straight_cont,straight_cont,2,false,not_run_after_fail,,,,0.0,,,,,,,,
s091,75,3.6908,straight_cont,straight_cont,2,false,not_run_after_fail,,,,0.0,,,,,,,,
s091,70,3.4447,straight_cont,straight_cont,2,false,not_run_after_fail,,,,0.0,,,,,,,,
s091,65,3.1987,straight_cont,straight_cont,2,false,not_run_after_fail,,,,0.0,,,,,,,,
s091,60,2.9526,straight_cont,straight_cont,2,false,not_run_after_fail,,,,0.0,,,,,,,,
s091,55,2.7066,straight_cont,straight_cont,2,false,not_run_after_fail,,,,0.0,,,,,,,,
s091,50,2.4605,straight_cont,straight_cont,2,false,not_run_after_fail,,,,0.0,,,,,,,,
s091,45,2.2145,straight_cont,straight_cont,2,false,not_run_after_fail,,,,0.0,,,,,,,,
s091,40,1.9684,straight_cont,straight_cont,2,false,not_run_after_fail,,,,0.0,,,,,,,,
s091,35,1.7224,straight_cont,straight_cont,2,false,not_run_after_fail,,,,0.0,,,,,,,,
s091,30,1.4763,straight_cont,straight_cont,2,false,not_run_after_fail,,,,0.0,,,,,,,,
s092,100,8.6306,straight_cont,straight_cont,2,true,,712.66861780059,8.533311772843774,0.7962,17.8,1.0857,0,712.669,"[8.4805, 8.5333]","[7.7168, 7.7168]",7.716784052775566,0.008123381629610432,optimized
s092,95,8.1991,straight_cont,straight_cont,2,true,,709.8848936593163,8.09958530991089,0.7931,17.4,1.0618,0,709.885,"[8.0177, 8.0996]","[7.7168, 7.7168]",7.716784052775566,0.011864380557725441,optimized
s092,90,7.7676,straight_cont,straight_cont,2,true,,706.817615328594,7.759916971303333,0.7897,17.7,1.0789,0,706.818,"[7.703, 7.7599]","[7.7168, 7.7168]",7.716784052775566,0.007635184696666464,optimized
s092,85,7.3360,straight_cont,straight_cont,2,false,recovery_failed,705.2568451868547,7.7278787929669,,19.0,1.1557,0,705.257,"[7.6861, 7.7279]","[7.7168, 7.7168]",7.716784052775566,-0.3918572569668992,recovery_failed
s092,80,6.9045,straight_cont,straight_cont,2,false,not_run_after_fail,,,,0.0,,,,,,,,
s092,75,6.4730,straight_cont,straight_cont,2,false,not_run_after_fail,,,,0.0,,,,,,,,
s092,70,6.0414,straight_cont,straight_cont,2,false,not_run_after_fail,,,,0.0,,,,,,,,
s092,65,5.6099,straight_cont,straight_cont,2,false,not_run_after_fail,,,,0.0,,,,,,,,
s092,60,5.1784,straight_cont,straight_cont,2,false,not_run_after_fail,,,,0.0,,,,,,,,
s092,55,4.7468,straight_cont,straight_cont,2,false,not_run_after_fail,,,,0.0,,,,,,,,
s092,50,4.3153,straight_cont,straight_cont,2,false,not_run_after_fail,,,,0.0,,,,,,,,
s092,45,3.8838,straight_cont,straight_cont,2,false,not_run_after_fail,,,,0.0,,,,,,,,
s092,40,3.4522,straight_cont,straight_cont,2,false,not_run_after_fail,,,,0.0,,,,,,,,
s092,35,3.0207,straight_cont,straight_cont,2,false,not_run_after_fail,,,,0.0,,,,,,,,
s092,30,2.5892,straight_cont,straight_cont,2,false,not_run_after_fail,,,,0.0,,,,,,,,
s093,100,8.2246,straight_cont,straight_cont,2,false,recovery_failed,701.3418086225923,7.737733528477415,,17.5,1.0625,0,701.342,"[7.7245, 7.7377]","[7.6956, 7.6956]",7.695642229793017,-59.871832252536194,recovery_failed
s093,95,7.8133,straight_cont,straight_cont,2,false,not_run_after_fail,,,,0.0,,,,,,,,
s093,90,7.4021,straight_cont,straight_cont,2,false,not_run_after_fail,,,,0.0,,,,,,,,
s093,85,6.9909,straight_cont,straight_cont,2,false,not_run_after_fail,,,,0.0,,,,,,,,
s093,80,6.5797,straight_cont,straight_cont,2,false,not_run_after_fail,,,,0.0,,,,,,,,
s093,75,6.1684,straight_cont,straight_cont,2,false,not_run_after_fail,,,,0.0,,,,,,,,
s093,70,5.7572,straight_cont,straight_cont,2,false,not_run_after_fail,,,,0.0,,,,,,,,
s093,65,5.3460,straight_cont,straight_cont,2,false,not_run_after_fail,,,,0.0,,,,,,,,
s093,60,4.9347,straight_cont,straight_cont,2,false,not_run_after_fail,,,,0.0,,,,,,,,
s093,55,4.5235,straight_cont,straight_cont,2,false,not_run_after_fail,,,,0.0,,,,,,,,
s093,50,4.1123,straight_cont,straight_cont,2,false,not_run_after_fail,,,,0.0,,,,,,,,
s093,45,3.7011,straight_cont,straight_cont,2,false,not_run_after_fail,,,,0.0,,,,,,,,
s093,40,3.2898,straight_cont,straight_cont,2,false,not_run_after_fail,,,,0.0,,,,,,,,
s093,35,2.8786,straight_cont,straight_cont,2,false,not_run_after_fail,,,,0.0,,,,,,,,
s093,30,2.4674,straight_cont,straight_cont,2,false,not_run_after_fail,,,,0.0,,,,,,,,
s094,100,10.9602,straight_cont,straight_cont,2,false,recovery_failed,868.426146510731,10.176024103497552,,19.9,1.1918,0,868.426,"[10.1813, 10.176]","[8.2272, 8.2272]",8.22719264252424,-18.86995865788185,recovery_failed
s094,95,10.4122,straight_cont,straight_cont,2,false,not_run_after_fail,,,,0.0,,,,,,,,
s094,90,9.8642,straight_cont,straight_cont,2,false,not_run_after_fail,,,,0.0,,,,,,,,
s094,85,9.3162,straight_cont,straight_cont,2,false,not_run_after_fail,,,,0.0,,,,,,,,
s094,80,8.7682,straight_cont,straight_cont,2,false,not_run_after_fail,,,,0.0,,,,,,,,
s094,75,8.2202,straight_cont,straight_cont,2,false,not_run_after_fail,,,,0.0,,,,,,,,
s094,70,7.6722,straight_cont,straight_cont,2,false,not_run_after_fail,,,,0.0,,,,,,,,
s094,65,7.1241,straight_cont,straight_cont,2,false,not_run_after_fail,,,,0.0,,,,,,,,
s094,60,6.5761,straight_cont,straight_cont,2,false,not_run_after_fail,,,,0.0,,,,,,,,
s094,55,6.0281,straight_cont,straight_cont,2,false,not_run_after_fail,,,,0.0,,,,,,,,
s094,50,5.4801,straight_cont,straight_cont,2,false,not_run_after_fail,,,,0.0,,,,,,,,
s094,45,4.9321,straight_cont,straight_cont,2,false,not_run_after_fail,,,,0.0,,,,,,,,
s094,40,4.3841,straight_cont,straight_cont,2,false,not_run_after_fail,,,,0.0,,,,,,,,
s094,35,3.8361,straight_cont,straight_cont,2,false,not_run_after_fail,,,,0.0,,,,,,,,
s094,30,3.2881,straight_cont,straight_cont,2,false,not_run_after_fail,,,,0.0,,,,,,,,
s095,100,9.8868,straight_cont,straight_cont,2,true,,803.3183664857451,8.387688988728279,1.0035,18.0,1.0780,0,803.318,"[8.3707, 8.3877]","[8.2165, 8.2165]",8.216537179647451,0.021823415534234954,optimized
s095,95,9.3925,straight_cont,straight_cont,2,true,,803.2998551689192,8.387290583828177,1.0035,18.2,1.0940,0,803.3,"[8.3706, 8.3873]","[8.2165, 8.2165]",8.216537179647451,0.02182353767369435,optimized
s095,90,8.8981,straight_cont,straight_cont,2,true,,803.3002784801171,8.387145050231236,1.0035,18.2,1.0929,0,803.3,"[8.3703, 8.3871]","[8.2165, 8.2165]",8.216537179647451,0.021823507469073633,optimized
s095,85,8.4038,straight_cont,straight_cont,2,true,,803.2469020056708,8.385586718930348,1.0034,17.5,1.0474,0,803.247,"[8.369, 8.3856]","[8.2165, 8.2165]",8.216537179647451,0.01819724406965051,optimized
s095,80,7.9094,straight_cont,straight_cont,2,false,recovery_failed,801.1588415625366,8.106630662152332,,19.0,1.1428,0,801.159,"[8.0948, 8.1066]","[8.2165, 8.2165]",8.216537179647451,-0.19718687315233208,recovery_failed
s095,75,7.4151,straight_cont,straight_cont,2,false,not_run_after_fail,,,,0.0,,,,,,,,
s095,70,6.9208,straight_cont,straight_cont,2,false,not_run_after_fail,,,,0.0,,,,,,,,
s095,65,6.4264,straight_cont,straight_cont,2,false,not_run_after_fail,,,,0.0,,,,,,,,
s095,60,5.9321,straight_cont,straight_cont,2,false,not_run_after_fail,,,,0.0,,,,,,,,
s095,55,5.4377,straight_cont,straight_cont,2,false,not_run_after_fail,,,,0.0,,,,,,,,
s095,50,4.9434,straight_cont,straight_cont,2,false,not_run_after_fail,,,,0.0,,,,,,,,
s095,45,4.4491,straight_cont,straight_cont,2,false,not_run_after_fail,,,,0.0,,,,,,,,
s095,40,3.9547,straight_cont,straight_cont,2,false,not_run_after_fail,,,,0.0,,,,,,,,
s095,35,3.4604,straight_cont,straight_cont,2,false,not_run_after_fail,,,,0.0,,,,,,,,
s095,30,2.9660,straight_cont,straight_cont,2,false,not_run_after_fail,,,,0.0,,,,,,,,
s096,100,7.9847,straight_cont,straight_cont,2,false,recovery_failed,635.474833601708,8.880370076577947,,19.2,1.1664,0,635.475,"[8.9529, 8.8804]","[7.1671, 7.1671]",7.167125101297605,-0.8956876135779464,recovery_failed
s096,95,7.5854,straight_cont,straight_cont,2,false,not_run_after_fail,,,,0.0,,,,,,,,
s096,90,7.1862,straight_cont,straight_cont,2,false,not_run_after_fail,,,,0.0,,,,,,,,
s096,85,6.7870,straight_cont,straight_cont,2,false,not_run_after_fail,,,,0.0,,,,,,,,
s096,80,6.3877,straight_cont,straight_cont,2,false,not_run_after_fail,,,,0.0,,,,,,,,
s096,75,5.9885,straight_cont,straight_cont,2,false,not_run_after_fail,,,,0.0,,,,,,,,
s096,70,5.5893,straight_cont,straight_cont,2,false,not_run_after_fail,,,,0.0,,,,,,,,
s096,65,5.1900,straight_cont,straight_cont,2,false,not_run_after_fail,,,,0.0,,,,,,,,
s096,60,4.7908,straight_cont,straight_cont,2,false,not_run_after_fail,,,,0.0,,,,,,,,
s096,55,4.3916,straight_cont,straight_cont,2,false,not_run_after_fail,,,,0.0,,,,,,,,
s096,50,3.9923,straight_cont,straight_cont,2,false,not_run_after_fail,,,,0.0,,,,,,,,
s096,45,3.5931,straight_cont,straight_cont,2,false,not_run_after_fail,,,,0.0,,,,,,,,
s096,40,3.1939,straight_cont,straight_cont,2,false,not_run_after_fail,,,,0.0,,,,,,,,
s096,35,2.7946,straight_cont,straight_cont,2,false,not_run_after_fail,,,,0.0,,,,,,,,
s096,30,2.3954,straight_cont,straight_cont,2,false,not_run_after_fail,,,,0.0,,,,,,,,
s097,100,8.4045,straight_cont,straight_cont,2,true,,600.0713043926733,7.160593619069408,0.9380,18.0,1.1197,0,600.071,"[7.1593, 7.1606]","[7.1604, 7.1604]",7.160390875947803,0.02411142800616456,optimized
s097,95,7.9843,straight_cont,straight_cont,2,true,,600.071300698573,7.1605913053751475,0.9380,18.0,1.1179,0,600.071,"[7.1593, 7.1606]","[7.1604, 7.1604]",7.160390875947803,0.02411142867196421,optimized
s097,90,7.5640,straight_cont,straight_cont,2,true,,600.0712893577213,7.160584182051962,0.9380,18.0,1.1208,0,600.071,"[7.1593, 7.1606]","[7.1604, 7.1604]",7.160390875947803,0.024111430722977147,optimized
s097,85,7.1438,straight_cont,straight_cont,2,true,,600.0976371195932,7.142226286431649,0.9380,17.0,1.0604,0,600.098,"[7.141, 7.1422]","[7.1604, 7.1604]",7.160390875947803,0.0015948045683513712,optimized
s097,80,6.7236,straight_cont,straight_cont,2,false,recovery_failed,600.063676458637,6.947868109228714,,18.8,1.1671,0,600.064,"[6.9462, 6.9479]","[7.1604, 7.1604]",7.160390875947803,-0.22427173022871383,recovery_failed
s097,75,6.3034,straight_cont,straight_cont,2,false,not_run_after_fail,,,,0.0,,,,,,,,
s097,70,5.8831,straight_cont,straight_cont,2,false,not_run_after_fail,,,,0.0,,,,,,,,
s097,65,5.4629,straight_cont,straight_cont,2,false,not_run_after_fail,,,,0.0,,,,,,,,
s097,60,5.0427,straight_cont,straight_cont,2,false,not_run_after_fail,,,,0.0,,,,,,,,
s097,55,4.6225,straight_cont,straight_cont,2,false,not_run_after_fail,,,,0.0,,,,,,,,
s097,50,4.2022,straight_cont,straight_cont,2,false,not_run_after_fail,,,,0.0,,,,,,,,
s097,45,3.7820,straight_cont,straight_cont,2,false,not_run_after_fail,,,,0.0,,,,,,,,
s097,40,3.3618,straight_cont,straight_cont,2,false,not_run_after_fail,,,,0.0,,,,,,,,
s097,35,2.9416,straight_cont,straight_cont,2,false,not_run_after_fail,,,,0.0,,,,,,,,
s097,30,2.5213,straight_cont,straight_cont,2,false,not_run_after_fail,,,,0.0,,,,,,,,
s098,100,4.2561,straight_cont,straight_cont,2,false,recovery_failed,604.129462519708,4.162984131830942,,19.5,1.2323,0,604.129,"[4.1069, 4.163]","[7.1378, 7.1378]",7.137816642850578,-30.84628794677121,recovery_failed
s098,95,4.0433,straight_cont,straight_cont,2,false,not_run_after_fail,,,,0.0,,,,,,,,
s098,90,3.8305,straight_cont,straight_cont,2,false,not_run_after_fail,,,,0.0,,,,,,,,
s098,85,3.6177,straight_cont,straight_cont,2,false,not_run_after_fail,,,,0.0,,,,,,,,
s098,80,3.4049,straight_cont,straight_cont,2,false,not_run_after_fail,,,,0.0,,,,,,,,
s098,75,3.1921,straight_cont,straight_cont,2,false,not_run_after_fail,,,,0.0,,,,,,,,
s098,70,2.9793,straight_cont,straight_cont,2,false,not_run_after_fail,,,,0.0,,,,,,,,
s098,65,2.7665,straight_cont,straight_cont,2,false,not_run_after_fail,,,,0.0,,,,,,,,
s098,60,2.5537,straight_cont,straight_cont,2,false,not_run_after_fail,,,,0.0,,,,,,,,
s098,55,2.3409,straight_cont,straight_cont,2,false,not_run_after_fail,,,,0.0,,,,,,,,
s098,50,2.1281,straight_cont,straight_cont,2,false,not_run_after_fail,,,,0.0,,,,,,,,
s098,45,1.9153,straight_cont,straight_cont,2,false,not_run_after_fail,,,,0.0,,,,,,,,
s098,40,1.7025,straight_cont,straight_cont,2,false,not_run_after_fail,,,,0.0,,,,,,,,
s098,35,1.4897,straight_cont,straight_cont,2,false,not_run_after_fail,,,,0.0,,,,,,,,
s098,30,1.2768,straight_cont,straight_cont,2,false,not_run_after_fail,,,,0.0,,,,,,,,
s099,100,6.7858,straight_cont,straight_cont,2,false,recovery_failed,809.3170537105615,8.906181610100116,,19.5,1.1810,0,809.317,"[8.814, 8.9062]","[8.243, 8.243]",8.24301674857285,-50.053540137013044,recovery_failed
s099,95,6.4465,straight_cont,straight_cont,2,false,not_run_after_fail,,,,0.0,,,,,,,,
s099,90,6.1073,straight_cont,straight_cont,2,false,not_run_after_fail,,,,0.0,,,,,,,,
s099,85,5.7680,straight_cont,straight_cont,2,false,not_run_after_fail,,,,0.0,,,,,,,,
s099,80,5.4287,straight_cont,straight_cont,2,false,not_run_after_fail,,,,0.0,,,,,,,,
s099,75,5.0894,straight_cont,straight_cont,2,false,not_run_after_fail,,,,0.0,,,,,,,,
s099,70,4.7501,straight_cont,straight_cont,2,false,not_run_after_fail,,,,0.0,,,,,,,,
s099,65,4.4108,straight_cont,straight_cont,2,false,not_run_after_fail,,,,0.0,,,,,,,,
s099,60,4.0715,straight_cont,straight_cont,2,false,not_run_after_fail,,,,0.0,,,,,,,,
s099,55,3.7322,straight_cont,straight_cont,2,false,not_run_after_fail,,,,0.0,,,,,,,,
s099,50,3.3929,straight_cont,straight_cont,2,false,not_run_after_fail,,,,0.0,,,,,,,,
s099,45,3.0536,straight_cont,straight_cont,2,false,not_run_after_fail,,,,0.0,,,,,,,,
s099,40,2.7143,straight_cont,straight_cont,2,false,not_run_after_fail,,,,0.0,,,,,,,,
s099,35,2.3750,straight_cont,straight_cont,2,false,not_run_after_fail,,,,0.0,,,,,,,,
s099,30,2.0358,straight_cont,straight_cont,2,false,not_run_after_fail,,,,0.0,,,,,,,,
s100,100,7.8202,straight_cont,straight_cont,2,true,,626.5316545283995,7.684400689967858,0.9724,17.8,1.1012,0,626.532,"[7.5149, 7.6844]","[7.1314, 7.1314]",7.131441811836124,0.0029267752963020484,optimized
s100,95,7.4292,straight_cont,straight_cont,2,false,recovery_failed,635.9826316242624,7.526593767875038,,17.8,1.1011,0,635.983,"[8.1177, 7.5266]","[7.1314, 7.1314]",7.131441811836124,-0.09740227687503822,recovery_failed
s100,90,7.0382,straight_cont,straight_cont,2,false,not_run_after_fail,,,,0.0,,,,,,,,
s100,85,6.6472,straight_cont,straight_cont,2,false,not_run_after_fail,,,,0.0,,,,,,,,
s100,80,6.2562,straight_cont,straight_cont,2,false,not_run_after_fail,,,,0.0,,,,,,,,
s100,75,5.8652,straight_cont,straight_cont,2,false,not_run_after_fail,,,,0.0,,,,,,,,
s100,70,5.4741,straight_cont,straight_cont,2,false,not_run_after_fail,,,,0.0,,,,,,,,
s100,65,5.0831,straight_cont,straight_cont,2,false,not_run_after_fail,,,,0.0,,,,,,,,
s100,60,4.6921,straight_cont,straight_cont,2,false,not_run_after_fail,,,,0.0,,,,,,,,
s100,55,4.3011,straight_cont,straight_cont,2,false,not_run_after_fail,,,,0.0,,,,,,,,
s100,50,3.9101,straight_cont,straight_cont,2,false,not_run_after_fail,,,,0.0,,,,,,,,
s100,45,3.5191,straight_cont,straight_cont,2,false,not_run_after_fail,,,,0.0,,,,,,,,
s100,40,3.1281,straight_cont,straight_cont,2,false,not_run_after_fail,,,,0.0,,,,,,,,
s100,35,2.7371,straight_cont,straight_cont,2,false,not_run_after_fail,,,,0.0,,,,,,,,
s100,30,2.3461,straight_cont,straight_cont,2,false,not_run_after_fail,,,,0.0,,,,,,,,
s101,100,9.4412,straight_cont,straight_cont,2,true,,800.2185287564198,8.215120077444102,0.9980,17.5,1.0538,0,800.219,"[8.2129, 8.2151]","[8.2186, 8.2186]",8.218619578859949,0.02396657583291777,optimized
s101,95,8.9691,straight_cont,straight_cont,2,true,,800.2186625793548,8.215179345406328,0.9980,17.6,1.0609,0,800.219,"[8.213, 8.2152]","[8.2186, 8.2186]",8.218619578859949,0.023966575140398513,optimized
s101,90,8.4971,straight_cont,straight_cont,2,true,,800.2185226420467,8.215245786239716,0.9980,17.6,1.0604,0,800.219,"[8.2131, 8.2152]","[8.2186, 8.2186]",8.218619578859949,0.023065889232111697,optimized
s101,85,8.0250,straight_cont,straight_cont,2,true,,800.2956619504567,8.02472693237619,0.9981,19.4,1.1695,0,800.296,"[8.0207, 8.0247]","[8.2186, 8.2186]",8.218619578859949,0.00029815062380933455,optimized
s101,80,7.5530,straight_cont,straight_cont,2,false,recovery_failed,800.2944688440637,7.880723043806351,,20.3,1.2229,0,800.294,"[7.8729, 7.8807]","[8.2186, 8.2186]",8.218619578859949,-0.3277582008063513,recovery_failed
s101,75,7.0809,straight_cont,straight_cont,2,false,not_run_after_fail,,,,0.0,,,,,,,,
s101,70,6.6088,straight_cont,straight_cont,2,false,not_run_after_fail,,,,0.0,,,,,,,,
s101,65,6.1368,straight_cont,straight_cont,2,false,not_run_after_fail,,,,0.0,,,,,,,,
s101,60,5.6647,straight_cont,straight_cont,2,false,not_run_after_fail,,,,0.0,,,,,,,,
s101,55,5.1927,straight_cont,straight_cont,2,false,not_run_after_fail,,,,0.0,,,,,,,,
s101,50,4.7206,straight_cont,straight_cont,2,false,not_run_after_fail,,,,0.0,,,,,,,,
s101,45,4.2485,straight_cont,straight_cont,2,false,not_run_after_fail,,,,0.0,,,,,,,,
s101,40,3.7765,straight_cont,straight_cont,2,false,not_run_after_fail,,,,0.0,,,,,,,,
s101,35,3.3044,straight_cont,straight_cont,2,false,not_run_after_fail,,,,0.0,,,,,,,,
s101,30,2.8324,straight_cont,straight_cont,2,false,not_run_after_fail,,,,0.0,,,,,,,,
