scenario_id,pct,threshold,method,algorithm,num_agents,success,fail_reason,primary_length,primary_unc,length_ratio,wall_s,wall_ratio,astar_iterations,continuous_primary_length,continuous_uncertainties,discrete_uncertainties,primary_disc_unc
s001,100,7.9062,discrete_only,discrete_only,2,true,,944.9551276110654,6.921190598227208,1.0448,33.2,1.8547,108104,944.955,"[4.882, 6.9212]","[4.882, 6.6845]",6.684528430049467
s001,95,7.5109,discrete_only,discrete_only,2,true,,944.9551276110654,6.921190598227208,1.0448,31.4,1.7532,108104,944.955,"[4.882, 6.9212]","[4.882, 6.6845]",6.684528430049467
s001,90,7.1156,discrete_only,discrete_only,2,true,,944.9551276110654,6.921190598227208,1.0448,32.0,1.7875,108104,944.955,"[4.882, 6.9212]","[4.882, 6.6845]",6.684528430049467
s001,85,6.7202,discrete_only,discrete_only,2,false,unc_violated,944.9551276110654,6.921190598227208,,31.9,1.7825,108104,944.955,"[4.882, 6.9212]","[4.882, 6.6845]",6.684528430049467
s001,80,6.3249,discrete_only,discrete_only,2,false,not_run_after_fail,,,,0.0,,,,,,
s001,75,5.9296,discrete_only,discrete_only,2,false,not_run_after_fail,,,,0.0,,,,,,
s001,70,5.5343,discrete_only,discrete_only,2,false,not_run_after_fail,,,,0.0,,,,,,
s001,65,5.1390,discrete_only,discrete_only,2,false,not_run_after_fail,,,,0.0,,,,,,
s001,60,4.7437,discrete_only,discrete_only,2,false,not_run_after_fail,,,,0.0,,,,,,
s001,55,4.3484,discrete_only,discrete_only,2,false,not_run_after_fail,,,,0.0,,,,,,
s001,50,3.9531,discrete_only,discrete_only,2,false,not_run_after_fail,,,,0.0,,,,,,
s001,45,3.5578,discrete_only,discrete_only,2,false,not_run_after_fail,,,,0.0,,,,,,
s001,40,3.1625,discrete_only,discrete_only,2,false,not_run_after_fail,,,,0.0,,,,,,
s001,35,2.7672,discrete_only,discrete_only,2,false,not_run_after_fail,,,,0.0,,,,,,
s001,30,2.3719,discrete_only,discrete_only,2,false,not_run_after_fail,,,,0.0,,,,,,
s002,100,8.7866,discrete_only,discrete_only,2,false,unc_violated,723.7794976978059,8.789072368097223,,18.4,1.1570,2377,723.779,"[8.7866, 8.7891]","[8.7866, 8.7866]",8.78655759403951
s002,95,8.3472,discrete_only,discrete_only,2,false,not_run_after_fail,,,,0.0,,,,,,
s002,90,7.9079,discrete_only,discrete_only,2,false,not_run_after_fail,,,,0.0,,,,,,
s002,85,7.4686,discrete_only,discrete_only,2,false,not_run_after_fail,,,,0.0,,,,,,
s002,80,7.0292,discrete_only,discrete_only,2,false,not_run_after_fail,,,,0.0,,,,,,
s002,75,6.5899,discrete_only,discrete_only,2,false,not_run_after_fail,,,,0.0,,,,,,
s002,70,6.1506,discrete_only,discrete_only,2,false,not_run_after_fail,,,,0.0,,,,,,
s002,65,5.7113,discrete_only,discrete_only,2,false,not_run_after_fail,,,,0.0,,,,,,
s002,60,5.2719,discrete_only,discrete_only,2,false,not_run_after_fail,,,,0.0,,,,,,
s002,55,4.8326,discrete_only,discrete_only,2,false,not_run_after_fail,,,,0.0,,,,,,
s002,50,4.3933,discrete_only,discrete_only,2,false,not_run_after_fail,,,,0.0,,,,,,
s002,45,3.9540,discrete_only,discrete_only,2,false,not_run_after_fail,,,,0.0,,,,,,
s002,40,3.5146,discrete_only,discrete_only,2,false,not_run_after_fail,,,,0.0,,,,,,
s002,35,3.0753,discrete_only,discrete_only,2,false,not_run_after_fail,,,,0.0,,,,,,
s002,30,2.6360,discrete_only,discrete_only,2,false,not_run_after_fail,,,,0.0,,,,,,
s003,100,6.5157,discrete_only,discrete_only,2,true,,720.6447501809531,4.331147112811252,1.1999,18.4,1.1413,2671,720.645,"[0.886, 4.3311]","[0.886, 3.9529]",3.952927648581032
s003,95,6.1900,discrete_only,discrete_only,2,true,,720.6447501809531,4.331147112811252,1.1999,18.4,1.1390,2671,720.645,"[0.886, 4.3311]","[0.886, 3.9529]",3.952927648581032
s003,90,5.8642,discrete_only,discrete_only,2,true,,720.6447501809531,4.331147112811252,1.1999,18.5,1.1472,2671,720.645,"[0.886, 4.3311]","[0.886, 3.9529]",3.952927648581032
s003,85,5.5384,discrete_only,discrete_only,2,true,,720.6447501809531,4.331147112811252,1.1999,18.2,1.1281,2671,720.645,"[0.886, 4.3311]","[0.886, 3.9529]",3.952927648581032
s003,80,5.2126,discrete_only,discrete_only,2,true,,720.6447501809531,4.331147112811252,1.1999,18.3,1.1362,2671,720.645,"[0.886, 4.3311]","[0.886, 3.9529]",3.952927648581032
s003,75,4.8868,discrete_only,discrete_only,2,true,,720.6447501809531,4.331147112811252,1.1999,18.5,1.1484,2671,720.645,"[0.886, 4.3311]","[0.886, 3.9529]",3.952927648581032
s003,70,4.5610,discrete_only,discrete_only,2,true,,720.6447501809531,4.331147112811252,1.1999,18.4,1.1380,2671,720.645,"[0.886, 4.3311]","[0.886, 3.9529]",3.952927648581032
s003,65,4.2352,discrete_only,discrete_only,2,false,unc_violated,720.6447501809531,4.331147112811252,,18.4,1.1396,2671,720.645,"[0.886, 4.3311]","[0.886, 3.9529]",3.952927648581032
s003,60,3.9094,discrete_only,discrete_only,2,false,not_run_after_fail,,,,0.0,,,,,,
s003,55,3.5837,discrete_only,discrete_only,2,false,not_run_after_fail,,,,0.0,,,,,,
s003,50,3.2579,discrete_only,discrete_only,2,false,not_run_after_fail,,,,0.0,,,,,,
s003,45,2.9321,discrete_only,discrete_only,2,false,not_run_after_fail,,,,0.0,,,,,,
s003,40,2.6063,discrete_only,discrete_only,2,false,not_run_after_fail,,,,0.0,,,,,,
s003,35,2.2805,discrete_only,discrete_only,2,false,not_run_after_fail,,,,0.0,,,,,,
s003,30,1.9547,discrete_only,discrete_only,2,false,not_run_after_fail,,,,0.0,,,,,,
s004,100,4.8986,discrete_only,discrete_only,2,true,,944.9551276110654,4.370403970810787,1.0938,28.4,1.7433,69350,944.955,"[2.4392, 4.3704]","[2.4392, 3.7494]",3.749411440542693
s004,95,4.6536,discrete_only,discrete_only,2,true,,944.9551276110654,4.370403970810787,1.0938,28.4,1.7419,69350,944.955,"[2.4392, 4.3704]","[2.4392, 3.7494]",3.749411440542693
s004,90,4.4087,discrete_only,discrete_only,2,true,,944.9551276110654,4.370403970810787,1.0938,27.8,1.7011,69350,944.955,"[2.4392, 4.3704]","[2.4392, 3.7494]",3.749411440542693
s004,85,4.1638,discrete_only,discrete_only,2,false,unc_violated,944.9551276110654,4.370403970810787,,28.0,1.7166,69350,944.955,"[2.4392, 4.3704]","[2.4392, 3.7494]",3.749411440542693
s004,80,3.9189,discrete_only,discrete_only,2,false,not_run_after_fail,,,,0.0,,,,,,
s004,75,3.6739,discrete_only,discrete_only,2,false,not_run_after_fail,,,,0.0,,,,,,
s004,70,3.4290,discrete_only,discrete_only,2,false,not_run_after_fail,,,,0.0,,,,,,
s004,65,3.1841,discrete_only,discrete_only,2,false,not_run_after_fail,,,,0.0,,,,,,
s004,60,2.9391,discrete_only,discrete_only,2,false,not_run_after_fail,,,,0.0,,,,,,
s004,55,2.6942,discrete_only,discrete_only,2,false,not_run_after_fail,,,,0.0,,,,,,
s004,50,2.4493,discrete_only,discrete_only,2,false,not_run_after_fail,,,,0.0,,,,,,
s004,45,2.2044,discrete_only,discrete_only,2,false,not_run_after_fail,,,,0.0,,,,,,
s004,40,1.9594,discrete_only,discrete_only,2,false,not_run_after_fail,,,,0.0,,,,,,
s004,35,1.7145,discrete_only,discrete_only,2,false,not_run_after_fail,,,,0.0,,,,,,
s004,30,1.4696,discrete_only,discrete_only,2,false,not_run_after_fail,,,,0.0,,,,,,
s005,100,6.2759,discrete_only,discrete_only,2,false,no_solution,null,null,,99.0,5.9143,500000,null,[],[],null
s005,95,5.9621,discrete_only,discrete_only,2,false,not_run_after_fail,,,,0.0,,,,,,
s005,90,5.6483,discrete_only,discrete_only,2,false,not_run_after_fail,,,,0.0,,,,,,
s005,85,5.3345,discrete_only,discrete_only,2,false,not_run_after_fail,,,,0.0,,,,,,
s005,80,5.0207,discrete_only,discrete_only,2,false,not_run_after_fail,,,,0.0,,,,,,
s005,75,4.7070,discrete_only,discrete_only,2,false,not_run_after_fail,,,,0.0,,,,,,
s005,70,4.3932,discrete_only,discrete_only,2,false,not_run_after_fail,,,,0.0,,,,,,
s005,65,4.0794,discrete_only,discrete_only,2,false,not_run_after_fail,,,,0.0,,,,,,
s005,60,3.7656,discrete_only,discrete_only,2,false,not_run_after_fail,,,,0.0,,,,,,
s005,55,3.4518,discrete_only,discrete_only,2,false,not_run_after_fail,,,,0.0,,,,,,
s005,50,3.1380,discrete_only,discrete_only,2,false,not_run_after_fail,,,,0.0,,,,,,
s005,45,2.8242,discrete_only,discrete_only,2,false,not_run_after_fail,,,,0.0,,,,,,
s005,40,2.5104,discrete_only,discrete_only,2,false,not_run_after_fail,,,,0.0,,,,,,
s005,35,2.1966,discrete_only,discrete_only,2,false,not_run_after_fail,,,,0.0,,,,,,
s005,30,1.8828,discrete_only,discrete_only,2,false,not_run_after_fail,,,,0.0,,,,,,
s006,100,9.0711,discrete_only,discrete_only,2,true,,650.1300117908407,6.925033499033841,1.0772,17.7,1.1037,18,650.13,"[1.0142, 6.925]","[1.0142, 6.9161]",6.916140095902797
s006,95,8.6175,discrete_only,discrete_only,2,true,,650.1300117908407,6.925033499033841,1.0772,17.7,1.1021,18,650.13,"[1.0142, 6.925]","[1.0142, 6.9161]",6.916140095902797
s006,90,8.1640,discrete_only,discrete_only,2,true,,650.1300117908407,6.925033499033841,1.0772,17.7,1.1033,18,650.13,"[1.0142, 6.925]","[1.0142, 6.9161]",6.916140095902797
s006,85,7.7104,discrete_only,discrete_only,2,true,,650.1300117908407,6.925033499033841,1.0772,17.7,1.1054,18,650.13,"[1.0142, 6.925]","[1.0142, 6.9161]",6.916140095902797
s006,80,7.2569,discrete_only,discrete_only,2,true,,650.1300117908407,6.925033499033841,1.0772,17.6,1.1010,18,650.13,"[1.0142, 6.925]","[1.0142, 6.9161]",6.916140095902797
s006,75,6.8033,discrete_only,discrete_only,2,true,,650.1300117908407,4.568943445520858,1.0772,17.8,1.1081,19,650.13,"[3.3165, 4.5689]","[3.3165, 4.2668]",4.266848326095199
s006,70,6.3497,discrete_only,discrete_only,2,true,,650.1300117908407,4.568943445520858,1.0772,17.7,1.1029,19,650.13,"[3.3165, 4.5689]","[3.3165, 4.2668]",4.266848326095199
s006,65,5.8962,discrete_only,discrete_only,2,true,,650.1300117908407,4.568943445520858,1.0772,17.6,1.1008,19,650.13,"[3.3165, 4.5689]","[3.3165, 4.2668]",4.266848326095199
s006,60,5.4426,discrete_only,discrete_only,2,true,,650.1300117908407,4.568943445520858,1.0772,17.7,1.1029,19,650.13,"[3.3165, 4.5689]","[3.3165, 4.2668]",4.266848326095199
s006,55,4.9891,discrete_only,discrete_only,2,true,,650.1300117908407,4.568943445520858,1.0772,17.7,1.1030,19,650.13,"[3.3165, 4.5689]","[3.3165, 4.2668]",4.266848326095199
s006,50,4.5355,discrete_only,discrete_only,2,false,unc_violated,650.1300117908407,4.568943445520858,,17.8,1.1084,19,650.13,"[3.3165, 4.5689]","[3.3165, 4.2668]",4.266848326095199
s006,45,4.0820,discrete_only,discrete_only,2,false,not_run_after_fail,,,,0.0,,,,,,
s006,40,3.6284,discrete_only,discrete_only,2,false,not_run_after_fail,,,,0.0,,,,,,
s006,35,3.1749,discrete_only,discrete_only,2,false,not_run_after_fail,,,,0.0,,,,,,
s006,30,2.7213,discrete_only,discrete_only,2,false,not_run_after_fail,,,,0.0,,,,,,
s007,100,5.9068,discrete_only,discrete_only,2,true,,843.2953359980315,4.193627958316278,1.1068,20.5,1.2613,18002,843.295,"[2.9029, 4.1936]","[2.9029, 3.8138]",3.8137528019489437
s007,95,5.6115,discrete_only,discrete_only,2,true,,843.2953359980315,4.193627958316278,1.1068,20.4,1.2549,18002,843.295,"[2.9029, 4.1936]","[2.9029, 3.8138]",3.8137528019489437
s007,90,5.3161,discrete_only,discrete_only,2,true,,843.2953359980315,4.193627958316278,1.1068,20.3,1.2503,18002,843.295,"[2.9029, 4.1936]","[2.9029, 3.8138]",3.8137528019489437
s007,85,5.0208,discrete_only,discrete_only,2,true,,843.2953359980315,4.193627958316278,1.1068,20.3,1.2501,18002,843.295,"[2.9029, 4.1936]","[2.9029, 3.8138]",3.8137528019489437
s007,80,4.7254,discrete_only,discrete_only,2,true,,843.2953359980315,4.193627958316278,1.1068,20.5,1.2596,18002,843.295,"[2.9029, 4.1936]","[2.9029, 3.8138]",3.8137528019489437
s007,75,4.4301,discrete_only,discrete_only,2,true,,843.2953359980315,4.193627958316278,1.1068,20.2,1.2418,18002,843.295,"[2.9029, 4.1936]","[2.9029, 3.8138]",3.8137528019489437
s007,70,4.1348,discrete_only,discrete_only,2,false,unc_violated,843.2953359980315,4.193627958316278,,20.2,1.2443,18002,843.295,"[2.9029, 4.1936]","[2.9029, 3.8138]",3.8137528019489437
s007,65,3.8394,discrete_only,discrete_only,2,false,not_run_after_fail,,,,0.0,,,,,,
s007,60,3.5441,discrete_only,discrete_only,2,false,not_run_after_fail,,,,0.0,,,,,,
s007,55,3.2487,discrete_only,discrete_only,2,false,not_run_after_fail,,,,0.0,,,,,,
s007,50,2.9534,discrete_only,discrete_only,2,false,not_run_after_fail,,,,0.0,,,,,,
s007,45,2.6581,discrete_only,discrete_only,2,false,not_run_after_fail,,,,0.0,,,,,,
s007,40,2.3627,discrete_only,discrete_only,2,false,not_run_after_fail,,,,0.0,,,,,,
s007,35,2.0674,discrete_only,discrete_only,2,false,not_run_after_fail,,,,0.0,,,,,,
s007,30,1.7720,discrete_only,discrete_only,2,false,not_run_after_fail,,,,0.0,,,,,,
s008,100,7.3296,discrete_only,discrete_only,2,true,,983.1058207969588,6.1792799243447805,1.0892,21.5,1.2879,18411,983.106,"[4.3578, 6.1793]","[4.3578, 5.8384]",5.8383678496775415
s008,95,6.9631,discrete_only,discrete_only,2,true,,983.1058207969588,6.1792799243447805,1.0892,21.4,1.2843,18411,983.106,"[4.3578, 6.1793]","[4.3578, 5.8384]",5.8383678496775415
s008,90,6.5966,discrete_only,discrete_only,2,true,,983.1058207969588,6.1792799243447805,1.0892,21.2,1.2735,18411,983.106,"[4.3578, 6.1793]","[4.3578, 5.8384]",5.8383678496775415
s008,85,6.2302,discrete_only,discrete_only,2,true,,983.1058207969588,6.1792799243447805,1.0892,21.6,1.2933,18411,983.106,"[4.3578, 6.1793]","[4.3578, 5.8384]",5.8383678496775415
s008,80,5.8637,discrete_only,discrete_only,2,false,unc_violated,983.1058207969588,6.1792799243447805,,21.3,1.2757,18411,983.106,"[4.3578, 6.1793]","[4.3578, 5.8384]",5.8383678496775415
s008,75,5.4972,discrete_only,discrete_only,2,false,not_run_after_fail,,,,0.0,,,,,,
s008,70,5.1307,discrete_only,discrete_only,2,false,not_run_after_fail,,,,0.0,,,,,,
s008,65,4.7642,discrete_only,discrete_only,2,false,not_run_after_fail,,,,0.0,,,,,,
s008,60,4.3978,discrete_only,discrete_only,2,false,not_run_after_fail,,,,0.0,,,,,,
s008,55,4.0313,discrete_only,discrete_only,2,false,not_run_after_fail,,,,0.0,,,,,,
s008,50,3.6648,discrete_only,discrete_only,2,false,not_run_after_fail,,,,0.0,,,,,,
s008,45,3.2983,discrete_only,discrete_only,2,false,not_run_after_fail,,,,0.0,,,,,,
s008,40,2.9318,discrete_only,discrete_only,2,false,not_run_after_fail,,,,0.0,,,,,,
s008,35,2.5654,discrete_only,discrete_only,2,false,not_run_after_fail,,,,0.0,,,,,,
s008,30,2.1989,discrete_only,discrete_only,2,false,not_run_after_fail,,,,0.0,,,,,,
s009,100,8.0659,discrete_only,discrete_only,2,true,,1025.507583725939,5.678079540214017,1.1432,34.9,2.0857,100281,1025.508,"[5.4583, 5.6781]","[5.4583, 6.0848]",6.084849981355928
s009,95,7.6626,discrete_only,discrete_only,2,true,,1025.507583725939,5.678079540214017,1.1432,34.8,2.0804,100281,1025.508,"[5.4583, 5.6781]","[5.4583, 6.0848]",6.084849981355928
s009,90,7.2593,discrete_only,discrete_only,2,true,,1025.507583725939,5.678079540214017,1.1432,34.9,2.0843,100281,1025.508,"[5.4583, 5.6781]","[5.4583, 6.0848]",6.084849981355928
s009,85,6.8560,discrete_only,discrete_only,2,true,,1025.507583725939,5.678079540214017,1.1432,34.6,2.0700,100281,1025.508,"[5.4583, 5.6781]","[5.4583, 6.0848]",6.084849981355928
s009,80,6.4527,discrete_only,discrete_only,2,true,,1025.507583725939,5.678079540214017,1.1432,34.9,2.0853,100281,1025.508,"[5.4583, 5.6781]","[5.4583, 6.0848]",6.084849981355928
s009,75,6.0494,discrete_only,discrete_only,2,false,unc_violated,1049.3636919884452,6.535295746030061,,35.0,2.0926,100476,1049.364,"[4.6252, 6.5353]","[4.6252, 5.8516]",5.851572971952612
s009,70,5.6462,discrete_only,discrete_only,2,false,not_run_after_fail,,,,0.0,,,,,,
s009,65,5.2429,discrete_only,discrete_only,2,false,not_run_after_fail,,,,0.0,,,,,,
s009,60,4.8396,discrete_only,discrete_only,2,false,not_run_after_fail,,,,0.0,,,,,,
s009,55,4.4363,discrete_only,discrete_only,2,false,not_run_after_fail,,,,0.0,,,,,,
s009,50,4.0330,discrete_only,discrete_only,2,false,not_run_after_fail,,,,0.0,,,,,,
s009,45,3.6297,discrete_only,discrete_only,2,false,not_run_after_fail,,,,0.0,,,,,,
s009,40,3.2264,discrete_only,discrete_only,2,false,not_run_after_fail,,,,0.0,,,,,,
s009,35,2.8231,discrete_only,discrete_only,2,false,not_run_after_fail,,,,0.0,,,,,,
s009,30,2.4198,discrete_only,discrete_only,2,false,not_run_after_fail,,,,0.0,,,,,,
s010,100,8.3710,discrete_only,discrete_only,2,true,,906.0806570533721,6.534038308054801,1.2794,71.1,4.3212,328876,906.081,"[6.2043, 6.534]","[6.2043, 6.3892]",6.389154925612601
s010,95,7.9524,discrete_only,discrete_only,2,true,,906.0806570533721,6.534038308054801,1.2794,72.5,4.4104,328876,906.081,"[6.2043, 6.534]","[6.2043, 6.3892]",6.389154925612601
s010,90,7.5339,discrete_only,discrete_only,2,true,,906.0806570533721,6.534038308054801,1.2794,72.3,4.3959,328876,906.081,"[6.2043, 6.534]","[6.2043, 6.3892]",6.389154925612601
s010,85,7.1153,discrete_only,discrete_only,2,true,,906.0806570533721,6.534038308054801,1.2794,71.0,4.3192,328876,906.081,"[6.2043, 6.534]","[6.2043, 6.3892]",6.389154925612601
s010,80,6.6968,discrete_only,discrete_only,2,true,,906.0806570533721,6.534038308054801,1.2794,71.0,4.3185,328876,906.081,"[6.2043, 6.534]","[6.2043, 6.3892]",6.389154925612601
s010,75,6.2782,discrete_only,discrete_only,2,false,unc_violated,906.0806570533721,6.534038308054801,,85.8,5.2195,500000,906.081,"[6.2043, 6.534]","[6.2043, 6.3892]",6.389154925612601
s010,70,5.8597,discrete_only,discrete_only,2,false,not_run_after_fail,,,,0.0,,,,,,
s010,65,5.4411,discrete_only,discrete_only,2,false,not_run_after_fail,,,,0.0,,,,,,
s010,60,5.0226,discrete_only,discrete_only,2,false,not_run_after_fail,,,,0.0,,,,,,
s010,55,4.6040,discrete_only,discrete_only,2,false,not_run_after_fail,,,,0.0,,,,,,
s010,50,4.1855,discrete_only,discrete_only,2,false,not_run_after_fail,,,,0.0,,,,,,
s010,45,3.7669,discrete_only,discrete_only,2,false,not_run_after_fail,,,,0.0,,,,,,
s010,40,3.3484,discrete_only,discrete_only,2,false,not_run_after_fail,,,,0.0,,,,,,
s010,35,2.9298,discrete_only,discrete_only,2,false,not_run_after_fail,,,,0.0,,,,,,
s010,30,2.5113,discrete_only,discrete_only,2,false,not_run_after_fail,,,,0.0,,,,,,
s011,100,6.8163,discrete_only,discrete_only,2,true,,978.2779569316906,4.688680347321092,1.1383,31.1,1.9278,85764,978.278,"[0.8495, 4.6887]","[0.8495, 4.1469]",4.146940691803676
s011,95,6.4755,discrete_only,discrete_only,2,true,,978.2779569316906,4.688680347321092,1.1383,32.1,1.9952,85764,978.278,"[0.8495, 4.6887]","[0.8495, 4.1469]",4.146940691803676
s011,90,6.1347,discrete_only,discrete_only,2,true,,978.2779569316906,4.688680347321092,1.1383,31.1,1.9296,85764,978.278,"[0.8495, 4.6887]","[0.8495, 4.1469]",4.146940691803676
s011,85,5.7939,discrete_only,discrete_only,2,true,,978.2779569316906,4.688680347321092,1.1383,32.2,1.9967,85764,978.278,"[0.8495, 4.6887]","[0.8495, 4.1469]",4.146940691803676
s011,80,5.4530,discrete_only,discrete_only,2,true,,978.2779569316906,4.688680347321092,1.1383,31.2,1.9362,85764,978.278,"[0.8495, 4.6887]","[0.8495, 4.1469]",4.146940691803676
s011,75,5.1122,discrete_only,discrete_only,2,true,,978.2779569316906,4.688680347321092,1.1383,30.9,1.9160,85764,978.278,"[0.8495, 4.6887]","[0.8495, 4.1469]",4.146940691803676
s011,70,4.7714,discrete_only,discrete_only,2,true,,978.2779569316906,4.688680347321092,1.1383,30.7,1.9081,85764,978.278,"[0.8495, 4.6887]","[0.8495, 4.1469]",4.146940691803676
s011,65,4.4306,discrete_only,discrete_only,2,false,unc_violated,978.2779569316906,4.688680347321092,,30.7,1.9075,85764,978.278,"[0.8495, 4.6887]","[0.8495, 4.1469]",4.146940691803676
s011,60,4.0898,discrete_only,discrete_only,2,false,not_run_after_fail,,,,0.0,,,,,,
s011,55,3.7490,discrete_only,discrete_only,2,false,not_run_after_fail,,,,0.0,,,,,,
s011,50,3.4082,discrete_only,discrete_only,2,false,not_run_after_fail,,,,0.0,,,,,,
s011,45,3.0673,discrete_only,discrete_only,2,false,not_run_after_fail,,,,0.0,,,,,,
s011,40,2.7265,discrete_only,discrete_only,2,false,not_run_after_fail,,,,0.0,,,,,,
s011,35,2.3857,discrete_only,discrete_only,2,false,not_run_after_fail,,,,0.0,,,,,,
s011,30,2.0449,discrete_only,discrete_only,2,false,not_run_after_fail,,,,0.0,,,,,,
s012,100,8.6661,discrete_only,discrete_only,2,false,no_solution,null,null,,108.7,6.4135,500000,null,[],[],null
s012,95,8.2328,discrete_only,discrete_only,2,false,not_run_after_fail,,,,0.0,,,,,,
s012,90,7.7995,discrete_only,discrete_only,2,false,not_run_after_fail,,,,0.0,,,,,,
s012,85,7.3662,discrete_only,discrete_only,2,false,not_run_after_fail,,,,0.0,,,,,,
s012,80,6.9329,discrete_only,discrete_only,2,false,not_run_after_fail,,,,0.0,,,,,,
s012,75,6.4996,discrete_only,discrete_only,2,false,not_run_after_fail,,,,0.0,,,,,,
s012,70,6.0663,discrete_only,discrete_only,2,false,not_run_after_fail,,,,0.0,,,,,,
s012,65,5.6330,discrete_only,discrete_only,2,false,not_run_after_fail,,,,0.0,,,,,,
s012,60,5.1997,discrete_only,discrete_only,2,false,not_run_after_fail,,,,0.0,,,,,,
s012,55,4.7664,discrete_only,discrete_only,2,false,not_run_after_fail,,,,0.0,,,,,,
s012,50,4.3331,discrete_only,discrete_only,2,false,not_run_after_fail,,,,0.0,,,,,,
s012,45,3.8998,discrete_only,discrete_only,2,false,not_run_after_fail,,,,0.0,,,,,,
s012,40,3.4665,discrete_only,discrete_only,2,false,not_run_after_fail,,,,0.0,,,,,,
s012,35,3.0331,discrete_only,discrete_only,2,false,not_run_after_fail,,,,0.0,,,,,,
s012,30,2.5998,discrete_only,discrete_only,2,false,not_run_after_fail,,,,0.0,,,,,,
s013,100,9.2194,discrete_only,discrete_only,2,false,unc_violated,766.1431517563869,9.379529484153323,,20.9,1.2909,23323,766.143,"[8.3646, 9.3795]","[8.3646, 9.0897]",9.08970264590021
s013,95,8.7585,discrete_only,discrete_only,2,false,not_run_after_fail,,,,0.0,,,,,,
s013,90,8.2975,discrete_only,discrete_only,2,false,not_run_after_fail,,,,0.0,,,,,,
s013,85,7.8365,discrete_only,discrete_only,2,false,not_run_after_fail,,,,0.0,,,,,,
s013,80,7.3755,discrete_only,discrete_only,2,false,not_run_after_fail,,,,0.0,,,,,,
s013,75,6.9146,discrete_only,discrete_only,2,false,not_run_after_fail,,,,0.0,,,,,,
s013,70,6.4536,discrete_only,discrete_only,2,false,not_run_after_fail,,,,0.0,,,,,,
s013,65,5.9926,discrete_only,discrete_only,2,false,not_run_after_fail,,,,0.0,,,,,,
s013,60,5.5317,discrete_only,discrete_only,2,false,not_run_after_fail,,,,0.0,,,,,,
s013,55,5.0707,discrete_only,discrete_only,2,false,not_run_after_fail,,,,0.0,,,,,,
s013,50,4.6097,discrete_only,discrete_only,2,false,not_run_after_fail,,,,0.0,,,,,,
s013,45,4.1487,discrete_only,discrete_only,2,false,not_run_after_fail,,,,0.0,,,,,,
s013,40,3.6878,discrete_only,discrete_only,2,false,not_run_after_fail,,,,0.0,,,,,,
s013,35,3.2268,discrete_only,discrete_only,2,false,not_run_after_fail,,,,0.0,,,,,,
s013,30,2.7658,discrete_only,discrete_only,2,false,not_run_after_fail,,,,0.0,,,,,,
s014,100,4.1696,discrete_only,discrete_only,2,false,unc_violated,719.6793683791311,4.23494401001089,,18.7,1.1687,5721,719.679,"[0.9273, 4.2349]","[0.9273, 3.8147]",3.814746746273465
s014,95,3.9611,discrete_only,discrete_only,2,false,not_run_after_fail,,,,0.0,,,,,,
s014,90,3.7526,discrete_only,discrete_only,2,false,not_run_after_fail,,,,0.0,,,,,,
s014,85,3.5441,discrete_only,discrete_only,2,false,not_run_after_fail,,,,0.0,,,,,,
s014,80,3.3356,discrete_only,discrete_only,2,false,not_run_after_fail,,,,0.0,,,,,,
s014,75,3.1272,discrete_only,discrete_only,2,false,not_run_after_fail,,,,0.0,,,,,,
s014,70,2.9187,discrete_only,discrete_only,2,false,not_run_after_fail,,,,0.0,,,,,,
s014,65,2.7102,discrete_only,discrete_only,2,false,not_run_after_fail,,,,0.0,,,,,,
s014,60,2.5017,discrete_only,discrete_only,2,false,not_run_after_fail,,,,0.0,,,,,,
s014,55,2.2933,discrete_only,discrete_only,2,false,not_run_after_fail,,,,0.0,,,,,,
s014,50,2.0848,discrete_only,discrete_only,2,false,not_run_after_fail,,,,0.0,,,,,,
s014,45,1.8763,discrete_only,discrete_only,2,false,not_run_after_fail,,,,0.0,,,,,,
s014,40,1.6678,discrete_only,discrete_only,2,false,not_run_after_fail,,,,0.0,,,,,,
s014,35,1.4593,discrete_only,discrete_only,2,false,not_run_after_fail,,,,0.0,,,,,,
s014,30,1.2509,discrete_only,discrete_only,2,false,not_run_after_fail,,,,0.0,,,,,,
s015,100,5.6362,discrete_only,discrete_only,2,true,,901.5058894693315,4.368062345608179,1.0778,22.8,1.3691,27704,901.506,"[2.6558, 4.3681]","[2.6558, 3.9774]",3.97743135797875
s015,95,5.3544,discrete_only,discrete_only,2,true,,901.5058894693315,4.368062345608179,1.0778,22.8,1.3698,27704,901.506,"[2.6558, 4.3681]","[2.6558, 3.9774]",3.97743135797875
s015,90,5.0726,discrete_only,discrete_only,2,true,,901.5058894693315,4.368062345608179,1.0778,22.8,1.3731,27704,901.506,"[2.6558, 4.3681]","[2.6558, 3.9774]",3.97743135797875
s015,85,4.7908,discrete_only,discrete_only,2,true,,901.5058894693315,4.368062345608179,1.0778,22.9,1.3745,27704,901.506,"[2.6558, 4.3681]","[2.6558, 3.9774]",3.97743135797875
s015,80,4.5090,discrete_only,discrete_only,2,true,,901.5058894693315,4.368062345608179,1.0778,22.8,1.3687,27704,901.506,"[2.6558, 4.3681]","[2.6558, 3.9774]",3.97743135797875
s015,75,4.2272,discrete_only,discrete_only,2,false,unc_violated,901.5058894693315,4.368062345608179,,22.7,1.3642,27704,901.506,"[2.6558, 4.3681]","[2.6558, 3.9774]",3.97743135797875
s015,70,3.9453,discrete_only,discrete_only,2,false,not_run_after_fail,,,,0.0,,,,,,
s015,65,3.6635,discrete_only,discrete_only,2,false,not_run_after_fail,,,,0.0,,,,,,
s015,60,3.3817,discrete_only,discrete_only,2,false,not_run_after_fail,,,,0.0,,,,,,
s015,55,3.0999,discrete_only,discrete_only,2,false,not_run_after_fail,,,,0.0,,,,,,
s015,50,2.8181,discrete_only,discrete_only,2,false,not_run_after_fail,,,,0.0,,,,,,
s015,45,2.5363,discrete_only,discrete_only,2,false,not_run_after_fail,,,,0.0,,,,,,
s015,40,2.2545,discrete_only,discrete_only,2,false,not_run_after_fail,,,,0.0,,,,,,
s015,35,1.9727,discrete_only,discrete_only,2,false,not_run_after_fail,,,,0.0,,,,,,
s015,30,1.6909,discrete_only,discrete_only,2,false,not_run_after_fail,,,,0.0,,,,,,
s016,100,5.8476,discrete_only,discrete_only,2,true,,817.5281024990602,4.11255790194301,1.0531,18.5,1.1363,1841,817.528,"[0.8525, 4.1126]","[0.8525, 3.7108]",3.7108040449113067
s016,95,5.5552,discrete_only,discrete_only,2,true,,817.5281024990602,4.11255790194301,1.0531,18.6,1.1425,1841,817.528,"[0.8525, 4.1126]","[0.8525, 3.7108]",3.7108040449113067
s016,90,5.2628,discrete_only,discrete_only,2,true,,817.5281024990602,4.11255790194301,1.0531,18.7,1.1459,1841,817.528,"[0.8525, 4.1126]","[0.8525, 3.7108]",3.7108040449113067
s016,85,4.9704,discrete_only,discrete_only,2,true,,817.5281024990602,4.11255790194301,1.0531,18.5,1.1374,1841,817.528,"[0.8525, 4.1126]","[0.8525, 3.7108]",3.7108040449113067
s016,80,4.6781,discrete_only,discrete_only,2,true,,817.5281024990602,4.11255790194301,1.0531,18.5,1.1389,1841,817.528,"[0.8525, 4.1126]","[0.8525, 3.7108]",3.7108040449113067
s016,75,4.3857,discrete_only,discrete_only,2,true,,817.5281024990602,4.11255790194301,1.0531,18.5,1.1360,1841,817.528,"[0.8525, 4.1126]","[0.8525, 3.7108]",3.7108040449113067
s016,70,4.0933,discrete_only,discrete_only,2,false,unc_violated,817.5281024990602,4.11255790194301,,18.6,1.1441,1841,817.528,"[0.8525, 4.1126]","[0.8525, 3.7108]",3.7108040449113067
s016,65,3.8009,discrete_only,discrete_only,2,false,not_run_after_fail,,,,0.0,,,,,,
s016,60,3.5085,discrete_only,discrete_only,2,false,not_run_after_fail,,,,0.0,,,,,,
s016,55,3.2162,discrete_only,discrete_only,2,false,not_run_after_fail,,,,0.0,,,,,,
s016,50,2.9238,discrete_only,discrete_only,2,false,not_run_after_fail,,,,0.0,,,,,,
s016,45,2.6314,discrete_only,discrete_only,2,false,not_run_after_fail,,,,0.0,,,,,,
s016,40,2.3390,discrete_only,discrete_only,2,false,not_run_after_fail,,,,0.0,,,,,,
s016,35,2.0466,discrete_only,discrete_only,2,false,not_run_after_fail,,,,0.0,,,,,,
s016,30,1.7543,discrete_only,discrete_only,2,false,not_run_after_fail,,,,0.0,,,,,,
s017,100,9.4853,discrete_only,discrete_only,2,true,,1044.9837241085677,8.37641867723381,1.1156,53.3,3.2152,225258,1044.984,"[7.6349, 8.3764]","[7.6349, 8.2219]",8.22186584261903
s017,95,9.0110,discrete_only,discrete_only,2,true,,1044.9837241085677,8.37641867723381,1.1156,54.8,3.3069,225258,1044.984,"[7.6349, 8.3764]","[7.6349, 8.2219]",8.22186584261903
s017,90,8.5367,discrete_only,discrete_only,2,true,,1044.9837241085677,8.37641867723381,1.1156,54.9,3.3158,225258,1044.984,"[7.6349, 8.3764]","[7.6349, 8.2219]",8.22186584261903
s017,85,8.0625,discrete_only,discrete_only,2,true,,1044.9837241085677,7.563166657925141,1.1156,53.5,3.2281,225261,1044.984,"[7.0671, 7.5632]","[7.0671, 7.286]",7.285977901487354
s017,80,7.5882,discrete_only,discrete_only,2,true,,1044.9837241085677,7.563166657925141,1.1156,53.9,3.2559,225261,1044.984,"[7.0671, 7.5632]","[7.0671, 7.286]",7.285977901487354
s017,75,7.1139,discrete_only,discrete_only,2,false,unc_violated,1088.6446175375584,7.197801775314761,,81.3,4.9056,485734,1088.645,"[6.9988, 7.1978]","[6.9988, 6.8843]",6.884305358734597
s017,70,6.6397,discrete_only,discrete_only,2,false,not_run_after_fail,,,,0.0,,,,,,
s017,65,6.1654,discrete_only,discrete_only,2,false,not_run_after_fail,,,,0.0,,,,,,
s017,60,5.6912,discrete_only,discrete_only,2,false,not_run_after_fail,,,,0.0,,,,,,
s017,55,5.2169,discrete_only,discrete_only,2,false,not_run_after_fail,,,,0.0,,,,,,
s017,50,4.7426,discrete_only,discrete_only,2,false,not_run_after_fail,,,,0.0,,,,,,
s017,45,4.2684,discrete_only,discrete_only,2,false,not_run_after_fail,,,,0.0,,,,,,
s017,40,3.7941,discrete_only,discrete_only,2,false,not_run_after_fail,,,,0.0,,,,,,
s017,35,3.3198,discrete_only,discrete_only,2,false,not_run_after_fail,,,,0.0,,,,,,
s017,30,2.8456,discrete_only,discrete_only,2,false,not_run_after_fail,,,,0.0,,,,,,
s018,100,9.4205,discrete_only,discrete_only,2,true,,850.1300117908405,4.21958778185001,1.0524,18.6,1.1081,560,850.13,"[2.6967, 4.2196]","[2.6967, 4.0192]",4.01916817106959
s018,95,8.9495,discrete_only,discrete_only,2,true,,850.1300117908405,4.21958778185001,1.0524,18.6,1.1127,560,850.13,"[2.6967, 4.2196]","[2.6967, 4.0192]",4.01916817106959
s018,90,8.4785,discrete_only,discrete_only,2,true,,850.1300117908405,4.21958778185001,1.0524,18.7,1.1132,560,850.13,"[2.6967, 4.2196]","[2.6967, 4.0192]",4.01916817106959
s018,85,8.0074,discrete_only,discrete_only,2,true,,850.1300117908405,4.21958778185001,1.0524,18.6,1.1099,560,850.13,"[2.6967, 4.2196]","[2.6967, 4.0192]",4.01916817106959
s018,80,7.5364,discrete_only,discrete_only,2,true,,850.1300117908405,4.21958778185001,1.0524,18.5,1.1054,560,850.13,"[2.6967, 4.2196]","[2.6967, 4.0192]",4.01916817106959
s018,75,7.0654,discrete_only,discrete_only,2,true,,850.1300117908405,4.21958778185001,1.0524,18.6,1.1072,560,850.13,"[2.6967, 4.2196]","[2.6967, 4.0192]",4.01916817106959
s018,70,6.5944,discrete_only,discrete_only,2,true,,850.1300117908405,4.21958778185001,1.0524,18.6,1.1097,560,850.13,"[2.6967, 4.2196]","[2.6967, 4.0192]",4.01916817106959
s018,65,6.1233,discrete_only,discrete_only,2,true,,850.1300117908405,4.21958778185001,1.0524,18.5,1.1069,560,850.13,"[2.6967, 4.2196]","[2.6967, 4.0192]",4.01916817106959
s018,60,5.6523,discrete_only,discrete_only,2,true,,850.1300117908405,4.21958778185001,1.0524,18.6,1.1080,560,850.13,"[2.6967, 4.2196]","[2.6967, 4.0192]",4.01916817106959
s018,55,5.1813,discrete_only,discrete_only,2,true,,850.1300117908405,4.21958778185001,1.0524,18.5,1.1051,560,850.13,"[2.6967, 4.2196]","[2.6967, 4.0192]",4.01916817106959
s018,50,4.7103,discrete_only,discrete_only,2,true,,850.1300117908405,4.21958778185001,1.0524,18.5,1.1066,560,850.13,"[2.6967, 4.2196]","[2.6967, 4.0192]",4.01916817106959
s018,45,4.2392,discrete_only,discrete_only,2,true,,850.1300117908405,4.21958778185001,1.0524,18.6,1.1099,560,850.13,"[2.6967, 4.2196]","[2.6967, 4.0192]",4.01916817106959
s018,40,3.7682,discrete_only,discrete_only,2,false,unc_violated,850.1300117908405,3.988505351037418,,18.6,1.1125,566,850.13,"[3.5562, 3.9885]","[3.5562, 3.5954]",3.5954174851126965
s018,35,3.2972,discrete_only,discrete_only,2,false,not_run_after_fail,,,,0.0,,,,,,
s018,30,2.8262,discrete_only,discrete_only,2,false,not_run_after_fail,,,,0.0,,,,,,
s019,100,5.4267,discrete_only,discrete_only,2,true,,1019.4587975275577,4.578952882295815,1.1270,75.6,4.4794,338127,1019.459,"[3.4013, 4.579]","[3.4013, 4.0407]",4.040743082044708
s019,95,5.1553,discrete_only,discrete_only,2,true,,1019.4587975275577,4.578952882295815,1.1270,75.3,4.4618,338127,1019.459,"[3.4013, 4.579]","[3.4013, 4.0407]",4.040743082044708
s019,90,4.8840,discrete_only,discrete_only,2,true,,1019.4587975275577,4.578952882295815,1.1270,75.0,4.4404,338127,1019.459,"[3.4013, 4.579]","[3.4013, 4.0407]",4.040743082044708
s019,85,4.6127,discrete_only,discrete_only,2,true,,1019.4587975275577,4.578952882295815,1.1270,75.4,4.4642,338127,1019.459,"[3.4013, 4.579]","[3.4013, 4.0407]",4.040743082044708
s019,80,4.3413,discrete_only,discrete_only,2,false,unc_violated,1019.4587975275577,4.578952882295815,,72.1,4.2691,338127,1019.459,"[3.4013, 4.579]","[3.4013, 4.0407]",4.040743082044708
s019,75,4.0700,discrete_only,discrete_only,2,false,not_run_after_fail,,,,0.0,,,,,,
s019,70,3.7987,discrete_only,discrete_only,2,false,not_run_after_fail,,,,0.0,,,,,,
s019,65,3.5273,discrete_only,discrete_only,2,false,not_run_after_fail,,,,0.0,,,,,,
s019,60,3.2560,discrete_only,discrete_only,2,false,not_run_after_fail,,,,0.0,,,,,,
s019,55,2.9847,discrete_only,discrete_only,2,false,not_run_after_fail,,,,0.0,,,,,,
s019,50,2.7133,discrete_only,discrete_only,2,false,not_run_after_fail,,,,0.0,,,,,,
s019,45,2.4420,discrete_only,discrete_only,2,false,not_run_after_fail,,,,0.0,,,,,,
s019,40,2.1707,discrete_only,discrete_only,2,false,not_run_after_fail,,,,0.0,,,,,,
s019,35,1.8993,discrete_only,discrete_only,2,false,not_run_after_fail,,,,0.0,,,,,,
s019,30,1.6280,discrete_only,discrete_only,2,false,not_run_after_fail,,,,0.0,,,,,,
s020,100,6.8907,discrete_only,discrete_only,2,true,,726.9609436814435,5.371687589113795,1.0783,19.7,1.2290,12774,726.961,"[4.5094, 5.3717]","[4.5094, 5.3559]",5.355860924019822
s020,95,6.5461,discrete_only,discrete_only,2,true,,726.9609436814435,5.371687589113795,1.0783,19.6,1.2229,12774,726.961,"[4.5094, 5.3717]","[4.5094, 5.3559]",5.355860924019822
s020,90,6.2016,discrete_only,discrete_only,2,true,,726.9609436814435,5.371687589113795,1.0783,19.4,1.2156,12774,726.961,"[4.5094, 5.3717]","[4.5094, 5.3559]",5.355860924019822
s020,85,5.8571,discrete_only,discrete_only,2,true,,726.9609436814435,5.371687589113795,1.0783,19.3,1.2046,12774,726.961,"[4.5094, 5.3717]","[4.5094, 5.3559]",5.355860924019822
s020,80,5.5125,discrete_only,discrete_only,2,true,,726.9609436814435,5.371687589113795,1.0783,19.2,1.2016,12774,726.961,"[4.5094, 5.3717]","[4.5094, 5.3559]",5.355860924019822
s020,75,5.1680,discrete_only,discrete_only,2,true,,766.7714284803708,4.60446126664472,1.1374,23.0,1.4398,73973,766.771,"[2.1153, 4.6045]","[2.1153, 4.157]",4.1570080199290915
s020,70,4.8235,discrete_only,discrete_only,2,true,,766.7714284803708,4.60446126664472,1.1374,23.0,1.4365,73973,766.771,"[2.1153, 4.6045]","[2.1153, 4.157]",4.1570080199290915
s020,65,4.4789,discrete_only,discrete_only,2,false,unc_violated,766.7714284803708,4.60446126664472,,23.0,1.4398,73973,766.771,"[2.1153, 4.6045]","[2.1153, 4.157]",4.1570080199290915
s020,60,4.1344,discrete_only,discrete_only,2,false,not_run_after_fail,,,,0.0,,,,,,
s020,55,3.7899,discrete_only,discrete_only,2,false,not_run_after_fail,,,,0.0,,,,,,
s020,50,3.4453,discrete_only,discrete_only,2,false,not_run_after_fail,,,,0.0,,,,,,
s020,45,3.1008,discrete_only,discrete_only,2,false,not_run_after_fail,,,,0.0,,,,,,
s020,40,2.7563,discrete_only,discrete_only,2,false,not_run_after_fail,,,,0.0,,,,,,
s020,35,2.4117,discrete_only,discrete_only,2,false,not_run_after_fail,,,,0.0,,,,,,
s020,30,2.0672,discrete_only,discrete_only,2,false,not_run_after_fail,,,,0.0,,,,,,
s021,100,9.5860,discrete_only,discrete_only,2,true,,745.469438329793,9.31289914506708,1.0643,18.1,1.1103,373,745.469,"[0.9069, 9.3129]","[0.9069, 9.0274]",9.027439092679536
s021,95,9.1067,discrete_only,discrete_only,2,false,unc_violated,745.469438329793,9.31289914506708,,18.2,1.1152,373,745.469,"[0.9069, 9.3129]","[0.9069, 9.0274]",9.027439092679536
s021,90,8.6274,discrete_only,discrete_only,2,false,not_run_after_fail,,,,0.0,,,,,,
s021,85,8.1481,discrete_only,discrete_only,2,false,not_run_after_fail,,,,0.0,,,,,,
s021,80,7.6688,discrete_only,discrete_only,2,false,not_run_after_fail,,,,0.0,,,,,,
s021,75,7.1895,discrete_only,discrete_only,2,false,not_run_after_fail,,,,0.0,,,,,,
s021,70,6.7102,discrete_only,discrete_only,2,false,not_run_after_fail,,,,0.0,,,,,,
s021,65,6.2309,discrete_only,discrete_only,2,false,not_run_after_fail,,,,0.0,,,,,,
s021,60,5.7516,discrete_only,discrete_only,2,false,not_run_after_fail,,,,0.0,,,,,,
s021,55,5.2723,discrete_only,discrete_only,2,false,not_run_after_fail,,,,0.0,,,,,,
s021,50,4.7930,discrete_only,discrete_only,2,false,not_run_after_fail,,,,0.0,,,,,,
s021,45,4.3137,discrete_only,discrete_only,2,false,not_run_after_fail,,,,0.0,,,,,,
s021,40,3.8344,discrete_only,discrete_only,2,false,not_run_after_fail,,,,0.0,,,,,,
s021,35,3.3551,discrete_only,discrete_only,2,false,not_run_after_fail,,,,0.0,,,,,,
s021,30,2.8758,discrete_only,discrete_only,2,false,not_run_after_fail,,,,0.0,,,,,,
s022,100,9.1438,discrete_only,discrete_only,2,false,no_solution,null,null,,104.3,6.4067,500000,null,[],[],null
s022,95,8.6866,discrete_only,discrete_only,2,false,not_run_after_fail,,,,0.0,,,,,,
s022,90,8.2294,discrete_only,discrete_only,2,false,not_run_after_fail,,,,0.0,,,,,,
s022,85,7.7722,discrete_only,discrete_only,2,false,not_run_after_fail,,,,0.0,,,,,,
s022,80,7.3150,discrete_only,discrete_only,2,false,not_run_after_fail,,,,0.0,,,,,,
s022,75,6.8578,discrete_only,discrete_only,2,false,not_run_after_fail,,,,0.0,,,,,,
s022,70,6.4006,discrete_only,discrete_only,2,false,not_run_after_fail,,,,0.0,,,,,,
s022,65,5.9434,discrete_only,discrete_only,2,false,not_run_after_fail,,,,0.0,,,,,,
s022,60,5.4863,discrete_only,discrete_only,2,false,not_run_after_fail,,,,0.0,,,,,,
s022,55,5.0291,discrete_only,discrete_only,2,false,not_run_after_fail,,,,0.0,,,,,,
s022,50,4.5719,discrete_only,discrete_only,2,false,not_run_after_fail,,,,0.0,,,,,,
s022,45,4.1147,discrete_only,discrete_only,2,false,not_run_after_fail,,,,0.0,,,,,,
s022,40,3.6575,discrete_only,discrete_only,2,false,not_run_after_fail,,,,0.0,,,,,,
s022,35,3.2003,discrete_only,discrete_only,2,false,not_run_after_fail,,,,0.0,,,,,,
s022,30,2.7431,discrete_only,discrete_only,2,false,not_run_after_fail,,,,0.0,,,,,,
s023,100,4.2255,discrete_only,discrete_only,2,false,unc_violated,719.6793683791311,4.251707997627812,,18.3,1.1467,2728,719.679,"[0.9374, 4.2517]","[0.9374, 3.8588]",3.858767863145244
s023,95,4.0142,discrete_only,discrete_only,2,false,not_run_after_fail,,,,0.0,,,,,,
s023,90,3.8030,discrete_only,discrete_only,2,false,not_run_after_fail,,,,0.0,,,,,,
s023,85,3.5917,discrete_only,discrete_only,2,false,not_run_after_fail,,,,0.0,,,,,,
s023,80,3.3804,discrete_only,discrete_only,2,false,not_run_after_fail,,,,0.0,,,,,,
s023,75,3.1691,discrete_only,discrete_only,2,false,not_run_after_fail,,,,0.0,,,,,,
s023,70,2.9579,discrete_only,discrete_only,2,false,not_run_after_fail,,,,0.0,,,,,,
s023,65,2.7466,discrete_only,discrete_only,2,false,not_run_after_fail,,,,0.0,,,,,,
s023,60,2.5353,discrete_only,discrete_only,2,false,not_run_after_fail,,,,0.0,,,,,,
s023,55,2.3240,discrete_only,discrete_only,2,false,not_run_after_fail,,,,0.0,,,,,,
s023,50,2.1128,discrete_only,discrete_only,2,false,not_run_after_fail,,,,0.0,,,,,,
s023,45,1.9015,discrete_only,discrete_only,2,false,not_run_after_fail,,,,0.0,,,,,,
s023,40,1.6902,discrete_only,discrete_only,2,false,not_run_after_fail,,,,0.0,,,,,,
s023,35,1.4789,discrete_only,discrete_only,2,false,not_run_after_fail,,,,0.0,,,,,,
s023,30,1.2677,discrete_only,discrete_only,2,false,not_run_after_fail,,,,0.0,,,,,,
s024,100,6.7650,discrete_only,discrete_only,2,false,no_solution,null,null,,101.0,6.0470,500000,null,[],[],null
s024,95,6.4267,discrete_only,discrete_only,2,false,not_run_after_fail,,,,0.0,,,,,,
s024,90,6.0885,discrete_only,discrete_only,2,false,not_run_after_fail,,,,0.0,,,,,,
s024,85,5.7502,discrete_only,discrete_only,2,false,not_run_after_fail,,,,0.0,,,,,,
s024,80,5.4120,discrete_only,discrete_only,2,false,not_run_after_fail,,,,0.0,,,,,,
s024,75,5.0737,discrete_only,discrete_only,2,false,not_run_after_fail,,,,0.0,,,,,,
s024,70,4.7355,discrete_only,discrete_only,2,false,not_run_after_fail,,,,0.0,,,,,,
s024,65,4.3972,discrete_only,discrete_only,2,false,not_run_after_fail,,,,0.0,,,,,,
s024,60,4.0590,discrete_only,discrete_only,2,false,not_run_after_fail,,,,0.0,,,,,,
s024,55,3.7207,discrete_only,discrete_only,2,false,not_run_after_fail,,,,0.0,,,,,,
s024,50,3.3825,discrete_only,discrete_only,2,false,not_run_after_fail,,,,0.0,,,,,,
s024,45,3.0442,discrete_only,discrete_only,2,false,not_run_after_fail,,,,0.0,,,,,,
s024,40,2.7060,discrete_only,discrete_only,2,false,not_run_after_fail,,,,0.0,,,,,,
s024,35,2.3677,discrete_only,discrete_only,2,false,not_run_after_fail,,,,0.0,,,,,,
s024,30,2.0295,discrete_only,discrete_only,2,false,not_run_after_fail,,,,0.0,,,,,,
s025,100,4.5790,discrete_only,discrete_only,2,false,unc_violated,861.9359307054215,4.993615957193075,,19.0,1.1823,7400,861.936,"[4.8257, 4.9936]","[5.2994, 4.5788]",4.578773529213857
s025,95,4.3500,discrete_only,discrete_only,2,false,not_run_after_fail,,,,0.0,,,,,,
s025,90,4.1211,discrete_only,discrete_only,2,false,not_run_after_fail,,,,0.0,,,,,,
s025,85,3.8921,discrete_only,discrete_only,2,false,not_run_after_fail,,,,0.0,,,,,,
s025,80,3.6632,discrete_only,discrete_only,2,false,not_run_after_fail,,,,0.0,,,,,,
s025,75,3.4342,discrete_only,discrete_only,2,false,not_run_after_fail,,,,0.0,,,,,,
s025,70,3.2053,discrete_only,discrete_only,2,false,not_run_after_fail,,,,0.0,,,,,,
s025,65,2.9763,discrete_only,discrete_only,2,false,not_run_after_fail,,,,0.0,,,,,,
s025,60,2.7474,discrete_only,discrete_only,2,false,not_run_after_fail,,,,0.0,,,,,,
s025,55,2.5184,discrete_only,discrete_only,2,false,not_run_after_fail,,,,0.0,,,,,,
s025,50,2.2895,discrete_only,discrete_only,2,false,not_run_after_fail,,,,0.0,,,,,,
s025,45,2.0605,discrete_only,discrete_only,2,false,not_run_after_fail,,,,0.0,,,,,,
s025,40,1.8316,discrete_only,discrete_only,2,false,not_run_after_fail,,,,0.0,,,,,,
s025,35,1.6026,discrete_only,discrete_only,2,false,not_run_after_fail,,,,0.0,,,,,,
s025,30,1.3737,discrete_only,discrete_only,2,false,not_run_after_fail,,,,0.0,,,,,,
s026,100,7.6316,discrete_only,discrete_only,2,true,,975.2392536737661,6.581731885723362,1.1905,62.3,3.8633,279654,975.239,"[5.8621, 6.5817]","[5.8621, 6.6153]",6.615252582693167
s026,95,7.2501,discrete_only,discrete_only,2,true,,975.2392536737661,6.581731885723362,1.1905,62.3,3.8664,279654,975.239,"[5.8621, 6.5817]","[5.8621, 6.6153]",6.615252582693167
s026,90,6.8685,discrete_only,discrete_only,2,true,,975.2392536737661,6.581731885723362,1.1905,61.8,3.8348,279654,975.239,"[5.8621, 6.5817]","[5.8621, 6.6153]",6.615252582693167
s026,85,6.4869,discrete_only,discrete_only,2,false,unc_violated,952.084969486091,6.581099675616582,,81.9,5.0807,500000,952.085,"[5.8613, 6.5811]","[5.8613, 6.6148]",6.614782354889584
s026,80,6.1053,discrete_only,discrete_only,2,false,not_run_after_fail,,,,0.0,,,,,,
s026,75,5.7237,discrete_only,discrete_only,2,false,not_run_after_fail,,,,0.0,,,,,,
s026,70,5.3421,discrete_only,discrete_only,2,false,not_run_after_fail,,,,0.0,,,,,,
s026,65,4.9606,discrete_only,discrete_only,2,false,not_run_after_fail,,,,0.0,,,,,,
s026,60,4.5790,discrete_only,discrete_only,2,false,not_run_after_fail,,,,0.0,,,,,,
s026,55,4.1974,discrete_only,discrete_only,2,false,not_run_after_fail,,,,0.0,,,,,,
s026,50,3.8158,discrete_only,discrete_only,2,false,not_run_after_fail,,,,0.0,,,,,,
s026,45,3.4342,discrete_only,discrete_only,2,false,not_run_after_fail,,,,0.0,,,,,,
s026,40,3.0527,discrete_only,discrete_only,2,false,not_run_after_fail,,,,0.0,,,,,,
s026,35,2.6711,discrete_only,discrete_only,2,false,not_run_after_fail,,,,0.0,,,,,,
s026,30,2.2895,discrete_only,discrete_only,2,false,not_run_after_fail,,,,0.0,,,,,,
s027,100,5.5807,discrete_only,discrete_only,2,true,,647.8355108871915,4.489630958008521,1.0649,17.6,1.1004,32,647.836,"[0.8342, 4.4896]","[0.8342, 4.063]",4.063032877131234
s027,95,5.3017,discrete_only,discrete_only,2,true,,647.8355108871915,4.489630958008521,1.0649,17.7,1.1015,32,647.836,"[0.8342, 4.4896]","[0.8342, 4.063]",4.063032877131234
s027,90,5.0227,discrete_only,discrete_only,2,true,,647.8355108871915,4.489630958008521,1.0649,17.8,1.1081,32,647.836,"[0.8342, 4.4896]","[0.8342, 4.063]",4.063032877131234
s027,85,4.7436,discrete_only,discrete_only,2,true,,647.8355108871915,4.489630958008521,1.0649,17.9,1.1191,32,647.836,"[0.8342, 4.4896]","[0.8342, 4.063]",4.063032877131234
s027,80,4.4646,discrete_only,discrete_only,2,false,unc_violated,647.8355108871915,4.489630958008521,,17.7,1.1069,32,647.836,"[0.8342, 4.4896]","[0.8342, 4.063]",4.063032877131234
s027,75,4.1855,discrete_only,discrete_only,2,false,not_run_after_fail,,,,0.0,,,,,,
s027,70,3.9065,discrete_only,discrete_only,2,false,not_run_after_fail,,,,0.0,,,,,,
s027,65,3.6275,discrete_only,discrete_only,2,false,not_run_after_fail,,,,0.0,,,,,,
s027,60,3.3484,discrete_only,discrete_only,2,false,not_run_after_fail,,,,0.0,,,,,,
s027,55,3.0694,discrete_only,discrete_only,2,false,not_run_after_fail,,,,0.0,,,,,,
s027,50,2.7904,discrete_only,discrete_only,2,false,not_run_after_fail,,,,0.0,,,,,,
s027,45,2.5113,discrete_only,discrete_only,2,false,not_run_after_fail,,,,0.0,,,,,,
s027,40,2.2323,discrete_only,discrete_only,2,false,not_run_after_fail,,,,0.0,,,,,,
s027,35,1.9533,discrete_only,discrete_only,2,false,not_run_after_fail,,,,0.0,,,,,,
s027,30,1.6742,discrete_only,discrete_only,2,false,not_run_after_fail,,,,0.0,,,,,,
s028,100,9.2040,discrete_only,discrete_only,2,true,,980.4861703833124,4.603932790641406,1.0452,102.5,6.2354,483051,980.486,"[1.6925, 4.6039]","[1.6925, 4.0686]",4.068635526206571
s028,95,8.7438,discrete_only,discrete_only,2,true,,980.4861703833124,4.603932790641406,1.0452,103.5,6.2986,483051,980.486,"[1.6925, 4.6039]","[1.6925, 4.0686]",4.068635526206571
s028,90,8.2836,discrete_only,discrete_only,2,true,,980.4861703833124,4.603932790641406,1.0452,104.3,6.3468,483051,980.486,"[1.6925, 4.6039]","[1.6925, 4.0686]",4.068635526206571
s028,85,7.8234,discrete_only,discrete_only,2,true,,980.4861703833124,4.603932790641406,1.0452,105.3,6.4035,483051,980.486,"[1.6925, 4.6039]","[1.6925, 4.0686]",4.068635526206571
s028,80,7.3632,discrete_only,discrete_only,2,true,,980.4861703833124,4.603932790641406,1.0452,103.2,6.2799,483051,980.486,"[1.6925, 4.6039]","[1.6925, 4.0686]",4.068635526206571
s028,75,6.9030,discrete_only,discrete_only,2,true,,980.4861703833124,4.603932790641406,1.0452,101.8,6.1932,483051,980.486,"[1.6925, 4.6039]","[1.6925, 4.0686]",4.068635526206571
s028,70,6.4428,discrete_only,discrete_only,2,true,,980.4861703833124,4.603932790641406,1.0452,104.1,6.3321,483051,980.486,"[1.6925, 4.6039]","[1.6925, 4.0686]",4.068635526206571
s028,65,5.9826,discrete_only,discrete_only,2,true,,980.4861703833124,4.603932790641406,1.0452,104.9,6.3830,483051,980.486,"[1.6925, 4.6039]","[1.6925, 4.0686]",4.068635526206571
s028,60,5.5224,discrete_only,discrete_only,2,true,,980.4861703833124,4.603932790641406,1.0452,105.2,6.3991,483051,980.486,"[1.6925, 4.6039]","[1.6925, 4.0686]",4.068635526206571
s028,55,5.0622,discrete_only,discrete_only,2,true,,980.4861703833124,4.603932790641406,1.0452,104.8,6.3783,483051,980.486,"[1.6925, 4.6039]","[1.6925, 4.0686]",4.068635526206571
s028,50,4.6020,discrete_only,discrete_only,2,false,unc_violated,980.4861703833124,4.603932790641406,,102.7,6.2473,483051,980.486,"[1.6925, 4.6039]","[1.6925, 4.0686]",4.068635526206571
s028,45,4.1418,discrete_only,discrete_only,2,false,not_run_after_fail,,,,0.0,,,,,,
s028,40,3.6816,discrete_only,discrete_only,2,false,not_run_after_fail,,,,0.0,,,,,,
s028,35,3.2214,discrete_only,discrete_only,2,false,not_run_after_fail,,,,0.0,,,,,,
s028,30,2.7612,discrete_only,discrete_only,2,false,not_run_after_fail,,,,0.0,,,,,,
s029,100,3.9849,discrete_only,discrete_only,2,false,no_solution,null,null,,115.0,6.8391,500000,null,[],[],null
s029,95,3.7856,discrete_only,discrete_only,2,false,not_run_after_fail,,,,0.0,,,,,,
s029,90,3.5864,discrete_only,discrete_only,2,false,not_run_after_fail,,,,0.0,,,,,,
s029,85,3.3871,discrete_only,discrete_only,2,false,not_run_after_fail,,,,0.0,,,,,,
s029,80,3.1879,discrete_only,discrete_only,2,false,not_run_after_fail,,,,0.0,,,,,,
s029,75,2.9887,discrete_only,discrete_only,2,false,not_run_after_fail,,,,0.0,,,,,,
s029,70,2.7894,discrete_only,discrete_only,2,false,not_run_after_fail,,,,0.0,,,,,,
s029,65,2.5902,discrete_only,discrete_only,2,false,not_run_after_fail,,,,0.0,,,,,,
s029,60,2.3909,discrete_only,discrete_only,2,false,not_run_after_fail,,,,0.0,,,,,,
s029,55,2.1917,discrete_only,discrete_only,2,false,not_run_after_fail,,,,0.0,,,,,,
s029,50,1.9924,discrete_only,discrete_only,2,false,not_run_after_fail,,,,0.0,,,,,,
s029,45,1.7932,discrete_only,discrete_only,2,false,not_run_after_fail,,,,0.0,,,,,,
s029,40,1.5939,discrete_only,discrete_only,2,false,not_run_after_fail,,,,0.0,,,,,,
s029,35,1.3947,discrete_only,discrete_only,2,false,not_run_after_fail,,,,0.0,,,,,,
s029,30,1.1955,discrete_only,discrete_only,2,false,not_run_after_fail,,,,0.0,,,,,,
s030,100,8.2140,discrete_only,discrete_only,2,false,no_solution,null,null,,103.8,6.2702,500000,null,[],[],null
s030,95,7.8033,discrete_only,discrete_only,2,false,not_run_after_fail,,,,0.0,,,,,,
s030,90,7.3926,discrete_only,discrete_only,2,false,not_run_after_fail,,,,0.0,,,,,,
s030,85,6.9819,discrete_only,discrete_only,2,false,not_run_after_fail,,,,0.0,,,,,,
s030,80,6.5712,discrete_only,discrete_only,2,false,not_run_after_fail,,,,0.0,,,,,,
s030,75,6.1605,discrete_only,discrete_only,2,false,not_run_after_fail,,,,0.0,,,,,,
s030,70,5.7498,discrete_only,discrete_only,2,false,not_run_after_fail,,,,0.0,,,,,,
s030,65,5.3391,discrete_only,discrete_only,2,false,not_run_after_fail,,,,0.0,,,,,,
s030,60,4.9284,discrete_only,discrete_only,2,false,not_run_after_fail,,,,0.0,,,,,,
s030,55,4.5177,discrete_only,discrete_only,2,false,not_run_after_fail,,,,0.0,,,,,,
s030,50,4.1070,discrete_only,discrete_only,2,false,not_run_after_fail,,,,0.0,,,,,,
s030,45,3.6963,discrete_only,discrete_only,2,false,not_run_after_fail,,,,0.0,,,,,,
s030,40,3.2856,discrete_only,discrete_only,2,false,not_run_after_fail,,,,0.0,,,,,,
s030,35,2.8749,discrete_only,discrete_only,2,false,not_run_after_fail,,,,0.0,,,,,,
s030,30,2.4642,discrete_only,discrete_only,2,false,not_run_after_fail,,,,0.0,,,,,,
s031,100,8.2837,discrete_only,discrete_only,2,true,,903.3449760625429,5.666516244714311,0.8741,19.7,1.1609,9379,903.345,"[5.3983, 5.6665]","[5.3983, 5.4709]",5.4709128661846425
s031,95,7.8695,discrete_only,discrete_only,2,true,,903.3449760625429,5.666516244714311,0.8741,19.8,1.1675,9379,903.345,"[5.3983, 5.6665]","[5.3983, 5.4709]",5.4709128661846425
s031,90,7.4553,discrete_only,discrete_only,2,true,,903.3449760625429,5.666516244714311,0.8741,19.7,1.1613,9379,903.345,"[5.3983, 5.6665]","[5.3983, 5.4709]",5.4709128661846425
s031,85,7.0411,discrete_only,discrete_only,2,true,,903.3449760625429,5.666516244714311,0.8741,19.7,1.1621,9379,903.345,"[5.3983, 5.6665]","[5.3983, 5.4709]",5.4709128661846425
s031,80,6.6269,discrete_only,discrete_only,2,true,,903.3449760625429,5.666516244714311,0.8741,19.8,1.1626,9379,903.345,"[5.3983, 5.6665]","[5.3983, 5.4709]",5.4709128661846425
s031,75,6.2128,discrete_only,discrete_only,2,true,,903.3449760625429,5.666516244714311,0.8741,19.7,1.1571,9379,903.345,"[5.3983, 5.6665]","[5.3983, 5.4709]",5.4709128661846425
s031,70,5.7986,discrete_only,discrete_only,2,true,,903.3449760625429,5.666516244714311,0.8741,19.7,1.1616,9379,903.345,"[5.3983, 5.6665]","[5.3983, 5.4709]",5.4709128661846425
s031,65,5.3844,discrete_only,discrete_only,2,false,unc_violated,1002.3493683786646,5.6638802333443135,,54.6,3.2154,500000,1002.349,"[5.396, 5.6639]","[5.396, 5.4678]",5.467790856983535
s031,60,4.9702,discrete_only,discrete_only,2,false,not_run_after_fail,,,,0.0,,,,,,
s031,55,4.5560,discrete_only,discrete_only,2,false,not_run_after_fail,,,,0.0,,,,,,
s031,50,4.1418,discrete_only,discrete_only,2,false,not_run_after_fail,,,,0.0,,,,,,
s031,45,3.7277,discrete_only,discrete_only,2,false,not_run_after_fail,,,,0.0,,,,,,
s031,40,3.3135,discrete_only,discrete_only,2,false,not_run_after_fail,,,,0.0,,,,,,
s031,35,2.8993,discrete_only,discrete_only,2,false,not_run_after_fail,,,,0.0,,,,,,
s031,30,2.4851,discrete_only,discrete_only,2,false,not_run_after_fail,,,,0.0,,,,,,
s032,100,6.2607,discrete_only,discrete_only,2,true,,926.9609436814436,5.338822085767412,1.0379,24.9,1.5058,42869,926.961,"[5.1998, 5.3388]","[5.1998, 5.1463]",5.146264608247286
s032,95,5.9477,discrete_only,discrete_only,2,true,,926.9609436814436,5.338822085767412,1.0379,24.8,1.5024,42869,926.961,"[5.1998, 5.3388]","[5.1998, 5.1463]",5.146264608247286
s032,90,5.6346,discrete_only,discrete_only,2,true,,926.9609436814436,5.338822085767412,1.0379,25.1,1.5157,42869,926.961,"[5.1998, 5.3388]","[5.1998, 5.1463]",5.146264608247286
s032,85,5.3216,discrete_only,discrete_only,2,false,unc_violated,926.9609436814436,5.338822085767412,,24.8,1.5018,42869,926.961,"[5.1998, 5.3388]","[5.1998, 5.1463]",5.146264608247286
s032,80,5.0086,discrete_only,discrete_only,2,false,not_run_after_fail,,,,0.0,,,,,,
s032,75,4.6955,discrete_only,discrete_only,2,false,not_run_after_fail,,,,0.0,,,,,,
s032,70,4.3825,discrete_only,discrete_only,2,false,not_run_after_fail,,,,0.0,,,,,,
s032,65,4.0695,discrete_only,discrete_only,2,false,not_run_after_fail,,,,0.0,,,,,,
s032,60,3.7564,discrete_only,discrete_only,2,false,not_run_after_fail,,,,0.0,,,,,,
s032,55,3.4434,discrete_only,discrete_only,2,false,not_run_after_fail,,,,0.0,,,,,,
s032,50,3.1304,discrete_only,discrete_only,2,false,not_run_after_fail,,,,0.0,,,,,,
s032,45,2.8173,discrete_only,discrete_only,2,false,not_run_after_fail,,,,0.0,,,,,,
s032,40,2.5043,discrete_only,discrete_only,2,false,not_run_after_fail,,,,0.0,,,,,,
s032,35,2.1912,discrete_only,discrete_only,2,false,not_run_after_fail,,,,0.0,,,,,,
s032,30,1.8782,discrete_only,discrete_only,2,false,not_run_after_fail,,,,0.0,,,,,,
s033,100,5.3083,discrete_only,discrete_only,2,true,,791.8914981034721,3.7591306519713075,1.0501,19.9,1.2402,15057,791.891,"[2.319, 3.7591]","[2.319, 4.0259]",4.02586995658351
s033,95,5.0428,discrete_only,discrete_only,2,true,,791.8914981034721,3.7591306519713075,1.0501,19.9,1.2403,15057,791.891,"[2.319, 3.7591]","[2.319, 4.0259]",4.02586995658351
s033,90,4.7774,discrete_only,discrete_only,2,true,,791.8914981034721,3.7591306519713075,1.0501,19.9,1.2387,15057,791.891,"[2.319, 3.7591]","[2.319, 4.0259]",4.02586995658351
s033,85,4.5120,discrete_only,discrete_only,2,true,,791.8914981034721,3.7591306519713075,1.0501,20.0,1.2435,15057,791.891,"[2.319, 3.7591]","[2.319, 4.0259]",4.02586995658351
s033,80,4.2466,discrete_only,discrete_only,2,true,,791.8914981034721,3.7591306519713075,1.0501,19.9,1.2376,15057,791.891,"[2.319, 3.7591]","[2.319, 4.0259]",4.02586995658351
s033,75,3.9812,discrete_only,discrete_only,2,false,unc_violated,844.9551276110653,4.501534565183268,,19.9,1.2358,15207,844.955,"[2.9905, 4.5015]","[2.9905, 3.913]",3.9129774406266296
s033,70,3.7158,discrete_only,discrete_only,2,false,not_run_after_fail,,,,0.0,,,,,,
s033,65,3.4504,discrete_only,discrete_only,2,false,not_run_after_fail,,,,0.0,,,,,,
s033,60,3.1850,discrete_only,discrete_only,2,false,not_run_after_fail,,,,0.0,,,,,,
s033,55,2.9195,discrete_only,discrete_only,2,false,not_run_after_fail,,,,0.0,,,,,,
s033,50,2.6541,discrete_only,discrete_only,2,false,not_run_after_fail,,,,0.0,,,,,,
s033,45,2.3887,discrete_only,discrete_only,2,false,not_run_after_fail,,,,0.0,,,,,,
s033,40,2.1233,discrete_only,discrete_only,2,false,not_run_after_fail,,,,0.0,,,,,,
s033,35,1.8579,discrete_only,discrete_only,2,false,not_run_after_fail,,,,0.0,,,,,,
s033,30,1.5925,discrete_only,discrete_only,2,false,not_run_after_fail,,,,0.0,,,,,,
s034,100,6.9847,discrete_only,discrete_only,2,true,,919.6793683791311,3.7592222777635023,1.0805,19.4,1.1765,9511,919.679,"[2.7268, 3.7592]","[2.7268, 3.3425]",3.3425009053455614
s034,95,6.6355,discrete_only,discrete_only,2,true,,919.6793683791311,3.7592222777635023,1.0805,19.3,1.1701,9511,919.679,"[2.7268, 3.7592]","[2.7268, 3.3425]",3.3425009053455614
s034,90,6.2862,discrete_only,discrete_only,2,true,,919.6793683791311,3.7592222777635023,1.0805,19.4,1.1771,9511,919.679,"[2.7268, 3.7592]","[2.7268, 3.3425]",3.3425009053455614
s034,85,5.9370,discrete_only,discrete_only,2,true,,919.6793683791311,3.7592222777635023,1.0805,19.5,1.1792,9511,919.679,"[2.7268, 3.7592]","[2.7268, 3.3425]",3.3425009053455614
s034,80,5.5878,discrete_only,discrete_only,2,true,,919.6793683791311,3.7592222777635023,1.0805,19.4,1.1742,9511,919.679,"[2.7268, 3.7592]","[2.7268, 3.3425]",3.3425009053455614
s034,75,5.2385,discrete_only,discrete_only,2,true,,919.6793683791311,3.7592222777635023,1.0805,19.4,1.1744,9511,919.679,"[2.7268, 3.7592]","[2.7268, 3.3425]",3.3425009053455614
s034,70,4.8893,discrete_only,discrete_only,2,true,,919.6793683791311,3.7592222777635023,1.0805,19.5,1.1785,9511,919.679,"[2.7268, 3.7592]","[2.7268, 3.3425]",3.3425009053455614
s034,65,4.5401,discrete_only,discrete_only,2,true,,919.6793683791311,3.7592222777635023,1.0805,19.5,1.1772,9511,919.679,"[2.7268, 3.7592]","[2.7268, 3.3425]",3.3425009053455614
s034,60,4.1908,discrete_only,discrete_only,2,true,,919.6793683791311,3.7592222777635023,1.0805,19.4,1.1753,9511,919.679,"[2.7268, 3.7592]","[2.7268, 3.3425]",3.3425009053455614
s034,55,3.8416,discrete_only,discrete_only,2,true,,919.6793683791311,3.7592222777635023,1.0805,19.6,1.1846,9511,919.679,"[2.7268, 3.7592]","[2.7268, 3.3425]",3.3425009053455614
s034,50,3.4923,discrete_only,discrete_only,2,false,unc_violated,919.6793683791311,3.7592222777635023,,19.5,1.1775,9511,919.679,"[2.7268, 3.7592]","[2.7268, 3.3425]",3.3425009053455614
s034,45,3.1431,discrete_only,discrete_only,2,false,not_run_after_fail,,,,0.0,,,,,,
s034,40,2.7939,discrete_only,discrete_only,2,false,not_run_after_fail,,,,0.0,,,,,,
s034,35,2.4446,discrete_only,discrete_only,2,false,not_run_after_fail,,,,0.0,,,,,,
s034,30,2.0954,discrete_only,discrete_only,2,false,not_run_after_fail,,,,0.0,,,,,,
s035,100,9.1356,discrete_only,discrete_only,2,true,,925.8522776605648,7.964132755246492,1.1737,78.9,4.8852,418121,925.852,"[7.5777, 7.9641]","[7.5777, 7.8949]",7.894916476308573
s035,95,8.6789,discrete_only,discrete_only,2,true,,925.8522776605648,7.964132755246492,1.1737,81.0,5.0179,418121,925.852,"[7.5777, 7.9641]","[7.5777, 7.8949]",7.894916476308573
s035,90,8.2221,discrete_only,discrete_only,2,true,,925.8522776605648,7.964132755246492,1.1737,79.8,4.9446,418121,925.852,"[7.5777, 7.9641]","[7.5777, 7.8949]",7.894916476308573
s035,85,7.7653,discrete_only,discrete_only,2,false,unc_violated,925.8522776605648,7.796695119665315,,78.9,4.8900,418549,925.852,"[7.5191, 7.7967]","[7.5191, 7.6655]",7.665484077788562
s035,80,7.3085,discrete_only,discrete_only,2,false,not_run_after_fail,,,,0.0,,,,,,
s035,75,6.8517,discrete_only,discrete_only,2,false,not_run_after_fail,,,,0.0,,,,,,
s035,70,6.3949,discrete_only,discrete_only,2,false,not_run_after_fail,,,,0.0,,,,,,
s035,65,5.9382,discrete_only,discrete_only,2,false,not_run_after_fail,,,,0.0,,,,,,
s035,60,5.4814,discrete_only,discrete_only,2,false,not_run_after_fail,,,,0.0,,,,,,
s035,55,5.0246,discrete_only,discrete_only,2,false,not_run_after_fail,,,,0.0,,,,,,
s035,50,4.5678,discrete_only,discrete_only,2,false,not_run_after_fail,,,,0.0,,,,,,
s035,45,4.1110,discrete_only,discrete_only,2,false,not_run_after_fail,,,,0.0,,,,,,
s035,40,3.6543,discrete_only,discrete_only,2,false,not_run_after_fail,,,,0.0,,,,,,
s035,35,3.1975,discrete_only,discrete_only,2,false,not_run_after_fail,,,,0.0,,,,,,
s035,30,2.7407,discrete_only,discrete_only,2,false,not_run_after_fail,,,,0.0,,,,,,
s036,100,8.2233,discrete_only,discrete_only,2,true,,702.6431519877119,6.847583967651235,1.1019,18.5,1.1390,2847,702.643,"[6.387, 6.8476]","[6.387, 6.8176]",6.817552123801714
s036,95,7.8121,discrete_only,discrete_only,2,true,,702.6431519877119,6.847583967651235,1.1019,18.4,1.1375,2847,702.643,"[6.387, 6.8476]","[6.387, 6.8176]",6.817552123801714
s036,90,7.4009,discrete_only,discrete_only,2,true,,702.6431519877119,6.847583967651235,1.1019,18.5,1.1434,2847,702.643,"[6.387, 6.8476]","[6.387, 6.8176]",6.817552123801714
s036,85,6.9898,discrete_only,discrete_only,2,true,,702.6431519877119,6.847583967651235,1.1019,18.4,1.1341,2847,702.643,"[6.387, 6.8476]","[6.387, 6.8176]",6.817552123801714
s036,80,6.5786,discrete_only,discrete_only,2,true,,846.7943253454298,5.294254889458852,1.3279,23.0,1.4182,72338,846.794,"[4.7586, 5.2943]","[4.7586, 5.9264]",5.926411577599195
s036,75,6.1674,discrete_only,discrete_only,2,true,,846.7943253454298,5.294254889458852,1.3279,23.0,1.4193,72338,846.794,"[4.7586, 5.2943]","[4.7586, 5.9264]",5.926411577599195
s036,70,5.7563,discrete_only,discrete_only,2,true,,932.7781174320179,5.28107331270437,1.4628,58.5,3.6120,500000,932.778,"[4.7406, 5.2811]","[4.7406, 5.9177]",5.917705605913731
s036,65,5.3451,discrete_only,discrete_only,2,true,,932.7781174320179,5.28107331270437,1.4628,58.7,3.6192,500000,932.778,"[4.7406, 5.2811]","[4.7406, 5.9177]",5.917705605913731
s036,60,4.9340,discrete_only,discrete_only,2,false,unc_violated,932.7781174320179,5.28107331270437,,58.9,3.6319,500000,932.778,"[4.7406, 5.2811]","[4.7406, 5.9177]",5.917705605913731
s036,55,4.5228,discrete_only,discrete_only,2,false,not_run_after_fail,,,,0.0,,,,,,
s036,50,4.1116,discrete_only,discrete_only,2,false,not_run_after_fail,,,,0.0,,,,,,
s036,45,3.7005,discrete_only,discrete_only,2,false,not_run_after_fail,,,,0.0,,,,,,
s036,40,3.2893,discrete_only,discrete_only,2,false,not_run_after_fail,,,,0.0,,,,,,
s036,35,2.8781,discrete_only,discrete_only,2,false,not_run_after_fail,,,,0.0,,,,,,
s036,30,2.4670,discrete_only,discrete_only,2,false,not_run_after_fail,,,,0.0,,,,,,
s037,100,8.2798,discrete_only,discrete_only,2,false,no_solution,null,null,,107.7,6.3316,500000,null,[],[],null
s037,95,7.8658,discrete_only,discrete_only,2,false,not_run_after_fail,,,,0.0,,,,,,
s037,90,7.4518,discrete_only,discrete_only,2,false,not_run_after_fail,,,,0.0,,,,,,
s037,85,7.0378,discrete_only,discrete_only,2,false,not_run_after_fail,,,,0.0,,,,,,
s037,80,6.6238,discrete_only,discrete_only,2,false,not_run_after_fail,,,,0.0,,,,,,
s037,75,6.2098,discrete_only,discrete_only,2,false,not_run_after_fail,,,,0.0,,,,,,
s037,70,5.7958,discrete_only,discrete_only,2,false,not_run_after_fail,,,,0.0,,,,,,
s037,65,5.3818,discrete_only,discrete_only,2,false,not_run_after_fail,,,,0.0,,,,,,
s037,60,4.9679,discrete_only,discrete_only,2,false,not_run_after_fail,,,,0.0,,,,,,
s037,55,4.5539,discrete_only,discrete_only,2,false,not_run_after_fail,,,,0.0,,,,,,
s037,50,4.1399,discrete_only,discrete_only,2,false,not_run_after_fail,,,,0.0,,,,,,
s037,45,3.7259,discrete_only,discrete_only,2,false,not_run_after_fail,,,,0.0,,,,,,
s037,40,3.3119,discrete_only,discrete_only,2,false,not_run_after_fail,,,,0.0,,,,,,
s037,35,2.8979,discrete_only,discrete_only,2,false,not_run_after_fail,,,,0.0,,,,,,
s037,30,2.4839,discrete_only,discrete_only,2,false,not_run_after_fail,,,,0.0,,,,,,
s038,100,8.6716,discrete_only,discrete_only,2,true,,952.0810133045447,7.117569257892703,1.1365,27.8,1.6827,66043,952.081,"[7.4008, 7.1176]","[7.4008, 6.7939]",6.793883969786223
s038,95,8.2381,discrete_only,discrete_only,2,true,,952.0810133045447,7.117569257892703,1.1365,28.4,1.7214,66043,952.081,"[7.4008, 7.1176]","[7.4008, 6.7939]",6.793883969786223
s038,90,7.8045,discrete_only,discrete_only,2,true,,952.0810133045447,7.117569257892703,1.1365,28.2,1.7088,66043,952.081,"[7.4008, 7.1176]","[7.4008, 6.7939]",6.793883969786223
s038,85,7.3709,discrete_only,discrete_only,2,true,,952.0810133045447,7.117569257892703,1.1365,28.0,1.6959,66043,952.081,"[7.4008, 7.1176]","[7.4008, 6.7939]",6.793883969786223
s038,80,6.9373,discrete_only,discrete_only,2,false,unc_violated,952.0810133045447,7.117569257892703,,27.7,1.6773,66043,952.081,"[7.4008, 7.1176]","[7.4008, 6.7939]",6.793883969786223
s038,75,6.5037,discrete_only,discrete_only,2,false,not_run_after_fail,,,,0.0,,,,,,
s038,70,6.0702,discrete_only,discrete_only,2,false,not_run_after_fail,,,,0.0,,,,,,
s038,65,5.6366,discrete_only,discrete_only,2,false,not_run_after_fail,,,,0.0,,,,,,
s038,60,5.2030,discrete_only,discrete_only,2,false,not_run_after_fail,,,,0.0,,,,,,
s038,55,4.7694,discrete_only,discrete_only,2,false,not_run_after_fail,,,,0.0,,,,,,
s038,50,4.3358,discrete_only,discrete_only,2,false,not_run_after_fail,,,,0.0,,,,,,
s038,45,3.9022,discrete_only,discrete_only,2,false,not_run_after_fail,,,,0.0,,,,,,
s038,40,3.4687,discrete_only,discrete_only,2,false,not_run_after_fail,,,,0.0,,,,,,
s038,35,3.0351,discrete_only,discrete_only,2,false,not_run_after_fail,,,,0.0,,,,,,
s038,30,2.6015,discrete_only,discrete_only,2,false,not_run_after_fail,,,,0.0,,,,,,
s039,100,5.4134,discrete_only,discrete_only,2,false,unc_violated,743.2953359980316,5.642235500546936,,18.7,1.1621,5537,743.295,"[3.4532, 5.6422]","[3.4532, 5.4134]",5.413398213014435
s039,95,5.1427,discrete_only,discrete_only,2,false,not_run_after_fail,,,,0.0,,,,,,
s039,90,4.8721,discrete_only,discrete_only,2,false,not_run_after_fail,,,,0.0,,,,,,
s039,85,4.6014,discrete_only,discrete_only,2,false,not_run_after_fail,,,,0.0,,,,,,
s039,80,4.3307,discrete_only,discrete_only,2,false,not_run_after_fail,,,,0.0,,,,,,
s039,75,4.0601,discrete_only,discrete_only,2,false,not_run_after_fail,,,,0.0,,,,,,
s039,70,3.7894,discrete_only,discrete_only,2,false,not_run_after_fail,,,,0.0,,,,,,
s039,65,3.5187,discrete_only,discrete_only,2,false,not_run_after_fail,,,,0.0,,,,,,
s039,60,3.2480,discrete_only,discrete_only,2,false,not_run_after_fail,,,,0.0,,,,,,
s039,55,2.9774,discrete_only,discrete_only,2,false,not_run_after_fail,,,,0.0,,,,,,
s039,50,2.7067,discrete_only,discrete_only,2,false,not_run_after_fail,,,,0.0,,,,,,
s039,45,2.4360,discrete_only,discrete_only,2,false,not_run_after_fail,,,,0.0,,,,,,
s039,40,2.1654,discrete_only,discrete_only,2,false,not_run_after_fail,,,,0.0,,,,,,
s039,35,1.8947,discrete_only,discrete_only,2,false,not_run_after_fail,,,,0.0,,,,,,
s039,30,1.6240,discrete_only,discrete_only,2,false,not_run_after_fail,,,,0.0,,,,,,
s040,100,6.0180,discrete_only,discrete_only,2,true,,815.2336015954111,5.444529256573875,1.1573,19.4,1.1862,10424,815.234,"[2.838, 5.4445]","[2.838, 5.318]",5.317964027598796
s040,95,5.7171,discrete_only,discrete_only,2,true,,815.2336015954111,5.444529256573875,1.1573,19.4,1.1850,10424,815.234,"[2.838, 5.4445]","[2.838, 5.318]",5.317964027598796
s040,90,5.4162,discrete_only,discrete_only,2,false,unc_violated,815.2336015954111,5.444529256573875,,19.4,1.1839,10424,815.234,"[2.838, 5.4445]","[2.838, 5.318]",5.317964027598796
s040,85,5.1153,discrete_only,discrete_only,2,false,not_run_after_fail,,,,0.0,,,,,,
s040,80,4.8144,discrete_only,discrete_only,2,false,not_run_after_fail,,,,0.0,,,,,,
s040,75,4.5135,discrete_only,discrete_only,2,false,not_run_after_fail,,,,0.0,,,,,,
s040,70,4.2126,discrete_only,discrete_only,2,false,not_run_after_fail,,,,0.0,,,,,,
s040,65,3.9117,discrete_only,discrete_only,2,false,not_run_after_fail,,,,0.0,,,,,,
s040,60,3.6108,discrete_only,discrete_only,2,false,not_run_after_fail,,,,0.0,,,,,,
s040,55,3.3099,discrete_only,discrete_only,2,false,not_run_after_fail,,,,0.0,,,,,,
s040,50,3.0090,discrete_only,discrete_only,2,false,not_run_after_fail,,,,0.0,,,,,,
s040,45,2.7081,discrete_only,discrete_only,2,false,not_run_after_fail,,,,0.0,,,,,,
s040,40,2.4072,discrete_only,discrete_only,2,false,not_run_after_fail,,,,0.0,,,,,,
s040,35,2.1063,discrete_only,discrete_only,2,false,not_run_after_fail,,,,0.0,,,,,,
s040,30,1.8054,discrete_only,discrete_only,2,false,not_run_after_fail,,,,0.0,,,,,,
s041,100,7.4389,discrete_only,discrete_only,2,true,,765.8030279144591,3.5794348156790585,1.1575,18.8,1.1701,6337,765.803,"[3.0981, 3.5794]","[3.0981, 3.2793]",3.27931273215517
s041,95,7.0670,discrete_only,discrete_only,2,true,,765.8030279144591,3.5794348156790585,1.1575,18.8,1.1673,6337,765.803,"[3.0981, 3.5794]","[3.0981, 3.2793]",3.27931273215517
s041,90,6.6950,discrete_only,discrete_only,2,true,,765.8030279144591,3.5794348156790585,1.1575,18.9,1.1709,6337,765.803,"[3.0981, 3.5794]","[3.0981, 3.2793]",3.27931273215517
s041,85,6.3231,discrete_only,discrete_only,2,true,,765.8030279144591,3.5794348156790585,1.1575,18.9,1.1770,6337,765.803,"[3.0981, 3.5794]","[3.0981, 3.2793]",3.27931273215517
s041,80,5.9511,discrete_only,discrete_only,2,true,,765.8030279144591,3.5794348156790585,1.1575,18.7,1.1633,6337,765.803,"[3.0981, 3.5794]","[3.0981, 3.2793]",3.27931273215517
s041,75,5.5792,discrete_only,discrete_only,2,true,,765.8030279144591,3.5794348156790585,1.1575,18.7,1.1637,6337,765.803,"[3.0981, 3.5794]","[3.0981, 3.2793]",3.27931273215517
s041,70,5.2072,discrete_only,discrete_only,2,true,,765.8030279144591,3.5794348156790585,1.1575,18.8,1.1700,6337,765.803,"[3.0981, 3.5794]","[3.0981, 3.2793]",3.27931273215517
s041,65,4.8353,discrete_only,discrete_only,2,true,,765.8030279144591,3.5794348156790585,1.1575,18.8,1.1700,6337,765.803,"[3.0981, 3.5794]","[3.0981, 3.2793]",3.27931273215517
s041,60,4.4634,discrete_only,discrete_only,2,true,,765.8030279144591,3.5794348156790585,1.1575,18.8,1.1692,6337,765.803,"[3.0981, 3.5794]","[3.0981, 3.2793]",3.27931273215517
s041,55,4.0914,discrete_only,discrete_only,2,true,,765.8030279144591,3.5794348156790585,1.1575,18.9,1.1724,6337,765.803,"[3.0981, 3.5794]","[3.0981, 3.2793]",3.27931273215517
s041,50,3.7195,discrete_only,discrete_only,2,true,,765.8030279144591,3.5794348156790585,1.1575,18.6,1.1572,6337,765.803,"[3.0981, 3.5794]","[3.0981, 3.2793]",3.27931273215517
s041,45,3.3475,discrete_only,discrete_only,2,false,unc_violated,765.8030279144591,3.5794348156790585,,18.7,1.1608,6337,765.803,"[3.0981, 3.5794]","[3.0981, 3.2793]",3.27931273215517
s041,40,2.9756,discrete_only,discrete_only,2,false,not_run_after_fail,,,,0.0,,,,,,
s041,35,2.6036,discrete_only,discrete_only,2,false,not_run_after_fail,,,,0.0,,,,,,
s041,30,2.2317,discrete_only,discrete_only,2,false,not_run_after_fail,,,,0.0,,,,,,
s042,100,9.2937,discrete_only,discrete_only,2,false,no_solution,null,null,,87.2,5.3224,500000,null,[],[],null
s042,95,8.8290,discrete_only,discrete_only,2,false,not_run_after_fail,,,,0.0,,,,,,
s042,90,8.3643,discrete_only,discrete_only,2,false,not_run_after_fail,,,,0.0,,,,,,
s042,85,7.8996,discrete_only,discrete_only,2,false,not_run_after_fail,,,,0.0,,,,,,
s042,80,7.4349,discrete_only,discrete_only,2,false,not_run_after_fail,,,,0.0,,,,,,
s042,75,6.9702,discrete_only,discrete_only,2,false,not_run_after_fail,,,,0.0,,,,,,
s042,70,6.5056,discrete_only,discrete_only,2,false,not_run_after_fail,,,,0.0,,,,,,
s042,65,6.0409,discrete_only,discrete_only,2,false,not_run_after_fail,,,,0.0,,,,,,
s042,60,5.5762,discrete_only,discrete_only,2,false,not_run_after_fail,,,,0.0,,,,,,
s042,55,5.1115,discrete_only,discrete_only,2,false,not_run_after_fail,,,,0.0,,,,,,
s042,50,4.6468,discrete_only,discrete_only,2,false,not_run_after_fail,,,,0.0,,,,,,
s042,45,4.1821,discrete_only,discrete_only,2,false,not_run_after_fail,,,,0.0,,,,,,
s042,40,3.7175,discrete_only,discrete_only,2,false,not_run_after_fail,,,,0.0,,,,,,
s042,35,3.2528,discrete_only,discrete_only,2,false,not_run_after_fail,,,,0.0,,,,,,
s042,30,2.7881,discrete_only,discrete_only,2,false,not_run_after_fail,,,,0.0,,,,,,
s043,100,8.1311,discrete_only,discrete_only,2,false,no_solution,null,null,,97.2,5.9766,500000,null,[],[],null
s043,95,7.7245,discrete_only,discrete_only,2,false,not_run_after_fail,,,,0.0,,,,,,
s043,90,7.3180,discrete_only,discrete_only,2,false,not_run_after_fail,,,,0.0,,,,,,
s043,85,6.9114,discrete_only,discrete_only,2,false,not_run_after_fail,,,,0.0,,,,,,
s043,80,6.5049,discrete_only,discrete_only,2,false,not_run_after_fail,,,,0.0,,,,,,
s043,75,6.0983,discrete_only,discrete_only,2,false,not_run_after_fail,,,,0.0,,,,,,
s043,70,5.6918,discrete_only,discrete_only,2,false,not_run_after_fail,,,,0.0,,,,,,
s043,65,5.2852,discrete_only,discrete_only,2,false,not_run_after_fail,,,,0.0,,,,,,
s043,60,4.8786,discrete_only,discrete_only,2,false,not_run_after_fail,,,,0.0,,,,,,
s043,55,4.4721,discrete_only,discrete_only,2,false,not_run_after_fail,,,,0.0,,,,,,
s043,50,4.0655,discrete_only,discrete_only,2,false,not_run_after_fail,,,,0.0,,,,,,
s043,45,3.6590,discrete_only,discrete_only,2,false,not_run_after_fail,,,,0.0,,,,,,
s043,40,3.2524,discrete_only,discrete_only,2,false,not_run_after_fail,,,,0.0,,,,,,
s043,35,2.8459,discrete_only,discrete_only,2,false,not_run_after_fail,,,,0.0,,,,,,
s043,30,2.4393,discrete_only,discrete_only,2,false,not_run_after_fail,,,,0.0,,,,,,
s044,100,8.6710,discrete_only,discrete_only,2,false,no_solution,null,null,,96.7,5.7979,500000,null,[],[],null
s044,95,8.2374,discrete_only,discrete_only,2,false,not_run_after_fail,,,,0.0,,,,,,
s044,90,7.8039,discrete_only,discrete_only,2,false,not_run_after_fail,,,,0.0,,,,,,
s044,85,7.3703,discrete_only,discrete_only,2,false,not_run_after_fail,,,,0.0,,,,,,
s044,80,6.9368,discrete_only,discrete_only,2,false,not_run_after_fail,,,,0.0,,,,,,
s044,75,6.5032,discrete_only,discrete_only,2,false,not_run_after_fail,,,,0.0,,,,,,
s044,70,6.0697,discrete_only,discrete_only,2,false,not_run_after_fail,,,,0.0,,,,,,
s044,65,5.6361,discrete_only,discrete_only,2,false,not_run_after_fail,,,,0.0,,,,,,
s044,60,5.2026,discrete_only,discrete_only,2,false,not_run_after_fail,,,,0.0,,,,,,
s044,55,4.7690,discrete_only,discrete_only,2,false,not_run_after_fail,,,,0.0,,,,,,
s044,50,4.3355,discrete_only,discrete_only,2,false,not_run_after_fail,,,,0.0,,,,,,
s044,45,3.9019,discrete_only,discrete_only,2,false,not_run_after_fail,,,,0.0,,,,,,
s044,40,3.4684,discrete_only,discrete_only,2,false,not_run_after_fail,,,,0.0,,,,,,
s044,35,3.0348,discrete_only,discrete_only,2,false,not_run_after_fail,,,,0.0,,,,,,
s044,30,2.6013,discrete_only,discrete_only,2,false,not_run_after_fail,,,,0.0,,,,,,
s045,100,8.8536,discrete_only,discrete_only,2,true,,940.6798852797031,5.30931107856121,1.2145,26.6,1.6105,58055,940.68,"[1.6764, 5.3093]","[1.6764, 5.092]",5.0920166584274345
s045,95,8.4109,discrete_only,discrete_only,2,true,,940.6798852797031,5.30931107856121,1.2145,26.8,1.6241,58055,940.68,"[1.6764, 5.3093]","[1.6764, 5.092]",5.0920166584274345
s045,90,7.9682,discrete_only,discrete_only,2,true,,940.6798852797031,5.30931107856121,1.2145,26.8,1.6194,58055,940.68,"[1.6764, 5.3093]","[1.6764, 5.092]",5.0920166584274345
s045,85,7.5255,discrete_only,discrete_only,2,true,,940.6798852797031,5.30931107856121,1.2145,26.7,1.6174,58055,940.68,"[1.6764, 5.3093]","[1.6764, 5.092]",5.0920166584274345
s045,80,7.0829,discrete_only,discrete_only,2,true,,940.6798852797031,5.30931107856121,1.2145,27.1,1.6378,58055,940.68,"[1.6764, 5.3093]","[1.6764, 5.092]",5.0920166584274345
s045,75,6.6402,discrete_only,discrete_only,2,true,,940.6798852797031,5.30931107856121,1.2145,26.7,1.6186,58055,940.68,"[1.6764, 5.3093]","[1.6764, 5.092]",5.0920166584274345
s045,70,6.1975,discrete_only,discrete_only,2,true,,940.6798852797031,5.30931107856121,1.2145,26.8,1.6205,58055,940.68,"[1.6764, 5.3093]","[1.6764, 5.092]",5.0920166584274345
s045,65,5.7548,discrete_only,discrete_only,2,true,,940.6798852797031,5.30931107856121,1.2145,26.8,1.6192,58055,940.68,"[1.6764, 5.3093]","[1.6764, 5.092]",5.0920166584274345
s045,60,5.3121,discrete_only,discrete_only,2,true,,940.6798852797031,5.30931107856121,1.2145,26.6,1.6130,58055,940.68,"[1.6764, 5.3093]","[1.6764, 5.092]",5.0920166584274345
s045,55,4.8695,discrete_only,discrete_only,2,false,unc_violated,940.6798852797031,5.071380628822937,,26.8,1.6195,58060,940.68,"[5.1862, 5.0714]","[5.201, 4.6486]",4.648587858062044
s045,50,4.4268,discrete_only,discrete_only,2,false,not_run_after_fail,,,,0.0,,,,,,
s045,45,3.9841,discrete_only,discrete_only,2,false,not_run_after_fail,,,,0.0,,,,,,
s045,40,3.5414,discrete_only,discrete_only,2,false,not_run_after_fail,,,,0.0,,,,,,
s045,35,3.0988,discrete_only,discrete_only,2,false,not_run_after_fail,,,,0.0,,,,,,
s045,30,2.6561,discrete_only,discrete_only,2,false,not_run_after_fail,,,,0.0,,,,,,
s046,100,5.5511,discrete_only,discrete_only,2,false,no_solution,null,null,,101.6,6.0978,500000,null,[],[],null
s046,95,5.2735,discrete_only,discrete_only,2,false,not_run_after_fail,,,,0.0,,,,,,
s046,90,4.9960,discrete_only,discrete_only,2,false,not_run_after_fail,,,,0.0,,,,,,
s046,85,4.7184,discrete_only,discrete_only,2,false,not_run_after_fail,,,,0.0,,,,,,
s046,80,4.4409,discrete_only,discrete_only,2,false,not_run_after_fail,,,,0.0,,,,,,
s046,75,4.1633,discrete_only,discrete_only,2,false,not_run_after_fail,,,,0.0,,,,,,
s046,70,3.8858,discrete_only,discrete_only,2,false,not_run_after_fail,,,,0.0,,,,,,
s046,65,3.6082,discrete_only,discrete_only,2,false,not_run_after_fail,,,,0.0,,,,,,
s046,60,3.3307,discrete_only,discrete_only,2,false,not_run_after_fail,,,,0.0,,,,,,
s046,55,3.0531,discrete_only,discrete_only,2,false,not_run_after_fail,,,,0.0,,,,,,
s046,50,2.7755,discrete_only,discrete_only,2,false,not_run_after_fail,,,,0.0,,,,,,
s046,45,2.4980,discrete_only,discrete_only,2,false,not_run_after_fail,,,,0.0,,,,,,
s046,40,2.2204,discrete_only,discrete_only,2,false,not_run_after_fail,,,,0.0,,,,,,
s046,35,1.9429,discrete_only,discrete_only,2,false,not_run_after_fail,,,,0.0,,,,,,
s046,30,1.6653,discrete_only,discrete_only,2,false,not_run_after_fail,,,,0.0,,,,,,
s047,100,6.5442,discrete_only,discrete_only,2,true,,783.1058207969589,4.5560020067836655,1.0825,19.9,1.2595,14952,783.106,"[4.3015, 4.556]","[4.3015, 4.311]",4.311002537544623
s047,95,6.2170,discrete_only,discrete_only,2,true,,783.1058207969589,4.5560020067836655,1.0825,19.9,1.2560,14952,783.106,"[4.3015, 4.556]","[4.3015, 4.311]",4.311002537544623
s047,90,5.8897,discrete_only,discrete_only,2,true,,783.1058207969589,4.5560020067836655,1.0825,20.0,1.2661,14952,783.106,"[4.3015, 4.556]","[4.3015, 4.311]",4.311002537544623
s047,85,5.5625,discrete_only,discrete_only,2,true,,783.1058207969589,4.5560020067836655,1.0825,19.9,1.2558,14952,783.106,"[4.3015, 4.556]","[4.3015, 4.311]",4.311002537544623
s047,80,5.2353,discrete_only,discrete_only,2,true,,783.1058207969589,4.5560020067836655,1.0825,19.8,1.2528,14952,783.106,"[4.3015, 4.556]","[4.3015, 4.311]",4.311002537544623
s047,75,4.9081,discrete_only,discrete_only,2,true,,783.1058207969589,4.5560020067836655,1.0825,19.9,1.2591,14952,783.106,"[4.3015, 4.556]","[4.3015, 4.311]",4.311002537544623
s047,70,4.5809,discrete_only,discrete_only,2,true,,783.1058207969589,4.5560020067836655,1.0825,19.9,1.2571,14952,783.106,"[4.3015, 4.556]","[4.3015, 4.311]",4.311002537544623
s047,65,4.2537,discrete_only,discrete_only,2,true,,783.1058207969589,4.037817697287492,1.0825,19.9,1.2573,15199,783.106,"[3.0812, 4.0378]","[3.0812, 3.6597]",3.6596885246485535
s047,60,3.9265,discrete_only,discrete_only,2,false,unc_violated,783.1058207969589,4.037817697287492,,19.7,1.2449,15199,783.106,"[3.0812, 4.0378]","[3.0812, 3.6597]",3.6596885246485535
s047,55,3.5993,discrete_only,discrete_only,2,false,not_run_after_fail,,,,0.0,,,,,,
s047,50,3.2721,discrete_only,discrete_only,2,false,not_run_after_fail,,,,0.0,,,,,,
s047,45,2.9449,discrete_only,discrete_only,2,false,not_run_after_fail,,,,0.0,,,,,,
s047,40,2.6177,discrete_only,discrete_only,2,false,not_run_after_fail,,,,0.0,,,,,,
s047,35,2.2905,discrete_only,discrete_only,2,false,not_run_after_fail,,,,0.0,,,,,,
s047,30,1.9632,discrete_only,discrete_only,2,false,not_run_after_fail,,,,0.0,,,,,,
s048,100,5.5484,discrete_only,discrete_only,2,true,,901.5228957676081,3.8840884981653194,0.9746,21.9,1.3162,21458,901.523,"[3.0912, 3.8841]","[3.0912, 3.514]",3.5139704015919655
s048,95,5.2710,discrete_only,discrete_only,2,true,,901.5228957676081,3.8840884981653194,0.9746,21.7,1.3040,21458,901.523,"[3.0912, 3.8841]","[3.0912, 3.514]",3.5139704015919655
s048,90,4.9936,discrete_only,discrete_only,2,true,,901.5228957676081,3.8840884981653194,0.9746,21.8,1.3133,21458,901.523,"[3.0912, 3.8841]","[3.0912, 3.514]",3.5139704015919655
s048,85,4.7162,discrete_only,discrete_only,2,true,,901.5228957676081,3.8840884981653194,0.9746,21.9,1.3188,21458,901.523,"[3.0912, 3.8841]","[3.0912, 3.514]",3.5139704015919655
s048,80,4.4387,discrete_only,discrete_only,2,true,,901.5228957676081,3.8840884981653194,0.9746,22.0,1.3257,21458,901.523,"[3.0912, 3.8841]","[3.0912, 3.514]",3.5139704015919655
s048,75,4.1613,discrete_only,discrete_only,2,true,,901.5228957676081,3.8840884981653194,0.9746,21.8,1.3093,21458,901.523,"[3.0912, 3.8841]","[3.0912, 3.514]",3.5139704015919655
s048,70,3.8839,discrete_only,discrete_only,2,false,unc_violated,901.5228957676081,3.8840884981653194,,21.9,1.3181,21458,901.523,"[3.0912, 3.8841]","[3.0912, 3.514]",3.5139704015919655
s048,65,3.6065,discrete_only,discrete_only,2,false,not_run_after_fail,,,,0.0,,,,,,
s048,60,3.3290,discrete_only,discrete_only,2,false,not_run_after_fail,,,,0.0,,,,,,
s048,55,3.0516,discrete_only,discrete_only,2,false,not_run_after_fail,,,,0.0,,,,,,
s048,50,2.7742,discrete_only,discrete_only,2,false,not_run_after_fail,,,,0.0,,,,,,
s048,45,2.4968,discrete_only,discrete_only,2,false,not_run_after_fail,,,,0.0,,,,,,
s048,40,2.2194,discrete_only,discrete_only,2,false,not_run_after_fail,,,,0.0,,,,,,
s048,35,1.9419,discrete_only,discrete_only,2,false,not_run_after_fail,,,,0.0,,,,,,
s048,30,1.6645,discrete_only,discrete_only,2,false,not_run_after_fail,,,,0.0,,,,,,
s049,100,5.6858,discrete_only,discrete_only,2,false,no_solution,null,null,,103.8,6.2583,500000,null,[],[],null
s049,95,5.4015,discrete_only,discrete_only,2,false,not_run_after_fail,,,,0.0,,,,,,
s049,90,5.1172,discrete_only,discrete_only,2,false,not_run_after_fail,,,,0.0,,,,,,
s049,85,4.8329,discrete_only,discrete_only,2,false,not_run_after_fail,,,,0.0,,,,,,
s049,80,4.5486,discrete_only,discrete_only,2,false,not_run_after_fail,,,,0.0,,,,,,
s049,75,4.2643,discrete_only,discrete_only,2,false,not_run_after_fail,,,,0.0,,,,,,
s049,70,3.9800,discrete_only,discrete_only,2,false,not_run_after_fail,,,,0.0,,,,,,
s049,65,3.6958,discrete_only,discrete_only,2,false,not_run_after_fail,,,,0.0,,,,,,
s049,60,3.4115,discrete_only,discrete_only,2,false,not_run_after_fail,,,,0.0,,,,,,
s049,55,3.1272,discrete_only,discrete_only,2,false,not_run_after_fail,,,,0.0,,,,,,
s049,50,2.8429,discrete_only,discrete_only,2,false,not_run_after_fail,,,,0.0,,,,,,
s049,45,2.5586,discrete_only,discrete_only,2,false,not_run_after_fail,,,,0.0,,,,,,
s049,40,2.2743,discrete_only,discrete_only,2,false,not_run_after_fail,,,,0.0,,,,,,
s049,35,1.9900,discrete_only,discrete_only,2,false,not_run_after_fail,,,,0.0,,,,,,
s049,30,1.7057,discrete_only,discrete_only,2,false,not_run_after_fail,,,,0.0,,,,,,
s050,100,4.1503,discrete_only,discrete_only,2,false,unc_violated,921.8008434233903,4.265325888136983,,65.8,4.0618,290114,921.801,"[0.9513, 4.2653]","[0.9513, 3.8499]",3.8498922145526655
s050,95,3.9427,discrete_only,discrete_only,2,false,not_run_after_fail,,,,0.0,,,,,,
s050,90,3.7352,discrete_only,discrete_only,2,false,not_run_after_fail,,,,0.0,,,,,,
s050,85,3.5277,discrete_only,discrete_only,2,false,not_run_after_fail,,,,0.0,,,,,,
s050,80,3.3202,discrete_only,discrete_only,2,false,not_run_after_fail,,,,0.0,,,,,,
s050,75,3.1127,discrete_only,discrete_only,2,false,not_run_after_fail,,,,0.0,,,,,,
s050,70,2.9052,discrete_only,discrete_only,2,false,not_run_after_fail,,,,0.0,,,,,,
s050,65,2.6977,discrete_only,discrete_only,2,false,not_run_after_fail,,,,0.0,,,,,,
s050,60,2.4902,discrete_only,discrete_only,2,false,not_run_after_fail,,,,0.0,,,,,,
s050,55,2.2826,discrete_only,discrete_only,2,false,not_run_after_fail,,,,0.0,,,,,,
s050,50,2.0751,discrete_only,discrete_only,2,false,not_run_after_fail,,,,0.0,,,,,,
s050,45,1.8676,discrete_only,discrete_only,2,false,not_run_after_fail,,,,0.0,,,,,,
s050,40,1.6601,discrete_only,discrete_only,2,false,not_run_after_fail,,,,0.0,,,,,,
s050,35,1.4526,discrete_only,discrete_only,2,false,not_run_after_fail,,,,0.0,,,,,,
s050,30,1.2451,discrete_only,discrete_only,2,false,not_run_after_fail,,,,0.0,,,,,,
s051,100,5.9726,discrete_only,discrete_only,2,false,no_solution,null,null,,108.3,6.5526,500000,null,[],[],null
s051,95,5.6740,discrete_only,discrete_only,2,false,not_run_after_fail,,,,0.0,,,,,,
s051,90,5.3753,discrete_only,discrete_only,2,false,not_run_after_fail,,,,0.0,,,,,,
s051,85,5.0767,discrete_only,discrete_only,2,false,not_run_after_fail,,,,0.0,,,,,,
s051,80,4.7781,discrete_only,discrete_only,2,false,not_run_after_fail,,,,0.0,,,,,,
s051,75,4.4795,discrete_only,discrete_only,2,false,not_run_after_fail,,,,0.0,,,,,,
s051,70,4.1808,discrete_only,discrete_only,2,false,not_run_after_fail,,,,0.0,,,,,,
s051,65,3.8822,discrete_only,discrete_only,2,false,not_run_after_fail,,,,0.0,,,,,,
s051,60,3.5836,discrete_only,discrete_only,2,false,not_run_after_fail,,,,0.0,,,,,,
s051,55,3.2849,discrete_only,discrete_only,2,false,not_run_after_fail,,,,0.0,,,,,,
s051,50,2.9863,discrete_only,discrete_only,2,false,not_run_after_fail,,,,0.0,,,,,,
s051,45,2.6877,discrete_only,discrete_only,2,false,not_run_after_fail,,,,0.0,,,,,,
s051,40,2.3890,discrete_only,discrete_only,2,false,not_run_after_fail,,,,0.0,,,,,,
s051,35,2.0904,discrete_only,discrete_only,2,false,not_run_after_fail,,,,0.0,,,,,,
s051,30,1.7918,discrete_only,discrete_only,2,false,not_run_after_fail,,,,0.0,,,,,,
s052,100,7.3896,discrete_only,discrete_only,2,false,no_solution,null,null,,105.7,6.4528,500000,null,[],[],null
s052,95,7.0202,discrete_only,discrete_only,2,false,not_run_after_fail,,,,0.0,,,,,,
s052,90,6.6507,discrete_only,discrete_only,2,false,not_run_after_fail,,,,0.0,,,,,,
s052,85,6.2812,discrete_only,discrete_only,2,false,not_run_after_fail,,,,0.0,,,,,,
s052,80,5.9117,discrete_only,discrete_only,2,false,not_run_after_fail,,,,0.0,,,,,,
s052,75,5.5422,discrete_only,discrete_only,2,false,not_run_after_fail,,,,0.0,,,,,,
s052,70,5.1728,discrete_only,discrete_only,2,false,not_run_after_fail,,,,0.0,,,,,,
s052,65,4.8033,discrete_only,discrete_only,2,false,not_run_after_fail,,,,0.0,,,,,,
s052,60,4.4338,discrete_only,discrete_only,2,false,not_run_after_fail,,,,0.0,,,,,,
s052,55,4.0643,discrete_only,discrete_only,2,false,not_run_after_fail,,,,0.0,,,,,,
s052,50,3.6948,discrete_only,discrete_only,2,false,not_run_after_fail,,,,0.0,,,,,,
s052,45,3.3253,discrete_only,discrete_only,2,false,not_run_after_fail,,,,0.0,,,,,,
s052,40,2.9559,discrete_only,discrete_only,2,false,not_run_after_fail,,,,0.0,,,,,,
s052,35,2.5864,discrete_only,discrete_only,2,false,not_run_after_fail,,,,0.0,,,,,,
s052,30,2.2169,discrete_only,discrete_only,2,false,not_run_after_fail,,,,0.0,,,,,,
s053,100,4.9907,discrete_only,discrete_only,2,true,,821.0990193485593,4.331831882311975,1.1459,20.3,1.2494,18443,821.099,"[2.7692, 4.3318]","[2.7692, 3.9354]",3.935397762281703
s053,95,4.7411,discrete_only,discrete_only,2,true,,821.0990193485593,4.331831882311975,1.1459,20.3,1.2477,18443,821.099,"[2.7692, 4.3318]","[2.7692, 3.9354]",3.935397762281703
s053,90,4.4916,discrete_only,discrete_only,2,true,,821.0990193485593,4.331831882311975,1.1459,20.3,1.2499,18443,821.099,"[2.7692, 4.3318]","[2.7692, 3.9354]",3.935397762281703
s053,85,4.2421,discrete_only,discrete_only,2,false,unc_violated,821.0990193485593,4.331831882311975,,20.4,1.2581,18443,821.099,"[2.7692, 4.3318]","[2.7692, 3.9354]",3.935397762281703
s053,80,3.9925,discrete_only,discrete_only,2,false,not_run_after_fail,,,,0.0,,,,,,
s053,75,3.7430,discrete_only,discrete_only,2,false,not_run_after_fail,,,,0.0,,,,,,
s053,70,3.4935,discrete_only,discrete_only,2,false,not_run_after_fail,,,,0.0,,,,,,
s053,65,3.2439,discrete_only,discrete_only,2,false,not_run_after_fail,,,,0.0,,,,,,
s053,60,2.9944,discrete_only,discrete_only,2,false,not_run_after_fail,,,,0.0,,,,,,
s053,55,2.7449,discrete_only,discrete_only,2,false,not_run_after_fail,,,,0.0,,,,,,
s053,50,2.4953,discrete_only,discrete_only,2,false,not_run_after_fail,,,,0.0,,,,,,
s053,45,2.2458,discrete_only,discrete_only,2,false,not_run_after_fail,,,,0.0,,,,,,
s053,40,1.9963,discrete_only,discrete_only,2,false,not_run_after_fail,,,,0.0,,,,,,
s053,35,1.7467,discrete_only,discrete_only,2,false,not_run_after_fail,,,,0.0,,,,,,
s053,30,1.4972,discrete_only,discrete_only,2,false,not_run_after_fail,,,,0.0,,,,,,
s054,100,8.4379,discrete_only,discrete_only,2,false,no_solution,null,null,,96.3,5.7757,500000,null,[],[],null
s054,95,8.0160,discrete_only,discrete_only,2,false,not_run_after_fail,,,,0.0,,,,,,
s054,90,7.5941,discrete_only,discrete_only,2,false,not_run_after_fail,,,,0.0,,,,,,
s054,85,7.1722,discrete_only,discrete_only,2,false,not_run_after_fail,,,,0.0,,,,,,
s054,80,6.7503,discrete_only,discrete_only,2,false,not_run_after_fail,,,,0.0,,,,,,
s054,75,6.3284,discrete_only,discrete_only,2,false,not_run_after_fail,,,,0.0,,,,,,
s054,70,5.9065,discrete_only,discrete_only,2,false,not_run_after_fail,,,,0.0,,,,,,
s054,65,5.4846,discrete_only,discrete_only,2,false,not_run_after_fail,,,,0.0,,,,,,
s054,60,5.0627,discrete_only,discrete_only,2,false,not_run_after_fail,,,,0.0,,,,,,
s054,55,4.6408,discrete_only,discrete_only,2,false,not_run_after_fail,,,,0.0,,,,,,
s054,50,4.2189,discrete_only,discrete_only,2,false,not_run_after_fail,,,,0.0,,,,,,
s054,45,3.7970,discrete_only,discrete_only,2,false,not_run_after_fail,,,,0.0,,,,,,
s054,40,3.3751,discrete_only,discrete_only,2,false,not_run_after_fail,,,,0.0,,,,,,
s054,35,2.9532,discrete_only,discrete_only,2,false,not_run_after_fail,,,,0.0,,,,,,
s054,30,2.5314,discrete_only,discrete_only,2,false,not_run_after_fail,,,,0.0,,,,,,
s055,100,4.2209,discrete_only,discrete_only,2,false,no_solution,null,null,,112.9,6.7950,500000,null,[],[],null
s055,95,4.0099,discrete_only,discrete_only,2,false,not_run_after_fail,,,,0.0,,,,,,
s055,90,3.7988,discrete_only,discrete_only,2,false,not_run_after_fail,,,,0.0,,,,,,
s055,85,3.5878,discrete_only,discrete_only,2,false,not_run_after_fail,,,,0.0,,,,,,
s055,80,3.3767,discrete_only,discrete_only,2,false,not_run_after_fail,,,,0.0,,,,,,
s055,75,3.1657,discrete_only,discrete_only,2,false,not_run_after_fail,,,,0.0,,,,,,
s055,70,2.9546,discrete_only,discrete_only,2,false,not_run_after_fail,,,,0.0,,,,,,
s055,65,2.7436,discrete_only,discrete_only,2,false,not_run_after_fail,,,,0.0,,,,,,
s055,60,2.5325,discrete_only,discrete_only,2,false,not_run_after_fail,,,,0.0,,,,,,
s055,55,2.3215,discrete_only,discrete_only,2,false,not_run_after_fail,,,,0.0,,,,,,
s055,50,2.1105,discrete_only,discrete_only,2,false,not_run_after_fail,,,,0.0,,,,,,
s055,45,1.8994,discrete_only,discrete_only,2,false,not_run_after_fail,,,,0.0,,,,,,
s055,40,1.6884,discrete_only,discrete_only,2,false,not_run_after_fail,,,,0.0,,,,,,
s055,35,1.4773,discrete_only,discrete_only,2,false,not_run_after_fail,,,,0.0,,,,,,
s055,30,1.2663,discrete_only,discrete_only,2,false,not_run_after_fail,,,,0.0,,,,,,
s056,100,7.5536,discrete_only,discrete_only,2,true,,914.3915281463951,7.053969379266801,1.1505,41.3,2.5615,172276,914.392,"[4.5187, 7.054]","[4.5187, 7.3789]",7.3788902107894065
s056,95,7.1759,discrete_only,discrete_only,2,true,,941.0430219835278,6.697169133625399,1.1840,42.2,2.6161,189644,941.043,"[6.5907, 6.6972]","[6.5907, 7.0255]",7.025506484107944
s056,90,6.7983,discrete_only,discrete_only,2,true,,914.3915281463951,6.325258187673917,1.1505,44.1,2.7394,210540,914.392,"[5.5948, 6.3253]","[5.5948, 6.6174]",6.617398734769161
s056,85,6.4206,discrete_only,discrete_only,2,true,,914.3915281463951,6.301121410282208,1.1505,45.6,2.8290,210600,914.392,"[3.1359, 6.3011]","[3.1359, 6.3006]",6.300562045244534
s056,80,6.0429,discrete_only,discrete_only,2,true,,914.3915281463951,5.588778981301514,1.1505,44.6,2.7695,213071,914.392,"[5.1405, 5.5888]","[5.1405, 5.8992]",5.899235650868918
s056,75,5.6652,discrete_only,discrete_only,2,true,,914.3915281463951,4.977581093190194,1.1505,46.8,2.9064,213102,914.392,"[5.0562, 4.9776]","[5.0652, 5.6146]",5.614608709701255
s056,70,5.2875,discrete_only,discrete_only,2,true,,914.3915281463951,4.977581093190194,1.1505,70.7,4.3885,500000,914.392,"[5.0562, 4.9776]","[5.0652, 5.6146]",5.614608709701255
s056,65,4.9099,discrete_only,discrete_only,2,false,unc_violated,914.3915281463951,4.977581093190194,,69.5,4.3124,500000,914.392,"[5.0562, 4.9776]","[5.0652, 5.6146]",5.614608709701255
s056,60,4.5322,discrete_only,discrete_only,2,false,not_run_after_fail,,,,0.0,,,,,,
s056,55,4.1545,discrete_only,discrete_only,2,false,not_run_after_fail,,,,0.0,,,,,,
s056,50,3.7768,discrete_only,discrete_only,2,false,not_run_after_fail,,,,0.0,,,,,,
s056,45,3.3991,discrete_only,discrete_only,2,false,not_run_after_fail,,,,0.0,,,,,,
s056,40,3.0214,discrete_only,discrete_only,2,false,not_run_after_fail,,,,0.0,,,,,,
s056,35,2.6438,discrete_only,discrete_only,2,false,not_run_after_fail,,,,0.0,,,,,,
s056,30,2.2661,discrete_only,discrete_only,2,false,not_run_after_fail,,,,0.0,,,,,,
s057,100,5.6828,discrete_only,discrete_only,2,false,no_solution,null,null,,106.3,6.3874,500000,null,[],[],null
s057,95,5.3986,discrete_only,discrete_only,2,false,not_run_after_fail,,,,0.0,,,,,,
s057,90,5.1145,discrete_only,discrete_only,2,false,not_run_after_fail,,,,0.0,,,,,,
s057,85,4.8304,discrete_only,discrete_only,2,false,not_run_after_fail,,,,0.0,,,,,,
s057,80,4.5462,discrete_only,discrete_only,2,false,not_run_after_fail,,,,0.0,,,,,,
s057,75,4.2621,discrete_only,discrete_only,2,false,not_run_after_fail,,,,0.0,,,,,,
s057,70,3.9780,discrete_only,discrete_only,2,false,not_run_after_fail,,,,0.0,,,,,,
s057,65,3.6938,discrete_only,discrete_only,2,false,not_run_after_fail,,,,0.0,,,,,,
s057,60,3.4097,discrete_only,discrete_only,2,false,not_run_after_fail,,,,0.0,,,,,,
s057,55,3.1255,discrete_only,discrete_only,2,false,not_run_after_fail,,,,0.0,,,,,,
s057,50,2.8414,discrete_only,discrete_only,2,false,not_run_after_fail,,,,0.0,,,,,,
s057,45,2.5573,discrete_only,discrete_only,2,false,not_run_after_fail,,,,0.0,,,,,,
s057,40,2.2731,discrete_only,discrete_only,2,false,not_run_after_fail,,,,0.0,,,,,,
s057,35,1.9890,discrete_only,discrete_only,2,false,not_run_after_fail,,,,0.0,,,,,,
s057,30,1.7048,discrete_only,discrete_only,2,false,not_run_after_fail,,,,0.0,,,,,,
s058,100,5.2066,discrete_only,discrete_only,2,true,,845.6231646556898,4.750714094802694,1.1915,27.5,1.7019,76197,845.623,"[3.0632, 4.7507]","[3.0632, 4.0522]",4.052217021172536
s058,95,4.9463,discrete_only,discrete_only,2,true,,845.6231646556898,4.750714094802694,1.1915,27.6,1.7116,76197,845.623,"[3.0632, 4.7507]","[3.0632, 4.0522]",4.052217021172536
s058,90,4.6860,discrete_only,discrete_only,2,false,unc_violated,845.6231646556898,4.750714094802694,,27.6,1.7075,76197,845.623,"[3.0632, 4.7507]","[3.0632, 4.0522]",4.052217021172536
s058,85,4.4256,discrete_only,discrete_only,2,false,not_run_after_fail,,,,0.0,,,,,,
s058,80,4.1653,discrete_only,discrete_only,2,false,not_run_after_fail,,,,0.0,,,,,,
s058,75,3.9050,discrete_only,discrete_only,2,false,not_run_after_fail,,,,0.0,,,,,,
s058,70,3.6446,discrete_only,discrete_only,2,false,not_run_after_fail,,,,0.0,,,,,,
s058,65,3.3843,discrete_only,discrete_only,2,false,not_run_after_fail,,,,0.0,,,,,,
s058,60,3.1240,discrete_only,discrete_only,2,false,not_run_after_fail,,,,0.0,,,,,,
s058,55,2.8636,discrete_only,discrete_only,2,false,not_run_after_fail,,,,0.0,,,,,,
s058,50,2.6033,discrete_only,discrete_only,2,false,not_run_after_fail,,,,0.0,,,,,,
s058,45,2.3430,discrete_only,discrete_only,2,false,not_run_after_fail,,,,0.0,,,,,,
s058,40,2.0826,discrete_only,discrete_only,2,false,not_run_after_fail,,,,0.0,,,,,,
s058,35,1.8223,discrete_only,discrete_only,2,false,not_run_after_fail,,,,0.0,,,,,,
s058,30,1.5620,discrete_only,discrete_only,2,false,not_run_after_fail,,,,0.0,,,,,,
s059,100,8.2417,discrete_only,discrete_only,2,true,,825.0173037972115,3.2103681910608346,1.0880,25.0,1.5383,48718,825.017,"[2.7394, 3.2104]","[2.7394, 5.3907]",5.3907088272914745
s059,95,7.8296,discrete_only,discrete_only,2,true,,825.0173037972115,3.2103681910608346,1.0880,25.0,1.5387,48718,825.017,"[2.7394, 3.2104]","[2.7394, 5.3907]",5.3907088272914745
s059,90,7.4175,discrete_only,discrete_only,2,true,,825.0173037972115,3.2103681910608346,1.0880,25.0,1.5384,48718,825.017,"[2.7394, 3.2104]","[2.7394, 5.3907]",5.3907088272914745
s059,85,7.0054,discrete_only,discrete_only,2,true,,825.0173037972115,3.2103681910608346,1.0880,25.2,1.5519,48718,825.017,"[2.7394, 3.2104]","[2.7394, 5.3907]",5.3907088272914745
s059,80,6.5934,discrete_only,discrete_only,2,true,,825.0173037972115,3.2103681910608346,1.0880,24.9,1.5326,48718,825.017,"[2.7394, 3.2104]","[2.7394, 5.3907]",5.3907088272914745
s059,75,6.1813,discrete_only,discrete_only,2,true,,825.0173037972115,3.2103681910608346,1.0880,25.1,1.5417,48718,825.017,"[2.7394, 3.2104]","[2.7394, 5.3907]",5.3907088272914745
s059,70,5.7692,discrete_only,discrete_only,2,true,,825.0173037972115,3.2103681910608346,1.0880,25.1,1.5420,48718,825.017,"[2.7394, 3.2104]","[2.7394, 5.3907]",5.3907088272914745
s059,65,5.3571,discrete_only,discrete_only,2,true,,803.344976062543,3.739535195696276,1.0595,24.7,1.5176,52227,803.345,"[2.7394, 3.7395]","[2.7394, 3.3446]",3.344572921930675
s059,60,4.9450,discrete_only,discrete_only,2,true,,803.344976062543,3.739535195696276,1.0595,25.0,1.5354,52227,803.345,"[2.7394, 3.7395]","[2.7394, 3.3446]",3.344572921930675
s059,55,4.5329,discrete_only,discrete_only,2,true,,803.344976062543,3.739535195696276,1.0595,25.3,1.5556,52227,803.345,"[2.7394, 3.7395]","[2.7394, 3.3446]",3.344572921930675
s059,50,4.1209,discrete_only,discrete_only,2,true,,803.344976062543,3.739535195696276,1.0595,25.4,1.5634,52227,803.345,"[2.7394, 3.7395]","[2.7394, 3.3446]",3.344572921930675
s059,45,3.7088,discrete_only,discrete_only,2,false,unc_violated,803.344976062543,3.739535195696276,,25.1,1.5401,52227,803.345,"[2.7394, 3.7395]","[2.7394, 3.3446]",3.344572921930675
s059,40,3.2967,discrete_only,discrete_only,2,false,not_run_after_fail,,,,0.0,,,,,,
s059,35,2.8846,discrete_only,discrete_only,2,false,not_run_after_fail,,,,0.0,,,,,,
s059,30,2.4725,discrete_only,discrete_only,2,false,not_run_after_fail,,,,0.0,,,,,,
s060,100,8.1087,discrete_only,discrete_only,2,true,,720.6447501809531,5.688197350358882,0.8615,18.6,1.1424,4063,720.645,"[3.9449, 5.6882]","[3.9449, 5.705]",5.704997208451438
s060,95,7.7032,discrete_only,discrete_only,2,true,,720.6447501809531,5.688197350358882,0.8615,18.7,1.1469,4063,720.645,"[3.9449, 5.6882]","[3.9449, 5.705]",5.704997208451438
s060,90,7.2978,discrete_only,discrete_only,2,true,,720.6447501809531,5.688197350358882,0.8615,18.6,1.1394,4063,720.645,"[3.9449, 5.6882]","[3.9449, 5.705]",5.704997208451438
s060,85,6.8924,discrete_only,discrete_only,2,true,,720.6447501809531,5.688197350358882,0.8615,18.5,1.1356,4063,720.645,"[3.9449, 5.6882]","[3.9449, 5.705]",5.704997208451438
s060,80,6.4869,discrete_only,discrete_only,2,true,,720.6447501809531,5.688197350358882,0.8615,18.6,1.1394,4063,720.645,"[3.9449, 5.6882]","[3.9449, 5.705]",5.704997208451438
s060,75,6.0815,discrete_only,discrete_only,2,true,,720.6447501809531,5.688197350358882,0.8615,18.5,1.1355,4063,720.645,"[3.9449, 5.6882]","[3.9449, 5.705]",5.704997208451438
s060,70,5.6761,discrete_only,discrete_only,2,false,unc_violated,720.6447501809531,5.688197350358882,,65.3,4.0079,500000,720.645,"[3.9449, 5.6882]","[3.9449, 5.705]",5.704997208451438
s060,65,5.2706,discrete_only,discrete_only,2,false,not_run_after_fail,,,,0.0,,,,,,
s060,60,4.8652,discrete_only,discrete_only,2,false,not_run_after_fail,,,,0.0,,,,,,
s060,55,4.4598,discrete_only,discrete_only,2,false,not_run_after_fail,,,,0.0,,,,,,
s060,50,4.0543,discrete_only,discrete_only,2,false,not_run_after_fail,,,,0.0,,,,,,
s060,45,3.6489,discrete_only,discrete_only,2,false,not_run_after_fail,,,,0.0,,,,,,
s060,40,3.2435,discrete_only,discrete_only,2,false,not_run_after_fail,,,,0.0,,,,,,
s060,35,2.8380,discrete_only,discrete_only,2,false,not_run_after_fail,,,,0.0,,,,,,
s060,30,2.4326,discrete_only,discrete_only,2,false,not_run_after_fail,,,,0.0,,,,,,
s061,100,6.9261,discrete_only,discrete_only,2,true,,973.8693925543115,5.201567003837938,1.1508,40.3,2.4848,142708,973.869,"[5.1702, 5.2016]","[5.1702, 4.8139]",4.813915591766561
s061,95,6.5798,discrete_only,discrete_only,2,true,,973.8693925543115,5.201567003837938,1.1508,39.7,2.4463,142708,973.869,"[5.1702, 5.2016]","[5.1702, 4.8139]",4.813915591766561
s061,90,6.2335,discrete_only,discrete_only,2,true,,973.8693925543115,5.201567003837938,1.1508,39.9,2.4591,142708,973.869,"[5.1702, 5.2016]","[5.1702, 4.8139]",4.813915591766561
s061,85,5.8872,discrete_only,discrete_only,2,true,,973.8693925543115,5.201567003837938,1.1508,40.1,2.4686,142708,973.869,"[5.1702, 5.2016]","[5.1702, 4.8139]",4.813915591766561
s061,80,5.5409,discrete_only,discrete_only,2,true,,973.8693925543115,5.201567003837938,1.1508,39.8,2.4534,142708,973.869,"[5.1702, 5.2016]","[5.1702, 4.8139]",4.813915591766561
s061,75,5.1946,discrete_only,discrete_only,2,false,unc_violated,973.8693925543115,5.201567003837938,,40.1,2.4716,142708,973.869,"[5.1702, 5.2016]","[5.1702, 4.8139]",4.813915591766561
s061,70,4.8483,discrete_only,discrete_only,2,false,not_run_after_fail,,,,0.0,,,,,,
s061,65,4.5020,discrete_only,discrete_only,2,false,not_run_after_fail,,,,0.0,,,,,,
s061,60,4.1557,discrete_only,discrete_only,2,false,not_run_after_fail,,,,0.0,,,,,,
s061,55,3.8094,discrete_only,discrete_only,2,false,not_run_after_fail,,,,0.0,,,,,,
s061,50,3.4631,discrete_only,discrete_only,2,false,not_run_after_fail,,,,0.0,,,,,,
s061,45,3.1168,discrete_only,discrete_only,2,false,not_run_after_fail,,,,0.0,,,,,,
s061,40,2.7704,discrete_only,discrete_only,2,false,not_run_after_fail,,,,0.0,,,,,,
s061,35,2.4241,discrete_only,discrete_only,2,false,not_run_after_fail,,,,0.0,,,,,,
s061,30,2.0778,discrete_only,discrete_only,2,false,not_run_after_fail,,,,0.0,,,,,,
s062,100,7.1821,discrete_only,discrete_only,2,true,,939.4496835623706,4.665573513858962,0.9523,63.3,3.8297,270195,939.45,"[3.8122, 4.6656]","[3.8122, 4.6716]",4.671581814374995
s062,95,6.8230,discrete_only,discrete_only,2,true,,939.4496835623706,4.665573513858962,0.9523,63.4,3.8359,270195,939.45,"[3.8122, 4.6656]","[3.8122, 4.6716]",4.671581814374995
s062,90,6.4639,discrete_only,discrete_only,2,true,,939.4496835623706,4.665573513858962,0.9523,62.8,3.7988,270195,939.45,"[3.8122, 4.6656]","[3.8122, 4.6716]",4.671581814374995
s062,85,6.1048,discrete_only,discrete_only,2,true,,939.4496835623706,4.665573513858962,0.9523,63.5,3.8421,270195,939.45,"[3.8122, 4.6656]","[3.8122, 4.6716]",4.671581814374995
s062,80,5.7457,discrete_only,discrete_only,2,true,,939.4496835623706,4.665573513858962,0.9523,63.7,3.8548,270195,939.45,"[3.8122, 4.6656]","[3.8122, 4.6716]",4.671581814374995
s062,75,5.3866,discrete_only,discrete_only,2,true,,939.4496835623706,4.665573513858962,0.9523,62.8,3.8029,270195,939.45,"[3.8122, 4.6656]","[3.8122, 4.6716]",4.671581814374995
s062,70,5.0275,discrete_only,discrete_only,2,true,,939.4496835623706,4.665573513858962,0.9523,62.9,3.8089,270195,939.45,"[3.8122, 4.6656]","[3.8122, 4.6716]",4.671581814374995
s062,65,4.6684,discrete_only,discrete_only,2,false,unc_violated,939.4496835623706,4.80929486283447,,62.9,3.8072,270196,939.45,"[4.14, 4.8093]","[4.1438, 4.6112]",4.611221499796555
s062,60,4.3093,discrete_only,discrete_only,2,false,not_run_after_fail,,,,0.0,,,,,,
s062,55,3.9502,discrete_only,discrete_only,2,false,not_run_after_fail,,,,0.0,,,,,,
s062,50,3.5910,discrete_only,discrete_only,2,false,not_run_after_fail,,,,0.0,,,,,,
s062,45,3.2319,discrete_only,discrete_only,2,false,not_run_after_fail,,,,0.0,,,,,,
s062,40,2.8728,discrete_only,discrete_only,2,false,not_run_after_fail,,,,0.0,,,,,,
s062,35,2.5137,discrete_only,discrete_only,2,false,not_run_after_fail,,,,0.0,,,,,,
s062,30,2.1546,discrete_only,discrete_only,2,false,not_run_after_fail,,,,0.0,,,,,,
s063,100,5.0006,discrete_only,discrete_only,2,true,,944.9551276110654,4.89116478965107,1.0934,51.8,3.1414,215629,944.955,"[1.7586, 4.8912]","[1.7586, 4.6309]",4.630911095728866
s063,95,4.7505,discrete_only,discrete_only,2,false,unc_violated,944.9551276110654,4.89116478965107,,52.1,3.1604,215629,944.955,"[1.7586, 4.8912]","[1.7586, 4.6309]",4.630911095728866
s063,90,4.5005,discrete_only,discrete_only,2,false,not_run_after_fail,,,,0.0,,,,,,
s063,85,4.2505,discrete_only,discrete_only,2,false,not_run_after_fail,,,,0.0,,,,,,
s063,80,4.0005,discrete_only,discrete_only,2,false,not_run_after_fail,,,,0.0,,,,,,
s063,75,3.7504,discrete_only,discrete_only,2,false,not_run_after_fail,,,,0.0,,,,,,
s063,70,3.5004,discrete_only,discrete_only,2,false,not_run_after_fail,,,,0.0,,,,,,
s063,65,3.2504,discrete_only,discrete_only,2,false,not_run_after_fail,,,,0.0,,,,,,
s063,60,3.0003,discrete_only,discrete_only,2,false,not_run_after_fail,,,,0.0,,,,,,
s063,55,2.7503,discrete_only,discrete_only,2,false,not_run_after_fail,,,,0.0,,,,,,
s063,50,2.5003,discrete_only,discrete_only,2,false,not_run_after_fail,,,,0.0,,,,,,
s063,45,2.2503,discrete_only,discrete_only,2,false,not_run_after_fail,,,,0.0,,,,,,
s063,40,2.0002,discrete_only,discrete_only,2,false,not_run_after_fail,,,,0.0,,,,,,
s063,35,1.7502,discrete_only,discrete_only,2,false,not_run_after_fail,,,,0.0,,,,,,
s063,30,1.5002,discrete_only,discrete_only,2,false,not_run_after_fail,,,,0.0,,,,,,
s065,100,4.2830,discrete_only,discrete_only,2,false,no_solution,null,null,,95.7,5.7466,500000,null,[],[],null
s065,95,4.0688,discrete_only,discrete_only,2,false,not_run_after_fail,,,,0.0,,,,,,
s065,90,3.8547,discrete_only,discrete_only,2,false,not_run_after_fail,,,,0.0,,,,,,
s065,85,3.6405,discrete_only,discrete_only,2,false,not_run_after_fail,,,,0.0,,,,,,
s065,80,3.4264,discrete_only,discrete_only,2,false,not_run_after_fail,,,,0.0,,,,,,
s065,75,3.2122,discrete_only,discrete_only,2,false,not_run_after_fail,,,,0.0,,,,,,
s065,70,2.9981,discrete_only,discrete_only,2,false,not_run_after_fail,,,,0.0,,,,,,
s065,65,2.7839,discrete_only,discrete_only,2,false,not_run_after_fail,,,,0.0,,,,,,
s065,60,2.5698,discrete_only,discrete_only,2,false,not_run_after_fail,,,,0.0,,,,,,
s065,55,2.3556,discrete_only,discrete_only,2,false,not_run_after_fail,,,,0.0,,,,,,
s065,50,2.1415,discrete_only,discrete_only,2,false,not_run_after_fail,,,,0.0,,,,,,
s065,45,1.9273,discrete_only,discrete_only,2,false,not_run_after_fail,,,,0.0,,,,,,
s065,40,1.7132,discrete_only,discrete_only,2,false,not_run_after_fail,,,,0.0,,,,,,
s065,35,1.4990,discrete_only,discrete_only,2,false,not_run_after_fail,,,,0.0,,,,,,
s065,30,1.2849,discrete_only,discrete_only,2,false,not_run_after_fail,,,,0.0,,,,,,
s066,100,5.4014,discrete_only,discrete_only,2,true,,743.2953359980316,4.453937081639415,1.1540,18.8,1.1764,8012,743.295,"[1.975, 4.4539]","[1.975, 4.0954]",4.095382922834618
s066,95,5.1314,discrete_only,discrete_only,2,true,,743.2953359980316,4.453937081639415,1.1540,18.8,1.1766,8012,743.295,"[1.975, 4.4539]","[1.975, 4.0954]",4.095382922834618
s066,90,4.8613,discrete_only,discrete_only,2,true,,743.2953359980316,4.453937081639415,1.1540,18.9,1.1814,8012,743.295,"[1.975, 4.4539]","[1.975, 4.0954]",4.095382922834618
s066,85,4.5912,discrete_only,discrete_only,2,true,,743.2953359980316,4.453937081639415,1.1540,18.9,1.1820,8012,743.295,"[1.975, 4.4539]","[1.975, 4.0954]",4.095382922834618
s066,80,4.3212,discrete_only,discrete_only,2,false,unc_violated,743.2953359980316,4.453937081639415,,18.8,1.1748,8012,743.295,"[1.975, 4.4539]","[1.975, 4.0954]",4.095382922834618
s066,75,4.0511,discrete_only,discrete_only,2,false,not_run_after_fail,,,,0.0,,,,,,
s066,70,3.7810,discrete_only,discrete_only,2,false,not_run_after_fail,,,,0.0,,,,,,
s066,65,3.5109,discrete_only,discrete_only,2,false,not_run_after_fail,,,,0.0,,,,,,
s066,60,3.2409,discrete_only,discrete_only,2,false,not_run_after_fail,,,,0.0,,,,,,
s066,55,2.9708,discrete_only,discrete_only,2,false,not_run_after_fail,,,,0.0,,,,,,
s066,50,2.7007,discrete_only,discrete_only,2,false,not_run_after_fail,,,,0.0,,,,,,
s066,45,2.4307,discrete_only,discrete_only,2,false,not_run_after_fail,,,,0.0,,,,,,
s066,40,2.1606,discrete_only,discrete_only,2,false,not_run_after_fail,,,,0.0,,,,,,
s066,35,1.8905,discrete_only,discrete_only,2,false,not_run_after_fail,,,,0.0,,,,,,
s066,30,1.6204,discrete_only,discrete_only,2,false,not_run_after_fail,,,,0.0,,,,,,
s067,100,8.0003,discrete_only,discrete_only,2,true,,891.8914981034724,7.1516981341337535,1.0962,26.2,1.6017,52537,891.891,"[7.1657, 7.1517]","[7.1657, 7.2945]",7.294478316056978
s067,95,7.6003,discrete_only,discrete_only,2,true,,891.8914981034724,7.1516981341337535,1.0962,26.0,1.5844,52537,891.891,"[7.1657, 7.1517]","[7.1657, 7.2945]",7.294478316056978
s067,90,7.2003,discrete_only,discrete_only,2,true,,971.9143949685315,6.725520318090809,1.1945,93.4,5.7012,442111,971.914,"[5.4362, 6.7255]","[5.4362, 7.1643]",7.164251065196874
s067,85,6.8003,discrete_only,discrete_only,2,true,,995.7419067335356,6.581355684014163,1.2238,101.2,6.1768,500000,995.742,"[6.4537, 6.5814]","[6.4537, 6.807]",6.80697861352589
s067,80,6.4003,discrete_only,discrete_only,2,false,unc_violated,995.7419067335356,6.581355684014163,,102.0,6.2278,500000,995.742,"[6.4537, 6.5814]","[6.4537, 6.807]",6.80697861352589
s067,75,6.0002,discrete_only,discrete_only,2,false,not_run_after_fail,,,,0.0,,,,,,
s067,70,5.6002,discrete_only,discrete_only,2,false,not_run_after_fail,,,,0.0,,,,,,
s067,65,5.2002,discrete_only,discrete_only,2,false,not_run_after_fail,,,,0.0,,,,,,
s067,60,4.8002,discrete_only,discrete_only,2,false,not_run_after_fail,,,,0.0,,,,,,
s067,55,4.4002,discrete_only,discrete_only,2,false,not_run_after_fail,,,,0.0,,,,,,
s067,50,4.0002,discrete_only,discrete_only,2,false,not_run_after_fail,,,,0.0,,,,,,
s067,45,3.6001,discrete_only,discrete_only,2,false,not_run_after_fail,,,,0.0,,,,,,
s067,40,3.2001,discrete_only,discrete_only,2,false,not_run_after_fail,,,,0.0,,,,,,
s067,35,2.8001,discrete_only,discrete_only,2,false,not_run_after_fail,,,,0.0,,,,,,
s067,30,2.4001,discrete_only,discrete_only,2,false,not_run_after_fail,,,,0.0,,,,,,
s068,100,5.2697,discrete_only,discrete_only,2,true,,897.4107250520398,3.4869387769326585,1.1261,63.9,3.9006,330707,897.411,"[3.4681, 3.4869]","[3.4681, 3.9919]",3.991936509501506
s068,95,5.0062,discrete_only,discrete_only,2,true,,897.4107250520398,3.4869387769326585,1.1261,66.4,4.0534,330707,897.411,"[3.4681, 3.4869]","[3.4681, 3.9919]",3.991936509501506
s068,90,4.7427,discrete_only,discrete_only,2,true,,897.4107250520398,3.4869387769326585,1.1261,64.1,3.9155,330707,897.411,"[3.4681, 3.4869]","[3.4681, 3.9919]",3.991936509501506
s068,85,4.4793,discrete_only,discrete_only,2,true,,897.4107250520398,3.4869387769326585,1.1261,64.1,3.9158,330707,897.411,"[3.4681, 3.4869]","[3.4681, 3.9919]",3.991936509501506
s068,80,4.2158,discrete_only,discrete_only,2,true,,897.4107250520398,3.4869387769326585,1.1261,64.3,3.9290,330707,897.411,"[3.4681, 3.4869]","[3.4681, 3.9919]",3.991936509501506
s068,75,3.9523,discrete_only,discrete_only,2,false,unc_violated,906.0806570533721,3.9667873352958876,,63.5,3.8790,330709,906.081,"[3.4885, 3.9668]","[3.4885, 3.5039]",3.5038558537558355
s068,70,3.6888,discrete_only,discrete_only,2,false,not_run_after_fail,,,,0.0,,,,,,
s068,65,3.4253,discrete_only,discrete_only,2,false,not_run_after_fail,,,,0.0,,,,,,
s068,60,3.1618,discrete_only,discrete_only,2,false,not_run_after_fail,,,,0.0,,,,,,
s068,55,2.8983,discrete_only,discrete_only,2,false,not_run_after_fail,,,,0.0,,,,,,
s068,50,2.6349,discrete_only,discrete_only,2,false,not_run_after_fail,,,,0.0,,,,,,
s068,45,2.3714,discrete_only,discrete_only,2,false,not_run_after_fail,,,,0.0,,,,,,
s068,40,2.1079,discrete_only,discrete_only,2,false,not_run_after_fail,,,,0.0,,,,,,
s068,35,1.8444,discrete_only,discrete_only,2,false,not_run_after_fail,,,,0.0,,,,,,
s068,30,1.5809,discrete_only,discrete_only,2,false,not_run_after_fail,,,,0.0,,,,,,
s069,100,5.3760,discrete_only,discrete_only,2,false,no_solution,null,null,,100.1,5.9952,500000,null,[],[],null
s069,95,5.1072,discrete_only,discrete_only,2,false,not_run_after_fail,,,,0.0,,,,,,
s069,90,4.8384,discrete_only,discrete_only,2,false,not_run_after_fail,,,,0.0,,,,,,
s069,85,4.5696,discrete_only,discrete_only,2,false,not_run_after_fail,,,,0.0,,,,,,
s069,80,4.3008,discrete_only,discrete_only,2,false,not_run_after_fail,,,,0.0,,,,,,
s069,75,4.0320,discrete_only,discrete_only,2,false,not_run_after_fail,,,,0.0,,,,,,
s069,70,3.7632,discrete_only,discrete_only,2,false,not_run_after_fail,,,,0.0,,,,,,
s069,65,3.4944,discrete_only,discrete_only,2,false,not_run_after_fail,,,,0.0,,,,,,
s069,60,3.2256,discrete_only,discrete_only,2,false,not_run_after_fail,,,,0.0,,,,,,
s069,55,2.9568,discrete_only,discrete_only,2,false,not_run_after_fail,,,,0.0,,,,,,
s069,50,2.6880,discrete_only,discrete_only,2,false,not_run_after_fail,,,,0.0,,,,,,
s069,45,2.4192,discrete_only,discrete_only,2,false,not_run_after_fail,,,,0.0,,,,,,
s069,40,2.1504,discrete_only,discrete_only,2,false,not_run_after_fail,,,,0.0,,,,,,
s069,35,1.8816,discrete_only,discrete_only,2,false,not_run_after_fail,,,,0.0,,,,,,
s069,30,1.6128,discrete_only,discrete_only,2,false,not_run_after_fail,,,,0.0,,,,,,
s070,100,8.4915,discrete_only,discrete_only,2,false,no_solution,null,null,,92.6,5.4475,500000,null,[],[],null
s070,95,8.0670,discrete_only,discrete_only,2,false,not_run_after_fail,,,,0.0,,,,,,
s070,90,7.6424,discrete_only,discrete_only,2,false,not_run_after_fail,,,,0.0,,,,,,
s070,85,7.2178,discrete_only,discrete_only,2,false,not_run_after_fail,,,,0.0,,,,,,
s070,80,6.7932,discrete_only,discrete_only,2,false,not_run_after_fail,,,,0.0,,,,,,
s070,75,6.3687,discrete_only,discrete_only,2,false,not_run_after_fail,,,,0.0,,,,,,
s070,70,5.9441,discrete_only,discrete_only,2,false,not_run_after_fail,,,,0.0,,,,,,
s070,65,5.5195,discrete_only,discrete_only,2,false,not_run_after_fail,,,,0.0,,,,,,
s070,60,5.0949,discrete_only,discrete_only,2,false,not_run_after_fail,,,,0.0,,,,,,
s070,55,4.6703,discrete_only,discrete_only,2,false,not_run_after_fail,,,,0.0,,,,,,
s070,50,4.2458,discrete_only,discrete_only,2,false,not_run_after_fail,,,,0.0,,,,,,
s070,45,3.8212,discrete_only,discrete_only,2,false,not_run_after_fail,,,,0.0,,,,,,
s070,40,3.3966,discrete_only,discrete_only,2,false,not_run_after_fail,,,,0.0,,,,,,
s070,35,2.9720,discrete_only,discrete_only,2,false,not_run_after_fail,,,,0.0,,,,,,
s070,30,2.5475,discrete_only,discrete_only,2,false,not_run_after_fail,,,,0.0,,,,,,
s071,100,4.5053,discrete_only,discrete_only,2,true,,944.9551276110654,4.324968223343364,1.0667,44.1,2.7080,195946,944.955,"[1.7364, 4.325]","[1.7364, 3.6876]",3.6876128415676575
s071,95,4.2801,discrete_only,discrete_only,2,false,unc_violated,944.9551276110654,4.324968223343364,,43.7,2.6804,195946,944.955,"[1.7364, 4.325]","[1.7364, 3.6876]",3.6876128415676575
s071,90,4.0548,discrete_only,discrete_only,2,false,not_run_after_fail,,,,0.0,,,,,,
s071,85,3.8295,discrete_only,discrete_only,2,false,not_run_after_fail,,,,0.0,,,,,,
s071,80,3.6043,discrete_only,discrete_only,2,false,not_run_after_fail,,,,0.0,,,,,,
s071,75,3.3790,discrete_only,discrete_only,2,false,not_run_after_fail,,,,0.0,,,,,,
s071,70,3.1537,discrete_only,discrete_only,2,false,not_run_after_fail,,,,0.0,,,,,,
s071,65,2.9285,discrete_only,discrete_only,2,false,not_run_after_fail,,,,0.0,,,,,,
s071,60,2.7032,discrete_only,discrete_only,2,false,not_run_after_fail,,,,0.0,,,,,,
s071,55,2.4779,discrete_only,discrete_only,2,false,not_run_after_fail,,,,0.0,,,,,,
s071,50,2.2527,discrete_only,discrete_only,2,false,not_run_after_fail,,,,0.0,,,,,,
s071,45,2.0274,discrete_only,discrete_only,2,false,not_run_after_fail,,,,0.0,,,,,,
s071,40,1.8021,discrete_only,discrete_only,2,false,not_run_after_fail,,,,0.0,,,,,,
s071,35,1.5769,discrete_only,discrete_only,2,false,not_run_after_fail,,,,0.0,,,,,,
s071,30,1.3516,discrete_only,discrete_only,2,false,not_run_after_fail,,,,0.0,,,,,,
s072,100,9.9498,discrete_only,discrete_only,2,true,,847.8355108871914,5.7825170929092655,1.0341,19.1,1.1560,2662,847.836,"[2.9548, 5.7825]","[2.9548, 5.7357]",5.735690492540875
s072,95,9.4523,discrete_only,discrete_only,2,true,,847.8355108871914,5.7825170929092655,1.0341,19.0,1.1489,2662,847.836,"[2.9548, 5.7825]","[2.9548, 5.7357]",5.735690492540875
s072,90,8.9549,discrete_only,discrete_only,2,true,,847.8355108871914,5.7825170929092655,1.0341,19.0,1.1504,2662,847.836,"[2.9548, 5.7825]","[2.9548, 5.7357]",5.735690492540875
s072,85,8.4574,discrete_only,discrete_only,2,true,,847.8355108871914,5.7825170929092655,1.0341,19.0,1.1522,2662,847.836,"[2.9548, 5.7825]","[2.9548, 5.7357]",5.735690492540875
s072,80,7.9599,discrete_only,discrete_only,2,true,,847.8355108871914,5.7825170929092655,1.0341,19.0,1.1487,2662,847.836,"[2.9548, 5.7825]","[2.9548, 5.7357]",5.735690492540875
s072,75,7.4624,discrete_only,discrete_only,2,true,,847.8355108871914,5.7825170929092655,1.0341,18.9,1.1461,2662,847.836,"[2.9548, 5.7825]","[2.9548, 5.7357]",5.735690492540875
s072,70,6.9649,discrete_only,discrete_only,2,true,,847.8355108871914,5.7825170929092655,1.0341,19.1,1.1572,2662,847.836,"[2.9548, 5.7825]","[2.9548, 5.7357]",5.735690492540875
s072,65,6.4674,discrete_only,discrete_only,2,true,,847.8355108871914,5.7825170929092655,1.0341,18.9,1.1468,2662,847.836,"[2.9548, 5.7825]","[2.9548, 5.7357]",5.735690492540875
s072,60,5.9699,discrete_only,discrete_only,2,true,,847.8355108871914,5.7825170929092655,1.0341,19.0,1.1503,2662,847.836,"[2.9548, 5.7825]","[2.9548, 5.7357]",5.735690492540875
s072,55,5.4724,discrete_only,discrete_only,2,true,,847.8355108871914,4.330596754945749,1.0341,19.0,1.1495,2664,847.836,"[3.0294, 4.3306]","[3.0294, 3.962]",3.9620000393443133
s072,50,4.9749,discrete_only,discrete_only,2,true,,847.8355108871914,4.330596754945749,1.0341,19.0,1.1512,2664,847.836,"[3.0294, 4.3306]","[3.0294, 3.962]",3.9620000393443133
s072,45,4.4774,discrete_only,discrete_only,2,true,,847.8355108871914,4.330596754945749,1.0341,19.0,1.1532,2664,847.836,"[3.0294, 4.3306]","[3.0294, 3.962]",3.9620000393443133
s072,40,3.9799,discrete_only,discrete_only,2,false,unc_violated,847.8355108871914,4.330596754945749,,19.2,1.1643,2664,847.836,"[3.0294, 4.3306]","[3.0294, 3.962]",3.9620000393443133
s072,35,3.4824,discrete_only,discrete_only,2,false,not_run_after_fail,,,,0.0,,,,,,
s072,30,2.9850,discrete_only,discrete_only,2,false,not_run_after_fail,,,,0.0,,,,,,
s073,100,7.1039,discrete_only,discrete_only,2,false,unc_violated,649.6574755974921,7.122877172118536,,17.7,1.1059,73,649.657,"[3.1936, 7.1229]","[3.1936, 6.6613]",6.661337539534488
s073,95,6.7487,discrete_only,discrete_only,2,false,not_run_after_fail,,,,0.0,,,,,,
s073,90,6.3935,discrete_only,discrete_only,2,false,not_run_after_fail,,,,0.0,,,,,,
s073,85,6.0383,discrete_only,discrete_only,2,false,not_run_after_fail,,,,0.0,,,,,,
s073,80,5.6831,discrete_only,discrete_only,2,false,not_run_after_fail,,,,0.0,,,,,,
s073,75,5.3279,discrete_only,discrete_only,2,false,not_run_after_fail,,,,0.0,,,,,,
s073,70,4.9727,discrete_only,discrete_only,2,false,not_run_after_fail,,,,0.0,,,,,,
s073,65,4.6175,discrete_only,discrete_only,2,false,not_run_after_fail,,,,0.0,,,,,,
s073,60,4.2623,discrete_only,discrete_only,2,false,not_run_after_fail,,,,0.0,,,,,,
s073,55,3.9071,discrete_only,discrete_only,2,false,not_run_after_fail,,,,0.0,,,,,,
s073,50,3.5519,discrete_only,discrete_only,2,false,not_run_after_fail,,,,0.0,,,,,,
s073,45,3.1968,discrete_only,discrete_only,2,false,not_run_after_fail,,,,0.0,,,,,,
s073,40,2.8416,discrete_only,discrete_only,2,false,not_run_after_fail,,,,0.0,,,,,,
s073,35,2.4864,discrete_only,discrete_only,2,false,not_run_after_fail,,,,0.0,,,,,,
s073,30,2.1312,discrete_only,discrete_only,2,false,not_run_after_fail,,,,0.0,,,,,,
s074,100,7.5233,discrete_only,discrete_only,2,true,,1044.9551276110656,5.762288454336197,1.1755,96.7,5.7622,465819,1044.955,"[5.2745, 5.7623]","[5.2792, 5.4604]",5.460441503372931
s074,95,7.1471,discrete_only,discrete_only,2,true,,1044.9551276110656,5.762288454336197,1.1755,96.1,5.7249,465819,1044.955,"[5.2745, 5.7623]","[5.2792, 5.4604]",5.460441503372931
s074,90,6.7709,discrete_only,discrete_only,2,true,,1044.9551276110656,5.762288454336197,1.1755,95.8,5.7052,465819,1044.955,"[5.2745, 5.7623]","[5.2792, 5.4604]",5.460441503372931
s074,85,6.3948,discrete_only,discrete_only,2,true,,1044.9551276110656,5.762288454336197,1.1755,91.8,5.4676,465819,1044.955,"[5.2745, 5.7623]","[5.2792, 5.4604]",5.460441503372931
s074,80,6.0186,discrete_only,discrete_only,2,true,,1044.9551276110656,5.762288454336197,1.1755,94.7,5.6408,465819,1044.955,"[5.2745, 5.7623]","[5.2792, 5.4604]",5.460441503372931
s074,75,5.6424,discrete_only,discrete_only,2,false,unc_violated,1044.9551276110656,5.762288454336197,,94.0,5.5992,465819,1044.955,"[5.2745, 5.7623]","[5.2792, 5.4604]",5.460441503372931
s074,70,5.2663,discrete_only,discrete_only,2,false,not_run_after_fail,,,,0.0,,,,,,
s074,65,4.8901,discrete_only,discrete_only,2,false,not_run_after_fail,,,,0.0,,,,,,
s074,60,4.5140,discrete_only,discrete_only,2,false,not_run_after_fail,,,,0.0,,,,,,
s074,55,4.1378,discrete_only,discrete_only,2,false,not_run_after_fail,,,,0.0,,,,,,
s074,50,3.7616,discrete_only,discrete_only,2,false,not_run_after_fail,,,,0.0,,,,,,
s074,45,3.3855,discrete_only,discrete_only,2,false,not_run_after_fail,,,,0.0,,,,,,
s074,40,3.0093,discrete_only,discrete_only,2,false,not_run_after_fail,,,,0.0,,,,,,
s074,35,2.6331,discrete_only,discrete_only,2,false,not_run_after_fail,,,,0.0,,,,,,
s074,30,2.2570,discrete_only,discrete_only,2,false,not_run_after_fail,,,,0.0,,,,,,
s075,100,6.1825,discrete_only,discrete_only,2,true,,743.2953359980316,5.356230572849872,1.0537,17.9,1.1142,293,743.295,"[2.7732, 5.3562]","[2.7732, 5.2425]",5.242495399173896
s075,95,5.8733,discrete_only,discrete_only,2,true,,743.2953359980316,5.356230572849872,1.0537,18.0,1.1254,293,743.295,"[2.7732, 5.3562]","[2.7732, 5.2425]",5.242495399173896
s075,90,5.5642,discrete_only,discrete_only,2,true,,743.2953359980316,5.356230572849872,1.0537,17.9,1.1194,293,743.295,"[2.7732, 5.3562]","[2.7732, 5.2425]",5.242495399173896
s075,85,5.2551,discrete_only,discrete_only,2,false,unc_violated,743.2953359980316,5.356230572849872,,17.9,1.1188,293,743.295,"[2.7732, 5.3562]","[2.7732, 5.2425]",5.242495399173896
s075,80,4.9460,discrete_only,discrete_only,2,false,not_run_after_fail,,,,0.0,,,,,,
s075,75,4.6368,discrete_only,discrete_only,2,false,not_run_after_fail,,,,0.0,,,,,,
s075,70,4.3277,discrete_only,discrete_only,2,false,not_run_after_fail,,,,0.0,,,,,,
s075,65,4.0186,discrete_only,discrete_only,2,false,not_run_after_fail,,,,0.0,,,,,,
s075,60,3.7095,discrete_only,discrete_only,2,false,not_run_after_fail,,,,0.0,,,,,,
s075,55,3.4003,discrete_only,discrete_only,2,false,not_run_after_fail,,,,0.0,,,,,,
s075,50,3.0912,discrete_only,discrete_only,2,false,not_run_after_fail,,,,0.0,,,,,,
s075,45,2.7821,discrete_only,discrete_only,2,false,not_run_after_fail,,,,0.0,,,,,,
s075,40,2.4730,discrete_only,discrete_only,2,false,not_run_after_fail,,,,0.0,,,,,,
s075,35,2.1639,discrete_only,discrete_only,2,false,not_run_after_fail,,,,0.0,,,,,,
s075,30,1.8547,discrete_only,discrete_only,2,false,not_run_after_fail,,,,0.0,,,,,,
s076,100,6.3017,discrete_only,discrete_only,2,true,,960.4500430928158,4.225497097261162,1.3557,67.5,4.1369,323616,960.45,"[3.4518, 4.2255]","[3.4518, 3.7759]",3.775925414488784
s076,95,5.9866,discrete_only,discrete_only,2,true,,960.4500430928158,4.225497097261162,1.3557,67.1,4.1104,323616,960.45,"[3.4518, 4.2255]","[3.4518, 3.7759]",3.775925414488784
s076,90,5.6715,discrete_only,discrete_only,2,true,,960.4500430928158,4.225497097261162,1.3557,67.2,4.1203,323616,960.45,"[3.4518, 4.2255]","[3.4518, 3.7759]",3.775925414488784
s076,85,5.3564,discrete_only,discrete_only,2,true,,960.4500430928158,4.225497097261162,1.3557,66.7,4.0914,323616,960.45,"[3.4518, 4.2255]","[3.4518, 3.7759]",3.775925414488784
s076,80,5.0413,discrete_only,discrete_only,2,true,,960.4500430928158,4.225497097261162,1.3557,67.6,4.1439,323616,960.45,"[3.4518, 4.2255]","[3.4518, 3.7759]",3.775925414488784
s076,75,4.7263,discrete_only,discrete_only,2,true,,960.4500430928158,4.225497097261162,1.3557,67.1,4.1135,323616,960.45,"[3.4518, 4.2255]","[3.4518, 3.7759]",3.775925414488784
s076,70,4.4112,discrete_only,discrete_only,2,true,,960.4500430928158,4.225497097261162,1.3557,66.9,4.1012,323616,960.45,"[3.4518, 4.2255]","[3.4518, 3.7759]",3.775925414488784
s076,65,4.0961,discrete_only,discrete_only,2,false,unc_violated,960.4500430928158,4.225497097261162,,66.6,4.0823,323616,960.45,"[3.4518, 4.2255]","[3.4518, 3.7759]",3.775925414488784
s076,60,3.7810,discrete_only,discrete_only,2,false,not_run_after_fail,,,,0.0,,,,,,
s076,55,3.4659,discrete_only,discrete_only,2,false,not_run_after_fail,,,,0.0,,,,,,
s076,50,3.1508,discrete_only,discrete_only,2,false,not_run_after_fail,,,,0.0,,,,,,
s076,45,2.8358,discrete_only,discrete_only,2,false,not_run_after_fail,,,,0.0,,,,,,
s076,40,2.5207,discrete_only,discrete_only,2,false,not_run_after_fail,,,,0.0,,,,,,
s076,35,2.2056,discrete_only,discrete_only,2,false,not_run_after_fail,,,,0.0,,,,,,
s076,30,1.8905,discrete_only,discrete_only,2,false,not_run_after_fail,,,,0.0,,,,,,
s077,100,6.8317,discrete_only,discrete_only,2,false,unc_violated,600.0,7.065030880542889,,17.6,1.1233,13,600.0,"[3.1487, 7.065]","[3.1487, 6.8284]",6.828427371644538
s077,95,6.4901,discrete_only,discrete_only,2,false,not_run_after_fail,,,,0.0,,,,,,
s077,90,6.1485,discrete_only,discrete_only,2,false,not_run_after_fail,,,,0.0,,,,,,
s077,85,5.8069,discrete_only,discrete_only,2,false,not_run_after_fail,,,,0.0,,,,,,
s077,80,5.4654,discrete_only,discrete_only,2,false,not_run_after_fail,,,,0.0,,,,,,
s077,75,5.1238,discrete_only,discrete_only,2,false,not_run_after_fail,,,,0.0,,,,,,
s077,70,4.7822,discrete_only,discrete_only,2,false,not_run_after_fail,,,,0.0,,,,,,
s077,65,4.4406,discrete_only,discrete_only,2,false,not_run_after_fail,,,,0.0,,,,,,
s077,60,4.0990,discrete_only,discrete_only,2,false,not_run_after_fail,,,,0.0,,,,,,
s077,55,3.7574,discrete_only,discrete_only,2,false,not_run_after_fail,,,,0.0,,,,,,
s077,50,3.4158,discrete_only,discrete_only,2,false,not_run_after_fail,,,,0.0,,,,,,
s077,45,3.0743,discrete_only,discrete_only,2,false,not_run_after_fail,,,,0.0,,,,,,
s077,40,2.7327,discrete_only,discrete_only,2,false,not_run_after_fail,,,,0.0,,,,,,
s077,35,2.3911,discrete_only,discrete_only,2,false,not_run_after_fail,,,,0.0,,,,,,
s077,30,2.0495,discrete_only,discrete_only,2,false,not_run_after_fail,,,,0.0,,,,,,
s078,100,8.6390,discrete_only,discrete_only,2,true,,946.267795735517,7.853730479657484,1.0924,22.7,1.3775,32006,946.268,"[7.8401, 7.8537]","[7.8401, 7.8647]",7.864726814578125
s078,95,8.2071,discrete_only,discrete_only,2,true,,946.267795735517,7.853730479657484,1.0924,22.9,1.3890,32006,946.268,"[7.8401, 7.8537]","[7.8401, 7.8647]",7.864726814578125
s078,90,7.7751,discrete_only,discrete_only,2,true,,926.3047224023912,7.467056373560547,1.0694,28.2,1.7082,118412,926.305,"[6.9147, 7.4671]","[7.1532, 7.5312]",7.531174086153223
s078,85,7.3432,discrete_only,discrete_only,2,true,,922.6422351794255,7.228328812639988,1.0652,28.7,1.7379,118416,922.642,"[7.1089, 7.2283]","[7.1089, 7.1307]",7.130678753120345
s078,80,6.9112,discrete_only,discrete_only,2,false,unc_violated,953.024178671127,7.286899057515003,,51.8,3.1349,387722,953.024,"[5.6983, 7.2869]","[5.6983, 6.7491]",6.749140580347317
s078,75,6.4793,discrete_only,discrete_only,2,false,not_run_after_fail,,,,0.0,,,,,,
s078,70,6.0473,discrete_only,discrete_only,2,false,not_run_after_fail,,,,0.0,,,,,,
s078,65,5.6154,discrete_only,discrete_only,2,false,not_run_after_fail,,,,0.0,,,,,,
s078,60,5.1834,discrete_only,discrete_only,2,false,not_run_after_fail,,,,0.0,,,,,,
s078,55,4.7515,discrete_only,discrete_only,2,false,not_run_after_fail,,,,0.0,,,,,,
s078,50,4.3195,discrete_only,discrete_only,2,false,not_run_after_fail,,,,0.0,,,,,,
s078,45,3.8876,discrete_only,discrete_only,2,false,not_run_after_fail,,,,0.0,,,,,,
s078,40,3.4556,discrete_only,discrete_only,2,false,not_run_after_fail,,,,0.0,,,,,,
s078,35,3.0237,discrete_only,discrete_only,2,false,not_run_after_fail,,,,0.0,,,,,,
s078,30,2.5917,discrete_only,discrete_only,2,false,not_run_after_fail,,,,0.0,,,,,,
s079,100,6.3583,discrete_only,discrete_only,2,false,no_solution,null,null,,112.5,6.6983,500000,null,[],[],null
s079,95,6.0404,discrete_only,discrete_only,2,false,not_run_after_fail,,,,0.0,,,,,,
s079,90,5.7225,discrete_only,discrete_only,2,false,not_run_after_fail,,,,0.0,,,,,,
s079,85,5.4046,discrete_only,discrete_only,2,false,not_run_after_fail,,,,0.0,,,,,,
s079,80,5.0867,discrete_only,discrete_only,2,false,not_run_after_fail,,,,0.0,,,,,,
s079,75,4.7687,discrete_only,discrete_only,2,false,not_run_after_fail,,,,0.0,,,,,,
s079,70,4.4508,discrete_only,discrete_only,2,false,not_run_after_fail,,,,0.0,,,,,,
s079,65,4.1329,discrete_only,discrete_only,2,false,not_run_after_fail,,,,0.0,,,,,,
s079,60,3.8150,discrete_only,discrete_only,2,false,not_run_after_fail,,,,0.0,,,,,,
s079,55,3.4971,discrete_only,discrete_only,2,false,not_run_after_fail,,,,0.0,,,,,,
s079,50,3.1792,discrete_only,discrete_only,2,false,not_run_after_fail,,,,0.0,,,,,,
s079,45,2.8612,discrete_only,discrete_only,2,false,not_run_after_fail,,,,0.0,,,,,,
s079,40,2.5433,discrete_only,discrete_only,2,false,not_run_after_fail,,,,0.0,,,,,,
s079,35,2.2254,discrete_only,discrete_only,2,false,not_run_after_fail,,,,0.0,,,,,,
s079,30,1.9075,discrete_only,discrete_only,2,false,not_run_after_fail,,,,0.0,,,,,,
s080,100,7.5598,discrete_only,discrete_only,2,false,no_solution,null,null,,99.0,5.8978,500000,null,[],[],null
s080,95,7.1818,discrete_only,discrete_only,2,false,not_run_after_fail,,,,0.0,,,,,,
s080,90,6.8038,discrete_only,discrete_only,2,false,not_run_after_fail,,,,0.0,,,,,,
s080,85,6.4258,discrete_only,discrete_only,2,false,not_run_after_fail,,,,0.0,,,,,,
s080,80,6.0478,discrete_only,discrete_only,2,false,not_run_after_fail,,,,0.0,,,,,,
s080,75,5.6699,discrete_only,discrete_only,2,false,not_run_after_fail,,,,0.0,,,,,,
s080,70,5.2919,discrete_only,discrete_only,2,false,not_run_after_fail,,,,0.0,,,,,,
s080,65,4.9139,discrete_only,discrete_only,2,false,not_run_after_fail,,,,0.0,,,,,,
s080,60,4.5359,discrete_only,discrete_only,2,false,not_run_after_fail,,,,0.0,,,,,,
s080,55,4.1579,discrete_only,discrete_only,2,false,not_run_after_fail,,,,0.0,,,,,,
s080,50,3.7799,discrete_only,discrete_only,2,false,not_run_after_fail,,,,0.0,,,,,,
s080,45,3.4019,discrete_only,discrete_only,2,false,not_run_after_fail,,,,0.0,,,,,,
s080,40,3.0239,discrete_only,discrete_only,2,false,not_run_after_fail,,,,0.0,,,,,,
s080,35,2.6459,discrete_only,discrete_only,2,false,not_run_after_fail,,,,0.0,,,,,,
s080,30,2.2679,discrete_only,discrete_only,2,false,not_run_after_fail,,,,0.0,,,,,,
s081,100,4.4359,discrete_only,discrete_only,2,true,,843.2953359980315,4.12345885114666,1.0976,19.3,1.1827,6468,843.295,"[3.348, 4.1235]","[3.348, 3.8348]",3.834831834193418
s081,95,4.2141,discrete_only,discrete_only,2,true,,843.2953359980315,4.12345885114666,1.0976,19.3,1.1830,6468,843.295,"[3.348, 4.1235]","[3.348, 3.8348]",3.834831834193418
s081,90,3.9923,discrete_only,discrete_only,2,false,unc_violated,843.2953359980315,4.12345885114666,,19.3,1.1827,6468,843.295,"[3.348, 4.1235]","[3.348, 3.8348]",3.834831834193418
s081,85,3.7705,discrete_only,discrete_only,2,false,not_run_after_fail,,,,0.0,,,,,,
s081,80,3.5487,discrete_only,discrete_only,2,false,not_run_after_fail,,,,0.0,,,,,,
s081,75,3.3269,discrete_only,discrete_only,2,false,not_run_after_fail,,,,0.0,,,,,,
s081,70,3.1051,discrete_only,discrete_only,2,false,not_run_after_fail,,,,0.0,,,,,,
s081,65,2.8833,discrete_only,discrete_only,2,false,not_run_after_fail,,,,0.0,,,,,,
s081,60,2.6615,discrete_only,discrete_only,2,false,not_run_after_fail,,,,0.0,,,,,,
s081,55,2.4397,discrete_only,discrete_only,2,false,not_run_after_fail,,,,0.0,,,,,,
s081,50,2.2179,discrete_only,discrete_only,2,false,not_run_after_fail,,,,0.0,,,,,,
s081,45,1.9961,discrete_only,discrete_only,2,false,not_run_after_fail,,,,0.0,,,,,,
s081,40,1.7743,discrete_only,discrete_only,2,false,not_run_after_fail,,,,0.0,,,,,,
s081,35,1.5526,discrete_only,discrete_only,2,false,not_run_after_fail,,,,0.0,,,,,,
s081,30,1.3308,discrete_only,discrete_only,2,false,not_run_after_fail,,,,0.0,,,,,,
s082,100,4.4694,discrete_only,discrete_only,2,false,unc_violated,819.6793683791311,4.548841432155503,,18.3,1.1241,797,819.679,"[1.4863, 4.5488]","[1.4863, 4.2368]",4.2367539461936685
s082,95,4.2459,discrete_only,discrete_only,2,false,not_run_after_fail,,,,0.0,,,,,,
s082,90,4.0225,discrete_only,discrete_only,2,false,not_run_after_fail,,,,0.0,,,,,,
s082,85,3.7990,discrete_only,discrete_only,2,false,not_run_after_fail,,,,0.0,,,,,,
s082,80,3.5755,discrete_only,discrete_only,2,false,not_run_after_fail,,,,0.0,,,,,,
s082,75,3.3521,discrete_only,discrete_only,2,false,not_run_after_fail,,,,0.0,,,,,,
s082,70,3.1286,discrete_only,discrete_only,2,false,not_run_after_fail,,,,0.0,,,,,,
s082,65,2.9051,discrete_only,discrete_only,2,false,not_run_after_fail,,,,0.0,,,,,,
s082,60,2.6816,discrete_only,discrete_only,2,false,not_run_after_fail,,,,0.0,,,,,,
s082,55,2.4582,discrete_only,discrete_only,2,false,not_run_after_fail,,,,0.0,,,,,,
s082,50,2.2347,discrete_only,discrete_only,2,false,not_run_after_fail,,,,0.0,,,,,,
s082,45,2.0112,discrete_only,discrete_only,2,false,not_run_after_fail,,,,0.0,,,,,,
s082,40,1.7878,discrete_only,discrete_only,2,false,not_run_after_fail,,,,0.0,,,,,,
s082,35,1.5643,discrete_only,discrete_only,2,false,not_run_after_fail,,,,0.0,,,,,,
s082,30,1.3408,discrete_only,discrete_only,2,false,not_run_after_fail,,,,0.0,,,,,,
s083,100,8.0366,discrete_only,discrete_only,2,false,no_solution,null,null,,106.3,6.3946,500000,null,[],[],null
s083,95,7.6347,discrete_only,discrete_only,2,false,not_run_after_fail,,,,0.0,,,,,,
s083,90,7.2329,discrete_only,discrete_only,2,false,not_run_after_fail,,,,0.0,,,,,,
s083,85,6.8311,discrete_only,discrete_only,2,false,not_run_after_fail,,,,0.0,,,,,,
s083,80,6.4292,discrete_only,discrete_only,2,false,not_run_after_fail,,,,0.0,,,,,,
s083,75,6.0274,discrete_only,discrete_only,2,false,not_run_after_fail,,,,0.0,,,,,,
s083,70,5.6256,discrete_only,discrete_only,2,false,not_run_after_fail,,,,0.0,,,,,,
s083,65,5.2238,discrete_only,discrete_only,2,false,not_run_after_fail,,,,0.0,,,,,,
s083,60,4.8219,discrete_only,discrete_only,2,false,not_run_after_fail,,,,0.0,,,,,,
s083,55,4.4201,discrete_only,discrete_only,2,false,not_run_after_fail,,,,0.0,,,,,,
s083,50,4.0183,discrete_only,discrete_only,2,false,not_run_after_fail,,,,0.0,,,,,,
s083,45,3.6164,discrete_only,discrete_only,2,false,not_run_after_fail,,,,0.0,,,,,,
s083,40,3.2146,discrete_only,discrete_only,2,false,not_run_after_fail,,,,0.0,,,,,,
s083,35,2.8128,discrete_only,discrete_only,2,false,not_run_after_fail,,,,0.0,,,,,,
s083,30,2.4110,discrete_only,discrete_only,2,false,not_run_after_fail,,,,0.0,,,,,,
s084,100,3.9145,discrete_only,discrete_only,2,false,unc_violated,650.1300117908407,3.9656341487150066,,17.7,1.1016,98,650.13,"[0.8207, 3.9656]","[0.8207, 3.756]",3.755995864422955
s084,95,3.7188,discrete_only,discrete_only,2,false,not_run_after_fail,,,,0.0,,,,,,
s084,90,3.5230,discrete_only,discrete_only,2,false,not_run_after_fail,,,,0.0,,,,,,
s084,85,3.3273,discrete_only,discrete_only,2,false,not_run_after_fail,,,,0.0,,,,,,
s084,80,3.1316,discrete_only,discrete_only,2,false,not_run_after_fail,,,,0.0,,,,,,
s084,75,2.9359,discrete_only,discrete_only,2,false,not_run_after_fail,,,,0.0,,,,,,
s084,70,2.7401,discrete_only,discrete_only,2,false,not_run_after_fail,,,,0.0,,,,,,
s084,65,2.5444,discrete_only,discrete_only,2,false,not_run_after_fail,,,,0.0,,,,,,
s084,60,2.3487,discrete_only,discrete_only,2,false,not_run_after_fail,,,,0.0,,,,,,
s084,55,2.1530,discrete_only,discrete_only,2,false,not_run_after_fail,,,,0.0,,,,,,
s084,50,1.9572,discrete_only,discrete_only,2,false,not_run_after_fail,,,,0.0,,,,,,
s084,45,1.7615,discrete_only,discrete_only,2,false,not_run_after_fail,,,,0.0,,,,,,
s084,40,1.5658,discrete_only,discrete_only,2,false,not_run_after_fail,,,,0.0,,,,,,
s084,35,1.3701,discrete_only,discrete_only,2,false,not_run_after_fail,,,,0.0,,,,,,
s084,30,1.1743,discrete_only,discrete_only,2,false,not_run_after_fail,,,,0.0,,,,,,
s085,100,8.8450,discrete_only,discrete_only,2,true,,1020.5228472884644,7.527187082945807,1.0624,38.4,2.3123,134574,1020.523,"[7.2673, 7.5272]","[7.2673, 7.4344]",7.434410203788297
s085,95,8.4027,discrete_only,discrete_only,2,true,,1020.5228472884644,7.527187082945807,1.0624,38.2,2.3016,134574,1020.523,"[7.2673, 7.5272]","[7.2673, 7.4344]",7.434410203788297
s085,90,7.9605,discrete_only,discrete_only,2,true,,1020.5228472884644,7.527187082945807,1.0624,38.3,2.3063,134574,1020.523,"[7.2673, 7.5272]","[7.2673, 7.4344]",7.434410203788297
s085,85,7.5182,discrete_only,discrete_only,2,false,unc_violated,1020.5228472884644,7.527187082945807,,38.5,2.3193,134574,1020.523,"[7.2673, 7.5272]","[7.2673, 7.4344]",7.434410203788297
s085,80,7.0760,discrete_only,discrete_only,2,false,not_run_after_fail,,,,0.0,,,,,,
s085,75,6.6337,discrete_only,discrete_only,2,false,not_run_after_fail,,,,0.0,,,,,,
s085,70,6.1915,discrete_only,discrete_only,2,false,not_run_after_fail,,,,0.0,,,,,,
s085,65,5.7492,discrete_only,discrete_only,2,false,not_run_after_fail,,,,0.0,,,,,,
s085,60,5.3070,discrete_only,discrete_only,2,false,not_run_after_fail,,,,0.0,,,,,,
s085,55,4.8647,discrete_only,discrete_only,2,false,not_run_after_fail,,,,0.0,,,,,,
s085,50,4.4225,discrete_only,discrete_only,2,false,not_run_after_fail,,,,0.0,,,,,,
s085,45,3.9802,discrete_only,discrete_only,2,false,not_run_after_fail,,,,0.0,,,,,,
s085,40,3.5380,discrete_only,discrete_only,2,false,not_run_after_fail,,,,0.0,,,,,,
s085,35,3.0957,discrete_only,discrete_only,2,false,not_run_after_fail,,,,0.0,,,,,,
s085,30,2.6535,discrete_only,discrete_only,2,false,not_run_after_fail,,,,0.0,,,,,,
s086,100,4.8442,discrete_only,discrete_only,2,true,,815.2336015954111,3.7952772484902293,1.0732,20.1,1.2382,13786,815.234,"[3.0437, 3.7953]","[3.0437, 3.3781]",3.378104541756243
s086,95,4.6020,discrete_only,discrete_only,2,true,,815.2336015954111,3.7952772484902293,1.0732,20.1,1.2385,13786,815.234,"[3.0437, 3.7953]","[3.0437, 3.3781]",3.378104541756243
s086,90,4.3597,discrete_only,discrete_only,2,true,,815.2336015954111,3.7952772484902293,1.0732,20.1,1.2361,13786,815.234,"[3.0437, 3.7953]","[3.0437, 3.3781]",3.378104541756243
s086,85,4.1175,discrete_only,discrete_only,2,true,,815.2336015954111,3.7952772484902293,1.0732,20.1,1.2388,13786,815.234,"[3.0437, 3.7953]","[3.0437, 3.3781]",3.378104541756243
s086,80,3.8753,discrete_only,discrete_only,2,true,,815.2336015954111,3.7952772484902293,1.0732,20.2,1.2451,13786,815.234,"[3.0437, 3.7953]","[3.0437, 3.3781]",3.378104541756243
s086,75,3.6331,discrete_only,discrete_only,2,false,unc_violated,815.2336015954111,3.7952772484902293,,20.1,1.2393,13786,815.234,"[3.0437, 3.7953]","[3.0437, 3.3781]",3.378104541756243
s086,70,3.3909,discrete_only,discrete_only,2,false,not_run_after_fail,,,,0.0,,,,,,
s086,65,3.1487,discrete_only,discrete_only,2,false,not_run_after_fail,,,,0.0,,,,,,
s086,60,2.9065,discrete_only,discrete_only,2,false,not_run_after_fail,,,,0.0,,,,,,
s086,55,2.6643,discrete_only,discrete_only,2,false,not_run_after_fail,,,,0.0,,,,,,
s086,50,2.4221,discrete_only,discrete_only,2,false,not_run_after_fail,,,,0.0,,,,,,
s086,45,2.1799,discrete_only,discrete_only,2,false,not_run_after_fail,,,,0.0,,,,,,
s086,40,1.9377,discrete_only,discrete_only,2,false,not_run_after_fail,,,,0.0,,,,,,
s086,35,1.6955,discrete_only,discrete_only,2,false,not_run_after_fail,,,,0.0,,,,,,
s086,30,1.4532,discrete_only,discrete_only,2,false,not_run_after_fail,,,,0.0,,,,,,
s087,100,5.1797,discrete_only,discrete_only,2,false,no_solution,null,null,,90.8,5.5021,500000,null,[],[],null
s087,95,4.9207,discrete_only,discrete_only,2,false,not_run_after_fail,,,,0.0,,,,,,
s087,90,4.6617,discrete_only,discrete_only,2,false,not_run_after_fail,,,,0.0,,,,,,
s087,85,4.4028,discrete_only,discrete_only,2,false,not_run_after_fail,,,,0.0,,,,,,
s087,80,4.1438,discrete_only,discrete_only,2,false,not_run_after_fail,,,,0.0,,,,,,
s087,75,3.8848,discrete_only,discrete_only,2,false,not_run_after_fail,,,,0.0,,,,,,
s087,70,3.6258,discrete_only,discrete_only,2,false,not_run_after_fail,,,,0.0,,,,,,
s087,65,3.3668,discrete_only,discrete_only,2,false,not_run_after_fail,,,,0.0,,,,,,
s087,60,3.1078,discrete_only,discrete_only,2,false,not_run_after_fail,,,,0.0,,,,,,
s087,55,2.8488,discrete_only,discrete_only,2,false,not_run_after_fail,,,,0.0,,,,,,
s087,50,2.5899,discrete_only,discrete_only,2,false,not_run_after_fail,,,,0.0,,,,,,
s087,45,2.3309,discrete_only,discrete_only,2,false,not_run_after_fail,,,,0.0,,,,,,
s087,40,2.0719,discrete_only,discrete_only,2,false,not_run_after_fail,,,,0.0,,,,,,
s087,35,1.8129,discrete_only,discrete_only,2,false,not_run_after_fail,,,,0.0,,,,,,
s087,30,1.5539,discrete_only,discrete_only,2,false,not_run_after_fail,,,,0.0,,,,,,
s088,100,7.9362,discrete_only,discrete_only,2,true,,800.0,1.9620750574628671,1.0000,18.2,1.1033,15,800.0,"[0.8521, 1.9621]","[0.8521, 3.923]",3.923049071456785
s088,95,7.5394,discrete_only,discrete_only,2,true,,800.0,1.9620750574628671,1.0000,18.2,1.1033,15,800.0,"[0.8521, 1.9621]","[0.8521, 3.923]",3.923049071456785
s088,90,7.1426,discrete_only,discrete_only,2,true,,800.0,1.9620750574628671,1.0000,18.3,1.1080,15,800.0,"[0.8521, 1.9621]","[0.8521, 3.923]",3.923049071456785
s088,85,6.7458,discrete_only,discrete_only,2,true,,800.0,1.9620750574628671,1.0000,18.2,1.0993,15,800.0,"[0.8521, 1.9621]","[0.8521, 3.923]",3.923049071456785
s088,80,6.3490,discrete_only,discrete_only,2,true,,800.0,1.9620750574628671,1.0000,18.3,1.1073,15,800.0,"[0.8521, 1.9621]","[0.8521, 3.923]",3.923049071456785
s088,75,5.9522,discrete_only,discrete_only,2,true,,800.0,1.9620750574628671,1.0000,18.3,1.1074,15,800.0,"[0.8521, 1.9621]","[0.8521, 3.923]",3.923049071456785
s088,70,5.5554,discrete_only,discrete_only,2,true,,800.0,1.9620750574628671,1.0000,18.2,1.1031,15,800.0,"[0.8521, 1.9621]","[0.8521, 3.923]",3.923049071456785
s088,65,5.1585,discrete_only,discrete_only,2,true,,800.0,1.9620750574628671,1.0000,18.3,1.1080,15,800.0,"[0.8521, 1.9621]","[0.8521, 3.923]",3.923049071456785
s088,60,4.7617,discrete_only,discrete_only,2,true,,800.0,1.9620750574628671,1.0000,18.3,1.1066,15,800.0,"[0.8521, 1.9621]","[0.8521, 3.923]",3.923049071456785
s088,55,4.3649,discrete_only,discrete_only,2,true,,800.0,1.9620750574628671,1.0000,18.2,1.1006,15,800.0,"[0.8521, 1.9621]","[0.8521, 3.923]",3.923049071456785
s088,50,3.9681,discrete_only,discrete_only,2,true,,800.0,1.9620750574628671,1.0000,18.3,1.1081,15,800.0,"[0.8521, 1.9621]","[0.8521, 3.923]",3.923049071456785
s088,45,3.5713,discrete_only,discrete_only,2,false,unc_violated,845.7362775483914,3.6293596288722973,,18.6,1.1233,240,845.736,"[2.9107, 3.6294]","[2.9107, 3.1307]",3.1307112288648105
s088,40,3.1745,discrete_only,discrete_only,2,false,not_run_after_fail,,,,0.0,,,,,,
s088,35,2.7777,discrete_only,discrete_only,2,false,not_run_after_fail,,,,0.0,,,,,,
s088,30,2.3809,discrete_only,discrete_only,2,false,not_run_after_fail,,,,0.0,,,,,,
s089,100,4.2956,discrete_only,discrete_only,2,false,unc_violated,819.7960793845552,4.385525072723202,,21.8,1.3534,29054,819.796,"[1.0934, 4.3855]","[1.0934, 3.8121]",3.812087786546894
s089,95,4.0808,discrete_only,discrete_only,2,false,not_run_after_fail,,,,0.0,,,,,,
s089,90,3.8660,discrete_only,discrete_only,2,false,not_run_after_fail,,,,0.0,,,,,,
s089,85,3.6512,discrete_only,discrete_only,2,false,not_run_after_fail,,,,0.0,,,,,,
s089,80,3.4365,discrete_only,discrete_only,2,false,not_run_after_fail,,,,0.0,,,,,,
s089,75,3.2217,discrete_only,discrete_only,2,false,not_run_after_fail,,,,0.0,,,,,,
s089,70,3.0069,discrete_only,discrete_only,2,false,not_run_after_fail,,,,0.0,,,,,,
s089,65,2.7921,discrete_only,discrete_only,2,false,not_run_after_fail,,,,0.0,,,,,,
s089,60,2.5773,discrete_only,discrete_only,2,false,not_run_after_fail,,,,0.0,,,,,,
s089,55,2.3626,discrete_only,discrete_only,2,false,not_run_after_fail,,,,0.0,,,,,,
s089,50,2.1478,discrete_only,discrete_only,2,false,not_run_after_fail,,,,0.0,,,,,,
s089,45,1.9330,discrete_only,discrete_only,2,false,not_run_after_fail,,,,0.0,,,,,,
s089,40,1.7182,discrete_only,discrete_only,2,false,not_run_after_fail,,,,0.0,,,,,,
s089,35,1.5034,discrete_only,discrete_only,2,false,not_run_after_fail,,,,0.0,,,,,,
s089,30,1.2887,discrete_only,discrete_only,2,false,not_run_after_fail,,,,0.0,,,,,,
s090,100,7.6967,discrete_only,discrete_only,2,true,,679.7793327574366,6.264412559923466,0.9128,18.0,1.1202,1296,679.779,"[4.6031, 6.2644]","[4.6031, 6.229]",6.228969414227109
s090,95,7.3119,discrete_only,discrete_only,2,true,,679.7793327574366,6.264412559923466,0.9128,17.9,1.1150,1296,679.779,"[4.6031, 6.2644]","[4.6031, 6.229]",6.228969414227109
s090,90,6.9270,discrete_only,discrete_only,2,true,,679.7793327574366,6.264412559923466,0.9128,17.9,1.1133,1296,679.779,"[4.6031, 6.2644]","[4.6031, 6.229]",6.228969414227109
s090,85,6.5422,discrete_only,discrete_only,2,true,,679.7793327574366,6.264412559923466,0.9128,17.9,1.1149,1296,679.779,"[4.6031, 6.2644]","[4.6031, 6.229]",6.228969414227109
s090,80,6.1574,discrete_only,discrete_only,2,true,,682.1720515904327,5.735091048440187,0.9160,17.9,1.1137,1436,682.172,"[4.1042, 5.7351]","[4.1042, 5.5247]",5.5247498057685736
s090,75,5.7725,discrete_only,discrete_only,2,true,,682.1720515904327,5.735091048440187,0.9160,17.9,1.1136,1436,682.172,"[4.1042, 5.7351]","[4.1042, 5.5247]",5.5247498057685736
s090,70,5.3877,discrete_only,discrete_only,2,true,,750.7666073408976,4.941206122808956,1.0082,19.2,1.1975,19487,750.767,"[4.6568, 4.9412]","[4.6568, 4.6248]",4.62478857290644
s090,65,5.0029,discrete_only,discrete_only,2,true,,750.7666073408976,4.941206122808956,1.0082,19.2,1.1948,19487,750.767,"[4.6568, 4.9412]","[4.6568, 4.6248]",4.62478857290644
s090,60,4.6180,discrete_only,discrete_only,2,false,unc_violated,755.4436681950547,4.770034451463023,,19.1,1.1936,19502,755.444,"[4.1042, 4.77]","[4.1042, 4.4103]",4.4103459394363265
s090,55,4.2332,discrete_only,discrete_only,2,false,not_run_after_fail,,,,0.0,,,,,,
s090,50,3.8483,discrete_only,discrete_only,2,false,not_run_after_fail,,,,0.0,,,,,,
s090,45,3.4635,discrete_only,discrete_only,2,false,not_run_after_fail,,,,0.0,,,,,,
s090,40,3.0787,discrete_only,discrete_only,2,false,not_run_after_fail,,,,0.0,,,,,,
s090,35,2.6938,discrete_only,discrete_only,2,false,not_run_after_fail,,,,0.0,,,,,,
s090,30,2.3090,discrete_only,discrete_only,2,false,not_run_after_fail,,,,0.0,,,,,,
s091,100,4.9210,discrete_only,discrete_only,2,false,unc_violated,750.1300117908409,5.074804782908643,,18.1,1.1154,84,750.13,"[8.8705, 5.0748]","[8.8705, 4.8991]",4.8991059333638045
s091,95,4.6750,discrete_only,discrete_only,2,false,not_run_after_fail,,,,0.0,,,,,,
s091,90,4.4289,discrete_only,discrete_only,2,false,not_run_after_fail,,,,0.0,,,,,,
s091,85,4.1829,discrete_only,discrete_only,2,false,not_run_after_fail,,,,0.0,,,,,,
s091,80,3.9368,discrete_only,discrete_only,2,false,not_run_after_fail,,,,0.0,,,,,,
s091,75,3.6908,discrete_only,discrete_only,2,false,not_run_after_fail,,,,0.0,,,,,,
s091,70,3.4447,discrete_only,discrete_only,2,false,not_run_after_fail,,,,0.0,,,,,,
s091,65,3.1987,discrete_only,discrete_only,2,false,not_run_after_fail,,,,0.0,,,,,,
s091,60,2.9526,discrete_only,discrete_only,2,false,not_run_after_fail,,,,0.0,,,,,,
s091,55,2.7066,discrete_only,discrete_only,2,false,not_run_after_fail,,,,0.0,,,,,,
s091,50,2.4605,discrete_only,discrete_only,2,false,not_run_after_fail,,,,0.0,,,,,,
s091,45,2.2145,discrete_only,discrete_only,2,false,not_run_after_fail,,,,0.0,,,,,,
s091,40,1.9684,discrete_only,discrete_only,2,false,not_run_after_fail,,,,0.0,,,,,,
s091,35,1.7224,discrete_only,discrete_only,2,false,not_run_after_fail,,,,0.0,,,,,,
s091,30,1.4763,discrete_only,discrete_only,2,false,not_run_after_fail,,,,0.0,,,,,,
s092,100,8.6306,discrete_only,discrete_only,2,false,no_solution,null,null,,95.9,5.8378,500000,null,[],[],null
s092,95,8.1991,discrete_only,discrete_only,2,false,not_run_after_fail,,,,0.0,,,,,,
s092,90,7.7676,discrete_only,discrete_only,2,false,not_run_after_fail,,,,0.0,,,,,,
s092,85,7.3360,discrete_only,discrete_only,2,false,not_run_after_fail,,,,0.0,,,,,,
s092,80,6.9045,discrete_only,discrete_only,2,false,not_run_after_fail,,,,0.0,,,,,,
s092,75,6.4730,discrete_only,discrete_only,2,false,not_run_after_fail,,,,0.0,,,,,,
s092,70,6.0414,discrete_only,discrete_only,2,false,not_run_after_fail,,,,0.0,,,,,,
s092,65,5.6099,discrete_only,discrete_only,2,false,not_run_after_fail,,,,0.0,,,,,,
s092,60,5.1784,discrete_only,discrete_only,2,false,not_run_after_fail,,,,0.0,,,,,,
s092,55,4.7468,discrete_only,discrete_only,2,false,not_run_after_fail,,,,0.0,,,,,,
s092,50,4.3153,discrete_only,discrete_only,2,false,not_run_after_fail,,,,0.0,,,,,,
s092,45,3.8838,discrete_only,discrete_only,2,false,not_run_after_fail,,,,0.0,,,,,,
s092,40,3.4522,discrete_only,discrete_only,2,false,not_run_after_fail,,,,0.0,,,,,,
s092,35,3.0207,discrete_only,discrete_only,2,false,not_run_after_fail,,,,0.0,,,,,,
s092,30,2.5892,discrete_only,discrete_only,2,false,not_run_after_fail,,,,0.0,,,,,,
s093,100,8.2246,discrete_only,discrete_only,2,true,,988.587424542554,7.009338513030042,1.2272,39.2,2.3787,137634,988.587,"[5.6963, 7.0093]","[5.6963, 6.7243]",6.7242654316269315
s093,95,7.8133,discrete_only,discrete_only,2,true,,988.587424542554,7.009338513030042,1.2272,38.4,2.3342,137634,988.587,"[5.6963, 7.0093]","[5.6963, 6.7243]",6.7242654316269315
s093,90,7.4021,discrete_only,discrete_only,2,true,,988.587424542554,7.009338513030042,1.2272,38.9,2.3611,137634,988.587,"[5.6963, 7.0093]","[5.6963, 6.7243]",6.7242654316269315
s093,85,6.9909,discrete_only,discrete_only,2,false,unc_violated,988.587424542554,7.009338513030042,,38.5,2.3402,137634,988.587,"[5.6963, 7.0093]","[5.6963, 6.7243]",6.7242654316269315
s093,80,6.5797,discrete_only,discrete_only,2,false,not_run_after_fail,,,,0.0,,,,,,
s093,75,6.1684,discrete_only,discrete_only,2,false,not_run_after_fail,,,,0.0,,,,,,
s093,70,5.7572,discrete_only,discrete_only,2,false,not_run_after_fail,,,,0.0,,,,,,
s093,65,5.3460,discrete_only,discrete_only,2,false,not_run_after_fail,,,,0.0,,,,,,
s093,60,4.9347,discrete_only,discrete_only,2,false,not_run_after_fail,,,,0.0,,,,,,
s093,55,4.5235,discrete_only,discrete_only,2,false,not_run_after_fail,,,,0.0,,,,,,
s093,50,4.1123,discrete_only,discrete_only,2,false,not_run_after_fail,,,,0.0,,,,,,
s093,45,3.7011,discrete_only,discrete_only,2,false,not_run_after_fail,,,,0.0,,,,,,
s093,40,3.2898,discrete_only,discrete_only,2,false,not_run_after_fail,,,,0.0,,,,,,
s093,35,2.8786,discrete_only,discrete_only,2,false,not_run_after_fail,,,,0.0,,,,,,
s093,30,2.4674,discrete_only,discrete_only,2,false,not_run_after_fail,,,,0.0,,,,,,
s094,100,10.9602,discrete_only,discrete_only,2,true,,925.7191278720427,6.364020333033284,1.0620,18.8,1.1243,887,925.719,"[6.2588, 6.364]","[6.2588, 6.435]",6.434991957965132
s094,95,10.4122,discrete_only,discrete_only,2,true,,925.7191278720427,6.364020333033284,1.0620,18.7,1.1199,887,925.719,"[6.2588, 6.364]","[6.2588, 6.435]",6.434991957965132
s094,90,9.8642,discrete_only,discrete_only,2,true,,925.7191278720427,6.364020333033284,1.0620,18.7,1.1200,887,925.719,"[6.2588, 6.364]","[6.2588, 6.435]",6.434991957965132
s094,85,9.3162,discrete_only,discrete_only,2,true,,925.7191278720427,6.364020333033284,1.0620,18.7,1.1197,887,925.719,"[6.2588, 6.364]","[6.2588, 6.435]",6.434991957965132
s094,80,8.7682,discrete_only,discrete_only,2,true,,925.7191278720427,6.364020333033284,1.0620,18.7,1.1170,887,925.719,"[6.2588, 6.364]","[6.2588, 6.435]",6.434991957965132
s094,75,8.2202,discrete_only,discrete_only,2,true,,925.7191278720427,6.364020333033284,1.0620,18.7,1.1164,887,925.719,"[6.2588, 6.364]","[6.2588, 6.435]",6.434991957965132
s094,70,7.6722,discrete_only,discrete_only,2,true,,925.7191278720427,6.364020333033284,1.0620,18.7,1.1207,887,925.719,"[6.2588, 6.364]","[6.2588, 6.435]",6.434991957965132
s094,65,7.1241,discrete_only,discrete_only,2,true,,925.7191278720427,6.364020333033284,1.0620,18.7,1.1193,887,925.719,"[6.2588, 6.364]","[6.2588, 6.435]",6.434991957965132
s094,60,6.5761,discrete_only,discrete_only,2,true,,925.7191278720427,6.364020333033284,1.0620,18.7,1.1172,887,925.719,"[6.2588, 6.364]","[6.2588, 6.435]",6.434991957965132
s094,55,6.0281,discrete_only,discrete_only,2,true,,1019.3606409410061,5.16122995734589,1.1695,33.8,2.0227,219678,1019.361,"[5.2688, 5.1612]","[5.2688, 4.7448]",4.744823256263567
s094,50,5.4801,discrete_only,discrete_only,2,true,,1019.3606409410061,5.16122995734589,1.1695,34.2,2.0436,219678,1019.361,"[5.2688, 5.1612]","[5.2688, 4.7448]",4.744823256263567
s094,45,4.9321,discrete_only,discrete_only,2,false,unc_violated,1019.3606409410061,5.16122995734589,,33.4,1.9988,219678,1019.361,"[5.2688, 5.1612]","[5.2688, 4.7448]",4.744823256263567
s094,40,4.3841,discrete_only,discrete_only,2,false,not_run_after_fail,,,,0.0,,,,,,
s094,35,3.8361,discrete_only,discrete_only,2,false,not_run_after_fail,,,,0.0,,,,,,
s094,30,3.2881,discrete_only,discrete_only,2,false,not_run_after_fail,,,,0.0,,,,,,
s095,100,9.8868,discrete_only,discrete_only,2,true,,846.467524567875,6.992342681861739,1.0574,18.7,1.1209,801,846.468,"[3.8776, 6.9923]","[3.8776, 6.6287]",6.628707984805644
s095,95,9.3925,discrete_only,discrete_only,2,true,,846.467524567875,6.992342681861739,1.0574,18.6,1.1134,801,846.468,"[3.8776, 6.9923]","[3.8776, 6.6287]",6.628707984805644
s095,90,8.8981,discrete_only,discrete_only,2,true,,846.467524567875,6.992342681861739,1.0574,18.6,1.1170,801,846.468,"[3.8776, 6.9923]","[3.8776, 6.6287]",6.628707984805644
s095,85,8.4038,discrete_only,discrete_only,2,true,,846.467524567875,6.992342681861739,1.0574,18.5,1.1130,801,846.468,"[3.8776, 6.9923]","[3.8776, 6.6287]",6.628707984805644
s095,80,7.9094,discrete_only,discrete_only,2,true,,846.467524567875,6.992342681861739,1.0574,18.5,1.1125,801,846.468,"[3.8776, 6.9923]","[3.8776, 6.6287]",6.628707984805644
s095,75,7.4151,discrete_only,discrete_only,2,true,,846.467524567875,6.992342681861739,1.0574,18.5,1.1108,801,846.468,"[3.8776, 6.9923]","[3.8776, 6.6287]",6.628707984805644
s095,70,6.9208,discrete_only,discrete_only,2,false,unc_violated,846.467524567875,6.992342681861739,,18.5,1.1108,801,846.468,"[3.8776, 6.9923]","[3.8776, 6.6287]",6.628707984805644
s095,65,6.4264,discrete_only,discrete_only,2,false,not_run_after_fail,,,,0.0,,,,,,
s095,60,5.9321,discrete_only,discrete_only,2,false,not_run_after_fail,,,,0.0,,,,,,
s095,55,5.4377,discrete_only,discrete_only,2,false,not_run_after_fail,,,,0.0,,,,,,
s095,50,4.9434,discrete_only,discrete_only,2,false,not_run_after_fail,,,,0.0,,,,,,
s095,45,4.4491,discrete_only,discrete_only,2,false,not_run_after_fail,,,,0.0,,,,,,
s095,40,3.9547,discrete_only,discrete_only,2,false,not_run_after_fail,,,,0.0,,,,,,
s095,35,3.4604,discrete_only,discrete_only,2,false,not_run_after_fail,,,,0.0,,,,,,
s095,30,2.9660,discrete_only,discrete_only,2,false,not_run_after_fail,,,,0.0,,,,,,
s096,100,7.9847,discrete_only,discrete_only,2,false,no_solution,null,null,,96.8,5.8752,500000,null,[],[],null
s096,95,7.5854,discrete_only,discrete_only,2,false,not_run_after_fail,,,,0.0,,,,,,
s096,90,7.1862,discrete_only,discrete_only,2,false,not_run_after_fail,,,,0.0,,,,,,
s096,85,6.7870,discrete_only,discrete_only,2,false,not_run_after_fail,,,,0.0,,,,,,
s096,80,6.3877,discrete_only,discrete_only,2,false,not_run_after_fail,,,,0.0,,,,,,
s096,75,5.9885,discrete_only,discrete_only,2,false,not_run_after_fail,,,,0.0,,,,,,
s096,70,5.5893,discrete_only,discrete_only,2,false,not_run_after_fail,,,,0.0,,,,,,
s096,65,5.1900,discrete_only,discrete_only,2,false,not_run_after_fail,,,,0.0,,,,,,
s096,60,4.7908,discrete_only,discrete_only,2,false,not_run_after_fail,,,,0.0,,,,,,
s096,55,4.3916,discrete_only,discrete_only,2,false,not_run_after_fail,,,,0.0,,,,,,
s096,50,3.9923,discrete_only,discrete_only,2,false,not_run_after_fail,,,,0.0,,,,,,
s096,45,3.5931,discrete_only,discrete_only,2,false,not_run_after_fail,,,,0.0,,,,,,
s096,40,3.1939,discrete_only,discrete_only,2,false,not_run_after_fail,,,,0.0,,,,,,
s096,35,2.7946,discrete_only,discrete_only,2,false,not_run_after_fail,,,,0.0,,,,,,
s096,30,2.3954,discrete_only,discrete_only,2,false,not_run_after_fail,,,,0.0,,,,,,
s097,100,8.4045,discrete_only,discrete_only,2,true,,717.5281024990603,7.9872950209335,1.1216,18.8,1.1671,7064,717.528,"[1.1354, 7.9873]","[1.1354, 7.5374]",7.537371448553355
s097,95,7.9843,discrete_only,discrete_only,2,false,unc_violated,717.5281024990603,7.9872950209335,,18.8,1.1677,7064,717.528,"[1.1354, 7.9873]","[1.1354, 7.5374]",7.537371448553355
s097,90,7.5640,discrete_only,discrete_only,2,false,not_run_after_fail,,,,0.0,,,,,,
s097,85,7.1438,discrete_only,discrete_only,2,false,not_run_after_fail,,,,0.0,,,,,,
s097,80,6.7236,discrete_only,discrete_only,2,false,not_run_after_fail,,,,0.0,,,,,,
s097,75,6.3034,discrete_only,discrete_only,2,false,not_run_after_fail,,,,0.0,,,,,,
s097,70,5.8831,discrete_only,discrete_only,2,false,not_run_after_fail,,,,0.0,,,,,,
s097,65,5.4629,discrete_only,discrete_only,2,false,not_run_after_fail,,,,0.0,,,,,,
s097,60,5.0427,discrete_only,discrete_only,2,false,not_run_after_fail,,,,0.0,,,,,,
s097,55,4.6225,discrete_only,discrete_only,2,false,not_run_after_fail,,,,0.0,,,,,,
s097,50,4.2022,discrete_only,discrete_only,2,false,not_run_after_fail,,,,0.0,,,,,,
s097,45,3.7820,discrete_only,discrete_only,2,false,not_run_after_fail,,,,0.0,,,,,,
s097,40,3.3618,discrete_only,discrete_only,2,false,not_run_after_fail,,,,0.0,,,,,,
s097,35,2.9416,discrete_only,discrete_only,2,false,not_run_after_fail,,,,0.0,,,,,,
s097,30,2.5213,discrete_only,discrete_only,2,false,not_run_after_fail,,,,0.0,,,,,,
s098,100,4.2561,discrete_only,discrete_only,2,true,,944.2819000337366,4.228946776188102,1.1124,61.6,3.8996,291752,944.282,"[1.24, 4.2289]","[1.24, 3.8251]",3.8250771287754057
s098,95,4.0433,discrete_only,discrete_only,2,false,unc_violated,944.2819000337366,4.228946776188102,,60.3,3.8178,291752,944.282,"[1.24, 4.2289]","[1.24, 3.8251]",3.8250771287754057
s098,90,3.8305,discrete_only,discrete_only,2,false,not_run_after_fail,,,,0.0,,,,,,
s098,85,3.6177,discrete_only,discrete_only,2,false,not_run_after_fail,,,,0.0,,,,,,
s098,80,3.4049,discrete_only,discrete_only,2,false,not_run_after_fail,,,,0.0,,,,,,
s098,75,3.1921,discrete_only,discrete_only,2,false,not_run_after_fail,,,,0.0,,,,,,
s098,70,2.9793,discrete_only,discrete_only,2,false,not_run_after_fail,,,,0.0,,,,,,
s098,65,2.7665,discrete_only,discrete_only,2,false,not_run_after_fail,,,,0.0,,,,,,
s098,60,2.5537,discrete_only,discrete_only,2,false,not_run_after_fail,,,,0.0,,,,,,
s098,55,2.3409,discrete_only,discrete_only,2,false,not_run_after_fail,,,,0.0,,,,,,
s098,50,2.1281,discrete_only,discrete_only,2,false,not_run_after_fail,,,,0.0,,,,,,
s098,45,1.9153,discrete_only,discrete_only,2,false,not_run_after_fail,,,,0.0,,,,,,
s098,40,1.7025,discrete_only,discrete_only,2,false,not_run_after_fail,,,,0.0,,,,,,
s098,35,1.4897,discrete_only,discrete_only,2,false,not_run_after_fail,,,,0.0,,,,,,
s098,30,1.2768,discrete_only,discrete_only,2,false,not_run_after_fail,,,,0.0,,,,,,
s099,100,6.7858,discrete_only,discrete_only,2,true,,903.3619823608194,4.663242488879647,1.0664,28.2,1.7138,60374,903.362,"[3.7862, 4.6632]","[3.7862, 4.1239]",4.123891498625713
s099,95,6.4465,discrete_only,discrete_only,2,true,,903.3619823608194,4.663242488879647,1.0664,28.4,1.7225,60374,903.362,"[3.7862, 4.6632]","[3.7862, 4.1239]",4.123891498625713
s099,90,6.1073,discrete_only,discrete_only,2,true,,903.3619823608194,4.663242488879647,1.0664,28.4,1.7216,60374,903.362,"[3.7862, 4.6632]","[3.7862, 4.1239]",4.123891498625713
s099,85,5.7680,discrete_only,discrete_only,2,true,,903.3619823608194,4.663242488879647,1.0664,28.0,1.7018,60374,903.362,"[3.7862, 4.6632]","[3.7862, 4.1239]",4.123891498625713
s099,80,5.4287,discrete_only,discrete_only,2,true,,903.3619823608194,4.663242488879647,1.0664,28.3,1.7207,60374,903.362,"[3.7862, 4.6632]","[3.7862, 4.1239]",4.123891498625713
s099,75,5.0894,discrete_only,discrete_only,2,true,,903.3619823608194,4.663242488879647,1.0664,28.4,1.7246,60374,903.362,"[3.7862, 4.6632]","[3.7862, 4.1239]",4.123891498625713
s099,70,4.7501,discrete_only,discrete_only,2,true,,903.3619823608194,4.663242488879647,1.0664,28.2,1.7137,60374,903.362,"[3.7862, 4.6632]","[3.7862, 4.1239]",4.123891498625713
s099,65,4.4108,discrete_only,discrete_only,2,false,unc_violated,903.3619823608194,4.663242488879647,,28.5,1.7318,60374,903.362,"[3.7862, 4.6632]","[3.7862, 4.1239]",4.123891498625713
s099,60,4.0715,discrete_only,discrete_only,2,false,not_run_after_fail,,,,0.0,,,,,,
s099,55,3.7322,discrete_only,discrete_only,2,false,not_run_after_fail,,,,0.0,,,,,,
s099,50,3.3929,discrete_only,discrete_only,2,false,not_run_after_fail,,,,0.0,,,,,,
s099,45,3.0536,discrete_only,discrete_only,2,false,not_run_after_fail,,,,0.0,,,,,,
s099,40,2.7143,discrete_only,discrete_only,2,false,not_run_after_fail,,,,0.0,,,,,,
s099,35,2.3750,discrete_only,discrete_only,2,false,not_run_after_fail,,,,0.0,,,,,,
s099,30,2.0358,discrete_only,discrete_only,2,false,not_run_after_fail,,,,0.0,,,,,,
s100,100,7.8202,discrete_only,discrete_only,2,true,,845.6231646556901,6.403451978172922,1.3125,62.8,3.8913,293167,845.623,"[6.2477, 6.4035]","[6.2477, 5.9824]",5.9824481189681835
s100,95,7.4292,discrete_only,discrete_only,2,true,,845.6231646556901,6.403451978172922,1.3125,62.2,3.8543,293167,845.623,"[6.2477, 6.4035]","[6.2477, 5.9824]",5.9824481189681835
s100,90,7.0382,discrete_only,discrete_only,2,true,,845.6231646556901,6.403451978172922,1.3125,63.1,3.9075,293167,845.623,"[6.2477, 6.4035]","[6.2477, 5.9824]",5.9824481189681835
s100,85,6.6472,discrete_only,discrete_only,2,true,,845.6231646556901,6.403451978172922,1.3125,62.6,3.8771,293167,845.623,"[6.2477, 6.4035]","[6.2477, 5.9824]",5.9824481189681835
s100,80,6.2562,discrete_only,discrete_only,2,false,unc_violated,845.6231646556901,6.403451978172922,,61.1,3.7863,293167,845.623,"[6.2477, 6.4035]","[6.2477, 5.9824]",5.9824481189681835
s100,75,5.8652,discrete_only,discrete_only,2,false,not_run_after_fail,,,,0.0,,,,,,
s100,70,5.4741,discrete_only,discrete_only,2,false,not_run_after_fail,,,,0.0,,,,,,
s100,65,5.0831,discrete_only,discrete_only,2,false,not_run_after_fail,,,,0.0,,,,,,
s100,60,4.6921,discrete_only,discrete_only,2,false,not_run_after_fail,,,,0.0,,,,,,
s100,55,4.3011,discrete_only,discrete_only,2,false,not_run_after_fail,,,,0.0,,,,,,
s100,50,3.9101,discrete_only,discrete_only,2,false,not_run_after_fail,,,,0.0,,,,,,
s100,45,3.5191,discrete_only,discrete_only,2,false,not_run_after_fail,,,,0.0,,,,,,
s100,40,3.1281,discrete_only,discrete_only,2,false,not_run_after_fail,,,,0.0,,,,,,
s100,35,2.7371,discrete_only,discrete_only,2,false,not_run_after_fail,,,,0.0,,,,,,
s100,30,2.3461,discrete_only,discrete_only,2,false,not_run_after_fail,,,,0.0,,,,,,
s101,100,9.4412,discrete_only,discrete_only,2,true,,847.8355108871914,5.819604607318813,1.0573,19.1,1.1499,3312,847.836,"[1.1514, 5.8196]","[1.1514, 5.5595]",5.55951724900968
s101,95,8.9691,discrete_only,discrete_only,2,true,,847.8355108871914,5.819604607318813,1.0573,19.1,1.1539,3312,847.836,"[1.1514, 5.8196]","[1.1514, 5.5595]",5.55951724900968
s101,90,8.4971,discrete_only,discrete_only,2,true,,847.8355108871914,5.819604607318813,1.0573,19.1,1.1515,3312,847.836,"[1.1514, 5.8196]","[1.1514, 5.5595]",5.55951724900968
s101,85,8.0250,discrete_only,discrete_only,2,true,,847.8355108871914,5.819604607318813,1.0573,19.1,1.1499,3312,847.836,"[1.1514, 5.8196]","[1.1514, 5.5595]",5.55951724900968
s101,80,7.5530,discrete_only,discrete_only,2,true,,847.8355108871914,5.819604607318813,1.0573,19.1,1.1522,3312,847.836,"[1.1514, 5.8196]","[1.1514, 5.5595]",5.55951724900968
s101,75,7.0809,discrete_only,discrete_only,2,true,,847.8355108871914,5.819604607318813,1.0573,19.1,1.1535,3312,847.836,"[1.1514, 5.8196]","[1.1514, 5.5595]",5.55951724900968
s101,70,6.6088,discrete_only,discrete_only,2,true,,847.8355108871914,5.819604607318813,1.0573,19.1,1.1529,3312,847.836,"[1.1514, 5.8196]","[1.1514, 5.5595]",5.55951724900968
s101,65,6.1368,discrete_only,discrete_only,2,true,,847.8355108871914,5.819604607318813,1.0573,19.2,1.1585,3312,847.836,"[1.1514, 5.8196]","[1.1514, 5.5595]",5.55951724900968
s101,60,5.6647,discrete_only,discrete_only,2,false,unc_violated,847.8355108871914,5.819604607318813,,19.1,1.1531,3312,847.836,"[1.1514, 5.8196]","[1.1514, 5.5595]",5.55951724900968
s101,55,5.1927,discrete_only,discrete_only,2,false,not_run_after_fail,,,,0.0,,,,,,
s101,50,4.7206,discrete_only,discrete_only,2,false,not_run_after_fail,,,,0.0,,,,,,
s101,45,4.2485,discrete_only,discrete_only,2,false,not_run_after_fail,,,,0.0,,,,,,
s101,40,3.7765,discrete_only,discrete_only,2,false,not_run_after_fail,,,,0.0,,,,,,
s101,35,3.3044,discrete_only,discrete_only,2,false,not_run_after_fail,,,,0.0,,,,,,
s101,30,2.8324,discrete_only,discrete_only,2,false,not_run_after_fail,,,,0.0,,,,,,
