scenario_id,pct,threshold,method,algorithm,num_agents,success,fail_reason,primary_length,primary_unc,length_ratio,wall_s,wall_ratio,astar_iterations,continuous_primary_length,continuous_uncertainties,discrete_uncertainties,primary_disc_unc,refinement_min_slack,refinement_status,sequential_leg1_length,sequential_replanned
s001,100,7.9062,sequential,sequential,2,true,,873.8115651198696,7.727842520876957,0.9662,18.2,1.0159,378,873.812,"[1.8676, 7.7278]","[3.927, 5.6485]",5.648498813074134,1.2827783532520693e-7,optimized,950.0,true
s001,95,7.5109,sequential,sequential,2,true,,875.5289682815009,7.51086703520913,0.9681,16.3,0.9128,378,875.529,"[2.0701, 7.5109]","[3.927, 5.6485]",5.648498813074134,6.417908702260888e-7,optimized,950.0,true
s001,90,7.1156,sequential,sequential,2,true,,874.893213039642,7.115557505583428,0.9674,16.6,0.9247,378,874.893,"[2.131, 7.1156]","[3.927, 5.6485]",5.648498813074134,1.3994165719566354e-6,optimized,950.0,true
s001,85,6.7202,sequential,sequential,2,true,,874.5227264442975,6.706654747529878,0.9669,16.4,0.9155,378,874.523,"[2.2538, 6.7067]","[3.927, 5.6485]",5.648498813074134,9.00260579580936e-6,optimized,950.0,true
s001,80,6.3249,sequential,sequential,2,true,,921.8362174229668,6.007589283172738,1.0193,15.7,0.8778,378,921.836,"[3.8939, 6.0076]","[3.927, 5.6485]",5.648498813074134,0.011531873992170023,optimized,950.0,true
s001,75,5.9296,sequential,sequential,2,true,,915.5448933292338,5.919869704085172,1.0123,16.5,0.9191,378,915.545,"[4.1586, 5.9199]","[3.927, 5.6485]",5.648498813074134,0.00976288291482863,optimized,950.0,true
s001,70,5.5343,sequential,sequential,2,true,,922.6850787147077,5.5343236638481015,1.0202,35.1,1.9604,159942,922.685,"[3.1959, 5.5343]","[3.927, 5.6485]",5.648498813074134,1.5115189899717052e-7,optimized,950.0,true
s001,65,5.1390,sequential,sequential,2,false,recovery_failed,931.1871768848408,5.489911530654932,,34.8,1.9456,159942,931.187,"[3.2964, 5.4899]","[3.927, 5.6485]",5.648498813074134,-0.3508964886549313,recovery_failed,950.0,true
s001,60,4.7437,sequential,sequential,2,false,not_run_after_fail,,,,0.0,,,,,,,,,,
s001,55,4.3484,sequential,sequential,2,false,not_run_after_fail,,,,0.0,,,,,,,,,,
s001,50,3.9531,sequential,sequential,2,false,not_run_after_fail,,,,0.0,,,,,,,,,,
s001,45,3.5578,sequential,sequential,2,false,not_run_after_fail,,,,0.0,,,,,,,,,,
s001,40,3.1625,sequential,sequential,2,false,not_run_after_fail,,,,0.0,,,,,,,,,,
s001,35,2.7672,sequential,sequential,2,false,not_run_after_fail,,,,0.0,,,,,,,,,,
s001,30,2.3719,sequential,sequential,2,false,not_run_after_fail,,,,0.0,,,,,,,,,,
s002,100,8.7866,sequential,sequential,2,true,,708.445744628314,2.208204816443613,1.1111,17.7,1.1115,37416,708.446,"[0.9208, 2.2082]","[0.95, 3.4432]",3.443187207055732,1.8425731721217744e-6,optimized,750.0,false
s002,95,8.3472,sequential,sequential,2,true,,708.4799377997027,3.994384654361081,1.1111,17.4,1.0930,37416,708.48,"[0.9221, 3.9944]","[0.95, 3.4432]",3.443187207055732,0.0005425734757434621,optimized,750.0,false
s002,90,7.9079,sequential,sequential,2,true,,708.429710434544,2.1833336161990142,1.1110,17.4,1.0983,37416,708.43,"[0.921, 2.1833]","[0.95, 3.4432]",3.443187207055732,0.005375248827138217,optimized,750.0,false
s002,85,7.4686,sequential,sequential,2,true,,708.4680925392735,2.1531791654297874,1.1111,17.3,1.0916,37416,708.468,"[0.9224, 2.1532]","[0.95, 3.4432]",3.443187207055732,0.0004559289567989945,optimized,750.0,false
s002,80,7.0292,sequential,sequential,2,true,,708.4826110559611,2.1443692522307596,1.1111,17.4,1.0971,37416,708.483,"[0.9224, 2.1444]","[0.95, 3.4432]",3.443187207055732,0.0006187659566901639,optimized,750.0,false
s002,75,6.5899,sequential,sequential,2,true,,712.338015551564,2.1236579513099163,1.1172,16.8,1.0587,37416,712.338,"[0.9216, 2.1237]","[0.95, 3.4432]",3.443187207055732,0.009977564518144447,optimized,750.0,false
s002,70,6.1506,sequential,sequential,2,true,,708.4861292898016,2.1426121164216814,1.1111,17.5,1.1004,37416,708.486,"[0.9216, 2.1426]","[0.95, 3.4432]",3.443187207055732,8.421770078508417e-6,optimized,750.0,false
s002,65,5.7113,sequential,sequential,2,true,,708.5512372428406,2.131393498497957,1.1112,17.4,1.0953,37416,708.551,"[0.9218, 2.1314]","[0.95, 3.4432]",3.443187207055732,2.1376833981557863e-6,optimized,750.0,false
s002,60,5.2719,sequential,sequential,2,true,,714.600988575114,2.184587646438987,1.1207,16.7,1.0519,37416,714.601,"[0.9302, 2.1846]","[0.95, 3.4432]",3.443187207055732,0.011585890774294309,optimized,750.0,false
s002,55,4.8326,sequential,sequential,2,true,,708.6195925634795,2.066617555255426,1.1113,17.4,1.0984,37416,708.62,"[0.9268, 2.0666]","[0.95, 3.4432]",3.443187207055732,0.007033315787018709,optimized,750.0,false
s002,50,4.3933,sequential,sequential,2,true,,708.4579277772509,2.0120031357962214,1.1111,18.4,1.1591,37416,708.458,"[0.9452, 2.012]","[0.95, 3.4432]",3.443187207055732,0.007473078965625542,optimized,750.0,false
s002,45,3.9540,sequential,sequential,2,true,,771.0788903409498,1.615728217801748,1.2093,16.3,1.0271,21125,771.079,"[0.9228, 1.6157]","[0.95, 3.3242]",3.3242193027243094,0.013148677769653208,optimized,786.6025403784438,false
s002,40,3.5146,sequential,sequential,2,true,,771.7777339879726,1.6252810884025088,1.2104,16.3,1.0253,21125,771.778,"[0.9227, 1.6253]","[0.95, 3.3242]",3.3242193027243094,0.013202363755904957,optimized,786.6025403784438,false
s002,35,3.0753,sequential,sequential,2,false,recovery_failed,779.8904747740298,3.7654072783332384,,16.4,1.0342,22095,779.89,"[3.3239, 3.7654]","[3.359, 3.5356]",3.5356349079178764,-0.6901111203332384,recovery_failed,786.6025403784439,false
s002,30,2.6360,sequential,sequential,2,false,not_run_after_fail,,,,0.0,,,,,,,,,,
s003,100,6.5157,sequential,sequential,2,true,,660.4731766928481,3.2072685235243585,1.0998,38.3,2.3715,217737,660.473,"[1.728, 3.2073]","[2.8445, 3.1347]",3.134741496740828,3.5596526686276775e-6,optimized,750.0000000000001,false
s003,95,6.1900,sequential,sequential,2,true,,714.0809183857828,2.663600904288828,1.1890,37.4,2.3152,217737,714.081,"[2.5167, 2.6636]","[2.8445, 3.1347]",3.134741496740828,0.005304178204848822,optimized,750.0000000000001,false
s003,90,5.8642,sequential,sequential,2,true,,691.9842833179393,3.331838557021511,1.1522,37.5,2.3210,217737,691.984,"[2.1583, 3.3318]","[2.8445, 3.1347]",3.134741496740828,3.117669291441416e-5,optimized,750.0000000000001,false
s003,85,5.5384,sequential,sequential,2,true,,631.0487264434594,1.899731384845299,1.0508,38.7,2.3946,217737,631.049,"[1.2353, 1.8997]","[2.8445, 3.1347]",3.134741496740828,1.2154942228586152e-5,optimized,750.0000000000001,false
s003,80,5.2126,sequential,sequential,2,true,,713.6127360784644,2.62193472670387,1.1882,37.4,2.3156,217737,713.613,"[2.489, 2.6219]","[2.8445, 3.1347]",3.134741496740828,0.005297719882408777,optimized,750.0000000000001,false
s003,75,4.8868,sequential,sequential,2,true,,709.1357630539625,2.4486253601522954,1.1808,37.3,2.3121,217737,709.136,"[2.3954, 2.4486]","[2.8445, 3.1347]",3.134741496740828,0.0047732590421324765,optimized,750.0000000000001,false
s003,70,4.5610,sequential,sequential,2,true,,689.3001847203905,3.272357944928335,1.1478,37.6,2.3311,217737,689.3,"[2.0839, 3.2724]","[2.8445, 3.1347]",3.134741496740828,2.139800585609919e-6,optimized,750.0000000000001,false
s003,65,4.2352,sequential,sequential,2,true,,712.6174539764352,2.5272033094719277,1.1866,37.4,2.3193,217737,712.617,"[2.4312, 2.5272]","[2.8445, 3.1347]",3.134741496740828,0.005266999152352434,optimized,750.0000000000001,false
s003,60,3.9094,sequential,sequential,2,true,,714.3147373371661,2.484296506885341,1.1894,38.8,2.4005,217737,714.315,"[2.3415, 2.4843]","[2.8445, 3.1347]",3.134741496740828,0.005233721026297763,optimized,750.0000000000001,false
s003,55,3.5837,sequential,sequential,2,true,,676.650224844464,3.107717002992151,1.1267,40.3,2.4956,217737,676.65,"[2.1419, 3.1077]","[2.8445, 3.1347]",3.134741496740828,2.136109628736449e-6,optimized,750.0000000000001,false
s003,50,3.2579,sequential,sequential,2,true,,693.8948589585622,3.2123170598982256,1.1554,38.4,2.3797,217737,693.895,"[2.6525, 3.2123]","[2.8445, 3.1347]",3.134741496740828,0.007116151015156474,optimized,750.0000000000001,false
s003,45,2.9321,sequential,sequential,2,true,,762.7419488343243,2.353454403245525,1.2700,20.4,1.2654,55224,762.742,"[2.211, 2.3535]","[2.8442, 3.1311]",3.131149189069266,0.011005345720492186,optimized,786.6025403784438,false
s003,40,2.6063,sequential,sequential,2,true,,767.0859853525911,2.5033918865487674,1.2773,20.0,1.2395,55224,767.086,"[2.2787, 2.5034]","[2.8442, 3.1311]",3.131149189069266,0.011126464267483495,optimized,786.6025403784438,false
s003,35,2.2805,sequential,sequential,2,false,recovery_failed,775.3867037653114,2.4554501283611447,,18.5,1.1442,55224,775.387,"[2.3748, 2.4555]","[2.8442, 3.1311]",3.131149189069266,-0.1749373963611447,recovery_failed,786.6025403784438,false
s003,30,1.9547,sequential,sequential,2,false,not_run_after_fail,,,,0.0,,,,,,,,,,
s004,100,4.8986,sequential,sequential,2,true,,865.3891022959369,3.2485958617973676,1.0017,15.9,0.9762,253,865.389,"[1.6102, 3.2486]","[2.6984, 3.2529]",3.252854750545607,4.734969027391344e-6,optimized,950.0,true
s004,95,4.6536,sequential,sequential,2,true,,870.9851613371383,3.791391957070363,1.0082,15.3,0.9346,253,870.985,"[1.3928, 3.7914]","[2.6984, 3.2529]",3.252854750545607,0.011689491859687836,optimized,950.0,true
s004,90,4.4087,sequential,sequential,2,true,,869.9957312642075,3.674987807247794,1.0070,15.3,0.9392,253,869.996,"[1.3554, 3.675]","[2.6984, 3.2529]",3.252854750545607,0.011375420867043184,optimized,950.0,true
s004,85,4.1638,sequential,sequential,2,true,,869.0114101060657,3.5253821363691547,1.0059,15.4,0.9445,253,869.011,"[1.3139, 3.5254]","[2.6984, 3.2529]",3.252854750545607,0.011115032578930754,optimized,950.0,true
s004,80,3.9189,sequential,sequential,2,true,,871.8653639504012,2.827836642298562,1.0092,15.5,0.9483,253,871.865,"[1.4303, 2.8278]","[2.6984, 3.2529]",3.252854750545607,4.714820536515617e-6,optimized,950.0,true
s004,75,3.6739,sequential,sequential,2,true,,880.2988252552594,3.3838555778655,1.0190,16.4,1.0039,253,880.299,"[2.459, 3.3839]","[2.6984, 3.2529]",3.252854750545607,9.973796099098764e-6,optimized,950.0,true
s004,70,3.4290,sequential,sequential,2,true,,908.7675687090549,3.428996254859972,1.0519,15.1,0.9237,253,908.768,"[2.6285, 3.429]","[2.6984, 3.2529]",3.252854750545607,1.0714002840472858e-7,optimized,950.0,true
s004,65,3.1841,sequential,sequential,2,true,,1261.6295976720944,2.176434184872969,1.4604,14.9,0.9121,3059,1261.63,"[1.7266, 2.1764]","[1.51, 3.1027]",3.102742921766702,0.009378503479850324,optimized,950.0,true
s004,60,2.9391,sequential,sequential,2,true,,937.8726665535582,2.939138688365672,1.0856,54.2,3.3206,264713,937.873,"[2.6122, 2.9391]","[2.6984, 3.2529]",3.2528547525278553,1.1926343281842833e-6,optimized,950.0,false
s004,55,2.6942,sequential,sequential,2,false,recovery_failed,938.1726434399087,2.8585376649349037,,53.6,3.2829,264713,938.173,"[2.608, 2.8585]","[2.6984, 3.2529]",3.2528547525278553,-0.16432602393490336,recovery_failed,950.0,false
s004,50,2.4493,sequential,sequential,2,false,not_run_after_fail,,,,0.0,,,,,,,,,,
s004,45,2.2044,sequential,sequential,2,false,not_run_after_fail,,,,0.0,,,,,,,,,,
s004,40,1.9594,sequential,sequential,2,false,not_run_after_fail,,,,0.0,,,,,,,,,,
s004,35,1.7145,sequential,sequential,2,false,not_run_after_fail,,,,0.0,,,,,,,,,,
s004,30,1.4696,sequential,sequential,2,false,not_run_after_fail,,,,0.0,,,,,,,,,,
s005,100,6.2759,sequential,sequential,2,true,,1102.2436761091876,3.824485848801884,1.1548,15.7,0.9356,2493,1102.244,"[3.1562, 3.8245]","[3.2811, 3.5686]",3.568573907795664,0.00811469573942674,optimized,1150.0,false
s005,95,5.9621,sequential,sequential,2,true,,1102.2436769541825,3.824485444348893,1.1548,15.9,0.9484,2493,1102.244,"[3.1562, 3.8245]","[3.2811, 3.5686]",3.568573907795664,0.008114695521853277,optimized,1150.0,false
s005,90,5.6483,sequential,sequential,2,true,,1102.2436781245874,3.8244848918929444,1.1548,15.6,0.9334,2493,1102.244,"[3.1562, 3.8245]","[3.2811, 3.5686]",3.568573907795664,0.008114695218348334,optimized,1150.0,false
s005,85,5.3345,sequential,sequential,2,true,,1102.2436798374329,3.824484097295577,1.1548,15.6,0.9303,2493,1102.244,"[3.1562, 3.8245]","[3.2811, 3.5686]",3.568573907795664,0.00811469476657798,optimized,1150.0,false
s005,80,5.0207,sequential,sequential,2,true,,1102.24368258931,3.8244828509919,1.1548,15.6,0.9326,2493,1102.244,"[3.1562, 3.8245]","[3.2811, 3.5686]",3.568573907795664,0.008114694024384826,optimized,1150.0,false
s005,75,4.7070,sequential,sequential,2,true,,1102.243687730241,3.8244805921835052,1.1548,16.0,0.9555,7387,1102.244,"[3.1562, 3.8245]","[3.2811, 3.5686]",3.568573907795664,0.008114692591872492,optimized,1150.0,false
s005,70,4.3932,sequential,sequential,2,true,,1102.2437005163592,3.8244748960201544,1.1548,16.0,0.9564,7387,1102.244,"[3.1562, 3.8245]","[3.2811, 3.5686]",3.568573907795664,0.008114688788207435,optimized,1150.0,false
s005,65,4.0794,sequential,sequential,2,true,,1098.0523183727269,3.792290989338424,1.1504,16.0,0.9574,10320,1098.052,"[3.1781, 3.7923]","[3.2811, 3.5686]",3.568573907795664,0.00873671394013896,optimized,1150.0,false
s005,60,3.7656,sequential,sequential,2,true,,1101.4285319579521,3.7384202847671757,1.1539,16.2,0.9683,10320,1101.429,"[3.1153, 3.7384]","[3.2811, 3.5686]",3.568573907795664,0.008598909464009777,optimized,1150.0,false
s005,55,3.4518,sequential,sequential,2,true,,1864.6344781331877,2.693610410641057,1.9535,16.7,0.9981,23148,1864.634,"[2.2793, 2.6936]","[2.3326, 3.4463]",3.4463182783557147,0.011134353863159687,optimized,1150.0,true
s005,50,3.1380,sequential,sequential,2,false,recovery_failed,1100.0277090796935,3.707167300670856,,43.7,2.6097,241879,1100.028,"[3.106, 3.7072]","[3.2811, 3.5686]",3.568573907795664,-0.5691976756708557,recovery_failed,1150.0,false
s005,45,2.8242,sequential,sequential,2,false,not_run_after_fail,,,,0.0,,,,,,,,,,
s005,40,2.5104,sequential,sequential,2,false,not_run_after_fail,,,,0.0,,,,,,,,,,
s005,35,2.1966,sequential,sequential,2,false,not_run_after_fail,,,,0.0,,,,,,,,,,
s005,30,1.8828,sequential,sequential,2,false,not_run_after_fail,,,,0.0,,,,,,,,,,
s006,100,9.0711,sequential,sequential,2,true,,623.0655975204126,8.304973546716502,1.0323,15.8,0.9861,46,623.066,"[3.3581, 8.305]","[3.316, 4.2661]",4.266090509072699,6.0371489911086425e-5,optimized,650.0,false
s006,95,8.6175,sequential,sequential,2,true,,622.959046770592,8.242977637164332,1.0322,15.9,0.9895,46,622.959,"[3.3586, 8.243]","[3.316, 4.2661]",4.266090509072699,0.0016502265630887458,optimized,650.0,false
s006,90,8.1640,sequential,sequential,2,true,,624.2291391485011,8.163962332315243,1.0343,15.7,0.9775,46,624.229,"[3.3586, 8.164]","[3.316, 4.2661]",4.266090509072699,2.6106847563767133e-6,optimized,650.0,false
s006,85,7.7104,sequential,sequential,2,true,,637.7794906443748,6.486135024600462,1.0567,14.7,0.9172,46,637.779,"[3.3588, 6.4861]","[3.316, 4.2661]",4.266090509072699,0.010776561280573242,optimized,650.0,false
s006,80,7.2569,sequential,sequential,2,true,,625.5335470535937,7.256853778394154,1.0364,15.6,0.9751,46,625.534,"[3.3585, 7.2569]","[3.316, 4.2661]",4.266090509072699,4.059605846151726e-6,optimized,650.0,false
s006,75,6.8033,sequential,sequential,2,true,,626.0987249842636,6.803304002442891,1.0374,15.4,0.9601,46,626.099,"[3.3588, 6.8033]","[3.316, 4.2661]",4.266090509072699,2.8355710934846456e-7,optimized,650.0,false
s006,70,6.3497,sequential,sequential,2,true,,632.7763892886059,6.3497416517648055,1.0484,14.8,0.9257,46,632.776,"[3.3589, 6.3497]","[3.316, 4.2661]",4.266090509072699,9.082235195023713e-6,optimized,650.0,false
s006,65,5.8962,sequential,sequential,2,true,,631.7186993179993,5.896192384254483,1.0467,14.9,0.9320,46,631.719,"[3.3587, 5.8962]","[3.316, 4.2661]",4.266090509072699,4.796745516344458e-6,optimized,650.0,false
s006,60,5.4426,sequential,sequential,2,true,,629.1258577187899,5.429447067474051,1.0424,15.0,0.9375,46,629.126,"[3.3585, 5.4294]","[3.316, 4.2661]",4.266090509072699,1.7618192842128177e-9,optimized,650.0,false
s006,55,4.9891,sequential,sequential,2,true,,629.1401599803067,4.989089870504284,1.0424,15.1,0.9426,46,629.14,"[3.3587, 4.9891]","[3.316, 4.2661]",4.266090509072699,2.0549571644323805e-7,optimized,650.0,false
s006,50,4.5355,sequential,sequential,2,true,,645.1967001469322,4.4341397684413835,1.0690,15.3,0.9535,46,645.197,"[3.3595, 4.4341]","[3.316, 4.2661]",4.266090509072699,1.0213308801836768e-5,optimized,650.0,false
s006,45,4.0820,sequential,sequential,2,true,,657.0633140839516,4.0552927073600396,1.0887,15.0,0.9365,75,657.063,"[3.3645, 4.0553]","[3.316, 3.9353]",3.935312123758572,2.021644656888255e-8,optimized,650.0,true
s006,40,3.6284,sequential,sequential,2,false,recovery_failed,765.6797814381985,4.370410928578191,,52.9,3.3034,259359,765.68,"[3.7654, 4.3704]","[3.214, 3.8295]",3.8295154643956506,-2.018502430311057,recovery_failed,786.6025403784438,false
s006,35,3.1749,sequential,sequential,2,false,not_run_after_fail,,,,0.0,,,,,,,,,,
s006,30,2.7213,sequential,sequential,2,false,not_run_after_fail,,,,0.0,,,,,,,,,,
s007,100,5.9068,sequential,sequential,2,true,,798.4817026760296,5.231435892915048,1.0480,15.2,0.9375,419,798.482,"[1.6119, 5.2314]","[3.1229, 3.4133]",3.4132669118225465,2.038864839112864e-8,optimized,850.0,false
s007,95,5.6115,sequential,sequential,2,true,,775.4737028807048,5.2207389688890276,1.0178,16.0,0.9850,419,775.474,"[1.0953, 5.2207]","[3.1229, 3.4133]",3.4132669118225465,8.873600475235434e-7,optimized,850.0,false
s007,90,5.3161,sequential,sequential,2,true,,797.8467967036192,5.200892693543136,1.0471,15.5,0.9522,419,797.847,"[1.5898, 5.2009]","[3.1229, 3.4133]",3.4132669118225465,3.117003564057086e-5,optimized,850.0,false
s007,85,5.0208,sequential,sequential,2,true,,829.8301579733924,5.0167954068199485,1.0891,15.1,0.9260,419,829.83,"[2.3317, 5.0168]","[3.1229, 3.4133]",3.4132669118225465,0.003981311180051961,optimized,850.0,false
s007,80,4.7254,sequential,sequential,2,true,,834.9698152856133,4.725433093684497,1.0958,15.2,0.9328,739,834.97,"[2.3894, 4.7254]","[3.1229, 3.4133]",3.4132669118225465,3.8763155032484065e-6,optimized,850.0,false
s007,75,4.4301,sequential,sequential,2,true,,842.240682274371,3.970949339753125,1.1054,15.0,0.9229,1708,842.241,"[3.0686, 3.9709]","[3.1229, 3.4133]",3.4132669118225465,0.011523401070149986,optimized,850.0,false
s007,70,4.1348,sequential,sequential,2,true,,842.6948649100206,3.9627520999536547,1.1060,14.7,0.9053,1708,842.695,"[3.1077, 3.9628]","[3.1229, 3.4133]",3.4132669118225465,0.011569714724634856,optimized,850.0,false
s007,65,3.8394,sequential,sequential,2,true,,830.8627550848604,3.830717348064815,1.0905,15.7,0.9668,1708,830.863,"[2.969, 3.8307]","[3.1229, 3.4133]",3.4132669118225465,1.792408381440236e-8,optimized,850.0,false
s007,60,3.5441,sequential,sequential,2,true,,854.9269801714552,3.537510584410313,1.1220,15.2,0.9327,4189,854.927,"[3.0163, 3.5375]","[3.1229, 3.4133]",3.4132669118225465,0.006567393589687054,optimized,850.0,false
s007,55,3.2487,sequential,sequential,2,false,recovery_failed,1689.612570104791,3.397119036121427,,16.0,0.9817,17367,1689.613,"[2.128, 3.3971]","[2.0797, 3.1264]",3.1264455765591435,-0.14838080712142698,recovery_failed,850.0,true
s007,50,2.9534,sequential,sequential,2,false,not_run_after_fail,,,,0.0,,,,,,,,,,
s007,45,2.6581,sequential,sequential,2,false,not_run_after_fail,,,,0.0,,,,,,,,,,
s007,40,2.3627,sequential,sequential,2,false,not_run_after_fail,,,,0.0,,,,,,,,,,
s007,35,2.0674,sequential,sequential,2,false,not_run_after_fail,,,,0.0,,,,,,,,,,
s007,30,1.7720,sequential,sequential,2,false,not_run_after_fail,,,,0.0,,,,,,,,,,
s008,100,7.3296,sequential,sequential,2,true,,910.3864378763708,6.220582731871474,1.0086,16.5,0.9910,524,910.386,"[3.2093, 6.2206]","[4.0617, 4.2906]",4.290597861763115,2.717561929126532e-6,optimized,986.6025403784438,false
s008,95,6.9631,sequential,sequential,2,true,,906.8279531732145,6.279183646941336,1.0047,16.6,0.9976,524,906.828,"[3.1939, 6.2792]","[4.0617, 4.2906]",4.290597861763115,2.656629009971766e-6,optimized,986.6025403784438,false
s008,90,6.5966,sequential,sequential,2,true,,907.0983957151884,6.305987145750386,1.0050,16.5,0.9873,524,907.098,"[3.2126, 6.306]","[4.0617, 4.2906]",4.290597861763115,1.34792747584479e-5,optimized,986.6025403784438,false
s008,85,6.2302,sequential,sequential,2,true,,917.5646563143192,6.007939387081271,1.0166,16.3,0.9773,2401,917.565,"[3.2435, 6.0079]","[4.0617, 4.2906]",4.290597861763115,1.6995615478754185e-7,optimized,986.6025403784438,false
s008,80,5.8637,sequential,sequential,2,true,,930.2707304802908,5.818468966763409,1.0306,16.0,0.9601,2401,930.271,"[3.3687, 5.8185]","[4.0617, 4.2906]",4.290597861763115,7.496549995350543e-9,optimized,986.6025403784438,false
s008,75,5.4972,sequential,sequential,2,true,,946.2780870706756,5.1348594524026065,1.0484,16.3,0.9753,2401,946.278,"[3.458, 5.1349]","[4.0617, 4.2906]",4.290597861763115,1.1643868746621933e-7,optimized,986.6025403784438,false
s008,70,5.1307,sequential,sequential,2,true,,983.5436643927573,4.7275747402928525,1.0897,15.3,0.9153,2401,983.544,"[4.0613, 4.7276]","[4.0617, 4.2906]",4.290597861763115,0.011733495230593676,optimized,986.6025403784438,false
s008,65,4.7642,sequential,sequential,2,true,,940.7530187372627,4.4765582282726015,1.0422,15.8,0.9493,2401,940.753,"[3.8651, 4.4766]","[4.0617, 4.2906]",4.290597861763115,1.7495097040409746e-5,optimized,986.6025403784438,false
s008,60,4.3978,sequential,sequential,2,false,recovery_failed,979.0526887499062,4.440211001500006,,16.9,1.0121,25745,979.053,"[4.0292, 4.4402]","[4.0617, 4.2906]",4.290597861763115,-0.042443884500006135,recovery_failed,986.6025403784438,false
s008,55,4.0313,sequential,sequential,2,false,not_run_after_fail,,,,0.0,,,,,,,,,,
s008,50,3.6648,sequential,sequential,2,false,not_run_after_fail,,,,0.0,,,,,,,,,,
s008,45,3.2983,sequential,sequential,2,false,not_run_after_fail,,,,0.0,,,,,,,,,,
s008,40,2.9318,sequential,sequential,2,false,not_run_after_fail,,,,0.0,,,,,,,,,,
s008,35,2.5654,sequential,sequential,2,false,not_run_after_fail,,,,0.0,,,,,,,,,,
s008,30,2.1989,sequential,sequential,2,false,not_run_after_fail,,,,0.0,,,,,,,,,,
s009,100,8.0659,sequential,sequential,2,true,,976.5141295858602,6.531750942015994,1.0886,16.4,0.9806,358,976.514,"[4.4186, 6.5318]","[4.6117, 5.8416]",5.8416382018369,7.020866103768508e-9,optimized,1050.0,false
s009,95,7.6626,sequential,sequential,2,true,,981.1439773185358,6.49599035536918,1.0937,16.4,0.9797,358,981.144,"[4.3254, 6.496]","[4.6117, 5.8416]",5.8416382018369,1.5393323442303153e-8,optimized,1050.0,false
s009,90,7.2593,sequential,sequential,2,true,,1012.0497477750619,6.411267524605803,1.1282,16.0,0.9564,358,1012.05,"[4.4169, 6.4113]","[4.6117, 5.8416]",5.8416382018369,1.1357409585716072e-8,optimized,1050.0,false
s009,85,6.8560,sequential,sequential,2,true,,963.3572983146694,6.623457241309867,1.0739,16.6,0.9957,358,963.357,"[4.2035, 6.6235]","[4.6117, 5.8416]",5.8416382018369,4.8484648049879064e-8,optimized,1050.0,false
s009,80,6.4527,sequential,sequential,2,true,,1011.1811691562218,6.21747515496051,1.1272,17.4,1.0429,358,1011.181,"[4.4874, 6.2175]","[4.6117, 5.8416]",5.8416382018369,9.929386622642422e-8,optimized,1050.0,false
s009,75,6.0494,sequential,sequential,2,true,,994.8450115964074,5.750332878645077,1.1090,17.5,1.0473,358,994.845,"[4.4552, 5.7503]","[4.6117, 5.8416]",5.8416382018369,1.1925941309498533e-7,optimized,1050.0,false
s009,70,5.6462,sequential,sequential,2,true,,1252.9870821916402,5.556412982858459,1.3968,14.8,0.8829,1140,1252.987,"[4.6975, 5.5564]","[4.6958, 5.2861]",5.286149532504923,0.011533699312465196,optimized,1050.0,true
s009,65,5.2429,sequential,sequential,2,true,,1357.6078771113023,5.173970871090042,1.5134,14.9,0.8897,1911,1357.608,"[4.157, 5.174]","[4.2431, 4.9995]",4.999458540628978,0.011302394228734356,optimized,1050.0,true
s009,60,4.8396,sequential,sequential,2,true,,996.9832192811405,4.709559212506565,1.1114,19.0,1.1388,46134,996.983,"[4.5316, 4.7096]","[4.6117, 5.8416]",5.8416382018369,0.009805493131133105,optimized,1050.0,false
s009,55,4.4363,sequential,sequential,2,false,recovery_failed,1004.3763340853853,4.715813261252049,,18.1,1.0848,46134,1004.376,"[4.53, 4.7158]","[4.6117, 5.8416]",5.8416382018369,-0.2795499862520492,recovery_failed,1050.0,false
s009,50,4.0330,sequential,sequential,2,false,not_run_after_fail,,,,0.0,,,,,,,,,,
s009,45,3.6297,sequential,sequential,2,false,not_run_after_fail,,,,0.0,,,,,,,,,,
s009,40,3.2264,sequential,sequential,2,false,not_run_after_fail,,,,0.0,,,,,,,,,,
s009,35,2.8231,sequential,sequential,2,false,not_run_after_fail,,,,0.0,,,,,,,,,,
s009,30,2.4198,sequential,sequential,2,false,not_run_after_fail,,,,0.0,,,,,,,,,,
s010,100,8.3710,sequential,sequential,2,true,,810.1300231215905,5.5644611780759,1.1439,18.5,1.1243,32762,810.13,"[5.7387, 5.5645]","[6.0412, 6.3711]",6.371064464490475,3.192274277807883e-5,optimized,950.0000000000001,false
s010,95,7.9524,sequential,sequential,2,true,,790.6574272323662,5.600518111103225,1.1164,18.7,1.1346,32762,790.657,"[5.6427, 5.6005]","[6.0412, 6.3711]",6.371064464490475,8.83145321495249e-6,optimized,950.0000000000001,false
s010,90,7.5339,sequential,sequential,2,true,,803.7069872369206,5.562550571230303,1.1348,18.7,1.1376,32762,803.707,"[5.7007, 5.5626]","[6.0412, 6.3711]",6.371064464490475,2.801090499815473e-5,optimized,950.0000000000001,false
s010,85,7.1153,sequential,sequential,2,true,,790.9654014737537,5.487727420791444,1.1169,18.3,1.1150,32762,790.965,"[5.6004, 5.4877]","[6.0412, 6.3711]",6.371064464490475,7.509385022785864e-5,optimized,950.0000000000001,false
s010,80,6.6968,sequential,sequential,2,true,,806.4700675984927,5.549907725609178,1.1387,18.4,1.1201,32762,806.47,"[5.7231, 5.5499]","[6.0412, 6.3711]",6.371064464490475,0.00010825182209828199,optimized,950.0000000000001,false
s010,75,6.2782,sequential,sequential,2,true,,809.6063669306117,5.25966651893866,1.1432,18.4,1.1197,32762,809.606,"[5.7446, 5.2597]","[6.0412, 6.3711]",6.371064464490475,2.313094137207372e-5,optimized,950.0000000000001,false
s010,70,5.8597,sequential,sequential,2,true,,817.8118444400835,5.668387140788086,1.1548,18.8,1.1460,32762,817.812,"[5.989, 5.6684]","[6.0412, 6.3711]",6.371064464490475,1.5547366449819577e-9,optimized,950.0000000000001,false
s010,65,5.4411,sequential,sequential,2,true,,829.8270351300116,5.348469202155344,1.1717,17.6,1.0705,32762,829.827,"[5.9863, 5.3485]","[6.0412, 6.3711]",6.371064464490475,2.3646681484024157e-6,optimized,950.0000000000001,false
s010,60,5.0226,sequential,sequential,2,false,recovery_failed,844.3136947075435,5.36907749240569,,16.9,1.0274,32762,844.314,"[5.7634, 5.3691]","[6.0412, 6.3711]",6.371064464490475,-0.34648854840569054,recovery_failed,950.0000000000001,false
s010,55,4.6040,sequential,sequential,2,false,not_run_after_fail,,,,0.0,,,,,,,,,,
s010,50,4.1855,sequential,sequential,2,false,not_run_after_fail,,,,0.0,,,,,,,,,,
s010,45,3.7669,sequential,sequential,2,false,not_run_after_fail,,,,0.0,,,,,,,,,,
s010,40,3.3484,sequential,sequential,2,false,not_run_after_fail,,,,0.0,,,,,,,,,,
s010,35,2.9298,sequential,sequential,2,false,not_run_after_fail,,,,0.0,,,,,,,,,,
s010,30,2.5113,sequential,sequential,2,false,not_run_after_fail,,,,0.0,,,,,,,,,,
s011,100,6.8163,sequential,sequential,2,true,,902.3589685233411,4.13911388159645,1.0500,15.3,0.9469,422,902.359,"[1.3685, 4.1391]","[2.4411, 3.3688]",3.368779770003697,8.868667699529764e-9,optimized,986.602540378444,false
s011,95,6.4755,sequential,sequential,2,true,,898.3829367032051,5.480832366891813,1.0453,14.8,0.9197,422,898.383,"[1.3769, 5.4808]","[2.4411, 3.3688]",3.368779770003697,0.01128320516583596,optimized,986.602540378444,false
s011,90,6.1347,sequential,sequential,2,true,,954.1058320161372,5.955553227664285,1.1102,14.6,0.9076,422,954.106,"[1.9289, 5.9556]","[2.4411, 3.3688]",3.368779770003697,0.01181142244553699,optimized,986.602540378444,false
s011,85,5.7939,sequential,sequential,2,true,,897.3902516183318,3.958863024587795,1.0442,15.0,0.9322,422,897.39,"[1.3508, 3.9589]","[2.4411, 3.3688]",3.368779770003697,3.6896004307340746e-10,optimized,986.602540378444,false
s011,80,5.4530,sequential,sequential,2,true,,898.2592088766066,5.400024740083818,1.0452,14.9,0.9234,422,898.259,"[1.3875, 5.4]","[2.4411, 3.3688]",3.368779770003697,0.011187486457745378,optimized,986.602540378444,false
s011,75,5.1122,sequential,sequential,2,true,,882.2678635780818,4.716576586972656,1.0266,15.4,0.9533,422,882.268,"[1.3565, 4.7166]","[2.4411, 3.3688]",3.368779770003697,9.461519087177294e-6,optimized,986.602540378444,false
s011,70,4.7714,sequential,sequential,2,true,,966.812918783483,4.771411645531632,1.1250,14.4,0.8963,422,966.813,"[1.9396, 4.7714]","[2.4411, 3.3688]",3.368779770003697,2.424683680501971e-7,optimized,986.602540378444,false
s011,65,4.4306,sequential,sequential,2,true,,914.0180698234893,4.417611223427992,1.0635,15.2,0.9442,422,914.018,"[1.5096, 4.4176]","[2.4411, 3.3688]",3.368779770003697,1.2069661360636363e-8,optimized,986.602540378444,false
s011,60,4.0898,sequential,sequential,2,true,,930.7919552451384,3.931347291135996,1.0831,15.7,0.9718,422,930.792,"[1.0209, 3.9313]","[2.4411, 3.3688]",3.368779770003697,2.1345027918784343e-8,optimized,986.602540378444,false
s011,55,3.7490,sequential,sequential,2,true,,972.8888381355622,3.611646205114655,1.1320,14.6,0.9041,422,972.889,"[2.3998, 3.6116]","[2.4411, 3.3688]",3.368779770003697,0.010353142010202846,optimized,986.602540378444,false
s011,50,3.4082,sequential,sequential,2,false,recovery_failed,972.6762132025165,3.611436923237224,,14.8,0.9199,422,972.676,"[2.4018, 3.6114]","[2.4411, 3.3688]",3.368779770003697,-0.20328528823722358,recovery_failed,986.602540378444,false
s011,45,3.0673,sequential,sequential,2,false,not_run_after_fail,,,,0.0,,,,,,,,,,
s011,40,2.7265,sequential,sequential,2,false,not_run_after_fail,,,,0.0,,,,,,,,,,
s011,35,2.3857,sequential,sequential,2,false,not_run_after_fail,,,,0.0,,,,,,,,,,
s011,30,2.0449,sequential,sequential,2,false,not_run_after_fail,,,,0.0,,,,,,,,,,
s012,100,8.6661,sequential,sequential,2,true,,1203.161800067455,6.782530660309159,1.2175,22.3,1.3192,53240,1203.162,"[6.1783, 6.7825]","[5.8295, 6.4114]",6.411421507359964,6.643547173279182e-5,optimized,1250.0000000000002,false
s012,95,8.2328,sequential,sequential,2,true,,1203.1422861174267,6.780784735801589,1.2175,22.0,1.2972,53240,1203.142,"[6.1784, 6.7808]","[5.8295, 6.4114]",6.411421507359964,5.275608452955105e-5,optimized,1250.0000000000002,false
s012,90,7.7995,sequential,sequential,2,true,,1203.1076861936908,6.7776665475267075,1.2174,21.8,1.2864,53240,1203.108,"[6.1785, 6.7777]","[5.8295, 6.4114]",6.411421507359964,2.8935726852349908e-5,optimized,1250.0000000000002,false
s012,85,7.3662,sequential,sequential,2,true,,1203.0416767738086,6.771546608140838,1.2174,21.2,1.2530,53240,1203.042,"[6.179, 6.7715]","[5.8295, 6.4114]",6.411421507359964,5.8774668738492686e-5,optimized,1250.0000000000002,false
s012,80,6.9329,sequential,sequential,2,true,,1202.7728732641142,6.7438754973744,1.2171,21.1,1.2473,53240,1202.773,"[6.1813, 6.7439]","[5.8295, 6.4114]",6.411421507359964,7.500797540385337e-5,optimized,1250.0000000000002,false
s012,75,6.4996,sequential,sequential,2,true,,1198.0385001779468,6.397587139183629,1.2123,20.5,1.2086,53240,1198.039,"[6.0621, 6.3976]","[5.8295, 6.4114]",6.411421507359964,6.412900200430602e-5,optimized,1250.0000000000002,false
s012,70,6.0663,sequential,sequential,2,true,,1193.879947242444,5.978943257587426,1.2081,22.4,1.3208,53240,1193.88,"[6.1439, 5.9789]","[5.8295, 6.4114]",6.411421507359964,0.0034126280551524286,optimized,1250.0000000000002,false
s012,65,5.6330,sequential,sequential,2,true,,1190.8279239107903,5.602927644741951,1.2050,21.0,1.2371,53240,1190.828,"[6.1114, 5.6029]","[5.8295, 6.4114]",6.411421507359964,5.680902939812424e-5,optimized,1250.0000000000002,false
s012,60,5.1997,sequential,sequential,2,true,,1190.192664629437,5.168344482076004,1.2044,23.1,1.3616,53240,1190.193,"[5.8529, 5.1683]","[5.8295, 6.4114]",6.411421507359964,0.0032941547808274588,optimized,1250.0000000000002,false
s012,55,4.7664,sequential,sequential,2,false,recovery_failed,1199.605303067448,4.760489049140057,,20.7,1.2247,53240,1199.605,"[6.1371, 4.7605]","[5.8295, 6.4114]",6.411421507359964,-0.03711177502684809,recovery_failed,1250.0000000000002,false
s012,50,4.3331,sequential,sequential,2,false,not_run_after_fail,,,,0.0,,,,,,,,,,
s012,45,3.8998,sequential,sequential,2,false,not_run_after_fail,,,,0.0,,,,,,,,,,
s012,40,3.4665,sequential,sequential,2,false,not_run_after_fail,,,,0.0,,,,,,,,,,
s012,35,3.0331,sequential,sequential,2,false,not_run_after_fail,,,,0.0,,,,,,,,,,
s012,30,2.5998,sequential,sequential,2,false,not_run_after_fail,,,,0.0,,,,,,,,,,
s013,100,9.2194,sequential,sequential,2,true,,756.0803752109314,7.806254476021769,0.9663,17.8,1.1010,31881,756.08,"[5.7939, 7.8063]","[5.9488, 6.7473]",6.74730618421203,0.0022141310423229588,optimized,786.6025403784438,false
s013,95,8.7585,sequential,sequential,2,true,,752.1010375098298,7.774425362649457,0.9612,18.4,1.1379,31881,752.101,"[5.7901, 7.7744]","[5.9488, 6.7473]",6.74730618421203,0.0022824660021611917,optimized,786.6025403784438,false
s013,90,8.2975,sequential,sequential,2,true,,755.4737037519673,7.679203230501528,0.9655,18.2,1.1252,31881,755.474,"[5.7903, 7.6792]","[5.9488, 6.7473]",6.74730618421203,0.0022721296361848213,optimized,786.6025403784438,false
s013,85,7.8365,sequential,sequential,2,true,,750.2794981939477,7.5871624150461505,0.9589,18.4,1.1398,31881,750.279,"[5.7784, 7.5872]","[5.9488, 6.7473]",6.74730618421203,0.0024331380766191048,optimized,786.6025403784438,false
s013,80,7.3755,sequential,sequential,2,true,,737.7235153743222,7.319564068914423,0.9428,18.6,1.1517,31881,737.724,"[5.5522, 7.3196]","[5.9488, 6.7473]",6.74730618421203,0.00395083118537478,optimized,786.6025403784438,false
s013,75,6.9146,sequential,sequential,2,false,recovery_failed,767.4438572491073,6.822401542866291,,17.0,1.0530,31881,767.444,"[5.4415, 6.8224]","[5.9488, 6.7473]",6.74730618421203,-0.13042341241580624,recovery_failed,786.6025403784438,false
s013,70,6.4536,sequential,sequential,2,false,not_run_after_fail,,,,0.0,,,,,,,,,,
s013,65,5.9926,sequential,sequential,2,false,not_run_after_fail,,,,0.0,,,,,,,,,,
s013,60,5.5317,sequential,sequential,2,false,not_run_after_fail,,,,0.0,,,,,,,,,,
s013,55,5.0707,sequential,sequential,2,false,not_run_after_fail,,,,0.0,,,,,,,,,,
s013,50,4.6097,sequential,sequential,2,false,not_run_after_fail,,,,0.0,,,,,,,,,,
s013,45,4.1487,sequential,sequential,2,false,not_run_after_fail,,,,0.0,,,,,,,,,,
s013,40,3.6878,sequential,sequential,2,false,not_run_after_fail,,,,0.0,,,,,,,,,,
s013,35,3.2268,sequential,sequential,2,false,not_run_after_fail,,,,0.0,,,,,,,,,,
s013,30,2.7658,sequential,sequential,2,false,not_run_after_fail,,,,0.0,,,,,,,,,,
s014,100,4.1696,sequential,sequential,2,true,,678.1952128108743,3.1147415241976804,1.0676,15.5,0.9672,192,678.195,"[2.6793, 3.1147]","[2.9698, 3.1042]",3.1042044427358326,1.280727167340956e-5,optimized,750.0,false
s014,95,3.9611,sequential,sequential,2,true,,677.7070734863502,3.041696904447608,1.0668,15.8,0.9852,192,677.707,"[2.6538, 3.0417]","[2.9698, 3.1042]",3.1042044427358326,1.4911584571564163e-5,optimized,750.0,false
s014,90,3.7526,sequential,sequential,2,true,,675.9559402168217,2.970166959404365,1.0641,15.9,0.9892,192,675.956,"[2.606, 2.9702]","[2.9698, 3.1042]",3.1042044427358326,9.685109034762718e-7,optimized,750.0,false
s014,85,3.5441,sequential,sequential,2,true,,710.8062369035488,3.006750054546677,1.1189,15.6,0.9720,461,710.806,"[2.5996, 3.0068]","[2.9698, 3.1042]",3.1042044427358326,2.1173616887582014e-9,optimized,750.0,false
s014,80,3.3356,sequential,sequential,2,true,,706.8379991531275,2.9476981374571647,1.1127,16.0,0.9947,1161,706.838,"[2.3781, 2.9477]","[2.9698, 3.1042]",3.1042044427358326,2.779002024680399e-7,optimized,750.0,false
s014,75,3.1272,sequential,sequential,2,true,,709.5703075326735,2.802593921044774,1.1170,16.1,1.0027,6407,709.57,"[2.4097, 2.8026]","[2.9698, 3.1042]",3.1042044427358326,1.838900532021015e-7,optimized,750.0,false
s014,70,2.9187,sequential,sequential,2,true,,722.7672119734159,2.7814863536434156,1.1378,46.2,2.8802,227431,722.767,"[2.7784, 2.7815]","[2.9698, 3.1042]",3.1042044427358326,2.1441669446176093e-5,optimized,750.0,false
s014,65,2.7102,sequential,sequential,2,true,,725.2303132305199,2.7039733016957044,1.1416,46.3,2.8883,227431,725.23,"[2.7055, 2.704]","[2.9698, 3.1042]",3.1042044427358326,0.006242563304295956,optimized,750.0,false
s014,60,2.5017,sequential,sequential,2,true,,724.4790032780575,2.501558681351505,1.1405,46.7,2.9127,227431,724.479,"[2.6746, 2.5016]","[2.9698, 3.1042]",3.1042044427358326,0.00017911764849509737,optimized,750.0,false
s014,55,2.2933,sequential,sequential,2,false,recovery_failed,724.5289312239589,2.414943870206309,,43.3,2.6977,227431,724.529,"[2.6644, 2.4149]","[2.9698, 3.1042]",3.1042044427358326,-0.12168413820630875,recovery_failed,750.0,false
s014,50,2.0848,sequential,sequential,2,false,not_run_after_fail,,,,0.0,,,,,,,,,,
s014,45,1.8763,sequential,sequential,2,false,not_run_after_fail,,,,0.0,,,,,,,,,,
s014,40,1.6678,sequential,sequential,2,false,not_run_after_fail,,,,0.0,,,,,,,,,,
s014,35,1.4593,sequential,sequential,2,false,not_run_after_fail,,,,0.0,,,,,,,,,,
s014,30,1.2509,sequential,sequential,2,false,not_run_after_fail,,,,0.0,,,,,,,,,,
s015,100,5.6362,sequential,sequential,2,true,,848.282980140627,5.636208266325139,1.0142,16.0,0.9605,200,848.283,"[2.3181, 5.6362]","[3.087, 3.4058]",3.4058012836368223,1.7967486165559876e-7,optimized,950.0,false
s015,95,5.3544,sequential,sequential,2,true,,831.6680140173445,4.625867017043835,0.9943,16.6,1.0000,200,831.668,"[2.3348, 4.6259]","[3.087, 3.4058]",3.4058012836368223,8.5888248787237e-6,optimized,950.0,false
s015,90,5.0726,sequential,sequential,2,true,,894.34067164609,4.525385691276007,1.0692,15.4,0.9245,200,894.341,"[2.5958, 4.5254]","[3.087, 3.4058]",3.4058012836368223,0.015077734641709457,optimized,950.0,false
s015,85,4.7908,sequential,sequential,2,true,,894.3064496317943,4.455988966620248,1.0692,15.4,0.9269,200,894.306,"[2.6243, 4.456]","[3.087, 3.4058]",3.4058012836368223,0.014841871596631638,optimized,950.0,false
s015,80,4.5090,sequential,sequential,2,true,,894.0767199662405,4.393992284412874,1.0689,15.6,0.9410,200,894.077,"[2.6456, 4.394]","[3.087, 3.4058]",3.4058012836368223,0.014757998614559327,optimized,950.0,false
s015,75,4.2272,sequential,sequential,2,true,,853.8245781240382,4.227156207529773,1.0208,16.7,1.0020,200,853.825,"[2.3244, 4.2272]","[3.087, 3.4058]",3.4058012836368223,3.774702275194386e-7,optimized,950.0,false
s015,70,3.9453,sequential,sequential,2,true,,895.1378569246853,3.6481794390554447,1.0702,16.8,1.0126,200,895.138,"[2.8604, 3.6482]","[3.087, 3.4058]",3.4058012836368223,1.286786602237855e-7,optimized,950.0,false
s015,65,3.6635,sequential,sequential,2,true,,932.4442103492684,3.6635355881184286,1.1148,15.4,0.9246,200,932.444,"[2.9638, 3.6635]","[3.087, 3.4058]",3.4058012836368223,2.5188157160016544e-7,optimized,950.0,false
s015,60,3.3817,sequential,sequential,2,false,recovery_failed,1476.3710784498478,3.8032007718814533,,15.2,0.9124,4559,1476.371,"[2.2896, 3.8032]","[2.4073, 3.2554]",3.2554103812107367,-0.4214753038814534,recovery_failed,950.0,true
s015,55,3.0999,sequential,sequential,2,false,not_run_after_fail,,,,0.0,,,,,,,,,,
s015,50,2.8181,sequential,sequential,2,false,not_run_after_fail,,,,0.0,,,,,,,,,,
s015,45,2.5363,sequential,sequential,2,false,not_run_after_fail,,,,0.0,,,,,,,,,,
s015,40,2.2545,sequential,sequential,2,false,not_run_after_fail,,,,0.0,,,,,,,,,,
s015,35,1.9727,sequential,sequential,2,false,not_run_after_fail,,,,0.0,,,,,,,,,,
s015,30,1.6909,sequential,sequential,2,false,not_run_after_fail,,,,0.0,,,,,,,,,,
s016,100,5.8476,sequential,sequential,2,true,,900.53053161876,3.9114014518046085,1.1601,15.0,0.9195,1065,900.531,"[2.6723, 3.9114]","[2.7752, 3.3218]",3.32182895542008,0.010735064403537106,optimized,950.0,false
s016,95,5.5552,sequential,sequential,2,true,,900.5305179424386,3.911399812987417,1.1601,15.0,0.9222,1065,900.531,"[2.6723, 3.9114]","[2.7752, 3.3218]",3.32182895542008,0.0107350652417241,optimized,950.0,false
s016,90,5.2628,sequential,sequential,2,true,,900.5304986603104,3.9113975026103844,1.1601,15.0,0.9193,1065,900.53,"[2.6723, 3.9114]","[2.7752, 3.3218]",3.32182895542008,0.010735066430689534,optimized,950.0,false
s016,85,4.9704,sequential,sequential,2,true,,900.5304694350644,3.911394001345859,1.1601,15.0,0.9227,1065,900.53,"[2.6723, 3.9114]","[2.7752, 3.3218]",3.32182895542008,0.010735068225310678,optimized,950.0,false
s016,80,4.6781,sequential,sequential,2,true,,900.5304198627891,3.911388067122339,1.1601,15.0,0.9197,1065,900.53,"[2.6723, 3.9114]","[2.7752, 3.3218]",3.32182895542008,0.010735071292052168,optimized,950.0,false
s016,75,4.3857,sequential,sequential,2,true,,900.5303172122872,3.9113757923465053,1.1601,15.2,0.9317,1065,900.53,"[2.6723, 3.9114]","[2.7752, 3.3218]",3.32182895542008,0.010735077695026778,optimized,950.0,false
s016,70,4.0933,sequential,sequential,2,true,,900.5299736717188,3.9113348598677677,1.1601,15.1,0.9255,1065,900.53,"[2.6723, 3.9113]","[2.7752, 3.3218]",3.32182895542008,0.010735099678232194,optimized,950.0,false
s016,65,3.8009,sequential,sequential,2,true,,901.0290750168261,3.6643425916799814,1.1607,15.2,0.9324,1065,901.029,"[2.6213, 3.6643]","[2.7752, 3.3218]",3.32182895542008,0.010562550900601526,optimized,950.0,false
s016,60,3.5085,sequential,sequential,2,true,,898.5087341715043,2.986880394148251,1.1575,16.4,1.0079,1065,898.509,"[2.6328, 2.9869]","[2.7752, 3.3218]",3.32182895542008,0.010217412608717818,optimized,950.0,false
s016,55,3.2162,sequential,sequential,2,true,,1434.2039839861632,2.3453569464256545,1.8476,14.8,0.9118,3158,1434.204,"[1.3389, 2.3454]","[1.4413, 3.0737]",3.0737025810955227,0.011495631744441875,optimized,950.0,true
s016,50,2.9238,sequential,sequential,2,true,,898.467218442115,2.6083493200443653,1.1574,26.7,1.6419,104538,898.467,"[2.6394, 2.6083]","[2.7752, 3.3218]",3.32182895542008,0.0002946054345329685,optimized,950.0,false
s016,45,2.6314,sequential,sequential,2,true,,1152.0786789918882,2.5790345657902414,1.4841,19.6,1.2059,65687,1152.079,"[2.6434, 2.579]","[2.7688, 3.3138]",3.313764450572105,0.005117201448227245,optimized,1250.0,false
s016,40,2.3390,sequential,sequential,2,false,recovery_failed,1152.0764678228106,2.5789955631263894,,19.9,1.2239,65687,1152.076,"[2.6434, 2.579]","[2.7688, 3.3138]",3.313764450572105,-0.2399679381263895,recovery_failed,1250.0,false
s016,35,2.0466,sequential,sequential,2,false,not_run_after_fail,,,,0.0,,,,,,,,,,
s016,30,1.7543,sequential,sequential,2,false,not_run_after_fail,,,,0.0,,,,,,,,,,
s017,100,9.4853,sequential,sequential,2,true,,872.4844853398845,9.206815044870806,0.9314,16.3,0.9859,1039,872.484,"[2.2363, 9.2068]","[4.261, 8.8367]",8.836668914098006,8.536714155016334e-9,optimized,1150.0,true
s017,95,9.0110,sequential,sequential,2,true,,933.3690905576042,9.011001450136131,0.9964,16.7,1.0070,1039,933.369,"[2.0286, 9.011]","[4.261, 8.8367]",8.836668914098006,1.4863868358361287e-8,optimized,1150.0,true
s017,90,8.5367,sequential,sequential,2,true,,1025.0977288893218,8.455820809256602,1.0944,16.6,0.9997,1156,1025.098,"[1.754, 8.4558]","[0.9468, 7.1091]",7.109083771718992,1.2849229111266958e-9,optimized,1150.0,false
s017,85,8.0625,sequential,sequential,2,true,,991.0621644143091,7.465246292485845,1.0580,16.9,1.0189,1156,991.062,"[1.7611, 7.4652]","[0.9468, 7.1091]",7.109083771718992,0.0018889780152226282,optimized,1150.0,false
s017,80,7.5882,sequential,sequential,2,true,,1036.854962666573,7.583680114018108,1.1069,15.9,0.9617,1156,1036.855,"[1.3203, 7.5837]","[0.9468, 7.1091]",7.109083771718992,1.2116538258832854e-9,optimized,1150.0,false
s017,75,7.1139,sequential,sequential,2,true,,1086.2026872933225,7.113943731146439,1.1596,20.0,1.2077,1156,1086.203,"[1.6507, 7.1139]","[0.9468, 7.1091]",7.109083771718992,5.003853560836546e-6,optimized,1150.0,false
s017,70,6.6397,sequential,sequential,2,true,,1115.7831033230786,6.639685540900318,1.1912,21.5,1.2979,54621,1115.783,"[1.586, 6.6397]","[0.9468, 7.1091]",7.109083771718992,1.2099682145105817e-8,optimized,1150.0,false
s017,65,6.1654,sequential,sequential,2,false,recovery_failed,1156.6737464896562,6.3524078152394745,,18.4,1.1125,54621,1156.674,"[1.3309, 6.3524]","[0.9468, 7.1091]",7.109083771718992,-0.18698544523947458,recovery_failed,1150.0,false
s017,60,5.6912,sequential,sequential,2,false,not_run_after_fail,,,,0.0,,,,,,,,,,
s017,55,5.2169,sequential,sequential,2,false,not_run_after_fail,,,,0.0,,,,,,,,,,
s017,50,4.7426,sequential,sequential,2,false,not_run_after_fail,,,,0.0,,,,,,,,,,
s017,45,4.2684,sequential,sequential,2,false,not_run_after_fail,,,,0.0,,,,,,,,,,
s017,40,3.7941,sequential,sequential,2,false,not_run_after_fail,,,,0.0,,,,,,,,,,
s017,35,3.3198,sequential,sequential,2,false,not_run_after_fail,,,,0.0,,,,,,,,,,
s017,30,2.8456,sequential,sequential,2,false,not_run_after_fail,,,,0.0,,,,,,,,,,
s018,100,9.4205,sequential,sequential,2,true,,809.061998043828,2.979237415874825,1.0015,16.5,0.9875,86,809.062,"[2.4604, 2.9792]","[3.5543, 3.5934]",3.5934014661946607,5.974338935426203e-6,optimized,850.0,false
s018,95,8.9495,sequential,sequential,2,true,,809.1668169031147,2.9329844241124654,1.0017,16.5,0.9862,86,809.167,"[2.3472, 2.933]","[3.5543, 3.5934]",3.5934014661946607,3.315542133716553e-5,optimized,850.0,false
s018,90,8.4785,sequential,sequential,2,true,,809.0883458125572,2.9781927129362407,1.0016,16.5,0.9828,86,809.088,"[2.4638, 2.9782]","[3.5543, 3.5934]",3.5934014661946607,3.5964851317894497e-6,optimized,850.0,false
s018,85,8.0074,sequential,sequential,2,true,,809.1602990244791,2.928620898972777,1.0017,16.5,0.9870,86,809.16,"[2.3435, 2.9286]","[3.5543, 3.5934]",3.5934014661946607,6.035843685163854e-6,optimized,850.0,false
s018,80,7.5364,sequential,sequential,2,true,,809.0624607456881,2.9760096577324675,1.0015,16.5,0.9826,86,809.062,"[2.4646, 2.976]","[3.5543, 3.5934]",3.5934014661946607,3.053722596428997e-6,optimized,850.0,false
s018,75,7.0654,sequential,sequential,2,true,,809.0298928487697,2.9722180500367466,1.0015,16.5,0.9827,86,809.03,"[2.461, 2.9722]","[3.5543, 3.5934]",3.5934014661946607,2.824902483349433e-6,optimized,850.0,false
s018,70,6.5944,sequential,sequential,2,true,,809.0554615701787,2.971142233288068,1.0015,16.4,0.9815,86,809.055,"[2.464, 2.9711]","[3.5543, 3.5934]",3.5934014661946607,1.6320508418866666e-6,optimized,850.0,false
s018,65,6.1233,sequential,sequential,2,true,,809.0288433802494,2.9692813746390003,1.0015,16.4,0.9781,86,809.029,"[2.4669, 2.9693]","[3.5543, 3.5934]",3.5934014661946607,1.171859765033878e-5,optimized,850.0,false
s018,60,5.6523,sequential,sequential,2,true,,809.1623509917606,2.909732255124848,1.0017,16.5,0.9867,86,809.162,"[2.3274, 2.9097]","[3.5543, 3.5934]",3.5934014661946607,9.262000915807766e-5,optimized,850.0,false
s018,55,5.1813,sequential,sequential,2,true,,809.0153240040942,3.0239290163999617,1.0015,16.4,0.9784,86,809.015,"[2.5292, 3.0239]","[3.5543, 3.5934]",3.5934014661946607,1.080945779360809e-5,optimized,850.0,false
s018,50,4.7103,sequential,sequential,2,true,,809.0538324319343,3.1039415259437506,1.0015,16.3,0.9730,86,809.054,"[2.5882, 3.1039]","[3.5543, 3.5934]",3.5934014661946607,2.330772164465088e-6,optimized,850.0,false
s018,45,4.2392,sequential,sequential,2,true,,809.0248948607742,2.948708607518354,1.0015,16.2,0.9674,86,809.025,"[2.4838, 2.9487]","[3.5543, 3.5934]",3.5934014661946607,4.5620351752641e-6,optimized,850.0,false
s018,40,3.7682,sequential,sequential,2,true,,883.4328582697744,2.915071696186766,1.0936,17.0,1.0162,1265,883.433,"[3.0933, 2.9151]","[3.3395, 3.3749]",3.3748889348411764,1.3300542605065857e-6,optimized,950.0,false
s018,35,3.2972,sequential,sequential,2,true,,1292.066443095548,2.5203093779019166,1.5995,15.4,0.9191,4588,1292.066,"[1.844, 2.5203]","[1.7046, 3.2752]",3.2752474686760324,0.009366519829599004,optimized,950.0,true
s018,30,2.8262,sequential,sequential,2,true,,904.7066178897807,2.779266051437308,1.1199,63.5,3.7909,313843,904.707,"[3.2689, 2.7793]","[3.3395, 3.3749]",3.3748889348411764,2.8192181730446464e-5,optimized,950.0,false
s019,100,5.4267,sequential,sequential,2,true,,1021.2385106136081,5.340425242447381,1.1289,22.4,1.3251,64447,1021.239,"[3.1637, 5.3404]","[3.4269, 3.7226]",3.7225690099116586,4.593518224821347e-8,optimized,1050.0,false
s019,95,5.1553,sequential,sequential,2,true,,1055.9954864892852,4.495952118308947,1.1673,21.9,1.2963,64447,1055.995,"[3.2805, 4.496]","[3.4269, 3.7226]",3.7225690099116586,6.319088614176183e-8,optimized,1050.0,false
s019,90,4.8840,sequential,sequential,2,true,,1042.9632290542017,4.826960442184479,1.1529,22.3,1.3203,64447,1042.963,"[3.2422, 4.827]","[3.4269, 3.7226]",3.7225690099116586,3.385775071418351e-8,optimized,1050.0,false
s019,85,4.6127,sequential,sequential,2,true,,1045.0635997469888,4.4663101962279965,1.1553,21.9,1.3002,64447,1045.064,"[3.2476, 4.4663]","[3.4269, 3.7226]",3.7225690099116586,2.256571078260161e-8,optimized,1050.0,false
s019,80,4.3413,sequential,sequential,2,true,,1035.2306875103716,4.329614587685255,1.1444,21.7,1.2831,64447,1035.231,"[3.2732, 4.3296]","[3.4269, 3.7226]",3.7225690099116586,8.16845263096333e-8,optimized,1050.0,false
s019,75,4.0700,sequential,sequential,2,true,,1016.3770769799754,4.053210744027999,1.1235,21.9,1.3000,64447,1016.377,"[3.0484, 4.0532]","[3.4269, 3.7226]",3.7225690099116586,1.941851464348776e-9,optimized,1050.0,false
s019,70,3.7987,sequential,sequential,2,true,,1042.487837940429,3.798665497867382,1.1524,22.0,1.3041,64447,1042.488,"[3.4333, 3.7987]","[3.4269, 3.7226]",3.7225690099116586,2.513261776471154e-8,optimized,1050.0,false
s019,65,3.5273,sequential,sequential,2,false,recovery_failed,1062.6636650653936,3.618788867636211,,20.9,1.2408,64447,1062.664,"[3.4695, 3.6188]","[3.4269, 3.7226]",3.7225690099116586,-0.09145652563621098,recovery_failed,1050.0,false
s019,60,3.2560,sequential,sequential,2,false,not_run_after_fail,,,,0.0,,,,,,,,,,
s019,55,2.9847,sequential,sequential,2,false,not_run_after_fail,,,,0.0,,,,,,,,,,
s019,50,2.7133,sequential,sequential,2,false,not_run_after_fail,,,,0.0,,,,,,,,,,
s019,45,2.4420,sequential,sequential,2,false,not_run_after_fail,,,,0.0,,,,,,,,,,
s019,40,2.1707,sequential,sequential,2,false,not_run_after_fail,,,,0.0,,,,,,,,,,
s019,35,1.8993,sequential,sequential,2,false,not_run_after_fail,,,,0.0,,,,,,,,,,
s019,30,1.6280,sequential,sequential,2,false,not_run_after_fail,,,,0.0,,,,,,,,,,
s020,100,6.8907,sequential,sequential,2,false,recovery_failed,775.0347029477305,5.540377351274367,,15.4,0.9648,361,775.035,"[3.9746, 5.5404]","[3.7085, 4.6059]",4.605869815747106,-0.004724186799500166,recovery_failed,750.0000000000001,false
s020,95,6.5461,sequential,sequential,2,false,not_run_after_fail,,,,0.0,,,,,,,,,,
s020,90,6.2016,sequential,sequential,2,false,not_run_after_fail,,,,0.0,,,,,,,,,,
s020,85,5.8571,sequential,sequential,2,false,not_run_after_fail,,,,0.0,,,,,,,,,,
s020,80,5.5125,sequential,sequential,2,false,not_run_after_fail,,,,0.0,,,,,,,,,,
s020,75,5.1680,sequential,sequential,2,false,not_run_after_fail,,,,0.0,,,,,,,,,,
s020,70,4.8235,sequential,sequential,2,false,not_run_after_fail,,,,0.0,,,,,,,,,,
s020,65,4.4789,sequential,sequential,2,false,not_run_after_fail,,,,0.0,,,,,,,,,,
s020,60,4.1344,sequential,sequential,2,false,not_run_after_fail,,,,0.0,,,,,,,,,,
s020,55,3.7899,sequential,sequential,2,false,not_run_after_fail,,,,0.0,,,,,,,,,,
s020,50,3.4453,sequential,sequential,2,false,not_run_after_fail,,,,0.0,,,,,,,,,,
s020,45,3.1008,sequential,sequential,2,false,not_run_after_fail,,,,0.0,,,,,,,,,,
s020,40,2.7563,sequential,sequential,2,false,not_run_after_fail,,,,0.0,,,,,,,,,,
s020,35,2.4117,sequential,sequential,2,false,not_run_after_fail,,,,0.0,,,,,,,,,,
s020,30,2.0672,sequential,sequential,2,false,not_run_after_fail,,,,0.0,,,,,,,,,,
s021,100,9.5860,sequential,sequential,2,true,,761.6545001525461,8.91136317096744,1.0874,29.1,1.7844,150622,761.655,"[3.5047, 8.9114]","[4.253, 5.3742]",5.37415006203742,0.002785146527081641,optimized,750.0,false
s021,95,9.1067,sequential,sequential,2,true,,761.1887760089392,8.833124107075887,1.0867,29.3,1.7957,150622,761.189,"[3.0827, 8.8331]","[4.253, 5.3742]",5.37415006203742,0.003050995014481115,optimized,750.0,false
s021,90,8.6274,sequential,sequential,2,true,,761.61245316084,7.864041042162646,1.0873,28.9,1.7696,150622,761.612,"[3.6014, 7.864]","[4.253, 5.3742]",5.37415006203742,0.0006171324586173578,optimized,750.0,false
s021,85,8.1481,sequential,sequential,2,true,,763.6738452837152,7.562035569355777,1.0903,28.7,1.7593,150622,763.674,"[3.7086, 7.562]","[4.253, 5.3742]",5.37415006203742,0.0027646379303226526,optimized,750.0,false
s021,80,7.6688,sequential,sequential,2,false,recovery_failed,753.1942945708747,6.783089052685401,,27.7,1.6968,150622,753.194,"[3.7618, 6.7831]","[4.253, 5.3742]",5.37415006203742,-12.524027292987169,recovery_failed,750.0,false
s021,75,7.1895,sequential,sequential,2,false,not_run_after_fail,,,,0.0,,,,,,,,,,
s021,70,6.7102,sequential,sequential,2,false,not_run_after_fail,,,,0.0,,,,,,,,,,
s021,65,6.2309,sequential,sequential,2,false,not_run_after_fail,,,,0.0,,,,,,,,,,
s021,60,5.7516,sequential,sequential,2,false,not_run_after_fail,,,,0.0,,,,,,,,,,
s021,55,5.2723,sequential,sequential,2,false,not_run_after_fail,,,,0.0,,,,,,,,,,
s021,50,4.7930,sequential,sequential,2,false,not_run_after_fail,,,,0.0,,,,,,,,,,
s021,45,4.3137,sequential,sequential,2,false,not_run_after_fail,,,,0.0,,,,,,,,,,
s021,40,3.8344,sequential,sequential,2,false,not_run_after_fail,,,,0.0,,,,,,,,,,
s021,35,3.3551,sequential,sequential,2,false,not_run_after_fail,,,,0.0,,,,,,,,,,
s021,30,2.8758,sequential,sequential,2,false,not_run_after_fail,,,,0.0,,,,,,,,,,
s022,100,9.1438,sequential,sequential,2,true,,1191.5818867649332,3.6767217093833904,1.4297,25.4,1.5589,95469,1191.582,"[1.1633, 3.6767]","[1.6061, 3.2769]",3.2769427336906802,1.4144389369821764e-7,optimized,1250.0,false
s022,95,8.6866,sequential,sequential,2,true,,1221.204878073601,2.284089814091018,1.4652,24.3,1.4908,95469,1221.205,"[1.354, 2.2841]","[1.6061, 3.2769]",3.2769427336906802,7.922434238499809e-8,optimized,1250.0,false
s022,90,8.2294,sequential,sequential,2,true,,1207.2865352421713,3.5441845058019985,1.4485,24.4,1.5006,95469,1207.287,"[1.2493, 3.5442]","[1.6061, 3.2769]",3.2769427336906802,2.543039785696255e-8,optimized,1250.0,false
s022,85,7.7722,sequential,sequential,2,true,,1217.3200339330049,2.3162802399511127,1.4606,24.4,1.4971,95469,1217.32,"[1.29, 2.3163]","[1.6061, 3.2769]",3.2769427336906802,7.864078755553949e-8,optimized,1250.0,false
s022,80,7.3150,sequential,sequential,2,true,,1191.1307892021434,3.6640141326202085,1.4291,24.3,1.4911,95469,1191.131,"[1.1591, 3.664]","[1.6061, 3.2769]",3.2769427336906802,1.6847614376855335e-7,optimized,1250.0,false
s022,75,6.8578,sequential,sequential,2,true,,1199.8608255844056,3.552239138697044,1.4396,24.3,1.4929,95469,1199.861,"[1.221, 3.5522]","[1.6061, 3.2769]",3.2769427336906802,8.10829654009082e-8,optimized,1250.0,false
s022,70,6.4006,sequential,sequential,2,true,,1235.8701023090634,2.456608315706158,1.4828,24.0,1.4755,95469,1235.87,"[1.3636, 2.4566]","[1.6061, 3.2769]",3.2769427336906802,3.859412336590373e-8,optimized,1250.0,false
s022,65,5.9434,sequential,sequential,2,true,,1191.1640853905121,3.576273019995634,1.4292,24.4,1.4967,95469,1191.164,"[1.1188, 3.5763]","[1.6061, 3.2769]",3.2769427336906802,3.038913213432304e-8,optimized,1250.0,false
s022,60,5.4863,sequential,sequential,2,true,,1210.3743902029894,2.181609370926709,1.4522,24.1,1.4790,95469,1210.374,"[1.2839, 2.1816]","[1.6061, 3.2769]",3.2769427336906802,6.82620347192131e-8,optimized,1250.0,false
s022,55,5.0291,sequential,sequential,2,true,,1240.8556131985856,3.2405836704136686,1.4888,23.0,1.4106,95469,1240.856,"[1.386, 3.2406]","[1.6061, 3.2769]",3.2769427336906802,0.004558549104639594,optimized,1250.0,false
s022,50,4.5719,sequential,sequential,2,true,,1237.305421685498,2.4134063777286174,1.4845,24.2,1.4888,95469,1237.305,"[1.1515, 2.4134]","[1.6061, 3.2769]",3.2769427336906802,7.592594050698231e-8,optimized,1250.0,false
s022,45,4.1147,sequential,sequential,2,true,,1238.9065249376506,3.082434076353886,1.4865,23.0,1.4112,95469,1238.907,"[1.2583, 3.0824]","[1.6061, 3.2769]",3.2769427336906802,0.004556730091505232,optimized,1250.0,false
s022,40,3.6575,sequential,sequential,2,true,,1221.8058113819673,1.7328905814093813,1.4660,24.6,1.5112,95469,1221.806,"[1.3929, 1.7329]","[1.6061, 3.2769]",3.2769427336906802,0.002609124649564292,optimized,1250.0,false
s022,35,3.2003,sequential,sequential,2,false,recovery_failed,1204.845441380703,2.7841923596517217,,22.8,1.3997,95469,1204.845,"[1.5355, 2.7842]","[1.6061, 3.2769]",3.2769427336906802,-15.891680870094204,recovery_failed,1250.0,false
s022,30,2.7431,sequential,sequential,2,false,not_run_after_fail,,,,0.0,,,,,,,,,,
s023,100,4.2255,sequential,sequential,2,true,,743.9112465972894,3.6232948537401817,1.1403,14.6,0.9114,490,743.911,"[3.0087, 3.6233]","[3.0189, 3.1379]",3.137934366643853,0.011569714719937646,optimized,750.0,false
s023,95,4.0142,sequential,sequential,2,true,,743.6438479749992,3.617442386669612,1.1399,14.8,0.9234,490,743.644,"[3.0087, 3.6174]","[3.0189, 3.1379]",3.137934366643853,0.011569714720025931,optimized,750.0,false
s023,90,3.8030,sequential,sequential,2,true,,741.2223310943567,3.429061758255036,1.1362,14.6,0.9139,490,741.222,"[2.9694, 3.4291]","[3.0189, 3.1379]",3.137934366643853,0.011500974333732874,optimized,750.0,false
s023,85,3.5917,sequential,sequential,2,true,,728.9877819545325,3.4616461727235994,1.1174,15.4,0.9639,490,728.988,"[2.7535, 3.4616]","[3.0189, 3.1379]",3.137934366643853,1.4356487269828744e-8,optimized,750.0,false
s023,80,3.3804,sequential,sequential,2,true,,737.7982228029197,3.058199370280208,1.1309,15.2,0.9482,1297,737.798,"[2.9444, 3.0582]","[3.0189, 3.1379]",3.137934366643853,0.009300997567658738,optimized,750.0,false
s023,75,3.1691,sequential,sequential,2,true,,714.9483311437059,2.624118041968048,1.0959,15.9,0.9951,1356,714.948,"[2.7506, 2.6241]","[3.0189, 3.1379]",3.137934366643853,2.660050313352258e-7,optimized,750.0,false
s023,70,2.9579,sequential,sequential,2,true,,711.2941626424807,2.8031123652388006,1.0903,23.5,1.4658,82496,711.294,"[2.7197, 2.8031]","[3.0189, 3.1379]",3.137934366643853,5.444431167234143e-6,optimized,750.0,false
s023,65,2.7466,sequential,sequential,2,true,,717.9021591238992,2.5386150125235583,1.1004,22.7,1.4215,82496,717.902,"[2.7721, 2.5386]","[3.0189, 3.1379]",3.137934366643853,3.1193567338050343e-6,optimized,750.0,false
s023,60,2.5353,sequential,sequential,2,true,,730.5453672115448,2.5177980542511054,1.1198,21.8,1.3640,82496,730.545,"[2.8356, 2.5178]","[3.0189, 3.1379]",3.137934366643853,0.0068801835554992245,optimized,750.0,false
s023,55,2.3240,sequential,sequential,2,false,recovery_failed,730.6066685977902,2.4902373180260096,,21.0,1.3132,82496,730.607,"[2.8266, 2.4902]","[3.0189, 3.1379]",3.137934366643853,-0.1661993180260093,recovery_failed,750.0,false
s023,50,2.1128,sequential,sequential,2,false,not_run_after_fail,,,,0.0,,,,,,,,,,
s023,45,1.9015,sequential,sequential,2,false,not_run_after_fail,,,,0.0,,,,,,,,,,
s023,40,1.6902,sequential,sequential,2,false,not_run_after_fail,,,,0.0,,,,,,,,,,
s023,35,1.4789,sequential,sequential,2,false,not_run_after_fail,,,,0.0,,,,,,,,,,
s023,30,1.2677,sequential,sequential,2,false,not_run_after_fail,,,,0.0,,,,,,,,,,
s024,100,6.7650,sequential,sequential,2,true,,879.0314507250465,5.36091743505119,0.9954,17.8,1.0673,1068,879.031,"[3.922, 5.3609]","[3.9707, 4.3375]",4.3375126378518525,1.3765731526087621e-5,optimized,1050.0,false
s024,95,6.4267,sequential,sequential,2,true,,881.4785300304973,5.295979529012354,0.9981,17.3,1.0360,1068,881.479,"[3.9221, 5.296]","[3.9707, 4.3375]",4.3375126378518525,2.605334475699783e-5,optimized,1050.0,false
s024,90,6.0885,sequential,sequential,2,true,,873.3212461065243,5.6406087724612135,0.9889,17.6,1.0553,1068,873.321,"[3.9217, 5.6406]","[3.9707, 4.3375]",4.3375126378518525,1.280467361335468e-6,optimized,1050.0,false
s024,85,5.7502,sequential,sequential,2,true,,871.0717916349957,5.750209017762994,0.9864,18.0,1.0753,1068,871.072,"[3.9217, 5.7502]","[3.9707, 4.3375]",4.3375126378518525,1.1832370061526376e-6,optimized,1050.0,false
s024,80,5.4120,sequential,sequential,2,true,,877.297371084102,5.396005466438691,0.9934,17.6,1.0561,2715,877.297,"[3.9209, 5.396]","[3.9707, 4.3375]",4.3375126378518525,2.2294657381062277e-6,optimized,1050.0,false
s024,75,5.0737,sequential,sequential,2,true,,878.6258369800233,5.073714483415526,0.9949,17.2,1.0305,2715,878.626,"[3.9198, 5.0737]","[3.9707, 4.3375]",4.3375126378518525,5.175844739468971e-7,optimized,1050.0,false
s024,70,4.7355,sequential,sequential,2,true,,980.984925720532,4.622840953325805,1.1108,17.8,1.0671,3309,980.985,"[3.8491, 4.6228]","[3.9707, 4.3375]",4.3375126378518525,1.935745286285595e-9,optimized,1050.0,false
s024,65,4.3972,sequential,sequential,2,true,,1045.1408242833297,4.392479955874323,1.1835,15.2,0.9112,3309,1045.141,"[3.8329, 4.3925]","[3.9707, 4.3375]",4.3375126378518525,0.004739845125677711,optimized,1050.0,false
s024,60,4.0590,sequential,sequential,2,true,,1523.2779807676584,3.4685850622982137,1.7249,15.2,0.9077,8745,1523.278,"[2.06, 3.4686]","[1.9567, 3.6935]",3.6935035729391594,0.011359487199263395,optimized,1050.0,true
s024,55,3.7207,sequential,sequential,2,true,,1523.9257676938753,3.40163536837131,1.7256,15.0,0.8986,8745,1523.926,"[2.0307, 3.4016]","[1.9567, 3.6935]",3.6935035729391594,0.011383937073967088,optimized,1050.0,true
s024,50,3.3825,sequential,sequential,2,false,recovery_failed,1044.8807762955723,4.334011059124047,,22.5,1.3461,90857,1044.881,"[3.806, 4.334]","[3.9707, 4.3375]",4.3375126378518525,-0.951534058124047,recovery_failed,1050.0,false
s024,45,3.0442,sequential,sequential,2,false,not_run_after_fail,,,,0.0,,,,,,,,,,
s024,40,2.7060,sequential,sequential,2,false,not_run_after_fail,,,,0.0,,,,,,,,,,
s024,35,2.3677,sequential,sequential,2,false,not_run_after_fail,,,,0.0,,,,,,,,,,
s024,30,2.0295,sequential,sequential,2,false,not_run_after_fail,,,,0.0,,,,,,,,,,
s025,100,4.5790,sequential,sequential,2,true,,889.61344781533,3.5738714118966106,1.0989,15.0,0.9335,2867,889.613,"[3.0373, 3.5739]","[3.0431, 3.3606]",3.3606345147887247,0.011733495225883614,optimized,886.6025403784438,false
s025,95,4.3500,sequential,sequential,2,true,,889.6134478112072,3.57387141089614,1.0989,15.0,0.9305,2867,889.613,"[3.0373, 3.5739]","[3.0431, 3.3606]",3.3606345147887247,0.011733495225986658,optimized,886.6025403784438,false
s025,90,4.1211,sequential,sequential,2,true,,889.6134478053449,3.5660165904782692,1.0989,15.0,0.9302,6572,889.613,"[3.0238, 3.566]","[3.0431, 3.3606]",3.3606345147887247,0.011733495226196709,optimized,886.6025403784438,false
s025,85,3.8921,sequential,sequential,2,true,,886.0755157907097,3.8921465583446455,1.0945,15.0,0.9303,6572,886.076,"[2.5839, 3.8921]","[3.0431, 3.3606]",3.3606345147887247,3.744655354687154e-6,optimized,886.6025403784438,false
s025,80,3.6632,sequential,sequential,2,true,,888.1015146447837,3.5314118927205773,1.0970,15.1,0.9364,6572,888.102,"[3.0043, 3.5314]","[3.0431, 3.3606]",3.3606345147887247,0.012007324667109244,optimized,886.6025403784438,false
s025,75,3.4342,sequential,sequential,2,true,,886.2270723469103,3.4299842395225184,1.0947,15.4,0.9553,6572,886.227,"[2.8529, 3.43]","[3.0431, 3.3606]",3.3606345147887247,0.004266145477481942,optimized,886.6025403784438,false
s025,70,3.2053,sequential,sequential,2,true,,891.163828515416,3.04270573311771,1.1008,15.8,0.9838,6572,891.164,"[2.01, 3.0427]","[3.0431, 3.3606]",3.3606345147887247,3.406563139213281e-9,optimized,886.6025403784438,false
s025,65,2.9763,sequential,sequential,2,true,,865.2916790977606,2.9763504231627675,1.0689,16.1,1.0004,6572,865.292,"[1.8451, 2.9764]","[3.0431, 3.3606]",3.3606345147887247,4.38372325106684e-8,optimized,886.6025403784438,false
s025,60,2.7474,sequential,sequential,2,true,,898.1759100719621,2.736661043775988,1.1095,15.6,0.9668,6572,898.176,"[1.4861, 2.7367]","[3.0431, 3.3606]",3.3606345147887247,0.0018747672124954685,optimized,886.6025403784438,false
s025,55,2.5184,sequential,sequential,2,false,recovery_failed,911.8774423066408,2.8133244385669416,,14.9,0.9273,6572,911.877,"[1.802, 2.8133]","[3.0431, 3.3606]",3.3606345147887247,-0.2948738895669414,recovery_failed,886.6025403784438,false
s025,50,2.2895,sequential,sequential,2,false,not_run_after_fail,,,,0.0,,,,,,,,,,
s025,45,2.0605,sequential,sequential,2,false,not_run_after_fail,,,,0.0,,,,,,,,,,
s025,40,1.8316,sequential,sequential,2,false,not_run_after_fail,,,,0.0,,,,,,,,,,
s025,35,1.6026,sequential,sequential,2,false,not_run_after_fail,,,,0.0,,,,,,,,,,
s025,30,1.3737,sequential,sequential,2,false,not_run_after_fail,,,,0.0,,,,,,,,,,
s026,100,7.6316,sequential,sequential,2,true,,840.1421431485351,6.5489167247964755,1.0256,16.0,0.9912,613,840.142,"[2.3366, 6.5489]","[5.8281, 5.6419]",5.641894015609907,1.4728959504481387e-7,optimized,986.6025403784438,true
s026,95,7.2501,sequential,sequential,2,true,,841.4311842191489,6.541903698510108,1.0272,15.9,0.9850,613,841.431,"[2.3344, 6.5419]","[5.8281, 5.6419]",5.641894015609907,1.2691830958075356e-7,optimized,986.6025403784438,true
s026,90,6.8685,sequential,sequential,2,true,,828.7487841010645,6.4763972312782885,1.0117,16.0,0.9908,613,828.749,"[2.4123, 6.4764]","[5.8281, 5.6419]",5.641894015609907,8.287736423182035e-8,optimized,986.6025403784438,true
s026,85,6.4869,sequential,sequential,2,true,,916.0844536506243,6.486892531238522,1.1183,15.3,0.9461,613,916.084,"[5.1372, 6.4869]","[5.8281, 5.6419]",5.641894015609907,3.3176147873348327e-7,optimized,986.6025403784438,true
s026,80,6.1053,sequential,sequential,2,true,,939.7901922057417,6.10531066326052,1.1473,15.1,0.9381,613,939.79,"[5.2265, 6.1053]","[5.8281, 5.6419]",5.641894015609907,3.2573948072212033e-7,optimized,986.6025403784438,true
s026,75,5.7237,sequential,sequential,2,true,,992.9785983107502,5.717203503772154,1.2122,14.9,0.9270,613,992.979,"[5.8821, 5.7172]","[5.8281, 5.6419]",5.641894015609907,0.0065256112278460066,optimized,986.6025403784438,true
s026,70,5.3421,sequential,sequential,2,false,recovery_failed,994.4680116347932,5.586732848609442,,15.9,0.9872,18113,994.468,"[5.9579, 5.5867]","[5.8281, 5.6419]",5.641894015609907,-0.24458560860944178,recovery_failed,986.6025403784438,true
s026,65,4.9606,sequential,sequential,2,false,not_run_after_fail,,,,0.0,,,,,,,,,,
s026,60,4.5790,sequential,sequential,2,false,not_run_after_fail,,,,0.0,,,,,,,,,,
s026,55,4.1974,sequential,sequential,2,false,not_run_after_fail,,,,0.0,,,,,,,,,,
s026,50,3.8158,sequential,sequential,2,false,not_run_after_fail,,,,0.0,,,,,,,,,,
s026,45,3.4342,sequential,sequential,2,false,not_run_after_fail,,,,0.0,,,,,,,,,,
s026,40,3.0527,sequential,sequential,2,false,not_run_after_fail,,,,0.0,,,,,,,,,,
s026,35,2.6711,sequential,sequential,2,false,not_run_after_fail,,,,0.0,,,,,,,,,,
s026,30,2.2895,sequential,sequential,2,false,not_run_after_fail,,,,0.0,,,,,,,,,,
s027,100,5.5807,sequential,sequential,2,true,,604.108690109455,2.93895041176331,0.9931,15.4,0.9594,70,604.109,"[2.906, 2.939]","[2.8155, 3.1017]",3.101713830527957,2.8499927136872427e-6,optimized,650.0,false
s027,95,5.3017,sequential,sequential,2,true,,604.200735600477,2.9410237677820765,0.9932,15.3,0.9542,70,604.201,"[2.9077, 2.941]","[2.8155, 3.1017]",3.101713830527957,4.035693360686764e-6,optimized,650.0,false
s027,90,5.0227,sequential,sequential,2,true,,604.5236626387033,2.951811573207984,0.9937,15.1,0.9431,70,604.524,"[2.9084, 2.9518]","[2.8155, 3.1017]",3.101713830527957,4.633354481280548e-6,optimized,650.0,false
s027,85,4.7436,sequential,sequential,2,true,,604.5359644673048,2.9505123757277416,0.9938,15.1,0.9426,70,604.536,"[2.9069, 2.9505]","[2.8155, 3.1017]",3.101713830527957,0.0005181817514906252,optimized,650.0,false
s027,80,4.4646,sequential,sequential,2,true,,604.319286794262,2.9454540622367755,0.9934,15.3,0.9524,70,604.319,"[2.9078, 2.9455]","[2.8155, 3.1017]",3.101713830527957,7.495958018604142e-6,optimized,650.0,false
s027,75,4.1855,sequential,sequential,2,true,,604.5251900171584,2.9438101477109075,0.9937,15.6,0.9724,70,604.525,"[2.9055, 2.9438]","[2.8155, 3.1017]",3.101713830527957,2.8856360020450666e-5,optimized,650.0,false
s027,70,3.9065,sequential,sequential,2,true,,604.671788446788,2.934349615398272,0.9940,15.6,0.9745,84,604.672,"[2.9011, 2.9343]","[2.8155, 3.1017]",3.101713830527957,6.86817321845956e-6,optimized,650.0,false
s027,65,3.6275,sequential,sequential,2,true,,604.6912636857888,2.8691724780307744,0.9940,15.7,0.9803,84,604.691,"[2.8532, 2.8692]","[2.8155, 3.1017]",3.101713830527957,2.024908954150305e-6,optimized,650.0,false
s027,60,3.3484,sequential,sequential,2,true,,624.6438162774821,3.0130860297738087,1.0268,15.7,0.9792,84,624.644,"[2.6344, 3.0131]","[2.8155, 3.1017]",3.101713830527957,3.0877018580843796e-8,optimized,650.0,false
s027,55,3.0694,sequential,sequential,2,false,recovery_failed,1181.7806776814377,3.34966185990165,,14.8,0.9216,1076,1181.781,"[2.009, 3.3497]","[2.1758, 3.0536]",3.053601656121781,-0.2802595399016501,recovery_failed,650.0,true
s027,50,2.7904,sequential,sequential,2,false,not_run_after_fail,,,,0.0,,,,,,,,,,
s027,45,2.5113,sequential,sequential,2,false,not_run_after_fail,,,,0.0,,,,,,,,,,
s027,40,2.2323,sequential,sequential,2,false,not_run_after_fail,,,,0.0,,,,,,,,,,
s027,35,1.9533,sequential,sequential,2,false,not_run_after_fail,,,,0.0,,,,,,,,,,
s027,30,1.6742,sequential,sequential,2,false,not_run_after_fail,,,,0.0,,,,,,,,,,
s028,100,9.2040,sequential,sequential,2,true,,974.5321915267606,3.267791807003383,1.0389,15.3,0.9303,834,974.532,"[2.6356, 3.2678]","[2.8092, 3.4056]",3.4056484779093217,0.008783014627523386,optimized,1050.0,false
s028,95,8.7438,sequential,sequential,2,true,,974.5321911042065,3.2677916142201764,1.0389,15.3,0.9291,834,974.532,"[2.6356, 3.2678]","[2.8092, 3.4056]",3.4056484779093217,0.008783014665483809,optimized,1050.0,false
s028,90,8.2836,sequential,sequential,2,true,,974.5321905900722,3.2677913792702933,1.0389,15.2,0.9262,834,974.532,"[2.6356, 3.2678]","[2.8092, 3.4056]",3.4056484779093217,0.008783014642350359,optimized,1050.0,false
s028,85,7.8234,sequential,sequential,2,true,,974.5321899611733,3.2677910996713604,1.0389,15.3,0.9333,834,974.532,"[2.6356, 3.2678]","[2.8092, 3.4056]",3.4056484779093217,0.008783014611840934,optimized,1050.0,false
s028,80,7.3632,sequential,sequential,2,true,,974.5321891684158,3.267790751214013,1.0389,15.3,0.9278,834,974.532,"[2.6356, 3.2678]","[2.8092, 3.4056]",3.4056484779093217,0.008783014576148242,optimized,1050.0,false
s028,75,6.9030,sequential,sequential,2,true,,974.5321881419876,3.26779030898569,1.0389,15.2,0.9253,834,974.532,"[2.6356, 3.2678]","[2.8092, 3.4056]",3.4056484779093217,0.008783014546582223,optimized,1050.0,false
s028,70,6.4428,sequential,sequential,2,true,,974.5321867482062,3.2677897240184874,1.0389,15.2,0.9265,834,974.532,"[2.6356, 3.2678]","[2.8092, 3.4056]",3.4056484779093217,0.008783014425008256,optimized,1050.0,false
s028,65,5.9826,sequential,sequential,2,true,,974.5321847718999,3.267788916956035,1.0389,15.3,0.9317,834,974.532,"[2.6356, 3.2678]","[2.8092, 3.4056]",3.4056484779093217,0.008783014379618908,optimized,1050.0,false
s028,60,5.5224,sequential,sequential,2,true,,974.5321817203194,3.267787724992869,1.0389,15.3,0.9317,834,974.532,"[2.6356, 3.2678]","[2.8092, 3.4056]",3.4056484779093217,0.008783014252449556,optimized,1050.0,false
s028,55,5.0622,sequential,sequential,2,true,,974.5321763794012,3.267785744609024,1.0389,15.2,0.9269,834,974.532,"[2.6356, 3.2678]","[2.8092, 3.4056]",3.4056484779093217,0.008783014025812289,optimized,1050.0,false
s028,50,4.6020,sequential,sequential,2,true,,974.5321645204457,3.267781576876495,1.0389,15.4,0.9388,834,974.532,"[2.6356, 3.2678]","[2.8092, 3.4056]",3.4056484779093217,0.008783013540822403,optimized,1050.0,false
s028,45,4.1418,sequential,sequential,2,true,,974.5321110945844,3.2677598245626145,1.0389,15.0,0.9127,915,974.532,"[2.6355, 3.2678]","[2.8092, 3.4056]",3.4056484779093217,0.00878301241601204,optimized,1050.0,false
s028,40,3.6816,sequential,sequential,2,true,,974.5070045771129,3.2664032200385713,1.0389,15.5,0.9408,8735,974.507,"[2.6358, 3.2664]","[2.8092, 3.4056]",3.4056484779093217,0.008781846562154454,optimized,1050.0,false
s028,35,3.2214,sequential,sequential,2,true,,2099.324390145462,2.994960511003801,2.2379,16.9,1.0253,31556,2099.324,"[1.5883, 2.995]","[1.542, 3.1526]",3.1526490280928794,0.011500631776086487,optimized,1050.0,true
s028,30,2.7612,sequential,sequential,2,true,,1148.200520563981,2.687936751270862,1.2240,18.3,1.1110,34939,1148.201,"[1.7504, 2.6879]","[2.8095, 3.2844]",3.2843695170759006,7.3457820235489635e-6,optimized,1186.6025403784438,false
s029,100,3.9849,sequential,sequential,2,true,,1082.7622506166133,2.7705489730077137,1.0940,16.5,0.9845,2854,1082.762,"[0.8821, 2.7705]","[2.7244, 3.0747]",3.074698581061502,6.520103579532588e-5,optimized,1150.0,false
s029,95,3.7856,sequential,sequential,2,true,,1081.6479289086308,2.3810067033565288,1.0929,16.5,0.9812,3919,1081.648,"[0.8413, 2.381]","[2.7244, 3.0747]",3.074698581061502,0.014808687545832762,optimized,1150.0,false
s029,90,3.5864,sequential,sequential,2,true,,1136.5305662563892,3.189720540925257,1.1484,16.1,0.9566,3919,1136.531,"[2.6514, 3.1897]","[2.7244, 3.0747]",3.074698581061502,0.00949591938995192,optimized,1150.0,false
s029,85,3.3871,sequential,sequential,2,true,,1087.0154115750095,3.1052961447643184,1.0983,17.6,1.0456,3919,1087.015,"[2.2985, 3.1053]","[2.7244, 3.0747]",3.074698581061502,2.1577656595869743e-7,optimized,1150.0,false
s029,80,3.1879,sequential,sequential,2,true,,1105.2050610669824,2.8615776842634246,1.1167,15.9,0.9446,5505,1105.205,"[2.5986, 2.8616]","[2.7244, 3.0747]",3.074698581061502,3.433309075262514e-6,optimized,1150.0,false
s029,75,2.9887,sequential,sequential,2,true,,1103.433178074947,2.8272739593703933,1.1149,24.5,1.4568,95010,1103.433,"[2.5688, 2.8273]","[2.7244, 3.0747]",3.074698581061502,5.5905550198076526e-6,optimized,1150.0,false
s029,70,2.7894,sequential,sequential,2,true,,1095.6087534407204,2.696481334205478,1.1070,25.2,1.4997,95010,1095.609,"[2.3773, 2.6965]","[2.7244, 3.0747]",3.074698581061502,6.933996701263823e-7,optimized,1150.0,false
s029,65,2.5902,sequential,sequential,2,true,,1123.4741099692667,2.456321836620308,1.1352,23.6,1.4042,95010,1123.474,"[2.5814, 2.4563]","[2.7244, 3.0747]",3.074698581061502,0.007728727940199812,optimized,1150.0,false
s029,60,2.3909,sequential,sequential,2,false,recovery_failed,1123.4361077747837,2.456401131282367,,23.8,1.4133,95010,1123.436,"[2.582, 2.4564]","[2.7244, 3.0747]",3.074698581061502,-0.06547865128236685,recovery_failed,1150.0,false
s029,55,2.1917,sequential,sequential,2,false,not_run_after_fail,,,,0.0,,,,,,,,,,
s029,50,1.9924,sequential,sequential,2,false,not_run_after_fail,,,,0.0,,,,,,,,,,
s029,45,1.7932,sequential,sequential,2,false,not_run_after_fail,,,,0.0,,,,,,,,,,
s029,40,1.5939,sequential,sequential,2,false,not_run_after_fail,,,,0.0,,,,,,,,,,
s029,35,1.3947,sequential,sequential,2,false,not_run_after_fail,,,,0.0,,,,,,,,,,
s029,30,1.1955,sequential,sequential,2,false,not_run_after_fail,,,,0.0,,,,,,,,,,
s030,100,8.2140,sequential,sequential,2,true,,914.6712921311039,5.969380146150727,1.0727,17.2,1.0375,1307,914.671,"[5.1416, 5.9694]","[4.7116, 5.6364]",5.63635384763605,7.983579942971719e-10,optimized,1050.0,false
s030,95,7.8033,sequential,sequential,2,true,,916.134823347226,5.953346593756854,1.0744,17.2,1.0365,1307,916.135,"[5.1419, 5.9533]","[4.7116, 5.6364]",5.63635384763605,8.802650473122009e-9,optimized,1050.0,false
s030,90,7.3926,sequential,sequential,2,true,,917.178518693923,5.934284202596445,1.0756,17.5,1.0581,9135,917.179,"[5.1418, 5.9343]","[4.7116, 5.6364]",5.63635384763605,1.266389736132023e-10,optimized,1050.0,false
s030,85,6.9819,sequential,sequential,2,true,,918.8690963206865,5.895516958516233,1.0776,17.5,1.0589,9135,918.869,"[5.1419, 5.8955]","[4.7116, 5.6364]",5.63635384763605,1.0690679071168052e-9,optimized,1050.0,false
s030,80,6.5712,sequential,sequential,2,true,,922.5610948819487,5.8342451416383065,1.0820,17.5,1.0593,9135,922.561,"[5.1416, 5.8342]","[4.7116, 5.6364]",5.63635384763605,7.70326804427901e-9,optimized,1050.0,false
s030,75,6.1605,sequential,sequential,2,true,,923.4677647559007,5.782144702948643,1.0830,17.9,1.0797,9135,923.468,"[5.1419, 5.7821]","[4.7116, 5.6364]",5.63635384763605,3.7318519073560307e-6,optimized,1050.0,false
s030,70,5.7498,sequential,sequential,2,true,,1012.084563316859,5.749834401827979,1.1870,17.1,1.0306,9135,1012.085,"[5.1451, 5.7498]","[4.7116, 5.6364]",5.63635384763605,1.3172021695595504e-8,optimized,1050.0,false
s030,65,5.3391,sequential,sequential,2,false,recovery_failed,1620.0948979222617,5.6340578332284235,,15.3,0.9217,9141,1620.095,"[3.7186, 5.6341]","[3.7566, 4.9991]",4.999106471752217,-0.2949258052284236,recovery_failed,1050.0,true
s030,60,4.9284,sequential,sequential,2,false,not_run_after_fail,,,,0.0,,,,,,,,,,
s030,55,4.5177,sequential,sequential,2,false,not_run_after_fail,,,,0.0,,,,,,,,,,
s030,50,4.1070,sequential,sequential,2,false,not_run_after_fail,,,,0.0,,,,,,,,,,
s030,45,3.6963,sequential,sequential,2,false,not_run_after_fail,,,,0.0,,,,,,,,,,
s030,40,3.2856,sequential,sequential,2,false,not_run_after_fail,,,,0.0,,,,,,,,,,
s030,35,2.8749,sequential,sequential,2,false,not_run_after_fail,,,,0.0,,,,,,,,,,
s030,30,2.4642,sequential,sequential,2,false,not_run_after_fail,,,,0.0,,,,,,,,,,
s031,100,8.2837,sequential,sequential,2,true,,1046.643713008427,5.688992934486645,1.0128,21.5,1.2665,45795,1046.644,"[5.4289, 5.689]","[5.3713, 6.2107]",6.210719471940918,1.3868535804955173e-5,optimized,1250.0,false
s031,95,7.8695,sequential,sequential,2,true,,1185.589946152899,6.054790412650059,1.1472,18.5,1.0905,45795,1185.59,"[5.3884, 6.0548]","[5.3713, 6.2107]",6.210719471940918,0.011459327068314385,optimized,1250.0,false
s031,90,7.4553,sequential,sequential,2,true,,1185.1839423036977,6.042314934295616,1.1469,18.5,1.0865,45795,1185.184,"[5.3883, 6.0423]","[5.3713, 6.2107]",6.210719471940918,0.011444040061040781,optimized,1250.0,false
s031,85,7.0411,sequential,sequential,2,true,,1183.8044732650494,5.986509841334053,1.1455,18.4,1.0850,45795,1183.804,"[5.3882, 5.9865]","[5.3713, 6.2107]",6.210719471940918,0.011389874108866651,optimized,1250.0,false
s031,80,6.6269,sequential,sequential,2,true,,1177.8929113866236,5.536474286288259,1.1398,19.0,1.1163,45795,1177.893,"[5.4227, 5.5365]","[5.3713, 6.2107]",6.210719471940918,0.011763065201167938,optimized,1250.0,false
s031,75,6.2128,sequential,sequential,2,true,,1177.8250945590646,5.746111736621382,1.1397,18.8,1.1044,45795,1177.825,"[5.3882, 5.7461]","[5.3713, 6.2107]",6.210719471940918,0.010856059762111335,optimized,1250.0,false
s031,70,5.7986,sequential,sequential,2,true,,1148.816468155439,5.522112554582766,1.1117,20.5,1.2063,45795,1148.816,"[5.4139, 5.5221]","[5.3713, 6.2107]",6.210719471940918,7.02377401466947e-5,optimized,1250.0,false
s031,65,5.3844,sequential,sequential,2,true,,1149.8122725963408,5.384388588841823,1.1126,22.2,1.3065,45795,1149.812,"[5.2951, 5.3844]","[5.3713, 6.2107]",6.210719471940918,4.8158177001766944e-8,optimized,1250.0,false
s031,60,4.9702,sequential,sequential,2,false,recovery_failed,1182.8983210777506,5.25939395084013,,21.5,1.2672,45795,1182.898,"[5.2151, 5.2594]","[5.3713, 6.2107]",6.210719471940918,-0.28918897784013,recovery_failed,1250.0,false
s031,55,4.5560,sequential,sequential,2,false,not_run_after_fail,,,,0.0,,,,,,,,,,
s031,50,4.1418,sequential,sequential,2,false,not_run_after_fail,,,,0.0,,,,,,,,,,
s031,45,3.7277,sequential,sequential,2,false,not_run_after_fail,,,,0.0,,,,,,,,,,
s031,40,3.3135,sequential,sequential,2,false,not_run_after_fail,,,,0.0,,,,,,,,,,
s031,35,2.8993,sequential,sequential,2,false,not_run_after_fail,,,,0.0,,,,,,,,,,
s031,30,2.4851,sequential,sequential,2,false,not_run_after_fail,,,,0.0,,,,,,,,,,
s032,100,6.2607,sequential,sequential,2,true,,903.669437399369,5.338813376658609,1.0119,17.3,1.0453,348,903.669,"[3.3975, 5.3388]","[3.3724, 3.6529]",3.652925533454329,5.443779400593485e-6,optimized,950.0,false
s032,95,5.9477,sequential,sequential,2,true,,913.9443813832645,5.21385517880299,1.0234,16.7,1.0111,348,913.944,"[3.4028, 5.2139]","[3.3724, 3.6529]",3.652925533454329,6.300673453552008e-5,optimized,950.0,false
s032,90,5.6346,sequential,sequential,2,true,,915.3102085215016,5.209807733332764,1.0249,16.8,1.0144,348,915.31,"[3.4015, 5.2098]","[3.3724, 3.6529]",3.652925533454329,0.014416468996660825,optimized,950.0,false
s032,85,5.3216,sequential,sequential,2,true,,916.3693373482499,5.202301968914001,1.0261,16.7,1.0078,348,916.369,"[3.4036, 5.2023]","[3.3724, 3.6529]",3.652925533454329,5.814710220874986e-6,optimized,950.0,false
s032,80,5.0086,sequential,sequential,2,true,,938.30616344187,5.008569355811873,1.0506,16.6,1.0050,348,938.306,"[3.4139, 5.0086]","[3.3724, 3.6529]",3.652925533454329,7.351881272654737e-7,optimized,950.0,false
s032,75,4.6955,sequential,sequential,2,true,,942.1105264408046,4.3235345038422786,1.0549,16.3,0.9842,348,942.111,"[3.39, 4.3235]","[3.3724, 3.6529]",3.652925533454329,0.01114067530687074,optimized,950.0,false
s032,70,4.3825,sequential,sequential,2,true,,943.0178128331484,4.2956981248735735,1.0559,16.8,1.0180,1596,943.018,"[3.39, 4.2957]","[3.3724, 3.6529]",3.652925533454329,0.011124408552092964,optimized,950.0,false
s032,65,4.0695,sequential,sequential,2,true,,951.4620543424197,4.007583773461033,1.0654,16.9,1.0231,1618,951.462,"[3.3521, 4.0076]","[3.3724, 3.6529]",3.652925533454329,4.338217081567564e-6,optimized,950.0,false
s032,60,3.7564,sequential,sequential,2,false,recovery_failed,968.2845872226735,3.8056796845942187,,15.7,0.9490,6146,968.285,"[3.3804, 3.8057]","[3.3724, 3.6529]",3.652925533454329,-0.04925186559421846,recovery_failed,950.0,false
s032,55,3.4434,sequential,sequential,2,false,not_run_after_fail,,,,0.0,,,,,,,,,,
s032,50,3.1304,sequential,sequential,2,false,not_run_after_fail,,,,0.0,,,,,,,,,,
s032,45,2.8173,sequential,sequential,2,false,not_run_after_fail,,,,0.0,,,,,,,,,,
s032,40,2.5043,sequential,sequential,2,false,not_run_after_fail,,,,0.0,,,,,,,,,,
s032,35,2.1912,sequential,sequential,2,false,not_run_after_fail,,,,0.0,,,,,,,,,,
s032,30,1.8782,sequential,sequential,2,false,not_run_after_fail,,,,0.0,,,,,,,,,,
s033,100,5.3083,sequential,sequential,2,true,,803.0943814610446,4.439015383512074,1.0650,15.0,0.9311,247,803.094,"[1.827, 4.439]","[3.1139, 3.4544]",3.454443877293612,3.569119092286521e-8,optimized,850.0,false
s033,95,5.0428,sequential,sequential,2,true,,802.6836787627059,4.536627838150593,1.0645,15.1,0.9420,247,802.684,"[1.8384, 4.5366]","[3.1139, 3.4544]",3.454443877293612,1.851699887867042e-8,optimized,850.0,false
s033,90,4.7774,sequential,sequential,2,true,,845.1108922153578,3.8200743839941973,1.1207,15.1,0.9412,247,845.111,"[3.1043, 3.8201]","[3.1139, 3.4544]",3.454443877293612,0.011569714719935766,optimized,850.0,false
s033,85,4.5120,sequential,sequential,2,true,,842.5999890227527,4.475858095914788,1.1174,15.3,0.9495,247,842.6,"[1.7889, 4.4759]","[3.1139, 3.4544]",3.454443877293612,1.515619438285931e-8,optimized,850.0,false
s033,80,4.2466,sequential,sequential,2,true,,845.1108921940682,3.82007438316636,1.1207,15.1,0.9387,247,845.111,"[3.1043, 3.8201]","[3.1139, 3.4544]",3.454443877293612,0.011569714719897399,optimized,850.0,false
s033,75,3.9812,sequential,sequential,2,true,,843.8854290539538,3.725271474044153,1.1191,14.5,0.9016,247,843.885,"[3.0674, 3.7253]","[3.1139, 3.4544]",3.454443877293612,0.011488896266262089,optimized,850.0,false
s033,70,3.7158,sequential,sequential,2,true,,839.6302122134144,3.589362319033942,1.1135,15.2,0.9468,247,839.63,"[3.0777, 3.5894]","[3.1139, 3.4544]",3.454443877293612,0.009709797603699642,optimized,850.0,false
s033,65,3.4504,sequential,sequential,2,true,,1248.189041180857,2.3414494312490217,1.6553,14.6,0.9106,1691,1248.189,"[1.8066, 2.3414]","[1.7593, 3.2837]",3.283678135465065,0.011120654462889469,optimized,850.0,true
s033,60,3.1850,sequential,sequential,2,false,recovery_failed,843.2270096177913,3.224352183263657,,24.8,1.5394,98780,843.227,"[2.994, 3.2244]","[3.1139, 3.4544]",3.454443877293612,-0.039400432263656526,recovery_failed,850.0,false
s033,55,2.9195,sequential,sequential,2,false,not_run_after_fail,,,,0.0,,,,,,,,,,
s033,50,2.6541,sequential,sequential,2,false,not_run_after_fail,,,,0.0,,,,,,,,,,
s033,45,2.3887,sequential,sequential,2,false,not_run_after_fail,,,,0.0,,,,,,,,,,
s033,40,2.1233,sequential,sequential,2,false,not_run_after_fail,,,,0.0,,,,,,,,,,
s033,35,1.8579,sequential,sequential,2,false,not_run_after_fail,,,,0.0,,,,,,,,,,
s033,30,1.5925,sequential,sequential,2,false,not_run_after_fail,,,,0.0,,,,,,,,,,
s034,100,6.9847,sequential,sequential,2,true,,952.4253493432585,2.8843397756068714,1.1190,82.8,5.0135,500097,952.425,"[1.0922, 2.8843]","[2.7267, 3.3424]",3.34242981030729,0.004142854675182415,optimized,950.0,false
s034,95,6.6355,sequential,sequential,2,true,,952.4447931417665,2.8591770441804667,1.1190,82.7,5.0079,500097,952.445,"[1.0825, 2.8592]","[2.7267, 3.3424]",3.34242981030729,0.0041432706775789,optimized,950.0,false
s034,90,6.2862,sequential,sequential,2,true,,952.4648833298141,2.839274447619225,1.1190,82.9,5.0155,500097,952.465,"[1.0763, 2.8393]","[2.7267, 3.3424]",3.34242981030729,0.004144035086139614,optimized,950.0,false
s034,85,5.9370,sequential,sequential,2,true,,921.4608478442832,5.42020920711167,1.0826,83.5,5.0537,500097,921.461,"[1.0625, 5.4202]","[2.7267, 3.3424]",3.34242981030729,4.372235366645327e-6,optimized,950.0,false
s034,80,5.5878,sequential,sequential,2,true,,915.4991544804859,5.58775669044564,1.0756,83.7,5.0661,500097,915.499,"[1.2431, 5.5878]","[2.7267, 3.3424]",3.34242981030729,1.0245543604625595e-6,optimized,950.0,false
s034,75,5.2385,sequential,sequential,2,true,,923.9708800307208,5.2385172634508805,1.0856,83.3,5.0408,500097,923.971,"[1.0399, 5.2385]","[2.7267, 3.3424]",3.34242981030729,5.6565491197702045e-6,optimized,950.0,false
s034,70,4.8893,sequential,sequential,2,true,,935.0762313620276,4.469796678237397,1.0986,83.5,5.0511,500097,935.076,"[1.0673, 4.4698]","[2.7267, 3.3424]",3.34242981030729,0.003654631661383082,optimized,950.0,false
s034,65,4.5401,sequential,sequential,2,true,,952.2700489879144,2.7258268680873896,1.1188,83.1,5.0282,500097,952.27,"[1.2881, 2.7258]","[2.7267, 3.3424]",3.34242981030729,0.0034757596588717785,optimized,950.0,false
s034,60,4.1908,sequential,sequential,2,true,,951.1136545262335,2.6582468591419333,1.1174,82.6,5.0018,500097,951.114,"[1.0296, 2.6582]","[2.7267, 3.3424]",3.34242981030729,0.004151472971243655,optimized,950.0,false
s034,55,3.8416,sequential,sequential,2,true,,952.8460285676061,3.3683399458072762,1.1195,83.4,5.0467,500097,952.846,"[2.3313, 3.3683]","[2.7267, 3.3424]",3.34242981030729,0.003136717227767885,optimized,950.0,false
s034,50,3.4923,sequential,sequential,2,true,,944.4668835145835,3.3706083546254124,1.1096,83.2,5.0382,500097,944.467,"[2.4957, 3.3706]","[2.7267, 3.3424]",3.34242981030729,0.0024364959996884678,optimized,950.0,false
s034,45,3.1431,sequential,sequential,2,false,recovery_failed,1350.588454098351,3.352799407782889,,15.6,0.9447,3149,1350.588,"[1.9676, 3.3528]","[2.1463, 3.1009]",3.100880189083577,-0.20968525578288855,recovery_failed,1050.0,true
s034,40,2.7939,sequential,sequential,2,false,not_run_after_fail,,,,0.0,,,,,,,,,,
s034,35,2.4446,sequential,sequential,2,false,not_run_after_fail,,,,0.0,,,,,,,,,,
s034,30,2.0954,sequential,sequential,2,false,not_run_after_fail,,,,0.0,,,,,,,,,,
s035,100,9.1356,sequential,sequential,2,true,,790.7882616386106,7.841152686544796,1.0025,16.0,0.9912,448,790.788,"[2.4815, 7.8412]","[1.0561, 7.5313]",7.531321411516384,1.8500731496496882e-6,optimized,950.0,true
s035,95,8.6789,sequential,sequential,2,true,,796.4970837711301,8.052291112910474,1.0097,15.8,0.9762,448,796.497,"[2.5234, 8.0523]","[1.0561, 7.5313]",7.531321411516384,0.002504054121234527,optimized,950.0,true
s035,90,8.2221,sequential,sequential,2,true,,861.9655426964941,6.936184539102947,1.0927,15.8,0.9769,448,861.966,"[2.5286, 6.9362]","[1.0561, 7.5313]",7.531321411516384,6.854212208223798e-9,optimized,950.0,true
s035,85,7.7653,sequential,sequential,2,true,,867.2871335832502,7.7652903316110615,1.0995,15.5,0.9575,448,867.287,"[2.4169, 7.7653]","[1.0561, 7.5313]",7.531321411516384,2.2783889388477974e-6,optimized,950.0,true
s035,80,7.3085,sequential,sequential,2,true,,891.3082187563704,7.308510391097832,1.1299,20.9,1.2919,58133,891.308,"[2.8358, 7.3085]","[1.0561, 7.5313]",7.531321411516384,3.5990216762371574e-7,optimized,950.0,true
s035,75,6.8517,sequential,sequential,2,true,,892.4906762644978,6.851728789718535,1.1314,20.4,1.2639,58133,892.491,"[3.1023, 6.8517]","[1.0561, 7.5313]",7.531321411516384,1.012814658807315e-7,optimized,950.0,true
s035,70,6.3949,sequential,sequential,2,true,,907.5167355378954,6.39494702542105,1.1505,20.3,1.2595,58133,907.517,"[3.3368, 6.3949]","[1.0561, 7.5313]",7.531321411516384,6.578949829361136e-9,optimized,950.0,true
s035,65,5.9382,sequential,sequential,2,false,recovery_failed,918.6739416307829,6.239254864490762,,19.1,1.1815,58133,918.674,"[2.4636, 6.2393]","[1.0561, 7.5313]",7.531321411516384,-0.3010896924907627,recovery_failed,950.0,true
s035,60,5.4814,sequential,sequential,2,false,not_run_after_fail,,,,0.0,,,,,,,,,,
s035,55,5.0246,sequential,sequential,2,false,not_run_after_fail,,,,0.0,,,,,,,,,,
s035,50,4.5678,sequential,sequential,2,false,not_run_after_fail,,,,0.0,,,,,,,,,,
s035,45,4.1110,sequential,sequential,2,false,not_run_after_fail,,,,0.0,,,,,,,,,,
s035,40,3.6543,sequential,sequential,2,false,not_run_after_fail,,,,0.0,,,,,,,,,,
s035,35,3.1975,sequential,sequential,2,false,not_run_after_fail,,,,0.0,,,,,,,,,,
s035,30,2.7407,sequential,sequential,2,false,not_run_after_fail,,,,0.0,,,,,,,,,,
s036,100,8.2233,sequential,sequential,2,true,,693.8221267846887,3.7361072600765675,1.0881,15.0,0.9272,593,693.822,"[3.4198, 3.7361]","[3.7596, 4.7276]",4.727619624543973,0.004918955438905172,optimized,750.0,false
s036,95,7.8121,sequential,sequential,2,true,,693.8902214521264,3.736132749800922,1.0882,14.8,0.9155,593,693.89,"[3.4198, 3.7361]","[3.7596, 4.7276]",4.727619624543973,0.004914335527715277,optimized,750.0,false
s036,90,7.4009,sequential,sequential,2,true,,693.7655959595136,3.737689524988185,1.0880,14.8,0.9113,593,693.766,"[3.4216, 3.7377]","[3.7596, 4.7276]",4.727619624543973,0.0036933154360839805,optimized,750.0,false
s036,85,6.9898,sequential,sequential,2,true,,692.3599320825796,3.7744147402609234,1.0858,14.9,0.9175,593,692.36,"[3.4197, 3.7744]","[3.7596, 4.7276]",4.727619624543973,1.2573293491774384e-7,optimized,750.0,false
s036,80,6.5786,sequential,sequential,2,true,,694.2972994936922,3.7322733355076863,1.0888,15.0,0.9278,593,694.297,"[3.416, 3.7323]","[3.7596, 4.7276]",4.727619624543973,0.0049033396550426794,optimized,750.0,false
s036,75,6.1674,sequential,sequential,2,true,,693.4888316815691,3.761822628149042,1.0875,15.5,0.9532,593,693.489,"[3.3942, 3.7618]","[3.7596, 4.7276]",4.727619624543973,1.417311955333178e-7,optimized,750.0,false
s036,70,5.7563,sequential,sequential,2,true,,689.0421691513461,3.7361726056240268,1.0806,15.2,0.9403,593,689.042,"[3.4197, 3.7362]","[3.7596, 4.7276]",4.727619624543973,0.004065343861143735,optimized,750.0,false
s036,65,5.3451,sequential,sequential,2,true,,694.3380801607829,5.067838148158208,1.0889,16.0,0.9877,593,694.338,"[3.4123, 5.0678]","[3.7596, 4.7276]",4.727619624543973,9.859749374591109e-9,optimized,750.0,false
s036,60,4.9340,sequential,sequential,2,true,,689.3007754407112,4.691524668222803,1.0810,16.5,1.0190,593,689.301,"[3.3959, 4.6915]","[3.7596, 4.7276]",4.727619624543973,1.8643289863284895e-9,optimized,750.0,false
s036,55,4.5228,sequential,sequential,2,true,,1135.2974836035846,4.1351821269299265,1.7804,14.2,0.8746,1038,1135.297,"[3.7046, 4.1352]","[3.6954, 4.4555]",4.455504420351832,0.011457005837130295,optimized,750.0,true
s036,50,4.1116,sequential,sequential,2,false,recovery_failed,824.1455150696065,6.275621886104073,,15.4,0.9485,19227,824.146,"[6.1744, 6.2756]","[6.284, 6.4264]",6.426417132107078,-2.1639888871040727,recovery_failed,886.6025403784438,true
s036,45,3.7005,sequential,sequential,2,false,not_run_after_fail,,,,0.0,,,,,,,,,,
s036,40,3.2893,sequential,sequential,2,false,not_run_after_fail,,,,0.0,,,,,,,,,,
s036,35,2.8781,sequential,sequential,2,false,not_run_after_fail,,,,0.0,,,,,,,,,,
s036,30,2.4670,sequential,sequential,2,false,not_run_after_fail,,,,0.0,,,,,,,,,,
s037,100,8.2798,sequential,sequential,2,true,,1096.8826239858035,4.862326920893313,1.0964,24.8,1.4562,73559,1096.883,"[1.3086, 4.8623]","[2.8574, 3.3888]",3.388765774456996,2.654423261055916e-8,optimized,1350.0,false
s037,95,7.8658,sequential,sequential,2,true,,1080.9507305068078,4.841003978428316,1.0805,24.1,1.4159,73559,1080.951,"[1.3594, 4.841]","[2.8574, 3.3888]",3.388765774456996,5.509845357742904e-10,optimized,1350.0,false
s037,90,7.4518,sequential,sequential,2,true,,1150.5666514741674,4.8999271641341196,1.1500,23.7,1.3949,73559,1150.567,"[1.7034, 4.8999]","[2.8574, 3.3888]",3.388765774456996,1.6460105570215156e-9,optimized,1350.0,false
s037,85,7.0378,sequential,sequential,2,true,,1131.3073567341578,4.878861084458546,1.1308,24.1,1.4191,73559,1131.307,"[1.0768, 4.8789]","[2.8574, 3.3888]",3.388765774456996,3.3377410141310904e-9,optimized,1350.0,false
s037,80,6.6238,sequential,sequential,2,true,,1128.8128394617897,4.875803271821737,1.1283,24.1,1.4144,73559,1128.813,"[1.0771, 4.8758]","[2.8574, 3.3888]",3.388765774456996,1.9315956820142866e-9,optimized,1350.0,false
s037,75,6.2098,sequential,sequential,2,true,,1111.5924591524595,4.8691549716319145,1.1111,24.3,1.4268,73559,1111.592,"[1.4402, 4.8692]","[2.8574, 3.3888]",3.388765774456996,3.299095751446712e-8,optimized,1350.0,false
s037,70,5.7958,sequential,sequential,2,true,,1165.6201948708774,4.925489312650297,1.1651,23.4,1.3762,73559,1165.62,"[1.8887, 4.9255]","[2.8574, 3.3888]",3.388765774456996,2.8525232932674616e-8,optimized,1350.0,false
s037,65,5.3818,sequential,sequential,2,true,,1164.328540940113,4.923954433598979,1.1638,23.5,1.3828,73559,1164.329,"[1.8709, 4.924]","[2.8574, 3.3888]",3.388765774456996,8.111794243259585e-9,optimized,1350.0,false
s037,60,4.9679,sequential,sequential,2,true,,1256.5982037075678,3.7719515278812303,1.2560,22.4,1.3193,73559,1256.598,"[2.4046, 3.772]","[2.8574, 3.3888]",3.388765774456996,0.011306991936244274,optimized,1350.0,false
s037,55,4.5539,sequential,sequential,2,true,,1246.0331705007518,4.539048008106128,1.2455,22.5,1.3256,73559,1246.033,"[2.5264, 4.539]","[2.8574, 3.3888]",3.388765774456996,8.616887637581385e-7,optimized,1350.0,false
s037,50,4.1399,sequential,sequential,2,true,,1259.9094186972925,3.667645338333861,1.2593,21.5,1.2669,73559,1259.909,"[2.3072, 3.6676]","[2.8574, 3.3888]",3.388765774456996,0.011813302710713222,optimized,1350.0,false
s037,45,3.7259,sequential,sequential,2,true,,1309.792347880877,3.6893475226359076,1.3092,20.8,1.2257,73559,1309.792,"[2.6558, 3.6893]","[2.8574, 3.3888]",3.388765774456996,0.0008699455273312,optimized,1350.0,false
s037,40,3.3119,sequential,sequential,2,false,recovery_failed,1297.6056705229907,3.388919851863758,,20.6,1.2116,73559,1297.606,"[2.6902, 3.3889]","[2.8574, 3.3888]",3.388765774456996,-4.276437512366923,recovery_failed,1350.0,false
s037,35,2.8979,sequential,sequential,2,false,not_run_after_fail,,,,0.0,,,,,,,,,,
s037,30,2.4839,sequential,sequential,2,false,not_run_after_fail,,,,0.0,,,,,,,,,,
s038,100,8.6716,sequential,sequential,2,true,,839.3039169963984,8.614316893568775,1.0019,16.2,0.9835,293,839.304,"[5.9159, 8.6143]","[0.9963, 6.5216]",6.521645146694658,3.3050762683866194e-5,optimized,950.0,true
s038,95,8.2381,sequential,sequential,2,true,,944.7828161772063,8.238064336933407,1.1278,15.4,0.9355,293,944.783,"[3.425, 8.2381]","[0.9963, 6.5216]",6.521645146694658,1.928066591716515e-6,optimized,950.0,true
s038,90,7.8045,sequential,sequential,2,true,,942.9544173086778,7.80447943624066,1.1256,15.4,0.9317,293,942.954,"[2.8027, 7.8045]","[0.9963, 6.5216]",6.521645146694658,4.4467593403041406e-6,optimized,950.0,true
s038,85,7.3709,sequential,sequential,2,true,,942.9842639394782,7.342255697530684,1.1256,15.3,0.9277,293,942.984,"[2.361, 7.3423]","[0.9963, 6.5216]",6.521645146694658,0.010609832294168002,optimized,950.0,true
s038,80,6.9373,sequential,sequential,2,true,,946.5964437615391,6.923217434076745,1.1299,15.4,0.9338,293,946.596,"[2.2578, 6.9232]","[0.9963, 6.5216]",6.521645146694658,0.010223759869198533,optimized,950.0,true
s038,75,6.5037,sequential,sequential,2,true,,937.4505428090304,6.501630286845629,1.1190,16.4,0.9924,387,937.451,"[1.1427, 6.5016]","[0.9963, 6.499]",6.498977634901193,2.4367593956520217e-8,optimized,950.0,true
s038,70,6.0702,sequential,sequential,2,false,recovery_failed,937.1892873917558,6.09931239016311,,17.6,1.0658,42321,937.189,"[1.7193, 6.0993]","[0.9963, 6.7939]",6.793883969786223,-0.029158037163109718,recovery_failed,950.0,false
s038,65,5.6366,sequential,sequential,2,false,not_run_after_fail,,,,0.0,,,,,,,,,,
s038,60,5.2030,sequential,sequential,2,false,not_run_after_fail,,,,0.0,,,,,,,,,,
s038,55,4.7694,sequential,sequential,2,false,not_run_after_fail,,,,0.0,,,,,,,,,,
s038,50,4.3358,sequential,sequential,2,false,not_run_after_fail,,,,0.0,,,,,,,,,,
s038,45,3.9022,sequential,sequential,2,false,not_run_after_fail,,,,0.0,,,,,,,,,,
s038,40,3.4687,sequential,sequential,2,false,not_run_after_fail,,,,0.0,,,,,,,,,,
s038,35,3.0351,sequential,sequential,2,false,not_run_after_fail,,,,0.0,,,,,,,,,,
s038,30,2.6015,sequential,sequential,2,false,not_run_after_fail,,,,0.0,,,,,,,,,,
s039,100,5.4134,sequential,sequential,2,true,,690.1420463157837,3.0598120739351558,1.0182,15.0,0.9312,103,690.142,"[0.8775, 3.0598]","[2.2584, 3.4108]",3.410755604310509,4.0372481751343e-5,optimized,750.0,false
s039,95,5.1427,sequential,sequential,2,true,,742.7722853560244,3.7616787830175205,1.0959,14.8,0.9203,103,742.772,"[2.2377, 3.7617]","[2.2584, 3.4108]",3.410755604310509,0.011536750018244557,optimized,750.0,false
s039,90,4.8721,sequential,sequential,2,true,,725.010005362075,4.869307770415102,1.0697,14.8,0.9194,103,725.01,"[1.2812, 4.8693]","[2.2584, 3.4108]",3.410755604310509,1.7907298508618164e-8,optimized,750.0,false
s039,85,4.6014,sequential,sequential,2,true,,742.7105087952997,3.7601827618205546,1.0958,14.6,0.9083,103,742.711,"[2.2376, 3.7602]","[2.2584, 3.4108]",3.410755604310509,0.011536748622384813,optimized,750.0,false
s039,80,4.3307,sequential,sequential,2,true,,742.6414537149403,3.7584784713835386,1.0957,14.6,0.9104,103,742.641,"[2.2376, 3.7585]","[2.2584, 3.4108]",3.410755604310509,0.011536743898345053,optimized,750.0,false
s039,75,4.0601,sequential,sequential,2,true,,741.8905799211859,3.707059572203182,1.0946,14.6,0.9050,103,741.891,"[2.2173, 3.7071]","[2.2584, 3.4108]",3.410755604310509,0.011493035765895065,optimized,750.0,false
s039,70,3.7894,sequential,sequential,2,true,,723.8571286240536,3.4949463839212744,1.0680,15.4,0.9579,103,723.857,"[1.8513, 3.4949]","[2.2584, 3.4108]",3.410755604310509,1.8777290051730233e-6,optimized,750.0,false
s039,65,3.5187,sequential,sequential,2,true,,721.870085174255,3.2459632806437337,1.0650,15.4,0.9602,103,721.87,"[1.9085, 3.246]","[2.2584, 3.4108]",3.410755604310509,6.572875008714618e-7,optimized,750.0,false
s039,60,3.2480,sequential,sequential,2,true,,902.2735321897678,3.1330677907581927,1.3312,14.2,0.8847,337,902.274,"[1.7216, 3.1331]","[2.2584, 3.1635]",3.1634700202269816,3.567559076628202e-8,optimized,750.0,true
s039,55,2.9774,sequential,sequential,2,true,,739.6343721091297,2.9238530346737224,1.0913,36.9,2.2956,184020,739.634,"[2.0531, 2.9239]","[2.2584, 3.4108]",3.410755604310509,0.0056934223800089515,optimized,750.0,false
s039,50,2.7067,sequential,sequential,2,false,recovery_failed,739.6685048260077,2.9146253370031907,,36.7,2.2825,184020,739.669,"[2.0523, 2.9146]","[2.2584, 3.4108]",3.410755604310509,-0.2079171680031906,recovery_failed,750.0,false
s039,45,2.4360,sequential,sequential,2,false,not_run_after_fail,,,,0.0,,,,,,,,,,
s039,40,2.1654,sequential,sequential,2,false,not_run_after_fail,,,,0.0,,,,,,,,,,
s039,35,1.8947,sequential,sequential,2,false,not_run_after_fail,,,,0.0,,,,,,,,,,
s039,30,1.6240,sequential,sequential,2,false,not_run_after_fail,,,,0.0,,,,,,,,,,
s040,100,6.0180,sequential,sequential,2,true,,744.6753578822724,6.0179850844588625,1.0572,27.5,1.6793,117416,744.675,"[2.459, 6.018]","[3.3983, 3.6878]",3.687834045043058,2.3254113745707627e-7,optimized,850.0,false
s040,95,5.7171,sequential,sequential,2,true,,738.1719345873089,5.717086080475239,1.0479,28.5,1.7420,117416,738.172,"[2.5081, 5.7171]","[3.3983, 3.6878]",3.687834045043058,2.0524761445983586e-8,optimized,850.0,false
s040,90,5.4162,sequential,sequential,2,false,recovery_failed,827.664388767571,4.158892502014248,,26.9,1.6427,117416,827.664,"[3.0979, 4.1589]","[3.3983, 3.6878]",3.687834045043058,-9.295110571474593,recovery_failed,850.0,false
s040,85,5.1153,sequential,sequential,2,false,not_run_after_fail,,,,0.0,,,,,,,,,,
s040,80,4.8144,sequential,sequential,2,false,not_run_after_fail,,,,0.0,,,,,,,,,,
s040,75,4.5135,sequential,sequential,2,false,not_run_after_fail,,,,0.0,,,,,,,,,,
s040,70,4.2126,sequential,sequential,2,false,not_run_after_fail,,,,0.0,,,,,,,,,,
s040,65,3.9117,sequential,sequential,2,false,not_run_after_fail,,,,0.0,,,,,,,,,,
s040,60,3.6108,sequential,sequential,2,false,not_run_after_fail,,,,0.0,,,,,,,,,,
s040,55,3.3099,sequential,sequential,2,false,not_run_after_fail,,,,0.0,,,,,,,,,,
s040,50,3.0090,sequential,sequential,2,false,not_run_after_fail,,,,0.0,,,,,,,,,,
s040,45,2.7081,sequential,sequential,2,false,not_run_after_fail,,,,0.0,,,,,,,,,,
s040,40,2.4072,sequential,sequential,2,false,not_run_after_fail,,,,0.0,,,,,,,,,,
s040,35,2.1063,sequential,sequential,2,false,not_run_after_fail,,,,0.0,,,,,,,,,,
s040,30,1.8054,sequential,sequential,2,false,not_run_after_fail,,,,0.0,,,,,,,,,,
s041,100,7.4389,sequential,sequential,2,true,,699.5482016840816,4.773153410582039,1.0574,22.5,1.4003,80274,699.548,"[2.1078, 4.7732]","[3.0981, 3.4005]",3.4004794302956647,7.777708074807599e-9,optimized,750.0,false
s041,95,7.0670,sequential,sequential,2,true,,699.5774345710288,4.701983520541878,1.0574,23.2,1.4430,80274,699.577,"[2.0787, 4.702]","[3.0981, 3.4005]",3.4004794302956647,8.151487502355836e-9,optimized,750.0,false
s041,90,6.6950,sequential,sequential,2,true,,699.6631673994289,4.68051548176879,1.0576,23.3,1.4465,80274,699.663,"[2.0803, 4.6805]","[3.0981, 3.4005]",3.4004794302956647,4.402286226529162e-9,optimized,750.0,false
s041,85,6.3231,sequential,sequential,2,true,,699.5450265299621,4.655048721347367,1.0574,23.4,1.4506,80274,699.545,"[2.0753, 4.655]","[3.0981, 3.4005]",3.4004794302956647,1.3240059357905176e-8,optimized,750.0,false
s041,80,5.9511,sequential,sequential,2,true,,699.8234348356515,4.626683530945606,1.0578,23.5,1.4572,80274,699.823,"[2.082, 4.6267]","[3.0981, 3.4005]",3.4004794302956647,1.3469984593006412e-8,optimized,750.0,false
s041,75,5.5792,sequential,sequential,2,true,,699.8148306807117,4.581862585509127,1.0578,23.4,1.4549,80274,699.815,"[2.0779, 4.5819]","[3.0981, 3.4005]",3.4004794302956647,2.0393112403621627e-8,optimized,750.0,false
s041,70,5.2072,sequential,sequential,2,true,,699.7930830960408,4.530368296364967,1.0578,23.4,1.4521,80274,699.793,"[2.1285, 4.5304]","[3.0981, 3.4005]",3.4004794302956647,1.9511676753458662e-9,optimized,750.0,false
s041,65,4.8353,sequential,sequential,2,true,,699.8460482955918,4.421092995707752,1.0578,23.2,1.4407,80274,699.846,"[2.081, 4.4211]","[3.0981, 3.4005]",3.4004794302956647,1.3041870118579713e-9,optimized,750.0,false
s041,60,4.4634,sequential,sequential,2,true,,706.6268662307943,4.133864348278596,1.0681,23.2,1.4399,80274,706.627,"[2.2225, 4.1339]","[3.0981, 3.4005]",3.4004794302956647,4.921546368358287e-9,optimized,750.0,false
s041,55,4.0914,sequential,sequential,2,true,,716.329295074122,4.009308175909361,1.0828,22.9,1.4252,80274,716.329,"[2.4542, 4.0093]","[3.0981, 3.4005]",3.4004794302956647,5.546252339339031e-9,optimized,750.0,false
s041,50,3.7195,sequential,sequential,2,true,,721.817778578053,3.56597280946751,1.0911,23.2,1.4427,80274,721.818,"[2.9037, 3.566]","[3.0981, 3.4005]",3.4004794302956647,2.981259391784952e-8,optimized,750.0,false
s041,45,3.3475,sequential,sequential,2,true,,730.8355808401648,3.347513921245025,1.1047,22.8,1.4183,80274,730.836,"[2.8845, 3.3475]","[3.0981, 3.4005]",3.4004794302956647,1.0537549752775988e-6,optimized,750.0,false
s041,40,2.9756,sequential,sequential,2,false,recovery_failed,742.27320208747,2.9792908849066424,,22.2,1.3813,80274,742.273,"[2.9024, 2.9793]","[3.0981, 3.4005]",3.4004794302956647,-0.0037219079066423966,recovery_failed,750.0,false
s041,35,2.6036,sequential,sequential,2,false,not_run_after_fail,,,,0.0,,,,,,,,,,
s041,30,2.2317,sequential,sequential,2,false,not_run_after_fail,,,,0.0,,,,,,,,,,
s042,100,9.2937,sequential,sequential,2,true,,1079.9541072443376,7.3349045593902975,1.1384,15.6,0.9500,3417,1079.954,"[6.3296, 7.3349]","[6.4487, 7.165]",7.164959098415023,0.010021319195439356,optimized,1150.0,false
s042,95,8.8290,sequential,sequential,2,true,,1079.9540979159417,7.334903689336639,1.1384,15.5,0.9465,3417,1079.954,"[6.3296, 7.3349]","[6.4487, 7.165]",7.164959098415023,0.010021323737421617,optimized,1150.0,false
s042,90,8.3643,sequential,sequential,2,true,,1079.9540804653823,7.334902062300528,1.1384,15.3,0.9352,3417,1079.954,"[6.3296, 7.3349]","[6.4487, 7.165]",7.164959098415023,0.010021332234012557,optimized,1150.0,false
s042,85,7.8996,sequential,sequential,2,true,,1079.954036116545,7.3348979315883325,1.1384,15.4,0.9411,3417,1079.954,"[6.3296, 7.3349]","[6.4487, 7.165]",7.164959098415023,0.010021353838465943,optimized,1150.0,false
s042,80,7.4349,sequential,sequential,2,true,,1079.9536917727241,7.33486599066581,1.1384,15.5,0.9433,9125,1079.954,"[6.3295, 7.3349]","[6.4487, 7.165]",7.164959098415023,0.010021522016057278,optimized,1150.0,false
s042,75,6.9702,sequential,sequential,2,true,,1462.3429144145393,6.315764865956539,1.5415,14.9,0.9066,9125,1462.343,"[6.0315, 6.3158]","[6.051, 6.8578]",6.857837349235726,0.010553750121532701,optimized,1150.0,true
s042,70,6.5056,sequential,sequential,2,false,recovery_failed,1794.2952891348737,6.6921520265628915,,15.8,0.9640,17056,1794.295,"[6.0555, 6.6922]","[6.051, 6.4851]",6.485136979651497,-0.18659104356289102,recovery_failed,1150.0,true
s042,65,6.0409,sequential,sequential,2,false,not_run_after_fail,,,,0.0,,,,,,,,,,
s042,60,5.5762,sequential,sequential,2,false,not_run_after_fail,,,,0.0,,,,,,,,,,
s042,55,5.1115,sequential,sequential,2,false,not_run_after_fail,,,,0.0,,,,,,,,,,
s042,50,4.6468,sequential,sequential,2,false,not_run_after_fail,,,,0.0,,,,,,,,,,
s042,45,4.1821,sequential,sequential,2,false,not_run_after_fail,,,,0.0,,,,,,,,,,
s042,40,3.7175,sequential,sequential,2,false,not_run_after_fail,,,,0.0,,,,,,,,,,
s042,35,3.2528,sequential,sequential,2,false,not_run_after_fail,,,,0.0,,,,,,,,,,
s042,30,2.7881,sequential,sequential,2,false,not_run_after_fail,,,,0.0,,,,,,,,,,
s043,100,8.1311,sequential,sequential,2,true,,912.9670902560629,7.390368567733464,1.0170,18.8,1.1535,29544,912.967,"[4.6966, 7.3904]","[6.3408, 6.2317]",6.231655466529414,1.8545958394279296e-6,optimized,1086.6025403784438,false
s043,95,7.7245,sequential,sequential,2,true,,926.0321107145237,7.276655023780164,1.0316,18.6,1.1411,29544,926.032,"[4.7042, 7.2767]","[6.3408, 6.2317]",6.231655466529414,5.3693828990868494e-5,optimized,1086.6025403784438,false
s043,90,7.3180,sequential,sequential,2,true,,927.9037998971887,7.2527313979907975,1.0336,18.2,1.1212,29544,927.904,"[4.7818, 7.2527]","[6.3408, 6.2317]",6.231655466529414,7.942320055713936e-6,optimized,1086.6025403784438,false
s043,85,6.9114,sequential,sequential,2,true,,931.4417927884629,6.911414610427372,1.0376,18.7,1.1510,29544,931.442,"[5.6252, 6.9114]","[6.3408, 6.2317]",6.231655466529414,1.0805726278206862e-6,optimized,1086.6025403784438,false
s043,80,6.5049,sequential,sequential,2,true,,961.0477930280186,6.504861536626079,1.0706,19.1,1.1742,29544,961.048,"[5.9046, 6.5049]","[6.3408, 6.2317]",6.231655466529414,3.4937392179301696e-7,optimized,1086.6025403784438,false
s043,75,6.0983,sequential,sequential,2,true,,1056.3045879258057,5.906077513241,1.1767,16.8,1.0344,29544,1056.305,"[5.9442, 5.9061]","[6.3408, 6.2317]",6.231655466529414,0.007573453021240226,optimized,1086.6025403784438,false
s043,70,5.6918,sequential,sequential,2,true,,1057.1260153421372,5.689930100782731,1.1776,17.2,1.0567,29544,1057.126,"[5.024, 5.6899]","[6.3408, 6.2317]",6.231655466529414,0.0018241742172691033,optimized,1086.6025403784438,false
s043,65,5.2852,sequential,sequential,2,false,recovery_failed,1059.1610629653726,5.504505984800186,,16.7,1.0243,29544,1059.161,"[4.6165, 5.5045]","[6.3408, 6.2317]",6.231655466529414,-0.2193055148001859,recovery_failed,1086.6025403784438,false
s043,60,4.8786,sequential,sequential,2,false,not_run_after_fail,,,,0.0,,,,,,,,,,
s043,55,4.4721,sequential,sequential,2,false,not_run_after_fail,,,,0.0,,,,,,,,,,
s043,50,4.0655,sequential,sequential,2,false,not_run_after_fail,,,,0.0,,,,,,,,,,
s043,45,3.6590,sequential,sequential,2,false,not_run_after_fail,,,,0.0,,,,,,,,,,
s043,40,3.2524,sequential,sequential,2,false,not_run_after_fail,,,,0.0,,,,,,,,,,
s043,35,2.8459,sequential,sequential,2,false,not_run_after_fail,,,,0.0,,,,,,,,,,
s043,30,2.4393,sequential,sequential,2,false,not_run_after_fail,,,,0.0,,,,,,,,,,
s044,100,8.6710,sequential,sequential,2,true,,975.4225375747062,5.5107518233125905,0.9587,16.9,1.0158,2230,975.423,"[0.7767, 5.5108]","[2.6469, 3.2887]",3.2886977584043087,1.1267563422734383e-5,optimized,1150.0,false
s044,95,8.2374,sequential,sequential,2,true,,975.095750362209,4.1753450473628995,0.9584,16.7,1.0022,2230,975.096,"[0.7593, 4.1753]","[2.6469, 3.2887]",3.2886977584043087,3.857495335068961e-5,optimized,1150.0,false
s044,90,7.8039,sequential,sequential,2,true,,972.4267470199421,4.506151603335864,0.9557,17.3,1.0373,2230,972.427,"[0.7506, 4.5062]","[2.6469, 3.2887]",3.2886977584043087,1.69340489719616e-5,optimized,1150.0,false
s044,85,7.3703,sequential,sequential,2,true,,967.3427305039081,5.710778851112112,0.9507,17.0,1.0187,2230,967.343,"[0.7653, 5.7108]","[2.6469, 3.2887]",3.2886977584043087,1.2601314824944865e-8,optimized,1150.0,false
s044,80,6.9368,sequential,sequential,2,true,,1001.5161031467288,5.2193495324667065,0.9843,16.3,0.9754,2230,1001.516,"[0.7932, 5.2193]","[2.6469, 3.2887]",3.2886977584043087,5.750793380026152e-6,optimized,1150.0,false
s044,75,6.5032,sequential,sequential,2,true,,993.0058861834864,5.276392164353745,0.9760,16.3,0.9769,2230,993.006,"[0.7981, 5.2764]","[2.6469, 3.2887]",3.2886977584043087,1.866511593107134e-5,optimized,1150.0,false
s044,70,6.0697,sequential,sequential,2,true,,983.3040820312413,5.382682945524587,0.9664,16.4,0.9816,2230,983.304,"[0.7813, 5.3827]","[2.6469, 3.2887]",3.2886977584043087,2.418187939206423e-6,optimized,1150.0,false
s044,65,5.6361,sequential,sequential,2,true,,968.2347985794455,4.073828881271926,0.9516,16.6,0.9936,2230,968.235,"[0.8115, 4.0738]","[2.6469, 3.2887]",3.2886977584043087,9.915065515148092e-9,optimized,1150.0,false
s044,60,5.2026,sequential,sequential,2,true,,1068.1472291000691,2.7226524082208736,1.0498,15.6,0.9382,2230,1068.147,"[1.235, 2.7227]","[2.6469, 3.2887]",3.2886977584043087,0.013976810401347755,optimized,1150.0,false
s044,55,4.7690,sequential,sequential,2,true,,1075.2272760882074,2.808733223896638,1.0568,15.7,0.9399,2230,1075.227,"[1.128, 2.8087]","[2.6469, 3.2887]",3.2886977584043087,0.01613511005472118,optimized,1150.0,false
s044,50,4.3355,sequential,sequential,2,true,,1077.9991765458974,2.724709397633604,1.0595,15.3,0.9163,2230,1077.999,"[1.116, 2.7247]","[2.6469, 3.2887]",3.2886977584043087,0.01797385920662862,optimized,1150.0,false
s044,45,3.9019,sequential,sequential,2,true,,1078.522228687383,2.6174547816543665,1.0600,15.4,0.9211,4643,1078.522,"[1.0978, 2.6175]","[2.6469, 3.2887]",3.2886977584043087,0.017573384988568738,optimized,1150.0,false
s044,40,3.4684,sequential,sequential,2,true,,1047.1318830288599,3.1888862675705187,1.0292,17.1,1.0236,4643,1047.132,"[2.0475, 3.1889]","[2.6469, 3.2887]",3.2886977584043087,3.4378707227528116e-7,optimized,1150.0,false
s044,35,3.0348,sequential,sequential,2,true,,1100.326394065761,2.994785621731072,1.0815,56.7,3.4004,309460,1100.326,"[2.3531, 2.9948]","[2.6469, 3.2887]",3.2886977584043087,0.00904299712515793,optimized,1150.0,false
s044,30,2.6013,sequential,sequential,2,false,recovery_failed,1960.3510166717585,2.695819721747503,,29.9,1.7950,200366,1960.351,"[2.3581, 2.6958]","[2.6473, 3.2892]",3.2892349392926037,-9.03828485715862,recovery_failed,2150.0,false
s045,100,8.8536,sequential,sequential,2,true,,889.6656285434176,4.506780192848017,1.1487,28.3,1.7136,133353,889.666,"[2.1897, 4.5068]","[3.3931, 3.6958]",3.6957908083258033,3.4570232197717043e-9,optimized,950.0000000000001,false
s045,95,8.4109,sequential,sequential,2,true,,889.5073642687815,4.614121975622268,1.1485,29.3,1.7753,133353,889.507,"[2.2493, 4.6141]","[3.3931, 3.6958]",3.6957908083258033,2.4530602028838278e-9,optimized,950.0000000000001,false
s045,90,7.9682,sequential,sequential,2,true,,899.4386006690858,4.470484154421535,1.1613,29.5,1.7861,133353,899.439,"[2.3984, 4.4705]","[3.3931, 3.6958]",3.6957908083258033,6.927460553113329e-9,optimized,950.0000000000001,false
s045,85,7.5255,sequential,sequential,2,true,,844.6758131099067,5.694641979324912,1.0906,30.2,1.8279,133353,844.676,"[1.4209, 5.6946]","[3.3931, 3.6958]",3.6957908083258033,2.0711912993714998e-8,optimized,950.0000000000001,false
s045,80,7.0829,sequential,sequential,2,true,,857.4620960401292,4.981993163937261,1.1071,29.8,1.8053,133353,857.462,"[1.3514, 4.982]","[3.3931, 3.6958]",3.6957908083258033,3.302038587005285e-9,optimized,950.0000000000001,false
s045,75,6.6402,sequential,sequential,2,true,,889.1668056021479,4.506047132400072,1.1480,29.3,1.7745,133353,889.167,"[2.1816, 4.506]","[3.3931, 3.6958]",3.6957908083258033,5.534956076802544e-9,optimized,950.0000000000001,false
s045,70,6.1975,sequential,sequential,2,true,,888.8762251007626,4.603758071164596,1.1476,29.7,1.7966,133353,888.876,"[2.2358, 4.6038]","[3.3931, 3.6958]",3.6957908083258033,1.6769777989866785e-8,optimized,950.0000000000001,false
s045,65,5.7548,sequential,sequential,2,true,,888.2198935047674,4.603220693775426,1.1468,29.2,1.7704,133353,888.22,"[2.2285, 4.6032]","[3.3931, 3.6958]",3.6957908083258033,2.55601164886321e-9,optimized,950.0000000000001,false
s045,60,5.3121,sequential,sequential,2,true,,889.1920780720388,4.494790879884652,1.1481,29.6,1.7940,133353,889.192,"[2.1867, 4.4948]","[3.3931, 3.6958]",3.6957908083258033,3.512323803328554e-9,optimized,950.0000000000001,false
s045,55,4.8695,sequential,sequential,2,true,,899.5061246689478,4.864755074916352,1.1614,29.2,1.7654,133353,899.506,"[2.3312, 4.8648]","[3.3931, 3.6958]",3.6957908083258033,0.0003384526962568121,optimized,950.0000000000001,false
s045,50,4.4268,sequential,sequential,2,true,,904.7580978168907,4.411710600798582,1.1681,28.8,1.7460,133353,904.758,"[2.5591, 4.4117]","[3.3931, 3.6958]",3.6957908083258033,3.126621426693954e-8,optimized,950.0000000000001,false
s045,45,3.9841,sequential,sequential,2,true,,928.7545308323522,3.9100163905814562,1.1991,29.0,1.7554,133353,928.755,"[3.18, 3.91]","[3.3931, 3.6958]",3.6957908083258033,1.5875867582365588e-8,optimized,950.0000000000001,false
s045,40,3.5414,sequential,sequential,2,false,recovery_failed,950.1211491248897,3.576835570765424,,28.1,1.7013,133353,950.121,"[3.225, 3.5768]","[3.3931, 3.6958]",3.6957908083258033,-0.035404571765423665,recovery_failed,950.0000000000001,false
s045,35,3.0988,sequential,sequential,2,false,not_run_after_fail,,,,0.0,,,,,,,,,,
s045,30,2.6561,sequential,sequential,2,false,not_run_after_fail,,,,0.0,,,,,,,,,,
s046,100,5.5511,sequential,sequential,2,true,,1006.4649363921554,5.523314117378672,1.0623,17.4,1.0476,603,1006.465,"[2.7052, 5.5233]","[3.3881, 3.6733]",3.6733163641235467,1.5778832379576002e-8,optimized,1150.0,false
s046,95,5.2735,sequential,sequential,2,true,,1010.5408771904855,5.224387381511085,1.0666,17.3,1.0387,603,1010.541,"[2.7684, 5.2244]","[3.3881, 3.6733]",3.6733163641235467,1.0322913676641399e-8,optimized,1150.0,false
s046,90,4.9960,sequential,sequential,2,true,,1015.1929385425942,4.960152203966361,1.0715,17.3,1.0392,603,1015.193,"[2.8365, 4.9602]","[3.3881, 3.6733]",3.6733163641235467,1.0389328695958877e-8,optimized,1150.0,false
s046,85,4.7184,sequential,sequential,2,true,,1012.7822646442733,4.696652049293452,1.0690,16.5,0.9932,603,1012.782,"[2.9554, 4.6967]","[3.3881, 3.6733]",3.6733163641235467,1.6233807166587955e-8,optimized,1150.0,false
s046,80,4.4409,sequential,sequential,2,true,,1031.7846089115296,4.407182819164735,1.0890,16.5,0.9898,603,1031.785,"[3.0167, 4.4072]","[3.3881, 3.6733]",3.6733163641235467,1.4970117603874122e-8,optimized,1150.0,false
s046,75,4.1633,sequential,sequential,2,true,,1095.2134189707836,4.135467585006493,1.1560,17.1,1.0269,603,1095.213,"[3.3089, 4.1355]","[3.3881, 3.6733]",3.6733163641235467,7.534517173363176e-9,optimized,1150.0,false
s046,70,3.8858,sequential,sequential,2,true,,1136.7251158410759,3.858920611592784,1.1998,15.1,0.9065,603,1136.725,"[3.3446, 3.8589]","[3.3881, 3.6733]",3.6733163641235467,0.00837351309680789,optimized,1150.0,false
s046,65,3.6082,sequential,sequential,2,false,recovery_failed,1863.3591374568257,3.7156850978973015,,15.8,0.9504,12607,1863.359,"[2.51, 3.7157]","[2.4941, 3.4911]",3.4910987298976828,-0.10747023889730123,recovery_failed,1150.0,true
s046,60,3.3307,sequential,sequential,2,false,not_run_after_fail,,,,0.0,,,,,,,,,,
s046,55,3.0531,sequential,sequential,2,false,not_run_after_fail,,,,0.0,,,,,,,,,,
s046,50,2.7755,sequential,sequential,2,false,not_run_after_fail,,,,0.0,,,,,,,,,,
s046,45,2.4980,sequential,sequential,2,false,not_run_after_fail,,,,0.0,,,,,,,,,,
s046,40,2.2204,sequential,sequential,2,false,not_run_after_fail,,,,0.0,,,,,,,,,,
s046,35,1.9429,sequential,sequential,2,false,not_run_after_fail,,,,0.0,,,,,,,,,,
s046,30,1.6653,sequential,sequential,2,false,not_run_after_fail,,,,0.0,,,,,,,,,,
s047,100,6.5442,sequential,sequential,2,true,,708.9364168626419,5.5365986147214965,0.9800,14.9,0.9434,159,708.936,"[1.8182, 5.5366]","[3.0812, 3.6596]",3.6595757627089274,3.254372802212856e-6,optimized,786.6025403784439,false
s047,95,6.2170,sequential,sequential,2,true,,727.3637367812241,5.6618714997074155,1.0055,14.5,0.9169,159,727.364,"[2.4462, 5.6619]","[3.0812, 3.6596]",3.6595757627089274,8.65243197520249e-6,optimized,786.6025403784439,false
s047,90,5.8897,sequential,sequential,2,true,,711.9858772190764,5.536498721567206,0.9842,14.8,0.9353,159,711.986,"[1.8322, 5.5365]","[3.0812, 3.6596]",3.6595757627089274,3.028091073026262e-8,optimized,786.6025403784439,false
s047,85,5.5625,sequential,sequential,2,true,,760.5682957940755,5.562534854376633,1.0514,14.2,0.8952,159,760.568,"[2.8511, 5.5625]","[3.0812, 3.6596]",3.6595757627089274,4.955623367663975e-6,optimized,786.6025403784439,false
s047,80,5.2353,sequential,sequential,2,true,,772.8550633454029,5.235323212666034,1.0683,14.1,0.8912,159,772.855,"[2.9476, 5.2353]","[3.0812, 3.6596]",3.6595757627089274,8.432333966190697e-6,optimized,786.6025403784439,false
s047,75,4.9081,sequential,sequential,2,true,,751.8921737918913,4.908122240486719,1.0394,14.2,0.8953,723,751.892,"[2.786, 4.9081]","[3.0812, 3.6596]",3.6595757627089274,1.238513281265341e-6,optimized,786.6025403784439,false
s047,70,4.5809,sequential,sequential,2,true,,763.8677580410932,4.5809122157138935,1.0559,14.5,0.9157,723,763.868,"[2.9826, 4.5809]","[3.0812, 3.6596]",3.6595757627089274,3.0982861067840872e-6,optimized,786.6025403784439,false
s047,65,4.2537,sequential,sequential,2,true,,783.7108773176378,4.005220721128334,1.0834,14.3,0.9035,723,783.711,"[3.0722, 4.0052]","[3.0812, 3.6596]",3.6595757627089274,0.011733495236956173,optimized,786.6025403784439,false
s047,60,3.9265,sequential,sequential,2,true,,760.9595082541193,3.8559238254002173,1.0519,15.4,0.9747,723,760.96,"[2.9635, 3.8559]","[3.0812, 3.6596]",3.6595757627089274,1.6030110176756818e-8,optimized,786.6025403784439,false
s047,55,3.5993,sequential,sequential,2,false,recovery_failed,792.3837991764358,3.7895292541344094,,17.9,1.1288,42389,792.384,"[3.0124, 3.7895]","[3.0812, 3.6596]",3.6595757627089274,-0.19023843613440938,recovery_failed,786.6025403784439,false
s047,50,3.2721,sequential,sequential,2,false,not_run_after_fail,,,,0.0,,,,,,,,,,
s047,45,2.9449,sequential,sequential,2,false,not_run_after_fail,,,,0.0,,,,,,,,,,
s047,40,2.6177,sequential,sequential,2,false,not_run_after_fail,,,,0.0,,,,,,,,,,
s047,35,2.2905,sequential,sequential,2,false,not_run_after_fail,,,,0.0,,,,,,,,,,
s047,30,1.9632,sequential,sequential,2,false,not_run_after_fail,,,,0.0,,,,,,,,,,
s048,100,5.5484,sequential,sequential,2,true,,922.7073844230174,5.540404168556541,0.9975,16.4,0.9861,519,922.707,"[1.1809, 5.5404]","[3.0182, 3.4243]",3.424301952767778,5.199408408567251e-6,optimized,1050.0,true
s048,95,5.2710,sequential,sequential,2,true,,979.3513061238759,4.589709072477211,1.0587,15.6,0.9399,519,979.351,"[1.6142, 4.5897]","[3.0182, 3.4243]",3.424301952767778,4.3743004010665665e-9,optimized,1050.0,true
s048,90,4.9936,sequential,sequential,2,true,,978.63800385281,4.593230963197373,1.0579,15.6,0.9377,519,978.638,"[1.6213, 4.5932]","[3.0182, 3.4243]",3.424301952767778,5.49193385213087e-10,optimized,1050.0,true
s048,85,4.7162,sequential,sequential,2,true,,977.3876724234343,4.531602349256586,1.0566,15.6,0.9404,519,977.388,"[1.7014, 4.5316]","[3.0182, 3.4243]",3.424301952767778,1.6441877082051803e-8,optimized,1050.0,true
s048,80,4.4387,sequential,sequential,2,true,,1019.8263355310118,3.5918755790220436,1.1025,14.9,0.8989,519,1019.826,"[2.7604, 3.5919]","[3.0182, 3.4243]",3.424301952767778,0.012312147539576764,optimized,1050.0,true
s048,75,4.1613,sequential,sequential,2,true,,980.0893469610878,4.136635030791726,1.0595,15.9,0.9563,519,980.089,"[1.7289, 4.1366]","[3.0182, 3.4243]",3.424301952767778,2.5407683324374375e-5,optimized,1050.0,true
s048,70,3.8839,sequential,sequential,2,true,,980.9326640780874,3.5620643974033217,1.0604,16.1,0.9696,519,980.933,"[1.8589, 3.5621]","[3.0182, 3.4243]",3.424301952767778,0.016077866784812732,optimized,1050.0,true
s048,65,3.6065,sequential,sequential,2,true,,1008.9050637679208,3.6064687950706498,1.0906,16.9,1.0134,519,1008.905,"[2.7938, 3.6065]","[3.0182, 3.4243]",3.424301952767778,6.592935042348813e-8,optimized,1050.0,true
s048,60,3.3290,sequential,sequential,2,false,recovery_failed,1405.9627661167617,3.6595761657728327,,15.2,0.9164,2232,1405.963,"[2.3557, 3.6596]","[2.4183, 3.21]",3.210028798095215,-0.33052790877283256,recovery_failed,1050.0,true
s048,55,3.0516,sequential,sequential,2,false,not_run_after_fail,,,,0.0,,,,,,,,,,
s048,50,2.7742,sequential,sequential,2,false,not_run_after_fail,,,,0.0,,,,,,,,,,
s048,45,2.4968,sequential,sequential,2,false,not_run_after_fail,,,,0.0,,,,,,,,,,
s048,40,2.2194,sequential,sequential,2,false,not_run_after_fail,,,,0.0,,,,,,,,,,
s048,35,1.9419,sequential,sequential,2,false,not_run_after_fail,,,,0.0,,,,,,,,,,
s048,30,1.6645,sequential,sequential,2,false,not_run_after_fail,,,,0.0,,,,,,,,,,
s049,100,5.6858,sequential,sequential,2,true,,991.9689366158859,5.685768613626105,1.0060,16.4,0.9883,655,991.969,"[2.9721, 5.6858]","[3.5223, 4.5421]",4.542062344187579,9.865373895578955e-6,optimized,1050.0000000000002,true
s049,95,5.4015,sequential,sequential,2,true,,1013.3256899463004,5.401489113530694,1.0277,15.7,0.9489,655,1013.326,"[3.1723, 5.4015]","[3.5223, 4.5421]",4.542062344187579,4.91469306140857e-7,optimized,1050.0000000000002,true
s049,90,5.1172,sequential,sequential,2,true,,1021.6936447791986,4.751282587990521,1.0362,15.6,0.9401,655,1021.694,"[3.5227, 4.7513]","[3.5223, 4.5421]",4.542062344187579,0.011569714722491301,optimized,1050.0000000000002,true
s049,85,4.8329,sequential,sequential,2,true,,1020.5024556895348,4.832911529957799,1.0350,15.8,0.9524,655,1020.502,"[3.2829, 4.8329]","[3.5223, 4.5421]",4.542062344187579,3.2704220132018236e-7,optimized,1050.0000000000002,true
s049,80,4.5486,sequential,sequential,2,true,,1010.7767161323014,4.336089758321244,1.0251,16.9,1.0175,655,1010.777,"[3.4326, 4.3361]","[3.5223, 4.5421]",4.542062344187579,1.854890906496931e-8,optimized,1050.0000000000002,true
s049,75,4.2643,sequential,sequential,2,true,,1060.8296065956358,4.263898203582937,1.0759,15.0,0.9028,757,1060.83,"[3.4525, 4.2639]","[3.5218, 4.1127]",4.112677754363801,0.00043590541706262087,optimized,1050.0000000000002,true
s049,70,3.9800,sequential,sequential,2,true,,1574.7408636605883,3.63207980805746,1.5971,15.3,0.9241,5582,1574.741,"[1.8715, 3.6321]","[1.9851, 3.8736]",3.873613657505782,0.0010764904018802299,optimized,1050.0000000000002,true
s049,65,3.6958,sequential,sequential,2,false,recovery_failed,2667.427294105764,3.8619496428004876,,18.0,1.0870,40457,2667.427,"[2.5947, 3.8619]","[2.5402, 3.6731]",3.6731117232832133,-0.16619328180048765,recovery_failed,1050.0000000000002,true
s049,60,3.4115,sequential,sequential,2,false,not_run_after_fail,,,,0.0,,,,,,,,,,
s049,55,3.1272,sequential,sequential,2,false,not_run_after_fail,,,,0.0,,,,,,,,,,
s049,50,2.8429,sequential,sequential,2,false,not_run_after_fail,,,,0.0,,,,,,,,,,
s049,45,2.5586,sequential,sequential,2,false,not_run_after_fail,,,,0.0,,,,,,,,,,
s049,40,2.2743,sequential,sequential,2,false,not_run_after_fail,,,,0.0,,,,,,,,,,
s049,35,1.9900,sequential,sequential,2,false,not_run_after_fail,,,,0.0,,,,,,,,,,
s049,30,1.7057,sequential,sequential,2,false,not_run_after_fail,,,,0.0,,,,,,,,,,
s050,100,4.1503,sequential,sequential,2,true,,924.6390853277942,2.6390217078198095,0.9781,16.0,0.9886,568,924.639,"[1.7728, 2.639]","[2.9708, 3.1115]",3.1115046784650198,0.004109393462019276,optimized,950.0,false
s050,95,3.9427,sequential,sequential,2,true,,924.8813220117252,2.668722532994765,0.9784,15.9,0.9834,568,924.881,"[1.7508, 2.6687]","[2.9708, 3.1115]",3.1115046784650198,0.004494236915826264,optimized,950.0,false
s050,90,3.7352,sequential,sequential,2,true,,943.1110331558556,3.486268231244994,0.9977,15.3,0.9461,568,943.111,"[2.9327, 3.4863]","[2.9708, 3.1115]",3.1115046784650198,0.011477063824436879,optimized,950.0,false
s050,85,3.5277,sequential,sequential,2,true,,941.0365994645592,3.2615858529548247,0.9955,15.5,0.9565,3245,941.037,"[2.9079, 3.2616]","[2.9708, 3.1115]",3.1115046784650198,0.009993466807776373,optimized,950.0,false
s050,80,3.3202,sequential,sequential,2,true,,906.6376098111766,3.318303036928686,0.9591,17.4,1.0753,3245,906.638,"[2.5944, 3.3183]","[2.9708, 3.1115]",3.1115046784650198,4.1018336643938724e-10,optimized,950.0,false
s050,75,3.1127,sequential,sequential,2,true,,930.2198841396661,2.7018943229403147,0.9840,40.5,2.5026,194062,930.22,"[2.8385, 2.7019]","[2.9708, 3.1115]",3.1115046784650198,0.008047506501252612,optimized,950.0,false
s050,70,2.9052,sequential,sequential,2,true,,928.8101898915965,2.7150224620100243,0.9825,40.2,2.4827,194062,928.81,"[2.845, 2.715]","[2.9708, 3.1115]",3.1115046784650198,3.45474745699903e-7,optimized,950.0,false
s050,65,2.6977,sequential,sequential,2,true,,928.9356420878383,2.694497367323792,0.9827,39.8,2.4595,194062,928.936,"[2.8308, 2.6945]","[2.9708, 3.1115]",3.1115046784650198,0.003168291676208135,optimized,950.0,false
s050,60,2.4902,sequential,sequential,2,true,,929.1494473910358,2.4857000588910036,0.9829,40.0,2.4699,194062,929.149,"[2.7606, 2.4857]","[2.9708, 3.1115]",3.1115046784650198,0.004452934108996498,optimized,950.0,false
s050,55,2.2826,sequential,sequential,2,false,recovery_failed,929.1487792516295,2.4856970072885956,,39.9,2.4615,194062,929.149,"[2.7606, 2.4857]","[2.9708, 3.1115]",3.1115046784650198,-0.20305668028859536,recovery_failed,950.0,false
s050,50,2.0751,sequential,sequential,2,false,not_run_after_fail,,,,0.0,,,,,,,,,,
s050,45,1.8676,sequential,sequential,2,false,not_run_after_fail,,,,0.0,,,,,,,,,,
s050,40,1.6601,sequential,sequential,2,false,not_run_after_fail,,,,0.0,,,,,,,,,,
s050,35,1.4526,sequential,sequential,2,false,not_run_after_fail,,,,0.0,,,,,,,,,,
s050,30,1.2451,sequential,sequential,2,false,not_run_after_fail,,,,0.0,,,,,,,,,,
s051,100,5.9726,sequential,sequential,2,true,,940.7743317715713,3.6832348701932918,1.1146,15.5,0.9398,1389,940.774,"[2.939, 3.6832]","[2.9991, 3.8478]",3.8477564063020404,0.011671785489027135,optimized,986.6025403784438,false
s051,95,5.6740,sequential,sequential,2,true,,940.7743311686864,3.6832346195385592,1.1146,15.3,0.9283,1389,940.774,"[2.939, 3.6832]","[2.9991, 3.8478]",3.8477564063020404,0.011671785466937253,optimized,986.6025403784438,false
s051,90,5.3753,sequential,sequential,2,true,,940.7743303573152,3.6832342822319366,1.1146,15.5,0.9382,1732,940.774,"[2.939, 3.6832]","[2.9991, 3.8478]",3.8477564063020404,0.01167178543727649,optimized,986.6025403784438,false
s051,85,5.0767,sequential,sequential,2,true,,940.7743292063454,3.6832338039248533,1.1146,15.4,0.9318,1732,940.774,"[2.939, 3.6832]","[2.9991, 3.8478]",3.8477564063020404,0.011671785395350569,optimized,986.6025403784438,false
s051,80,4.7781,sequential,sequential,2,true,,940.7743274466262,3.6832330728163827,1.1146,15.4,0.9346,1732,940.774,"[2.939, 3.6832]","[2.9991, 3.8478]",3.8477564063020404,0.011671785331306358,optimized,986.6025403784438,false
s051,75,4.4795,sequential,sequential,2,true,,940.7743243682993,3.6832318165444002,1.1146,15.4,0.9295,1732,940.774,"[2.939, 3.6832]","[2.9991, 3.8478]",3.8477564063020404,0.011671785221943572,optimized,986.6025403784438,false
s051,70,4.1808,sequential,sequential,2,true,,940.7743179411042,3.6832291513976205,1.1146,15.4,0.9307,1732,940.774,"[2.939, 3.6832]","[2.9991, 3.8478]",3.8477564063020404,0.011671784991468297,optimized,986.6025403784438,false
s051,65,3.8822,sequential,sequential,2,true,,940.7742949573667,3.68321966783409,1.1146,15.3,0.9285,1732,940.774,"[2.939, 3.6832]","[2.9991, 3.8478]",3.8477564063020404,0.011671784183539449,optimized,986.6025403784438,false
s051,60,3.5836,sequential,sequential,2,false,recovery_failed,1033.984497088547,3.6000708556334917,,15.2,0.9169,4190,1033.984,"[2.8526, 3.6001]","[2.9325, 3.295]",3.295048572228767,-0.016503804633491548,recovery_failed,1086.6025403784438,false
s051,55,3.2849,sequential,sequential,2,false,not_run_after_fail,,,,0.0,,,,,,,,,,
s051,50,2.9863,sequential,sequential,2,false,not_run_after_fail,,,,0.0,,,,,,,,,,
s051,45,2.6877,sequential,sequential,2,false,not_run_after_fail,,,,0.0,,,,,,,,,,
s051,40,2.3890,sequential,sequential,2,false,not_run_after_fail,,,,0.0,,,,,,,,,,
s051,35,2.0904,sequential,sequential,2,false,not_run_after_fail,,,,0.0,,,,,,,,,,
s051,30,1.7918,sequential,sequential,2,false,not_run_after_fail,,,,0.0,,,,,,,,,,
s052,100,7.3896,sequential,sequential,2,true,,1288.8712816830703,6.675766537092472,1.3380,17.3,1.0582,23178,1288.871,"[5.1575, 6.6758]","[5.3867, 5.5175]",5.517473613819309,0.009585850056279674,optimized,1286.6025403784438,false
s052,95,7.0202,sequential,sequential,2,true,,1176.7853331131832,6.276141379017974,1.2217,17.8,1.0864,23178,1176.785,"[5.1601, 6.2761]","[5.3867, 5.5175]",5.517473613819309,8.56671249008234e-8,optimized,1286.6025403784438,false
s052,90,6.6507,sequential,sequential,2,true,,1196.1220843095587,6.39586572498342,1.2418,17.5,1.0685,23178,1196.122,"[5.1608, 6.3959]","[5.3867, 5.5175]",5.517473613819309,0.00927368329590074,optimized,1286.6025403784438,false
s052,85,6.2812,sequential,sequential,2,true,,1195.716534856194,6.281200891517305,1.2413,17.6,1.0715,23178,1195.717,"[5.1599, 6.2812]","[5.3867, 5.5175]",5.517473613819309,1.6984826949340004e-6,optimized,1286.6025403784438,false
s052,80,5.9117,sequential,sequential,2,true,,1186.4366868100806,5.911720078052522,1.2317,18.4,1.1232,23178,1186.437,"[5.1572, 5.9117]","[5.3867, 5.5175]",5.517473613819309,6.594747858912342e-8,optimized,1286.6025403784438,false
s052,75,5.5422,sequential,sequential,2,true,,1208.5851272979457,5.492492113331774,1.2547,16.6,1.0131,23178,1208.585,"[5.1144, 5.4925]","[5.3867, 5.5175]",5.517473613819309,0.006723847284478917,optimized,1286.6025403784438,false
s052,70,5.1728,sequential,sequential,2,true,,1201.9902064089836,5.143516153650983,1.2478,16.6,1.0152,23178,1201.99,"[5.1206, 5.1435]","[5.3867, 5.5175]",5.517473613819309,0.005811546608435247,optimized,1286.6025403784438,false
s052,65,4.8033,sequential,sequential,2,false,recovery_failed,1201.91166909324,5.088675191099898,,16.5,1.0046,23178,1201.912,"[5.1226, 5.0887]","[5.3867, 5.5175]",5.517473613819309,-0.2854023870998974,recovery_failed,1286.6025403784438,false
s052,60,4.4338,sequential,sequential,2,false,not_run_after_fail,,,,0.0,,,,,,,,,,
s052,55,4.0643,sequential,sequential,2,false,not_run_after_fail,,,,0.0,,,,,,,,,,
s052,50,3.6948,sequential,sequential,2,false,not_run_after_fail,,,,0.0,,,,,,,,,,
s052,45,3.3253,sequential,sequential,2,false,not_run_after_fail,,,,0.0,,,,,,,,,,
s052,40,2.9559,sequential,sequential,2,false,not_run_after_fail,,,,0.0,,,,,,,,,,
s052,35,2.5864,sequential,sequential,2,false,not_run_after_fail,,,,0.0,,,,,,,,,,
s052,30,2.2169,sequential,sequential,2,false,not_run_after_fail,,,,0.0,,,,,,,,,,
s053,100,4.9907,sequential,sequential,2,true,,845.3823367622497,4.126750857242254,1.1798,14.9,0.9168,169,845.382,"[3.4775, 4.1268]","[3.4753, 3.7759]",3.775855245427306,0.011569714719696348,optimized,850.0,false
s053,95,4.7411,sequential,sequential,2,true,,845.3823367304965,4.126750856834258,1.1798,14.8,0.9089,169,845.382,"[3.4775, 4.1268]","[3.4753, 3.7759]",3.775855245427306,0.011569714719690715,optimized,850.0,false
s053,90,4.4916,sequential,sequential,2,true,,845.1108922396164,4.118713365582761,1.1794,14.6,0.8978,169,845.111,"[3.4759, 4.1187]","[3.4753, 3.7759]",3.775855245427306,0.01156971471967812,optimized,850.0,false
s053,85,4.2421,sequential,sequential,2,true,,840.6462130804075,4.233692453318505,1.1732,14.8,0.9124,169,840.646,"[3.0082, 4.2337]","[3.4753, 3.7759]",3.775855245427306,1.0410409993777403e-7,optimized,850.0,false
s053,80,3.9925,sequential,sequential,2,true,,807.5896655741674,3.980991887372198,1.1270,16.3,1.0019,169,807.59,"[3.2282, 3.981]","[3.4753, 3.7759]",3.775855245427306,3.6021467024471843e-9,optimized,850.0,false
s053,75,3.7430,sequential,sequential,2,true,,1154.520313867176,3.7270827022920154,1.6112,15.0,0.9208,874,1154.52,"[2.3634, 3.7271]","[2.3241, 3.5494]",3.549373048315145,0.011559440252042624,optimized,850.0,true
s053,70,3.4935,sequential,sequential,2,true,,1287.8968703777662,2.717734330509449,1.7973,14.6,0.9000,2242,1287.897,"[2.319, 2.7177]","[2.3241, 3.4476]",3.4476138961303526,0.010638540713671837,seed_only,850.0,true
s053,65,3.2439,sequential,sequential,2,false,recovery_failed,2659.5287397288307,3.332554067545363,,18.1,1.1114,47559,2659.529,"[2.2721, 3.3326]","[2.1586, 3.1931]",3.193091754894502,-0.08862404654536293,recovery_failed,850.0,true
s053,60,2.9944,sequential,sequential,2,false,not_run_after_fail,,,,0.0,,,,,,,,,,
s053,55,2.7449,sequential,sequential,2,false,not_run_after_fail,,,,0.0,,,,,,,,,,
s053,50,2.4953,sequential,sequential,2,false,not_run_after_fail,,,,0.0,,,,,,,,,,
s053,45,2.2458,sequential,sequential,2,false,not_run_after_fail,,,,0.0,,,,,,,,,,
s053,40,1.9963,sequential,sequential,2,false,not_run_after_fail,,,,0.0,,,,,,,,,,
s053,35,1.7467,sequential,sequential,2,false,not_run_after_fail,,,,0.0,,,,,,,,,,
s053,30,1.4972,sequential,sequential,2,false,not_run_after_fail,,,,0.0,,,,,,,,,,
s054,100,8.4379,sequential,sequential,2,true,,1030.6266838514014,6.7738133491338095,1.1388,18.9,1.1321,1270,1030.627,"[5.2203, 6.7738]","[6.7378, 6.992]",6.992046259714397,0.00741473799783722,optimized,1150.0,false
s054,95,8.0160,sequential,sequential,2,true,,1030.4391009677513,6.767664751636562,1.1386,18.7,1.1231,1270,1030.439,"[5.1213, 6.7677]","[6.7378, 6.992]",6.992046259714397,0.00748190071953685,optimized,1150.0,false
s054,90,7.5941,sequential,sequential,2,true,,1031.4997527368225,6.762102687250235,1.1398,18.5,1.1077,1270,1031.5,"[5.0425, 6.7621]","[6.7378, 6.992]",6.992046259714397,0.007559882061849994,optimized,1150.0,false
s054,85,7.1722,sequential,sequential,2,true,,1032.1698262347427,6.75228611130625,1.1405,18.4,1.1045,1270,1032.17,"[4.8772, 6.7523]","[6.7378, 6.992]",6.992046259714397,0.00777867288060918,optimized,1150.0,false
s054,80,6.7503,sequential,sequential,2,true,,1030.8840713032864,4.950491676260488,1.1391,17.0,1.0198,1290,1030.884,"[5.1267, 4.9505]","[6.7377, 4.9188]",4.91882090755825,2.4089970079567135e-6,optimized,1150.0,true
s054,75,6.3284,sequential,sequential,2,true,,1052.165607522822,4.962405680336029,1.1626,16.2,0.9735,1290,1052.166,"[5.2122, 4.9624]","[6.7377, 4.9188]",4.91882090755825,0.003538823475511459,optimized,1150.0,true
s054,70,5.9065,sequential,sequential,2,true,,1025.2512948457822,4.98855184179182,1.1329,17.0,1.0173,1290,1025.251,"[5.093, 4.9886]","[6.7377, 4.9188]",4.91882090755825,1.2671553323822082e-5,optimized,1150.0,true
s054,65,5.4846,sequential,sequential,2,true,,1047.53960375478,5.005521264103348,1.1575,16.4,0.9838,1290,1047.54,"[5.1888, 5.0055]","[6.7377, 4.9188]",4.91882090755825,2.05740257424859e-5,optimized,1150.0,true
s054,60,5.0627,sequential,sequential,2,true,,1043.481331998401,4.901172383082111,1.1530,16.6,0.9983,1290,1043.481,"[5.1357, 4.9012]","[6.7377, 4.9188]",4.91882090755825,1.2340404421374842e-6,optimized,1150.0,true
s054,55,4.6408,sequential,sequential,2,false,recovery_failed,1549.3620971946823,4.926727639716708,,15.4,0.9262,4778,1549.362,"[5.0775, 4.9267]","[4.8078, 4.5542]",4.55419844536727,-0.2859061147167079,recovery_failed,1150.0,true
s054,50,4.2189,sequential,sequential,2,false,not_run_after_fail,,,,0.0,,,,,,,,,,
s054,45,3.7970,sequential,sequential,2,false,not_run_after_fail,,,,0.0,,,,,,,,,,
s054,40,3.3751,sequential,sequential,2,false,not_run_after_fail,,,,0.0,,,,,,,,,,
s054,35,2.9532,sequential,sequential,2,false,not_run_after_fail,,,,0.0,,,,,,,,,,
s054,30,2.5314,sequential,sequential,2,false,not_run_after_fail,,,,0.0,,,,,,,,,,
s055,100,4.2209,sequential,sequential,2,false,recovery_failed,1065.1810815101285,3.7218494666903283,,18.4,1.1071,46251,1065.181,"[0.8633, 3.7218]","[0.8634, 3.2882]",3.288214122856174,-40.849801258453056,recovery_failed,1086.6025403784438,false
s055,95,4.0099,sequential,sequential,2,false,not_run_after_fail,,,,0.0,,,,,,,,,,
s055,90,3.7988,sequential,sequential,2,false,not_run_after_fail,,,,0.0,,,,,,,,,,
s055,85,3.5878,sequential,sequential,2,false,not_run_after_fail,,,,0.0,,,,,,,,,,
s055,80,3.3767,sequential,sequential,2,false,not_run_after_fail,,,,0.0,,,,,,,,,,
s055,75,3.1657,sequential,sequential,2,false,not_run_after_fail,,,,0.0,,,,,,,,,,
s055,70,2.9546,sequential,sequential,2,false,not_run_after_fail,,,,0.0,,,,,,,,,,
s055,65,2.7436,sequential,sequential,2,false,not_run_after_fail,,,,0.0,,,,,,,,,,
s055,60,2.5325,sequential,sequential,2,false,not_run_after_fail,,,,0.0,,,,,,,,,,
s055,55,2.3215,sequential,sequential,2,false,not_run_after_fail,,,,0.0,,,,,,,,,,
s055,50,2.1105,sequential,sequential,2,false,not_run_after_fail,,,,0.0,,,,,,,,,,
s055,45,1.8994,sequential,sequential,2,false,not_run_after_fail,,,,0.0,,,,,,,,,,
s055,40,1.6884,sequential,sequential,2,false,not_run_after_fail,,,,0.0,,,,,,,,,,
s055,35,1.4773,sequential,sequential,2,false,not_run_after_fail,,,,0.0,,,,,,,,,,
s055,30,1.2663,sequential,sequential,2,false,not_run_after_fail,,,,0.0,,,,,,,,,,
s056,100,7.5536,sequential,sequential,2,false,recovery_failed,629.2851389660057,5.804814608101122,,29.1,1.8072,135397,629.285,"[2.7756, 5.8048]","[3.4208, 4.5445]",4.54446994509979,-0.00048676566243055844,recovery_failed,650.0,false
s056,95,7.1759,sequential,sequential,2,false,not_run_after_fail,,,,0.0,,,,,,,,,,
s056,90,6.7983,sequential,sequential,2,false,not_run_after_fail,,,,0.0,,,,,,,,,,
s056,85,6.4206,sequential,sequential,2,false,not_run_after_fail,,,,0.0,,,,,,,,,,
s056,80,6.0429,sequential,sequential,2,false,not_run_after_fail,,,,0.0,,,,,,,,,,
s056,75,5.6652,sequential,sequential,2,false,not_run_after_fail,,,,0.0,,,,,,,,,,
s056,70,5.2875,sequential,sequential,2,false,not_run_after_fail,,,,0.0,,,,,,,,,,
s056,65,4.9099,sequential,sequential,2,false,not_run_after_fail,,,,0.0,,,,,,,,,,
s056,60,4.5322,sequential,sequential,2,false,not_run_after_fail,,,,0.0,,,,,,,,,,
s056,55,4.1545,sequential,sequential,2,false,not_run_after_fail,,,,0.0,,,,,,,,,,
s056,50,3.7768,sequential,sequential,2,false,not_run_after_fail,,,,0.0,,,,,,,,,,
s056,45,3.3991,sequential,sequential,2,false,not_run_after_fail,,,,0.0,,,,,,,,,,
s056,40,3.0214,sequential,sequential,2,false,not_run_after_fail,,,,0.0,,,,,,,,,,
s056,35,2.6438,sequential,sequential,2,false,not_run_after_fail,,,,0.0,,,,,,,,,,
s056,30,2.2661,sequential,sequential,2,false,not_run_after_fail,,,,0.0,,,,,,,,,,
s057,100,5.6828,sequential,sequential,2,true,,1090.819054283349,5.682783611259895,1.1145,51.4,3.0907,220432,1090.819,"[2.1608, 5.6828]","[3.2709, 3.541]",3.5409544419998418,4.584740104895957e-6,optimized,1150.0,false
s057,95,5.3986,sequential,sequential,2,true,,1074.7112670198562,5.398646900032038,1.0981,48.2,2.8984,220432,1074.711,"[1.9817, 5.3986]","[3.2709, 3.541]",3.5409544419998418,1.9359679628294657e-6,optimized,1150.0,false
s057,90,5.1145,sequential,sequential,2,true,,1135.1988089146516,3.911979040307787,1.1599,47.3,2.8445,220432,1135.199,"[3.1999, 3.912]","[3.2709, 3.541]",3.5409544419998418,0.010656807412561016,optimized,1150.0,false
s057,85,4.8304,sequential,sequential,2,true,,1135.141421747401,3.904751582694844,1.1598,47.2,2.8384,220432,1135.141,"[3.2006, 3.9048]","[3.2709, 3.541]",3.5409544419998418,0.010656915510666836,optimized,1150.0,false
s057,80,4.5462,sequential,sequential,2,true,,1135.0877975281453,3.878942640610632,1.1598,47.0,2.8268,220432,1135.088,"[3.2015, 3.8789]","[3.2709, 3.541]",3.5409544419998418,0.010657094260825896,optimized,1150.0,false
s057,75,4.2621,sequential,sequential,2,true,,1075.130079748754,4.2620908895607625,1.0985,47.9,2.8783,220432,1075.13,"[2.746, 4.2621]","[3.2709, 3.541]",3.5409544419998418,5.074392372961256e-7,optimized,1150.0,false
s057,70,3.9780,sequential,sequential,2,true,,1118.65960977462,3.977950856366247,1.1430,47.3,2.8442,220432,1118.66,"[2.8218, 3.978]","[3.2709, 3.541]",3.5409544419998418,1.1806337529840505e-6,optimized,1150.0,false
s057,65,3.6938,sequential,sequential,2,true,,1107.5278829967078,3.693812620435299,1.1316,48.2,2.8978,220432,1107.528,"[3.114, 3.6938]","[3.2709, 3.541]",3.5409544419998418,5.756470100592992e-8,optimized,1150.0,false
s057,60,3.4097,sequential,sequential,2,true,,1128.9786358646265,3.3838346406827275,1.1535,46.8,2.8132,220432,1128.979,"[3.166, 3.3838]","[3.2709, 3.541]",3.5409544419998418,0.010462428530435533,optimized,1150.0,false
s057,55,3.1255,sequential,sequential,2,false,recovery_failed,1133.7554092625787,3.3738619377352426,,46.3,2.7814,220432,1133.755,"[3.1316, 3.3739]","[3.2709, 3.541]",3.5409544419998418,-0.24832797973524245,recovery_failed,1150.0,false
s057,50,2.8414,sequential,sequential,2,false,not_run_after_fail,,,,0.0,,,,,,,,,,
s057,45,2.5573,sequential,sequential,2,false,not_run_after_fail,,,,0.0,,,,,,,,,,
s057,40,2.2731,sequential,sequential,2,false,not_run_after_fail,,,,0.0,,,,,,,,,,
s057,35,1.9890,sequential,sequential,2,false,not_run_after_fail,,,,0.0,,,,,,,,,,
s057,30,1.7048,sequential,sequential,2,false,not_run_after_fail,,,,0.0,,,,,,,,,,
s058,100,5.2066,sequential,sequential,2,true,,722.499164615224,5.204821871063285,1.0181,15.7,0.9704,270,722.499,"[1.1257, 5.2048]","[3.0632, 3.4161]",3.4160995428679963,2.881755022596144e-5,optimized,850.0,true
s058,95,4.9463,sequential,sequential,2,true,,787.3460615288824,4.946267564587926,1.1094,15.1,0.9366,270,787.346,"[2.7789, 4.9463]","[3.0632, 3.4161]",3.4160995428679963,1.4485412073383941e-5,optimized,850.0,true
s058,90,4.6860,sequential,sequential,2,true,,796.629473268739,4.6859509558281935,1.1225,15.1,0.9370,270,796.629,"[2.8599, 4.686]","[3.0632, 3.4161]",3.4160995428679963,5.121718062994773e-7,optimized,850.0,true
s058,85,4.4256,sequential,sequential,2,true,,819.6458608611125,4.425620041053781,1.1549,15.0,0.9290,270,819.646,"[2.9087, 4.4256]","[3.0632, 3.4161]",3.4160995428679963,8.45946218852589e-7,optimized,850.0,true
s058,80,4.1653,sequential,sequential,2,true,,825.5568313334429,3.96545879301161,1.1633,14.7,0.9121,270,825.557,"[3.0556, 3.9655]","[3.0632, 3.4161]",3.4160995428679963,0.010729170509555522,optimized,850.0,true
s058,75,3.9050,sequential,sequential,2,true,,800.604925758077,3.9049596185354383,1.1281,16.0,0.9899,270,800.605,"[2.8915, 3.905]","[3.0632, 3.4161]",3.4160995428679963,1.0546456197246812e-7,optimized,850.0,true
s058,70,3.6446,sequential,sequential,2,true,,815.5257890420901,3.6446288792948054,1.1491,15.0,0.9283,270,815.526,"[2.9811, 3.6446]","[3.0632, 3.4161]",3.4160995428679963,2.62705194931101e-7,optimized,850.0,true
s058,65,3.3843,sequential,sequential,2,false,recovery_failed,832.532271764686,3.428314049601171,,26.8,1.6579,110615,832.532,"[2.9731, 3.4283]","[3.0632, 3.4161]",3.4160995428679963,-0.04401548860117099,recovery_failed,850.0,true
s058,60,3.1240,sequential,sequential,2,false,not_run_after_fail,,,,0.0,,,,,,,,,,
s058,55,2.8636,sequential,sequential,2,false,not_run_after_fail,,,,0.0,,,,,,,,,,
s058,50,2.6033,sequential,sequential,2,false,not_run_after_fail,,,,0.0,,,,,,,,,,
s058,45,2.3430,sequential,sequential,2,false,not_run_after_fail,,,,0.0,,,,,,,,,,
s058,40,2.0826,sequential,sequential,2,false,not_run_after_fail,,,,0.0,,,,,,,,,,
s058,35,1.8223,sequential,sequential,2,false,not_run_after_fail,,,,0.0,,,,,,,,,,
s058,30,1.5620,sequential,sequential,2,false,not_run_after_fail,,,,0.0,,,,,,,,,,
s059,100,8.2417,sequential,sequential,2,true,,869.3292066215782,3.982228356375838,1.1465,35.7,2.1928,189462,869.329,"[3.1145, 3.9822]","[3.7865, 4.3333]",4.3333429499246625,0.0035612433109714382,optimized,850.0,false
s059,95,7.8296,sequential,sequential,2,true,,825.9447589935181,3.983494553789358,1.0893,36.2,2.2237,189462,825.945,"[3.1149, 3.9835]","[3.7865, 4.3333]",4.3333429499246625,8.56495887170336e-6,optimized,850.0,false
s059,90,7.4175,sequential,sequential,2,true,,869.3684981988561,4.061246458656124,1.1465,35.7,2.1955,189462,869.368,"[3.167, 4.0612]","[3.7865, 4.3333]",4.3333429499246625,0.0032492611683159027,optimized,850.0,false
s059,85,7.0054,sequential,sequential,2,true,,868.9368197855222,4.059239142357724,1.1460,35.0,2.1538,189462,868.937,"[3.1686, 4.0592]","[3.7865, 4.3333]",4.3333429499246625,0.0032599775270420947,optimized,850.0,false
s059,80,6.5934,sequential,sequential,2,true,,868.5096581143384,4.044414075680948,1.1454,35.3,2.1727,189462,868.51,"[3.1567, 4.0444]","[3.7865, 4.3333]",4.3333429499246625,0.0030789540049991244,optimized,850.0,false
s059,75,6.1813,sequential,sequential,2,true,,819.679852415635,4.8295536357080895,1.0810,35.9,2.2041,189462,819.68,"[3.12, 4.8296]","[3.7865, 4.3333]",4.3333429499246625,2.096135908596919e-8,optimized,850.0,false
s059,70,5.7692,sequential,sequential,2,true,,819.673491887159,4.742439593062389,1.0810,35.6,2.1892,189462,819.673,"[3.142, 4.7424]","[3.7865, 4.3333]",4.3333429499246625,2.171766082942339e-8,optimized,850.0,false
s059,65,5.3571,sequential,sequential,2,true,,819.2941788946,4.738694582447082,1.0805,35.6,2.1903,189462,819.294,"[3.1225, 4.7387]","[3.7865, 4.3333]",4.3333429499246625,2.139897726377571e-8,optimized,850.0,false
s059,60,4.9450,sequential,sequential,2,true,,851.79994608082,3.9926006278742143,1.1234,35.4,2.1764,189462,851.8,"[3.1287, 3.9926]","[3.7865, 4.3333]",4.3333429499246625,0.005332632091141338,optimized,850.0,false
s059,55,4.5329,sequential,sequential,2,true,,827.9958720586967,4.465885674241264,1.0920,37.3,2.2931,189462,827.996,"[3.1191, 4.4659]","[3.7865, 4.3333]",4.3333429499246625,4.78238531206876e-8,optimized,850.0,false
s059,50,4.1209,sequential,sequential,2,true,,821.8155779535168,4.048937898915048,1.0838,37.5,2.3057,189462,821.816,"[3.1265, 4.0489]","[3.7865, 4.3333]",4.3333429499246625,3.817254342827758e-8,optimized,850.0,false
s059,45,3.7088,sequential,sequential,2,true,,963.870435099005,3.4193847921209044,1.2712,16.6,1.0214,1216,963.87,"[2.0405, 3.4194]","[2.7118, 3.3068]",3.306792706360369,8.036860173893379e-9,optimized,1050.0,false
s059,40,3.2967,sequential,sequential,2,true,,1426.0837811334177,3.281064549918228,1.8807,15.3,0.9405,6333,1426.084,"[1.9972, 3.2811]","[2.2773, 3.2092]",3.2091982916574375,0.011056359022161106,optimized,1050.0,true
s059,35,2.8846,sequential,sequential,2,true,,1070.0812158569845,2.8845973830628027,1.4112,32.5,1.9985,150011,1070.081,"[2.3927, 2.8846]","[2.7393, 3.3444]",3.344383700762736,4.979371972524405e-7,optimized,1150.0,false
s059,30,2.4725,sequential,sequential,2,false,recovery_failed,1284.524583244101,2.648273673053949,,118.4,7.2802,579268,1284.525,"[2.3807, 2.6483]","[2.7119, 3.307]",3.306969072648463,-7.088791214297513,recovery_failed,1350.0,false
s060,100,8.1087,sequential,sequential,2,true,,713.8503570487744,8.086113978034922,0.8533,17.6,1.0802,30481,713.85,"[3.9429, 8.0861]","[3.6574, 4.7674]",4.767352764914423,1.770915639554005e-5,optimized,750.0,false
s060,95,7.7032,sequential,sequential,2,true,,716.4436280619173,7.505554445569451,0.8564,17.1,1.0508,30481,716.444,"[3.9431, 7.5056]","[3.6574, 4.7674]",4.767352764914423,1.7447819118387997e-5,optimized,750.0,false
s060,90,7.2978,sequential,sequential,2,true,,718.2166318129042,7.133415265607179,0.8586,17.0,1.0454,30481,718.217,"[3.9432, 7.1334]","[3.6574, 4.7674]",4.767352764914423,1.1109554407084943e-5,optimized,750.0,false
s060,85,6.8924,sequential,sequential,2,true,,715.8112890828559,6.892371922542438,0.8557,17.2,1.0535,30481,715.811,"[3.943, 6.8924]","[3.6574, 4.7674]",4.767352764914423,9.17457562366053e-7,optimized,750.0,false
s060,80,6.4869,sequential,sequential,2,true,,720.0731200263433,6.486934504429561,0.8608,16.9,1.0376,30481,720.073,"[3.9431, 6.4869]","[3.6574, 4.7674]",4.767352764914423,4.6975704393048545e-6,optimized,750.0,false
s060,75,6.0815,sequential,sequential,2,true,,717.1699396913617,6.081503098268092,0.8573,17.1,1.0501,30481,717.17,"[3.943, 6.0815]","[3.6574, 4.7674]",4.767352764914423,2.4657319084298024e-6,optimized,750.0,false
s060,70,5.6761,sequential,sequential,2,true,,751.1092330718756,4.848018762313141,0.8979,17.0,1.0409,30481,751.109,"[3.9558, 4.848]","[3.6574, 4.7674]",4.767352764914423,0.01165014668375385,optimized,750.0,false
s060,65,5.2706,sequential,sequential,2,true,,751.1106914658649,4.838028655184519,0.8979,16.8,1.0336,30481,751.111,"[3.9558, 4.838]","[3.6574, 4.7674]",4.767352764914423,0.011632930163130753,optimized,750.0,false
s060,60,4.8652,sequential,sequential,2,true,,740.5544873385033,4.865204631571299,0.8853,17.7,1.0875,30481,740.554,"[3.9322, 4.8652]","[3.6574, 4.7674]",4.767352764914423,2.042870139717934e-8,optimized,750.0,false
s060,55,4.4598,sequential,sequential,2,false,recovery_failed,746.6987104389815,4.816118098958559,,16.9,1.0339,30481,746.699,"[3.9278, 4.8161]","[3.6574, 4.7674]",4.767352764914423,-0.3563470849585588,recovery_failed,750.0,false
s060,50,4.0543,sequential,sequential,2,false,not_run_after_fail,,,,0.0,,,,,,,,,,
s060,45,3.6489,sequential,sequential,2,false,not_run_after_fail,,,,0.0,,,,,,,,,,
s060,40,3.2435,sequential,sequential,2,false,not_run_after_fail,,,,0.0,,,,,,,,,,
s060,35,2.8380,sequential,sequential,2,false,not_run_after_fail,,,,0.0,,,,,,,,,,
s060,30,2.4326,sequential,sequential,2,false,not_run_after_fail,,,,0.0,,,,,,,,,,
s061,100,6.9261,sequential,sequential,2,true,,641.2618460295912,6.157141033244061,0.7578,20.1,1.2376,58441,641.262,"[4.421, 6.1571]","[4.3158, 5.8936]",5.893603638028499,3.3081678417469218e-6,optimized,650.0,false
s061,95,6.5798,sequential,sequential,2,true,,643.4754942913893,6.261479286275121,0.7604,19.9,1.2229,58441,643.475,"[4.6837, 6.2615]","[4.3158, 5.8936]",5.893603638028499,3.293093601224427e-6,optimized,650.0,false
s061,90,6.2335,sequential,sequential,2,true,,643.5883721282823,6.2335067114409535,0.7605,19.9,1.2283,58441,643.588,"[4.8535, 6.2335]","[4.3158, 5.8936]",5.893603638028499,8.895590468682713e-7,optimized,650.0,false
s061,85,5.8872,sequential,sequential,2,true,,645.8390683342093,5.807112207299279,0.7632,20.1,1.2385,58441,645.839,"[4.5073, 5.8071]","[4.3158, 5.8936]",5.893603638028499,0.012334826988547265,optimized,650.0,false
s061,80,5.5409,sequential,sequential,2,true,,650.9097936880407,5.517483595640975,0.7692,19.2,1.1830,58441,650.91,"[4.3537, 5.5175]","[4.3158, 5.8936]",5.893603638028499,0.01223912507817663,optimized,650.0,false
s061,75,5.1946,sequential,sequential,2,true,,651.4769176616452,5.175578508738649,0.7698,19.1,1.1734,58441,651.477,"[4.5252, 5.1756]","[4.3158, 5.8936]",5.893603638028499,0.009534168898285487,optimized,650.0,false
s061,70,4.8483,sequential,sequential,2,true,,656.3895015961674,4.834856765173797,0.7757,18.8,1.1591,58441,656.39,"[5.0065, 4.8349]","[4.3158, 5.8936]",5.893603638028499,8.163382395317761e-5,optimized,650.0,false
s061,65,4.5020,sequential,sequential,2,false,recovery_failed,657.6469885879568,4.507173249944286,,18.3,1.1255,58441,657.647,"[4.7944, 4.5072]","[4.3158, 5.8936]",5.893603638028499,-0.005195259944285269,recovery_failed,650.0,false
s061,60,4.1557,sequential,sequential,2,false,not_run_after_fail,,,,0.0,,,,,,,,,,
s061,55,3.8094,sequential,sequential,2,false,not_run_after_fail,,,,0.0,,,,,,,,,,
s061,50,3.4631,sequential,sequential,2,false,not_run_after_fail,,,,0.0,,,,,,,,,,
s061,45,3.1168,sequential,sequential,2,false,not_run_after_fail,,,,0.0,,,,,,,,,,
s061,40,2.7704,sequential,sequential,2,false,not_run_after_fail,,,,0.0,,,,,,,,,,
s061,35,2.4241,sequential,sequential,2,false,not_run_after_fail,,,,0.0,,,,,,,,,,
s061,30,2.0778,sequential,sequential,2,false,not_run_after_fail,,,,0.0,,,,,,,,,,
s062,100,7.1821,sequential,sequential,2,true,,864.2325066271503,6.8867107242166,0.8761,33.4,2.0231,134639,864.233,"[1.2022, 6.8867]","[2.2931, 3.2431]",3.243070078858588,3.1038202337185794e-5,optimized,986.6025403784439,false
s062,95,6.8230,sequential,sequential,2,true,,868.9283386748632,6.804770896959557,0.8808,32.8,1.9863,134639,868.928,"[1.2685, 6.8048]","[2.2931, 3.2431]",3.243070078858588,0.00728418259978764,optimized,986.6025403784439,false
s062,90,6.4639,sequential,sequential,2,true,,869.4255155796106,6.448313452515319,0.8813,33.5,2.0267,134639,869.426,"[1.2816, 6.4483]","[2.2931, 3.2431]",3.243070078858588,0.007282835159168229,optimized,986.6025403784439,false
s062,85,6.1048,sequential,sequential,2,true,,893.8610732685405,6.104785711596231,0.9061,32.4,1.9627,134639,893.861,"[1.3154, 6.1048]","[2.2931, 3.2431]",3.243070078858588,5.9403769014920726e-8,optimized,986.6025403784439,false
s062,80,5.7457,sequential,sequential,2,true,,893.8956065424575,5.74567783944588,0.9061,32.8,1.9877,134639,893.896,"[1.5269, 5.7457]","[2.2931, 3.2431]",3.243070078858588,2.9445541205319614e-6,optimized,986.6025403784439,false
s062,75,5.3866,sequential,sequential,2,true,,897.3510835345919,5.386530005769617,0.9096,32.6,1.9713,134639,897.351,"[1.3667, 5.3865]","[2.2931, 3.2431]",3.243070078858588,4.579223038270186e-5,optimized,986.6025403784439,false
s062,70,5.0275,sequential,sequential,2,true,,893.0879423041877,5.0274515970591125,0.9053,32.8,1.9865,134639,893.088,"[1.4935, 5.0275]","[2.2931, 3.2431]",3.243070078858588,1.9213940887219394e-5,optimized,986.6025403784439,false
s062,65,4.6684,sequential,sequential,2,true,,938.6069319932811,4.6683657003809556,0.9515,32.3,1.9545,134639,938.607,"[2.0918, 4.6684]","[2.2931, 3.2431]",3.243070078858588,1.2461904486116282e-7,optimized,986.6025403784439,false
s062,60,4.3093,sequential,sequential,2,true,,894.6411215977381,4.179995418122695,0.9069,32.6,1.9724,134639,894.641,"[1.5347, 4.18]","[2.2931, 3.2431]",3.243070078858588,9.588574243935e-6,optimized,986.6025403784439,false
s062,55,3.9502,sequential,sequential,2,true,,880.0280388491358,3.950154885983728,0.8921,32.7,1.9769,134639,880.028,"[1.2093, 3.9502]","[2.2931, 3.2431]",3.243070078858588,9.660162718638787e-7,optimized,986.6025403784439,false
s062,50,3.5910,sequential,sequential,2,true,,957.2561858126348,3.186943409117813,0.9704,32.0,1.9391,134639,957.256,"[1.5846, 3.1869]","[2.2931, 3.2431]",3.243070078858588,0.008897901823263155,optimized,986.6025403784439,false
s062,45,3.2319,sequential,sequential,2,true,,964.3295821840833,2.6524138564175255,0.9775,31.6,1.9137,134639,964.33,"[2.0214, 2.6524]","[2.2931, 3.2431]",3.243070078858588,0.00811829070962013,optimized,986.6025403784439,false
s062,40,2.8728,sequential,sequential,2,true,,954.4220408720698,2.511731451671694,0.9675,31.6,1.9113,134639,954.422,"[2.0289, 2.5117]","[2.2931, 3.2431]",3.243070078858588,0.008118291472942473,optimized,986.6025403784439,false
s062,35,2.5137,sequential,sequential,2,true,,934.9153005789391,2.5137358567258934,0.9477,33.0,1.9955,134639,934.915,"[1.8266, 2.5137]","[2.2931, 3.2431]",3.243070078858588,4.9274106572738674e-8,optimized,986.6025403784439,false
s062,30,2.1546,sequential,sequential,2,false,recovery_failed,2112.4030640037936,3.176487728386161,,19.8,1.1998,72280,2112.403,"[2.1313, 3.1765]","[2.326, 3.3014]",3.301409780970648,-1.4148927420346216,recovery_failed,2186.602540378444,false
s063,100,5.0006,sequential,sequential,2,true,,945.6616589454916,4.300463973238069,1.0943,15.0,0.9104,1150,945.662,"[2.7506, 4.3005]","[2.7574, 3.9396]",3.9395727653273718,0.011569714719654364,optimized,950.0,false
s063,95,4.7505,sequential,sequential,2,true,,945.661658946848,4.284301622157795,1.0943,15.6,0.9452,1150,945.662,"[2.7506, 4.2843]","[2.7574, 3.9396]",3.9395727653273718,0.011569714719644955,optimized,950.0,false
s063,90,4.5005,sequential,sequential,2,true,,945.661658953167,4.266125832367429,1.0943,15.2,0.9186,1442,945.662,"[2.7445, 4.2661]","[2.7574, 3.9396]",3.9395727653273718,0.011569714719617874,optimized,950.0,false
s063,85,4.2505,sequential,sequential,2,true,,946.2568321985862,4.240219581528573,1.0949,15.7,0.9546,2128,946.257,"[2.7442, 4.2402]","[2.7574, 3.9396]",3.9395727653273718,0.01026575147142772,optimized,950.0,false
s063,80,4.0005,sequential,sequential,2,true,,943.3426190357949,3.762852911538465,1.0916,16.3,0.9865,2128,943.343,"[2.4709, 3.7629]","[2.7574, 3.9396]",3.9395727653273718,2.1806133985308174e-8,optimized,950.0,false
s063,75,3.7504,sequential,sequential,2,true,,1278.790830543907,3.5410915610878204,1.4797,14.8,0.8999,2128,1278.791,"[2.177, 3.5411]","[2.8009, 3.6535]",3.6534826286335704,0.011109686082628445,optimized,950.0,true
s063,70,3.5004,sequential,sequential,2,true,,1449.5880690571696,3.3284254046150443,1.6774,15.0,0.9093,4583,1449.588,"[1.919, 3.3284]","[2.3451, 3.4758]",3.475800592505231,0.011111163529055121,optimized,950.0,true
s063,65,3.2504,sequential,sequential,2,true,,1893.1020614717465,3.2132503923464544,2.1906,16.1,0.9779,17257,1893.102,"[1.6948, 3.2133]","[2.0216, 3.2031]",3.203060294193763,0.00413230606352117,optimized,950.0,true
s063,60,3.0003,sequential,sequential,2,false,recovery_failed,968.0761654564509,3.462851633929747,,74.6,4.5237,395217,968.076,"[2.4106, 3.4629]","[2.7574, 3.9396]",3.9395727653273718,-0.46250875192974705,recovery_failed,950.0,false
s063,55,2.7503,sequential,sequential,2,false,not_run_after_fail,,,,0.0,,,,,,,,,,
s063,50,2.5003,sequential,sequential,2,false,not_run_after_fail,,,,0.0,,,,,,,,,,
s063,45,2.2503,sequential,sequential,2,false,not_run_after_fail,,,,0.0,,,,,,,,,,
s063,40,2.0002,sequential,sequential,2,false,not_run_after_fail,,,,0.0,,,,,,,,,,
s063,35,1.7502,sequential,sequential,2,false,not_run_after_fail,,,,0.0,,,,,,,,,,
s063,30,1.5002,sequential,sequential,2,false,not_run_after_fail,,,,0.0,,,,,,,,,,
s065,100,4.2830,sequential,sequential,2,true,,1105.1565171424684,4.2829854485759755,1.3531,35.7,2.1446,148801,1105.157,"[3.2492, 4.283]","[3.0991, 3.1754]",3.1754283089342916,2.2942402466696876e-7,optimized,1150.0,false
s065,95,4.0688,sequential,sequential,2,true,,1082.7381272697244,3.7035506186327707,1.3256,34.8,2.0893,148801,1082.738,"[3.2949, 3.7036]","[3.0991, 3.1754]",3.1754283089342916,0.008217193146980863,optimized,1150.0,false
s065,90,3.8547,sequential,sequential,2,true,,1053.033525365237,3.5931401436343253,1.2893,36.5,2.1946,148801,1053.034,"[3.1759, 3.5931]","[3.0991, 3.1754]",3.1754283089342916,1.9945491658290848e-7,optimized,1150.0,false
s065,85,3.6405,sequential,sequential,2,true,,1066.0066283518297,3.313704874439591,1.3051,36.6,2.1966,148801,1066.007,"[3.1833, 3.3137]","[3.0991, 3.1754]",3.1754283089342916,1.3030596619501011e-6,optimized,1150.0,false
s065,80,3.4264,sequential,sequential,2,true,,1082.6582408460436,3.2784570563135564,1.3255,33.5,2.0106,148801,1082.658,"[3.3055, 3.2785]","[3.0991, 3.1754]",3.1754283089342916,1.4754523590454482e-5,optimized,1150.0,false
s065,75,3.2122,sequential,sequential,2,true,,1081.3522787028637,3.208836120139212,1.3239,33.6,2.0159,148801,1081.352,"[3.2402, 3.2088]","[3.0991, 3.1754]",3.1754283089342916,0.003403388860788059,optimized,1150.0,false
s065,70,2.9981,sequential,sequential,2,true,,1075.8258616825792,2.7353575144905666,1.3172,37.2,2.2325,148801,1075.826,"[3.1288, 2.7354]","[3.0991, 3.1754]",3.1754283089342916,0.009456830002741277,optimized,1150.0,false
s065,65,2.7839,sequential,sequential,2,true,,1089.0513254514424,2.783939903593774,1.3334,33.5,2.0107,148801,1089.051,"[3.0765, 2.7839]","[3.0991, 3.1754]",3.1754283089342916,1.1374062260927076e-6,optimized,1150.0,false
s065,60,2.5698,sequential,sequential,2,true,,1091.2250103104475,2.5697915970420575,1.3360,33.5,2.0095,148801,1091.225,"[3.0904, 2.5698]","[3.0991, 3.1754]",3.1754283089342916,2.0995794258737988e-7,optimized,1150.0,false
s065,55,2.3556,sequential,sequential,2,false,recovery_failed,1094.6949435370873,2.594647886500952,,34.9,2.0985,148801,1094.695,"[3.0861, 2.5946]","[3.0991, 3.1754]",3.1754283089342916,-0.23900531350095156,recovery_failed,1150.0,false
s065,50,2.1415,sequential,sequential,2,false,not_run_after_fail,,,,0.0,,,,,,,,,,
s065,45,1.9273,sequential,sequential,2,false,not_run_after_fail,,,,0.0,,,,,,,,,,
s065,40,1.7132,sequential,sequential,2,false,not_run_after_fail,,,,0.0,,,,,,,,,,
s065,35,1.4990,sequential,sequential,2,false,not_run_after_fail,,,,0.0,,,,,,,,,,
s065,30,1.2849,sequential,sequential,2,false,not_run_after_fail,,,,0.0,,,,,,,,,,
s066,100,5.4014,sequential,sequential,2,true,,691.9466889567055,2.8717660330086696,1.0743,14.7,0.9186,184,691.947,"[1.2461, 2.8718]","[2.8025, 3.4565]",3.4565214905285604,2.9473675791646947e-8,optimized,750.0,false
s066,95,5.1314,sequential,sequential,2,true,,687.6944448719892,5.045626543894016,1.0677,14.6,0.9147,184,687.694,"[1.2626, 5.0456]","[2.8025, 3.4565]",3.4565214905285604,8.892774303603801e-7,optimized,750.0,false
s066,90,4.8613,sequential,sequential,2,true,,687.5271788904349,4.649805980119608,1.0675,14.6,0.9118,184,687.527,"[1.1519, 4.6498]","[2.8025, 3.4565]",3.4565214905285604,1.4916679106136144e-5,optimized,750.0,false
s066,85,4.5912,sequential,sequential,2,true,,686.6128709014093,4.308893923044199,1.0660,14.6,0.9101,184,686.613,"[1.0554, 4.3089]","[2.8025, 3.4565]",3.4565214905285604,0.0001388678174407687,optimized,750.0,false
s066,80,4.3212,sequential,sequential,2,true,,703.6535019471219,4.301071391286571,1.0925,14.5,0.9091,184,703.654,"[0.9929, 4.3011]","[2.8025, 3.4565]",3.4565214905285604,8.745136949528387e-5,optimized,750.0,false
s066,75,4.0511,sequential,sequential,2,true,,731.5922561181378,3.329920960304001,1.1359,14.5,0.9086,184,731.592,"[1.4002, 3.3299]","[2.8025, 3.4565]",3.4565214905285604,0.000329745657611762,optimized,750.0,false
s066,70,3.7810,sequential,sequential,2,true,,714.8971906112805,3.5943834773496683,1.1100,15.5,0.9707,269,714.897,"[2.3201, 3.5944]","[2.8025, 3.4565]",3.4565214905285604,1.0287481179427349e-8,optimized,750.0,false
s066,65,3.5109,sequential,sequential,2,true,,717.5409658300094,3.206862646696749,1.1141,15.6,0.9720,437,717.541,"[2.4079, 3.2069]","[2.8025, 3.4565]",3.4565214905285604,3.995276318113916e-9,optimized,750.0,false
s066,60,3.2409,sequential,sequential,2,false,recovery_failed,981.7721668128193,3.5336870155762306,,14.6,0.9151,437,981.772,"[2.2113, 3.5337]","[2.4021, 3.1987]",3.1986982959050767,-0.29281605657623055,recovery_failed,750.0,true
s066,55,2.9708,sequential,sequential,2,false,not_run_after_fail,,,,0.0,,,,,,,,,,
s066,50,2.7007,sequential,sequential,2,false,not_run_after_fail,,,,0.0,,,,,,,,,,
s066,45,2.4307,sequential,sequential,2,false,not_run_after_fail,,,,0.0,,,,,,,,,,
s066,40,2.1606,sequential,sequential,2,false,not_run_after_fail,,,,0.0,,,,,,,,,,
s066,35,1.8905,sequential,sequential,2,false,not_run_after_fail,,,,0.0,,,,,,,,,,
s066,30,1.6204,sequential,sequential,2,false,not_run_after_fail,,,,0.0,,,,,,,,,,
s067,100,8.0003,sequential,sequential,2,false,recovery_failed,934.4738584488133,5.562658957367265,,18.8,1.1471,55109,934.474,"[5.5086, 5.5627]","[5.4546, 5.4705]",5.4705344120796395,-0.007769571711643185,recovery_failed,950.0,false
s067,95,7.6003,sequential,sequential,2,false,not_run_after_fail,,,,0.0,,,,,,,,,,
s067,90,7.2003,sequential,sequential,2,false,not_run_after_fail,,,,0.0,,,,,,,,,,
s067,85,6.8003,sequential,sequential,2,false,not_run_after_fail,,,,0.0,,,,,,,,,,
s067,80,6.4003,sequential,sequential,2,false,not_run_after_fail,,,,0.0,,,,,,,,,,
s067,75,6.0002,sequential,sequential,2,false,not_run_after_fail,,,,0.0,,,,,,,,,,
s067,70,5.6002,sequential,sequential,2,false,not_run_after_fail,,,,0.0,,,,,,,,,,
s067,65,5.2002,sequential,sequential,2,false,not_run_after_fail,,,,0.0,,,,,,,,,,
s067,60,4.8002,sequential,sequential,2,false,not_run_after_fail,,,,0.0,,,,,,,,,,
s067,55,4.4002,sequential,sequential,2,false,not_run_after_fail,,,,0.0,,,,,,,,,,
s067,50,4.0002,sequential,sequential,2,false,not_run_after_fail,,,,0.0,,,,,,,,,,
s067,45,3.6001,sequential,sequential,2,false,not_run_after_fail,,,,0.0,,,,,,,,,,
s067,40,3.2001,sequential,sequential,2,false,not_run_after_fail,,,,0.0,,,,,,,,,,
s067,35,2.8001,sequential,sequential,2,false,not_run_after_fail,,,,0.0,,,,,,,,,,
s067,30,2.4001,sequential,sequential,2,false,not_run_after_fail,,,,0.0,,,,,,,,,,
s068,100,5.2697,sequential,sequential,2,true,,910.5624801989136,3.8102862245586993,1.1426,15.4,0.9389,740,910.562,"[1.6727, 3.8103]","[1.718, 3.2828]",3.2827711541348017,0.011533730767526448,optimized,950.0000000000001,false
s068,95,5.0062,sequential,sequential,2,true,,910.5624801861236,3.8102861652290065,1.1426,15.2,0.9313,740,910.562,"[1.6727, 3.8103]","[1.718, 3.2828]",3.2827711541348017,0.011533730765637249,optimized,950.0000000000001,false
s068,90,4.7427,sequential,sequential,2,true,,910.5624801642068,3.8102860692538383,1.1426,15.2,0.9300,740,910.562,"[1.6727, 3.8103]","[1.718, 3.2828]",3.2827711541348017,0.011533730762482403,optimized,950.0000000000001,false
s068,85,4.4793,sequential,sequential,2,true,,910.5624801198826,3.8102858894733562,1.1426,15.3,0.9321,740,910.562,"[1.6727, 3.8103]","[1.718, 3.2828]",3.2827711541348017,0.01153373075630701,optimized,950.0000000000001,false
s068,80,4.2158,sequential,sequential,2,true,,910.562479998183,3.810285446901299,1.1426,14.8,0.9062,810,910.562,"[1.6727, 3.8103]","[1.718, 3.2828]",3.2827711541348017,0.011533730740078085,optimized,950.0000000000001,false
s068,75,3.9523,sequential,sequential,2,true,,910.5624792655744,3.8102832209543007,1.1426,14.8,0.9056,810,910.562,"[1.6727, 3.8103]","[1.718, 3.2828]",3.2827711541348017,0.011533730648413284,optimized,950.0000000000001,false
s068,70,3.6888,sequential,sequential,2,true,,911.6628994310068,3.561553561293183,1.1440,15.1,0.9234,810,911.663,"[1.6044, 3.5616]","[1.718, 3.2828]",3.2827711541348017,0.011180925623412748,optimized,950.0000000000001,false
s068,65,3.4253,sequential,sequential,2,true,,909.6041793223702,3.359834414995712,1.1414,14.9,0.9122,810,909.604,"[1.5904, 3.3598]","[1.718, 3.2828]",3.2827711541348017,0.011003354242366353,optimized,950.0000000000001,false
s068,60,3.1618,sequential,sequential,2,true,,971.2952885181924,1.6039079365687121,1.2188,14.8,0.9022,810,971.295,"[1.3665, 1.6039]","[1.7361, 2.8262]",2.8261583730266797,0.013893747768504,optimized,950.0000000000001,true
s068,55,2.8983,sequential,sequential,2,true,,954.2697419406147,2.5766951006429055,1.1974,16.2,0.9894,810,954.27,"[1.3154, 2.5767]","[1.7361, 2.8262]",2.8261583730266797,8.469351168299832e-9,optimized,950.0000000000001,true
s068,50,2.6349,sequential,sequential,2,false,recovery_failed,910.2555196511873,2.8486654262764595,,19.8,1.2110,63371,910.256,"[1.4836, 2.8487]","[1.718, 3.2828]",3.2827711541348017,-0.21380339427645945,recovery_failed,950.0000000000001,false
s068,45,2.3714,sequential,sequential,2,false,not_run_after_fail,,,,0.0,,,,,,,,,,
s068,40,2.1079,sequential,sequential,2,false,not_run_after_fail,,,,0.0,,,,,,,,,,
s068,35,1.8444,sequential,sequential,2,false,not_run_after_fail,,,,0.0,,,,,,,,,,
s068,30,1.5809,sequential,sequential,2,false,not_run_after_fail,,,,0.0,,,,,,,,,,
s069,100,5.3760,sequential,sequential,2,true,,1025.527490594546,3.051245568813392,1.1154,22.9,1.3685,77673,1025.527,"[2.8496, 3.0512]","[3.1076, 3.1803]",3.18025159068015,0.00955993661286414,optimized,1050.0,false
s069,95,5.1072,sequential,sequential,2,true,,1025.5260472817663,3.051204112390161,1.1154,22.1,1.3258,77673,1025.526,"[2.8496, 3.0512]","[3.1076, 3.1803]",3.18025159068015,0.009560053438247056,optimized,1050.0,false
s069,90,4.8384,sequential,sequential,2,true,,1025.524097686263,3.05114770324792,1.1154,22.1,1.3212,77673,1025.524,"[2.8496, 3.0511]","[3.1076, 3.1803]",3.18025159068015,0.00956026251518074,optimized,1050.0,false
s069,85,4.5696,sequential,sequential,2,true,,1025.5212847897203,3.05106512499756,1.1154,22.2,1.3304,77673,1025.521,"[2.8496, 3.0511]","[3.1076, 3.1803]",3.18025159068015,0.009560715808628434,optimized,1050.0,false
s069,80,4.3008,sequential,sequential,2,true,,1025.5166672698474,3.05092356161251,1.1154,22.2,1.3273,77673,1025.517,"[2.8496, 3.0509]","[3.1076, 3.1803]",3.18025159068015,0.009562240104486067,optimized,1050.0,false
s069,75,4.0320,sequential,sequential,2,true,,1025.4969148907744,3.050263272243052,1.1154,22.2,1.3325,77673,1025.497,"[2.8494, 3.0503]","[3.1076, 3.1803]",3.18025159068015,0.009577152896040745,optimized,1050.0,false
s069,70,3.7632,sequential,sequential,2,true,,1024.2276108151048,3.0132628233821976,1.1140,22.1,1.3216,77673,1024.228,"[2.8479, 3.0133]","[3.1076, 3.1803]",3.18025159068015,0.009728494446779923,optimized,1050.0,false
s069,65,3.4944,sequential,sequential,2,true,,1024.1646196605634,3.011692551475146,1.1139,22.2,1.3269,77673,1024.165,"[2.8482, 3.0117]","[3.1076, 3.1803]",3.18025159068015,0.009726463126457507,optimized,1050.0,false
s069,60,3.2256,sequential,sequential,2,true,,1024.0038879723293,3.0072508149903245,1.1138,21.8,1.3072,77673,1024.004,"[2.8482, 3.0073]","[3.1076, 3.1803]",3.18025159068015,0.0097265472217709,optimized,1050.0,false
s069,55,2.9568,sequential,sequential,2,true,,1018.559918996306,2.956790296657059,1.1078,21.8,1.3077,77673,1018.56,"[2.8313, 2.9568]","[3.1076, 3.1803]",3.18025159068015,5.0413429408813215e-6,optimized,1050.0,false
s069,50,2.6880,sequential,sequential,2,false,recovery_failed,1018.6466919099519,2.926910852260686,,22.0,1.3206,77673,1018.647,"[2.8317, 2.9269]","[3.1076, 3.1803]",3.18025159068015,-0.23891500026068568,recovery_failed,1050.0,false
s069,45,2.4192,sequential,sequential,2,false,not_run_after_fail,,,,0.0,,,,,,,,,,
s069,40,2.1504,sequential,sequential,2,false,not_run_after_fail,,,,0.0,,,,,,,,,,
s069,35,1.8816,sequential,sequential,2,false,not_run_after_fail,,,,0.0,,,,,,,,,,
s069,30,1.6128,sequential,sequential,2,false,not_run_after_fail,,,,0.0,,,,,,,,,,
s070,100,8.4915,sequential,sequential,2,true,,1199.7098743679824,5.298738783098403,1.2453,25.6,1.5038,57583,1199.71,"[4.4707, 5.2987]","[4.064, 5.3435]",5.343506315831881,0.0006208609445614646,optimized,1286.6025403784438,false
s070,95,8.0670,sequential,sequential,2,true,,1199.7031031322713,5.297855044744426,1.2453,25.2,1.4821,57583,1199.703,"[4.4703, 5.2979]","[4.064, 5.3435]",5.343506315831881,0.0006207531374646455,optimized,1286.6025403784438,false
s070,90,7.6424,sequential,sequential,2,true,,1199.6938066620025,5.296640970754639,1.2453,25.1,1.4773,57583,1199.694,"[4.4698, 5.2966]","[4.064, 5.3435]",5.343506315831881,0.000620603855687709,optimized,1286.6025403784438,false
s070,85,7.2178,sequential,sequential,2,true,,1199.6802471824,5.294869013492171,1.2453,25.5,1.4986,57583,1199.68,"[4.469, 5.2949]","[4.064, 5.3435]",5.343506315831881,0.0006203836616623451,optimized,1286.6025403784438,false
s070,80,6.7932,sequential,sequential,2,true,,1199.6586185925223,5.292039422666082,1.2452,25.3,1.4860,57583,1199.659,"[4.4678, 5.292]","[4.064, 5.3435]",5.343506315831881,0.0006200267623115534,optimized,1286.6025403784438,false
s070,75,6.3687,sequential,sequential,2,true,,1199.6186693281213,5.286806242830647,1.2452,25.5,1.4998,57583,1199.619,"[4.4656, 5.2868]","[4.064, 5.3435]",5.343506315831881,0.0006193511028809093,optimized,1286.6025403784438,false
s070,70,5.9441,sequential,sequential,2,true,,1200.145505464536,5.268120378057778,1.2457,23.1,1.3573,57583,1200.146,"[4.4439, 5.2681]","[4.064, 5.3435]",5.343506315831881,0.0014251862855448917,optimized,1286.6025403784438,false
s070,65,5.5195,sequential,sequential,2,true,,1200.1892761446863,5.268774480454507,1.2458,20.3,1.1941,57583,1200.189,"[4.446, 5.2688]","[4.064, 5.3435]",5.343506315831881,0.0005315860583974819,optimized,1286.6025403784438,false
s070,60,5.0949,sequential,sequential,2,true,,1195.3220382402515,4.948382904892226,1.2407,24.5,1.4405,57583,1195.322,"[4.2381, 4.9484]","[4.064, 5.3435]",5.343506315831881,0.0006249437081280833,optimized,1286.6025403784438,false
s070,55,4.6703,sequential,sequential,2,true,,1188.1888249322587,4.534223499888209,1.2333,24.5,1.4392,57583,1188.189,"[4.0667, 4.5342]","[4.064, 5.3435]",5.343506315831881,0.0007037188235200671,optimized,1286.6025403784438,false
s070,50,4.2458,sequential,sequential,2,true,,1179.3770123667566,4.061041554196798,1.2242,24.5,1.4404,57583,1179.377,"[3.9836, 4.061]","[4.064, 5.3435]",5.343506315831881,0.0010152615517996857,optimized,1286.6025403784438,false
s070,45,3.8212,sequential,sequential,2,true,,1322.7682967328863,3.6478499416318684,1.3730,19.7,1.1606,81440,1322.768,"[3.9446, 3.6478]","[4.0704, 5.2485]",5.248505697539194,5.214284101384692e-6,optimized,1486.6025403784438,false
s070,40,3.3966,sequential,sequential,2,true,,1314.8318647929716,3.374999664374255,1.3648,22.3,1.3121,81440,1314.832,"[3.9134, 3.375]","[4.0704, 5.2485]",5.248505697539194,0.007526537115838051,optimized,1486.6025403784438,false
s070,35,2.9720,sequential,sequential,2,true,,1321.5986953068286,2.9645075780116903,1.3718,24.6,1.4468,81440,1321.599,"[3.7449, 2.9645]","[4.0704, 5.2485]",5.248505697539194,0.001164582255256872,optimized,1486.6025403784438,false
s070,30,2.5475,sequential,sequential,2,false,recovery_failed,1325.0735238953569,2.871534873899887,,24.3,1.4307,81440,1325.074,"[3.6688, 2.8715]","[4.0704, 5.2485]",5.248505697539194,-0.324072580899887,recovery_failed,1486.6025403784438,false
s071,100,4.5053,sequential,sequential,2,true,,867.8557531488365,4.346971606990138,0.9797,15.9,0.9778,418,867.856,"[1.7375, 4.347]","[2.2373, 3.1332]",3.1331544213261746,3.997032357525021e-8,optimized,986.6025403784438,true
s071,95,4.2801,sequential,sequential,2,true,,971.4882114748143,4.280051340320713,1.0967,15.2,0.9301,418,971.488,"[1.8719, 4.2801]","[2.2373, 3.1332]",3.1331544213261746,3.467928699762979e-8,optimized,986.6025403784438,true
s071,90,4.0548,sequential,sequential,2,true,,959.2745474318954,4.003625452257212,1.0829,15.1,0.9287,418,959.275,"[1.7294, 4.0036]","[2.2373, 3.1332]",3.1331544213261746,0.00010247933914797613,optimized,986.6025403784438,true
s071,85,3.8295,sequential,sequential,2,true,,987.5981226964815,2.511402469084536,1.1148,14.8,0.9087,418,987.598,"[1.8332, 2.5114]","[2.2373, 3.1332]",3.1331544213261746,0.013976466181334897,optimized,986.6025403784438,true
s071,80,3.6043,sequential,sequential,2,true,,986.1299788794688,2.549107754857263,1.1132,14.7,0.9023,418,986.13,"[1.9409, 2.5491]","[2.2373, 3.1332]",3.1331544213261746,0.013823626407935215,optimized,986.6025403784438,true
s071,75,3.3790,sequential,sequential,2,true,,987.3328748424373,2.216777063209239,1.1145,14.9,0.9139,418,987.333,"[1.2908, 2.2168]","[2.2373, 3.1332]",3.1331544213261746,0.014628529168389024,optimized,986.6025403784438,true
s071,70,3.1537,sequential,sequential,2,true,,987.6715520381414,2.195557485969934,1.1149,14.9,0.9121,418,987.672,"[1.3504, 2.1956]","[2.2373, 3.1332]",3.1331544213261746,0.014699463986116235,optimized,986.6025403784438,true
s071,65,2.9285,sequential,sequential,2,true,,952.3182883911755,2.0635609066311633,1.0750,18.8,1.1549,42663,952.318,"[0.922, 2.0636]","[2.2373, 3.1332]",3.1331544237126057,0.01177467315823408,optimized,986.6025403784438,false
s071,60,2.7032,sequential,sequential,2,true,,948.7115658128621,2.3388054236346285,1.0710,19.6,1.2014,42663,948.712,"[1.8421, 2.3388]","[2.2373, 3.1332]",3.1331544237126057,0.01177967278121148,optimized,986.6025403784438,false
s071,55,2.4779,sequential,sequential,2,true,,953.6650739217152,2.2382850703708796,1.0765,17.6,1.0806,42663,953.665,"[1.723, 2.2383]","[2.2373, 3.1332]",3.1331544237126057,0.011172443684129618,optimized,986.6025403784438,false
s071,50,2.2527,sequential,sequential,2,false,recovery_failed,952.5998854803553,2.2908467182968257,,17.1,1.0516,42663,952.6,"[1.7979, 2.2908]","[2.2373, 3.1332]",3.1331544237126057,-0.038187626296825705,recovery_failed,986.6025403784438,false
s071,45,2.0274,sequential,sequential,2,false,not_run_after_fail,,,,0.0,,,,,,,,,,
s071,40,1.8021,sequential,sequential,2,false,not_run_after_fail,,,,0.0,,,,,,,,,,
s071,35,1.5769,sequential,sequential,2,false,not_run_after_fail,,,,0.0,,,,,,,,,,
s071,30,1.3516,sequential,sequential,2,false,not_run_after_fail,,,,0.0,,,,,,,,,,
s072,100,9.9498,sequential,sequential,2,true,,819.9299014748599,5.888814048055557,1.0001,16.1,0.9752,177,819.93,"[0.9801, 5.8888]","[2.2854, 3.7763]",3.7763343841783885,6.03637013693492e-6,optimized,850.0,false
s072,95,9.4523,sequential,sequential,2,true,,819.8685951732282,5.821047769362104,1.0000,15.9,0.9650,177,819.869,"[0.9928, 5.821]","[2.2854, 3.7763]",3.7763343841783885,1.3928372612464046e-5,optimized,850.0,false
s072,90,8.9549,sequential,sequential,2,true,,819.9015173907846,5.735922079727941,1.0000,15.9,0.9621,177,819.902,"[1.0047, 5.7359]","[2.2854, 3.7763]",3.7763343841783885,2.2019349178160607e-6,optimized,850.0,false
s072,85,8.4574,sequential,sequential,2,true,,819.814313790429,5.645851467888447,0.9999,15.8,0.9593,287,819.814,"[1.0187, 5.6459]","[2.2854, 3.7763]",3.7763343841783885,1.3055596664580662e-6,optimized,850.0,false
s072,80,7.9599,sequential,sequential,2,true,,820.2805926562819,5.026028804555443,1.0005,15.7,0.9481,287,820.281,"[1.0096, 5.026]","[2.2854, 3.7763]",3.7763343841783885,1.7887027918244258e-5,optimized,850.0,false
s072,75,7.4624,sequential,sequential,2,true,,819.754369971422,5.409981953751683,0.9999,15.8,0.9584,287,819.754,"[1.06, 5.41]","[2.2854, 3.7763]",3.7763343841783885,2.280801196161042e-5,optimized,850.0,false
s072,70,6.9649,sequential,sequential,2,true,,818.1101280546688,4.471830523205752,0.9979,15.6,0.9467,287,818.11,"[1.068, 4.4718]","[2.2854, 3.7763]",3.7763343841783885,3.371532431766354e-6,optimized,850.0,false
s072,65,6.4674,sequential,sequential,2,true,,819.693488876845,4.983211512366635,0.9998,15.9,0.9628,287,819.693,"[1.081, 4.9832]","[2.2854, 3.7763]",3.7763343841783885,2.784175012176092e-6,optimized,850.0,false
s072,60,5.9699,sequential,sequential,2,true,,819.9023316949988,4.930726861085894,1.0000,16.0,0.9709,568,819.902,"[1.0069, 4.9307]","[2.2854, 3.7763]",3.7763343841783885,7.470526212609684e-6,optimized,850.0,false
s072,55,5.4724,sequential,sequential,2,true,,820.3050952408722,4.899302760538078,1.0005,15.9,0.9637,568,820.305,"[0.994, 4.8993]","[2.2854, 3.7763]",3.7763343841783885,1.779122251019294e-5,optimized,850.0,false
s072,50,4.9749,sequential,sequential,2,true,,819.0167222777301,4.7554112996018985,0.9990,16.5,0.9986,568,819.017,"[1.2011, 4.7554]","[2.2854, 3.7763]",3.7763343841783885,4.585575115039319e-6,optimized,850.0,false
s072,45,4.4774,sequential,sequential,2,true,,840.6626403714622,4.477426859805539,1.0254,15.7,0.9488,568,840.663,"[1.5428, 4.4774]","[2.2854, 3.7763]",3.7763343841783885,1.7251944610663372e-6,optimized,850.0,false
s072,40,3.9799,sequential,sequential,2,true,,957.2431347636968,3.8567936413924624,1.1676,70.8,4.2867,348607,957.243,"[2.804, 3.8568]","[2.9911, 3.9007]",3.9006570590060474,0.0024781507507610177,optimized,950.0,false
s072,35,3.4824,sequential,sequential,2,false,recovery_failed,963.4643988618341,4.781549571838252,,74.1,4.4860,348607,963.464,"[2.7673, 4.7815]","[2.9911, 3.9007]",3.9006570590060474,-4.748718407210856,recovery_failed,950.0,false
s072,30,2.9850,sequential,sequential,2,false,not_run_after_fail,,,,0.0,,,,,,,,,,
s073,100,7.1039,sequential,sequential,2,true,,610.2004952281899,7.1038919044172575,1.0149,14.5,0.9089,47,610.2,"[1.5884, 7.1039]","[2.8882, 3.8693]",3.8693301408089344,7.458274264848797e-8,optimized,650.0,false
s073,95,6.7487,sequential,sequential,2,true,,615.8258975421563,6.7486823710401564,1.0242,14.4,0.8984,47,615.826,"[1.7525, 6.7487]","[2.8882, 3.8693]",3.8693301408089344,1.5058959843550213e-5,optimized,650.0,false
s073,90,6.3935,sequential,sequential,2,true,,620.2298166270806,6.393500241648033,1.0315,14.6,0.9149,47,620.23,"[1.8777, 6.3935]","[2.8882, 3.8693]",3.8693301408089344,2.6393519672041066e-6,optimized,650.0,false
s073,85,6.0383,sequential,sequential,2,true,,612.8829502364206,6.023755408554133,1.0193,14.7,0.9188,47,612.883,"[1.7525, 6.0238]","[2.8882, 3.8693]",3.8693301408089344,0.01167831402908046,optimized,650.0,false
s073,80,5.6831,sequential,sequential,2,true,,615.7253182578263,5.683106314444492,1.0240,14.7,0.9186,47,615.725,"[1.8238, 5.6831]","[2.8882, 3.8693]",3.8693301408089344,7.468555508260977e-6,optimized,650.0,false
s073,75,5.3279,sequential,sequential,2,true,,621.8510037938073,5.323971402470323,1.0342,14.6,0.9123,47,621.851,"[2.0495, 5.324]","[2.8882, 3.8693]",3.8693301408089344,1.4877648910920471e-5,optimized,650.0,false
s073,70,4.9727,sequential,sequential,2,true,,639.9943020055442,4.972723161249635,1.0644,14.5,0.9048,47,639.994,"[2.3293, 4.9727]","[2.8882, 3.8693]",3.8693301408089344,1.5247503650783756e-6,optimized,650.0,false
s073,65,4.6175,sequential,sequential,2,true,,649.5909254885171,4.33683719989272,1.0804,14.3,0.8959,47,649.591,"[2.9166, 4.3368]","[2.8882, 3.8693]",3.8693301408089344,0.011550222399523526,optimized,650.0,false
s073,60,4.2623,sequential,sequential,2,true,,652.1152591505261,4.234268181441447,1.0846,14.7,0.9175,47,652.115,"[2.9182, 4.2343]","[2.8882, 3.8693]",3.8693301408089344,0.011040426882092686,optimized,650.0,false
s073,55,3.9071,sequential,sequential,2,true,,632.1539809981251,3.777701656754991,1.0514,14.9,0.9324,47,632.154,"[3.127, 3.7777]","[2.8882, 3.8693]",3.8693301408089344,2.7972888415328523e-9,optimized,650.0,false
s073,50,3.5519,sequential,sequential,2,true,,961.9804930567508,3.278078268271153,1.5999,14.1,0.8800,310,961.98,"[1.8242, 3.2781]","[1.9444, 3.4707]",3.470740148334721,0.011302394226862975,optimized,650.0,true
s073,45,3.1968,sequential,sequential,2,true,,1071.1894886651678,3.196751934985394,1.7816,19.8,1.2349,52103,1071.189,"[1.1787, 3.1968]","[2.8861, 3.4458]",3.445788566624649,6.014606146464985e-9,optimized,1086.6025403784438,false
s073,40,2.8416,sequential,sequential,2,false,recovery_failed,1089.0590911712734,3.1708842683908482,,20.1,1.2530,52103,1089.059,"[1.0072, 3.1709]","[2.8861, 3.4458]",3.445788566624649,-0.3293268763908479,recovery_failed,1086.6025403784438,false
s073,35,2.4864,sequential,sequential,2,false,not_run_after_fail,,,,0.0,,,,,,,,,,
s073,30,2.1312,sequential,sequential,2,false,not_run_after_fail,,,,0.0,,,,,,,,,,
s074,100,7.5233,sequential,sequential,2,true,,912.7176841012529,6.950221440666175,1.0267,17.1,1.0175,625,912.718,"[5.3516, 6.9502]","[5.0432, 5.3733]",5.373285573776017,5.52147041629758e-9,optimized,1050.0,false
s074,95,7.1471,sequential,sequential,2,true,,908.3927774752682,7.02963173940947,1.0219,17.2,1.0220,625,908.393,"[5.2132, 7.0296]","[5.0432, 5.3733]",5.373285573776017,2.712804113291778e-9,optimized,1050.0,false
s074,90,6.7709,sequential,sequential,2,true,,915.3303374443356,6.766287889310916,1.0297,17.1,1.0200,625,915.33,"[4.9478, 6.7663]","[5.0432, 5.3733]",5.373285573776017,4.032709763346354e-9,optimized,1050.0,false
s074,85,6.3948,sequential,sequential,2,true,,915.0128416428718,6.391921472071232,1.0293,17.1,1.0191,625,915.013,"[4.7449, 6.3919]","[5.0432, 5.3733]",5.373285573776017,1.1590595427879435e-9,optimized,1050.0,false
s074,80,6.0186,sequential,sequential,2,true,,917.5655619671652,6.017533351442109,1.0322,17.0,1.0120,625,917.566,"[4.7781, 6.0175]","[5.0432, 5.3733]",5.373285573776017,1.2682935028596187e-8,optimized,1050.0,false
s074,75,5.6424,sequential,sequential,2,true,,976.66214219799,5.419941701314998,1.0986,17.9,1.0647,625,976.662,"[4.6093, 5.4199]","[5.0432, 5.3733]",5.373285573776017,4.982171201983743e-8,optimized,1050.0,false
s074,70,5.2663,sequential,sequential,2,false,recovery_failed,1321.3098627604927,5.64643008174621,,15.3,0.9124,2549,1321.31,"[3.7052, 5.6464]","[3.7926, 4.9999]",4.999895536284668,-0.38014905274621036,recovery_failed,1050.0,true
s074,65,4.8901,sequential,sequential,2,false,not_run_after_fail,,,,0.0,,,,,,,,,,
s074,60,4.5140,sequential,sequential,2,false,not_run_after_fail,,,,0.0,,,,,,,,,,
s074,55,4.1378,sequential,sequential,2,false,not_run_after_fail,,,,0.0,,,,,,,,,,
s074,50,3.7616,sequential,sequential,2,false,not_run_after_fail,,,,0.0,,,,,,,,,,
s074,45,3.3855,sequential,sequential,2,false,not_run_after_fail,,,,0.0,,,,,,,,,,
s074,40,3.0093,sequential,sequential,2,false,not_run_after_fail,,,,0.0,,,,,,,,,,
s074,35,2.6331,sequential,sequential,2,false,not_run_after_fail,,,,0.0,,,,,,,,,,
s074,30,2.2570,sequential,sequential,2,false,not_run_after_fail,,,,0.0,,,,,,,,,,
s075,100,6.1825,sequential,sequential,2,true,,717.1974329556449,5.774829034352808,1.0167,15.1,0.9420,309,717.197,"[3.6879, 5.7748]","[3.4575, 3.7493]",3.74928691916728,3.1105579504503433e-8,optimized,750.0,false
s075,95,5.8733,sequential,sequential,2,true,,715.5778387676406,5.696178955323951,1.0144,15.0,0.9342,309,715.578,"[3.687, 5.6962]","[3.4575, 3.7493]",3.74928691916728,5.3123538682614546e-8,optimized,750.0,false
s075,90,5.5642,sequential,sequential,2,true,,722.213649800639,5.564203623843427,1.0238,15.0,0.9356,309,722.214,"[3.6865, 5.5642]","[3.4575, 3.7493]",3.74928691916728,3.114156573502669e-6,optimized,750.0,false
s075,85,5.2551,sequential,sequential,2,true,,736.1926385211259,4.983760058320772,1.0436,14.9,0.9275,309,736.193,"[3.6823, 4.9838]","[3.4575, 3.7493]",3.74928691916728,1.375194229324972e-9,optimized,750.0,false
s075,80,4.9460,sequential,sequential,2,true,,740.2693370244094,4.890295725102149,1.0494,15.2,0.9496,309,740.269,"[3.6787, 4.8903]","[3.4575, 3.7493]",3.74928691916728,4.576902429623275e-8,optimized,750.0,false
s075,75,4.6368,sequential,sequential,2,true,,726.2329370070752,4.63423687402668,1.0295,15.3,0.9554,309,726.233,"[3.6674, 4.6342]","[3.4575, 3.7493]",3.74928691916728,1.162784784847215e-7,optimized,750.0,false
s075,70,4.3277,sequential,sequential,2,true,,718.7913329058437,4.325706985442404,1.0189,15.6,0.9755,309,718.791,"[3.5519, 4.3257]","[3.4575, 3.7493]",3.74928691916728,5.1598166659477807e-8,optimized,750.0,false
s075,65,4.0186,sequential,sequential,2,false,recovery_failed,768.5761914328956,4.1862889261475456,,14.8,0.9229,309,768.576,"[3.5809, 4.1863]","[3.4575, 3.7493]",3.74928691916728,-0.16769489314754527,recovery_failed,750.0,false
s075,60,3.7095,sequential,sequential,2,false,not_run_after_fail,,,,0.0,,,,,,,,,,
s075,55,3.4003,sequential,sequential,2,false,not_run_after_fail,,,,0.0,,,,,,,,,,
s075,50,3.0912,sequential,sequential,2,false,not_run_after_fail,,,,0.0,,,,,,,,,,
s075,45,2.7821,sequential,sequential,2,false,not_run_after_fail,,,,0.0,,,,,,,,,,
s075,40,2.4730,sequential,sequential,2,false,not_run_after_fail,,,,0.0,,,,,,,,,,
s075,35,2.1639,sequential,sequential,2,false,not_run_after_fail,,,,0.0,,,,,,,,,,
s075,30,1.8547,sequential,sequential,2,false,not_run_after_fail,,,,0.0,,,,,,,,,,
s076,100,6.3017,sequential,sequential,2,true,,920.1502391783417,4.03288709090071,1.2988,15.1,0.9265,2320,920.15,"[3.4321, 4.0329]","[3.4522, 4.052]",4.052017641529007,0.010572795824699843,optimized,986.6025403784439,false
s076,95,5.9866,sequential,sequential,2,true,,920.1502391239987,4.032886722849501,1.2988,15.1,0.9272,2320,920.15,"[3.4321, 4.0329]","[3.4522, 4.052]",4.052017641529007,0.010572795822653655,optimized,986.6025403784439,false
s076,90,5.6715,sequential,sequential,2,true,,920.1502390484239,4.032886212092289,1.2988,15.1,0.9232,2320,920.15,"[3.4321, 4.0329]","[3.4522, 4.052]",4.052017641529007,0.01057279581971011,optimized,986.6025403784439,false
s076,85,5.3564,sequential,sequential,2,true,,920.1502389362679,4.032885458908664,1.2988,15.1,0.9277,2320,920.15,"[3.4321, 4.0329]","[3.4522, 4.052]",4.052017641529007,0.010572795815547292,optimized,986.6025403784439,false
s076,80,5.0413,sequential,sequential,2,true,,920.1502387522232,4.032884237007251,1.2988,15.3,0.9379,2320,920.15,"[3.4321, 4.0329]","[3.4522, 4.052]",4.052017641529007,0.010572795808963371,optimized,986.6025403784439,false
s076,75,4.7263,sequential,sequential,2,true,,920.1502383933571,4.032881914855783,1.2988,15.0,0.9214,2320,920.15,"[3.4321, 4.0329]","[3.4522, 4.052]",4.052017641529007,0.010572795796639257,optimized,986.6025403784439,false
s076,70,4.4112,sequential,sequential,2,true,,920.1502373911015,4.032875777673522,1.2988,15.1,0.9254,2320,920.15,"[3.4321, 4.0329]","[3.4522, 4.052]",4.052017641529007,0.010572795765800752,optimized,986.6025403784439,false
s076,65,4.0961,sequential,sequential,2,true,,920.1502212273181,4.032813948513306,1.2988,15.1,0.9285,2320,920.15,"[3.4321, 4.0328]","[3.4522, 4.052]",4.052017641529007,0.010572795756116436,optimized,986.6025403784439,false
s076,60,3.7810,sequential,sequential,2,true,,922.9913959895113,3.76747919315128,1.3028,17.9,1.0961,46643,922.991,"[3.4139, 3.7675]","[3.4522, 4.052]",4.052017641529007,0.009484721459369197,optimized,986.6025403784439,false
s076,55,3.4659,sequential,sequential,2,false,recovery_failed,923.0663933770081,3.645496147100256,,17.9,1.0956,46643,923.066,"[3.4164, 3.6455]","[3.4522, 4.052]",4.052017641529007,-0.17957252410025593,recovery_failed,986.6025403784439,false
s076,50,3.1508,sequential,sequential,2,false,not_run_after_fail,,,,0.0,,,,,,,,,,
s076,45,2.8358,sequential,sequential,2,false,not_run_after_fail,,,,0.0,,,,,,,,,,
s076,40,2.5207,sequential,sequential,2,false,not_run_after_fail,,,,0.0,,,,,,,,,,
s076,35,2.2056,sequential,sequential,2,false,not_run_after_fail,,,,0.0,,,,,,,,,,
s076,30,1.8905,sequential,sequential,2,false,not_run_after_fail,,,,0.0,,,,,,,,,,
s077,100,6.8317,sequential,sequential,2,true,,600.5704460207716,4.4314680416417245,1.0009,76.7,4.8984,381555,600.57,"[1.7382, 4.4315]","[2.2886, 3.8873]",3.887349811258756,0.01525469754469752,optimized,550.0,false
s077,95,6.4901,sequential,sequential,2,true,,600.5565587629619,4.419018675445123,1.0009,79.0,5.0513,381555,600.557,"[1.7447, 4.419]","[2.2886, 3.8873]",3.887349811258756,0.015254678246270088,optimized,550.0,false
s077,90,6.1485,sequential,sequential,2,true,,600.5403155639832,4.402410152453747,1.0009,78.0,4.9854,381555,600.54,"[1.7546, 4.4024]","[2.2886, 3.8873]",3.887349811258756,0.015254651964497887,optimized,550.0,false
s077,85,5.8069,sequential,sequential,2,true,,600.5218844711133,4.378621880757828,1.0009,77.5,4.9526,381555,600.522,"[1.7708, 4.3786]","[2.2886, 3.8873]",3.887349811258756,0.015254614732582921,optimized,550.0,false
s077,80,5.4654,sequential,sequential,2,true,,600.5129704244983,4.343508434801957,1.0009,77.5,4.9542,381555,600.513,"[1.8052, 4.3435]","[2.2886, 3.8873]",3.887349811258756,0.015254558594625808,optimized,550.0,false
s077,75,5.1238,sequential,sequential,2,true,,600.5016080527494,4.255866751008104,1.0008,77.4,4.9474,381555,600.502,"[1.8888, 4.2559]","[2.2886, 3.8873]",3.887349811258756,0.015254481516568072,optimized,550.0,false
s077,70,4.7822,sequential,sequential,2,true,,600.4922611038095,4.184991416360445,1.0008,77.7,4.9647,381555,600.492,"[1.9574, 4.185]","[2.2886, 3.8873]",3.887349811258756,0.015254393128543082,optimized,550.0,false
s077,65,4.4406,sequential,sequential,2,true,,600.4882721920446,4.100783512178048,1.0008,77.3,4.9370,381555,600.488,"[2.0981, 4.1008]","[2.2886, 3.8873]",3.887349811258756,0.015254167986822513,optimized,550.0,false
s077,60,4.0990,sequential,sequential,2,true,,600.9594672023256,4.026485081564649,1.0016,77.8,4.9720,381555,600.959,"[2.1513, 4.0265]","[2.2886, 3.8873]",3.887349811258756,0.01517159063617267,optimized,550.0,false
s077,55,3.7574,sequential,sequential,2,true,,600.9476589079643,3.752833535298825,1.0016,77.1,4.9268,381555,600.948,"[1.9079, 3.7528]","[2.2886, 3.8873]",3.887349811258756,0.004601512701174926,optimized,550.0,false
s077,50,3.4158,sequential,sequential,2,true,,601.7824635324511,3.4045994475543946,1.0030,76.9,4.9138,381555,601.782,"[1.8933, 3.4046]","[2.2886, 3.8873]",3.887349811258756,0.0012709122317609463,optimized,550.0,false
s077,45,3.0743,sequential,sequential,2,false,recovery_failed,601.8388059779023,3.3615539177355536,,77.1,4.9283,381555,601.839,"[1.8949, 3.3616]","[2.2886, 3.8873]",3.887349811258756,-0.28728869673555346,recovery_failed,550.0,false
s077,40,2.7327,sequential,sequential,2,false,not_run_after_fail,,,,0.0,,,,,,,,,,
s077,35,2.3911,sequential,sequential,2,false,not_run_after_fail,,,,0.0,,,,,,,,,,
s077,30,2.0495,sequential,sequential,2,false,not_run_after_fail,,,,0.0,,,,,,,,,,
s078,100,8.6390,sequential,sequential,2,true,,870.2225266991812,7.469227144231446,1.0047,16.1,0.9781,172,870.223,"[5.0342, 7.4692]","[6.5855, 6.6155]",6.615513337849236,5.114542291143054e-7,optimized,950.0,true
s078,95,8.2071,sequential,sequential,2,true,,868.716933614444,7.506280613903184,1.0029,16.3,0.9883,172,868.717,"[5.0332, 7.5063]","[6.5855, 6.6155]",6.615513337849236,1.3186419255822868e-7,optimized,950.0,true
s078,90,7.7751,sequential,sequential,2,true,,870.194449246694,7.492968644862887,1.0046,16.0,0.9678,172,870.194,"[5.0252, 7.493]","[6.5855, 6.6155]",6.615513337849236,2.873609554476797e-6,optimized,950.0,true
s078,85,7.3432,sequential,sequential,2,true,,873.366355089171,7.343164598789538,1.0083,16.4,0.9927,172,873.366,"[4.9833, 7.3432]","[6.5855, 6.6155]",6.615513337849236,1.721046238856161e-8,optimized,950.0,true
s078,80,6.9112,sequential,sequential,2,true,,876.196116762379,6.909202500310171,1.0115,16.4,0.9958,172,876.196,"[4.8737, 6.9092]","[6.5855, 6.6155]",6.615513337849236,4.175116849905805e-5,optimized,950.0,true
s078,75,6.4793,sequential,sequential,2,true,,1195.6245740616794,6.318692778480631,1.3803,14.7,0.8903,918,1195.625,"[5.4619, 6.3187]","[5.5057, 6.0051]",6.005092011794676,0.011256640811033615,optimized,950.0,true
s078,70,6.0473,sequential,sequential,2,false,recovery_failed,1198.0546365558741,6.3035161763254814,,15.0,0.9092,918,1198.055,"[5.4233, 6.3035]","[5.5057, 6.0051]",6.005092011794676,-0.2562039633254809,recovery_failed,950.0,true
s078,65,5.6154,sequential,sequential,2,false,not_run_after_fail,,,,0.0,,,,,,,,,,
s078,60,5.1834,sequential,sequential,2,false,not_run_after_fail,,,,0.0,,,,,,,,,,
s078,55,4.7515,sequential,sequential,2,false,not_run_after_fail,,,,0.0,,,,,,,,,,
s078,50,4.3195,sequential,sequential,2,false,not_run_after_fail,,,,0.0,,,,,,,,,,
s078,45,3.8876,sequential,sequential,2,false,not_run_after_fail,,,,0.0,,,,,,,,,,
s078,40,3.4556,sequential,sequential,2,false,not_run_after_fail,,,,0.0,,,,,,,,,,
s078,35,3.0237,sequential,sequential,2,false,not_run_after_fail,,,,0.0,,,,,,,,,,
s078,30,2.5917,sequential,sequential,2,false,not_run_after_fail,,,,0.0,,,,,,,,,,
s079,100,6.3583,sequential,sequential,2,false,recovery_failed,1298.6149735476422,5.33196780896347,,22.5,1.3419,62054,1298.615,"[4.2249, 5.332]","[4.2076, 4.3748]",4.374834777489601,-22.778576222516197,recovery_failed,1186.6025403784438,false
s079,95,6.0404,sequential,sequential,2,false,not_run_after_fail,,,,0.0,,,,,,,,,,
s079,90,5.7225,sequential,sequential,2,false,not_run_after_fail,,,,0.0,,,,,,,,,,
s079,85,5.4046,sequential,sequential,2,false,not_run_after_fail,,,,0.0,,,,,,,,,,
s079,80,5.0867,sequential,sequential,2,false,not_run_after_fail,,,,0.0,,,,,,,,,,
s079,75,4.7687,sequential,sequential,2,false,not_run_after_fail,,,,0.0,,,,,,,,,,
s079,70,4.4508,sequential,sequential,2,false,not_run_after_fail,,,,0.0,,,,,,,,,,
s079,65,4.1329,sequential,sequential,2,false,not_run_after_fail,,,,0.0,,,,,,,,,,
s079,60,3.8150,sequential,sequential,2,false,not_run_after_fail,,,,0.0,,,,,,,,,,
s079,55,3.4971,sequential,sequential,2,false,not_run_after_fail,,,,0.0,,,,,,,,,,
s079,50,3.1792,sequential,sequential,2,false,not_run_after_fail,,,,0.0,,,,,,,,,,
s079,45,2.8612,sequential,sequential,2,false,not_run_after_fail,,,,0.0,,,,,,,,,,
s079,40,2.5433,sequential,sequential,2,false,not_run_after_fail,,,,0.0,,,,,,,,,,
s079,35,2.2254,sequential,sequential,2,false,not_run_after_fail,,,,0.0,,,,,,,,,,
s079,30,1.9075,sequential,sequential,2,false,not_run_after_fail,,,,0.0,,,,,,,,,,
s080,100,7.5598,sequential,sequential,2,true,,997.0188200569023,5.420059374651057,1.1727,15.7,0.9326,860,997.019,"[4.4272, 5.4201]","[4.4462, 5.2647]",5.2647463920691875,0.011273213379053047,optimized,1050.0,false
s080,95,7.1818,sequential,sequential,2,true,,997.0188200490384,5.420059352677825,1.1727,15.6,0.9319,860,997.019,"[4.4272, 5.4201]","[4.4462, 5.2647]",5.2647463920691875,0.011273213380152879,optimized,1050.0,false
s080,90,6.8038,sequential,sequential,2,true,,997.0188200363411,5.420059319063717,1.1727,15.4,0.9163,860,997.019,"[4.4272, 5.4201]","[4.4462, 5.2647]",5.2647463920691875,0.011273213381874985,optimized,1050.0,false
s080,85,6.4258,sequential,sequential,2,true,,997.018820012626,5.420059260923912,1.1727,15.4,0.9168,860,997.019,"[4.4272, 5.4201]","[4.4462, 5.2647]",5.2647463920691875,0.011273213384940068,optimized,1050.0,false
s080,80,6.0478,sequential,sequential,2,true,,997.0188199544447,5.420059136193157,1.1727,15.4,0.9170,860,997.019,"[4.4272, 5.4201]","[4.4462, 5.2647]",5.2647463920691875,0.011273213391900152,optimized,1050.0,false
s080,75,5.6699,sequential,sequential,2,true,,997.0188196617642,5.420058677145462,1.1727,15.3,0.9105,2620,997.019,"[4.4272, 5.4201]","[4.4462, 5.2647]",5.2647463920691875,0.011273213421590012,optimized,1050.0,false
s080,70,5.2919,sequential,sequential,2,true,,994.8720885767,5.204753633080853,1.1701,15.7,0.9331,5212,994.872,"[4.4547, 5.2048]","[4.4462, 5.2647]",5.2647463920691875,0.011273330502577533,optimized,1050.0,false
s080,65,4.9139,sequential,sequential,2,true,,1494.8276895693707,4.476976368506632,1.7582,15.3,0.9098,7320,1494.828,"[3.7628, 4.477]","[3.7492, 4.4831]",4.483057212870475,0.01133849758492726,optimized,1050.0,true
s080,60,4.5359,sequential,sequential,2,true,,1496.7847067515272,4.416833830157417,1.7605,14.9,0.8903,7320,1496.785,"[3.6615, 4.4168]","[3.7492, 4.4831]",4.483057212870475,0.011400001013599547,optimized,1050.0,true
s080,55,4.1579,sequential,sequential,2,false,recovery_failed,994.0404819251863,5.169062312684735,,18.9,1.1243,51763,994.04,"[4.4522, 5.1691]","[4.4462, 5.2647]",5.2647463920691875,-1.0111662276847353,recovery_failed,1050.0,false
s080,50,3.7799,sequential,sequential,2,false,not_run_after_fail,,,,0.0,,,,,,,,,,
s080,45,3.4019,sequential,sequential,2,false,not_run_after_fail,,,,0.0,,,,,,,,,,
s080,40,3.0239,sequential,sequential,2,false,not_run_after_fail,,,,0.0,,,,,,,,,,
s080,35,2.6459,sequential,sequential,2,false,not_run_after_fail,,,,0.0,,,,,,,,,,
s080,30,2.2679,sequential,sequential,2,false,not_run_after_fail,,,,0.0,,,,,,,,,,
s081,100,4.4359,sequential,sequential,2,true,,799.2064334213195,2.9631243016246667,1.0402,15.3,0.9410,736,799.206,"[2.4242, 2.9631]","[3.2292, 3.2868]",3.286837364870812,2.635091909605758e-8,optimized,850.0,false
s081,95,4.2141,sequential,sequential,2,true,,782.837046435912,2.9599206506810662,1.0189,14.8,0.9096,736,782.837,"[2.5346, 2.9599]","[3.2292, 3.2868]",3.286837364870812,0.017445866448372455,optimized,850.0,false
s081,90,3.9923,sequential,sequential,2,true,,810.8117622458351,2.828829058514035,1.0553,15.0,0.9225,736,810.812,"[2.5208, 2.8288]","[3.2292, 3.2868]",3.286837364870812,2.335693163879604e-8,optimized,850.0,false
s081,85,3.7705,sequential,sequential,2,true,,808.5672951004517,2.9503550341742297,1.0524,15.6,0.9582,736,808.567,"[2.4936, 2.9504]","[3.2292, 3.2868]",3.286837364870812,3.085617656869988e-8,optimized,850.0,false
s081,80,3.5487,sequential,sequential,2,true,,823.4164656059039,3.1577440786078377,1.0717,16.2,0.9963,1212,823.416,"[3.0691, 3.1577]","[3.2292, 3.2868]",3.286837364870812,1.1502183198952576e-8,optimized,850.0,false
s081,75,3.3269,sequential,sequential,2,true,,818.4049762538609,3.191533611645442,1.0652,16.2,0.9974,2090,818.405,"[3.1068, 3.1915]","[3.2292, 3.2868]",3.286837364870812,3.591096730398702e-8,optimized,850.0,false
s081,70,3.1051,sequential,sequential,2,true,,807.683483834035,2.885166900698174,1.0513,27.9,1.7142,129555,807.683,"[3.0524, 2.8852]","[3.2292, 3.2868]",3.286837364870812,9.008793452048848e-7,optimized,850.0,false
s081,65,2.8833,sequential,sequential,2,true,,816.0370718099622,2.8833185348788706,1.0621,27.2,1.6707,129555,816.037,"[3.1184, 2.8833]","[3.2292, 3.2868]",3.286837364870812,3.791211296011454e-7,optimized,850.0,false
s081,60,2.6615,sequential,sequential,2,false,recovery_failed,829.5906307199879,2.7010742048960585,,25.9,1.5874,129555,829.591,"[3.1242, 2.7011]","[3.2292, 3.2868]",3.286837364870812,-0.039548976896058186,recovery_failed,850.0,false
s081,55,2.4397,sequential,sequential,2,false,not_run_after_fail,,,,0.0,,,,,,,,,,
s081,50,2.2179,sequential,sequential,2,false,not_run_after_fail,,,,0.0,,,,,,,,,,
s081,45,1.9961,sequential,sequential,2,false,not_run_after_fail,,,,0.0,,,,,,,,,,
s081,40,1.7743,sequential,sequential,2,false,not_run_after_fail,,,,0.0,,,,,,,,,,
s081,35,1.5526,sequential,sequential,2,false,not_run_after_fail,,,,0.0,,,,,,,,,,
s081,30,1.3308,sequential,sequential,2,false,not_run_after_fail,,,,0.0,,,,,,,,,,
s082,100,4.4694,sequential,sequential,2,true,,838.548696424711,4.46940960702915,1.0426,15.0,0.9211,56,838.549,"[0.951, 4.4694]","[1.4073, 3.3429]",3.34287091988402,2.799708500589304e-7,optimized,850.0,false
s082,95,4.2459,sequential,sequential,2,true,,843.7034354280529,3.7337440084751856,1.0490,14.9,0.9162,56,843.703,"[1.4016, 3.7337]","[1.4073, 3.3429]",3.34287091988402,0.011569714719932365,optimized,850.0,false
s082,90,4.0225,sequential,sequential,2,true,,843.7034354237533,3.7337440082078563,1.0490,14.9,0.9161,56,843.703,"[1.4016, 3.7337]","[1.4073, 3.3429]",3.34287091988402,0.011569714720026771,optimized,850.0,false
s082,85,3.7990,sequential,sequential,2,true,,841.9344580921208,3.6158500425818065,1.0468,14.9,0.9128,56,841.934,"[1.3798, 3.6159]","[1.4073, 3.3429]",3.34287091988402,0.01151811142174341,optimized,850.0,false
s082,80,3.5755,sequential,sequential,2,true,,825.8648634869791,3.4592357861604737,1.0268,16.5,1.0102,56,825.865,"[1.2241, 3.4592]","[1.4073, 3.3429]",3.34287091988402,1.462555928810616e-6,optimized,850.0,false
s082,75,3.3521,sequential,sequential,2,true,,824.7488416887161,3.163143764676558,1.0254,16.3,1.0004,56,824.749,"[1.2317, 3.1631]","[1.4073, 3.3429]",3.34287091988402,9.761997716850601e-7,optimized,850.0,false
s082,70,3.1286,sequential,sequential,2,true,,869.6802487923228,1.8022989899089832,1.0813,15.2,0.9337,112,869.68,"[1.0876, 1.8023]","[1.4077, 2.8355]",2.8355048001244736,4.307081258048129e-5,optimized,850.0,true
s082,65,2.9051,sequential,sequential,2,true,,871.1858876557284,1.6589064749594213,1.0831,15.1,0.9283,112,871.186,"[0.9968, 1.6589]","[1.4077, 2.8355]",2.8355048001244736,1.7675189383226098e-5,optimized,850.0,true
s082,60,2.6816,sequential,sequential,2,true,,1001.3506097638082,2.646329014315942,1.2450,15.1,0.9245,202,1001.351,"[0.872, 2.6463]","[1.4077, 2.5797]",2.5796519983883535,0.004074242928773182,optimized,850.0,true
s082,55,2.4582,sequential,sequential,2,false,recovery_failed,841.4383955142014,2.825694362425159,,18.7,1.1459,58758,841.438,"[1.3093, 2.8257]","[1.4073, 3.3429]",3.34287091988402,-0.36751847442515917,recovery_failed,850.0,false
s082,50,2.2347,sequential,sequential,2,false,not_run_after_fail,,,,0.0,,,,,,,,,,
s082,45,2.0112,sequential,sequential,2,false,not_run_after_fail,,,,0.0,,,,,,,,,,
s082,40,1.7878,sequential,sequential,2,false,not_run_after_fail,,,,0.0,,,,,,,,,,
s082,35,1.5643,sequential,sequential,2,false,not_run_after_fail,,,,0.0,,,,,,,,,,
s082,30,1.3408,sequential,sequential,2,false,not_run_after_fail,,,,0.0,,,,,,,,,,
s083,100,8.0366,sequential,sequential,2,true,,955.8621645918753,6.664760836644071,1.0222,16.9,1.0163,1083,955.862,"[5.3302, 6.6648]","[5.1525, 5.3462]",5.346178489582278,9.226864924882783e-9,optimized,1050.0,false
s083,95,7.6347,sequential,sequential,2,true,,952.951751810612,6.690659418113081,1.0190,16.8,1.0108,1083,952.952,"[5.3113, 6.6907]","[5.1525, 5.3462]",5.346178489582278,3.737621931051982e-8,optimized,1050.0,false
s083,90,7.2329,sequential,sequential,2,true,,952.4696520569383,6.709687195893671,1.0185,16.6,0.9998,1364,952.47,"[5.3109, 6.7097]","[5.1525, 5.3462]",5.346178489582278,3.079065319724905e-8,optimized,1050.0,false
s083,85,6.8311,sequential,sequential,2,true,,953.3749102985986,6.6837594940104115,1.0195,16.8,1.0099,3115,953.375,"[5.3686, 6.6838]","[5.1525, 5.3462]",5.346178489582278,3.3850195910178904e-10,optimized,1050.0,false
s083,80,6.4292,sequential,sequential,2,true,,978.7921491603392,6.408465895265884,1.0467,16.5,0.9931,3115,978.792,"[5.3321, 6.4085]","[5.1525, 5.3462]",5.346178489582278,8.114363798591984e-8,optimized,1050.0,false
s083,75,6.0274,sequential,sequential,2,true,,1003.4606429592108,6.004008322058206,1.0731,16.5,0.9910,3115,1003.461,"[5.1598, 6.004]","[5.1525, 5.3462]",5.346178489582278,2.1055374901934876e-8,optimized,1050.0,false
s083,70,5.6256,sequential,sequential,2,true,,1004.9732708545187,5.495227416093356,1.0747,17.0,1.0249,3115,1004.973,"[4.7922, 5.4952]","[5.1525, 5.3462]",5.346178489582278,3.7036662278722154e-10,optimized,1050.0,false
s083,65,5.2238,sequential,sequential,2,false,recovery_failed,1486.3849176492115,5.357137312864915,,15.6,0.9406,6324,1486.385,"[4.1149, 5.3571]","[4.2951, 5.1115]",5.1115269277805,-0.13337880186491535,recovery_failed,1050.0,true
s083,60,4.8219,sequential,sequential,2,false,not_run_after_fail,,,,0.0,,,,,,,,,,
s083,55,4.4201,sequential,sequential,2,false,not_run_after_fail,,,,0.0,,,,,,,,,,
s083,50,4.0183,sequential,sequential,2,false,not_run_after_fail,,,,0.0,,,,,,,,,,
s083,45,3.6164,sequential,sequential,2,false,not_run_after_fail,,,,0.0,,,,,,,,,,
s083,40,3.2146,sequential,sequential,2,false,not_run_after_fail,,,,0.0,,,,,,,,,,
s083,35,2.8128,sequential,sequential,2,false,not_run_after_fail,,,,0.0,,,,,,,,,,
s083,30,2.4110,sequential,sequential,2,false,not_run_after_fail,,,,0.0,,,,,,,,,,
s084,100,3.9145,sequential,sequential,2,true,,610.0203572009343,2.286637655612075,0.9870,14.8,0.9189,34,610.02,"[1.1257, 2.2866]","[2.5552, 3.2234]",3.22337814433321,4.590844158907202e-6,optimized,650.0,false
s084,95,3.7188,sequential,sequential,2,true,,613.7254027231223,2.3061688234730786,0.9930,15.0,0.9323,34,613.725,"[1.1307, 2.3062]","[2.5552, 3.2234]",3.22337814433321,2.508940471239839e-6,optimized,650.0,false
s084,90,3.5230,sequential,sequential,2,true,,625.6505694426711,3.342946192839227,1.0123,15.9,0.9921,34,625.651,"[2.1006, 3.3429]","[2.5552, 3.2234]",3.22337814433321,6.759589180328475e-7,optimized,650.0,false
s084,85,3.3273,sequential,sequential,2,true,,627.5889034817183,2.908176560555867,1.0155,15.6,0.9691,34,627.589,"[2.0594, 2.9082]","[2.5552, 3.2234]",3.22337814433321,3.89096871597394e-6,optimized,650.0,false
s084,80,3.1316,sequential,sequential,2,false,recovery_failed,856.8259743425432,3.2517608004138885,,14.6,0.9088,229,856.826,"[1.8802, 3.2518]","[2.0522, 3.0343]",3.0343306415463025,-0.12016938641388819,recovery_failed,650.0,true
s084,75,2.9359,sequential,sequential,2,false,not_run_after_fail,,,,0.0,,,,,,,,,,
s084,70,2.7401,sequential,sequential,2,false,not_run_after_fail,,,,0.0,,,,,,,,,,
s084,65,2.5444,sequential,sequential,2,false,not_run_after_fail,,,,0.0,,,,,,,,,,
s084,60,2.3487,sequential,sequential,2,false,not_run_after_fail,,,,0.0,,,,,,,,,,
s084,55,2.1530,sequential,sequential,2,false,not_run_after_fail,,,,0.0,,,,,,,,,,
s084,50,1.9572,sequential,sequential,2,false,not_run_after_fail,,,,0.0,,,,,,,,,,
s084,45,1.7615,sequential,sequential,2,false,not_run_after_fail,,,,0.0,,,,,,,,,,
s084,40,1.5658,sequential,sequential,2,false,not_run_after_fail,,,,0.0,,,,,,,,,,
s084,35,1.3701,sequential,sequential,2,false,not_run_after_fail,,,,0.0,,,,,,,,,,
s084,30,1.1743,sequential,sequential,2,false,not_run_after_fail,,,,0.0,,,,,,,,,,
s085,100,8.8450,sequential,sequential,2,true,,979.1023550522069,8.190955539397812,1.0192,17.7,1.0632,1162,979.102,"[5.7392, 8.191]","[6.9897, 7.4344]",7.434410191901525,1.265199560089968e-6,optimized,1150.0,false
s085,95,8.4027,sequential,sequential,2,true,,1029.3348389454513,8.40272345262393,1.0715,16.5,0.9962,1162,1029.335,"[5.8825, 8.4027]","[6.9897, 7.4344]",7.434410191901525,1.3460376070639768e-5,optimized,1150.0,false
s085,90,7.9605,sequential,sequential,2,true,,982.3064975368304,7.9604869925008845,1.0226,17.9,1.0775,1162,982.306,"[5.714, 7.9605]","[6.9897, 7.4344]",7.434410191901525,6.614991159281658e-7,optimized,1150.0,false
s085,85,7.5182,sequential,sequential,2,true,,1002.7045401317033,7.518236921640512,1.0438,19.5,1.1753,33064,1002.705,"[5.5339, 7.5182]","[6.9897, 7.4344]",7.434410191901525,1.4743594878297017e-6,optimized,1150.0,false
s085,80,7.0760,sequential,sequential,2,true,,1066.772360973538,7.075988606607175,1.1105,19.0,1.1419,33064,1066.772,"[6.1083, 7.076]","[6.9897, 7.4344]",7.434410191901525,5.303928256594759e-7,optimized,1150.0,false
s085,75,6.6337,sequential,sequential,2,true,,1102.41585914796,6.602830965224772,1.1476,17.4,1.0495,33064,1102.416,"[6.4684, 6.6028]","[6.9897, 7.4344]",7.434410191901525,0.008120191055007931,optimized,1150.0,false
s085,70,6.1915,sequential,sequential,2,false,recovery_failed,1102.4211195408047,6.601314552196217,,17.5,1.0507,33064,1102.421,"[6.4679, 6.6013]","[6.9897, 7.4344]",7.434410191901525,-0.4098239321962174,recovery_failed,1150.0,false
s085,65,5.7492,sequential,sequential,2,false,not_run_after_fail,,,,0.0,,,,,,,,,,
s085,60,5.3070,sequential,sequential,2,false,not_run_after_fail,,,,0.0,,,,,,,,,,
s085,55,4.8647,sequential,sequential,2,false,not_run_after_fail,,,,0.0,,,,,,,,,,
s085,50,4.4225,sequential,sequential,2,false,not_run_after_fail,,,,0.0,,,,,,,,,,
s085,45,3.9802,sequential,sequential,2,false,not_run_after_fail,,,,0.0,,,,,,,,,,
s085,40,3.5380,sequential,sequential,2,false,not_run_after_fail,,,,0.0,,,,,,,,,,
s085,35,3.0957,sequential,sequential,2,false,not_run_after_fail,,,,0.0,,,,,,,,,,
s085,30,2.6535,sequential,sequential,2,false,not_run_after_fail,,,,0.0,,,,,,,,,,
s086,100,4.8442,sequential,sequential,2,true,,771.060106332931,4.498763335507434,1.0151,53.9,3.3184,306258,771.06,"[1.9655, 4.4988]","[3.0437, 3.3781]",3.3781024837282327,0.00014026726506952036,optimized,850.0,false
s086,95,4.6020,sequential,sequential,2,true,,758.2859021899168,4.585987198175914,0.9982,52.4,3.2250,306258,758.286,"[1.7449, 4.586]","[3.0437, 3.3781]",3.3781024837282327,3.423803948659042e-6,optimized,850.0,false
s086,90,4.3597,sequential,sequential,2,true,,760.1019936208119,4.345719362396618,1.0006,52.9,3.2543,306258,760.102,"[1.7063, 4.3457]","[3.0437, 3.3781]",3.3781024837282327,6.306296714024938e-6,optimized,850.0,false
s086,85,4.1175,sequential,sequential,2,true,,776.8616043040806,3.842768274377062,1.0227,52.9,3.2556,306258,776.862,"[1.5782, 3.8428]","[3.0437, 3.3781]",3.3781024837282327,0.011626283456140874,optimized,850.0,false
s086,80,3.8753,sequential,sequential,2,true,,776.6071140805041,3.5428218568367953,1.0224,53.4,3.2865,306258,776.607,"[1.3893, 3.5428]","[3.0437, 3.3781]",3.3781024837282327,0.011626600725273181,optimized,850.0,false
s086,75,3.6331,sequential,sequential,2,true,,792.0618490471796,3.633124443437932,1.0427,54.2,3.3322,306258,792.062,"[2.8183, 3.6331]","[3.0437, 3.3781]",3.3781024837282327,1.3456206815476435e-7,optimized,850.0,false
s086,70,3.3909,sequential,sequential,2,true,,807.427760311106,3.359884995583804,1.0629,52.9,3.2553,306258,807.428,"[2.8304, 3.3599]","[3.0437, 3.3781]",3.3781024837282327,0.011349078852805774,optimized,850.0,false
s086,65,3.1487,sequential,sequential,2,true,,808.6519967444082,3.1440354122711813,1.0645,55.7,3.4253,306258,808.652,"[2.7246, 3.144]","[3.0437, 3.3781]",3.3781024837282327,0.0046726887288186525,optimized,850.0,false
s086,60,2.9065,sequential,sequential,2,true,,810.7550888766145,2.886923697817209,1.0673,52.2,3.2091,306258,810.755,"[2.7224, 2.8869]","[3.0437, 3.3781]",3.3781024837282327,0.005937865820352644,optimized,850.0,false
s086,55,2.6643,sequential,sequential,2,false,recovery_failed,810.9164555161686,2.8422730309971134,,51.7,3.1796,306258,810.916,"[2.7265, 2.8423]","[3.0437, 3.3781]",3.3781024837282327,-0.1779814069971133,recovery_failed,850.0,false
s086,50,2.4221,sequential,sequential,2,false,not_run_after_fail,,,,0.0,,,,,,,,,,
s086,45,2.1799,sequential,sequential,2,false,not_run_after_fail,,,,0.0,,,,,,,,,,
s086,40,1.9377,sequential,sequential,2,false,not_run_after_fail,,,,0.0,,,,,,,,,,
s086,35,1.6955,sequential,sequential,2,false,not_run_after_fail,,,,0.0,,,,,,,,,,
s086,30,1.4532,sequential,sequential,2,false,not_run_after_fail,,,,0.0,,,,,,,,,,
s087,100,5.1797,sequential,sequential,2,false,recovery_failed,1011.8939924683982,4.187492034978693,,25.6,1.5523,89472,1011.894,"[3.0983, 4.1875]","[3.3145, 3.6019]",3.6019458285700447,-13.48933281822036,recovery_failed,1050.0,false
s087,95,4.9207,sequential,sequential,2,false,not_run_after_fail,,,,0.0,,,,,,,,,,
s087,90,4.6617,sequential,sequential,2,false,not_run_after_fail,,,,0.0,,,,,,,,,,
s087,85,4.4028,sequential,sequential,2,false,not_run_after_fail,,,,0.0,,,,,,,,,,
s087,80,4.1438,sequential,sequential,2,false,not_run_after_fail,,,,0.0,,,,,,,,,,
s087,75,3.8848,sequential,sequential,2,false,not_run_after_fail,,,,0.0,,,,,,,,,,
s087,70,3.6258,sequential,sequential,2,false,not_run_after_fail,,,,0.0,,,,,,,,,,
s087,65,3.3668,sequential,sequential,2,false,not_run_after_fail,,,,0.0,,,,,,,,,,
s087,60,3.1078,sequential,sequential,2,false,not_run_after_fail,,,,0.0,,,,,,,,,,
s087,55,2.8488,sequential,sequential,2,false,not_run_after_fail,,,,0.0,,,,,,,,,,
s087,50,2.5899,sequential,sequential,2,false,not_run_after_fail,,,,0.0,,,,,,,,,,
s087,45,2.3309,sequential,sequential,2,false,not_run_after_fail,,,,0.0,,,,,,,,,,
s087,40,2.0719,sequential,sequential,2,false,not_run_after_fail,,,,0.0,,,,,,,,,,
s087,35,1.8129,sequential,sequential,2,false,not_run_after_fail,,,,0.0,,,,,,,,,,
s087,30,1.5539,sequential,sequential,2,false,not_run_after_fail,,,,0.0,,,,,,,,,,
s088,100,7.9362,sequential,sequential,2,true,,802.7981408588096,2.3259764204048192,1.0035,19.4,1.1769,63644,802.798,"[0.8026, 2.326]","[0.852, 3.9205]",3.9205302107846647,0.012169943540275969,optimized,750.0,false
s088,95,7.5394,sequential,sequential,2,true,,802.7888620117626,2.310493366726826,1.0035,19.5,1.1814,63644,802.789,"[0.8042, 2.3105]","[0.852, 3.9205]",3.9205302107846647,0.012169817655358694,optimized,750.0,false
s088,90,7.1426,sequential,sequential,2,true,,802.8027080744051,2.280027020758242,1.0035,19.4,1.1738,63644,802.803,"[0.8065, 2.28]","[0.852, 3.9205]",3.9205302107846647,0.012169937994959492,optimized,750.0,false
s088,85,6.7458,sequential,sequential,2,true,,802.7916697994211,2.263581766749952,1.0035,19.4,1.1770,63644,802.792,"[0.8085, 2.2636]","[0.852, 3.9205]",3.9205302107846647,0.012169806580034769,optimized,750.0,false
s088,80,6.3490,sequential,sequential,2,true,,802.7964708148928,2.2311468617292416,1.0035,19.5,1.1815,63644,802.796,"[0.8114, 2.2311]","[0.852, 3.9205]",3.9205302107846647,0.012169935387958021,optimized,750.0,false
s088,75,5.9522,sequential,sequential,2,true,,802.7865803222778,2.2130796065149716,1.0035,19.6,1.1847,63644,802.787,"[0.8139, 2.2131]","[0.852, 3.9205]",3.9205302107846647,0.012169796853946813,optimized,750.0,false
s088,70,5.5554,sequential,sequential,2,true,,802.7857513140009,2.1874203358273925,1.0035,19.4,1.1770,63644,802.786,"[0.8169, 2.1874]","[0.852, 3.9205]",3.9205302107846647,0.012169791657116211,optimized,750.0,false
s088,65,5.1585,sequential,sequential,2,true,,802.8135453999676,2.160403054493287,1.0035,19.5,1.1789,63644,802.814,"[0.8198, 2.1604]","[0.852, 3.9205]",3.9205302107846647,0.012169805657999022,optimized,750.0,false
s088,60,4.7617,sequential,sequential,2,true,,802.8131059709513,2.1395051481903264,1.0035,19.5,1.1811,63644,802.813,"[0.8225, 2.1395]","[0.852, 3.9205]",3.9205302107846647,0.012169646131922366,optimized,750.0,false
s088,55,4.3649,sequential,sequential,2,true,,802.8056626251007,2.1058209632338434,1.0035,19.6,1.1878,63644,802.806,"[0.8261, 2.1058]","[0.852, 3.9205]",3.9205302107846647,0.012169776761555779,optimized,750.0,false
s088,50,3.9681,sequential,sequential,2,true,,802.79703770704,2.0687909368513004,1.0035,19.5,1.1807,63644,802.797,"[0.8302, 2.0688]","[0.852, 3.9205]",3.9205302107846647,0.012169693308598269,optimized,750.0,false
s088,45,3.5713,sequential,sequential,2,true,,802.8048555652351,2.022544343661156,1.0035,19.2,1.1616,63644,802.805,"[0.8349, 2.0225]","[0.852, 3.9205]",3.9205302107846647,0.012169405011561957,optimized,750.0,false
s088,40,3.1745,sequential,sequential,2,true,,819.5362964587264,2.9177906798354836,1.0244,89.3,5.4098,449081,819.536,"[2.5596, 2.9178]","[2.9107, 3.1307]",3.1307111646973937,0.011053603380763303,optimized,850.0,false
s088,35,2.7777,sequential,sequential,2,true,,911.8575316164412,2.6459350041922756,1.1398,101.6,6.1541,487904,911.858,"[2.6306, 2.6459]","[2.8786, 3.0956]",3.0955815573619545,0.008711602331117015,optimized,950.0,false
s088,30,2.3809,sequential,sequential,2,true,,910.3884684884661,2.3808695147929644,1.1380,101.6,6.1524,487904,910.388,"[2.5593, 2.3809]","[2.8786, 3.0956]",3.0955815573619545,5.182070359488478e-7,optimized,950.0,false
s089,100,4.2956,sequential,sequential,2,true,,798.5116127524881,3.640336184496428,1.0664,16.0,0.9938,1224,798.512,"[3.2812, 3.6403]","[3.1648, 3.2135]",3.2135257396454273,1.3254978916896198e-7,optimized,850.0,false
s089,95,4.0808,sequential,sequential,2,true,,796.6048434433816,3.566461853300079,1.0638,16.2,1.0042,1224,796.605,"[3.2809, 3.5665]","[3.1648, 3.2135]",3.2135257396454273,2.6142896323438913e-8,optimized,850.0,false
s089,90,3.8660,sequential,sequential,2,true,,796.3668702584366,3.534572943098314,1.0635,16.2,1.0075,1828,796.367,"[3.2799, 3.5346]","[3.1648, 3.2135]",3.2135257396454273,1.635057757590208e-8,optimized,850.0,false
s089,85,3.6512,sequential,sequential,2,true,,804.8297523994216,3.636333484096359,1.0748,16.1,0.9993,1828,804.83,"[3.2778, 3.6363]","[3.1648, 3.2135]",3.2135257396454273,1.2953150681227488e-7,optimized,850.0,false
s089,80,3.4365,sequential,sequential,2,true,,806.6799566392394,3.3695464803561377,1.0773,16.4,1.0176,1828,806.68,"[3.2741, 3.3695]","[3.1648, 3.2135]",3.2135257396454273,1.590344757239348e-7,optimized,850.0,false
s089,75,3.2217,sequential,sequential,2,true,,828.4778913186608,3.114104401596343,1.1064,17.6,1.0926,1828,828.478,"[3.2649, 3.1141]","[3.1648, 3.2135]",3.2135257396454273,0.006681143435806936,optimized,850.0,false
s089,70,3.0069,sequential,sequential,2,true,,827.5687566429465,2.9004232917060007,1.1052,18.2,1.1334,41421,827.569,"[3.2576, 2.9004]","[3.1648, 3.2135]",3.2135257396454273,1.1118504517071415e-7,optimized,850.0,false
s089,65,2.7921,sequential,sequential,2,false,recovery_failed,828.0819297185466,2.818088379867038,,17.9,1.1141,41421,828.082,"[2.8543, 2.8181]","[3.1648, 3.2135]",3.2135257396454273,-0.025967129867038086,recovery_failed,850.0,false
s089,60,2.5773,sequential,sequential,2,false,not_run_after_fail,,,,0.0,,,,,,,,,,
s089,55,2.3626,sequential,sequential,2,false,not_run_after_fail,,,,0.0,,,,,,,,,,
s089,50,2.1478,sequential,sequential,2,false,not_run_after_fail,,,,0.0,,,,,,,,,,
s089,45,1.9330,sequential,sequential,2,false,not_run_after_fail,,,,0.0,,,,,,,,,,
s089,40,1.7182,sequential,sequential,2,false,not_run_after_fail,,,,0.0,,,,,,,,,,
s089,35,1.5034,sequential,sequential,2,false,not_run_after_fail,,,,0.0,,,,,,,,,,
s089,30,1.2887,sequential,sequential,2,false,not_run_after_fail,,,,0.0,,,,,,,,,,
s090,100,7.6967,sequential,sequential,2,true,,600.1065467095259,7.18256498531276,0.8058,15.2,0.9475,96,600.107,"[4.2807, 7.1826]","[4.6028, 5.7502]",5.750220474567029,0.01779976833746954,optimized,650.0,false
s090,95,7.3119,sequential,sequential,2,true,,600.1052466536339,7.075474811968875,0.8058,15.2,0.9479,96,600.105,"[4.4128, 7.0755]","[4.6028, 5.7502]",5.750220474567029,0.016686776429853247,optimized,650.0,false
s090,90,6.9270,sequential,sequential,2,true,,603.477356437322,6.92702920929072,0.8104,14.7,0.9158,96,603.477,"[4.3589, 6.927]","[4.6028, 5.7502]",5.750220474567029,3.887092798748881e-7,optimized,650.0,false
s090,85,6.5422,sequential,sequential,2,true,,614.4892685508063,6.54219467174192,0.8252,14.2,0.8842,96,614.489,"[4.4296, 6.5422]","[4.6028, 5.7502]",5.750220474567029,4.258080110730589e-9,optimized,650.0,false
s090,80,6.1574,sequential,sequential,2,true,,629.4506638529888,6.157359661415401,0.8452,15.2,0.9470,220,629.451,"[4.6033, 6.1574]","[4.6028, 5.7502]",5.750220474567029,9.258459865435498e-8,optimized,650.0,false
s090,75,5.7725,sequential,sequential,2,true,,625.1718084731248,5.772524805031979,0.8395,15.3,0.9556,220,625.172,"[4.5275, 5.7725]","[4.6028, 5.7502]",5.750220474567029,2.6968021593631875e-8,optimized,650.0,false
s090,70,5.3877,sequential,sequential,2,true,,864.1436266358046,5.340653143349459,1.1604,14.4,0.8990,220,864.144,"[3.9415, 5.3407]","[3.9428, 5.3276]",5.327597390555543,0.011302394225675564,optimized,650.0,true
s090,65,5.0029,sequential,sequential,2,false,recovery_failed,1170.8309887923592,5.255209964849839,,15.1,0.9429,1902,1170.831,"[2.6856, 5.2552]","[2.7464, 4.3391]",4.339062306351899,-0.25235497684983876,recovery_failed,650.0,true
s090,60,4.6180,sequential,sequential,2,false,not_run_after_fail,,,,0.0,,,,,,,,,,
s090,55,4.2332,sequential,sequential,2,false,not_run_after_fail,,,,0.0,,,,,,,,,,
s090,50,3.8483,sequential,sequential,2,false,not_run_after_fail,,,,0.0,,,,,,,,,,
s090,45,3.4635,sequential,sequential,2,false,not_run_after_fail,,,,0.0,,,,,,,,,,
s090,40,3.0787,sequential,sequential,2,false,not_run_after_fail,,,,0.0,,,,,,,,,,
s090,35,2.6938,sequential,sequential,2,false,not_run_after_fail,,,,0.0,,,,,,,,,,
s090,30,2.3090,sequential,sequential,2,false,not_run_after_fail,,,,0.0,,,,,,,,,,
s091,100,4.9210,sequential,sequential,2,true,,720.8744292897987,3.087312200218352,1.0012,15.2,0.9369,38,720.874,"[1.4486, 3.0873]","[2.2795, 3.0334]",3.0333966998478776,0.00012314362567419812,optimized,750.0,false
s091,95,4.6750,sequential,sequential,2,true,,721.5620312900545,3.088934057140283,1.0022,15.3,0.9413,38,721.562,"[1.4549, 3.0889]","[2.2795, 3.0334]",3.0333966998478776,0.0013045368900844445,optimized,750.0,false
s091,90,4.4289,sequential,sequential,2,true,,722.3865015586939,3.0251054823953756,1.0033,15.3,0.9434,38,722.387,"[1.4639, 3.0251]","[2.2795, 3.0334]",3.0333966998478776,1.3114063487445038e-5,optimized,750.0,false
s091,85,4.1829,sequential,sequential,2,true,,720.7229577779237,2.9722616814751612,1.0010,15.4,0.9467,38,720.723,"[1.4369, 2.9723]","[2.2795, 3.0334]",3.0333966998478776,3.4017863324843345e-6,optimized,750.0,false
s091,80,3.9368,sequential,sequential,2,true,,720.5538518960079,2.7909673277107947,1.0008,15.5,0.9512,38,720.554,"[1.3562, 2.791]","[2.2795, 3.0334]",3.0333966998478776,0.0015420041411882957,optimized,750.0,false
s091,75,3.6908,sequential,sequential,2,true,,719.1384602266514,2.909417944944788,0.9988,15.3,0.9383,38,719.138,"[1.5387, 2.9094]","[2.2795, 3.0334]",3.0333966998478776,2.102622363761475e-5,optimized,750.0,false
s091,70,3.4447,sequential,sequential,2,true,,727.1895697423613,2.756425222463859,1.0100,16.3,1.0006,38,727.19,"[1.8445, 2.7564]","[2.2795, 3.0334]",3.0333966998478776,4.098659925612082e-7,optimized,750.0,false
s091,65,3.1987,sequential,sequential,2,true,,727.9227590072694,2.6095826279122782,1.0110,16.2,0.9932,38,727.923,"[1.8564, 2.6096]","[2.2795, 3.0334]",3.0333966998478776,6.502572427928953e-6,optimized,750.0,false
s091,60,2.9526,sequential,sequential,2,true,,1609.9912773525182,2.7830662494221365,2.2361,15.3,0.9394,10572,1609.991,"[1.1307, 2.7831]","[1.8798, 2.9475]",2.947548219609368,0.011481135862061752,optimized,750.0,true
s091,55,2.7066,sequential,sequential,2,true,,739.3430201320226,2.338425746551669,1.0268,101.9,6.2619,500022,739.343,"[1.94, 2.3384]","[2.2795, 3.0334]",3.0333966998478776,0.006325087003876476,optimized,750.0,false
s091,50,2.4605,sequential,sequential,2,true,,728.0996059770645,2.4065143693306976,1.0112,103.8,6.3802,500022,728.1,"[1.9021, 2.4065]","[2.2795, 3.0334]",3.0333966998478776,7.89402579608577e-7,optimized,750.0,false
s091,45,2.2145,sequential,sequential,2,true,,808.6527846188216,2.182832803448544,1.1231,103.2,6.3469,500065,808.653,"[1.9916, 2.1828]","[2.2701, 3.0192]",3.019206096626234,0.008202507437076793,optimized,850.0,false
s091,40,1.9684,sequential,sequential,2,false,recovery_failed,808.6313925237969,2.0274085644650763,,102.8,6.3220,500065,808.631,"[1.9652, 2.0274]","[2.2701, 3.0192]",3.019206096626234,-0.05899095146507638,recovery_failed,850.0,false
s091,35,1.7224,sequential,sequential,2,false,not_run_after_fail,,,,0.0,,,,,,,,,,
s091,30,1.4763,sequential,sequential,2,false,not_run_after_fail,,,,0.0,,,,,,,,,,
s092,100,8.6306,sequential,sequential,2,false,recovery_failed,1262.6194724484453,6.96617520917196,,21.3,1.2944,59688,1262.619,"[6.5197, 6.9662]","[6.4858, 6.7373]",6.7372809098369535,-4.943672168053408,recovery_failed,1086.602540378444,false
s092,95,8.1991,sequential,sequential,2,false,not_run_after_fail,,,,0.0,,,,,,,,,,
s092,90,7.7676,sequential,sequential,2,false,not_run_after_fail,,,,0.0,,,,,,,,,,
s092,85,7.3360,sequential,sequential,2,false,not_run_after_fail,,,,0.0,,,,,,,,,,
s092,80,6.9045,sequential,sequential,2,false,not_run_after_fail,,,,0.0,,,,,,,,,,
s092,75,6.4730,sequential,sequential,2,false,not_run_after_fail,,,,0.0,,,,,,,,,,
s092,70,6.0414,sequential,sequential,2,false,not_run_after_fail,,,,0.0,,,,,,,,,,
s092,65,5.6099,sequential,sequential,2,false,not_run_after_fail,,,,0.0,,,,,,,,,,
s092,60,5.1784,sequential,sequential,2,false,not_run_after_fail,,,,0.0,,,,,,,,,,
s092,55,4.7468,sequential,sequential,2,false,not_run_after_fail,,,,0.0,,,,,,,,,,
s092,50,4.3153,sequential,sequential,2,false,not_run_after_fail,,,,0.0,,,,,,,,,,
s092,45,3.8838,sequential,sequential,2,false,not_run_after_fail,,,,0.0,,,,,,,,,,
s092,40,3.4522,sequential,sequential,2,false,not_run_after_fail,,,,0.0,,,,,,,,,,
s092,35,3.0207,sequential,sequential,2,false,not_run_after_fail,,,,0.0,,,,,,,,,,
s092,30,2.5892,sequential,sequential,2,false,not_run_after_fail,,,,0.0,,,,,,,,,,
s093,100,8.2246,sequential,sequential,2,true,,905.70595755757,7.415355613637167,1.1243,15.6,0.9459,440,905.706,"[5.9438, 7.4154]","[6.3096, 5.9877]",5.987675581359993,5.427795602168771e-6,optimized,986.6025403784438,true
s093,95,7.8133,sequential,sequential,2,true,,906.2115268215002,7.465569804380919,1.1250,15.7,0.9507,440,906.212,"[5.985, 7.4656]","[6.3096, 5.9877]",5.987675581359993,2.1976052519312357e-7,optimized,986.6025403784438,true
s093,90,7.4021,sequential,sequential,2,true,,897.1822233345105,7.402112994490972,1.1137,15.5,0.9399,440,897.182,"[5.9481, 7.4021]","[6.3096, 5.9877]",5.987675581359993,2.3350902811358765e-7,optimized,986.6025403784438,true
s093,85,6.9909,sequential,sequential,2,true,,989.4420386504728,6.330216312150942,1.2283,14.8,0.8969,440,989.442,"[6.2835, 6.3302]","[6.3096, 5.9877]",5.987675581359993,0.011666667671044954,optimized,986.6025403784438,true
s093,80,6.5797,sequential,sequential,2,true,,964.5868996957365,6.57964588226421,1.1974,14.7,0.8950,440,964.587,"[6.1519, 6.5796]","[6.3096, 5.9877]",5.987675581359993,1.0430735789768164e-5,optimized,986.6025403784438,true
s093,75,6.1684,sequential,sequential,2,true,,959.5848761714327,6.168427201370134,1.1912,15.5,0.9408,440,959.585,"[6.2769, 6.1684]","[6.3096, 5.9877]",5.987675581359993,6.546298658705041e-7,optimized,986.6025403784438,true
s093,70,5.7572,sequential,sequential,2,true,,1031.6556863254013,5.571592923880372,1.2807,16.8,1.0199,841,1031.656,"[5.981, 5.5716]","[6.273, 5.5952]",5.595209942649876,1.3727828550996746e-8,optimized,986.6025403784438,true
s093,65,5.3460,sequential,sequential,2,false,recovery_failed,957.2502306638886,6.257063192960135,,16.3,0.9906,32238,957.25,"[6.1368, 6.2571]","[6.273, 6.3952]",6.395246040878541,-0.9110922509601345,recovery_failed,986.6025403784438,false
s093,60,4.9347,sequential,sequential,2,false,not_run_after_fail,,,,0.0,,,,,,,,,,
s093,55,4.5235,sequential,sequential,2,false,not_run_after_fail,,,,0.0,,,,,,,,,,
s093,50,4.1123,sequential,sequential,2,false,not_run_after_fail,,,,0.0,,,,,,,,,,
s093,45,3.7011,sequential,sequential,2,false,not_run_after_fail,,,,0.0,,,,,,,,,,
s093,40,3.2898,sequential,sequential,2,false,not_run_after_fail,,,,0.0,,,,,,,,,,
s093,35,2.8786,sequential,sequential,2,false,not_run_after_fail,,,,0.0,,,,,,,,,,
s093,30,2.4674,sequential,sequential,2,false,not_run_after_fail,,,,0.0,,,,,,,,,,
s094,100,10.9602,sequential,sequential,2,false,recovery_failed,1049.0274588309162,4.554547181484228,,47.2,2.8231,256428,1049.027,"[4.3085, 4.5545]","[4.5203, 5.0202]",5.020198094509031,-6.063388431106145,recovery_failed,950.0,false
s094,95,10.4122,sequential,sequential,2,false,not_run_after_fail,,,,0.0,,,,,,,,,,
s094,90,9.8642,sequential,sequential,2,false,not_run_after_fail,,,,0.0,,,,,,,,,,
s094,85,9.3162,sequential,sequential,2,false,not_run_after_fail,,,,0.0,,,,,,,,,,
s094,80,8.7682,sequential,sequential,2,false,not_run_after_fail,,,,0.0,,,,,,,,,,
s094,75,8.2202,sequential,sequential,2,false,not_run_after_fail,,,,0.0,,,,,,,,,,
s094,70,7.6722,sequential,sequential,2,false,not_run_after_fail,,,,0.0,,,,,,,,,,
s094,65,7.1241,sequential,sequential,2,false,not_run_after_fail,,,,0.0,,,,,,,,,,
s094,60,6.5761,sequential,sequential,2,false,not_run_after_fail,,,,0.0,,,,,,,,,,
s094,55,6.0281,sequential,sequential,2,false,not_run_after_fail,,,,0.0,,,,,,,,,,
s094,50,5.4801,sequential,sequential,2,false,not_run_after_fail,,,,0.0,,,,,,,,,,
s094,45,4.9321,sequential,sequential,2,false,not_run_after_fail,,,,0.0,,,,,,,,,,
s094,40,4.3841,sequential,sequential,2,false,not_run_after_fail,,,,0.0,,,,,,,,,,
s094,35,3.8361,sequential,sequential,2,false,not_run_after_fail,,,,0.0,,,,,,,,,,
s094,30,3.2881,sequential,sequential,2,false,not_run_after_fail,,,,0.0,,,,,,,,,,
s095,100,9.8868,sequential,sequential,2,true,,805.0238434636608,3.200028444763547,1.0057,15.3,0.9184,107,805.024,"[1.2136, 3.2]","[3.2101, 3.7792]",3.7792123367358017,5.868299072313675e-6,optimized,850.0,false
s095,95,9.3925,sequential,sequential,2,true,,805.080783198885,3.1435012023728834,1.0057,15.2,0.9143,107,805.081,"[1.2572, 3.1435]","[3.2101, 3.7792]",3.7792123367358017,1.8882900820609394e-5,optimized,850.0,false
s095,90,8.8981,sequential,sequential,2,true,,805.5889205124955,4.59942969473077,1.0064,15.1,0.9086,107,805.589,"[1.2559, 4.5994]","[3.2101, 3.7792]",3.7792123367358017,3.8315073889487846e-5,optimized,850.0,false
s095,85,8.4038,sequential,sequential,2,true,,804.9304751464955,3.177872774616953,1.0055,15.2,0.9139,107,804.93,"[1.2167, 3.1779]","[3.2101, 3.7792]",3.7792123367358017,1.5792138934183186e-5,optimized,850.0,false
s095,80,7.9094,sequential,sequential,2,true,,805.1717197901968,4.590044017973462,1.0059,15.3,0.9166,107,805.172,"[1.3062, 4.59]","[3.2101, 3.7792]",3.7792123367358017,4.1002312752548275e-6,optimized,850.0,false
s095,75,7.4151,sequential,sequential,2,true,,804.7379503370954,3.145896062184048,1.0053,15.2,0.9107,107,804.738,"[1.2017, 3.1459]","[3.2101, 3.7792]",3.7792123367358017,2.5174943897022783e-6,optimized,850.0,false
s095,70,6.9208,sequential,sequential,2,true,,805.2314285283439,3.1891170610371264,1.0059,15.0,0.9023,107,805.231,"[1.3084, 3.1891]","[3.2101, 3.7792]",3.7792123367358017,7.136229302455831e-6,optimized,850.0,false
s095,65,6.4264,sequential,sequential,2,true,,805.0345309930449,3.1161276883687368,1.0057,15.6,0.9332,107,805.035,"[1.2078, 3.1161]","[3.2101, 3.7792]",3.7792123367358017,6.984585328633329e-6,optimized,850.0,false
s095,60,5.9321,sequential,sequential,2,true,,805.2602957317964,3.175316771788047,1.0060,15.3,0.9189,231,805.26,"[1.3186, 3.1753]","[3.2101, 3.7792]",3.7792123367358017,7.545521294754053e-6,optimized,850.0,false
s095,55,5.4377,sequential,sequential,2,true,,805.195238667269,3.138341376948476,1.0059,15.5,0.9273,231,805.195,"[1.2267, 3.1383]","[3.2101, 3.7792]",3.7792123367358017,1.9328217969099115e-5,optimized,850.0,false
s095,50,4.9434,sequential,sequential,2,true,,804.5737107957896,3.0790855283899017,1.0051,15.5,0.9310,231,804.574,"[1.2105, 3.0791]","[3.2101, 3.7792]",3.7792123367358017,2.273651866144155e-5,optimized,850.0,false
s095,45,4.4491,sequential,sequential,2,true,,803.7707941662045,3.8509603439977647,1.0041,15.3,0.9179,325,803.771,"[2.6749, 3.851]","[3.2101, 3.7792]",3.7792123367358017,0.00016098068044353886,optimized,850.0,false
s095,40,3.9547,sequential,sequential,2,true,,850.9043907882572,3.7331401729974933,1.0630,14.6,0.8765,325,850.904,"[3.193, 3.7331]","[3.2101, 3.7792]",3.7792123367358017,0.011572663759716066,optimized,850.0,false
s095,35,3.4604,sequential,sequential,2,false,recovery_failed,1207.2741121151507,3.7135742092578816,,15.4,0.9232,1075,1207.274,"[2.4737, 3.7136]","[2.5016, 3.2495]",3.2495049232926494,-0.25319198925788156,recovery_failed,950.0,true
s095,30,2.9660,sequential,sequential,2,false,not_run_after_fail,,,,0.0,,,,,,,,,,
s096,100,7.9847,sequential,sequential,2,true,,1036.2040169565532,3.0966442223530026,1.1575,20.3,1.2346,41183,1036.204,"[2.2388, 3.0966]","[4.0237, 4.8054]",4.805366315777479,4.398675600841839e-9,optimized,1286.6025403784438,false
s096,95,7.5854,sequential,sequential,2,true,,985.1263830139853,5.379952610510739,1.1005,20.5,1.2416,41183,985.126,"[1.3103, 5.38]","[4.0237, 4.8054]",4.805366315777479,2.6622467522163795e-8,optimized,1286.6025403784438,false
s096,90,7.1862,sequential,sequential,2,true,,968.2701596896941,5.483946923265142,1.0817,20.2,1.2273,41183,968.27,"[1.3075, 5.4839]","[4.0237, 4.8054]",4.805366315777479,1.8222795772349087e-9,optimized,1286.6025403784438,false
s096,85,6.7870,sequential,sequential,2,true,,983.0130572572062,5.208693493808751,1.0981,20.1,1.2215,41183,983.013,"[1.3082, 5.2087]","[4.0237, 4.8054]",4.805366315777479,8.905566153266653e-8,optimized,1286.6025403784438,false
s096,80,6.3877,sequential,sequential,2,true,,1000.6611572033597,5.3234488218104,1.1178,20.0,1.2146,41183,1000.661,"[1.3291, 5.3234]","[4.0237, 4.8054]",4.805366315777479,1.8307155024571697e-8,optimized,1286.6025403784438,false
s096,75,5.9885,sequential,sequential,2,true,,977.669981314975,5.394188153352076,1.0922,19.9,1.2104,41183,977.67,"[1.3091, 5.3942]","[4.0237, 4.8054]",4.805366315777479,1.4204231686444635e-6,optimized,1286.6025403784438,false
s096,70,5.5893,sequential,sequential,2,true,,1028.8178293970975,3.84848824169048,1.1493,20.1,1.2169,41183,1028.818,"[1.3055, 3.8485]","[4.0237, 4.8054]",4.805366315777479,3.292025485279737e-5,optimized,1286.6025403784438,false
s096,65,5.1900,sequential,sequential,2,true,,1021.9451168015117,2.737426382109861,1.1416,19.8,1.1992,41183,1021.945,"[1.347, 2.7374]","[4.0237, 4.8054]",4.805366315777479,1.5165567901931354e-5,optimized,1286.6025403784438,false
s096,60,4.7908,sequential,sequential,2,true,,1016.1650652913115,2.7843369884717553,1.1352,19.8,1.2039,41183,1016.165,"[1.3693, 2.7843]","[4.0237, 4.8054]",4.805366315777479,0.0010094099058974952,optimized,1286.6025403784438,false
s096,55,4.3916,sequential,sequential,2,true,,1162.9551063336628,3.9817828569922944,1.2991,18.2,1.1028,41183,1162.955,"[3.5716, 3.9818]","[4.0237, 4.8054]",4.805366315777479,0.009605080236715361,optimized,1286.6025403784438,false
s096,50,3.9923,sequential,sequential,2,true,,1121.8608831301533,3.2320623398644317,1.2532,18.9,1.1448,41183,1121.861,"[3.4906, 3.2321]","[4.0237, 4.8054]",4.805366315777479,0.0006179993890782498,optimized,1286.6025403784438,false
s096,45,3.5931,sequential,sequential,2,false,recovery_failed,1739.270688513349,2.564321820712287,,23.3,1.4115,76630,1739.271,"[1.1096, 2.5643]","[2.7768, 3.9365]",3.9365042049616195,-31.708487245013085,recovery_failed,1950.0,false
s096,40,3.1939,sequential,sequential,2,false,not_run_after_fail,,,,0.0,,,,,,,,,,
s096,35,2.7946,sequential,sequential,2,false,not_run_after_fail,,,,0.0,,,,,,,,,,
s096,30,2.3954,sequential,sequential,2,false,not_run_after_fail,,,,0.0,,,,,,,,,,
s097,100,8.4045,sequential,sequential,2,true,,642.2835105517062,7.477227291573534,1.0040,14.9,0.9269,124,642.284,"[2.7143, 7.4772]","[3.1926, 4.0591]",4.059147339769472,3.0978240797830947e-6,optimized,750.0,true
s097,95,7.9843,sequential,sequential,2,true,,639.7118395763686,7.413531909622455,1.0000,15.1,0.9368,124,639.712,"[2.7314, 7.4135]","[3.1926, 4.0591]",4.059147339769472,5.100816084928738e-6,optimized,750.0,true
s097,90,7.5640,sequential,sequential,2,true,,639.0800999112204,7.41164408149518,0.9990,15.0,0.9304,124,639.08,"[2.7961, 7.4116]","[3.1926, 4.0591]",4.059147339769472,3.609647054896413e-6,optimized,750.0,true
s097,85,7.1438,sequential,sequential,2,true,,644.2562095365454,7.12560203322392,1.0071,14.8,0.9223,124,644.256,"[2.8664, 7.1256]","[3.1926, 4.0591]",4.059147339769472,4.684409301430881e-9,optimized,750.0,true
s097,80,6.7236,sequential,sequential,2,true,,644.9710761614373,6.714092456957357,1.0082,14.7,0.9173,124,644.971,"[2.8724, 6.7141]","[3.1926, 4.0591]",4.059147339769472,6.163678109571968e-10,optimized,750.0,true
s097,75,6.3034,sequential,sequential,2,true,,644.9977364795404,6.226563169113035,1.0082,15.1,0.9385,124,644.998,"[2.9508, 6.2266]","[3.1926, 4.0591]",4.059147339769472,1.5953940599167105e-10,optimized,750.0,true
s097,70,5.8831,sequential,sequential,2,true,,654.3212631024263,5.883145947032958,1.0228,15.0,0.9327,124,654.321,"[3.2809, 5.8831]","[3.1926, 4.0591]",4.059147339769472,1.0099670424423834e-6,optimized,750.0,true
s097,65,5.4629,sequential,sequential,2,true,,657.6422376563128,5.462921333850946,1.0280,15.0,0.9305,124,657.642,"[3.0606, 5.4629]","[3.1926, 4.0591]",4.059147339769472,9.121490540664468e-7,optimized,750.0,true
s097,60,5.0427,sequential,sequential,2,true,,664.4608654966663,5.042696758474542,1.0387,14.9,0.9293,124,664.461,"[2.9473, 5.0427]","[3.1926, 4.0591]",4.059147339769472,7.755254580743554e-7,optimized,750.0,true
s097,55,4.6225,sequential,sequential,2,true,,715.3008113094209,4.622471909043774,1.1181,14.4,0.8968,124,715.301,"[3.0627, 4.6225]","[3.1926, 4.0591]",4.059147339769472,9.139562262561185e-7,optimized,750.0,true
s097,50,4.2022,sequential,sequential,2,true,,718.4360004225688,4.202247922576431,1.1230,15.5,0.9674,124,718.436,"[3.1031, 4.2022]","[3.1926, 4.0591]",4.059147339769472,1.894235692745383e-7,optimized,750.0,true
s097,45,3.7820,sequential,sequential,2,true,,1286.4512531124294,3.6903918250720253,2.0109,14.9,0.9295,3082,1286.451,"[2.0378, 3.6904]","[2.1044, 3.6552]",3.655193822093952,0.010761024089480518,optimized,850.0000000000001,true
s097,40,3.3618,sequential,sequential,2,false,recovery_failed,1543.003810633573,3.4214389455069805,,15.0,0.9337,8535,1543.004,"[2.1644, 3.4214]","[2.1044, 3.1121]",3.112142315477084,-0.05964025550698038,recovery_failed,850.0000000000001,true
s097,35,2.9416,sequential,sequential,2,false,not_run_after_fail,,,,0.0,,,,,,,,,,
s097,30,2.5213,sequential,sequential,2,false,not_run_after_fail,,,,0.0,,,,,,,,,,
s098,100,4.2561,sequential,sequential,2,true,,880.0413579690262,2.441172039245519,1.0367,15.1,0.9580,1137,880.041,"[1.9563, 2.4412]","[3.1017, 3.279]",3.278981350492291,0.0001154276881177575,optimized,950.0,false
s098,95,4.0433,sequential,sequential,2,true,,944.01746122797,3.7168175086877437,1.1121,14.7,0.9321,1137,944.017,"[3.0896, 3.7168]","[3.1017, 3.279]",3.278981350492291,0.010772763235730367,optimized,950.0,false
s098,90,3.8305,sequential,sequential,2,true,,940.0792304803273,3.421080592035728,1.1075,14.7,0.9304,2136,940.079,"[3.0053, 3.4211]","[3.1017, 3.279]",3.278981350492291,0.0111633474327851,optimized,950.0,false
s098,85,3.6177,sequential,sequential,2,true,,882.6461336516903,2.589184217034375,1.0398,17.4,1.0988,2154,882.646,"[2.9261, 2.5892]","[3.1017, 3.279]",3.278981350492291,0.001824240486992302,optimized,950.0,false
s098,80,3.4049,sequential,sequential,2,true,,910.3008517889621,2.8379968351942444,1.0724,16.2,1.0222,2154,910.301,"[2.9708, 2.838]","[3.1017, 3.279]",3.278981350492291,0.005074704047136416,optimized,950.0,false
s098,75,3.1921,sequential,sequential,2,true,,1816.4090467766307,2.304802929814868,2.1398,15.2,0.9609,13343,1816.409,"[2.2664, 2.3048]","[2.1909, 3.1711]",3.171109805647426,0.00878033911659324,seed_only,950.0,true
s098,70,2.9793,sequential,sequential,2,true,,912.2455823027634,2.7715098410581738,1.0747,27.7,1.7500,106399,912.246,"[2.9616, 2.7715]","[3.1017, 3.279]",3.278981350492291,0.005066226674801871,optimized,950.0,false
s098,65,2.7665,sequential,sequential,2,true,,921.0465151598321,2.7664959032677903,1.0850,26.5,1.6793,106399,921.047,"[2.9879, 2.7665]","[3.1017, 3.279]",3.278981350492291,3.373220991420567e-8,optimized,950.0,false
s098,60,2.5537,sequential,sequential,2,false,recovery_failed,930.8082444620449,2.7589639683604203,,26.2,1.6599,106399,930.808,"[2.9871, 2.759]","[3.1017, 3.279]",3.278981350492291,-0.20527533436042011,recovery_failed,950.0,false
s098,55,2.3409,sequential,sequential,2,false,not_run_after_fail,,,,0.0,,,,,,,,,,
s098,50,2.1281,sequential,sequential,2,false,not_run_after_fail,,,,0.0,,,,,,,,,,
s098,45,1.9153,sequential,sequential,2,false,not_run_after_fail,,,,0.0,,,,,,,,,,
s098,40,1.7025,sequential,sequential,2,false,not_run_after_fail,,,,0.0,,,,,,,,,,
s098,35,1.4897,sequential,sequential,2,false,not_run_after_fail,,,,0.0,,,,,,,,,,
s098,30,1.2768,sequential,sequential,2,false,not_run_after_fail,,,,0.0,,,,,,,,,,
s099,100,6.7858,sequential,sequential,2,true,,855.8609238045055,6.785841776669913,1.0103,16.3,0.9903,302,855.861,"[2.8627, 6.7858]","[3.7862, 4.7749]",4.774894796765476,4.1833008701530616e-7,optimized,950.0,false
s099,95,6.4465,sequential,sequential,2,true,,852.0413631724258,6.446549563447584,1.0058,16.7,1.0134,302,852.041,"[2.9185, 6.4465]","[3.7862, 4.7749]",4.774894796765476,5.715524160621044e-7,optimized,950.0,false
s099,90,6.1073,sequential,sequential,2,true,,861.4910783692774,6.107258055628624,1.0170,16.5,1.0022,302,861.491,"[3.1615, 6.1073]","[3.7862, 4.7749]",4.774894796765476,1.9371375614696262e-8,optimized,950.0,false
s099,85,5.7680,sequential,sequential,2,true,,845.9703207395803,5.723112282220851,0.9986,16.7,1.0136,302,845.97,"[3.3477, 5.7231]","[3.7862, 4.7749]",4.774894796765476,1.6455721779744636e-5,optimized,950.0,false
s099,80,5.4287,sequential,sequential,2,true,,867.6755598336778,5.428673701429077,1.0243,17.5,1.0602,302,867.676,"[3.6452, 5.4287]","[3.7862, 4.7749]",4.774894796765476,2.5457092256431224e-7,optimized,950.0,false
s099,75,5.0894,sequential,sequential,2,true,,876.9037779258966,5.089381844332386,1.0352,17.4,1.0543,302,876.904,"[3.6327, 5.0894]","[3.7862, 4.7749]",4.774894796765476,5.1667614187067556e-8,optimized,950.0,false
s099,70,4.7501,sequential,sequential,2,true,,1278.7331094741344,4.5606806139388505,1.5095,15.2,0.9204,2173,1278.733,"[3.4918, 4.5607]","[3.4979, 4.3156]",4.315597333768166,0.0114450199427722,optimized,950.0,true
s099,65,4.4108,sequential,sequential,2,false,recovery_failed,1277.831226435302,4.526263363926013,,15.6,0.9455,2173,1277.831,"[3.4705, 4.5263]","[3.4979, 4.3156]",4.315597333768166,-0.11546558792601314,recovery_failed,950.0,true
s099,60,4.0715,sequential,sequential,2,false,not_run_after_fail,,,,0.0,,,,,,,,,,
s099,55,3.7322,sequential,sequential,2,false,not_run_after_fail,,,,0.0,,,,,,,,,,
s099,50,3.3929,sequential,sequential,2,false,not_run_after_fail,,,,0.0,,,,,,,,,,
s099,45,3.0536,sequential,sequential,2,false,not_run_after_fail,,,,0.0,,,,,,,,,,
s099,40,2.7143,sequential,sequential,2,false,not_run_after_fail,,,,0.0,,,,,,,,,,
s099,35,2.3750,sequential,sequential,2,false,not_run_after_fail,,,,0.0,,,,,,,,,,
s099,30,2.0358,sequential,sequential,2,false,not_run_after_fail,,,,0.0,,,,,,,,,,
s100,100,7.8202,sequential,sequential,2,true,,807.8276625087111,4.717546701185297,1.2538,22.9,1.4178,79976,807.828,"[4.4904, 4.7175]","[4.5081, 5.1486]",5.1486093450953785,6.95549869783596e-9,optimized,850.0000000000001,false
s100,95,7.4292,sequential,sequential,2,false,recovery_failed,947.7727838306813,5.216442557755018,,22.5,1.3940,79976,947.773,"[4.4911, 5.2164]","[4.5081, 5.1486]",5.1486093450953785,-1.7836870495453738e-5,recovery_failed,850.0000000000001,false
s100,90,7.0382,sequential,sequential,2,false,not_run_after_fail,,,,0.0,,,,,,,,,,
s100,85,6.6472,sequential,sequential,2,false,not_run_after_fail,,,,0.0,,,,,,,,,,
s100,80,6.2562,sequential,sequential,2,false,not_run_after_fail,,,,0.0,,,,,,,,,,
s100,75,5.8652,sequential,sequential,2,false,not_run_after_fail,,,,0.0,,,,,,,,,,
s100,70,5.4741,sequential,sequential,2,false,not_run_after_fail,,,,0.0,,,,,,,,,,
s100,65,5.0831,sequential,sequential,2,false,not_run_after_fail,,,,0.0,,,,,,,,,,
s100,60,4.6921,sequential,sequential,2,false,not_run_after_fail,,,,0.0,,,,,,,,,,
s100,55,4.3011,sequential,sequential,2,false,not_run_after_fail,,,,0.0,,,,,,,,,,
s100,50,3.9101,sequential,sequential,2,false,not_run_after_fail,,,,0.0,,,,,,,,,,
s100,45,3.5191,sequential,sequential,2,false,not_run_after_fail,,,,0.0,,,,,,,,,,
s100,40,3.1281,sequential,sequential,2,false,not_run_after_fail,,,,0.0,,,,,,,,,,
s100,35,2.7371,sequential,sequential,2,false,not_run_after_fail,,,,0.0,,,,,,,,,,
s100,30,2.3461,sequential,sequential,2,false,not_run_after_fail,,,,0.0,,,,,,,,,,
s101,100,9.4412,sequential,sequential,2,true,,824.7707664478455,3.6452857632205156,1.0286,36.4,2.1941,173145,824.771,"[2.5068, 3.6453]","[3.2913, 3.5756]",3.575566701546831,0.013790239154680804,optimized,850.0,false
s101,95,8.9691,sequential,sequential,2,true,,824.7705538106392,3.6447702670071465,1.0286,36.5,2.1992,173145,824.771,"[2.5047, 3.6448]","[3.2913, 3.5756]",3.575566701546831,0.01379022993643323,optimized,850.0,false
s101,90,8.4971,sequential,sequential,2,true,,824.7705854296973,3.6443209093273934,1.0286,36.4,2.1948,173145,824.771,"[2.5021, 3.6443]","[3.2913, 3.5756]",3.575566701546831,0.013790235644543793,optimized,850.0,false
s101,85,8.0250,sequential,sequential,2,true,,824.7701484426495,3.643673813557602,1.0286,36.4,2.1921,173145,824.77,"[2.4991, 3.6437]","[3.2913, 3.5756]",3.575566701546831,0.013790217340563436,optimized,850.0,false
s101,80,7.5530,sequential,sequential,2,true,,824.7700972675912,3.643002148881765,1.0286,36.8,2.2207,173145,824.77,"[2.4956, 3.643]","[3.2913, 3.5756]",3.575566701546831,0.013790215957153334,optimized,850.0,false
s101,75,7.0809,sequential,sequential,2,true,,824.7701862080557,3.6420569415608037,1.0286,36.2,2.1837,173145,824.77,"[2.4911, 3.6421]","[3.2913, 3.5756]",3.575566701546831,0.01379020471245311,optimized,850.0,false
s101,70,6.6088,sequential,sequential,2,true,,824.7687181718487,3.641332961466959,1.0286,36.0,2.1725,173145,824.769,"[2.4863, 3.6413]","[3.2913, 3.5756]",3.575566701546831,0.013790206451893477,optimized,850.0,false
s101,65,6.1368,sequential,sequential,2,true,,824.769154019212,3.6404614581996864,1.0286,36.1,2.1774,173145,824.769,"[2.4793, 3.6405]","[3.2913, 3.5756]",3.575566701546831,0.013790185422196595,optimized,850.0,false
s101,60,5.6647,sequential,sequential,2,true,,824.7693929887628,3.639707104515702,1.0286,36.1,2.1761,173145,824.769,"[2.4696, 3.6397]","[3.2913, 3.5756]",3.575566701546831,0.013790158819558125,optimized,850.0,false
s101,55,5.1927,sequential,sequential,2,true,,824.7698366747727,3.639824923294706,1.0286,37.1,2.2371,173145,824.77,"[2.4595, 3.6398]","[3.2913, 3.5756]",3.575566701546831,0.013790125337753697,optimized,850.0,false
s101,50,4.7206,sequential,sequential,2,true,,824.7712743890382,3.6435762130140565,1.0286,37.3,2.2512,173145,824.771,"[2.4449, 3.6436]","[3.2913, 3.5756]",3.575566701546831,0.01379005840372628,optimized,850.0,false
s101,45,4.2485,sequential,sequential,2,true,,995.8762196978612,4.2485367542105585,1.2420,16.3,0.9837,581,995.876,"[2.4933, 4.2485]","[3.288, 3.5718]",3.5717615002622494,6.406789441193439e-6,optimized,1050.0,true
s101,40,3.7765,sequential,sequential,2,true,,1011.5899117900756,3.776482386863929,1.2616,16.0,0.9671,581,1011.59,"[3.2018, 3.7765]","[3.288, 3.5718]",3.5717615002622494,5.341360709287812e-7,optimized,1050.0,true
s101,35,3.3044,sequential,sequential,2,false,recovery_failed,1655.7788730193517,3.7049193829079687,,16.1,0.9718,9657,1655.779,"[2.145, 3.7049]","[2.2155, 3.2722]",3.272163942308123,-0.4004967019079686,recovery_failed,1050.0,true
s101,30,2.8324,sequential,sequential,2,false,not_run_after_fail,,,,0.0,,,,,,,,,,
