scenario_id,pct,threshold,method,algorithm,num_agents,success,fail_reason,primary_length,primary_unc,length_ratio,wall_s,wall_ratio,astar_iterations,continuous_primary_length,continuous_uncertainties,discrete_uncertainties,primary_disc_unc,refinement_min_slack,refinement_status
s001,100,7.9062,greedy,greedy,2,true,,945.329497294532,6.018561495396765,1.0452,18.1,1.0117,124,945.329,"[3.8939, 6.0186]","[3.927, 5.6485]",5.6485009584495405,0.011569714719848488,optimized
s001,95,7.5109,greedy,greedy,2,true,,945.3294972949581,6.017050383753493,1.0452,16.5,0.9222,124,945.329,"[3.8939, 6.0171]","[3.927, 5.6485]",5.6485009584495405,0.011569714719848537,optimized
s001,90,7.1156,greedy,greedy,2,true,,945.3294972957092,6.0064995959548755,1.0452,16.5,0.9232,124,945.329,"[3.8939, 6.0065]","[3.927, 5.6485]",5.6485009584495405,0.011531874007959072,optimized
s001,85,6.7202,greedy,greedy,2,true,,945.3294972973315,6.006499592769498,1.0452,16.5,0.9244,124,945.329,"[3.8939, 6.0065]","[3.927, 5.6485]",5.6485009584495405,0.011531873991865147,optimized
s001,80,6.3249,greedy,greedy,2,true,,935.1436132995443,6.1817424829761904,1.0340,16.8,0.9365,124,935.144,"[2.3856, 6.1817]","[3.927, 5.6485]",5.6485009584495405,1.6067172356470927e-8,optimized
s001,75,5.9296,greedy,greedy,2,true,,921.6835191802243,5.8985522298513535,1.0191,17.3,0.9653,124,921.684,"[4.107, 5.8986]","[3.927, 5.6485]",5.6485009584495405,1.7489935499881426e-8,optimized
s001,70,5.5343,greedy,greedy,2,true,,956.0880445338227,5.522464030675588,1.0571,16.0,0.8940,124,956.088,"[3.3244, 5.5225]","[3.927, 5.6485]",5.6485009584495405,0.0064969070275846495,optimized
s001,65,5.1390,greedy,greedy,2,false,recovery_failed,957.2750548420804,5.488540898795867,,16.0,0.8955,124,957.275,"[3.2991, 5.4885]","[3.927, 5.6485]",5.6485009584495405,-0.3495258567958661,recovery_failed
s001,60,4.7437,greedy,greedy,2,false,not_run_after_fail,,,,0.0,,,,,,,,
s001,55,4.3484,greedy,greedy,2,false,not_run_after_fail,,,,0.0,,,,,,,,
s001,50,3.9531,greedy,greedy,2,false,not_run_after_fail,,,,0.0,,,,,,,,
s001,45,3.5578,greedy,greedy,2,false,not_run_after_fail,,,,0.0,,,,,,,,
s001,40,3.1625,greedy,greedy,2,false,not_run_after_fail,,,,0.0,,,,,,,,
s001,35,2.7672,greedy,greedy,2,false,not_run_after_fail,,,,0.0,,,,,,,,
s001,30,2.3719,greedy,greedy,2,false,not_run_after_fail,,,,0.0,,,,,,,,
s002,100,8.7866,greedy,greedy,2,true,,694.1802095338248,8.4848095409529,1.0887,17.8,1.1200,50,694.18,"[0.703, 8.4848]","[0.8449, 8.7147]",8.714669600990096,0.00936692956306645,optimized
s002,95,8.3472,greedy,greedy,2,true,,716.1131240546276,8.26931086049443,1.1231,17.5,1.1015,50,716.113,"[0.6488, 8.2693]","[0.8449, 8.7147]",8.714669600990096,0.004797211449078215,optimized
s002,90,7.9079,greedy,greedy,2,true,,723.5414895495463,7.889082102634767,1.1347,17.3,1.0863,50,723.541,"[0.6603, 7.8891]","[0.8449, 8.7147]",8.714669600990096,0.003273114501285101,optimized
s002,85,7.4686,greedy,greedy,2,true,,731.0826344511338,7.4269984185491325,1.1466,16.1,1.0169,50,731.083,"[0.7019, 7.427]","[0.8449, 8.7147]",8.714669600990096,3.012226273000143e-5,optimized
s002,80,7.0292,greedy,greedy,2,true,,733.0704879578855,6.9678189677335345,1.1497,16.4,1.0331,50,733.07,"[0.7021, 6.9678]","[0.8449, 8.7147]",8.714669600990096,1.6244724565794844e-5,optimized
s002,75,6.5899,greedy,greedy,2,true,,742.2265214622012,6.573722691583979,1.1641,16.6,1.0446,50,742.227,"[0.7671, 6.5737]","[0.8449, 8.7147]",8.714669600990096,2.2216507185566364e-5,optimized
s002,70,6.1506,greedy,greedy,2,true,,757.2256623651815,6.111464339465609,1.1876,17.1,1.0737,50,757.226,"[0.7973, 6.1115]","[0.8449, 8.7147]",8.714669600990096,2.9957276080239126e-5,optimized
s002,65,5.7113,greedy,greedy,2,true,,763.792911071801,5.487033986226219,1.1979,17.0,1.0702,50,763.793,"[0.8057, 5.487]","[0.8449, 8.7147]",8.714669600990096,3.851056197972519e-6,optimized
s002,60,5.2719,greedy,greedy,2,true,,770.5604079691357,4.981155172937906,1.2085,16.9,1.0633,50,770.56,"[0.7948, 4.9812]","[0.8449, 8.7147]",8.714669600990096,4.791773430160712e-6,optimized
s002,55,4.8326,greedy,greedy,2,false,recovery_failed,773.1306662379704,4.713809353557407,,16.8,1.0596,50,773.131,"[0.7981, 4.7138]","[0.8449, 8.7147]",8.714669600990096,-0.003793236996520219,recovery_failed
s002,50,4.3933,greedy,greedy,2,false,not_run_after_fail,,,,0.0,,,,,,,,
s002,45,3.9540,greedy,greedy,2,false,not_run_after_fail,,,,0.0,,,,,,,,
s002,40,3.5146,greedy,greedy,2,false,not_run_after_fail,,,,0.0,,,,,,,,
s002,35,3.0753,greedy,greedy,2,false,not_run_after_fail,,,,0.0,,,,,,,,
s002,30,2.6360,greedy,greedy,2,false,not_run_after_fail,,,,0.0,,,,,,,,
s003,100,6.5157,greedy,greedy,2,true,,729.1587262249609,6.202035462061905,1.2141,15.9,0.9854,53,729.159,"[4.4366, 6.202]","[2.6855, 6.4021]",6.402100444797912,9.768642453545908e-7,optimized
s003,95,6.1900,greedy,greedy,2,true,,737.4917063871063,5.828000979184902,1.2280,15.9,0.9855,53,737.492,"[4.0937, 5.828]","[2.6855, 6.4021]",6.402100444797912,0.0037627307361504797,optimized
s003,90,5.8642,greedy,greedy,2,true,,740.3876149198516,5.544152377061705,1.2328,15.9,0.9835,53,740.388,"[3.9345, 5.5442]","[2.6855, 6.4021]",6.402100444797912,0.003018847624126828,optimized
s003,85,5.5384,greedy,greedy,2,true,,743.7890531283766,5.266511424752712,1.2385,16.0,0.9893,53,743.789,"[3.7653, 5.2665]","[2.6855, 6.4021]",6.402100444797912,0.0024407823213042253,optimized
s003,80,5.2126,greedy,greedy,2,true,,747.1967515181393,5.048104082703952,1.2442,15.9,0.9873,53,747.197,"[3.6202, 5.0481]","[2.6855, 6.4021]",6.402100444797912,0.002248877207420865,optimized
s003,75,4.8868,greedy,greedy,2,true,,750.7492577137671,4.875605955885816,1.2501,16.0,0.9926,53,750.749,"[3.5693, 4.8756]","[2.6855, 6.4021]",6.402100444797912,0.00024321206238083273,optimized
s003,70,4.5610,greedy,greedy,2,true,,760.4203896233497,3.5986611087123896,1.2662,17.3,1.0740,53,760.42,"[3.4821, 3.5987]","[2.6855, 6.4021]",6.402100444797912,0.0013948742346787599,optimized
s003,65,4.2352,greedy,greedy,2,true,,759.8605890264939,3.5967945208710943,1.2652,17.4,1.0771,53,759.861,"[3.4921, 3.5968]","[2.6855, 6.4021]",6.402100444797912,0.0014071660113099717,optimized
s003,60,3.9094,greedy,greedy,2,true,,761.453158222555,3.5897139771024613,1.2679,17.3,1.0700,53,761.453,"[3.311, 3.5897]","[2.6855, 6.4021]",6.402100444797912,0.0013918225329574568,optimized
s003,55,3.5837,greedy,greedy,2,true,,764.9393143258687,3.305699393190891,1.2737,17.3,1.0691,53,764.939,"[2.9555, 3.3057]","[2.6855, 6.4021]",6.402100444797912,0.0013877195988739634,optimized
s003,50,3.2579,greedy,greedy,2,false,recovery_failed,768.3958938013467,3.072879399858032,,16.5,1.0200,53,768.396,"[2.6792, 3.0729]","[2.6855, 6.4021]",6.402100444797912,-0.0010811055585110835,recovery_failed
s003,45,2.9321,greedy,greedy,2,false,not_run_after_fail,,,,0.0,,,,,,,,
s003,40,2.6063,greedy,greedy,2,false,not_run_after_fail,,,,0.0,,,,,,,,
s003,35,2.2805,greedy,greedy,2,false,not_run_after_fail,,,,0.0,,,,,,,,
s003,30,1.9547,greedy,greedy,2,false,not_run_after_fail,,,,0.0,,,,,,,,
s004,100,4.8986,greedy,greedy,2,true,,899.0802359395179,4.5731507841154055,1.0407,18.3,1.1197,114,899.08,"[4.4477, 4.5732]","[4.8986, 4.8986]",4.898564802383726,9.228398312188801e-7,optimized
s004,95,4.6536,greedy,greedy,2,true,,922.1554821396201,4.421345710396893,1.0674,18.7,1.1453,114,922.155,"[4.7033, 4.4213]","[4.8986, 4.8986]",4.898564802383726,0.007339562404997529,optimized
s004,90,4.4087,greedy,greedy,2,true,,926.4883235188388,4.234426884471396,1.0724,17.4,1.0664,114,926.488,"[4.6584, 4.2344]","[4.8986, 4.8986]",4.898564802383726,8.467870884487638e-7,optimized
s004,85,4.1638,greedy,greedy,2,true,,928.833673940858,4.131036592042474,1.0751,16.2,0.9935,114,928.834,"[4.6242, 4.131]","[4.8986, 4.8986]",4.898564802383726,0.004679670883147826,optimized
s004,80,3.9189,greedy,greedy,2,false,recovery_failed,928.8904671803876,4.053688118721026,,16.2,0.9902,114,928.89,"[4.6037, 4.0537]","[4.8986, 4.8986]",4.898564802383726,-0.1348352767210259,recovery_failed
s004,75,3.6739,greedy,greedy,2,false,not_run_after_fail,,,,0.0,,,,,,,,
s004,70,3.4290,greedy,greedy,2,false,not_run_after_fail,,,,0.0,,,,,,,,
s004,65,3.1841,greedy,greedy,2,false,not_run_after_fail,,,,0.0,,,,,,,,
s004,60,2.9391,greedy,greedy,2,false,not_run_after_fail,,,,0.0,,,,,,,,
s004,55,2.6942,greedy,greedy,2,false,not_run_after_fail,,,,0.0,,,,,,,,
s004,50,2.4493,greedy,greedy,2,false,not_run_after_fail,,,,0.0,,,,,,,,
s004,45,2.2044,greedy,greedy,2,false,not_run_after_fail,,,,0.0,,,,,,,,
s004,40,1.9594,greedy,greedy,2,false,not_run_after_fail,,,,0.0,,,,,,,,
s004,35,1.7145,greedy,greedy,2,false,not_run_after_fail,,,,0.0,,,,,,,,
s004,30,1.4696,greedy,greedy,2,false,not_run_after_fail,,,,0.0,,,,,,,,
s005,100,6.2759,greedy,greedy,2,true,,1082.8801512567793,5.313248936544873,1.1345,20.6,1.2293,443,1082.88,"[4.7378, 5.3132]","[4.7698, 4.7841]",4.784129196637513,0.011302394226469387,optimized
s005,95,5.9621,greedy,greedy,2,true,,1082.8801512567793,5.313248936544873,1.1345,20.8,1.2417,443,1082.88,"[4.7378, 5.3132]","[4.7698, 4.7841]",4.784129196637513,0.011302394226469387,optimized
s005,90,5.6483,greedy,greedy,2,true,,1082.8801512567793,5.313248936544873,1.1345,20.6,1.2326,443,1082.88,"[4.7378, 5.3132]","[4.7698, 4.7841]",4.784129196637513,0.011302394226469387,optimized
s005,85,5.3345,greedy,greedy,2,true,,1082.8801512567793,5.3132489365448725,1.1345,15.9,0.9489,443,1082.88,"[4.7378, 5.3132]","[4.7698, 4.7841]",4.784129196637513,0.011302394226469387,optimized
s005,80,5.0207,greedy,greedy,2,true,,1078.630376755701,4.783900475066511,1.1300,18.0,1.0776,443,1078.63,"[4.4184, 4.7839]","[4.7698, 4.7841]",4.784129196637513,0.011163445618462045,optimized
s005,75,4.7070,greedy,greedy,2,true,,1078.1254706609095,4.704417728192738,1.1295,16.6,0.9941,443,1078.125,"[4.4026, 4.7044]","[4.7698, 4.7841]",4.784129196637513,0.002536208807261353,optimized
s005,70,4.3932,greedy,greedy,2,true,,1076.5740602420283,4.240754896453164,1.1279,16.6,0.9921,443,1076.574,"[4.1593, 4.2408]","[4.7698, 4.7841]",4.784129196637513,0.00765550191660325,optimized
s005,65,4.0794,greedy,greedy,2,false,recovery_failed,1076.9643285083803,4.47459779652799,,16.5,0.9852,443,1076.964,"[4.2856, 4.4746]","[4.7698, 4.7841]",4.784129196637513,-0.3952375845279903,recovery_failed
s005,60,3.7656,greedy,greedy,2,false,not_run_after_fail,,,,0.0,,,,,,,,
s005,55,3.4518,greedy,greedy,2,false,not_run_after_fail,,,,0.0,,,,,,,,
s005,50,3.1380,greedy,greedy,2,false,not_run_after_fail,,,,0.0,,,,,,,,
s005,45,2.8242,greedy,greedy,2,false,not_run_after_fail,,,,0.0,,,,,,,,
s005,40,2.5104,greedy,greedy,2,false,not_run_after_fail,,,,0.0,,,,,,,,
s005,35,2.1966,greedy,greedy,2,false,not_run_after_fail,,,,0.0,,,,,,,,
s005,30,1.8828,greedy,greedy,2,false,not_run_after_fail,,,,0.0,,,,,,,,
s006,100,9.0711,greedy,greedy,2,true,,621.2135102379118,7.422284403232541,1.0293,17.2,1.0708,21,621.214,"[6.8369, 7.4223]","[7.917, 8.3352]",8.335215756358231,0.010222115388242341,optimized
s006,95,8.6175,greedy,greedy,2,true,,621.1814454683636,7.420954277729116,1.0292,17.3,1.0782,21,621.181,"[6.8362, 7.421]","[7.917, 8.3352]",8.335215756358231,0.009631122019441165,optimized
s006,90,8.1640,greedy,greedy,2,true,,630.8443777605737,7.401128192874883,1.0452,16.6,1.0384,21,630.844,"[6.8631, 7.4011]","[7.917, 8.3352]",8.335215756358231,1.432766893669224e-8,optimized
s006,85,7.7104,greedy,greedy,2,true,,623.1920528517651,7.245201997033317,1.0325,17.1,1.0690,21,623.192,"[6.7297, 7.2452]","[7.917, 8.3352]",8.335215756358231,0.004781285344199956,optimized
s006,80,7.2569,greedy,greedy,2,true,,624.2040048370417,6.983231960277357,1.0342,16.9,1.0581,21,624.204,"[6.4696, 6.9832]","[7.917, 8.3352]",8.335215756358231,0.016401209815638525,optimized
s006,75,6.8033,greedy,greedy,2,true,,622.0910287026627,6.61448837789971,1.0307,17.1,1.0687,21,622.091,"[6.1141, 6.6145]","[7.917, 8.3352]",8.335215756358231,0.01501679042742415,optimized
s006,70,6.3497,greedy,greedy,2,true,,623.9667080026628,6.148137106476772,1.0338,16.8,1.0499,21,623.967,"[5.6733, 6.1481]","[7.917, 8.3352]",8.335215756358231,0.011926958454556614,optimized
s006,65,5.8962,greedy,greedy,2,true,,622.04188478594,5.67247996330955,1.0306,16.9,1.0550,21,622.042,"[5.3287, 5.6725]","[7.917, 8.3352]",8.335215756358231,0.008834214474551145,optimized
s006,60,5.4426,greedy,greedy,2,true,,620.1308707817803,5.275823339125566,1.0275,17.0,1.0623,21,620.131,"[4.9783, 5.2758]","[7.917, 8.3352]",8.335215756358231,0.004591951504019049,optimized
s006,55,4.9891,greedy,greedy,2,true,,623.1353337312428,4.981702302193958,1.0324,16.0,0.9980,21,623.135,"[4.7593, 4.9817]","[7.917, 8.3352]",8.335215756358231,0.0007883140025711118,optimized
s006,50,4.5355,greedy,greedy,2,false,recovery_failed,623.9525460786543,4.695489454905136,,16.0,1.0018,21,623.953,"[4.5595, 4.6955]","[7.917, 8.3352]",8.335215756358231,-0.15995293090513574,recovery_failed
s006,45,4.0820,greedy,greedy,2,false,not_run_after_fail,,,,0.0,,,,,,,,
s006,40,3.6284,greedy,greedy,2,false,not_run_after_fail,,,,0.0,,,,,,,,
s006,35,3.1749,greedy,greedy,2,false,not_run_after_fail,,,,0.0,,,,,,,,
s006,30,2.7213,greedy,greedy,2,false,not_run_after_fail,,,,0.0,,,,,,,,
s007,100,5.9068,greedy,greedy,2,false,recovery_failed,915.7092294656511,5.261832668856632,,18.4,1.1286,86,915.709,"[0.7485, 5.2618]","[1.2177, 5.9068]",5.9067949467036565,-0.0003723738824473327,recovery_failed
s007,95,5.6115,greedy,greedy,2,false,not_run_after_fail,,,,0.0,,,,,,,,
s007,90,5.3161,greedy,greedy,2,false,not_run_after_fail,,,,0.0,,,,,,,,
s007,85,5.0208,greedy,greedy,2,false,not_run_after_fail,,,,0.0,,,,,,,,
s007,80,4.7254,greedy,greedy,2,false,not_run_after_fail,,,,0.0,,,,,,,,
s007,75,4.4301,greedy,greedy,2,false,not_run_after_fail,,,,0.0,,,,,,,,
s007,70,4.1348,greedy,greedy,2,false,not_run_after_fail,,,,0.0,,,,,,,,
s007,65,3.8394,greedy,greedy,2,false,not_run_after_fail,,,,0.0,,,,,,,,
s007,60,3.5441,greedy,greedy,2,false,not_run_after_fail,,,,0.0,,,,,,,,
s007,55,3.2487,greedy,greedy,2,false,not_run_after_fail,,,,0.0,,,,,,,,
s007,50,2.9534,greedy,greedy,2,false,not_run_after_fail,,,,0.0,,,,,,,,
s007,45,2.6581,greedy,greedy,2,false,not_run_after_fail,,,,0.0,,,,,,,,
s007,40,2.3627,greedy,greedy,2,false,not_run_after_fail,,,,0.0,,,,,,,,
s007,35,2.0674,greedy,greedy,2,false,not_run_after_fail,,,,0.0,,,,,,,,
s007,30,1.7720,greedy,greedy,2,false,not_run_after_fail,,,,0.0,,,,,,,,
s008,100,7.3296,greedy,greedy,2,true,,944.1408141155753,6.068627838737436,1.0460,18.1,1.0836,89,944.141,"[4.4245, 6.0686]","[5.9259, 6.3212]",6.321186142823789,5.9901107081510415e-5,optimized
s008,95,6.9631,greedy,greedy,2,true,,940.8887606533877,5.994686582631187,1.0424,18.3,1.0990,89,940.889,"[4.4515, 5.9947]","[5.9259, 6.3212]",6.321186142823789,3.828974993448355e-7,optimized
s008,90,6.5966,greedy,greedy,2,true,,944.4067145835162,6.596649167693808,1.0463,18.3,1.0977,89,944.407,"[4.3671, 6.5966]","[5.9259, 6.3212]",6.321186142823789,1.0083061914301084e-6,optimized
s008,85,6.2302,greedy,greedy,2,true,,979.3649418045723,5.572016599629512,1.0850,16.5,0.9872,89,979.365,"[5.366, 5.572]","[5.9259, 6.3212]",6.321186142823789,3.161153781784378e-7,optimized
s008,80,5.8637,greedy,greedy,2,true,,959.5625874975265,5.178054020494551,1.0631,18.4,1.1045,89,959.563,"[4.8555, 5.1781]","[5.9259, 6.3212]",6.321186142823789,7.00818039856822e-5,optimized
s008,75,5.4972,greedy,greedy,2,true,,958.1774858924753,4.989741105107052,1.0616,18.3,1.0963,89,958.177,"[5.0311, 4.9897]","[5.9259, 6.3212]",6.321186142823789,0.00012819318226572795,optimized
s008,70,5.1307,greedy,greedy,2,true,,962.849326154594,4.755289272749299,1.0667,16.5,0.9910,89,962.849,"[5.4285, 4.7553]","[5.9259, 6.3212]",6.321186142823789,2.1020054216569401e-7,optimized
s008,65,4.7642,greedy,greedy,2,true,,957.895905961124,4.703867454223126,1.0612,16.4,0.9860,89,957.896,"[5.4212, 4.7039]","[5.9259, 6.3212]",6.321186142823789,2.6200223399064266e-7,optimized
s008,60,4.3978,greedy,greedy,2,true,,955.2819485420055,4.362641686747264,1.0583,17.3,1.0374,89,955.282,"[4.8282, 4.3626]","[5.9259, 6.3212]",6.321186142823789,0.0002784579401148003,optimized
s008,55,4.0313,greedy,greedy,2,false,recovery_failed,959.2160904275171,4.33572074165588,,16.4,0.9817,89,959.216,"[4.9243, 4.3357]","[5.9259, 6.3212]",6.321186142823789,-0.3044341336558798,recovery_failed
s008,50,3.6648,greedy,greedy,2,false,not_run_after_fail,,,,0.0,,,,,,,,
s008,45,3.2983,greedy,greedy,2,false,not_run_after_fail,,,,0.0,,,,,,,,
s008,40,2.9318,greedy,greedy,2,false,not_run_after_fail,,,,0.0,,,,,,,,
s008,35,2.5654,greedy,greedy,2,false,not_run_after_fail,,,,0.0,,,,,,,,
s008,30,2.1989,greedy,greedy,2,false,not_run_after_fail,,,,0.0,,,,,,,,
s009,100,8.0659,greedy,greedy,2,false,no_solution,null,null,,13.9,0.8302,87,null,[],[],null,,
s009,95,7.6626,greedy,greedy,2,false,not_run_after_fail,,,,0.0,,,,,,,,
s009,90,7.2593,greedy,greedy,2,false,not_run_after_fail,,,,0.0,,,,,,,,
s009,85,6.8560,greedy,greedy,2,false,not_run_after_fail,,,,0.0,,,,,,,,
s009,80,6.4527,greedy,greedy,2,false,not_run_after_fail,,,,0.0,,,,,,,,
s009,75,6.0494,greedy,greedy,2,false,not_run_after_fail,,,,0.0,,,,,,,,
s009,70,5.6462,greedy,greedy,2,false,not_run_after_fail,,,,0.0,,,,,,,,
s009,65,5.2429,greedy,greedy,2,false,not_run_after_fail,,,,0.0,,,,,,,,
s009,60,4.8396,greedy,greedy,2,false,not_run_after_fail,,,,0.0,,,,,,,,
s009,55,4.4363,greedy,greedy,2,false,not_run_after_fail,,,,0.0,,,,,,,,
s009,50,4.0330,greedy,greedy,2,false,not_run_after_fail,,,,0.0,,,,,,,,
s009,45,3.6297,greedy,greedy,2,false,not_run_after_fail,,,,0.0,,,,,,,,
s009,40,3.2264,greedy,greedy,2,false,not_run_after_fail,,,,0.0,,,,,,,,
s009,35,2.8231,greedy,greedy,2,false,not_run_after_fail,,,,0.0,,,,,,,,
s009,30,2.4198,greedy,greedy,2,false,not_run_after_fail,,,,0.0,,,,,,,,
s010,100,8.3710,greedy,greedy,2,true,,887.6378065227331,8.223538240194877,1.2534,15.7,0.9542,235,887.638,"[7.4217, 8.2235]","[7.731, 8.1443]",8.144321088195422,0.008733684722092412,optimized
s010,95,7.9524,greedy,greedy,2,true,,887.5236517795635,7.920889100176519,1.2532,16.1,0.9800,235,887.524,"[7.1672, 7.9209]","[7.731, 8.1443]",8.144321088195422,0.010574755023838363,optimized
s010,90,7.5339,greedy,greedy,2,false,recovery_failed,887.503268385887,7.910382977776551,,16.1,0.9787,235,887.503,"[7.1599, 7.9104]","[7.731, 8.1443]",8.144321088195422,-0.37650006177655015,recovery_failed
s010,85,7.1153,greedy,greedy,2,false,not_run_after_fail,,,,0.0,,,,,,,,
s010,80,6.6968,greedy,greedy,2,false,not_run_after_fail,,,,0.0,,,,,,,,
s010,75,6.2782,greedy,greedy,2,false,not_run_after_fail,,,,0.0,,,,,,,,
s010,70,5.8597,greedy,greedy,2,false,not_run_after_fail,,,,0.0,,,,,,,,
s010,65,5.4411,greedy,greedy,2,false,not_run_after_fail,,,,0.0,,,,,,,,
s010,60,5.0226,greedy,greedy,2,false,not_run_after_fail,,,,0.0,,,,,,,,
s010,55,4.6040,greedy,greedy,2,false,not_run_after_fail,,,,0.0,,,,,,,,
s010,50,4.1855,greedy,greedy,2,false,not_run_after_fail,,,,0.0,,,,,,,,
s010,45,3.7669,greedy,greedy,2,false,not_run_after_fail,,,,0.0,,,,,,,,
s010,40,3.3484,greedy,greedy,2,false,not_run_after_fail,,,,0.0,,,,,,,,
s010,35,2.9298,greedy,greedy,2,false,not_run_after_fail,,,,0.0,,,,,,,,
s010,30,2.5113,greedy,greedy,2,false,not_run_after_fail,,,,0.0,,,,,,,,
s011,100,6.8163,greedy,greedy,2,true,,958.2746661036033,6.093725993191702,1.1150,18.3,1.1336,209,958.275,"[5.6318, 6.0937]","[4.7745, 5.9259]",5.925881273376341,7.700707871232226e-6,optimized
s011,95,6.4755,greedy,greedy,2,true,,946.8018825496677,5.755716191847913,1.1017,18.2,1.1318,209,946.802,"[5.6368, 5.7557]","[4.7745, 5.9259]",5.925881273376341,1.5209903049253173e-9,optimized
s011,90,6.1347,greedy,greedy,2,true,,960.2465615325397,5.647089858814527,1.1173,16.8,1.0420,209,960.247,"[5.6414, 5.6471]","[4.7745, 5.9259]",5.925881273376341,0.005925462460809456,optimized
s011,85,5.7939,greedy,greedy,2,true,,964.1994530521814,5.612579417143657,1.1219,16.1,0.9987,209,964.199,"[5.607, 5.6126]","[4.7745, 5.9259]",5.925881273376341,0.005621779594836878,optimized
s011,80,5.4530,greedy,greedy,2,false,recovery_failed,954.720091831652,5.462993383302604,,16.2,1.0032,209,954.72,"[5.4582, 5.463]","[4.7745, 5.9259]",5.925881273376341,-3.0541592077992137,recovery_failed
s011,75,5.1122,greedy,greedy,2,false,not_run_after_fail,,,,0.0,,,,,,,,
s011,70,4.7714,greedy,greedy,2,false,not_run_after_fail,,,,0.0,,,,,,,,
s011,65,4.4306,greedy,greedy,2,false,not_run_after_fail,,,,0.0,,,,,,,,
s011,60,4.0898,greedy,greedy,2,false,not_run_after_fail,,,,0.0,,,,,,,,
s011,55,3.7490,greedy,greedy,2,false,not_run_after_fail,,,,0.0,,,,,,,,
s011,50,3.4082,greedy,greedy,2,false,not_run_after_fail,,,,0.0,,,,,,,,
s011,45,3.0673,greedy,greedy,2,false,not_run_after_fail,,,,0.0,,,,,,,,
s011,40,2.7265,greedy,greedy,2,false,not_run_after_fail,,,,0.0,,,,,,,,
s011,35,2.3857,greedy,greedy,2,false,not_run_after_fail,,,,0.0,,,,,,,,
s011,30,2.0449,greedy,greedy,2,false,not_run_after_fail,,,,0.0,,,,,,,,
s012,100,8.6661,greedy,greedy,2,false,recovery_failed,1202.0516081050748,8.4767719133961,,17.0,1.0046,1034,1202.052,"[5.0405, 8.4768]","[4.3077, 8.6661]",8.666140347326264,-18.857868697888943,recovery_failed
s012,95,8.2328,greedy,greedy,2,false,not_run_after_fail,,,,0.0,,,,,,,,
s012,90,7.7995,greedy,greedy,2,false,not_run_after_fail,,,,0.0,,,,,,,,
s012,85,7.3662,greedy,greedy,2,false,not_run_after_fail,,,,0.0,,,,,,,,
s012,80,6.9329,greedy,greedy,2,false,not_run_after_fail,,,,0.0,,,,,,,,
s012,75,6.4996,greedy,greedy,2,false,not_run_after_fail,,,,0.0,,,,,,,,
s012,70,6.0663,greedy,greedy,2,false,not_run_after_fail,,,,0.0,,,,,,,,
s012,65,5.6330,greedy,greedy,2,false,not_run_after_fail,,,,0.0,,,,,,,,
s012,60,5.1997,greedy,greedy,2,false,not_run_after_fail,,,,0.0,,,,,,,,
s012,55,4.7664,greedy,greedy,2,false,not_run_after_fail,,,,0.0,,,,,,,,
s012,50,4.3331,greedy,greedy,2,false,not_run_after_fail,,,,0.0,,,,,,,,
s012,45,3.8998,greedy,greedy,2,false,not_run_after_fail,,,,0.0,,,,,,,,
s012,40,3.4665,greedy,greedy,2,false,not_run_after_fail,,,,0.0,,,,,,,,
s012,35,3.0331,greedy,greedy,2,false,not_run_after_fail,,,,0.0,,,,,,,,
s012,30,2.5998,greedy,greedy,2,false,not_run_after_fail,,,,0.0,,,,,,,,
s013,100,9.2194,greedy,greedy,2,false,no_solution,null,null,,13.5,0.8350,249,null,[],[],null,,
s013,95,8.7585,greedy,greedy,2,false,not_run_after_fail,,,,0.0,,,,,,,,
s013,90,8.2975,greedy,greedy,2,false,not_run_after_fail,,,,0.0,,,,,,,,
s013,85,7.8365,greedy,greedy,2,false,not_run_after_fail,,,,0.0,,,,,,,,
s013,80,7.3755,greedy,greedy,2,false,not_run_after_fail,,,,0.0,,,,,,,,
s013,75,6.9146,greedy,greedy,2,false,not_run_after_fail,,,,0.0,,,,,,,,
s013,70,6.4536,greedy,greedy,2,false,not_run_after_fail,,,,0.0,,,,,,,,
s013,65,5.9926,greedy,greedy,2,false,not_run_after_fail,,,,0.0,,,,,,,,
s013,60,5.5317,greedy,greedy,2,false,not_run_after_fail,,,,0.0,,,,,,,,
s013,55,5.0707,greedy,greedy,2,false,not_run_after_fail,,,,0.0,,,,,,,,
s013,50,4.6097,greedy,greedy,2,false,not_run_after_fail,,,,0.0,,,,,,,,
s013,45,4.1487,greedy,greedy,2,false,not_run_after_fail,,,,0.0,,,,,,,,
s013,40,3.6878,greedy,greedy,2,false,not_run_after_fail,,,,0.0,,,,,,,,
s013,35,3.2268,greedy,greedy,2,false,not_run_after_fail,,,,0.0,,,,,,,,
s013,30,2.7658,greedy,greedy,2,false,not_run_after_fail,,,,0.0,,,,,,,,
s014,100,4.1696,greedy,greedy,2,false,no_solution,null,null,,13.5,0.8424,40,null,[],[],null,,
s014,95,3.9611,greedy,greedy,2,false,not_run_after_fail,,,,0.0,,,,,,,,
s014,90,3.7526,greedy,greedy,2,false,not_run_after_fail,,,,0.0,,,,,,,,
s014,85,3.5441,greedy,greedy,2,false,not_run_after_fail,,,,0.0,,,,,,,,
s014,80,3.3356,greedy,greedy,2,false,not_run_after_fail,,,,0.0,,,,,,,,
s014,75,3.1272,greedy,greedy,2,false,not_run_after_fail,,,,0.0,,,,,,,,
s014,70,2.9187,greedy,greedy,2,false,not_run_after_fail,,,,0.0,,,,,,,,
s014,65,2.7102,greedy,greedy,2,false,not_run_after_fail,,,,0.0,,,,,,,,
s014,60,2.5017,greedy,greedy,2,false,not_run_after_fail,,,,0.0,,,,,,,,
s014,55,2.2933,greedy,greedy,2,false,not_run_after_fail,,,,0.0,,,,,,,,
s014,50,2.0848,greedy,greedy,2,false,not_run_after_fail,,,,0.0,,,,,,,,
s014,45,1.8763,greedy,greedy,2,false,not_run_after_fail,,,,0.0,,,,,,,,
s014,40,1.6678,greedy,greedy,2,false,not_run_after_fail,,,,0.0,,,,,,,,
s014,35,1.4593,greedy,greedy,2,false,not_run_after_fail,,,,0.0,,,,,,,,
s014,30,1.2509,greedy,greedy,2,false,not_run_after_fail,,,,0.0,,,,,,,,
s015,100,5.6362,greedy,greedy,2,true,,886.4087422385776,5.2789512141123796,1.0598,18.1,1.0863,68,886.409,"[4.5084, 5.279]","[4.9199, 5.6658]",5.66579320504436,1.685000079396093e-8,optimized
s015,95,5.3544,greedy,greedy,2,true,,883.826439990004,5.039957258054153,1.0567,18.3,1.0989,68,883.826,"[4.4765, 5.04]","[4.9199, 5.6658]",5.66579320504436,3.738488659615902e-8,optimized
s015,90,5.0726,greedy,greedy,2,true,,881.0422733900265,4.774201682615516,1.0533,18.4,1.1046,68,881.042,"[4.4561, 4.7742]","[4.9199, 5.6658]",5.66579320504436,3.672057999684619e-8,optimized
s015,85,4.7908,greedy,greedy,2,true,,878.733623274494,4.469979972307426,1.0506,18.4,1.1094,68,878.734,"[4.4413, 4.47]","[4.9199, 5.6658]",5.66579320504436,2.0417580137016555e-8,optimized
s015,80,4.5090,greedy,greedy,2,true,,876.4586979532851,4.299065926043384,1.0479,18.7,1.1223,68,876.459,"[4.5213, 4.2991]","[4.9199, 5.6658]",5.66579320504436,9.241530733561376e-6,optimized
s015,75,4.2272,greedy,greedy,2,true,,893.1779234063765,4.227156578757897,1.0678,16.4,0.9880,68,893.178,"[4.6336, 4.2272]","[4.9199, 5.6658]",5.66579320504436,6.242103722797765e-9,optimized
s015,70,3.9453,greedy,greedy,2,false,recovery_failed,893.504004877302,4.160846633866861,,16.3,0.9804,68,893.504,"[4.6869, 4.1608]","[4.9199, 5.6658]",5.66579320504436,-0.21550042186686058,recovery_failed
s015,65,3.6635,greedy,greedy,2,false,not_run_after_fail,,,,0.0,,,,,,,,
s015,60,3.3817,greedy,greedy,2,false,not_run_after_fail,,,,0.0,,,,,,,,
s015,55,3.0999,greedy,greedy,2,false,not_run_after_fail,,,,0.0,,,,,,,,
s015,50,2.8181,greedy,greedy,2,false,not_run_after_fail,,,,0.0,,,,,,,,
s015,45,2.5363,greedy,greedy,2,false,not_run_after_fail,,,,0.0,,,,,,,,
s015,40,2.2545,greedy,greedy,2,false,not_run_after_fail,,,,0.0,,,,,,,,
s015,35,1.9727,greedy,greedy,2,false,not_run_after_fail,,,,0.0,,,,,,,,
s015,30,1.6909,greedy,greedy,2,false,not_run_after_fail,,,,0.0,,,,,,,,
s016,100,5.8476,greedy,greedy,2,true,,891.1975530837744,3.9921147165269653,1.1481,16.2,0.9937,79,891.198,"[3.8309, 3.9921]","[3.8519, 4.0757]",4.075742094552791,0.011428110576539616,optimized
s016,95,5.5552,greedy,greedy,2,true,,891.1975530837744,3.9921147165269653,1.1481,16.2,0.9955,79,891.198,"[3.8309, 3.9921]","[3.8519, 4.0757]",4.075742094552791,0.011428110576539616,optimized
s016,90,5.2628,greedy,greedy,2,true,,891.1975530837744,3.9921147165269653,1.1481,16.2,0.9976,79,891.198,"[3.8309, 3.9921]","[3.8519, 4.0757]",4.075742094552791,0.011428110576539616,optimized
s016,85,4.9704,greedy,greedy,2,true,,891.1975530837744,3.9921147165269653,1.1481,16.2,0.9976,79,891.198,"[3.8309, 3.9921]","[3.8519, 4.0757]",4.075742094552791,0.011428110576539616,optimized
s016,80,4.6781,greedy,greedy,2,true,,891.1975530837744,3.9921147165269653,1.1481,16.3,0.9984,79,891.198,"[3.8309, 3.9921]","[3.8519, 4.0757]",4.075742094552791,0.011428110576539616,optimized
s016,75,4.3857,greedy,greedy,2,true,,891.1975530837744,3.9921147165269653,1.1481,15.9,0.9743,79,891.198,"[3.8309, 3.9921]","[3.8519, 4.0757]",4.075742094552791,0.011428110576539616,optimized
s016,70,4.0933,greedy,greedy,2,true,,891.1975530837744,3.9921147165269653,1.1481,15.8,0.9703,79,891.198,"[3.8309, 3.9921]","[3.8519, 4.0757]",4.075742094552791,0.011428110576539616,optimized
s016,65,3.8009,greedy,greedy,2,true,,888.1745076958409,3.689932981690681,1.1442,16.2,0.9965,79,888.175,"[3.654, 3.6899]","[3.8519, 4.0757]",4.075742094552791,0.010764368891764764,optimized
s016,60,3.5085,greedy,greedy,2,true,,886.5039256154226,3.365517086242428,1.1420,16.3,1.0022,79,886.504,"[3.4782, 3.3655]","[3.8519, 4.0757]",4.075742094552791,0.009399586938257092,optimized
s016,55,3.2162,greedy,greedy,2,true,,884.953460770978,3.122858467854284,1.1400,16.5,1.0152,79,884.953,"[3.3903, 3.1229]","[3.8519, 4.0757]",4.075742094552791,0.008229307003689484,optimized
s016,50,2.9238,greedy,greedy,2,true,,887.0521849102913,2.914460698164573,1.1427,16.4,1.0054,79,887.052,"[3.2729, 2.9145]","[3.8519, 4.0757]",4.075742094552791,0.006684449762175242,optimized
s016,45,2.6314,greedy,greedy,2,true,,883.2329839625537,2.54682535836836,1.1378,16.4,1.0061,79,883.233,"[3.25, 2.5468]","[3.8519, 4.0757]",4.075742094552791,0.005181142280020548,optimized
s016,40,2.3390,greedy,greedy,2,false,recovery_failed,884.2839886031722,2.9871476642204304,,16.3,0.9988,79,884.284,"[3.3492, 2.9871]","[3.8519, 4.0757]",4.075742094552791,-0.6481200392204305,recovery_failed
s016,35,2.0466,greedy,greedy,2,false,not_run_after_fail,,,,0.0,,,,,,,,
s016,30,1.7543,greedy,greedy,2,false,not_run_after_fail,,,,0.0,,,,,,,,
s017,100,9.4853,greedy,greedy,2,true,,1085.8788964699393,9.48526451333292,1.1593,19.3,1.1642,567,1085.879,"[7.0447, 9.4853]","[5.7873, 9.4861]",9.486067238373279,1.3366707918294196e-7,optimized
s017,95,9.0110,greedy,greedy,2,true,,1085.2034597568004,9.008375863724725,1.1585,18.9,1.1394,567,1085.203,"[6.9872, 9.0084]","[5.7873, 9.4861]",9.486067238373279,9.938796237396463e-9,optimized
s017,90,8.5367,greedy,greedy,2,true,,1077.0038685984573,8.536738112189749,1.1498,19.3,1.1628,567,1077.004,"[7.1206, 8.5367]","[5.7873, 9.4861]",9.486067238373279,1.6981025119378046e-7,optimized
s017,85,8.0625,greedy,greedy,2,true,,1080.4300245026614,8.050168252837809,1.1534,18.5,1.1189,567,1080.43,"[7.5596, 8.0502]","[5.7873, 9.4861]",9.486067238373279,4.1047451201925433e-10,optimized
s017,80,7.5882,greedy,greedy,2,true,,1134.8095787176471,7.577851353043664,1.2115,19.3,1.1626,567,1134.81,"[8.2276, 7.5779]","[5.7873, 9.4861]",9.486067238373279,0.007293076583464481,optimized
s017,75,7.1139,greedy,greedy,2,false,recovery_failed,1135.3211637637276,7.437660721606246,,19.2,1.1574,567,1135.321,"[8.059, 7.4377]","[5.7873, 9.4861]",9.486067238373279,-0.3237119866062459,recovery_failed
s017,70,6.6397,greedy,greedy,2,false,not_run_after_fail,,,,0.0,,,,,,,,
s017,65,6.1654,greedy,greedy,2,false,not_run_after_fail,,,,0.0,,,,,,,,
s017,60,5.6912,greedy,greedy,2,false,not_run_after_fail,,,,0.0,,,,,,,,
s017,55,5.2169,greedy,greedy,2,false,not_run_after_fail,,,,0.0,,,,,,,,
s017,50,4.7426,greedy,greedy,2,false,not_run_after_fail,,,,0.0,,,,,,,,
s017,45,4.2684,greedy,greedy,2,false,not_run_after_fail,,,,0.0,,,,,,,,
s017,40,3.7941,greedy,greedy,2,false,not_run_after_fail,,,,0.0,,,,,,,,
s017,35,3.3198,greedy,greedy,2,false,not_run_after_fail,,,,0.0,,,,,,,,
s017,30,2.8456,greedy,greedy,2,false,not_run_after_fail,,,,0.0,,,,,,,,
s018,100,9.4205,greedy,greedy,2,true,,845.1914288391129,8.553239914511579,1.0463,18.6,1.1104,57,845.191,"[8.3335, 8.5532]","[8.3027, 8.8544]",8.85443020031061,0.019248451616671446,optimized
s018,95,8.9495,greedy,greedy,2,true,,846.9681588539097,8.582166521475871,1.0485,17.8,1.0637,57,846.968,"[8.3326, 8.5822]","[8.3027, 8.8544]",8.85443020031061,0.0006867572795954402,optimized
s018,90,8.4785,greedy,greedy,2,true,,853.7994013648572,8.2545735655083,1.0569,18.0,1.0714,57,853.799,"[7.9947, 8.2546]","[8.3027, 8.8544]",8.85443020031061,0.016751152064522573,optimized
s018,85,8.0074,greedy,greedy,2,true,,857.3012108283942,7.986424349895711,1.0613,17.8,1.0637,57,857.301,"[7.6982, 7.9864]","[8.3027, 8.8544]",8.85443020031061,0.015331868278516774,optimized
s018,80,7.5364,greedy,greedy,2,true,,859.797855014891,7.5260840261284825,1.0644,17.7,1.0561,57,859.798,"[7.2654, 7.5261]","[8.3027, 8.8544]",8.85443020031061,0.010323521871518082,optimized
s018,75,7.0654,greedy,greedy,2,true,,862.8183868245453,7.042794852726823,1.0681,17.6,1.0510,57,862.818,"[6.803, 7.0428]","[8.3027, 8.8544]",8.85443020031061,0.010153059840523074,optimized
s018,70,6.5944,greedy,greedy,2,true,,865.6939787124463,6.588114950946274,1.0716,18.0,1.0760,57,865.694,"[6.0681, 6.5881]","[8.3027, 8.8544]",8.85443020031061,0.006241779053726582,optimized
s018,65,6.1233,greedy,greedy,2,true,,869.6033334776542,6.084790310885156,1.0765,16.4,0.9783,57,869.603,"[5.5848, 6.0848]","[8.3027, 8.8544]",8.85443020031061,0.003091148585891275,optimized
s018,60,5.6523,greedy,greedy,2,true,,878.8867837950122,5.361848216242296,1.0880,18.1,1.0830,57,878.887,"[4.7892, 5.3618]","[8.3027, 8.8544]",8.85443020031061,3.308877927701501e-5,optimized
s018,55,5.1813,greedy,greedy,2,false,recovery_failed,879.7161931769105,4.713205069153858,,16.6,0.9915,57,879.716,"[4.6644, 4.7132]","[8.3027, 8.8544]",8.85443020031061,-0.00103921443719239,recovery_failed
s018,50,4.7103,greedy,greedy,2,false,not_run_after_fail,,,,0.0,,,,,,,,
s018,45,4.2392,greedy,greedy,2,false,not_run_after_fail,,,,0.0,,,,,,,,
s018,40,3.7682,greedy,greedy,2,false,not_run_after_fail,,,,0.0,,,,,,,,
s018,35,3.2972,greedy,greedy,2,false,not_run_after_fail,,,,0.0,,,,,,,,
s018,30,2.8262,greedy,greedy,2,false,not_run_after_fail,,,,0.0,,,,,,,,
s019,100,5.4267,greedy,greedy,2,true,,1077.38673031126,5.426664556204309,1.1910,17.7,1.0483,570,1077.387,"[0.6684, 5.4267]","[0.8532, 5.4274]",5.427388013180792,4.779569096058367e-8,optimized
s019,95,5.1553,greedy,greedy,2,true,,1103.1020982095035,5.155331388158243,1.2194,18.4,1.0889,570,1103.102,"[0.6728, 5.1553]","[0.8532, 5.4274]",5.427388013180792,3.5841757117793804e-8,optimized
s019,90,4.8840,greedy,greedy,2,false,recovery_failed,1631.196901016674,4.96019618088526,,20.9,1.2407,570,1631.197,"[1.3513, 4.9602]","[0.8532, 5.4274]",5.427388013180792,-0.07619793788526064,recovery_failed
s019,85,4.6127,greedy,greedy,2,false,not_run_after_fail,,,,0.0,,,,,,,,
s019,80,4.3413,greedy,greedy,2,false,not_run_after_fail,,,,0.0,,,,,,,,
s019,75,4.0700,greedy,greedy,2,false,not_run_after_fail,,,,0.0,,,,,,,,
s019,70,3.7987,greedy,greedy,2,false,not_run_after_fail,,,,0.0,,,,,,,,
s019,65,3.5273,greedy,greedy,2,false,not_run_after_fail,,,,0.0,,,,,,,,
s019,60,3.2560,greedy,greedy,2,false,not_run_after_fail,,,,0.0,,,,,,,,
s019,55,2.9847,greedy,greedy,2,false,not_run_after_fail,,,,0.0,,,,,,,,
s019,50,2.7133,greedy,greedy,2,false,not_run_after_fail,,,,0.0,,,,,,,,
s019,45,2.4420,greedy,greedy,2,false,not_run_after_fail,,,,0.0,,,,,,,,
s019,40,2.1707,greedy,greedy,2,false,not_run_after_fail,,,,0.0,,,,,,,,
s019,35,1.8993,greedy,greedy,2,false,not_run_after_fail,,,,0.0,,,,,,,,
s019,30,1.6280,greedy,greedy,2,false,not_run_after_fail,,,,0.0,,,,,,,,
s020,100,6.8907,greedy,greedy,2,false,recovery_failed,770.9690499492156,5.466295107954913,,16.5,1.0302,59,770.969,"[3.293, 5.4663]","[2.7632, 6.8883]",6.888255385049426,-0.02482357579401183,recovery_failed
s020,95,6.5461,greedy,greedy,2,false,not_run_after_fail,,,,0.0,,,,,,,,
s020,90,6.2016,greedy,greedy,2,false,not_run_after_fail,,,,0.0,,,,,,,,
s020,85,5.8571,greedy,greedy,2,false,not_run_after_fail,,,,0.0,,,,,,,,
s020,80,5.5125,greedy,greedy,2,false,not_run_after_fail,,,,0.0,,,,,,,,
s020,75,5.1680,greedy,greedy,2,false,not_run_after_fail,,,,0.0,,,,,,,,
s020,70,4.8235,greedy,greedy,2,false,not_run_after_fail,,,,0.0,,,,,,,,
s020,65,4.4789,greedy,greedy,2,false,not_run_after_fail,,,,0.0,,,,,,,,
s020,60,4.1344,greedy,greedy,2,false,not_run_after_fail,,,,0.0,,,,,,,,
s020,55,3.7899,greedy,greedy,2,false,not_run_after_fail,,,,0.0,,,,,,,,
s020,50,3.4453,greedy,greedy,2,false,not_run_after_fail,,,,0.0,,,,,,,,
s020,45,3.1008,greedy,greedy,2,false,not_run_after_fail,,,,0.0,,,,,,,,
s020,40,2.7563,greedy,greedy,2,false,not_run_after_fail,,,,0.0,,,,,,,,
s020,35,2.4117,greedy,greedy,2,false,not_run_after_fail,,,,0.0,,,,,,,,
s020,30,2.0672,greedy,greedy,2,false,not_run_after_fail,,,,0.0,,,,,,,,
s021,100,9.5860,greedy,greedy,2,true,,757.2141297855749,8.3553563190774,1.0811,15.8,0.9667,35,757.214,"[8.2442, 8.3554]","[7.961, 7.9862]",7.986171431253376,0.01003430606193852,optimized
s021,95,9.1067,greedy,greedy,2,true,,757.1261658799828,8.353640145967942,1.0809,16.2,0.9921,35,757.126,"[8.2439, 8.3536]","[7.961, 7.9862]",7.986171431253376,0.01005096943026302,optimized
s021,90,8.6274,greedy,greedy,2,true,,757.0106406699906,8.350952915983068,1.0808,16.3,0.9976,35,757.011,"[8.2431, 8.351]","[7.961, 7.9862]",7.986171431253376,0.01007200398558765,optimized
s021,85,8.1481,greedy,greedy,2,true,,755.307327075309,8.101737246449712,1.0783,16.2,0.9912,35,755.307,"[8.025, 8.1017]","[7.961, 7.9862]",7.986171431253376,0.010763806490676644,optimized
s021,80,7.6688,greedy,greedy,2,false,recovery_failed,751.2778328745987,7.933141178440129,,16.4,1.0024,35,751.278,"[7.9314, 7.9331]","[7.961, 7.9862]",7.986171431253376,-0.26434889144012885,recovery_failed
s021,75,7.1895,greedy,greedy,2,false,not_run_after_fail,,,,0.0,,,,,,,,
s021,70,6.7102,greedy,greedy,2,false,not_run_after_fail,,,,0.0,,,,,,,,
s021,65,6.2309,greedy,greedy,2,false,not_run_after_fail,,,,0.0,,,,,,,,
s021,60,5.7516,greedy,greedy,2,false,not_run_after_fail,,,,0.0,,,,,,,,
s021,55,5.2723,greedy,greedy,2,false,not_run_after_fail,,,,0.0,,,,,,,,
s021,50,4.7930,greedy,greedy,2,false,not_run_after_fail,,,,0.0,,,,,,,,
s021,45,4.3137,greedy,greedy,2,false,not_run_after_fail,,,,0.0,,,,,,,,
s021,40,3.8344,greedy,greedy,2,false,not_run_after_fail,,,,0.0,,,,,,,,
s021,35,3.3551,greedy,greedy,2,false,not_run_after_fail,,,,0.0,,,,,,,,
s021,30,2.8758,greedy,greedy,2,false,not_run_after_fail,,,,0.0,,,,,,,,
s022,100,9.1438,greedy,greedy,2,false,no_solution,null,null,,13.7,0.8402,252,null,[],[],null,,
s022,95,8.6866,greedy,greedy,2,false,not_run_after_fail,,,,0.0,,,,,,,,
s022,90,8.2294,greedy,greedy,2,false,not_run_after_fail,,,,0.0,,,,,,,,
s022,85,7.7722,greedy,greedy,2,false,not_run_after_fail,,,,0.0,,,,,,,,
s022,80,7.3150,greedy,greedy,2,false,not_run_after_fail,,,,0.0,,,,,,,,
s022,75,6.8578,greedy,greedy,2,false,not_run_after_fail,,,,0.0,,,,,,,,
s022,70,6.4006,greedy,greedy,2,false,not_run_after_fail,,,,0.0,,,,,,,,
s022,65,5.9434,greedy,greedy,2,false,not_run_after_fail,,,,0.0,,,,,,,,
s022,60,5.4863,greedy,greedy,2,false,not_run_after_fail,,,,0.0,,,,,,,,
s022,55,5.0291,greedy,greedy,2,false,not_run_after_fail,,,,0.0,,,,,,,,
s022,50,4.5719,greedy,greedy,2,false,not_run_after_fail,,,,0.0,,,,,,,,
s022,45,4.1147,greedy,greedy,2,false,not_run_after_fail,,,,0.0,,,,,,,,
s022,40,3.6575,greedy,greedy,2,false,not_run_after_fail,,,,0.0,,,,,,,,
s022,35,3.2003,greedy,greedy,2,false,not_run_after_fail,,,,0.0,,,,,,,,
s022,30,2.7431,greedy,greedy,2,false,not_run_after_fail,,,,0.0,,,,,,,,
s023,100,4.2255,greedy,greedy,2,true,,702.4573987565325,4.225522811911927,1.0768,16.7,1.0407,37,702.457,"[2.365, 4.2255]","[2.8973, 4.1433]",4.143296425028576,5.088073073977739e-9,optimized
s023,95,4.0142,greedy,greedy,2,true,,728.6092369821561,3.7952363622125116,1.1168,15.6,0.9758,37,728.609,"[2.3731, 3.7952]","[2.8973, 4.1433]",4.143296425028576,0.0030021188448739813,optimized
s023,90,3.8030,greedy,greedy,2,true,,730.1263399240054,3.704979385168985,1.1192,15.8,0.9855,37,730.126,"[2.3338, 3.705]","[2.8973, 4.1433]",4.143296425028576,5.666135874321174e-5,optimized
s023,85,3.5917,greedy,greedy,2,true,,728.0497309631579,3.540977068436136,1.1160,15.8,0.9905,37,728.05,"[2.4599, 3.541]","[2.8973, 4.1433]",4.143296425028576,0.0027718843131749153,optimized
s023,80,3.3804,greedy,greedy,2,false,recovery_failed,730.1188221299564,3.5552056570001036,,15.8,0.9860,37,730.119,"[2.2937, 3.5552]","[2.8973, 4.1433]",4.143296425028576,-0.17478720300010364,recovery_failed
s023,75,3.1691,greedy,greedy,2,false,not_run_after_fail,,,,0.0,,,,,,,,
s023,70,2.9579,greedy,greedy,2,false,not_run_after_fail,,,,0.0,,,,,,,,
s023,65,2.7466,greedy,greedy,2,false,not_run_after_fail,,,,0.0,,,,,,,,
s023,60,2.5353,greedy,greedy,2,false,not_run_after_fail,,,,0.0,,,,,,,,
s023,55,2.3240,greedy,greedy,2,false,not_run_after_fail,,,,0.0,,,,,,,,
s023,50,2.1128,greedy,greedy,2,false,not_run_after_fail,,,,0.0,,,,,,,,
s023,45,1.9015,greedy,greedy,2,false,not_run_after_fail,,,,0.0,,,,,,,,
s023,40,1.6902,greedy,greedy,2,false,not_run_after_fail,,,,0.0,,,,,,,,
s023,35,1.4789,greedy,greedy,2,false,not_run_after_fail,,,,0.0,,,,,,,,
s023,30,1.2677,greedy,greedy,2,false,not_run_after_fail,,,,0.0,,,,,,,,
s024,100,6.7650,greedy,greedy,2,true,,963.029426788813,6.605778145108398,1.0905,20.2,1.2101,251,963.029,"[4.2685, 6.6058]","[3.3557, 6.765]",6.764952076726558,0.01135903975981318,optimized
s024,95,6.4267,greedy,greedy,2,true,,967.3711748444448,6.3078683963498845,1.0954,19.8,1.1853,251,967.371,"[4.2778, 6.3079]","[3.3557, 6.765]",6.764952076726558,0.011189563450201395,optimized
s024,90,6.0885,greedy,greedy,2,true,,968.8001172206741,6.039152560548774,1.0970,19.8,1.1864,251,968.8,"[4.2802, 6.0392]","[3.3557, 6.765]",6.764952076726558,0.008478712576470936,optimized
s024,85,5.7502,greedy,greedy,2,true,,964.3805275382956,5.706046481100402,1.0920,19.5,1.1670,251,964.381,"[4.5464, 5.706]","[3.3557, 6.765]",6.764952076726558,0.005210205152349174,optimized
s024,80,5.4120,greedy,greedy,2,false,recovery_failed,1017.589372669143,5.423117581961617,,19.9,1.1927,251,1017.589,"[7.0717, 5.4231]","[3.3557, 6.765]",6.764952076726558,-0.011154980961617156,recovery_failed
s024,75,5.0737,greedy,greedy,2,false,not_run_after_fail,,,,0.0,,,,,,,,
s024,70,4.7355,greedy,greedy,2,false,not_run_after_fail,,,,0.0,,,,,,,,
s024,65,4.3972,greedy,greedy,2,false,not_run_after_fail,,,,0.0,,,,,,,,
s024,60,4.0590,greedy,greedy,2,false,not_run_after_fail,,,,0.0,,,,,,,,
s024,55,3.7207,greedy,greedy,2,false,not_run_after_fail,,,,0.0,,,,,,,,
s024,50,3.3825,greedy,greedy,2,false,not_run_after_fail,,,,0.0,,,,,,,,
s024,45,3.0442,greedy,greedy,2,false,not_run_after_fail,,,,0.0,,,,,,,,
s024,40,2.7060,greedy,greedy,2,false,not_run_after_fail,,,,0.0,,,,,,,,
s024,35,2.3677,greedy,greedy,2,false,not_run_after_fail,,,,0.0,,,,,,,,
s024,30,2.0295,greedy,greedy,2,false,not_run_after_fail,,,,0.0,,,,,,,,
s025,100,4.5790,greedy,greedy,2,true,,816.3552064948425,3.205118043433355,1.0084,17.1,1.0621,67,816.355,"[2.8995, 3.2051]","[3.5476, 3.9848]",3.984843342359781,5.473721371301865e-8,optimized
s025,95,4.3500,greedy,greedy,2,true,,814.8106023230745,3.1917531661313165,1.0065,17.1,1.0622,67,814.811,"[2.8789, 3.1918]","[3.5476, 3.9848]",3.984843342359781,2.978285897417554e-8,optimized
s025,90,4.1211,greedy,greedy,2,true,,830.2608170367604,3.1446583622844853,1.0256,16.8,1.0457,67,830.261,"[3.016, 3.1447]","[3.5476, 3.9848]",3.984843342359781,7.552972955404691e-9,optimized
s025,85,3.8921,greedy,greedy,2,true,,835.5001353000616,3.127288104537456,1.0321,16.6,1.0325,67,835.5,"[3.1593, 3.1273]","[3.5476, 3.9848]",3.984843342359781,3.704373044421949e-9,optimized
s025,80,3.6632,greedy,greedy,2,true,,860.2027535123939,3.663199260007912,1.0626,17.2,1.0687,67,860.203,"[3.3947, 3.6632]","[3.5476, 3.9848]",3.984843342359781,1.083992088091179e-6,optimized
s025,75,3.4342,greedy,greedy,2,false,recovery_failed,876.0846797751769,3.510379941149153,,15.6,0.9679,67,876.085,"[3.4255, 3.5104]","[3.5476, 3.9848]",3.984843342359781,-0.07612955614915284,recovery_failed
s025,70,3.2053,greedy,greedy,2,false,not_run_after_fail,,,,0.0,,,,,,,,
s025,65,2.9763,greedy,greedy,2,false,not_run_after_fail,,,,0.0,,,,,,,,
s025,60,2.7474,greedy,greedy,2,false,not_run_after_fail,,,,0.0,,,,,,,,
s025,55,2.5184,greedy,greedy,2,false,not_run_after_fail,,,,0.0,,,,,,,,
s025,50,2.2895,greedy,greedy,2,false,not_run_after_fail,,,,0.0,,,,,,,,
s025,45,2.0605,greedy,greedy,2,false,not_run_after_fail,,,,0.0,,,,,,,,
s025,40,1.8316,greedy,greedy,2,false,not_run_after_fail,,,,0.0,,,,,,,,
s025,35,1.6026,greedy,greedy,2,false,not_run_after_fail,,,,0.0,,,,,,,,
s025,30,1.3737,greedy,greedy,2,false,not_run_after_fail,,,,0.0,,,,,,,,
s026,100,7.6316,greedy,greedy,2,true,,896.0296475993863,7.3686147800381825,1.0938,17.1,1.0634,361,896.03,"[3.8763, 7.3686]","[4.0655, 7.6316]",7.631637476345466,4.304246886022156e-6,optimized
s026,95,7.2501,greedy,greedy,2,true,,896.0101677643853,7.006955762169754,1.0938,17.2,1.0670,361,896.01,"[3.8763, 7.007]","[4.0655, 7.6316]",7.631637476345466,1.3937586686552095e-5,optimized
s026,90,6.8685,greedy,greedy,2,true,,892.5376852886951,6.664646479718891,1.0896,17.5,1.0830,361,892.538,"[3.8758, 6.6646]","[4.0655, 7.6316]",7.631637476345466,1.17182594294718e-7,optimized
s026,85,6.4869,greedy,greedy,2,true,,893.2557771660516,6.326853644203632,1.0905,17.4,1.0778,361,893.256,"[3.8759, 6.3269]","[4.0655, 7.6316]",7.631637476345466,1.912945685944578e-5,optimized
s026,80,6.1053,greedy,greedy,2,true,,893.9982304565995,6.078951248571689,1.0914,16.9,1.0498,361,893.998,"[3.8761, 6.079]","[4.0655, 7.6316]",7.631637476345466,6.5727866740417085e-6,optimized
s026,75,5.7237,greedy,greedy,2,false,recovery_failed,968.8477757050885,6.018483227710239,,17.9,1.1095,361,968.848,"[3.8785, 6.0185]","[4.0655, 7.6316]",7.631637476345466,-0.29475411271023866,recovery_failed
s026,70,5.3421,greedy,greedy,2,false,not_run_after_fail,,,,0.0,,,,,,,,
s026,65,4.9606,greedy,greedy,2,false,not_run_after_fail,,,,0.0,,,,,,,,
s026,60,4.5790,greedy,greedy,2,false,not_run_after_fail,,,,0.0,,,,,,,,
s026,55,4.1974,greedy,greedy,2,false,not_run_after_fail,,,,0.0,,,,,,,,
s026,50,3.8158,greedy,greedy,2,false,not_run_after_fail,,,,0.0,,,,,,,,
s026,45,3.4342,greedy,greedy,2,false,not_run_after_fail,,,,0.0,,,,,,,,
s026,40,3.0527,greedy,greedy,2,false,not_run_after_fail,,,,0.0,,,,,,,,
s026,35,2.6711,greedy,greedy,2,false,not_run_after_fail,,,,0.0,,,,,,,,
s026,30,2.2895,greedy,greedy,2,false,not_run_after_fail,,,,0.0,,,,,,,,
s027,100,5.5807,greedy,greedy,2,true,,606.7380911332673,1.9011951225623644,0.9974,16.2,1.0105,11,606.738,"[1.0611, 1.9012]","[2.0265, 3.7101]",3.7100820233333605,7.194862976371951e-6,optimized
s027,95,5.3017,greedy,greedy,2,true,,605.902607937173,1.796212594770244,0.9960,16.0,1.0004,11,605.903,"[1.0754, 1.7962]","[2.0265, 3.7101]",3.7100820233333605,1.2028013602754073e-5,optimized
s027,90,5.0227,greedy,greedy,2,true,,605.9704547769728,1.8059866271925666,0.9961,16.0,0.9987,11,605.97,"[1.0501, 1.806]","[2.0265, 3.7101]",3.7100820233333605,1.0752164487508708e-5,optimized
s027,85,4.7436,greedy,greedy,2,true,,605.8952901680082,2.0117455048284683,0.9960,16.2,1.0130,11,605.895,"[0.9714, 2.0117]","[2.0265, 3.7101]",3.7100820233333605,1.7857010677995277e-5,optimized
s027,80,4.4646,greedy,greedy,2,true,,606.5465253652051,2.0391324473725243,0.9971,16.2,1.0076,11,606.547,"[0.9392, 2.0391]","[2.0265, 3.7101]",3.7100820233333605,2.014394977120537e-5,optimized
s027,75,4.1855,greedy,greedy,2,true,,606.5485766008014,1.8514769707527465,0.9971,16.0,0.9964,11,606.549,"[0.9309, 1.8515]","[2.0265, 3.7101]",3.7100820233333605,2.3444143496613834e-5,optimized
s027,70,3.9065,greedy,greedy,2,true,,627.0016928664115,3.265558921302562,1.0307,16.7,1.0420,11,627.002,"[2.1017, 3.2656]","[2.0265, 3.7101]",3.7100820233333605,3.288501897874552e-8,optimized
s027,65,3.6275,greedy,greedy,2,true,,626.9362370569264,2.9137022632655407,1.0306,16.7,1.0429,11,626.936,"[2.0417, 2.9137]","[2.0265, 3.7101]",3.7100820233333605,3.081334065679897e-8,optimized
s027,60,3.3484,greedy,greedy,2,true,,626.6765802742012,2.7661772517422576,1.0302,16.6,1.0339,11,626.677,"[1.9405, 2.7662]","[2.0265, 3.7101]",3.7100820233333605,2.6691199107299323e-6,optimized
s027,55,3.0694,greedy,greedy,2,true,,627.733493878881,2.6933582012957418,1.0319,16.5,1.0268,11,627.733,"[1.919, 2.6934]","[2.0265, 3.7101]",3.7100820233333605,9.322565671507254e-5,optimized
s027,50,2.7904,greedy,greedy,2,true,,624.6251050146052,2.5595305325643958,1.0268,16.9,1.0533,11,624.625,"[1.8919, 2.5595]","[2.0265, 3.7101]",3.7100820233333605,1.4989264459723927e-5,optimized
s027,45,2.5113,greedy,greedy,2,true,,624.1024996956538,2.4127288358270986,1.0259,16.9,1.0569,11,624.102,"[1.8986, 2.4127]","[2.0265, 3.7101]",3.7100820233333605,7.465531214416842e-6,optimized
s027,40,2.2323,greedy,greedy,2,false,recovery_failed,636.800612068986,2.4270652856392463,,15.3,0.9568,11,636.801,"[1.9089, 2.4271]","[2.0265, 3.7101]",3.7100820233333605,-0.19477241663924616,recovery_failed
s027,35,1.9533,greedy,greedy,2,false,not_run_after_fail,,,,0.0,,,,,,,,
s027,30,1.6742,greedy,greedy,2,false,not_run_after_fail,,,,0.0,,,,,,,,
s028,100,9.2040,greedy,greedy,2,true,,1065.9722408275695,8.864506272871393,1.1364,16.2,0.9872,452,1065.972,"[4.9884, 8.8645]","[4.2025, 9.2024]",9.202410417635175,0.002546924317098624,optimized
s028,95,8.7438,greedy,greedy,2,true,,1030.7054141098022,8.53753316779377,1.0988,16.2,0.9867,452,1030.705,"[4.8508, 8.5375]","[4.2025, 9.2024]",9.202410417635175,9.698357693321835e-9,optimized
s028,90,8.2836,greedy,greedy,2,true,,1018.4318403106787,8.097726423798921,1.0857,16.3,0.9946,452,1018.432,"[4.7743, 8.0977]","[4.2025, 9.2024]",9.202410417635175,1.6521843962391536e-10,optimized
s028,85,7.8234,greedy,greedy,2,true,,964.1049171000731,7.740405834668816,1.0278,19.6,1.1921,452,964.105,"[5.8121, 7.7404]","[4.2025, 9.2024]",9.202410417635175,4.392176119927167e-8,optimized
s028,80,7.3632,greedy,greedy,2,true,,977.4425587757223,7.326485246533219,1.0420,20.0,1.2155,452,977.443,"[6.0221, 7.3265]","[4.2025, 9.2024]",9.202410417635175,0.0009728492339402886,optimized
s028,75,6.9030,greedy,greedy,2,true,,1016.9425941201383,6.9030112345585,1.0841,19.9,1.2124,452,1016.943,"[6.5875, 6.903]","[4.2025, 9.2024]",9.202410417635175,4.5344150034765107e-7,optimized
s028,70,6.4428,greedy,greedy,2,false,recovery_failed,1150.5576164458735,6.633976748220072,,19.7,1.1998,452,1150.558,"[7.7088, 6.634]","[4.2025, 9.2024]",9.202410417635175,-0.1911657722200717,recovery_failed
s028,65,5.9826,greedy,greedy,2,false,not_run_after_fail,,,,0.0,,,,,,,,
s028,60,5.5224,greedy,greedy,2,false,not_run_after_fail,,,,0.0,,,,,,,,
s028,55,5.0622,greedy,greedy,2,false,not_run_after_fail,,,,0.0,,,,,,,,
s028,50,4.6020,greedy,greedy,2,false,not_run_after_fail,,,,0.0,,,,,,,,
s028,45,4.1418,greedy,greedy,2,false,not_run_after_fail,,,,0.0,,,,,,,,
s028,40,3.6816,greedy,greedy,2,false,not_run_after_fail,,,,0.0,,,,,,,,
s028,35,3.2214,greedy,greedy,2,false,not_run_after_fail,,,,0.0,,,,,,,,
s028,30,2.7612,greedy,greedy,2,false,not_run_after_fail,,,,0.0,,,,,,,,
s029,100,3.9849,greedy,greedy,2,false,recovery_failed,1168.61346358408,3.568994952312135,,16.7,0.9935,309,1168.613,"[2.26, 3.569]","[3.8665, 3.9849]",3.9848654509348442,-16.390064447861047,recovery_failed
s029,95,3.7856,greedy,greedy,2,false,not_run_after_fail,,,,0.0,,,,,,,,
s029,90,3.5864,greedy,greedy,2,false,not_run_after_fail,,,,0.0,,,,,,,,
s029,85,3.3871,greedy,greedy,2,false,not_run_after_fail,,,,0.0,,,,,,,,
s029,80,3.1879,greedy,greedy,2,false,not_run_after_fail,,,,0.0,,,,,,,,
s029,75,2.9887,greedy,greedy,2,false,not_run_after_fail,,,,0.0,,,,,,,,
s029,70,2.7894,greedy,greedy,2,false,not_run_after_fail,,,,0.0,,,,,,,,
s029,65,2.5902,greedy,greedy,2,false,not_run_after_fail,,,,0.0,,,,,,,,
s029,60,2.3909,greedy,greedy,2,false,not_run_after_fail,,,,0.0,,,,,,,,
s029,55,2.1917,greedy,greedy,2,false,not_run_after_fail,,,,0.0,,,,,,,,
s029,50,1.9924,greedy,greedy,2,false,not_run_after_fail,,,,0.0,,,,,,,,
s029,45,1.7932,greedy,greedy,2,false,not_run_after_fail,,,,0.0,,,,,,,,
s029,40,1.5939,greedy,greedy,2,false,not_run_after_fail,,,,0.0,,,,,,,,
s029,35,1.3947,greedy,greedy,2,false,not_run_after_fail,,,,0.0,,,,,,,,
s029,30,1.1955,greedy,greedy,2,false,not_run_after_fail,,,,0.0,,,,,,,,
s030,100,8.2140,greedy,greedy,2,true,,948.3450453325063,7.830670861406833,1.1122,20.1,1.2123,430,948.345,"[6.1853, 7.8307]","[7.5475, 8.214]",8.21404812618091,0.002079751941962804,optimized
s030,95,7.8033,greedy,greedy,2,true,,951.6525534989702,7.592530182624832,1.1161,19.8,1.1960,430,951.653,"[6.1773, 7.5925]","[7.5475, 8.214]",8.21404812618091,0.004882831402606903,optimized
s030,90,7.3926,greedy,greedy,2,true,,954.5285479910325,7.29217159648418,1.1195,19.8,1.1946,430,954.529,"[6.1622, 7.2922]","[7.5475, 8.214]",8.21404812618091,0.00858136768585038,optimized
s030,85,6.9819,greedy,greedy,2,true,,948.7553500569207,6.978672903336137,1.1127,19.8,1.1945,430,948.755,"[6.1398, 6.9787]","[7.5475, 8.214]",8.21404812618091,0.003268671663863465,optimized
s030,80,6.5712,greedy,greedy,2,true,,946.6954379567567,6.571239187132237,1.1103,18.3,1.1035,430,946.695,"[6.6438, 6.5712]","[7.5475, 8.214]",8.21404812618091,8.677627505448982e-10,optimized
s030,75,6.1605,greedy,greedy,2,false,recovery_failed,924.549318445124,6.318935653621333,,19.3,1.1678,430,924.549,"[6.2483, 6.3189]","[7.5475, 8.214]",8.21404812618091,-0.1583988516213326,recovery_failed
s030,70,5.7498,greedy,greedy,2,false,not_run_after_fail,,,,0.0,,,,,,,,
s030,65,5.3391,greedy,greedy,2,false,not_run_after_fail,,,,0.0,,,,,,,,
s030,60,4.9284,greedy,greedy,2,false,not_run_after_fail,,,,0.0,,,,,,,,
s030,55,4.5177,greedy,greedy,2,false,not_run_after_fail,,,,0.0,,,,,,,,
s030,50,4.1070,greedy,greedy,2,false,not_run_after_fail,,,,0.0,,,,,,,,
s030,45,3.6963,greedy,greedy,2,false,not_run_after_fail,,,,0.0,,,,,,,,
s030,40,3.2856,greedy,greedy,2,false,not_run_after_fail,,,,0.0,,,,,,,,
s030,35,2.8749,greedy,greedy,2,false,not_run_after_fail,,,,0.0,,,,,,,,
s030,30,2.4642,greedy,greedy,2,false,not_run_after_fail,,,,0.0,,,,,,,,
s031,100,8.2837,greedy,greedy,2,true,,1046.3515726257733,7.318169720770541,1.0125,18.5,1.0891,959,1046.352,"[1.0254, 7.3182]","[0.7397, 8.2837]",8.283673287497319,2.4072149623715177e-5,optimized
s031,95,7.8695,greedy,greedy,2,true,,1082.8213022410632,7.520946034761002,1.0478,20.4,1.1976,959,1082.821,"[0.953, 7.5209]","[0.7397, 8.2837]",8.283673287497319,4.026251988558215e-6,optimized
s031,90,7.4553,greedy,greedy,2,true,,1095.271764054139,7.182615317817143,1.0598,20.5,1.2090,959,1095.272,"[0.9427, 7.1826]","[0.7397, 8.2837]",8.283673287497319,5.470665430744702e-6,optimized
s031,85,7.0411,greedy,greedy,2,true,,1094.2731363829014,6.91485115081913,1.0589,20.7,1.2188,959,1094.273,"[0.9474, 6.9149]","[0.7397, 8.2837]",8.283673287497319,2.3566730649487e-5,optimized
s031,80,6.6269,greedy,greedy,2,true,,1092.6084605202432,6.619091837141561,1.0573,21.1,1.2415,959,1092.608,"[1.0704, 6.6191]","[0.7397, 8.2837]",8.283673287497319,2.7715311741994808e-6,optimized
s031,75,6.2128,greedy,greedy,2,false,recovery_failed,1676.6580668380186,6.320596092616083,,21.9,1.2872,959,1676.658,"[1.6313, 6.3206]","[0.7397, 8.2837]",8.283673287497319,-0.10784012661608244,recovery_failed
s031,70,5.7986,greedy,greedy,2,false,not_run_after_fail,,,,0.0,,,,,,,,
s031,65,5.3844,greedy,greedy,2,false,not_run_after_fail,,,,0.0,,,,,,,,
s031,60,4.9702,greedy,greedy,2,false,not_run_after_fail,,,,0.0,,,,,,,,
s031,55,4.5560,greedy,greedy,2,false,not_run_after_fail,,,,0.0,,,,,,,,
s031,50,4.1418,greedy,greedy,2,false,not_run_after_fail,,,,0.0,,,,,,,,
s031,45,3.7277,greedy,greedy,2,false,not_run_after_fail,,,,0.0,,,,,,,,
s031,40,3.3135,greedy,greedy,2,false,not_run_after_fail,,,,0.0,,,,,,,,
s031,35,2.8993,greedy,greedy,2,false,not_run_after_fail,,,,0.0,,,,,,,,
s031,30,2.4851,greedy,greedy,2,false,not_run_after_fail,,,,0.0,,,,,,,,
s032,100,6.2607,greedy,greedy,2,true,,939.2474641143706,5.427053703733319,1.0517,17.8,1.0745,86,939.247,"[3.805, 5.4271]","[3.4229, 4.4673]",4.467297714959012,0.0003719156949298631,optimized
s032,95,5.9477,greedy,greedy,2,true,,1005.4003816875977,5.273828242578867,1.1258,16.6,1.0022,86,1005.4,"[3.8319, 5.2738]","[3.4229, 4.4673]",4.467297714959012,1.954690932530866e-6,optimized
s032,90,5.6346,greedy,greedy,2,true,,933.6727810228272,4.99600839301517,1.0455,17.9,1.0824,86,933.673,"[3.5075, 4.996]","[3.4229, 4.4673]",4.467297714959012,7.335253792714502e-5,optimized
s032,85,5.3216,greedy,greedy,2,true,,930.450235703563,5.2372487400336505,1.0418,18.0,1.0903,86,930.45,"[3.4391, 5.2372]","[3.4229, 4.4673]",4.467297714959012,0.000404921175461619,optimized
s032,80,5.0086,greedy,greedy,2,true,,996.0818292246761,4.894130969169435,1.1153,16.7,1.0122,86,996.082,"[3.4528, 4.8941]","[3.4229, 4.4673]",4.467297714959012,1.394285159188712e-6,optimized
s032,75,4.6955,greedy,greedy,2,true,,948.2962268567628,4.399191948775154,1.0618,18.4,1.1099,86,948.296,"[3.2206, 4.3992]","[3.4229, 4.4673]",4.467297714959012,0.0018097375676714145,optimized
s032,70,4.3825,greedy,greedy,2,true,,973.7234289321943,4.335531630918474,1.0903,16.6,1.0062,86,973.723,"[3.2172, 4.3355]","[3.4229, 4.4673]",4.467297714959012,8.6728347835342e-6,optimized
s032,65,4.0695,greedy,greedy,2,true,,993.0442012034911,4.0488795525336005,1.1119,18.7,1.1333,86,993.044,"[2.8959, 4.0489]","[3.4229, 4.4673]",4.467297714959012,1.153233747049759e-6,optimized
s032,60,3.7564,greedy,greedy,2,false,recovery_failed,973.9917769581106,3.7725885856052304,,16.5,0.9994,86,973.992,"[3.0688, 3.7726]","[3.4229, 4.4673]",4.467297714959012,-3.642215018409087,recovery_failed
s032,55,3.4434,greedy,greedy,2,false,not_run_after_fail,,,,0.0,,,,,,,,
s032,50,3.1304,greedy,greedy,2,false,not_run_after_fail,,,,0.0,,,,,,,,
s032,45,2.8173,greedy,greedy,2,false,not_run_after_fail,,,,0.0,,,,,,,,
s032,40,2.5043,greedy,greedy,2,false,not_run_after_fail,,,,0.0,,,,,,,,
s032,35,2.1912,greedy,greedy,2,false,not_run_after_fail,,,,0.0,,,,,,,,
s032,30,1.8782,greedy,greedy,2,false,not_run_after_fail,,,,0.0,,,,,,,,
s033,100,5.3083,greedy,greedy,2,false,recovery_failed,919.408203838486,5.157475880045188,,17.1,1.0616,74,919.408,"[1.8067, 5.1575]","[1.1539, 5.3082]",5.308240659640525,-1.3371088315668065,recovery_failed
s033,95,5.0428,greedy,greedy,2,false,not_run_after_fail,,,,0.0,,,,,,,,
s033,90,4.7774,greedy,greedy,2,false,not_run_after_fail,,,,0.0,,,,,,,,
s033,85,4.5120,greedy,greedy,2,false,not_run_after_fail,,,,0.0,,,,,,,,
s033,80,4.2466,greedy,greedy,2,false,not_run_after_fail,,,,0.0,,,,,,,,
s033,75,3.9812,greedy,greedy,2,false,not_run_after_fail,,,,0.0,,,,,,,,
s033,70,3.7158,greedy,greedy,2,false,not_run_after_fail,,,,0.0,,,,,,,,
s033,65,3.4504,greedy,greedy,2,false,not_run_after_fail,,,,0.0,,,,,,,,
s033,60,3.1850,greedy,greedy,2,false,not_run_after_fail,,,,0.0,,,,,,,,
s033,55,2.9195,greedy,greedy,2,false,not_run_after_fail,,,,0.0,,,,,,,,
s033,50,2.6541,greedy,greedy,2,false,not_run_after_fail,,,,0.0,,,,,,,,
s033,45,2.3887,greedy,greedy,2,false,not_run_after_fail,,,,0.0,,,,,,,,
s033,40,2.1233,greedy,greedy,2,false,not_run_after_fail,,,,0.0,,,,,,,,
s033,35,1.8579,greedy,greedy,2,false,not_run_after_fail,,,,0.0,,,,,,,,
s033,30,1.5925,greedy,greedy,2,false,not_run_after_fail,,,,0.0,,,,,,,,
s034,100,6.9847,greedy,greedy,2,true,,945.8404136644953,6.587854957248832,1.1113,16.3,0.9864,72,945.84,"[5.0146, 6.5879]","[4.7576, 6.8829]",6.882857561598181,0.015300548582883938,optimized
s034,95,6.6355,greedy,greedy,2,true,,947.2898801704331,6.168968633414576,1.1130,16.3,0.9863,72,947.29,"[4.7102, 6.169]","[4.7576, 6.8829]",6.882857561598181,0.015055516036333903,optimized
s034,90,6.2862,greedy,greedy,2,true,,949.0122406508093,5.8909386255911,1.1150,16.3,0.9855,72,949.012,"[4.4946, 5.8909]","[4.7576, 6.8829]",6.882857561598181,0.014928154660474566,optimized
s034,85,5.9370,greedy,greedy,2,true,,951.4631580112014,5.633888264639634,1.1179,16.3,0.9865,72,951.463,"[4.2838, 5.6339]","[4.7576, 6.8829]",6.882857561598181,0.014894272138901033,optimized
s034,80,5.5878,greedy,greedy,2,true,,953.8704744309434,5.422840081503421,1.1207,16.4,0.9902,72,953.87,"[4.1097, 5.4228]","[4.7576, 6.8829]",6.882857561598181,0.014923640082225792,optimized
s034,75,5.2385,greedy,greedy,2,true,,960.9090428620865,5.237016556315341,1.1290,16.5,0.9967,72,960.909,"[3.9722, 5.237]","[4.7576, 6.8829]",6.882857561598181,0.0015063636846592843,optimized
s034,70,4.8893,greedy,greedy,2,true,,948.4459910622127,4.294198842100327,1.1143,19.3,1.1697,72,948.446,"[3.2162, 4.2942]","[4.7576, 6.8829]",6.882857561598181,0.013469654169573252,optimized
s034,65,4.5401,greedy,greedy,2,true,,948.6791825674212,3.932733346032642,1.1146,19.0,1.1501,72,948.679,"[2.7562, 3.9327]","[4.7576, 6.8829]",6.882857561598181,0.012846010874800627,optimized
s034,60,4.1908,greedy,greedy,2,true,,946.9412726628359,3.6513484093448727,1.1125,19.1,1.1581,72,946.941,"[2.3856, 3.6513]","[4.7576, 6.8829]",6.882857561598181,0.010475060343410392,optimized
s034,55,3.8416,greedy,greedy,2,true,,956.4303044470521,3.5300477348450046,1.1237,16.5,1.0012,72,956.43,"[2.1836, 3.53]","[4.7576, 6.8829]",6.882857561598181,3.1162427401577586e-6,optimized
s034,50,3.4923,greedy,greedy,2,true,,942.2551440843017,3.2509486290640845,1.1070,18.4,1.1123,72,942.255,"[1.8749, 3.2509]","[4.7576, 6.8829]",6.882857561598181,0.01058524329559091,optimized
s034,45,3.1431,greedy,greedy,2,false,recovery_failed,947.468853609396,3.152217169892233,,16.5,0.9975,72,947.469,"[1.7458, 3.1522]","[4.7576, 6.8829]",6.882857561598181,-0.009103017892232668,recovery_failed
s034,40,2.7939,greedy,greedy,2,false,not_run_after_fail,,,,0.0,,,,,,,,
s034,35,2.4446,greedy,greedy,2,false,not_run_after_fail,,,,0.0,,,,,,,,
s034,30,2.0954,greedy,greedy,2,false,not_run_after_fail,,,,0.0,,,,,,,,
s035,100,9.1356,greedy,greedy,2,true,,911.064888427386,9.135638178796848,1.1550,17.5,1.0864,174,911.065,"[0.8933, 9.1356]","[0.9507, 9.1555]",9.155521700076507,9.20315201824451e-9,optimized
s035,95,8.6789,greedy,greedy,2,true,,922.5273151658959,8.678856293600452,1.1695,17.4,1.0776,174,922.527,"[0.8937, 8.6789]","[0.9507, 9.1555]",9.155521700076507,3.539954640530141e-8,optimized
s035,90,8.2221,greedy,greedy,2,true,,925.6147096979118,8.222074347576388,1.1734,17.4,1.0794,174,925.615,"[0.8875, 8.2221]","[0.9507, 9.1555]",9.155521700076507,1.214236107216493e-7,optimized
s035,85,7.7653,greedy,greedy,2,true,,936.6923306606109,7.731063277952431,1.1875,17.5,1.0824,174,936.692,"[0.8967, 7.7311]","[0.9507, 9.1555]",9.155521700076507,5.164725105921697e-10,optimized
s035,80,7.3085,greedy,greedy,2,true,,957.4671912542852,7.308510691729779,1.2138,17.3,1.0743,174,957.467,"[0.9037, 7.3085]","[0.9507, 9.1555]",9.155521700076507,5.9270220731377776e-8,optimized
s035,75,6.8517,greedy,greedy,2,false,recovery_failed,1010.4142494734132,7.079900208856086,,17.2,1.0631,174,1010.414,"[0.9723, 7.0799]","[0.9507, 9.1555]",9.155521700076507,-0.22817131785608513,recovery_failed
s035,70,6.3949,greedy,greedy,2,false,not_run_after_fail,,,,0.0,,,,,,,,
s035,65,5.9382,greedy,greedy,2,false,not_run_after_fail,,,,0.0,,,,,,,,
s035,60,5.4814,greedy,greedy,2,false,not_run_after_fail,,,,0.0,,,,,,,,
s035,55,5.0246,greedy,greedy,2,false,not_run_after_fail,,,,0.0,,,,,,,,
s035,50,4.5678,greedy,greedy,2,false,not_run_after_fail,,,,0.0,,,,,,,,
s035,45,4.1110,greedy,greedy,2,false,not_run_after_fail,,,,0.0,,,,,,,,
s035,40,3.6543,greedy,greedy,2,false,not_run_after_fail,,,,0.0,,,,,,,,
s035,35,3.1975,greedy,greedy,2,false,not_run_after_fail,,,,0.0,,,,,,,,
s035,30,2.7407,greedy,greedy,2,false,not_run_after_fail,,,,0.0,,,,,,,,
s036,100,8.2233,greedy,greedy,2,true,,719.9404073472842,8.223263293853382,1.1290,16.8,1.0373,133,719.94,"[4.3392, 8.2233]","[2.6244, 8.0653]",8.065341204397242,1.7051466176809527e-6,optimized
s036,95,7.8121,greedy,greedy,2,true,,852.2456547556145,7.7637345561106175,1.3365,15.9,0.9799,133,852.246,"[2.8472, 7.7637]","[2.6244, 8.0653]",8.065341204397242,0.00905149610470998,optimized
s036,90,7.4009,greedy,greedy,2,true,,793.9738771284204,7.083446506577767,1.2451,17.8,1.0960,133,793.974,"[4.3186, 7.0834]","[2.6244, 8.0653]",8.065341204397242,2.584329763521964e-6,optimized
s036,85,6.9898,greedy,greedy,2,true,,794.2387348069742,6.989774237402621,1.2455,17.7,1.0916,133,794.239,"[4.02, 6.9898]","[2.6244, 8.0653]",8.065341204397242,1.161597379173429e-6,optimized
s036,80,6.5786,greedy,greedy,2,true,,855.2511963414986,6.281065669636456,1.3412,15.7,0.9668,133,855.251,"[3.4765, 6.2811]","[2.6244, 8.0653]",8.065341204397242,1.7184137446335512e-9,optimized
s036,75,6.1674,greedy,greedy,2,false,recovery_failed,854.2952649624731,6.208421961872426,,15.6,0.9655,133,854.295,"[3.4767, 6.2084]","[2.6244, 8.0653]",8.065341204397242,-0.040972962872425356,recovery_failed
s036,70,5.7563,greedy,greedy,2,false,not_run_after_fail,,,,0.0,,,,,,,,
s036,65,5.3451,greedy,greedy,2,false,not_run_after_fail,,,,0.0,,,,,,,,
s036,60,4.9340,greedy,greedy,2,false,not_run_after_fail,,,,0.0,,,,,,,,
s036,55,4.5228,greedy,greedy,2,false,not_run_after_fail,,,,0.0,,,,,,,,
s036,50,4.1116,greedy,greedy,2,false,not_run_after_fail,,,,0.0,,,,,,,,
s036,45,3.7005,greedy,greedy,2,false,not_run_after_fail,,,,0.0,,,,,,,,
s036,40,3.2893,greedy,greedy,2,false,not_run_after_fail,,,,0.0,,,,,,,,
s036,35,2.8781,greedy,greedy,2,false,not_run_after_fail,,,,0.0,,,,,,,,
s036,30,2.4670,greedy,greedy,2,false,not_run_after_fail,,,,0.0,,,,,,,,
s037,100,8.2798,greedy,greedy,2,true,,994.8367166580161,7.1672411705258545,0.9944,19.2,1.1286,2153,994.837,"[8.8503, 7.1672]","[7.4445, 8.2798]",8.279763527038396,1.599357610411467e-7,optimized
s037,95,7.8658,greedy,greedy,2,true,,1012.7364714389643,6.139852463156174,1.0123,19.2,1.1313,2153,1012.736,"[8.9176, 6.1399]","[7.4445, 8.2798]",8.279763527038396,5.460139401378128e-8,optimized
s037,90,7.4518,greedy,greedy,2,true,,1116.5223578409018,7.303750129054608,1.1160,20.7,1.2179,2153,1116.522,"[8.7322, 7.3038]","[7.4445, 8.2798]",8.279763527038396,1.5083614098566613e-6,optimized
s037,85,7.0378,greedy,greedy,2,true,,1109.962856136068,6.895883636600376,1.1095,20.8,1.2205,2153,1109.963,"[8.7296, 6.8959]","[7.4445, 8.2798]",8.279763527038396,1.207738179939588e-5,optimized
s037,80,6.6238,greedy,greedy,2,true,,1124.134792314205,6.4592501534292595,1.1236,20.1,1.1806,2153,1124.135,"[9.6421, 6.4593]","[7.4445, 8.2798]",8.279763527038396,9.566725522880404e-9,optimized
s037,75,6.2098,greedy,greedy,2,true,,1124.523938202781,6.037560308036245,1.1240,20.3,1.1941,2153,1124.524,"[9.6405, 6.0376]","[7.4445, 8.2798]",8.279763527038396,4.4064716629016454e-8,optimized
s037,70,5.7958,greedy,greedy,2,true,,1129.4782760395883,5.6298901173115246,1.1290,20.4,1.1997,2153,1129.478,"[9.6905, 5.6299]","[7.4445, 8.2798]",8.279763527038396,7.597022639443951e-9,optimized
s037,65,5.3818,greedy,greedy,2,true,,1245.5902157134037,5.369130710141503,1.2450,18.2,1.0681,2153,1245.59,"[9.482, 5.3691]","[7.4445, 8.2798]",8.279763527038396,0.011413939584329038,optimized
s037,60,4.9679,greedy,greedy,2,true,,1135.3594241893568,4.948829968425557,1.1348,21.2,1.2441,2153,1135.359,"[10.3702, 4.9488]","[7.4445, 8.2798]",8.279763527038396,6.161162829920741e-10,optimized
s037,55,4.5539,greedy,greedy,2,false,recovery_failed,1605.438633203635,4.834875838850063,,22.6,1.3278,2153,1605.439,"[14.3118, 4.8349]","[7.4445, 8.2798]",8.279763527038396,-0.28100490785006205,recovery_failed
s037,50,4.1399,greedy,greedy,2,false,not_run_after_fail,,,,0.0,,,,,,,,
s037,45,3.7259,greedy,greedy,2,false,not_run_after_fail,,,,0.0,,,,,,,,
s037,40,3.3119,greedy,greedy,2,false,not_run_after_fail,,,,0.0,,,,,,,,
s037,35,2.8979,greedy,greedy,2,false,not_run_after_fail,,,,0.0,,,,,,,,
s037,30,2.4839,greedy,greedy,2,false,not_run_after_fail,,,,0.0,,,,,,,,
s038,100,8.6716,greedy,greedy,2,true,,955.5626331497049,8.311823991688875,1.1406,19.4,1.1721,197,955.563,"[5.5863, 8.3118]","[6.6664, 8.5286]",8.528556194870724,0.005281876947066392,optimized
s038,95,8.2381,greedy,greedy,2,true,,964.0703830734665,8.161170310240374,1.1508,19.1,1.1564,197,964.07,"[5.4681, 8.1612]","[6.6664, 8.5286]",8.528556194870724,0.0044347733686219415,optimized
s038,90,7.8045,greedy,greedy,2,true,,956.3786733104835,7.8044834228419795,1.1416,18.8,1.1387,197,956.379,"[5.4156, 7.8045]","[6.6664, 8.5286]",8.528556194870724,4.60158021020618e-7,optimized
s038,85,7.3709,greedy,greedy,2,false,recovery_failed,967.8387658205593,7.388110454133134,,16.5,0.9979,197,967.839,"[6.4781, 7.3881]","[6.6664, 8.5286]",8.528556194870724,-0.017208954133133503,recovery_failed
s038,80,6.9373,greedy,greedy,2,false,not_run_after_fail,,,,0.0,,,,,,,,
s038,75,6.5037,greedy,greedy,2,false,not_run_after_fail,,,,0.0,,,,,,,,
s038,70,6.0702,greedy,greedy,2,false,not_run_after_fail,,,,0.0,,,,,,,,
s038,65,5.6366,greedy,greedy,2,false,not_run_after_fail,,,,0.0,,,,,,,,
s038,60,5.2030,greedy,greedy,2,false,not_run_after_fail,,,,0.0,,,,,,,,
s038,55,4.7694,greedy,greedy,2,false,not_run_after_fail,,,,0.0,,,,,,,,
s038,50,4.3358,greedy,greedy,2,false,not_run_after_fail,,,,0.0,,,,,,,,
s038,45,3.9022,greedy,greedy,2,false,not_run_after_fail,,,,0.0,,,,,,,,
s038,40,3.4687,greedy,greedy,2,false,not_run_after_fail,,,,0.0,,,,,,,,
s038,35,3.0351,greedy,greedy,2,false,not_run_after_fail,,,,0.0,,,,,,,,
s038,30,2.6015,greedy,greedy,2,false,not_run_after_fail,,,,0.0,,,,,,,,
s039,100,5.4134,greedy,greedy,2,true,,673.693551938396,3.9008985993303593,0.9940,16.4,1.0221,59,673.694,"[1.0425, 3.9009]","[2.2585, 3.4108]",3.4108211967305198,8.041469530122413e-6,optimized
s039,95,5.1427,greedy,greedy,2,true,,670.9392984967951,3.9295896539368056,0.9899,16.4,1.0217,59,670.939,"[1.0487, 3.9296]","[2.2585, 3.4108]",3.4108211967305198,5.514895778129357e-6,optimized
s039,90,4.8721,greedy,greedy,2,true,,679.2998950915309,3.938900192355607,1.0022,16.2,1.0092,59,679.3,"[1.1232, 3.9389]","[2.2585, 3.4108]",3.4108211967305198,3.374352340601572e-8,optimized
s039,85,4.6014,greedy,greedy,2,true,,707.1360338051184,3.207570539607438,1.0433,16.0,0.9962,59,707.136,"[1.3674, 3.2076]","[2.2585, 3.4108]",3.4108211967305198,2.3022685811862175e-5,optimized
s039,80,4.3307,greedy,greedy,2,true,,676.5295890638218,3.7669649482704117,0.9982,16.3,1.0164,59,676.53,"[1.0479, 3.767]","[2.2585, 3.4108]",3.4108211967305198,1.8859466282743597e-5,optimized
s039,75,4.0601,greedy,greedy,2,true,,683.2611931176255,3.9953217190988,1.0081,16.4,1.0189,59,683.261,"[1.223, 3.9953]","[2.2585, 3.4108]",3.4108211967305198,1.8508245855264245e-7,optimized
s039,70,3.7894,greedy,greedy,2,true,,716.9067378719672,2.6410769251318413,1.0577,16.5,1.0275,59,716.907,"[2.0991, 2.6411]","[2.2585, 3.4108]",3.4108211967305198,9.502161685270849e-8,optimized
s039,65,3.5187,greedy,greedy,2,true,,731.4882291721483,3.2221228651385005,1.0792,15.8,0.9832,59,731.488,"[2.1251, 3.2221]","[2.2585, 3.4108]",3.4108211967305198,0.00716741980019658,optimized
s039,60,3.2480,greedy,greedy,2,true,,738.1612851966032,3.2058698116615543,1.0891,15.6,0.9713,59,738.161,"[2.142, 3.2059]","[2.2585, 3.4108]",3.4108211967305198,0.007264391590274009,optimized
s039,55,2.9774,greedy,greedy,2,false,recovery_failed,738.9560033867953,3.010226678375408,,15.5,0.9644,59,738.956,"[2.127, 3.0102]","[2.2585, 3.4108]",3.4108211967305198,-0.032847793375407885,recovery_failed
s039,50,2.7067,greedy,greedy,2,false,not_run_after_fail,,,,0.0,,,,,,,,
s039,45,2.4360,greedy,greedy,2,false,not_run_after_fail,,,,0.0,,,,,,,,
s039,40,2.1654,greedy,greedy,2,false,not_run_after_fail,,,,0.0,,,,,,,,
s039,35,1.8947,greedy,greedy,2,false,not_run_after_fail,,,,0.0,,,,,,,,
s039,30,1.6240,greedy,greedy,2,false,not_run_after_fail,,,,0.0,,,,,,,,
s040,100,6.0180,greedy,greedy,2,false,no_solution,null,null,,13.7,0.8359,59,null,[],[],null,,
s040,95,5.7171,greedy,greedy,2,false,not_run_after_fail,,,,0.0,,,,,,,,
s040,90,5.4162,greedy,greedy,2,false,not_run_after_fail,,,,0.0,,,,,,,,
s040,85,5.1153,greedy,greedy,2,false,not_run_after_fail,,,,0.0,,,,,,,,
s040,80,4.8144,greedy,greedy,2,false,not_run_after_fail,,,,0.0,,,,,,,,
s040,75,4.5135,greedy,greedy,2,false,not_run_after_fail,,,,0.0,,,,,,,,
s040,70,4.2126,greedy,greedy,2,false,not_run_after_fail,,,,0.0,,,,,,,,
s040,65,3.9117,greedy,greedy,2,false,not_run_after_fail,,,,0.0,,,,,,,,
s040,60,3.6108,greedy,greedy,2,false,not_run_after_fail,,,,0.0,,,,,,,,
s040,55,3.3099,greedy,greedy,2,false,not_run_after_fail,,,,0.0,,,,,,,,
s040,50,3.0090,greedy,greedy,2,false,not_run_after_fail,,,,0.0,,,,,,,,
s040,45,2.7081,greedy,greedy,2,false,not_run_after_fail,,,,0.0,,,,,,,,
s040,40,2.4072,greedy,greedy,2,false,not_run_after_fail,,,,0.0,,,,,,,,
s040,35,2.1063,greedy,greedy,2,false,not_run_after_fail,,,,0.0,,,,,,,,
s040,30,1.8054,greedy,greedy,2,false,not_run_after_fail,,,,0.0,,,,,,,,
s041,100,7.4389,greedy,greedy,2,false,recovery_failed,906.8236771715646,5.033012830693302,,16.4,1.0212,55,906.824,"[3.0431, 5.033]","[1.9857, 5.8316]",5.831623542157302,-45.54537371050151,recovery_failed
s041,95,7.0670,greedy,greedy,2,false,not_run_after_fail,,,,0.0,,,,,,,,
s041,90,6.6950,greedy,greedy,2,false,not_run_after_fail,,,,0.0,,,,,,,,
s041,85,6.3231,greedy,greedy,2,false,not_run_after_fail,,,,0.0,,,,,,,,
s041,80,5.9511,greedy,greedy,2,false,not_run_after_fail,,,,0.0,,,,,,,,
s041,75,5.5792,greedy,greedy,2,false,not_run_after_fail,,,,0.0,,,,,,,,
s041,70,5.2072,greedy,greedy,2,false,not_run_after_fail,,,,0.0,,,,,,,,
s041,65,4.8353,greedy,greedy,2,false,not_run_after_fail,,,,0.0,,,,,,,,
s041,60,4.4634,greedy,greedy,2,false,not_run_after_fail,,,,0.0,,,,,,,,
s041,55,4.0914,greedy,greedy,2,false,not_run_after_fail,,,,0.0,,,,,,,,
s041,50,3.7195,greedy,greedy,2,false,not_run_after_fail,,,,0.0,,,,,,,,
s041,45,3.3475,greedy,greedy,2,false,not_run_after_fail,,,,0.0,,,,,,,,
s041,40,2.9756,greedy,greedy,2,false,not_run_after_fail,,,,0.0,,,,,,,,
s041,35,2.6036,greedy,greedy,2,false,not_run_after_fail,,,,0.0,,,,,,,,
s041,30,2.2317,greedy,greedy,2,false,not_run_after_fail,,,,0.0,,,,,,,,
s042,100,9.2937,greedy,greedy,2,true,,1083.1981759509608,9.221930594840833,1.1418,19.0,1.1594,760,1083.198,"[7.8147, 9.2219]","[8.1254, 8.6857]",8.685730700404633,0.00738975541582294,optimized
s042,95,8.8290,greedy,greedy,2,false,recovery_failed,1084.7085242978637,8.792279490885756,,17.3,1.0556,760,1084.709,"[7.8598, 8.7923]","[8.1254, 8.6857]",8.685730700404633,-0.003301215598403292,recovery_failed
s042,90,8.3643,greedy,greedy,2,false,not_run_after_fail,,,,0.0,,,,,,,,
s042,85,7.8996,greedy,greedy,2,false,not_run_after_fail,,,,0.0,,,,,,,,
s042,80,7.4349,greedy,greedy,2,false,not_run_after_fail,,,,0.0,,,,,,,,
s042,75,6.9702,greedy,greedy,2,false,not_run_after_fail,,,,0.0,,,,,,,,
s042,70,6.5056,greedy,greedy,2,false,not_run_after_fail,,,,0.0,,,,,,,,
s042,65,6.0409,greedy,greedy,2,false,not_run_after_fail,,,,0.0,,,,,,,,
s042,60,5.5762,greedy,greedy,2,false,not_run_after_fail,,,,0.0,,,,,,,,
s042,55,5.1115,greedy,greedy,2,false,not_run_after_fail,,,,0.0,,,,,,,,
s042,50,4.6468,greedy,greedy,2,false,not_run_after_fail,,,,0.0,,,,,,,,
s042,45,4.1821,greedy,greedy,2,false,not_run_after_fail,,,,0.0,,,,,,,,
s042,40,3.7175,greedy,greedy,2,false,not_run_after_fail,,,,0.0,,,,,,,,
s042,35,3.2528,greedy,greedy,2,false,not_run_after_fail,,,,0.0,,,,,,,,
s042,30,2.7881,greedy,greedy,2,false,not_run_after_fail,,,,0.0,,,,,,,,
s043,100,8.1311,greedy,greedy,2,true,,948.7504735799147,7.4984215381408905,1.0569,18.4,1.1323,574,948.75,"[0.9235, 7.4984]","[0.8229, 8.1397]",8.139734631061534,6.282157326277229e-7,optimized
s043,95,7.7245,greedy,greedy,2,true,,954.2736520275886,7.105001203256422,1.0630,18.7,1.1476,574,954.274,"[0.9702, 7.105]","[0.8229, 8.1397]",8.139734631061534,6.9882596588067824e-6,optimized
s043,90,7.3180,greedy,greedy,2,true,,961.270200257313,6.850195670745249,1.0708,18.6,1.1466,574,961.27,"[0.9803, 6.8502]","[0.8229, 8.1397]",8.139734631061534,2.4244974636167167e-7,optimized
s043,85,6.9114,greedy,greedy,2,true,,960.62160565218,6.717935168714967,1.0701,18.7,1.1487,574,960.622,"[0.9796, 6.7179]","[0.8229, 8.1397]",8.139734631061534,9.247758273682849e-6,optimized
s043,80,6.5049,greedy,greedy,2,true,,977.6382493788263,6.502129720398697,1.0890,18.0,1.1058,574,977.638,"[5.0006, 6.5021]","[0.8229, 8.1397]",8.139734631061534,1.624521603696416e-8,optimized
s043,75,6.0983,greedy,greedy,2,false,recovery_failed,1060.3523835549638,6.488518863622504,,17.4,1.0717,574,1060.352,"[5.0167, 6.4885]","[0.8229, 8.1397]",8.139734631061534,-0.3902107826225043,recovery_failed
s043,70,5.6918,greedy,greedy,2,false,not_run_after_fail,,,,0.0,,,,,,,,
s043,65,5.2852,greedy,greedy,2,false,not_run_after_fail,,,,0.0,,,,,,,,
s043,60,4.8786,greedy,greedy,2,false,not_run_after_fail,,,,0.0,,,,,,,,
s043,55,4.4721,greedy,greedy,2,false,not_run_after_fail,,,,0.0,,,,,,,,
s043,50,4.0655,greedy,greedy,2,false,not_run_after_fail,,,,0.0,,,,,,,,
s043,45,3.6590,greedy,greedy,2,false,not_run_after_fail,,,,0.0,,,,,,,,
s043,40,3.2524,greedy,greedy,2,false,not_run_after_fail,,,,0.0,,,,,,,,
s043,35,2.8459,greedy,greedy,2,false,not_run_after_fail,,,,0.0,,,,,,,,
s043,30,2.4393,greedy,greedy,2,false,not_run_after_fail,,,,0.0,,,,,,,,
s044,100,8.6710,greedy,greedy,2,true,,1032.1499007278164,8.332052278127355,1.0144,18.0,1.0784,607,1032.15,"[4.3257, 8.3321]","[3.4101, 8.6707]",8.670705056584678,0.012768363112941362,optimized
s044,95,8.2374,greedy,greedy,2,true,,1025.717382316137,7.948149705385822,1.0081,17.7,1.0641,607,1025.717,"[3.6956, 7.9481]","[3.4101, 8.6707]",8.670705056584678,0.0051297518880346615,optimized
s044,90,7.8039,greedy,greedy,2,true,,1034.4489145630246,7.61890690881659,1.0167,17.3,1.0343,607,1034.449,"[4.1613, 7.6189]","[3.4101, 8.6707]",8.670705056584678,4.365887459789515e-8,optimized
s044,85,7.3703,greedy,greedy,2,true,,1064.6557619882467,7.368777126399142,1.0464,16.3,0.9751,607,1064.656,"[4.009, 7.3688]","[3.4101, 8.6707]",8.670705056584678,0.001571471600858132,optimized
s044,80,6.9368,greedy,greedy,2,false,recovery_failed,1064.656470565483,7.3634690123761795,,16.4,0.9847,607,1064.656,"[4.0091, 7.3635]","[3.4101, 8.6707]",8.670705056584678,-0.42667027337617913,recovery_failed
s044,75,6.5032,greedy,greedy,2,false,not_run_after_fail,,,,0.0,,,,,,,,
s044,70,6.0697,greedy,greedy,2,false,not_run_after_fail,,,,0.0,,,,,,,,
s044,65,5.6361,greedy,greedy,2,false,not_run_after_fail,,,,0.0,,,,,,,,
s044,60,5.2026,greedy,greedy,2,false,not_run_after_fail,,,,0.0,,,,,,,,
s044,55,4.7690,greedy,greedy,2,false,not_run_after_fail,,,,0.0,,,,,,,,
s044,50,4.3355,greedy,greedy,2,false,not_run_after_fail,,,,0.0,,,,,,,,
s044,45,3.9019,greedy,greedy,2,false,not_run_after_fail,,,,0.0,,,,,,,,
s044,40,3.4684,greedy,greedy,2,false,not_run_after_fail,,,,0.0,,,,,,,,
s044,35,3.0348,greedy,greedy,2,false,not_run_after_fail,,,,0.0,,,,,,,,
s044,30,2.6013,greedy,greedy,2,false,not_run_after_fail,,,,0.0,,,,,,,,
s045,100,8.8536,greedy,greedy,2,false,no_solution,null,null,,13.7,0.8286,603,null,[],[],null,,
s045,95,8.4109,greedy,greedy,2,false,not_run_after_fail,,,,0.0,,,,,,,,
s045,90,7.9682,greedy,greedy,2,false,not_run_after_fail,,,,0.0,,,,,,,,
s045,85,7.5255,greedy,greedy,2,false,not_run_after_fail,,,,0.0,,,,,,,,
s045,80,7.0829,greedy,greedy,2,false,not_run_after_fail,,,,0.0,,,,,,,,
s045,75,6.6402,greedy,greedy,2,false,not_run_after_fail,,,,0.0,,,,,,,,
s045,70,6.1975,greedy,greedy,2,false,not_run_after_fail,,,,0.0,,,,,,,,
s045,65,5.7548,greedy,greedy,2,false,not_run_after_fail,,,,0.0,,,,,,,,
s045,60,5.3121,greedy,greedy,2,false,not_run_after_fail,,,,0.0,,,,,,,,
s045,55,4.8695,greedy,greedy,2,false,not_run_after_fail,,,,0.0,,,,,,,,
s045,50,4.4268,greedy,greedy,2,false,not_run_after_fail,,,,0.0,,,,,,,,
s045,45,3.9841,greedy,greedy,2,false,not_run_after_fail,,,,0.0,,,,,,,,
s045,40,3.5414,greedy,greedy,2,false,not_run_after_fail,,,,0.0,,,,,,,,
s045,35,3.0988,greedy,greedy,2,false,not_run_after_fail,,,,0.0,,,,,,,,
s045,30,2.6561,greedy,greedy,2,false,not_run_after_fail,,,,0.0,,,,,,,,
s046,100,5.5511,greedy,greedy,2,true,,1090.7769282080142,5.464938471584112,1.1513,19.8,1.1902,266,1090.777,"[5.9403, 5.4649]","[5.5625, 5.5511]",5.551090595383983,1.2476339179556817e-6,optimized
s046,95,5.2735,greedy,greedy,2,true,,1094.1748875716835,5.265957756894459,1.1549,19.3,1.1606,266,1094.175,"[5.3246, 5.266]","[5.5625, 5.5511]",5.551090595383983,4.80458356832969e-6,optimized
s046,90,4.9960,greedy,greedy,2,false,recovery_failed,1134.5292902731576,5.191509950047029,,16.8,1.0077,266,1134.529,"[5.2824, 5.1915]","[5.5625, 5.5511]",5.551090595383983,-0.19552053004702952,recovery_failed
s046,85,4.7184,greedy,greedy,2,false,not_run_after_fail,,,,0.0,,,,,,,,
s046,80,4.4409,greedy,greedy,2,false,not_run_after_fail,,,,0.0,,,,,,,,
s046,75,4.1633,greedy,greedy,2,false,not_run_after_fail,,,,0.0,,,,,,,,
s046,70,3.8858,greedy,greedy,2,false,not_run_after_fail,,,,0.0,,,,,,,,
s046,65,3.6082,greedy,greedy,2,false,not_run_after_fail,,,,0.0,,,,,,,,
s046,60,3.3307,greedy,greedy,2,false,not_run_after_fail,,,,0.0,,,,,,,,
s046,55,3.0531,greedy,greedy,2,false,not_run_after_fail,,,,0.0,,,,,,,,
s046,50,2.7755,greedy,greedy,2,false,not_run_after_fail,,,,0.0,,,,,,,,
s046,45,2.4980,greedy,greedy,2,false,not_run_after_fail,,,,0.0,,,,,,,,
s046,40,2.2204,greedy,greedy,2,false,not_run_after_fail,,,,0.0,,,,,,,,
s046,35,1.9429,greedy,greedy,2,false,not_run_after_fail,,,,0.0,,,,,,,,
s046,30,1.6653,greedy,greedy,2,false,not_run_after_fail,,,,0.0,,,,,,,,
s047,100,6.5442,greedy,greedy,2,true,,722.2513833783951,4.100342612818739,0.9984,16.6,1.0480,66,722.251,"[4.0745, 4.1003]","[4.3014, 4.6491]",4.649124546608178,4.9906851217612624e-8,optimized
s047,95,6.2170,greedy,greedy,2,true,,722.3428325556036,4.086461354495781,0.9985,16.5,1.0426,66,722.343,"[4.0794, 4.0865]","[4.3014, 4.6491]",4.649124546608178,1.5831372535829447e-8,optimized
s047,90,5.8897,greedy,greedy,2,true,,722.5494823741072,4.069873043647919,0.9988,16.6,1.0487,66,722.549,"[4.0888, 4.0699]","[4.3014, 4.6491]",4.649124546608178,1.9175196510484716e-8,optimized
s047,85,5.5625,greedy,greedy,2,true,,723.3538034880926,4.083334248925222,0.9999,16.4,1.0380,66,723.354,"[4.1407, 4.0833]","[4.3014, 4.6491]",4.649124546608178,1.158289020253278e-8,optimized
s047,80,5.2353,greedy,greedy,2,true,,724.600033913278,4.270048724425077,1.0016,16.6,1.0510,66,724.6,"[3.9089, 4.27]","[4.3014, 4.6491]",4.649124546608178,1.1260289974404647e-7,optimized
s047,75,4.9081,greedy,greedy,2,true,,726.0674447083022,4.087332158030081,1.0037,16.6,1.0478,66,726.067,"[3.9198, 4.0873]","[4.3014, 4.6491]",4.649124546608178,3.608707967867053e-9,optimized
s047,70,4.5809,greedy,greedy,2,true,,735.0205721245034,4.043525030981729,1.0160,16.5,1.0429,66,735.021,"[3.9137, 4.0435]","[4.3014, 4.6491]",4.649124546608178,2.821994887075574e-8,optimized
s047,65,4.2537,greedy,greedy,2,false,recovery_failed,774.2833654141823,4.263290743855497,,15.6,0.9848,66,774.283,"[4.1602, 4.2633]","[4.3014, 4.6491]",4.649124546608178,-0.009583594855496536,recovery_failed
s047,60,3.9265,greedy,greedy,2,false,not_run_after_fail,,,,0.0,,,,,,,,
s047,55,3.5993,greedy,greedy,2,false,not_run_after_fail,,,,0.0,,,,,,,,
s047,50,3.2721,greedy,greedy,2,false,not_run_after_fail,,,,0.0,,,,,,,,
s047,45,2.9449,greedy,greedy,2,false,not_run_after_fail,,,,0.0,,,,,,,,
s047,40,2.6177,greedy,greedy,2,false,not_run_after_fail,,,,0.0,,,,,,,,
s047,35,2.2905,greedy,greedy,2,false,not_run_after_fail,,,,0.0,,,,,,,,
s047,30,1.9632,greedy,greedy,2,false,not_run_after_fail,,,,0.0,,,,,,,,
s048,100,5.5484,greedy,greedy,2,true,,1003.3965182475765,5.40547082035512,1.0847,19.1,1.1479,228,1003.397,"[3.8473, 5.4055]","[4.2057, 5.5484]",5.548406234117692,4.223758492266638e-9,optimized
s048,95,5.2710,greedy,greedy,2,true,,1012.166596348455,5.200969172008469,1.0942,19.2,1.1538,228,1012.167,"[3.8473, 5.201]","[4.2057, 5.5484]",5.548406234117692,2.576153786820745e-9,optimized
s048,90,4.9936,greedy,greedy,2,true,,1029.481565111313,4.9935718626876255,1.1129,19.3,1.1606,228,1029.482,"[3.8473, 4.9936]","[4.2057, 5.5484]",5.548406234117692,2.2312374170496696e-8,optimized
s048,85,4.7162,greedy,greedy,2,true,,1131.1388488397413,4.715599272640877,1.2228,19.7,1.1852,228,1131.139,"[3.8506, 4.7156]","[4.2057, 5.5484]",5.548406234117692,2.137584672809445e-8,optimized
s048,80,4.4387,greedy,greedy,2,false,recovery_failed,1270.467868457089,4.6603805485849525,,20.0,1.2032,228,1270.468,"[3.8573, 4.6604]","[4.2057, 5.5484]",5.548406234117692,-0.22164987258495206,recovery_failed
s048,75,4.1613,greedy,greedy,2,false,not_run_after_fail,,,,0.0,,,,,,,,
s048,70,3.8839,greedy,greedy,2,false,not_run_after_fail,,,,0.0,,,,,,,,
s048,65,3.6065,greedy,greedy,2,false,not_run_after_fail,,,,0.0,,,,,,,,
s048,60,3.3290,greedy,greedy,2,false,not_run_after_fail,,,,0.0,,,,,,,,
s048,55,3.0516,greedy,greedy,2,false,not_run_after_fail,,,,0.0,,,,,,,,
s048,50,2.7742,greedy,greedy,2,false,not_run_after_fail,,,,0.0,,,,,,,,
s048,45,2.4968,greedy,greedy,2,false,not_run_after_fail,,,,0.0,,,,,,,,
s048,40,2.2194,greedy,greedy,2,false,not_run_after_fail,,,,0.0,,,,,,,,
s048,35,1.9419,greedy,greedy,2,false,not_run_after_fail,,,,0.0,,,,,,,,
s048,30,1.6645,greedy,greedy,2,false,not_run_after_fail,,,,0.0,,,,,,,,
s049,100,5.6858,greedy,greedy,2,false,recovery_failed,1091.590890436788,5.648418549166979,,16.5,0.9970,255,1091.591,"[1.3392, 5.6484]","[2.2113, 5.6858]",5.685777433547762,-0.007714299865377569,recovery_failed
s049,95,5.4015,greedy,greedy,2,false,not_run_after_fail,,,,0.0,,,,,,,,
s049,90,5.1172,greedy,greedy,2,false,not_run_after_fail,,,,0.0,,,,,,,,
s049,85,4.8329,greedy,greedy,2,false,not_run_after_fail,,,,0.0,,,,,,,,
s049,80,4.5486,greedy,greedy,2,false,not_run_after_fail,,,,0.0,,,,,,,,
s049,75,4.2643,greedy,greedy,2,false,not_run_after_fail,,,,0.0,,,,,,,,
s049,70,3.9800,greedy,greedy,2,false,not_run_after_fail,,,,0.0,,,,,,,,
s049,65,3.6958,greedy,greedy,2,false,not_run_after_fail,,,,0.0,,,,,,,,
s049,60,3.4115,greedy,greedy,2,false,not_run_after_fail,,,,0.0,,,,,,,,
s049,55,3.1272,greedy,greedy,2,false,not_run_after_fail,,,,0.0,,,,,,,,
s049,50,2.8429,greedy,greedy,2,false,not_run_after_fail,,,,0.0,,,,,,,,
s049,45,2.5586,greedy,greedy,2,false,not_run_after_fail,,,,0.0,,,,,,,,
s049,40,2.2743,greedy,greedy,2,false,not_run_after_fail,,,,0.0,,,,,,,,
s049,35,1.9900,greedy,greedy,2,false,not_run_after_fail,,,,0.0,,,,,,,,
s049,30,1.7057,greedy,greedy,2,false,not_run_after_fail,,,,0.0,,,,,,,,
s050,100,4.1503,greedy,greedy,2,false,recovery_failed,966.8232816071705,4.3940654084493875,,16.1,0.9948,224,966.823,"[2.9288, 4.3941]","[4.0285, 4.071]",4.070973823273516,-39.313463129150705,recovery_failed
s050,95,3.9427,greedy,greedy,2,false,not_run_after_fail,,,,0.0,,,,,,,,
s050,90,3.7352,greedy,greedy,2,false,not_run_after_fail,,,,0.0,,,,,,,,
s050,85,3.5277,greedy,greedy,2,false,not_run_after_fail,,,,0.0,,,,,,,,
s050,80,3.3202,greedy,greedy,2,false,not_run_after_fail,,,,0.0,,,,,,,,
s050,75,3.1127,greedy,greedy,2,false,not_run_after_fail,,,,0.0,,,,,,,,
s050,70,2.9052,greedy,greedy,2,false,not_run_after_fail,,,,0.0,,,,,,,,
s050,65,2.6977,greedy,greedy,2,false,not_run_after_fail,,,,0.0,,,,,,,,
s050,60,2.4902,greedy,greedy,2,false,not_run_after_fail,,,,0.0,,,,,,,,
s050,55,2.2826,greedy,greedy,2,false,not_run_after_fail,,,,0.0,,,,,,,,
s050,50,2.0751,greedy,greedy,2,false,not_run_after_fail,,,,0.0,,,,,,,,
s050,45,1.8676,greedy,greedy,2,false,not_run_after_fail,,,,0.0,,,,,,,,
s050,40,1.6601,greedy,greedy,2,false,not_run_after_fail,,,,0.0,,,,,,,,
s050,35,1.4526,greedy,greedy,2,false,not_run_after_fail,,,,0.0,,,,,,,,
s050,30,1.2451,greedy,greedy,2,false,not_run_after_fail,,,,0.0,,,,,,,,
s051,100,5.9726,greedy,greedy,2,true,,1086.3396864230492,5.318409474758059,1.2871,17.2,1.0394,508,1086.34,"[3.6936, 5.3184]","[3.7292, 5.2632]",5.263246058747581,0.011302394225659049,optimized
s051,95,5.6740,greedy,greedy,2,true,,1086.3396864230492,5.318409474758059,1.2871,16.2,0.9776,508,1086.34,"[3.6936, 5.3184]","[3.7292, 5.2632]",5.263246058747581,0.011302394225659049,optimized
s051,90,5.3753,greedy,greedy,2,true,,1086.3396864230494,5.318409474757982,1.2871,16.3,0.9845,508,1086.34,"[3.6936, 5.3184]","[3.7292, 5.2632]",5.263246058747581,0.011302394225658752,optimized
s051,85,5.0767,greedy,greedy,2,true,,1091.4713465026784,5.045372373523135,1.2932,16.6,1.0042,508,1091.471,"[3.6092, 5.0454]","[3.7292, 5.2632]",5.263246058747581,0.010427303160012742,optimized
s051,80,4.7781,greedy,greedy,2,true,,1092.5517126701725,4.735599160770053,1.2945,19.9,1.2018,508,1092.552,"[3.2742, 4.7356]","[3.7292, 5.2632]",5.263246058747581,0.010811322587428417,optimized
s051,75,4.4795,greedy,greedy,2,true,,1096.5621842287323,4.473058400713566,1.2992,17.3,1.0493,508,1096.562,"[3.1232, 4.4731]","[3.7292, 5.2632]",5.263246058747581,0.006400163286433447,optimized
s051,70,4.1808,greedy,greedy,2,true,,1099.046316534832,4.1792203725325,1.3022,16.5,0.9978,508,1099.046,"[3.0344, 4.1792]","[3.7292, 5.2632]",5.263246058747581,0.001607687467500618,optimized
s051,65,3.8822,greedy,greedy,2,false,recovery_failed,1099.0463155719904,4.179220486598932,,16.4,0.9918,508,1099.046,"[3.0344, 4.1792]","[3.7292, 5.2632]",5.263246058747581,-0.29702293159893145,recovery_failed
s051,60,3.5836,greedy,greedy,2,false,not_run_after_fail,,,,0.0,,,,,,,,
s051,55,3.2849,greedy,greedy,2,false,not_run_after_fail,,,,0.0,,,,,,,,
s051,50,2.9863,greedy,greedy,2,false,not_run_after_fail,,,,0.0,,,,,,,,
s051,45,2.6877,greedy,greedy,2,false,not_run_after_fail,,,,0.0,,,,,,,,
s051,40,2.3890,greedy,greedy,2,false,not_run_after_fail,,,,0.0,,,,,,,,
s051,35,2.0904,greedy,greedy,2,false,not_run_after_fail,,,,0.0,,,,,,,,
s051,30,1.7918,greedy,greedy,2,false,not_run_after_fail,,,,0.0,,,,,,,,
s052,100,7.3896,greedy,greedy,2,true,,1012.9718714837304,6.900815853115277,1.0516,18.2,1.1109,1591,1012.972,"[0.968, 6.9008]","[0.973, 7.3895]",7.389459654338039,1.0562476032704993e-8,optimized
s052,95,7.0202,greedy,greedy,2,true,,1033.724349071465,6.6462209228102545,1.0732,17.9,1.0940,1591,1033.724,"[1.2858, 6.6462]","[0.973, 7.3895]",7.389459654338039,2.1782563756206352e-8,optimized
s052,90,6.6507,greedy,greedy,2,true,,1012.2114166248143,6.421829701497602,1.0508,18.2,1.1088,1591,1012.211,"[0.9885, 6.4218]","[0.973, 7.3895]",7.389459654338039,2.7578944718220644e-9,optimized
s052,85,6.2812,greedy,greedy,2,true,,1019.9563305011976,6.2338968830375805,1.0589,18.1,1.1038,1591,1019.956,"[1.0164, 6.2339]","[0.973, 7.3895]",7.389459654338039,1.0430394815214017e-8,optimized
s052,80,5.9117,greedy,greedy,2,false,recovery_failed,1518.6788786680095,5.980190518625351,,18.5,1.1319,1591,1518.679,"[4.2347, 5.9802]","[0.973, 7.3895]",7.389459654338039,-0.06847037462535077,recovery_failed
s052,75,5.5422,greedy,greedy,2,false,not_run_after_fail,,,,0.0,,,,,,,,
s052,70,5.1728,greedy,greedy,2,false,not_run_after_fail,,,,0.0,,,,,,,,
s052,65,4.8033,greedy,greedy,2,false,not_run_after_fail,,,,0.0,,,,,,,,
s052,60,4.4338,greedy,greedy,2,false,not_run_after_fail,,,,0.0,,,,,,,,
s052,55,4.0643,greedy,greedy,2,false,not_run_after_fail,,,,0.0,,,,,,,,
s052,50,3.6948,greedy,greedy,2,false,not_run_after_fail,,,,0.0,,,,,,,,
s052,45,3.3253,greedy,greedy,2,false,not_run_after_fail,,,,0.0,,,,,,,,
s052,40,2.9559,greedy,greedy,2,false,not_run_after_fail,,,,0.0,,,,,,,,
s052,35,2.5864,greedy,greedy,2,false,not_run_after_fail,,,,0.0,,,,,,,,
s052,30,2.2169,greedy,greedy,2,false,not_run_after_fail,,,,0.0,,,,,,,,
s053,100,4.9907,greedy,greedy,2,true,,822.0384752712915,4.027315124077116,1.1472,17.0,1.0450,80,822.038,"[4.1375, 4.0273]","[4.0275, 4.0392]",4.0391801726898215,2.8316909372883003e-9,optimized
s053,95,4.7411,greedy,greedy,2,true,,824.9536912232893,4.049515271326743,1.1513,17.0,1.0464,80,824.954,"[4.1372, 4.0495]","[4.0275, 4.0392]",4.0391801726898215,3.1234821014358705e-9,optimized
s053,90,4.4916,greedy,greedy,2,true,,822.3600025947134,4.410266873114911,1.1476,16.0,0.9849,80,822.36,"[4.02, 4.4103]","[4.0275, 4.0392]",4.0391801726898215,2.303324208696722e-6,optimized
s053,85,4.2421,greedy,greedy,2,true,,821.0189288018864,4.207392679705942,1.1458,16.2,0.9940,80,821.019,"[3.9898, 4.2074]","[4.0275, 4.0392]",4.0391801726898215,0.010122906691930373,optimized
s053,80,3.9925,greedy,greedy,2,true,,820.2711901715866,3.9372249133504424,1.1447,16.1,0.9914,80,820.271,"[3.9484, 3.9372]","[4.0275, 4.0392]",4.0391801726898215,7.109063631105528e-6,optimized
s053,75,3.7430,greedy,greedy,2,true,,821.4580610458505,3.739046958640245,1.1464,16.4,1.0101,80,821.458,"[3.9032, 3.739]","[4.0275, 4.0392]",4.0391801726898215,0.003949065359754922,optimized
s053,70,3.4935,greedy,greedy,2,false,recovery_failed,827.9456366507723,3.5199808031878184,,16.5,1.0160,80,827.946,"[3.7451, 3.52]","[4.0275, 4.0392]",4.0391801726898215,-0.02651778018781803,recovery_failed
s053,65,3.2439,greedy,greedy,2,false,not_run_after_fail,,,,0.0,,,,,,,,
s053,60,2.9944,greedy,greedy,2,false,not_run_after_fail,,,,0.0,,,,,,,,
s053,55,2.7449,greedy,greedy,2,false,not_run_after_fail,,,,0.0,,,,,,,,
s053,50,2.4953,greedy,greedy,2,false,not_run_after_fail,,,,0.0,,,,,,,,
s053,45,2.2458,greedy,greedy,2,false,not_run_after_fail,,,,0.0,,,,,,,,
s053,40,1.9963,greedy,greedy,2,false,not_run_after_fail,,,,0.0,,,,,,,,
s053,35,1.7467,greedy,greedy,2,false,not_run_after_fail,,,,0.0,,,,,,,,
s053,30,1.4972,greedy,greedy,2,false,not_run_after_fail,,,,0.0,,,,,,,,
s054,100,8.4379,greedy,greedy,2,true,,1083.7394457438486,7.022195050429068,1.1975,18.7,1.1186,752,1083.739,"[6.8872, 7.0222]","[7.6695, 8.3204]",8.320424600816768,2.939753492720021e-9,optimized
s054,95,8.0160,greedy,greedy,2,true,,1146.5057994945385,7.435408286071715,1.2668,18.2,1.0886,752,1146.506,"[6.7374, 7.4354]","[7.6695, 8.3204]",8.320424600816768,5.533524395640033e-9,optimized
s054,90,7.5941,greedy,greedy,2,true,,1155.3213731863136,7.093699845856349,1.2766,20.6,1.2340,752,1155.321,"[6.9458, 7.0937]","[7.6695, 8.3204]",8.320424600816768,0.0033650936337452433,optimized
s054,85,7.1722,greedy,greedy,2,true,,1152.3728882578725,6.9447540015075955,1.2733,19.3,1.1572,752,1152.373,"[6.8509, 6.9448]","[7.6695, 8.3204]",8.320424600816768,0.0015197283515156895,optimized
s054,80,6.7503,greedy,greedy,2,true,,1172.7104421232125,6.583810536327648,1.2958,18.0,1.0813,752,1172.71,"[6.3817, 6.5838]","[7.6695, 8.3204]",8.320424600816768,0.0026666822971723354,optimized
s054,75,6.3284,greedy,greedy,2,true,,1161.5523134102484,6.252370812507411,1.2835,19.1,1.1444,752,1161.552,"[6.1865, 6.2524]","[7.6695, 8.3204]",8.320424600816768,0.002198928727378747,optimized
s054,70,5.9065,greedy,greedy,2,true,,1162.8366952045135,5.819145796539721,1.2849,18.2,1.0937,752,1162.837,"[5.8133, 5.8191]","[7.6695, 8.3204]",8.320424600816768,0.0036476332469481745,optimized
s054,65,5.4846,greedy,greedy,2,false,recovery_failed,1160.732265957224,5.811302238287751,,16.8,1.0103,752,1160.732,"[5.806, 5.8113]","[7.6695, 8.3204]",8.320424600816768,-0.3266951632877504,recovery_failed
s054,60,5.0627,greedy,greedy,2,false,not_run_after_fail,,,,0.0,,,,,,,,
s054,55,4.6408,greedy,greedy,2,false,not_run_after_fail,,,,0.0,,,,,,,,
s054,50,4.2189,greedy,greedy,2,false,not_run_after_fail,,,,0.0,,,,,,,,
s054,45,3.7970,greedy,greedy,2,false,not_run_after_fail,,,,0.0,,,,,,,,
s054,40,3.3751,greedy,greedy,2,false,not_run_after_fail,,,,0.0,,,,,,,,
s054,35,2.9532,greedy,greedy,2,false,not_run_after_fail,,,,0.0,,,,,,,,
s054,30,2.5314,greedy,greedy,2,false,not_run_after_fail,,,,0.0,,,,,,,,
s055,100,4.2209,greedy,greedy,2,false,recovery_failed,1075.6352748864865,4.113154289750237,,18.6,1.1171,183,1075.635,"[3.9118, 4.1132]","[1.9224, 4.2209]",4.220885172589202,-12.133518653125348,recovery_failed
s055,95,4.0099,greedy,greedy,2,false,not_run_after_fail,,,,0.0,,,,,,,,
s055,90,3.7988,greedy,greedy,2,false,not_run_after_fail,,,,0.0,,,,,,,,
s055,85,3.5878,greedy,greedy,2,false,not_run_after_fail,,,,0.0,,,,,,,,
s055,80,3.3767,greedy,greedy,2,false,not_run_after_fail,,,,0.0,,,,,,,,
s055,75,3.1657,greedy,greedy,2,false,not_run_after_fail,,,,0.0,,,,,,,,
s055,70,2.9546,greedy,greedy,2,false,not_run_after_fail,,,,0.0,,,,,,,,
s055,65,2.7436,greedy,greedy,2,false,not_run_after_fail,,,,0.0,,,,,,,,
s055,60,2.5325,greedy,greedy,2,false,not_run_after_fail,,,,0.0,,,,,,,,
s055,55,2.3215,greedy,greedy,2,false,not_run_after_fail,,,,0.0,,,,,,,,
s055,50,2.1105,greedy,greedy,2,false,not_run_after_fail,,,,0.0,,,,,,,,
s055,45,1.8994,greedy,greedy,2,false,not_run_after_fail,,,,0.0,,,,,,,,
s055,40,1.6884,greedy,greedy,2,false,not_run_after_fail,,,,0.0,,,,,,,,
s055,35,1.4773,greedy,greedy,2,false,not_run_after_fail,,,,0.0,,,,,,,,
s055,30,1.2663,greedy,greedy,2,false,not_run_after_fail,,,,0.0,,,,,,,,
s056,100,7.5536,greedy,greedy,2,false,no_solution,null,null,,13.5,0.8396,271,null,[],[],null,,
s056,95,7.1759,greedy,greedy,2,false,not_run_after_fail,,,,0.0,,,,,,,,
s056,90,6.7983,greedy,greedy,2,false,not_run_after_fail,,,,0.0,,,,,,,,
s056,85,6.4206,greedy,greedy,2,false,not_run_after_fail,,,,0.0,,,,,,,,
s056,80,6.0429,greedy,greedy,2,false,not_run_after_fail,,,,0.0,,,,,,,,
s056,75,5.6652,greedy,greedy,2,false,not_run_after_fail,,,,0.0,,,,,,,,
s056,70,5.2875,greedy,greedy,2,false,not_run_after_fail,,,,0.0,,,,,,,,
s056,65,4.9099,greedy,greedy,2,false,not_run_after_fail,,,,0.0,,,,,,,,
s056,60,4.5322,greedy,greedy,2,false,not_run_after_fail,,,,0.0,,,,,,,,
s056,55,4.1545,greedy,greedy,2,false,not_run_after_fail,,,,0.0,,,,,,,,
s056,50,3.7768,greedy,greedy,2,false,not_run_after_fail,,,,0.0,,,,,,,,
s056,45,3.3991,greedy,greedy,2,false,not_run_after_fail,,,,0.0,,,,,,,,
s056,40,3.0214,greedy,greedy,2,false,not_run_after_fail,,,,0.0,,,,,,,,
s056,35,2.6438,greedy,greedy,2,false,not_run_after_fail,,,,0.0,,,,,,,,
s056,30,2.2661,greedy,greedy,2,false,not_run_after_fail,,,,0.0,,,,,,,,
s057,100,5.6828,greedy,greedy,2,false,recovery_failed,1253.784490158596,5.428504849086051,,18.9,1.1375,293,1253.784,"[4.2232, 5.4285]","[3.1562, 5.6845]",5.684520592442488,-23.197694305902584,recovery_failed
s057,95,5.3986,greedy,greedy,2,false,not_run_after_fail,,,,0.0,,,,,,,,
s057,90,5.1145,greedy,greedy,2,false,not_run_after_fail,,,,0.0,,,,,,,,
s057,85,4.8304,greedy,greedy,2,false,not_run_after_fail,,,,0.0,,,,,,,,
s057,80,4.5462,greedy,greedy,2,false,not_run_after_fail,,,,0.0,,,,,,,,
s057,75,4.2621,greedy,greedy,2,false,not_run_after_fail,,,,0.0,,,,,,,,
s057,70,3.9780,greedy,greedy,2,false,not_run_after_fail,,,,0.0,,,,,,,,
s057,65,3.6938,greedy,greedy,2,false,not_run_after_fail,,,,0.0,,,,,,,,
s057,60,3.4097,greedy,greedy,2,false,not_run_after_fail,,,,0.0,,,,,,,,
s057,55,3.1255,greedy,greedy,2,false,not_run_after_fail,,,,0.0,,,,,,,,
s057,50,2.8414,greedy,greedy,2,false,not_run_after_fail,,,,0.0,,,,,,,,
s057,45,2.5573,greedy,greedy,2,false,not_run_after_fail,,,,0.0,,,,,,,,
s057,40,2.2731,greedy,greedy,2,false,not_run_after_fail,,,,0.0,,,,,,,,
s057,35,1.9890,greedy,greedy,2,false,not_run_after_fail,,,,0.0,,,,,,,,
s057,30,1.7048,greedy,greedy,2,false,not_run_after_fail,,,,0.0,,,,,,,,
s058,100,5.2066,greedy,greedy,2,true,,791.2269289145545,5.035730221428881,1.1149,17.5,1.0865,142,791.227,"[4.7273, 5.0357]","[5.2066, 5.2066]",5.206611631593006,3.797517435927267e-9,optimized
s058,95,4.9463,greedy,greedy,2,true,,797.4653655991933,4.820581590250697,1.1237,17.3,1.0704,142,797.465,"[4.7931, 4.8206]","[5.2066, 5.2066]",5.206611631593006,3.132716301479377e-6,optimized
s058,90,4.6860,greedy,greedy,2,true,,821.1592181698668,4.6806746588448735,1.1571,15.7,0.9702,142,821.159,"[4.9906, 4.6807]","[5.2066, 5.2066]",5.206611631593006,0.0015177668342403194,optimized
s058,85,4.4256,greedy,greedy,2,true,,819.0875196895154,4.381301202704622,1.1542,16.1,0.9981,142,819.088,"[4.9096, 4.3813]","[5.2066, 5.2066]",5.206611631593006,0.0010465017459029453,optimized
s058,80,4.1653,greedy,greedy,2,false,recovery_failed,818.3996326111941,4.164151377148207,,16.2,1.0036,142,818.4,"[4.1967, 4.1642]","[5.2066, 5.2066]",5.206611631593006,-0.0018292220317281255,recovery_failed
s058,75,3.9050,greedy,greedy,2,false,not_run_after_fail,,,,0.0,,,,,,,,
s058,70,3.6446,greedy,greedy,2,false,not_run_after_fail,,,,0.0,,,,,,,,
s058,65,3.3843,greedy,greedy,2,false,not_run_after_fail,,,,0.0,,,,,,,,
s058,60,3.1240,greedy,greedy,2,false,not_run_after_fail,,,,0.0,,,,,,,,
s058,55,2.8636,greedy,greedy,2,false,not_run_after_fail,,,,0.0,,,,,,,,
s058,50,2.6033,greedy,greedy,2,false,not_run_after_fail,,,,0.0,,,,,,,,
s058,45,2.3430,greedy,greedy,2,false,not_run_after_fail,,,,0.0,,,,,,,,
s058,40,2.0826,greedy,greedy,2,false,not_run_after_fail,,,,0.0,,,,,,,,
s058,35,1.8223,greedy,greedy,2,false,not_run_after_fail,,,,0.0,,,,,,,,
s058,30,1.5620,greedy,greedy,2,false,not_run_after_fail,,,,0.0,,,,,,,,
s059,100,8.2417,greedy,greedy,2,true,,799.2354031968104,6.92640629678859,1.0540,18.4,1.1285,98,799.235,"[7.0956, 6.9264]","[6.923, 7.5949]",7.594946228771687,0.007856160717155766,optimized
s059,95,7.8296,greedy,greedy,2,true,,799.1988498326208,6.958481131580048,1.0540,18.4,1.1289,98,799.199,"[7.084, 6.9585]","[6.923, 7.5949]",7.594946228771687,0.005805319802215422,optimized
s059,90,7.4175,greedy,greedy,2,true,,820.1608546644807,7.264693361204463,1.0816,18.2,1.1186,98,820.161,"[6.8468, 7.2647]","[6.923, 7.5949]",7.594946228771687,0.009187447165379836,optimized
s059,85,7.0054,greedy,greedy,2,true,,814.6874141069368,6.934225685463475,1.0744,18.3,1.1224,98,814.687,"[6.6731, 6.9342]","[6.923, 7.5949]",7.594946228771687,0.008372712945168542,optimized
s059,80,6.5934,greedy,greedy,2,true,,815.8603874399431,6.488407730461124,1.0760,18.0,1.1047,98,815.86,"[6.25, 6.4884]","[6.923, 7.5949]",7.594946228771687,0.00731245548460039,optimized
s059,75,6.1813,greedy,greedy,2,true,,820.2470298574335,6.174033665971884,1.0817,16.4,1.0108,98,820.247,"[5.9122, 6.174]","[6.923, 7.5949]",7.594946228771687,0.007246364028115515,optimized
s059,70,5.7692,greedy,greedy,2,true,,824.6777578328561,5.767614501001511,1.0876,16.6,1.0212,98,824.678,"[5.4695, 5.7676]","[6.923, 7.5949]",7.594946228771687,0.001580260998488292,optimized
s059,65,5.3571,greedy,greedy,2,true,,828.8665776667561,5.355203815888443,1.0931,16.7,1.0266,98,828.867,"[5.0173, 5.3552]","[6.923, 7.5949]",7.594946228771687,0.0019056771115568694,optimized
s059,60,4.9450,greedy,greedy,2,false,recovery_failed,831.2487424268627,5.188974703287337,,16.9,1.0398,98,831.249,"[4.8176, 5.189]","[6.923, 7.5949]",7.594946228771687,-0.24395047928733682,recovery_failed
s059,55,4.5329,greedy,greedy,2,false,not_run_after_fail,,,,0.0,,,,,,,,
s059,50,4.1209,greedy,greedy,2,false,not_run_after_fail,,,,0.0,,,,,,,,
s059,45,3.7088,greedy,greedy,2,false,not_run_after_fail,,,,0.0,,,,,,,,
s059,40,3.2967,greedy,greedy,2,false,not_run_after_fail,,,,0.0,,,,,,,,
s059,35,2.8846,greedy,greedy,2,false,not_run_after_fail,,,,0.0,,,,,,,,
s059,30,2.4725,greedy,greedy,2,false,not_run_after_fail,,,,0.0,,,,,,,,
s060,100,8.1087,greedy,greedy,2,true,,1029.3760889793134,7.100202449163686,1.2305,18.2,1.1195,339,1029.376,"[1.1617, 7.1002]","[1.7806, 8.1087]",8.108674347605016,0.0018460947063674883,optimized
s060,95,7.7032,greedy,greedy,2,true,,1030.4882232613843,6.5890068480389505,1.2319,18.7,1.1470,339,1030.488,"[1.1596, 6.589]","[1.7806, 8.1087]",8.108674347605016,0.00028823096158703265,optimized
s060,90,7.2978,greedy,greedy,2,true,,1007.0050743954669,7.249778332463202,1.2038,19.9,1.2212,339,1007.005,"[1.1436, 7.2498]","[1.7806, 8.1087]",8.108674347605016,0.0026386994632472474,optimized
s060,85,6.8924,greedy,greedy,2,true,,998.7280615161701,6.870127285989517,1.1939,17.8,1.0922,339,998.728,"[1.1433, 6.8701]","[1.7806, 8.1087]",8.108674347605016,8.769423606426463e-6,optimized
s060,80,6.4869,greedy,greedy,2,true,,996.9829872421974,6.460867787069607,1.1918,18.7,1.1459,339,996.983,"[1.1431, 6.4609]","[1.7806, 8.1087]",8.108674347605016,2.5877036504390327e-5,optimized
s060,75,6.0815,greedy,greedy,2,true,,998.6107075971352,6.0811648369474804,1.1938,19.3,1.1823,339,998.611,"[1.1427, 6.0812]","[1.7806, 8.1087]",8.108674347605016,0.0003407270525199735,optimized
s060,70,5.6761,greedy,greedy,2,false,recovery_failed,996.9225659393129,5.859483976085951,,20.0,1.2253,339,996.923,"[1.1409, 5.8595]","[1.7806, 8.1087]",8.108674347605016,-0.183412049085951,recovery_failed
s060,65,5.2706,greedy,greedy,2,false,not_run_after_fail,,,,0.0,,,,,,,,
s060,60,4.8652,greedy,greedy,2,false,not_run_after_fail,,,,0.0,,,,,,,,
s060,55,4.4598,greedy,greedy,2,false,not_run_after_fail,,,,0.0,,,,,,,,
s060,50,4.0543,greedy,greedy,2,false,not_run_after_fail,,,,0.0,,,,,,,,
s060,45,3.6489,greedy,greedy,2,false,not_run_after_fail,,,,0.0,,,,,,,,
s060,40,3.2435,greedy,greedy,2,false,not_run_after_fail,,,,0.0,,,,,,,,
s060,35,2.8380,greedy,greedy,2,false,not_run_after_fail,,,,0.0,,,,,,,,
s060,30,2.4326,greedy,greedy,2,false,not_run_after_fail,,,,0.0,,,,,,,,
s061,100,6.9261,greedy,greedy,2,false,recovery_failed,1020.865577379187,6.580456741156106,,16.2,1.0007,458,1020.866,"[6.0324, 6.5805]","[5.7327, 6.868]",6.868007392183155,-5.478578426139504,recovery_failed
s061,95,6.5798,greedy,greedy,2,false,not_run_after_fail,,,,0.0,,,,,,,,
s061,90,6.2335,greedy,greedy,2,false,not_run_after_fail,,,,0.0,,,,,,,,
s061,85,5.8872,greedy,greedy,2,false,not_run_after_fail,,,,0.0,,,,,,,,
s061,80,5.5409,greedy,greedy,2,false,not_run_after_fail,,,,0.0,,,,,,,,
s061,75,5.1946,greedy,greedy,2,false,not_run_after_fail,,,,0.0,,,,,,,,
s061,70,4.8483,greedy,greedy,2,false,not_run_after_fail,,,,0.0,,,,,,,,
s061,65,4.5020,greedy,greedy,2,false,not_run_after_fail,,,,0.0,,,,,,,,
s061,60,4.1557,greedy,greedy,2,false,not_run_after_fail,,,,0.0,,,,,,,,
s061,55,3.8094,greedy,greedy,2,false,not_run_after_fail,,,,0.0,,,,,,,,
s061,50,3.4631,greedy,greedy,2,false,not_run_after_fail,,,,0.0,,,,,,,,
s061,45,3.1168,greedy,greedy,2,false,not_run_after_fail,,,,0.0,,,,,,,,
s061,40,2.7704,greedy,greedy,2,false,not_run_after_fail,,,,0.0,,,,,,,,
s061,35,2.4241,greedy,greedy,2,false,not_run_after_fail,,,,0.0,,,,,,,,
s061,30,2.0778,greedy,greedy,2,false,not_run_after_fail,,,,0.0,,,,,,,,
s062,100,7.1821,greedy,greedy,2,true,,1047.5879534342403,3.3777835073785694,1.0619,18.8,1.1387,1192,1047.588,"[3.2455, 3.3778]","[5.6613, 6.1657]",6.165652027994129,1.3615978587677713e-9,optimized
s062,95,6.8230,greedy,greedy,2,true,,1047.7686624927082,3.3889860541239476,1.0621,18.9,1.1413,1192,1047.769,"[3.2605, 3.389]","[5.6613, 6.1657]",6.165652027994129,1.8933989820446584e-8,optimized
s062,90,6.4639,greedy,greedy,2,true,,1049.7653252102098,3.4242722600517292,1.0641,18.9,1.1427,1192,1049.765,"[3.2947, 3.4243]","[5.6613, 6.1657]",6.165652027994129,8.525117563273898e-9,optimized
s062,85,6.1048,greedy,greedy,2,true,,1235.608568589567,5.357733920391942,1.2525,16.6,1.0036,1192,1235.609,"[5.3564, 5.3577]","[5.6613, 6.1657]",6.165652027994129,0.00833898611505791,optimized
s062,80,5.7457,greedy,greedy,2,true,,1205.0784548082233,5.445446690928375,1.2216,18.5,1.1215,1192,1205.078,"[5.2431, 5.4454]","[5.6613, 6.1657]",6.165652027994129,1.9255766078862813e-9,optimized
s062,75,5.3866,greedy,greedy,2,false,recovery_failed,1226.445461521767,5.390406394369313,,16.1,0.9724,1192,1226.445,"[5.389, 5.3904]","[5.6613, 6.1657]",6.165652027994129,-7.605694068191352,recovery_failed
s062,70,5.0275,greedy,greedy,2,false,not_run_after_fail,,,,0.0,,,,,,,,
s062,65,4.6684,greedy,greedy,2,false,not_run_after_fail,,,,0.0,,,,,,,,
s062,60,4.3093,greedy,greedy,2,false,not_run_after_fail,,,,0.0,,,,,,,,
s062,55,3.9502,greedy,greedy,2,false,not_run_after_fail,,,,0.0,,,,,,,,
s062,50,3.5910,greedy,greedy,2,false,not_run_after_fail,,,,0.0,,,,,,,,
s062,45,3.2319,greedy,greedy,2,false,not_run_after_fail,,,,0.0,,,,,,,,
s062,40,2.8728,greedy,greedy,2,false,not_run_after_fail,,,,0.0,,,,,,,,
s062,35,2.5137,greedy,greedy,2,false,not_run_after_fail,,,,0.0,,,,,,,,
s062,30,2.1546,greedy,greedy,2,false,not_run_after_fail,,,,0.0,,,,,,,,
s063,100,5.0006,greedy,greedy,2,false,recovery_failed,1167.9224987223643,4.9840375380934825,,16.9,1.0244,328,1167.922,"[2.0032, 4.984]","[2.8481, 5.0006]",5.0005840550404095,-10.706545255969017,recovery_failed
s063,95,4.7505,greedy,greedy,2,false,not_run_after_fail,,,,0.0,,,,,,,,
s063,90,4.5005,greedy,greedy,2,false,not_run_after_fail,,,,0.0,,,,,,,,
s063,85,4.2505,greedy,greedy,2,false,not_run_after_fail,,,,0.0,,,,,,,,
s063,80,4.0005,greedy,greedy,2,false,not_run_after_fail,,,,0.0,,,,,,,,
s063,75,3.7504,greedy,greedy,2,false,not_run_after_fail,,,,0.0,,,,,,,,
s063,70,3.5004,greedy,greedy,2,false,not_run_after_fail,,,,0.0,,,,,,,,
s063,65,3.2504,greedy,greedy,2,false,not_run_after_fail,,,,0.0,,,,,,,,
s063,60,3.0003,greedy,greedy,2,false,not_run_after_fail,,,,0.0,,,,,,,,
s063,55,2.7503,greedy,greedy,2,false,not_run_after_fail,,,,0.0,,,,,,,,
s063,50,2.5003,greedy,greedy,2,false,not_run_after_fail,,,,0.0,,,,,,,,
s063,45,2.2503,greedy,greedy,2,false,not_run_after_fail,,,,0.0,,,,,,,,
s063,40,2.0002,greedy,greedy,2,false,not_run_after_fail,,,,0.0,,,,,,,,
s063,35,1.7502,greedy,greedy,2,false,not_run_after_fail,,,,0.0,,,,,,,,
s063,30,1.5002,greedy,greedy,2,false,not_run_after_fail,,,,0.0,,,,,,,,
s065,100,4.2830,greedy,greedy,2,false,no_solution,null,null,,13.7,0.8203,544,null,[],[],null,,
s065,95,4.0688,greedy,greedy,2,false,not_run_after_fail,,,,0.0,,,,,,,,
s065,90,3.8547,greedy,greedy,2,false,not_run_after_fail,,,,0.0,,,,,,,,
s065,85,3.6405,greedy,greedy,2,false,not_run_after_fail,,,,0.0,,,,,,,,
s065,80,3.4264,greedy,greedy,2,false,not_run_after_fail,,,,0.0,,,,,,,,
s065,75,3.2122,greedy,greedy,2,false,not_run_after_fail,,,,0.0,,,,,,,,
s065,70,2.9981,greedy,greedy,2,false,not_run_after_fail,,,,0.0,,,,,,,,
s065,65,2.7839,greedy,greedy,2,false,not_run_after_fail,,,,0.0,,,,,,,,
s065,60,2.5698,greedy,greedy,2,false,not_run_after_fail,,,,0.0,,,,,,,,
s065,55,2.3556,greedy,greedy,2,false,not_run_after_fail,,,,0.0,,,,,,,,
s065,50,2.1415,greedy,greedy,2,false,not_run_after_fail,,,,0.0,,,,,,,,
s065,45,1.9273,greedy,greedy,2,false,not_run_after_fail,,,,0.0,,,,,,,,
s065,40,1.7132,greedy,greedy,2,false,not_run_after_fail,,,,0.0,,,,,,,,
s065,35,1.4990,greedy,greedy,2,false,not_run_after_fail,,,,0.0,,,,,,,,
s065,30,1.2849,greedy,greedy,2,false,not_run_after_fail,,,,0.0,,,,,,,,
s066,100,5.4014,greedy,greedy,2,true,,725.542021673501,5.401450876505029,1.1265,17.1,1.0672,51,725.542,"[1.3123, 5.4015]","[0.8955, 5.4225]",5.422511067834688,5.449497120224578e-8,optimized
s066,95,5.1314,greedy,greedy,2,true,,743.7892014309623,5.131378417553426,1.1548,17.1,1.0692,51,743.789,"[1.3096, 5.1314]","[0.8955, 5.4225]",5.422511067834688,1.744657396329785e-8,optimized
s066,90,4.8613,greedy,greedy,2,true,,778.6651675006943,4.861305895693887,1.2090,16.9,1.0557,51,778.665,"[2.0705, 4.8613]","[0.8955, 5.4225]",5.422511067834688,4.230611327926681e-8,optimized
s066,85,4.5912,greedy,greedy,2,true,,819.307005930409,4.591233420505233,1.2721,17.1,1.0681,51,819.307,"[4.7384, 4.5912]","[0.8955, 5.4225]",5.422511067834688,2.0494766772571893e-8,optimized
s066,80,4.3212,greedy,greedy,2,false,recovery_failed,888.1863989585843,4.529531112696896,,16.8,1.0472,51,888.186,"[4.9321, 4.5295]","[0.8955, 5.4225]",5.422511067834688,-0.20837016769689587,recovery_failed
s066,75,4.0511,greedy,greedy,2,false,not_run_after_fail,,,,0.0,,,,,,,,
s066,70,3.7810,greedy,greedy,2,false,not_run_after_fail,,,,0.0,,,,,,,,
s066,65,3.5109,greedy,greedy,2,false,not_run_after_fail,,,,0.0,,,,,,,,
s066,60,3.2409,greedy,greedy,2,false,not_run_after_fail,,,,0.0,,,,,,,,
s066,55,2.9708,greedy,greedy,2,false,not_run_after_fail,,,,0.0,,,,,,,,
s066,50,2.7007,greedy,greedy,2,false,not_run_after_fail,,,,0.0,,,,,,,,
s066,45,2.4307,greedy,greedy,2,false,not_run_after_fail,,,,0.0,,,,,,,,
s066,40,2.1606,greedy,greedy,2,false,not_run_after_fail,,,,0.0,,,,,,,,
s066,35,1.8905,greedy,greedy,2,false,not_run_after_fail,,,,0.0,,,,,,,,
s066,30,1.6204,greedy,greedy,2,false,not_run_after_fail,,,,0.0,,,,,,,,
s067,100,8.0003,greedy,greedy,2,true,,905.9423564185037,7.695997089750048,1.1135,17.7,1.0814,111,905.942,"[6.7992, 7.696]","[7.0432, 7.756]",7.7559831548140385,0.009255721029118591,optimized
s067,95,7.6003,greedy,greedy,2,true,,907.247706230473,7.552808905857333,1.1151,17.1,1.0455,111,907.248,"[6.7019, 7.5528]","[7.0432, 7.756]",7.7559831548140385,0.008297772774862742,optimized
s067,90,7.2003,greedy,greedy,2,true,,900.5001768975134,7.152831031166602,1.1068,17.9,1.0911,111,900.5,"[6.8216, 7.1528]","[7.0432, 7.756]",7.7559831548140385,0.008401237505624055,optimized
s067,85,6.8003,greedy,greedy,2,true,,894.4316497927349,6.7610924530626715,1.0993,17.6,1.0715,111,894.432,"[6.6163, 6.7611]","[7.0432, 7.756]",7.7559831548140385,0.0037457751080643177,optimized
s067,80,6.4003,greedy,greedy,2,false,recovery_failed,899.3658449218696,6.652287294678947,,16.5,1.0094,111,899.366,"[6.7836, 6.6523]","[7.0432, 7.756]",7.7559831548140385,-0.25202367167894746,recovery_failed
s067,75,6.0002,greedy,greedy,2,false,not_run_after_fail,,,,0.0,,,,,,,,
s067,70,5.6002,greedy,greedy,2,false,not_run_after_fail,,,,0.0,,,,,,,,
s067,65,5.2002,greedy,greedy,2,false,not_run_after_fail,,,,0.0,,,,,,,,
s067,60,4.8002,greedy,greedy,2,false,not_run_after_fail,,,,0.0,,,,,,,,
s067,55,4.4002,greedy,greedy,2,false,not_run_after_fail,,,,0.0,,,,,,,,
s067,50,4.0002,greedy,greedy,2,false,not_run_after_fail,,,,0.0,,,,,,,,
s067,45,3.6001,greedy,greedy,2,false,not_run_after_fail,,,,0.0,,,,,,,,
s067,40,3.2001,greedy,greedy,2,false,not_run_after_fail,,,,0.0,,,,,,,,
s067,35,2.8001,greedy,greedy,2,false,not_run_after_fail,,,,0.0,,,,,,,,
s067,30,2.4001,greedy,greedy,2,false,not_run_after_fail,,,,0.0,,,,,,,,
s068,100,5.2697,greedy,greedy,2,true,,851.4366542508096,4.947949963659778,1.0684,17.0,1.0402,264,851.437,"[6.3997, 4.9479]","[5.2352, 5.2697]",5.269723669996184,1.906747557414712e-8,optimized
s068,95,5.0062,greedy,greedy,2,true,,851.0812209074957,4.694800740965735,1.0679,17.1,1.0416,264,851.081,"[6.3796, 4.6948]","[5.2352, 5.2697]",5.269723669996184,2.490316328151998e-9,optimized
s068,90,4.7427,greedy,greedy,2,true,,848.9472965649602,4.430356267329157,1.0653,17.0,1.0411,264,848.947,"[6.3707, 4.4304]","[5.2352, 5.2697]",5.269723669996184,2.1017306284232262e-8,optimized
s068,85,4.4793,greedy,greedy,2,true,,850.1204060966708,4.265097039588391,1.0667,17.1,1.0458,264,850.12,"[6.5146, 4.2651]","[5.2352, 5.2697]",5.269723669996184,3.177181957109143e-8,optimized
s068,80,4.2158,greedy,greedy,2,true,,869.3973520990784,4.194364337574355,1.0909,17.2,1.0514,264,869.397,"[6.8277, 4.1944]","[5.2352, 5.2697]",5.269723669996184,1.6371891977534636e-8,optimized
s068,75,3.9523,greedy,greedy,2,false,recovery_failed,1106.5057492677709,4.1208333711529885,,19.0,1.1600,264,1106.506,"[8.7418, 4.1208]","[5.2352, 5.2697]",5.269723669996184,-0.16854082315298857,recovery_failed
s068,70,3.6888,greedy,greedy,2,false,not_run_after_fail,,,,0.0,,,,,,,,
s068,65,3.4253,greedy,greedy,2,false,not_run_after_fail,,,,0.0,,,,,,,,
s068,60,3.1618,greedy,greedy,2,false,not_run_after_fail,,,,0.0,,,,,,,,
s068,55,2.8983,greedy,greedy,2,false,not_run_after_fail,,,,0.0,,,,,,,,
s068,50,2.6349,greedy,greedy,2,false,not_run_after_fail,,,,0.0,,,,,,,,
s068,45,2.3714,greedy,greedy,2,false,not_run_after_fail,,,,0.0,,,,,,,,
s068,40,2.1079,greedy,greedy,2,false,not_run_after_fail,,,,0.0,,,,,,,,
s068,35,1.8444,greedy,greedy,2,false,not_run_after_fail,,,,0.0,,,,,,,,
s068,30,1.5809,greedy,greedy,2,false,not_run_after_fail,,,,0.0,,,,,,,,
s069,100,5.3760,greedy,greedy,2,true,,957.3540213407623,4.126929142249596,1.0413,17.5,1.0456,288,957.354,"[2.7356, 4.1269]","[3.1337, 3.2069]",3.2069210493280904,1.9517000286739528e-8,optimized
s069,95,5.1072,greedy,greedy,2,true,,956.9240536831915,4.128825927876703,1.0408,17.1,1.0268,288,956.924,"[2.7356, 4.1288]","[3.1337, 3.2069]",3.2069210493280904,7.739344248802738e-9,optimized
s069,90,4.8384,greedy,greedy,2,true,,956.2837646712661,4.130305423658641,1.0401,17.2,1.0320,288,956.284,"[2.7355, 4.1303]","[3.1337, 3.2069]",3.2069210493280904,1.7007931174539692e-10,optimized
s069,85,4.5696,greedy,greedy,2,true,,947.70163998598,4.149713507653,1.0308,17.5,1.0454,288,947.702,"[2.6623, 4.1497]","[3.1337, 3.2069]",3.2069210493280904,6.754990768825797e-8,optimized
s069,80,4.3008,greedy,greedy,2,true,,946.9595147781862,4.15108747923414,1.0300,17.5,1.0465,288,946.96,"[2.6598, 4.1511]","[3.1337, 3.2069]",3.2069210493280904,2.14273795234865e-9,optimized
s069,75,4.0320,greedy,greedy,2,true,,958.5726261098573,2.944843212054658,1.0426,17.4,1.0413,288,958.573,"[2.6457, 2.9448]","[3.1337, 3.2069]",3.2069210493280904,3.1325132908932574e-5,optimized
s069,70,3.7632,greedy,greedy,2,true,,961.3442957825926,2.8278005297140494,1.0456,17.3,1.0391,288,961.344,"[2.6222, 2.8278]","[3.1337, 3.2069]",3.2069210493280904,6.999953290620642e-10,optimized
s069,65,3.4944,greedy,greedy,2,true,,972.0682762374597,2.807285667018619,1.0573,18.6,1.1134,288,972.068,"[2.7769, 2.8073]","[3.1337, 3.2069]",3.2069210493280904,4.928570092488371e-6,optimized
s069,60,3.2256,greedy,greedy,2,true,,994.5713141683412,3.1256040412185047,1.0818,15.9,0.9506,288,994.571,"[3.1041, 3.1256]","[3.1337, 3.2069]",3.2069210493280904,2.9342239713514573e-5,optimized
s069,55,2.9568,greedy,greedy,2,true,,993.1461272631183,2.8029854194172703,1.0802,16.0,0.9598,288,993.146,"[3.0716, 2.803]","[3.1337, 3.2069]",3.2069210493280904,1.3807151617584168e-6,optimized
s069,50,2.6880,greedy,greedy,2,true,,988.1180883706481,2.494596242674232,1.0747,18.5,1.1095,288,988.118,"[2.9859, 2.4946]","[3.1337, 3.2069]",3.2069210493280904,1.4911725656929775e-5,optimized
s069,45,2.4192,greedy,greedy,2,false,recovery_failed,993.7983093825858,2.5679987073357213,,15.5,0.9280,288,993.798,"[3.0253, 2.568]","[3.1337, 3.2069]",3.2069210493280904,-0.14880234033572126,recovery_failed
s069,40,2.1504,greedy,greedy,2,false,not_run_after_fail,,,,0.0,,,,,,,,
s069,35,1.8816,greedy,greedy,2,false,not_run_after_fail,,,,0.0,,,,,,,,
s069,30,1.6128,greedy,greedy,2,false,not_run_after_fail,,,,0.0,,,,,,,,
s070,100,8.4915,greedy,greedy,2,true,,1404.689535922254,8.196649059433877,1.4581,18.3,1.0781,3620,1404.69,"[7.8836, 8.1966]","[7.8825, 8.4841]",8.48411479367249,1.3901084032295202e-5,optimized
s070,95,8.0670,greedy,greedy,2,true,,1403.4958674761372,7.894986385795719,1.4568,18.2,1.0698,3620,1403.496,"[7.8526, 7.895]","[7.8825, 8.4841]",8.48411479367249,2.1390979070834426e-5,optimized
s070,90,7.6424,greedy,greedy,2,true,,1403.9655239263368,7.568558520526864,1.4573,18.7,1.0991,3620,1403.966,"[7.8424, 7.5686]","[7.8825, 8.4841]",8.48411479367249,0.0005616229144627949,optimized
s070,85,7.2178,greedy,greedy,2,true,,1405.080296775467,7.198408948337776,1.4585,19.7,1.1569,3620,1405.08,"[7.8226, 7.1984]","[7.8825, 8.4841]",8.48411479367249,0.0005190486003238196,optimized
s070,80,6.7932,greedy,greedy,2,true,,1382.5344237291056,6.771259700108946,1.4351,22.0,1.2949,3620,1382.534,"[7.778, 6.7713]","[7.8825, 8.4841]",8.48411479367249,0.0025482699663552932,optimized
s070,75,6.3687,greedy,greedy,2,true,,1359.126119618473,6.338627066749619,1.4108,22.8,1.3412,3620,1359.126,"[7.7409, 6.3386]","[7.8825, 8.4841]",8.48411479367249,0.0016152945348862462,optimized
s070,70,5.9441,greedy,greedy,2,false,recovery_failed,1347.8455412865278,5.910963452826178,,23.6,1.3911,3620,1347.846,"[7.7151, 5.911]","[7.8825, 8.4841]",8.48411479367249,-0.0017703083038860291,recovery_failed
s070,65,5.5195,greedy,greedy,2,false,not_run_after_fail,,,,0.0,,,,,,,,
s070,60,5.0949,greedy,greedy,2,false,not_run_after_fail,,,,0.0,,,,,,,,
s070,55,4.6703,greedy,greedy,2,false,not_run_after_fail,,,,0.0,,,,,,,,
s070,50,4.2458,greedy,greedy,2,false,not_run_after_fail,,,,0.0,,,,,,,,
s070,45,3.8212,greedy,greedy,2,false,not_run_after_fail,,,,0.0,,,,,,,,
s070,40,3.3966,greedy,greedy,2,false,not_run_after_fail,,,,0.0,,,,,,,,
s070,35,2.9720,greedy,greedy,2,false,not_run_after_fail,,,,0.0,,,,,,,,
s070,30,2.5475,greedy,greedy,2,false,not_run_after_fail,,,,0.0,,,,,,,,
s071,100,4.5053,greedy,greedy,2,true,,967.4724867541852,4.50220121459231,1.0921,16.2,0.9919,191,967.472,"[1.0546, 4.5022]","[1.0566, 4.5053]",4.505310978435984,0.003115970407690405,optimized
s071,95,4.2801,greedy,greedy,2,false,recovery_failed,962.6338159808362,4.523818907024553,,16.3,1.0005,191,962.634,"[1.039, 4.5238]","[1.0566, 4.5053]",4.505310978435984,-0.24376753202455248,recovery_failed
s071,90,4.0548,greedy,greedy,2,false,not_run_after_fail,,,,0.0,,,,,,,,
s071,85,3.8295,greedy,greedy,2,false,not_run_after_fail,,,,0.0,,,,,,,,
s071,80,3.6043,greedy,greedy,2,false,not_run_after_fail,,,,0.0,,,,,,,,
s071,75,3.3790,greedy,greedy,2,false,not_run_after_fail,,,,0.0,,,,,,,,
s071,70,3.1537,greedy,greedy,2,false,not_run_after_fail,,,,0.0,,,,,,,,
s071,65,2.9285,greedy,greedy,2,false,not_run_after_fail,,,,0.0,,,,,,,,
s071,60,2.7032,greedy,greedy,2,false,not_run_after_fail,,,,0.0,,,,,,,,
s071,55,2.4779,greedy,greedy,2,false,not_run_after_fail,,,,0.0,,,,,,,,
s071,50,2.2527,greedy,greedy,2,false,not_run_after_fail,,,,0.0,,,,,,,,
s071,45,2.0274,greedy,greedy,2,false,not_run_after_fail,,,,0.0,,,,,,,,
s071,40,1.8021,greedy,greedy,2,false,not_run_after_fail,,,,0.0,,,,,,,,
s071,35,1.5769,greedy,greedy,2,false,not_run_after_fail,,,,0.0,,,,,,,,
s071,30,1.3516,greedy,greedy,2,false,not_run_after_fail,,,,0.0,,,,,,,,
s072,100,9.9498,greedy,greedy,2,true,,848.8662435117296,8.406357072614401,1.0354,18.5,1.1205,51,848.866,"[8.2041, 8.4064]","[7.2375, 7.26]",7.259966992023324,0.001904693185143639,optimized
s072,95,9.4523,greedy,greedy,2,true,,854.0805564352119,8.511012650089196,1.0417,16.6,1.0046,51,854.081,"[8.1051, 8.511]","[7.2375, 7.26]",7.259966992023324,0.0036547746157894433,optimized
s072,90,8.9549,greedy,greedy,2,true,,850.8631334134845,8.3582304223982,1.0378,18.5,1.1214,51,850.863,"[8.0944, 8.3582]","[7.2375, 7.26]",7.259966992023324,0.0022473493660059678,optimized
s072,85,8.4574,greedy,greedy,2,true,,853.2671765231702,8.364697125979399,1.0407,16.7,1.0083,51,853.267,"[8.0403, 8.3647]","[7.2375, 7.26]",7.259966992023324,0.001193411415634081,optimized
s072,80,7.9599,greedy,greedy,2,true,,857.6828757462217,7.58774353045937,1.0461,17.1,1.0352,51,857.683,"[7.323, 7.5877]","[7.2375, 7.26]",7.259966992023324,1.6942730194129813e-5,optimized
s072,75,7.4624,greedy,greedy,2,true,,856.2058283827745,6.586174413080412,1.0443,16.9,1.0239,51,856.206,"[6.5354, 6.5862]","[7.2375, 7.26]",7.259966992023324,0.00017810276763916,optimized
s072,70,6.9649,greedy,greedy,2,true,,858.5462692666727,6.3893744340308025,1.0472,18.8,1.1365,51,858.546,"[6.2228, 6.3894]","[7.2375, 7.26]",7.259966992023324,0.0016522039592236672,optimized
s072,65,6.4674,greedy,greedy,2,true,,862.4489562873346,5.714733934558319,1.0519,17.6,1.0635,51,862.449,"[5.6911, 5.7147]","[7.2375, 7.26]",7.259966992023324,0.0014583290659483557,optimized
s072,60,5.9699,greedy,greedy,2,true,,865.257351152922,5.385259724993082,1.0554,17.5,1.0575,51,865.257,"[5.3603, 5.3853]","[7.2375, 7.26]",7.259966992023324,0.0013908918086498225,optimized
s072,55,5.4724,greedy,greedy,2,false,recovery_failed,872.7830938271159,5.403035551994957,,16.8,1.0180,51,872.783,"[5.315, 5.403]","[7.2375, 7.26]",7.259966992023324,-0.002902709308912628,recovery_failed
s072,50,4.9749,greedy,greedy,2,false,not_run_after_fail,,,,0.0,,,,,,,,
s072,45,4.4774,greedy,greedy,2,false,not_run_after_fail,,,,0.0,,,,,,,,
s072,40,3.9799,greedy,greedy,2,false,not_run_after_fail,,,,0.0,,,,,,,,
s072,35,3.4824,greedy,greedy,2,false,not_run_after_fail,,,,0.0,,,,,,,,
s072,30,2.9850,greedy,greedy,2,false,not_run_after_fail,,,,0.0,,,,,,,,
s073,100,7.1039,greedy,greedy,2,true,,649.6913023153951,7.074658218560436,1.0805,16.1,1.0030,21,649.691,"[7.0724, 7.0747]","[7.1039, 7.1039]",7.103890979334431,0.011800000999982867,optimized
s073,95,6.7487,greedy,greedy,2,false,recovery_failed,649.6848782348654,7.07334039464782,,15.5,0.9705,21,649.685,"[7.0712, 7.0733]","[7.1039, 7.1039]",7.103890979334431,-0.32464296464782016,recovery_failed
s073,90,6.3935,greedy,greedy,2,false,not_run_after_fail,,,,0.0,,,,,,,,
s073,85,6.0383,greedy,greedy,2,false,not_run_after_fail,,,,0.0,,,,,,,,
s073,80,5.6831,greedy,greedy,2,false,not_run_after_fail,,,,0.0,,,,,,,,
s073,75,5.3279,greedy,greedy,2,false,not_run_after_fail,,,,0.0,,,,,,,,
s073,70,4.9727,greedy,greedy,2,false,not_run_after_fail,,,,0.0,,,,,,,,
s073,65,4.6175,greedy,greedy,2,false,not_run_after_fail,,,,0.0,,,,,,,,
s073,60,4.2623,greedy,greedy,2,false,not_run_after_fail,,,,0.0,,,,,,,,
s073,55,3.9071,greedy,greedy,2,false,not_run_after_fail,,,,0.0,,,,,,,,
s073,50,3.5519,greedy,greedy,2,false,not_run_after_fail,,,,0.0,,,,,,,,
s073,45,3.1968,greedy,greedy,2,false,not_run_after_fail,,,,0.0,,,,,,,,
s073,40,2.8416,greedy,greedy,2,false,not_run_after_fail,,,,0.0,,,,,,,,
s073,35,2.4864,greedy,greedy,2,false,not_run_after_fail,,,,0.0,,,,,,,,
s073,30,2.1312,greedy,greedy,2,false,not_run_after_fail,,,,0.0,,,,,,,,
s074,100,7.5233,greedy,greedy,2,true,,962.5697024797539,7.5232581844256385,1.0828,18.6,1.1093,273,962.57,"[5.6802, 7.5233]","[1.6163, 7.5233]",7.523257184522603,5.743618913811588e-10,optimized
s074,95,7.1471,greedy,greedy,2,true,,956.8038265061044,7.147095318361553,1.0763,19.1,1.1403,273,956.804,"[5.8683, 7.1471]","[1.6163, 7.5233]",7.523257184522603,6.638447125340008e-9,optimized
s074,90,6.7709,greedy,greedy,2,true,,954.5172063529034,6.755883055156682,1.0737,18.8,1.1194,273,954.517,"[5.8359, 6.7559]","[1.6163, 7.5233]",7.523257184522603,6.701090543570487e-9,optimized
s074,85,6.3948,greedy,greedy,2,true,,942.6353356449241,6.394769580643522,1.0604,19.3,1.1480,273,942.635,"[5.547, 6.3948]","[1.6163, 7.5233]",7.523257184522603,2.635647788906681e-8,optimized
s074,80,6.0186,greedy,greedy,2,true,,930.5486586074632,6.015953482193921,1.0468,19.3,1.1514,273,930.549,"[5.5041, 6.016]","[1.6163, 7.5233]",7.523257184522603,7.27445475970635e-5,optimized
s074,75,5.6424,greedy,greedy,2,false,recovery_failed,1305.665548713187,5.944672342728755,,20.4,1.2125,273,1305.666,"[11.6031, 5.9447]","[1.6163, 7.5233]",7.523257184522603,-0.3022284547287555,recovery_failed
s074,70,5.2663,greedy,greedy,2,false,not_run_after_fail,,,,0.0,,,,,,,,
s074,65,4.8901,greedy,greedy,2,false,not_run_after_fail,,,,0.0,,,,,,,,
s074,60,4.5140,greedy,greedy,2,false,not_run_after_fail,,,,0.0,,,,,,,,
s074,55,4.1378,greedy,greedy,2,false,not_run_after_fail,,,,0.0,,,,,,,,
s074,50,3.7616,greedy,greedy,2,false,not_run_after_fail,,,,0.0,,,,,,,,
s074,45,3.3855,greedy,greedy,2,false,not_run_after_fail,,,,0.0,,,,,,,,
s074,40,3.0093,greedy,greedy,2,false,not_run_after_fail,,,,0.0,,,,,,,,
s074,35,2.6331,greedy,greedy,2,false,not_run_after_fail,,,,0.0,,,,,,,,
s074,30,2.2570,greedy,greedy,2,false,not_run_after_fail,,,,0.0,,,,,,,,
s075,100,6.1825,greedy,greedy,2,true,,771.0330282451571,5.164933957417866,1.0930,16.2,1.0116,36,771.033,"[4.4757, 5.1649]","[5.3183, 6.0988]",6.098799080854126,0.007255563887521215,optimized
s075,95,5.8733,greedy,greedy,2,true,,735.1369642746965,5.550357063101963,1.0421,16.3,1.0150,36,735.137,"[4.9312, 5.5504]","[5.3183, 6.0988]",6.098799080854126,0.001148155302071855,optimized
s075,90,5.5642,greedy,greedy,2,true,,733.9443005805274,5.297996368002187,1.0404,17.3,1.0773,36,733.944,"[4.8855, 5.298]","[5.3183, 6.0988]",6.098799080854126,0.00040268566672749945,optimized
s075,85,5.2551,greedy,greedy,2,true,,732.4555754702657,4.998272874978457,1.0383,16.3,1.0146,36,732.456,"[4.86, 4.9983]","[5.3183, 6.0988]",6.098799080854126,0.0002628752677108205,optimized
s075,80,4.9460,greedy,greedy,2,true,,729.4514200230107,4.662251775670592,1.0340,16.4,1.0203,36,729.451,"[4.9499, 4.6623]","[5.3183, 6.0988]",6.098799080854126,0.0036889657949668855,optimized
s075,75,4.6368,greedy,greedy,2,true,,726.4614346333452,4.409044835694628,1.0298,16.3,1.0148,36,726.461,"[5.0171, 4.409]","[5.3183, 6.0988]",6.098799080854126,0.006052547925718972,optimized
s075,70,4.3277,greedy,greedy,2,true,,722.5884207684828,4.167166036150064,1.0243,16.6,1.0332,36,722.588,"[5.0543, 4.1672]","[5.3183, 6.0988]",6.098799080854126,0.004344440352357675,optimized
s075,65,4.0186,greedy,greedy,2,true,,717.752767893136,3.938967033499656,1.0174,16.3,1.0174,36,717.753,"[4.8316, 3.939]","[5.3183, 6.0988]",6.098799080854126,0.005490752598123232,optimized
s075,60,3.7095,greedy,greedy,2,true,,712.3368646775745,3.697961823299433,1.0098,16.3,1.0169,36,712.337,"[4.7394, 3.698]","[5.3183, 6.0988]",6.098799080854126,0.007689293246746512,optimized
s075,55,3.4003,greedy,greedy,2,false,recovery_failed,712.474607410369,3.6787859114221724,,16.0,0.9995,36,712.475,"[4.7454, 3.6788]","[5.3183, 6.0988]",6.098799080854126,-0.27843696042217214,recovery_failed
s075,50,3.0912,greedy,greedy,2,false,not_run_after_fail,,,,0.0,,,,,,,,
s075,45,2.7821,greedy,greedy,2,false,not_run_after_fail,,,,0.0,,,,,,,,
s075,40,2.4730,greedy,greedy,2,false,not_run_after_fail,,,,0.0,,,,,,,,
s075,35,2.1639,greedy,greedy,2,false,not_run_after_fail,,,,0.0,,,,,,,,
s075,30,1.8547,greedy,greedy,2,false,not_run_after_fail,,,,0.0,,,,,,,,
s076,100,6.3017,greedy,greedy,2,true,,898.1122949859742,4.585830155144011,1.2677,16.0,0.9836,231,898.112,"[1.302, 4.5858]","[1.4509, 5.9614]",5.961399870239302,0.00813727869930404,optimized
s076,95,5.9866,greedy,greedy,2,true,,898.1123331728585,4.5858331170139,1.2677,16.0,0.9824,231,898.112,"[1.302, 4.5858]","[1.4509, 5.9614]",5.961399870239302,0.008136862642445043,optimized
s076,90,5.6715,greedy,greedy,2,true,,898.111965830538,4.585844578923996,1.2677,16.0,0.9836,231,898.112,"[1.302, 4.5858]","[1.4509, 5.9614]",5.961399870239302,0.00813565952563244,optimized
s076,85,5.3564,greedy,greedy,2,true,,897.6870271503859,4.587491955830812,1.2671,16.0,0.9813,231,897.687,"[1.3017, 4.5875]","[1.4509, 5.9614]",5.961399870239302,0.007604389656714339,optimized
s076,80,5.0413,greedy,greedy,2,true,,897.8331113295822,4.592064395985961,1.2673,16.0,0.9837,231,897.833,"[1.3014, 4.5921]","[1.4509, 5.9614]",5.961399870239302,0.0073455964259411775,optimized
s076,75,4.7263,greedy,greedy,2,true,,897.9946004876545,4.590563296017564,1.2675,16.0,0.9822,231,897.995,"[1.301, 4.5906]","[1.4509, 5.9614]",5.961399870239302,0.007412468086941629,optimized
s076,70,4.4112,greedy,greedy,2,true,,897.0485674676333,4.39058322085014,1.2662,16.1,0.9893,231,897.049,"[1.2793, 4.3906]","[1.4509, 5.9614]",5.961399870239302,0.008001803396038884,optimized
s076,65,4.0961,greedy,greedy,2,false,recovery_failed,897.4704739682217,4.357643360361455,,16.2,0.9915,231,897.47,"[1.2786, 4.3576]","[1.4509, 5.9614]",5.961399870239302,-0.2615519873614547,recovery_failed
s076,60,3.7810,greedy,greedy,2,false,not_run_after_fail,,,,0.0,,,,,,,,
s076,55,3.4659,greedy,greedy,2,false,not_run_after_fail,,,,0.0,,,,,,,,
s076,50,3.1508,greedy,greedy,2,false,not_run_after_fail,,,,0.0,,,,,,,,
s076,45,2.8358,greedy,greedy,2,false,not_run_after_fail,,,,0.0,,,,,,,,
s076,40,2.5207,greedy,greedy,2,false,not_run_after_fail,,,,0.0,,,,,,,,
s076,35,2.2056,greedy,greedy,2,false,not_run_after_fail,,,,0.0,,,,,,,,
s076,30,1.8905,greedy,greedy,2,false,not_run_after_fail,,,,0.0,,,,,,,,
s077,100,6.8317,greedy,greedy,2,true,,600.0021131036905,6.831312761045383,1.0000,16.1,1.0313,7,600.002,"[6.8292, 6.8313]","[6.8317, 6.8317]",6.831698268644846,0.0003865079546176986,optimized
s077,95,6.4901,greedy,greedy,2,true,,601.088765537934,6.463140692019817,1.0018,16.6,1.0610,7,601.089,"[6.4167, 6.4631]","[6.8317, 6.8317]",6.831698268644846,0.023534200308817886,optimized
s077,90,6.1485,greedy,greedy,2,true,,603.983947545571,6.067161439544364,1.0066,16.1,1.0283,7,603.984,"[5.8398, 6.0672]","[6.8317, 6.8317]",6.831698268644846,0.018124775745802964,optimized
s077,85,5.8069,greedy,greedy,2,true,,604.3173066653392,5.700986407079132,1.0072,16.1,1.0258,7,604.317,"[5.4711, 5.701]","[6.8317, 6.8317]",6.831698268644846,0.004231272609000573,optimized
s077,80,5.4654,greedy,greedy,2,true,,602.8545349231931,5.191275281927864,1.0048,16.4,1.0477,7,602.855,"[4.9102, 5.1913]","[6.8317, 6.8317]",6.831698268644846,0.010182363930247022,optimized
s077,75,5.1238,greedy,greedy,2,true,,601.2175920565402,5.0790681335468895,1.0020,17.0,1.0833,7,601.218,"[4.7592, 5.0791]","[6.8317, 6.8317]",6.831698268644846,0.014902830527432152,optimized
s077,70,4.7822,greedy,greedy,2,true,,603.0275154119995,4.768361849409278,1.0050,16.6,1.0583,7,603.028,"[4.1981, 4.7684]","[6.8317, 6.8317]",6.831698268644846,0.013760063518188224,optimized
s077,65,4.4406,greedy,greedy,2,true,,608.5219877007495,4.438978884020098,1.0142,16.1,1.0281,7,608.522,"[3.9656, 4.439]","[6.8317, 6.8317]",6.831698268644846,0.0011165424779475755,optimized
s077,60,4.0990,greedy,greedy,2,true,,611.8031067731916,4.098822357347084,1.0197,16.2,1.0360,7,611.803,"[3.0555, 4.0988]","[6.8317, 6.8317]",6.831698268644846,0.00019760365291610071,optimized
s077,55,3.7574,greedy,greedy,2,false,recovery_failed,605.2804290511128,4.404851202032386,,15.9,1.0153,7,605.28,"[3.9081, 4.4049]","[6.8317, 6.8317]",6.831698268644846,-0.6474161540323862,recovery_failed
s077,50,3.4158,greedy,greedy,2,false,not_run_after_fail,,,,0.0,,,,,,,,
s077,45,3.0743,greedy,greedy,2,false,not_run_after_fail,,,,0.0,,,,,,,,
s077,40,2.7327,greedy,greedy,2,false,not_run_after_fail,,,,0.0,,,,,,,,
s077,35,2.3911,greedy,greedy,2,false,not_run_after_fail,,,,0.0,,,,,,,,
s077,30,2.0495,greedy,greedy,2,false,not_run_after_fail,,,,0.0,,,,,,,,
s078,100,8.6390,greedy,greedy,2,true,,900.5818755513243,8.493202793303297,1.0397,18.2,1.1045,69,900.582,"[1.5097, 8.4932]","[1.7503, 8.6392]",8.639171744303997,2.384660635039836e-6,optimized
s078,95,8.2071,greedy,greedy,2,true,,907.24129221981,8.065038036403584,1.0474,18.5,1.1219,69,907.241,"[1.4325, 8.065]","[1.7503, 8.6392]",8.639171744303997,3.167076400498081e-5,optimized
s078,90,7.7751,greedy,greedy,2,true,,910.0817668017141,7.662265276910086,1.0507,18.4,1.1135,69,910.082,"[1.5139, 7.6623]","[1.7503, 8.6392]",8.639171744303997,4.4705845450844206e-6,optimized
s078,85,7.3432,greedy,greedy,2,true,,912.7566087526181,7.276791042617495,1.0538,18.2,1.1009,69,912.757,"[1.3283, 7.2768]","[1.7503, 8.6392]",8.639171744303997,2.3895400172714287e-6,optimized
s078,80,6.9112,greedy,greedy,2,true,,921.2473433961727,6.911213762284165,1.0636,17.9,1.0865,69,921.247,"[0.9326, 6.9112]","[1.7503, 8.6392]",8.639171744303997,5.2715835252570287e-8,optimized
s078,75,6.4793,greedy,greedy,2,false,recovery_failed,1013.5987219761653,6.527085511147687,,18.6,1.1268,69,1013.599,"[0.6502, 6.5271]","[1.7503, 8.6392]",8.639171744303997,-0.04782249714768749,recovery_failed
s078,70,6.0473,greedy,greedy,2,false,not_run_after_fail,,,,0.0,,,,,,,,
s078,65,5.6154,greedy,greedy,2,false,not_run_after_fail,,,,0.0,,,,,,,,
s078,60,5.1834,greedy,greedy,2,false,not_run_after_fail,,,,0.0,,,,,,,,
s078,55,4.7515,greedy,greedy,2,false,not_run_after_fail,,,,0.0,,,,,,,,
s078,50,4.3195,greedy,greedy,2,false,not_run_after_fail,,,,0.0,,,,,,,,
s078,45,3.8876,greedy,greedy,2,false,not_run_after_fail,,,,0.0,,,,,,,,
s078,40,3.4556,greedy,greedy,2,false,not_run_after_fail,,,,0.0,,,,,,,,
s078,35,3.0237,greedy,greedy,2,false,not_run_after_fail,,,,0.0,,,,,,,,
s078,30,2.5917,greedy,greedy,2,false,not_run_after_fail,,,,0.0,,,,,,,,
s079,100,6.3583,greedy,greedy,2,false,recovery_failed,1450.5369656550051,5.878710931632281,,18.7,1.1163,943,1450.537,"[1.3662, 5.8787]","[1.511, 6.3583]",6.358328141356313,-3.225228591434555,recovery_failed
s079,95,6.0404,greedy,greedy,2,false,not_run_after_fail,,,,0.0,,,,,,,,
s079,90,5.7225,greedy,greedy,2,false,not_run_after_fail,,,,0.0,,,,,,,,
s079,85,5.4046,greedy,greedy,2,false,not_run_after_fail,,,,0.0,,,,,,,,
s079,80,5.0867,greedy,greedy,2,false,not_run_after_fail,,,,0.0,,,,,,,,
s079,75,4.7687,greedy,greedy,2,false,not_run_after_fail,,,,0.0,,,,,,,,
s079,70,4.4508,greedy,greedy,2,false,not_run_after_fail,,,,0.0,,,,,,,,
s079,65,4.1329,greedy,greedy,2,false,not_run_after_fail,,,,0.0,,,,,,,,
s079,60,3.8150,greedy,greedy,2,false,not_run_after_fail,,,,0.0,,,,,,,,
s079,55,3.4971,greedy,greedy,2,false,not_run_after_fail,,,,0.0,,,,,,,,
s079,50,3.1792,greedy,greedy,2,false,not_run_after_fail,,,,0.0,,,,,,,,
s079,45,2.8612,greedy,greedy,2,false,not_run_after_fail,,,,0.0,,,,,,,,
s079,40,2.5433,greedy,greedy,2,false,not_run_after_fail,,,,0.0,,,,,,,,
s079,35,2.2254,greedy,greedy,2,false,not_run_after_fail,,,,0.0,,,,,,,,
s079,30,1.9075,greedy,greedy,2,false,not_run_after_fail,,,,0.0,,,,,,,,
s080,100,7.5598,greedy,greedy,2,true,,864.9514089188185,5.864488290939594,1.0173,17.9,1.0692,345,864.951,"[1.607, 5.8645]","[0.6497, 7.5598]",7.559794356467233,8.967335415045454e-7,optimized
s080,95,7.1818,greedy,greedy,2,true,,929.9715096824191,6.992397063530958,1.0938,18.2,1.0833,345,929.972,"[1.3015, 6.9924]","[0.6497, 7.5598]",7.559794356467233,7.435969808649133e-6,optimized
s080,90,6.8038,greedy,greedy,2,true,,925.8804749042224,6.772649320604771,1.0890,18.3,1.0878,345,925.88,"[0.8832, 6.7726]","[0.6497, 7.5598]",7.559794356467233,1.424459080365159e-5,optimized
s080,85,6.4258,greedy,greedy,2,true,,930.3016433199128,6.3401993820512095,1.0942,18.4,1.0944,345,930.302,"[1.2218, 6.3402]","[0.6497, 7.5598]",7.559794356467233,6.017809641572057e-6,optimized
s080,80,6.0478,greedy,greedy,2,true,,942.1050191410447,5.963230488456581,1.1081,18.2,1.0867,345,942.105,"[2.6142, 5.9632]","[0.6497, 7.5598]",7.559794356467233,2.4603008472150578e-5,optimized
s080,75,5.6699,greedy,greedy,2,true,,952.0793241239969,5.603542337663945,1.1198,18.5,1.1051,345,952.079,"[2.5954, 5.6035]","[0.6497, 7.5598]",7.559794356467233,3.631658020391114e-6,optimized
s080,70,5.2919,greedy,greedy,2,true,,944.8518147432865,5.291867428306379,1.1113,18.5,1.1052,345,944.852,"[9.0207, 5.2919]","[0.6497, 7.5598]",7.559794356467233,4.369362116563025e-8,optimized
s080,65,4.9139,greedy,greedy,2,false,recovery_failed,1138.9745992495218,5.176405266004801,,18.3,1.0896,345,1138.975,"[9.665, 5.1764]","[0.6497, 7.5598]",7.559794356467233,-0.2625282570048011,recovery_failed
s080,60,4.5359,greedy,greedy,2,false,not_run_after_fail,,,,0.0,,,,,,,,
s080,55,4.1579,greedy,greedy,2,false,not_run_after_fail,,,,0.0,,,,,,,,
s080,50,3.7799,greedy,greedy,2,false,not_run_after_fail,,,,0.0,,,,,,,,
s080,45,3.4019,greedy,greedy,2,false,not_run_after_fail,,,,0.0,,,,,,,,
s080,40,3.0239,greedy,greedy,2,false,not_run_after_fail,,,,0.0,,,,,,,,
s080,35,2.6459,greedy,greedy,2,false,not_run_after_fail,,,,0.0,,,,,,,,
s080,30,2.2679,greedy,greedy,2,false,not_run_after_fail,,,,0.0,,,,,,,,
s081,100,4.4359,greedy,greedy,2,true,,848.9546142090599,3.8121898832186423,1.1050,17.2,1.0544,67,848.955,"[3.2569, 3.8122]","[3.3556, 4.4798]",4.479804331347611,6.459419207749302e-8,optimized
s081,95,4.2141,greedy,greedy,2,true,,849.9144598171329,3.847354039665456,1.1062,18.3,1.1210,67,849.914,"[3.318, 3.8474]","[3.3556, 4.4798]",4.479804331347611,0.0022589888620081766,optimized
s081,90,3.9923,greedy,greedy,2,false,recovery_failed,863.613166819025,3.6434806219113307,,16.1,0.9858,67,863.613,"[3.2336, 3.6435]","[3.3556, 4.4798]",4.479804331347611,-1.6433755473470317,recovery_failed
s081,85,3.7705,greedy,greedy,2,false,not_run_after_fail,,,,0.0,,,,,,,,
s081,80,3.5487,greedy,greedy,2,false,not_run_after_fail,,,,0.0,,,,,,,,
s081,75,3.3269,greedy,greedy,2,false,not_run_after_fail,,,,0.0,,,,,,,,
s081,70,3.1051,greedy,greedy,2,false,not_run_after_fail,,,,0.0,,,,,,,,
s081,65,2.8833,greedy,greedy,2,false,not_run_after_fail,,,,0.0,,,,,,,,
s081,60,2.6615,greedy,greedy,2,false,not_run_after_fail,,,,0.0,,,,,,,,
s081,55,2.4397,greedy,greedy,2,false,not_run_after_fail,,,,0.0,,,,,,,,
s081,50,2.2179,greedy,greedy,2,false,not_run_after_fail,,,,0.0,,,,,,,,
s081,45,1.9961,greedy,greedy,2,false,not_run_after_fail,,,,0.0,,,,,,,,
s081,40,1.7743,greedy,greedy,2,false,not_run_after_fail,,,,0.0,,,,,,,,
s081,35,1.5526,greedy,greedy,2,false,not_run_after_fail,,,,0.0,,,,,,,,
s081,30,1.3308,greedy,greedy,2,false,not_run_after_fail,,,,0.0,,,,,,,,
s082,100,4.4694,greedy,greedy,2,true,,843.7760430005397,3.7431074720049518,1.0491,16.2,0.9937,28,843.776,"[1.4016, 3.7431]","[1.4073, 3.3432]",3.34320588872346,0.011572883089135696,optimized
s082,95,4.2459,greedy,greedy,2,true,,843.7760429996895,3.743107471829606,1.0491,16.1,0.9844,28,843.776,"[1.4016, 3.7431]","[1.4073, 3.3432]",3.34320588872346,0.011572883089119078,optimized
s082,90,4.0225,greedy,greedy,2,true,,843.7760429965988,3.7386016102259894,1.0491,16.1,0.9887,28,843.776,"[1.4016, 3.7386]","[1.4073, 3.3432]",3.34320588872346,0.011569714720563565,optimized
s082,85,3.7990,greedy,greedy,2,true,,842.2731922300939,3.615964891681913,1.0472,16.0,0.9837,28,842.273,"[1.3803, 3.616]","[1.4073, 3.3432]",3.34320588872346,0.011520198936900627,optimized
s082,80,3.5755,greedy,greedy,2,true,,811.4902673242822,3.187059056001031,1.0089,17.7,1.0848,28,811.49,"[1.3249, 3.1871]","[1.4073, 3.3432]",3.34320588872346,2.54103421880314e-8,optimized
s082,75,3.3521,greedy,greedy,2,true,,839.2204418249679,3.2769256906346187,1.0434,15.8,0.9682,28,839.22,"[1.3569, 3.2769]","[1.4073, 3.3432]",3.34320588872346,0.008077565956304,optimized
s082,70,3.1286,greedy,greedy,2,true,,840.2913070206831,3.026414420419547,1.0447,15.8,0.9698,28,840.291,"[1.3437, 3.0264]","[1.4073, 3.3432]",3.34320588872346,0.006877568350818545,optimized
s082,65,2.9051,greedy,greedy,2,false,recovery_failed,840.6311537290381,2.934009842584808,,15.8,0.9683,28,840.631,"[1.341, 2.934]","[1.4073, 3.3432]",3.34320588872346,-0.028893066584807503,recovery_failed
s082,60,2.6816,greedy,greedy,2,false,not_run_after_fail,,,,0.0,,,,,,,,
s082,55,2.4582,greedy,greedy,2,false,not_run_after_fail,,,,0.0,,,,,,,,
s082,50,2.2347,greedy,greedy,2,false,not_run_after_fail,,,,0.0,,,,,,,,
s082,45,2.0112,greedy,greedy,2,false,not_run_after_fail,,,,0.0,,,,,,,,
s082,40,1.7878,greedy,greedy,2,false,not_run_after_fail,,,,0.0,,,,,,,,
s082,35,1.5643,greedy,greedy,2,false,not_run_after_fail,,,,0.0,,,,,,,,
s082,30,1.3408,greedy,greedy,2,false,not_run_after_fail,,,,0.0,,,,,,,,
s083,100,8.0366,greedy,greedy,2,true,,1033.42004706778,7.765711318146052,1.1051,16.6,1.0010,208,1033.42,"[2.7246, 7.7657]","[3.0035, 8.0365]",8.036538766299145,1.2193689510786494e-7,optimized
s083,95,7.6347,greedy,greedy,2,true,,1030.8259609848305,7.373178794196514,1.1023,16.5,0.9911,208,1030.826,"[2.7094, 7.3732]","[3.0035, 8.0365]",8.036538766299145,8.230040546186497e-8,optimized
s083,90,7.2329,greedy,greedy,2,true,,1031.2234969530862,7.033966271323111,1.1027,16.5,0.9924,208,1031.223,"[2.7093, 7.034]","[3.0035, 8.0365]",8.036538766299145,1.6128840027340625e-7,optimized
s083,85,6.8311,greedy,greedy,2,true,,999.1280357788149,6.799222862295998,1.0684,19.0,1.1430,208,999.128,"[2.9884, 6.7992]","[3.0035, 8.0365]",8.036538766299145,4.296816225869406e-7,optimized
s083,80,6.4292,greedy,greedy,2,true,,1011.2709234237603,6.425598800436879,1.0814,19.3,1.1620,208,1011.271,"[3.3379, 6.4256]","[3.0035, 8.0365]",8.036538766299145,1.8460775688945432e-6,optimized
s083,75,6.0274,greedy,greedy,2,false,recovery_failed,1204.5825538497054,6.321398231545359,,19.8,1.1920,208,1204.583,"[4.3224, 6.3214]","[3.0035, 8.0365]",8.036538766299145,-0.2939847195453593,recovery_failed
s083,70,5.6256,greedy,greedy,2,false,not_run_after_fail,,,,0.0,,,,,,,,
s083,65,5.2238,greedy,greedy,2,false,not_run_after_fail,,,,0.0,,,,,,,,
s083,60,4.8219,greedy,greedy,2,false,not_run_after_fail,,,,0.0,,,,,,,,
s083,55,4.4201,greedy,greedy,2,false,not_run_after_fail,,,,0.0,,,,,,,,
s083,50,4.0183,greedy,greedy,2,false,not_run_after_fail,,,,0.0,,,,,,,,
s083,45,3.6164,greedy,greedy,2,false,not_run_after_fail,,,,0.0,,,,,,,,
s083,40,3.2146,greedy,greedy,2,false,not_run_after_fail,,,,0.0,,,,,,,,
s083,35,2.8128,greedy,greedy,2,false,not_run_after_fail,,,,0.0,,,,,,,,
s083,30,2.4110,greedy,greedy,2,false,not_run_after_fail,,,,0.0,,,,,,,,
s084,100,3.9145,greedy,greedy,2,true,,692.496618943441,3.8735441834464712,1.1205,16.7,1.0398,52,692.497,"[1.4665, 3.8735]","[1.4194, 3.9148]",3.914769718203179,0.011347305167808871,optimized
s084,95,3.7188,greedy,greedy,2,true,,725.20160492508,3.71876459596196,1.1734,16.8,1.0430,52,725.202,"[1.7509, 3.7188]","[1.4194, 3.9148]",3.914769718203179,2.0038040116077127e-8,optimized
s084,90,3.5230,greedy,greedy,2,false,recovery_failed,989.935055650567,3.602425538733266,,16.8,1.0469,52,989.935,"[3.5189, 3.6024]","[1.4194, 3.9148]",3.914769718203179,-0.07938532273326615,recovery_failed
s084,85,3.3273,greedy,greedy,2,false,not_run_after_fail,,,,0.0,,,,,,,,
s084,80,3.1316,greedy,greedy,2,false,not_run_after_fail,,,,0.0,,,,,,,,
s084,75,2.9359,greedy,greedy,2,false,not_run_after_fail,,,,0.0,,,,,,,,
s084,70,2.7401,greedy,greedy,2,false,not_run_after_fail,,,,0.0,,,,,,,,
s084,65,2.5444,greedy,greedy,2,false,not_run_after_fail,,,,0.0,,,,,,,,
s084,60,2.3487,greedy,greedy,2,false,not_run_after_fail,,,,0.0,,,,,,,,
s084,55,2.1530,greedy,greedy,2,false,not_run_after_fail,,,,0.0,,,,,,,,
s084,50,1.9572,greedy,greedy,2,false,not_run_after_fail,,,,0.0,,,,,,,,
s084,45,1.7615,greedy,greedy,2,false,not_run_after_fail,,,,0.0,,,,,,,,
s084,40,1.5658,greedy,greedy,2,false,not_run_after_fail,,,,0.0,,,,,,,,
s084,35,1.3701,greedy,greedy,2,false,not_run_after_fail,,,,0.0,,,,,,,,
s084,30,1.1743,greedy,greedy,2,false,not_run_after_fail,,,,0.0,,,,,,,,
s085,100,8.8450,greedy,greedy,2,true,,966.338713187504,7.2732613117352,1.0060,19.1,1.1511,157,966.339,"[2.8793, 7.2733]","[1.5266, 8.6008]",8.600830264892773,4.361088090514386e-6,optimized
s085,95,8.4027,greedy,greedy,2,true,,984.6159645100822,8.012579153682223,1.0250,19.0,1.1468,157,984.616,"[2.7008, 8.0126]","[1.5266, 8.6008]",8.600830264892773,4.213003878954623e-6,optimized
s085,90,7.9605,greedy,greedy,2,true,,977.0810288164134,7.558436357678354,1.0171,19.4,1.1672,157,977.081,"[2.7622, 7.5584]","[1.5266, 8.6008]",8.600830264892773,7.661925681328285e-6,optimized
s085,85,7.5182,greedy,greedy,2,true,,996.74660592839,7.237310834748575,1.0376,20.4,1.2272,157,996.747,"[2.1864, 7.2373]","[1.5266, 8.6008]",8.600830264892773,0.004222765480524089,optimized
s085,80,7.0760,greedy,greedy,2,true,,998.1656875896368,7.075989102697838,1.0391,16.6,0.9981,157,998.166,"[2.1833, 7.076]","[1.5266, 8.6008]",8.600830264892773,3.4302162887911436e-8,optimized
s085,75,6.6337,greedy,greedy,2,false,recovery_failed,998.8394044694179,7.057143845828834,,16.5,0.9905,157,998.839,"[2.1866, 7.0571]","[1.5266, 8.6008]",8.600830264892773,-0.4234039668288334,recovery_failed
s085,70,6.1915,greedy,greedy,2,false,not_run_after_fail,,,,0.0,,,,,,,,
s085,65,5.7492,greedy,greedy,2,false,not_run_after_fail,,,,0.0,,,,,,,,
s085,60,5.3070,greedy,greedy,2,false,not_run_after_fail,,,,0.0,,,,,,,,
s085,55,4.8647,greedy,greedy,2,false,not_run_after_fail,,,,0.0,,,,,,,,
s085,50,4.4225,greedy,greedy,2,false,not_run_after_fail,,,,0.0,,,,,,,,
s085,45,3.9802,greedy,greedy,2,false,not_run_after_fail,,,,0.0,,,,,,,,
s085,40,3.5380,greedy,greedy,2,false,not_run_after_fail,,,,0.0,,,,,,,,
s085,35,3.0957,greedy,greedy,2,false,not_run_after_fail,,,,0.0,,,,,,,,
s085,30,2.6535,greedy,greedy,2,false,not_run_after_fail,,,,0.0,,,,,,,,
s086,100,4.8442,greedy,greedy,2,true,,798.6355396963983,4.112852825780103,1.0514,18.4,1.1306,56,798.636,"[4.6396, 4.1129]","[4.8393, 4.8393]",4.83925306213038,0.006053992351832169,optimized
s086,95,4.6020,greedy,greedy,2,true,,797.5415118057467,3.9190219319124298,1.0499,18.5,1.1387,56,797.542,"[4.5801, 3.919]","[4.8393, 4.8393]",4.83925306213038,0.0047534550292076885,optimized
s086,90,4.3597,greedy,greedy,2,true,,800.527584867706,3.782705032119397,1.0539,18.6,1.1454,56,800.528,"[3.8044, 3.7827]","[4.8393, 4.8393]",4.83925306213038,0.0028542396276012953,optimized
s086,85,4.1175,greedy,greedy,2,true,,819.3364223668691,3.724552061739432,1.0786,16.1,0.9901,56,819.336,"[3.9826, 3.7246]","[4.8393, 4.8393]",4.83925306213038,6.137191580584539e-6,optimized
s086,80,3.8753,greedy,greedy,2,true,,818.4782074795144,3.746940117133048,1.0775,16.1,0.9878,56,818.478,"[4.001, 3.7469]","[4.8393, 4.8393]",4.83925306213038,7.377248187334651e-10,optimized
s086,75,3.6331,greedy,greedy,2,true,,817.6171051351548,3.5323913966695337,1.0763,16.7,1.0267,56,817.617,"[3.6375, 3.5324]","[4.8393, 4.8393]",4.83925306213038,0.001333993899149545,optimized
s086,70,3.3909,greedy,greedy,2,true,,813.837313389545,3.322609702547873,1.0714,18.0,1.1047,56,813.837,"[3.8112, 3.3226]","[4.8393, 4.8393]",4.83925306213038,0.00023624430579410882,optimized
s086,65,3.1487,greedy,greedy,2,true,,827.055832600384,3.1142471039752535,1.0888,17.5,1.0790,56,827.056,"[3.9554, 3.1142]","[4.8393, 4.8393]",4.83925306213038,4.522044023860805e-6,optimized
s086,60,2.9065,greedy,greedy,2,false,recovery_failed,824.6859716282303,2.9324977005116346,,16.0,0.9838,56,824.686,"[4.2308, 2.9325]","[4.8393, 4.8393]",4.83925306213038,-0.025997837511634536,recovery_failed
s086,55,2.6643,greedy,greedy,2,false,not_run_after_fail,,,,0.0,,,,,,,,
s086,50,2.4221,greedy,greedy,2,false,not_run_after_fail,,,,0.0,,,,,,,,
s086,45,2.1799,greedy,greedy,2,false,not_run_after_fail,,,,0.0,,,,,,,,
s086,40,1.9377,greedy,greedy,2,false,not_run_after_fail,,,,0.0,,,,,,,,
s086,35,1.6955,greedy,greedy,2,false,not_run_after_fail,,,,0.0,,,,,,,,
s086,30,1.4532,greedy,greedy,2,false,not_run_after_fail,,,,0.0,,,,,,,,
s087,100,5.1797,greedy,greedy,2,true,,910.4963616067615,5.015884850017857,1.0212,17.6,1.0682,284,910.496,"[0.8874, 5.0159]","[1.0638, 5.1797]",5.179721910314712,1.1323081233749477e-7,optimized
s087,95,4.9207,greedy,greedy,2,true,,910.4724434230889,4.868068267979995,1.0212,17.4,1.0520,284,910.472,"[0.8874, 4.8681]","[1.0638, 5.1797]",5.179721910314712,6.899068487678517e-8,optimized
s087,90,4.6617,greedy,greedy,2,true,,910.6029161827294,4.651658910306224,1.0213,17.0,1.0311,284,910.603,"[0.8874, 4.6517]","[1.0638, 5.1797]",5.179721910314712,1.4269732123359247e-7,optimized
s087,85,4.4028,greedy,greedy,2,true,,920.0922466283139,4.3273718545983355,1.0319,17.3,1.0452,284,920.092,"[0.8874, 4.3274]","[1.0638, 5.1797]",5.179721910314712,9.792534203661996e-9,optimized
s087,80,4.1438,greedy,greedy,2,true,,913.1794834298436,4.143778329599213,1.0242,17.3,1.0500,284,913.179,"[0.8874, 4.1438]","[1.0638, 5.1797]",5.179721910314712,1.9940078743729828e-7,optimized
s087,75,3.8848,greedy,greedy,2,true,,1012.6007270720255,3.882165780332233,1.1357,17.1,1.0376,284,1012.601,"[0.8885, 3.8822]","[1.0638, 5.1797]",5.179721910314712,6.67325568033672e-8,optimized
s087,70,3.6258,greedy,greedy,2,false,recovery_failed,1213.3264342344085,3.829277944738391,,19.3,1.1683,284,1213.326,"[0.8901, 3.8293]","[1.0638, 5.1797]",5.179721910314712,-0.2034716067383906,recovery_failed
s087,65,3.3668,greedy,greedy,2,false,not_run_after_fail,,,,0.0,,,,,,,,
s087,60,3.1078,greedy,greedy,2,false,not_run_after_fail,,,,0.0,,,,,,,,
s087,55,2.8488,greedy,greedy,2,false,not_run_after_fail,,,,0.0,,,,,,,,
s087,50,2.5899,greedy,greedy,2,false,not_run_after_fail,,,,0.0,,,,,,,,
s087,45,2.3309,greedy,greedy,2,false,not_run_after_fail,,,,0.0,,,,,,,,
s087,40,2.0719,greedy,greedy,2,false,not_run_after_fail,,,,0.0,,,,,,,,
s087,35,1.8129,greedy,greedy,2,false,not_run_after_fail,,,,0.0,,,,,,,,
s087,30,1.5539,greedy,greedy,2,false,not_run_after_fail,,,,0.0,,,,,,,,
s088,100,7.9362,greedy,greedy,2,true,,800.0021335943302,4.917326064873341,1.0000,16.3,0.9896,9,800.002,"[4.8332, 4.9173]","[4.8391, 5.4986]",5.498564131104409,0.014695798891713964,optimized
s088,95,7.5394,greedy,greedy,2,true,,800.0021335943314,4.917326064079696,1.0000,15.6,0.9449,9,800.002,"[4.8332, 4.9173]","[4.8391, 5.4986]",5.498564131104409,0.014695798891786398,optimized
s088,90,7.1426,greedy,greedy,2,true,,800.0021335943327,4.917326063518088,1.0000,15.5,0.9364,9,800.002,"[4.8332, 4.9173]","[4.8391, 5.4986]",5.498564131104409,0.014695798891883103,optimized
s088,85,6.7458,greedy,greedy,2,true,,800.0021335943339,4.917326063031309,1.0000,15.4,0.9350,9,800.002,"[4.8332, 4.9173]","[4.8391, 5.4986]",5.498564131104409,0.014695798892010887,optimized
s088,80,6.3490,greedy,greedy,2,true,,800.0021335943349,4.917326062353022,1.0000,15.4,0.9331,9,800.002,"[4.8332, 4.9173]","[4.8391, 5.4986]",5.498564131104409,0.014695798892109042,optimized
s088,75,5.9522,greedy,greedy,2,true,,800.0021335943358,4.863578501076021,1.0000,15.5,0.9386,9,800.002,"[4.7804, 4.8636]","[4.8391, 5.4986]",5.498564131104409,0.014658679548445384,optimized
s088,70,5.5554,greedy,greedy,2,true,,800.0021335943366,4.863578492228694,1.0000,15.4,0.9345,9,800.002,"[4.7804, 4.8636]","[4.8391, 5.4986]",5.498564131104409,0.014658679546144889,optimized
s088,65,5.1585,greedy,greedy,2,true,,800.0021335943372,4.861318151534124,1.0000,15.5,0.9378,9,800.002,"[4.7782, 4.8613]","[4.8391, 5.4986]",5.498564131104409,0.014746450520900595,optimized
s088,60,4.7617,greedy,greedy,2,true,,800.0103272585753,4.744089587179748,1.0000,16.0,0.9659,9,800.01,"[4.6571, 4.7441]","[4.8391, 5.4986]",5.498564131104409,0.014926646864685903,optimized
s088,55,4.3649,greedy,greedy,2,true,,800.0392764098905,4.347253435894027,1.0000,16.0,0.9674,9,800.039,"[4.2456, 4.3473]","[4.8391, 5.4986]",5.498564131104409,0.015403975182250446,optimized
s088,50,3.9681,greedy,greedy,2,true,,800.0610124289146,3.9275112071526372,1.0001,16.0,0.9701,9,800.061,"[3.8068, 3.9275]","[4.8391, 5.4986]",5.498564131104409,0.015556894756044017,optimized
s088,45,3.5713,greedy,greedy,2,true,,800.071490447412,3.5484563179558593,1.0001,16.0,0.9668,9,800.071,"[3.4059, 3.5485]","[4.8391, 5.4986]",5.498564131104409,0.01558144868106261,optimized
s088,40,3.1745,greedy,greedy,2,true,,800.0759101595319,3.172500233686939,1.0001,16.1,0.9732,9,800.076,"[3.0019, 3.1725]","[4.8391, 5.4986]",5.498564131104409,0.0019928103130610886,optimized
s088,35,2.7777,greedy,greedy,2,true,,800.077508126916,2.752793154028215,1.0001,15.9,0.9638,9,800.078,"[2.5389, 2.7528]","[4.8391, 5.4986]",5.498564131104409,0.015498899213752042,optimized
s088,30,2.3809,greedy,greedy,2,true,,800.0762161632579,2.2119008766626935,1.0001,16.3,0.9867,9,800.076,"[1.9099, 2.2119]","[4.8391, 5.4986]",5.498564131104409,0.015223236242740116,optimized
s089,100,4.2956,greedy,greedy,2,false,recovery_failed,1055.7211002198374,4.357318304398827,,18.0,1.1166,97,1055.721,"[9.2216, 4.3573]","[4.9486, 4.2956]",4.295569618900987,-27.990384302988996,recovery_failed
s089,95,4.0808,greedy,greedy,2,false,not_run_after_fail,,,,0.0,,,,,,,,
s089,90,3.8660,greedy,greedy,2,false,not_run_after_fail,,,,0.0,,,,,,,,
s089,85,3.6512,greedy,greedy,2,false,not_run_after_fail,,,,0.0,,,,,,,,
s089,80,3.4365,greedy,greedy,2,false,not_run_after_fail,,,,0.0,,,,,,,,
s089,75,3.2217,greedy,greedy,2,false,not_run_after_fail,,,,0.0,,,,,,,,
s089,70,3.0069,greedy,greedy,2,false,not_run_after_fail,,,,0.0,,,,,,,,
s089,65,2.7921,greedy,greedy,2,false,not_run_after_fail,,,,0.0,,,,,,,,
s089,60,2.5773,greedy,greedy,2,false,not_run_after_fail,,,,0.0,,,,,,,,
s089,55,2.3626,greedy,greedy,2,false,not_run_after_fail,,,,0.0,,,,,,,,
s089,50,2.1478,greedy,greedy,2,false,not_run_after_fail,,,,0.0,,,,,,,,
s089,45,1.9330,greedy,greedy,2,false,not_run_after_fail,,,,0.0,,,,,,,,
s089,40,1.7182,greedy,greedy,2,false,not_run_after_fail,,,,0.0,,,,,,,,
s089,35,1.5034,greedy,greedy,2,false,not_run_after_fail,,,,0.0,,,,,,,,
s089,30,1.2887,greedy,greedy,2,false,not_run_after_fail,,,,0.0,,,,,,,,
s090,100,7.6967,greedy,greedy,2,true,,786.3330320281189,5.9733293802391065,1.0559,16.3,1.0151,79,786.333,"[0.9561, 5.9733]","[0.9511, 7.1733]",7.173252783679674,0.013702138193169318,optimized
s090,95,7.3119,greedy,greedy,2,true,,778.5362110595582,6.196238929013199,1.0454,17.1,1.0640,79,778.536,"[0.9203, 6.1962]","[0.9511, 7.1733]",7.173252783679674,2.0074910790081046e-6,optimized
s090,90,6.9270,greedy,greedy,2,true,,785.2461289693981,6.120812494227965,1.0545,16.9,1.0534,79,785.246,"[0.9217, 6.1208]","[0.9511, 7.1733]",7.173252783679674,6.187039528194873e-7,optimized
s090,85,6.5422,greedy,greedy,2,true,,784.2599473387497,5.90694070067438,1.0531,16.8,1.0484,79,784.26,"[0.9396, 5.9069]","[0.9511, 7.1733]",7.173252783679674,5.196460758816097e-8,optimized
s090,80,6.1574,greedy,greedy,2,true,,780.8825540021921,5.575991689001672,1.0486,17.2,1.0723,79,780.883,"[0.9335, 5.576]","[0.9511, 7.1733]",7.173252783679674,1.1397442764542575e-5,optimized
s090,75,5.7725,greedy,greedy,2,true,,779.8708439788556,5.435581893847766,1.0472,17.0,1.0575,79,779.871,"[0.9516, 5.4356]","[0.9511, 7.1733]",7.173252783679674,4.782828573265851e-5,optimized
s090,70,5.3877,greedy,greedy,2,true,,771.6048489168147,5.046558461632865,1.0361,17.2,1.0736,79,771.605,"[0.9369, 5.0466]","[0.9511, 7.1733]",7.173252783679674,0.0038401978816179063,optimized
s090,65,5.0029,greedy,greedy,2,true,,781.5221768990039,4.991406583027229,1.0495,16.0,0.9973,79,781.522,"[0.9508, 4.9914]","[0.9511, 7.1733]",7.173252783679674,0.009557956655125632,optimized
s090,60,4.6180,greedy,greedy,2,true,,770.3406796555934,4.616855181748576,1.0344,16.5,1.0298,79,770.341,"[0.9507, 4.6169]","[0.9511, 7.1733]",7.173252783679674,0.0011648832514241647,optimized
s090,55,4.2332,greedy,greedy,2,false,recovery_failed,769.8678155325933,4.562268068961749,,16.0,1.0001,79,769.868,"[0.9473, 4.5623]","[0.9511, 7.1733]",7.173252783679674,-0.3290829259617487,recovery_failed
s090,50,3.8483,greedy,greedy,2,false,not_run_after_fail,,,,0.0,,,,,,,,
s090,45,3.4635,greedy,greedy,2,false,not_run_after_fail,,,,0.0,,,,,,,,
s090,40,3.0787,greedy,greedy,2,false,not_run_after_fail,,,,0.0,,,,,,,,
s090,35,2.6938,greedy,greedy,2,false,not_run_after_fail,,,,0.0,,,,,,,,
s090,30,2.3090,greedy,greedy,2,false,not_run_after_fail,,,,0.0,,,,,,,,
s091,100,4.9210,greedy,greedy,2,true,,719.2230942243224,2.519099171957449,0.9989,16.6,1.0194,20,719.223,"[1.1921, 2.5191]","[2.2795, 3.0334]",3.0334472491858,8.136928637407892e-6,optimized
s091,95,4.6750,greedy,greedy,2,true,,718.8543184861379,2.759769854077786,0.9984,16.4,1.0052,20,718.854,"[1.3679, 2.7598]","[2.2795, 3.0334]",3.0334472491858,8.93692991152284e-6,optimized
s091,90,4.4289,greedy,greedy,2,true,,718.1445389706194,2.368917375385993,0.9974,16.7,1.0296,20,718.145,"[1.1779, 2.3689]","[2.2795, 3.0334]",3.0334472491858,0.0007162668938843476,optimized
s091,85,4.1829,greedy,greedy,2,true,,719.468387628827,2.621525825294492,0.9992,16.4,1.0098,20,719.468,"[1.3491, 2.6215]","[2.2795, 3.0334]",3.0334472491858,1.4967796981262382e-5,optimized
s091,80,3.9368,greedy,greedy,2,true,,717.1653909300267,2.492061864987194,0.9960,16.6,1.0199,20,717.165,"[1.288, 2.4921]","[2.2795, 3.0334]",3.0334472491858,0.00055818953222339,optimized
s091,75,3.6908,greedy,greedy,2,true,,719.3007038850071,2.6447111114521484,0.9990,16.4,1.0070,20,719.301,"[1.3225, 2.6447]","[2.2795, 3.0334]",3.0334472491858,2.0244265899942548e-5,optimized
s091,70,3.4447,greedy,greedy,2,true,,724.8213973684954,2.8550149963022013,1.0067,17.3,1.0628,20,724.821,"[1.9088, 2.855]","[2.2795, 3.0334]",3.0334472491858,4.747606633908162e-6,optimized
s091,65,3.1987,greedy,greedy,2,true,,726.0059122048806,2.65796715468817,1.0083,17.3,1.0665,20,726.006,"[1.9318, 2.658]","[2.2795, 3.0334]",3.0334472491858,5.100952118335499e-6,optimized
s091,60,2.9526,greedy,greedy,2,true,,729.9851229095736,2.683860248752232,1.0138,16.6,1.0180,20,729.985,"[2.0334, 2.6839]","[2.2795, 3.0334]",3.0334472491858,5.858462042974679e-7,optimized
s091,55,2.7066,greedy,greedy,2,true,,731.0600437017846,2.6523606241554303,1.0153,16.5,1.0155,20,731.06,"[2.0304, 2.6524]","[2.2795, 3.0334]",3.0334472491858,7.973603532856033e-6,optimized
s091,50,2.4605,greedy,greedy,2,false,recovery_failed,741.4759826273595,2.4687233912522273,,15.9,0.9745,20,741.476,"[2.062, 2.4687]","[2.2795, 3.0334]",3.0334472491858,-0.008201624252226924,recovery_failed
s091,45,2.2145,greedy,greedy,2,false,not_run_after_fail,,,,0.0,,,,,,,,
s091,40,1.9684,greedy,greedy,2,false,not_run_after_fail,,,,0.0,,,,,,,,
s091,35,1.7224,greedy,greedy,2,false,not_run_after_fail,,,,0.0,,,,,,,,
s091,30,1.4763,greedy,greedy,2,false,not_run_after_fail,,,,0.0,,,,,,,,
s092,100,8.6306,greedy,greedy,2,false,no_solution,null,null,,13.6,0.8302,545,null,[],[],null,,
s092,95,8.1991,greedy,greedy,2,false,not_run_after_fail,,,,0.0,,,,,,,,
s092,90,7.7676,greedy,greedy,2,false,not_run_after_fail,,,,0.0,,,,,,,,
s092,85,7.3360,greedy,greedy,2,false,not_run_after_fail,,,,0.0,,,,,,,,
s092,80,6.9045,greedy,greedy,2,false,not_run_after_fail,,,,0.0,,,,,,,,
s092,75,6.4730,greedy,greedy,2,false,not_run_after_fail,,,,0.0,,,,,,,,
s092,70,6.0414,greedy,greedy,2,false,not_run_after_fail,,,,0.0,,,,,,,,
s092,65,5.6099,greedy,greedy,2,false,not_run_after_fail,,,,0.0,,,,,,,,
s092,60,5.1784,greedy,greedy,2,false,not_run_after_fail,,,,0.0,,,,,,,,
s092,55,4.7468,greedy,greedy,2,false,not_run_after_fail,,,,0.0,,,,,,,,
s092,50,4.3153,greedy,greedy,2,false,not_run_after_fail,,,,0.0,,,,,,,,
s092,45,3.8838,greedy,greedy,2,false,not_run_after_fail,,,,0.0,,,,,,,,
s092,40,3.4522,greedy,greedy,2,false,not_run_after_fail,,,,0.0,,,,,,,,
s092,35,3.0207,greedy,greedy,2,false,not_run_after_fail,,,,0.0,,,,,,,,
s092,30,2.5892,greedy,greedy,2,false,not_run_after_fail,,,,0.0,,,,,,,,
s093,100,8.2246,greedy,greedy,2,false,recovery_failed,986.9335151865924,7.99005561831134,,16.9,1.0232,174,986.934,"[0.7989, 7.9901]","[0.7444, 8.2246]",8.22457023903017,-24.850334359403742,recovery_failed
s093,95,7.8133,greedy,greedy,2,false,not_run_after_fail,,,,0.0,,,,,,,,
s093,90,7.4021,greedy,greedy,2,false,not_run_after_fail,,,,0.0,,,,,,,,
s093,85,6.9909,greedy,greedy,2,false,not_run_after_fail,,,,0.0,,,,,,,,
s093,80,6.5797,greedy,greedy,2,false,not_run_after_fail,,,,0.0,,,,,,,,
s093,75,6.1684,greedy,greedy,2,false,not_run_after_fail,,,,0.0,,,,,,,,
s093,70,5.7572,greedy,greedy,2,false,not_run_after_fail,,,,0.0,,,,,,,,
s093,65,5.3460,greedy,greedy,2,false,not_run_after_fail,,,,0.0,,,,,,,,
s093,60,4.9347,greedy,greedy,2,false,not_run_after_fail,,,,0.0,,,,,,,,
s093,55,4.5235,greedy,greedy,2,false,not_run_after_fail,,,,0.0,,,,,,,,
s093,50,4.1123,greedy,greedy,2,false,not_run_after_fail,,,,0.0,,,,,,,,
s093,45,3.7011,greedy,greedy,2,false,not_run_after_fail,,,,0.0,,,,,,,,
s093,40,3.2898,greedy,greedy,2,false,not_run_after_fail,,,,0.0,,,,,,,,
s093,35,2.8786,greedy,greedy,2,false,not_run_after_fail,,,,0.0,,,,,,,,
s093,30,2.4674,greedy,greedy,2,false,not_run_after_fail,,,,0.0,,,,,,,,
s094,100,10.9602,greedy,greedy,2,true,,929.0213171317398,6.570241219736593,1.0658,16.9,1.0132,54,929.021,"[5.1002, 6.5702]","[6.3958, 6.6564]",6.6564239134352245,0.012243656637410207,optimized
s094,95,10.4122,greedy,greedy,2,true,,932.1511801826791,6.579675497521242,1.0694,16.9,1.0083,54,932.151,"[5.0996, 6.5797]","[6.3958, 6.6564]",6.6564239134352245,0.012215517073319093,optimized
s094,90,9.8642,greedy,greedy,2,true,,921.0725613216123,6.364868302525973,1.0567,17.1,1.0216,54,921.073,"[5.1273, 6.3649]","[6.3958, 6.6564]",6.6564239134352245,0.012250003484295061,optimized
s094,85,9.3162,greedy,greedy,2,true,,925.1481047377074,6.699758011034403,1.0614,16.8,1.0022,54,925.148,"[5.3157, 6.6998]","[6.3958, 6.6564]",6.6564239134352245,0.011677742256482002,optimized
s094,80,8.7682,greedy,greedy,2,true,,923.6343636663106,6.481784451471119,1.0596,16.9,1.0097,54,923.634,"[5.0468, 6.4818]","[6.3958, 6.6564]",6.6564239134352245,0.010226565294449104,optimized
s094,75,8.2202,greedy,greedy,2,true,,925.3311813234134,6.693518180388808,1.0616,16.7,0.9993,54,925.331,"[5.2983, 6.6935]","[6.3958, 6.6564]",6.6564239134352245,0.011396452360676391,optimized
s094,70,7.6722,greedy,greedy,2,true,,912.1047889075111,6.420009815223358,1.0464,17.1,1.0235,54,912.105,"[5.1001, 6.42]","[6.3958, 6.6564]",6.6564239134352245,0.005090466532780307,optimized
s094,65,7.1241,greedy,greedy,2,true,,923.613240897102,6.854755115255252,1.0596,16.9,1.0086,54,923.613,"[5.3322, 6.8548]","[6.3958, 6.6564]",6.6564239134352245,0.012776771756670805,optimized
s094,60,6.5761,greedy,greedy,2,true,,893.1759747205243,6.57122461342879,1.0247,18.3,1.0961,54,893.176,"[6.1193, 6.5712]","[6.3958, 6.6564]",6.6564239134352245,1.5767961056189956e-7,optimized
s094,55,6.0281,greedy,greedy,2,true,,935.4756585766054,6.028121294362742,1.0732,16.6,0.9949,54,935.476,"[6.5659, 6.0281]","[6.3958, 6.6564]",6.6564239134352245,2.663725862106503e-8,optimized
s094,50,5.4801,greedy,greedy,2,false,recovery_failed,945.1236536324474,5.748411185763453,,16.4,0.9838,54,945.124,"[6.4524, 5.7484]","[6.3958, 6.6564]",6.6564239134352245,-0.2683008037634522,recovery_failed
s094,45,4.9321,greedy,greedy,2,false,not_run_after_fail,,,,0.0,,,,,,,,
s094,40,4.3841,greedy,greedy,2,false,not_run_after_fail,,,,0.0,,,,,,,,
s094,35,3.8361,greedy,greedy,2,false,not_run_after_fail,,,,0.0,,,,,,,,
s094,30,3.2881,greedy,greedy,2,false,not_run_after_fail,,,,0.0,,,,,,,,
s095,100,9.8868,greedy,greedy,2,true,,854.4886676210494,8.419332039746779,1.0675,16.3,0.9798,45,854.489,"[8.3035, 8.4193]","[8.3633, 8.3899]",8.38993335767469,0.011391971846872309,optimized
s095,95,9.3925,greedy,greedy,2,true,,854.308944535274,8.416269372142276,1.0672,16.4,0.9858,45,854.309,"[8.3039, 8.4163]","[8.3633, 8.3899]",8.38993335767469,0.011425825348132804,optimized
s095,90,8.8981,greedy,greedy,2,true,,854.0834321452284,8.412476666132417,1.0670,16.3,0.9798,45,854.083,"[8.3043, 8.4125]","[8.3633, 8.3899]",8.38993335767469,0.01146890304610847,optimized
s095,85,8.4038,greedy,greedy,2,true,,853.9118647682574,8.401780368812044,1.0667,16.3,0.9779,45,853.912,"[8.2978, 8.4018]","[8.3633, 8.3899]",8.38993335767469,0.0020035941879541497,optimized
s095,80,7.9094,greedy,greedy,2,true,,857.7097672941904,7.887620653350526,1.0715,16.6,0.9963,45,857.71,"[7.7625, 7.8876]","[8.3633, 8.3899]",8.38993335767469,0.012263669210852134,optimized
s095,75,7.4151,greedy,greedy,2,true,,861.0440169699604,7.3903482545934205,1.0756,16.5,0.9911,45,861.044,"[7.2169, 7.3903]","[8.3633, 8.3899]",8.38993335767469,0.0124060690382263,optimized
s095,70,6.9208,greedy,greedy,2,false,recovery_failed,863.145734134473,7.1056364467979405,,16.4,0.9844,45,863.146,"[6.8969, 7.1056]","[8.3633, 8.3899]",8.38993335767469,-0.1848730067979405,recovery_failed
s095,65,6.4264,greedy,greedy,2,false,not_run_after_fail,,,,0.0,,,,,,,,
s095,60,5.9321,greedy,greedy,2,false,not_run_after_fail,,,,0.0,,,,,,,,
s095,55,5.4377,greedy,greedy,2,false,not_run_after_fail,,,,0.0,,,,,,,,
s095,50,4.9434,greedy,greedy,2,false,not_run_after_fail,,,,0.0,,,,,,,,
s095,45,4.4491,greedy,greedy,2,false,not_run_after_fail,,,,0.0,,,,,,,,
s095,40,3.9547,greedy,greedy,2,false,not_run_after_fail,,,,0.0,,,,,,,,
s095,35,3.4604,greedy,greedy,2,false,not_run_after_fail,,,,0.0,,,,,,,,
s095,30,2.9660,greedy,greedy,2,false,not_run_after_fail,,,,0.0,,,,,,,,
s096,100,7.9847,greedy,greedy,2,false,recovery_failed,1177.5933229228629,7.435909504230204,,16.1,0.9751,1567,1177.593,"[6.8433, 7.4359]","[7.382, 7.5453]",7.5453117582885145,-5.825474130294279,recovery_failed
s096,95,7.5854,greedy,greedy,2,false,not_run_after_fail,,,,0.0,,,,,,,,
s096,90,7.1862,greedy,greedy,2,false,not_run_after_fail,,,,0.0,,,,,,,,
s096,85,6.7870,greedy,greedy,2,false,not_run_after_fail,,,,0.0,,,,,,,,
s096,80,6.3877,greedy,greedy,2,false,not_run_after_fail,,,,0.0,,,,,,,,
s096,75,5.9885,greedy,greedy,2,false,not_run_after_fail,,,,0.0,,,,,,,,
s096,70,5.5893,greedy,greedy,2,false,not_run_after_fail,,,,0.0,,,,,,,,
s096,65,5.1900,greedy,greedy,2,false,not_run_after_fail,,,,0.0,,,,,,,,
s096,60,4.7908,greedy,greedy,2,false,not_run_after_fail,,,,0.0,,,,,,,,
s096,55,4.3916,greedy,greedy,2,false,not_run_after_fail,,,,0.0,,,,,,,,
s096,50,3.9923,greedy,greedy,2,false,not_run_after_fail,,,,0.0,,,,,,,,
s096,45,3.5931,greedy,greedy,2,false,not_run_after_fail,,,,0.0,,,,,,,,
s096,40,3.1939,greedy,greedy,2,false,not_run_after_fail,,,,0.0,,,,,,,,
s096,35,2.7946,greedy,greedy,2,false,not_run_after_fail,,,,0.0,,,,,,,,
s096,30,2.3954,greedy,greedy,2,false,not_run_after_fail,,,,0.0,,,,,,,,
s097,100,8.4045,greedy,greedy,2,true,,742.2666867175059,8.155551674520133,1.1603,16.2,1.0080,60,742.267,"[8.4447, 8.1556]","[8.9312, 8.3597]",8.359742605285067,0.002143189767212699,optimized
s097,95,7.9843,greedy,greedy,2,true,,743.1323787840023,7.875744141936633,1.1616,16.0,0.9972,60,743.132,"[8.1183, 7.8757]","[8.9312, 8.3597]",8.359742605285067,0.003863984321841623,optimized
s097,90,7.5640,greedy,greedy,2,true,,744.783673692885,7.44050080715743,1.1642,16.0,0.9969,60,744.784,"[7.6243, 7.4405]","[8.9312, 8.3597]",8.359742605285067,0.004786680980617713,optimized
s097,85,7.1438,greedy,greedy,2,true,,746.4232515360394,7.054193749481461,1.1668,16.0,0.9952,60,746.423,"[7.2095, 7.0542]","[8.9312, 8.3597]",8.359742605285067,0.0023807934115918908,optimized
s097,80,6.7236,greedy,greedy,2,true,,747.893474097203,6.718115244834873,1.1691,16.1,1.0032,60,747.893,"[6.8583, 6.7181]","[8.9312, 8.3597]",8.359742605285067,0.0010257455856306635,optimized
s097,75,6.3034,greedy,greedy,2,true,,749.9975140173979,6.27353700985453,1.1724,16.9,1.0499,60,749.998,"[6.3662, 6.2735]","[8.9312, 8.3597]",8.359742605285067,2.269879950198006e-5,optimized
s097,70,5.8831,greedy,greedy,2,false,recovery_failed,753.1449571819905,5.86352721738091,,17.2,1.0729,60,753.145,"[5.9537, 5.8635]","[8.9312, 8.3597]",8.359742605285067,-0.0017570310611418373,recovery_failed
s097,65,5.4629,greedy,greedy,2,false,not_run_after_fail,,,,0.0,,,,,,,,
s097,60,5.0427,greedy,greedy,2,false,not_run_after_fail,,,,0.0,,,,,,,,
s097,55,4.6225,greedy,greedy,2,false,not_run_after_fail,,,,0.0,,,,,,,,
s097,50,4.2022,greedy,greedy,2,false,not_run_after_fail,,,,0.0,,,,,,,,
s097,45,3.7820,greedy,greedy,2,false,not_run_after_fail,,,,0.0,,,,,,,,
s097,40,3.3618,greedy,greedy,2,false,not_run_after_fail,,,,0.0,,,,,,,,
s097,35,2.9416,greedy,greedy,2,false,not_run_after_fail,,,,0.0,,,,,,,,
s097,30,2.5213,greedy,greedy,2,false,not_run_after_fail,,,,0.0,,,,,,,,
s098,100,4.2561,greedy,greedy,2,false,no_solution,null,null,,13.5,0.8550,200,null,[],[],null,,
s098,95,4.0433,greedy,greedy,2,false,not_run_after_fail,,,,0.0,,,,,,,,
s098,90,3.8305,greedy,greedy,2,false,not_run_after_fail,,,,0.0,,,,,,,,
s098,85,3.6177,greedy,greedy,2,false,not_run_after_fail,,,,0.0,,,,,,,,
s098,80,3.4049,greedy,greedy,2,false,not_run_after_fail,,,,0.0,,,,,,,,
s098,75,3.1921,greedy,greedy,2,false,not_run_after_fail,,,,0.0,,,,,,,,
s098,70,2.9793,greedy,greedy,2,false,not_run_after_fail,,,,0.0,,,,,,,,
s098,65,2.7665,greedy,greedy,2,false,not_run_after_fail,,,,0.0,,,,,,,,
s098,60,2.5537,greedy,greedy,2,false,not_run_after_fail,,,,0.0,,,,,,,,
s098,55,2.3409,greedy,greedy,2,false,not_run_after_fail,,,,0.0,,,,,,,,
s098,50,2.1281,greedy,greedy,2,false,not_run_after_fail,,,,0.0,,,,,,,,
s098,45,1.9153,greedy,greedy,2,false,not_run_after_fail,,,,0.0,,,,,,,,
s098,40,1.7025,greedy,greedy,2,false,not_run_after_fail,,,,0.0,,,,,,,,
s098,35,1.4897,greedy,greedy,2,false,not_run_after_fail,,,,0.0,,,,,,,,
s098,30,1.2768,greedy,greedy,2,false,not_run_after_fail,,,,0.0,,,,,,,,
s099,100,6.7858,greedy,greedy,2,false,recovery_failed,934.4448674038973,6.668799790618578,,17.3,1.0516,87,934.445,"[1.801, 6.6688]","[1.8626, 6.3812]",6.38117029229345,-38.70905687773782,recovery_failed
s099,95,6.4465,greedy,greedy,2,false,not_run_after_fail,,,,0.0,,,,,,,,
s099,90,6.1073,greedy,greedy,2,false,not_run_after_fail,,,,0.0,,,,,,,,
s099,85,5.7680,greedy,greedy,2,false,not_run_after_fail,,,,0.0,,,,,,,,
s099,80,5.4287,greedy,greedy,2,false,not_run_after_fail,,,,0.0,,,,,,,,
s099,75,5.0894,greedy,greedy,2,false,not_run_after_fail,,,,0.0,,,,,,,,
s099,70,4.7501,greedy,greedy,2,false,not_run_after_fail,,,,0.0,,,,,,,,
s099,65,4.4108,greedy,greedy,2,false,not_run_after_fail,,,,0.0,,,,,,,,
s099,60,4.0715,greedy,greedy,2,false,not_run_after_fail,,,,0.0,,,,,,,,
s099,55,3.7322,greedy,greedy,2,false,not_run_after_fail,,,,0.0,,,,,,,,
s099,50,3.3929,greedy,greedy,2,false,not_run_after_fail,,,,0.0,,,,,,,,
s099,45,3.0536,greedy,greedy,2,false,not_run_after_fail,,,,0.0,,,,,,,,
s099,40,2.7143,greedy,greedy,2,false,not_run_after_fail,,,,0.0,,,,,,,,
s099,35,2.3750,greedy,greedy,2,false,not_run_after_fail,,,,0.0,,,,,,,,
s099,30,2.0358,greedy,greedy,2,false,not_run_after_fail,,,,0.0,,,,,,,,
s100,100,7.8202,greedy,greedy,2,true,,783.4001032528324,7.820201467936965,1.2159,17.4,1.0768,227,783.4,"[0.9574, 7.8202]","[0.9321, 7.6309]",7.630921609552718,4.806303532944867e-8,optimized
s100,95,7.4292,greedy,greedy,2,true,,785.1065676349282,7.426428252340679,1.2186,17.0,1.0558,227,785.107,"[0.9277, 7.4264]","[0.9321, 7.6309]",7.630921609552718,0.0027632386593214875,optimized
s100,90,7.0382,greedy,greedy,2,false,recovery_failed,806.1543729709188,7.129350582389242,,15.7,0.9693,227,806.154,"[0.9588, 7.1294]","[0.9321, 7.6309]",7.630921609552718,-0.09116911738924216,recovery_failed
s100,85,6.6472,greedy,greedy,2,false,not_run_after_fail,,,,0.0,,,,,,,,
s100,80,6.2562,greedy,greedy,2,false,not_run_after_fail,,,,0.0,,,,,,,,
s100,75,5.8652,greedy,greedy,2,false,not_run_after_fail,,,,0.0,,,,,,,,
s100,70,5.4741,greedy,greedy,2,false,not_run_after_fail,,,,0.0,,,,,,,,
s100,65,5.0831,greedy,greedy,2,false,not_run_after_fail,,,,0.0,,,,,,,,
s100,60,4.6921,greedy,greedy,2,false,not_run_after_fail,,,,0.0,,,,,,,,
s100,55,4.3011,greedy,greedy,2,false,not_run_after_fail,,,,0.0,,,,,,,,
s100,50,3.9101,greedy,greedy,2,false,not_run_after_fail,,,,0.0,,,,,,,,
s100,45,3.5191,greedy,greedy,2,false,not_run_after_fail,,,,0.0,,,,,,,,
s100,40,3.1281,greedy,greedy,2,false,not_run_after_fail,,,,0.0,,,,,,,,
s100,35,2.7371,greedy,greedy,2,false,not_run_after_fail,,,,0.0,,,,,,,,
s100,30,2.3461,greedy,greedy,2,false,not_run_after_fail,,,,0.0,,,,,,,,
s101,100,9.4412,greedy,greedy,2,true,,824.3107547974848,4.463214509851165,1.0280,18.6,1.1220,30,824.311,"[3.8078, 4.4632]","[4.587, 4.6017]",4.60166878365286,0.011945364010269095,optimized
s101,95,8.9691,greedy,greedy,2,true,,824.3107635826462,4.454949680082719,1.0280,18.6,1.1220,30,824.311,"[3.7977, 4.4549]","[4.587, 4.6017]",4.60166878365286,0.01194535052781655,optimized
s101,90,8.4971,greedy,greedy,2,true,,824.3104458585564,4.44741026153999,1.0280,18.6,1.1245,30,824.31,"[3.7895, 4.4474]","[4.587, 4.6017]",4.60166878365286,0.011945340748081266,optimized
s101,85,8.0250,greedy,greedy,2,true,,824.3100660043812,4.439623842057828,1.0280,18.6,1.1227,30,824.31,"[3.7812, 4.4396]","[4.587, 4.6017]",4.60166878365286,0.011945325654617448,optimized
s101,80,7.5530,greedy,greedy,2,true,,824.309980819871,4.43902081247812,1.0280,18.7,1.1290,30,824.31,"[3.7855, 4.439]","[4.587, 4.6017]",4.60166878365286,0.011945348121044558,optimized
s101,75,7.0809,greedy,greedy,2,true,,824.3093693882824,4.40291882562375,1.0280,18.7,1.1247,30,824.309,"[3.7497, 4.4029]","[4.587, 4.6017]",4.60166878365286,0.011945426864366688,optimized
s101,70,6.6088,greedy,greedy,2,true,,824.3085929318422,4.353699657615168,1.0280,18.7,1.1286,30,824.309,"[3.7039, 4.3537]","[4.587, 4.6017]",4.60166878365286,0.011945606713556862,optimized
s101,65,6.1368,greedy,greedy,2,true,,824.3077563517318,4.301067654892149,1.0280,18.6,1.1216,30,824.308,"[3.6649, 4.3011]","[4.587, 4.6017]",4.60166878365286,0.011945837915339439,optimized
s101,60,5.6647,greedy,greedy,2,true,,824.3054308466685,4.270582712393491,1.0280,18.8,1.1311,30,824.305,"[3.6677, 4.2706]","[4.587, 4.6017]",4.60166878365286,0.011946402523576309,optimized
s101,55,5.1927,greedy,greedy,2,true,,824.3033892331802,4.177380394544611,1.0280,18.8,1.1315,30,824.303,"[3.6287, 4.1774]","[4.587, 4.6017]",4.60166878365286,0.01194654012274463,optimized
s101,50,4.7206,greedy,greedy,2,true,,832.5964791913557,4.698938763097065,1.0383,17.8,1.0741,30,832.596,"[4.2018, 4.6989]","[4.587, 4.6017]",4.60166878365286,8.23040484376758e-9,optimized
s101,45,4.2485,greedy,greedy,2,true,,829.7726755676031,4.248541982454895,1.0348,17.8,1.0750,30,829.773,"[3.8913, 4.2485]","[4.587, 4.6017]",4.60166878365286,1.1785451050627671e-6,optimized
s101,40,3.7765,greedy,greedy,2,true,,827.7246027642772,3.7764819081764687,1.0323,17.9,1.0786,30,827.725,"[3.7285, 3.7765]","[4.587, 4.6017]",4.60166878365286,1.0128235312656386e-6,optimized
s101,35,3.3044,greedy,greedy,2,true,,830.8982607536454,3.3044225868151216,1.0362,18.0,1.0860,30,830.898,"[3.4565, 3.3044]","[4.587, 4.6017]",4.60166878365286,9.418487856294178e-8,optimized
s101,30,2.8324,greedy,greedy,2,false,recovery_failed,839.9456685496529,3.030149690147205,,15.9,0.9590,30,839.946,"[3.5573, 3.0301]","[4.587, 4.6017]",4.60166878365286,-0.19778724914720458,recovery_failed
