scenario_id,pct,threshold,method,algorithm,num_agents,success,fail_reason,primary_length,primary_unc,length_ratio,wall_s,wall_ratio,astar_iterations,continuous_primary_length,continuous_uncertainties,discrete_uncertainties,formation_arc_drift,formation_offsets,primary_disc_unc,refinement_min_slack,refinement_status
s001,100,7.9062,formation,formation,2,true,,963.7491417313176,6.998177678046918,1.0656,18.2,1.0169,124,963.749,"[6.9894, 6.9982]","[6.8748, 6.5253]",[82.2876],[-1],6.525265853126272,0.011116061105839266,optimized
s001,95,7.5109,formation,formation,2,true,,1153.9112949975029,7.25494248243696,1.2759,21.6,1.2044,46361,1153.911,"[7.1948, 7.2549]","[7.1957, 7.4331]",[45.685],[1],7.433137763001003,0.008807515937024519,optimized
s001,90,7.1156,formation,formation,2,true,,1149.0412103495369,6.825530675475042,1.2705,21.6,1.2089,46361,1149.041,"[7.1137, 6.8255]","[7.1957, 7.4331]",[45.685],[1],7.433137763001003,0.008503223347529426,optimized
s001,85,6.7202,formation,formation,2,false,recovery_failed,1182.0619601013218,6.868733416539577,,17.0,0.9471,46361,1182.062,"[7.0558, 6.8687]","[7.1957, 7.4331]",[45.685],[1],7.433137763001003,-0.1484832845395765,recovery_failed
s001,80,6.3249,formation,formation,2,false,not_run_after_fail,,,,0.0,,,,,,,,,,
s001,75,5.9296,formation,formation,2,false,not_run_after_fail,,,,0.0,,,,,,,,,,
s001,70,5.5343,formation,formation,2,false,not_run_after_fail,,,,0.0,,,,,,,,,,
s001,65,5.1390,formation,formation,2,false,not_run_after_fail,,,,0.0,,,,,,,,,,
s001,60,4.7437,formation,formation,2,false,not_run_after_fail,,,,0.0,,,,,,,,,,
s001,55,4.3484,formation,formation,2,false,not_run_after_fail,,,,0.0,,,,,,,,,,
s001,50,3.9531,formation,formation,2,false,not_run_after_fail,,,,0.0,,,,,,,,,,
s001,45,3.5578,formation,formation,2,false,not_run_after_fail,,,,0.0,,,,,,,,,,
s001,40,3.1625,formation,formation,2,false,not_run_after_fail,,,,0.0,,,,,,,,,,
s001,35,2.7672,formation,formation,2,false,not_run_after_fail,,,,0.0,,,,,,,,,,
s001,30,2.3719,formation,formation,2,false,not_run_after_fail,,,,0.0,,,,,,,,,,
s002,100,8.7866,formation,formation,2,true,,751.4691047895639,3.790583089478897,1.1785,16.2,1.0211,50,751.469,"[2.5683, 3.7906]","[4.0094, 6.3888]",[82.2876],[-1],6.388826586210167,0.006474537923322452,optimized
s002,95,8.3472,formation,formation,2,true,,759.6977354690259,4.062419305795026,1.1915,17.0,1.0728,90,759.698,"[3.7566, 4.0624]","[4.9091, 5.3484]",[-36.6025],[1],5.348404653890308,7.194223645631825e-8,optimized
s002,90,7.9079,formation,formation,2,true,,762.4985995856584,4.00018541496536,1.1958,16.9,1.0663,90,762.499,"[3.7393, 4.0002]","[4.9091, 5.3484]",[-36.6025],[1],5.348404653890308,5.992124224238338e-8,optimized
s002,85,7.4686,formation,formation,2,true,,758.6941042364141,4.0375459223534325,1.1899,17.0,1.0712,90,758.694,"[3.7263, 4.0375]","[4.9091, 5.3484]",[-36.6025],[1],5.348404653890308,1.314607172425708e-8,optimized
s002,80,7.0292,formation,formation,2,true,,758.2434015867909,4.022345670234397,1.1892,17.0,1.0731,90,758.243,"[3.7126, 4.0223]","[4.9091, 5.3484]",[-36.6025],[1],5.348404653890308,2.5337625799565222e-8,optimized
s002,75,6.5899,formation,formation,2,true,,758.2326044439351,4.000700128963515,1.1892,17.0,1.0723,90,758.233,"[3.6946, 4.0007]","[4.9091, 5.3484]",[-36.6025],[1],5.348404653890308,4.9357165857882856e-8,optimized
s002,70,6.1506,formation,formation,2,true,,765.5301435571383,4.68331207826409,1.2006,17.0,1.0673,93,765.53,"[4.064, 4.6833]","[4.0098, 4.3757]",[-36.6025],[1],4.375694085948727,2.259936000142959e-8,optimized
s002,65,5.7113,formation,formation,2,true,,756.1889547961455,4.041105051705398,1.1860,16.8,1.0572,194,756.189,"[3.8261, 4.0411]","[4.0045, 4.3707]",[-36.6025],[1],4.370675330931008,1.0192000403363988e-9,optimized
s002,60,5.2719,formation,formation,2,true,,833.366291367521,4.408326312602547,1.3070,16.9,1.0632,194,833.366,"[4.0205, 4.4083]","[4.0045, 4.3707]",[-36.6025],[1],4.370675330931008,1.807068007306134e-5,optimized
s002,55,4.8326,formation,formation,2,true,,955.6530532466195,3.188406608116265,1.4988,15.9,1.0031,210,955.653,"[2.4911, 3.1884]","[2.5825, 2.8947]",[82.2876],[-1],2.894653999479078,0.011274467466669795,optimized
s002,50,4.3933,formation,formation,2,true,,955.6530532376825,3.188395411541755,1.4988,15.9,1.0033,210,955.653,"[2.4911, 3.1884]","[2.5825, 2.8947]",[82.2876],[-1],2.894653999479078,0.011274467455759168,optimized
s002,45,3.9540,formation,formation,2,true,,927.7780708705602,3.832584574729434,1.4551,18.0,1.1331,49204,927.778,"[0.8337, 3.8326]","[2.5418, 3.6812]",[-36.6025],[-1],3.681193109918759,1.702350194907054e-7,optimized
s002,40,3.5146,formation,formation,2,true,,981.9808929263129,3.0575268701411082,1.5401,17.7,1.1131,49204,981.981,"[0.9075, 3.0575]","[2.5418, 3.6812]",[-36.6025],[-1],3.681193109918759,0.00036743636621849873,optimized
s002,35,3.0753,formation,formation,2,true,,1083.2915366345014,2.4920608509965074,1.6990,16.9,1.0649,49204,1083.292,"[2.3294, 2.4921]","[2.5418, 3.6812]",[-36.6025],[-1],3.681193109918759,0.011179542208976717,optimized
s002,30,2.6360,formation,formation,2,true,,1061.7421270582759,2.6342139285773682,1.6652,19.1,1.2003,49204,1061.742,"[2.3018, 2.6342]","[2.5418, 3.6812]",[-36.6025],[-1],3.681193109918759,4.5898810446809435e-9,optimized
s003,100,6.5157,formation,formation,2,true,,766.6090493817702,5.506570219947582,1.2765,16.1,0.9978,53,766.609,"[4.2555, 5.5066]","[4.032, 4.4835]",[82.2876],[-1],4.483528593145372,0.006665636591181995,optimized
s003,95,6.1900,formation,formation,2,true,,834.7884249193762,5.310151527400778,1.3900,15.9,0.9843,133,834.788,"[4.6265, 5.3102]","[4.6448, 5.0652]",[82.2876],[1],5.0652122859536215,0.010140371795589104,optimized
s003,90,5.8642,formation,formation,2,true,,933.1477625198621,5.825408788825862,1.5538,16.5,1.0216,249,933.148,"[6.5262, 5.8254]","[6.5159, 5.4907]",[82.2876],[1],5.4906546159507075,0.008696866446070924,optimized
s003,85,5.5384,formation,formation,2,true,,933.1459288604631,5.4416040971397655,1.5538,16.6,1.0270,249,933.146,"[6.4394, 5.4416]","[6.5159, 5.4907]",[82.2876],[1],5.4906546159507075,0.009296754990115438,optimized
s003,80,5.2126,formation,formation,2,true,,827.5582452417586,4.267336302843507,1.3780,16.8,1.0435,349,827.558,"[0.9116, 4.2673]","[2.8275, 3.5694]",[-36.6025],[-1],3.5693638665312224,5.903118726474643e-9,optimized
s003,75,4.8868,formation,formation,2,true,,773.6563339287695,2.5584070426270507,1.2882,16.5,1.0248,349,773.656,"[1.4288, 2.5584]","[2.8275, 3.5694]",[-36.6025],[-1],3.5693638665312224,3.654940891259506e-8,optimized
s003,70,4.5610,formation,formation,2,true,,772.4624957402455,2.544840130465105,1.2862,16.6,1.0266,349,772.462,"[1.4145, 2.5448]","[2.8275, 3.5694]",[-36.6025],[-1],3.5693638665312224,1.722654321273387e-9,optimized
s003,65,4.2352,formation,formation,2,true,,938.1725442416412,3.602850735586892,1.5622,16.6,1.0296,349,938.173,"[2.6765, 3.6029]","[2.8275, 3.5694]",[-36.6025],[-1],3.5693638665312224,1.2242550029295529e-8,optimized
s003,60,3.9094,formation,formation,2,true,,1608.3343126197065,3.460563924481953,2.6780,18.6,1.1528,61655,1608.334,"[1.1781, 3.4606]","[2.8432, 2.7014]",[45.685],[-1],2.7013564710079114,0.0016448805986328807,optimized
s003,55,3.5837,formation,formation,2,true,,1733.9758891220335,2.2884924249601992,2.8872,17.4,1.0797,61655,1733.976,"[2.3033, 2.2885]","[2.8432, 2.7014]",[45.685],[-1],2.7013564710079114,0.0003312249691589386,optimized
s003,50,3.2579,formation,formation,2,true,,1733.8269735767599,2.8805325521823577,2.8870,17.2,1.0636,61655,1733.827,"[2.7961, 2.8805]","[2.8432, 2.7014]",[45.685],[-1],2.7013564710079114,0.011162384812067458,optimized
s003,45,2.9321,formation,formation,2,true,,1650.214187290043,2.67825578566337,2.7478,21.9,1.3563,61655,1650.214,"[2.0923, 2.6783]","[2.8432, 2.7014]",[45.685],[-1],2.7013564710079114,7.300982353408703e-10,optimized
s003,40,2.6063,formation,formation,2,true,,1720.568883423812,1.9507879443595817,2.8649,16.9,1.0480,61655,1720.569,"[2.742, 1.9508]","[2.8432, 2.7014]",[45.685],[-1],2.7013564710079114,0.00874266326577373,optimized
s003,35,2.2805,formation,formation,2,true,,1720.5794204747729,1.8713726663009,2.8649,16.7,1.0331,61655,1720.579,"[2.7429, 1.8714]","[2.8432, 2.7014]",[45.685],[-1],2.7013564710079114,0.008686859649808778,optimized
s003,30,1.9547,formation,formation,2,true,,1720.5016944587564,1.9547208034616885,2.8648,16.3,1.0110,61655,1720.502,"[2.7433, 1.9547]","[2.8432, 2.7014]",[45.685],[-1],2.7013564710079114,4.538538311393836e-6,optimized
s004,100,4.8986,formation,formation,2,true,,956.0102537206772,3.9536630942990545,1.1066,16.1,0.9876,114,956.01,"[3.9402, 3.9537]","[3.93, 3.6318]",[82.2876],[-1],3.631757134678642,0.01138162642078881,optimized
s004,95,4.6536,formation,formation,2,true,,1605.8199975001144,3.7837126275932382,1.8588,17.6,1.0759,79457,1605.82,"[3.9361, 3.7837]","[3.7989, 3.3966]",[82.2876],[-1],3.39658003391028,0.011192539884094363,optimized
s004,90,4.4087,formation,formation,2,true,,1605.8199975003033,3.783690534455693,1.8588,17.5,1.0744,79457,1605.82,"[3.9361, 3.7837]","[3.7989, 3.3966]",[82.2876],[-1],3.39658003391028,0.011192539892612102,optimized
s004,85,4.1638,formation,formation,2,true,,1605.8199975005841,3.783646038435764,1.8588,17.5,1.0750,79457,1605.82,"[3.9361, 3.7836]","[3.7989, 3.3966]",[82.2876],[-1],3.39658003391028,0.011192539917410628,optimized
s004,80,3.9189,formation,formation,2,true,,1605.8199975015082,3.7835072041219795,1.8588,17.5,1.0740,79457,1605.82,"[3.9359, 3.7835]","[3.7989, 3.3966]",[82.2876],[-1],3.39658003391028,0.011192540058882355,optimized
s004,75,3.6739,formation,formation,2,true,,1609.9093907468487,3.5283419386485204,1.8635,17.9,1.0976,79457,1609.909,"[3.7028, 3.5283]","[3.7989, 3.3966]",[82.2876],[-1],3.39658003391028,0.010836384506874894,optimized
s004,70,3.4290,formation,formation,2,true,,1608.7193181791783,3.294562781741021,1.8621,17.9,1.0976,79457,1608.719,"[3.6686, 3.2946]","[3.7989, 3.3966]",[82.2876],[-1],3.39658003391028,0.010763693553862148,optimized
s004,65,3.1841,formation,formation,2,true,,1608.7384784453666,3.1351760378629034,1.8621,17.8,1.0926,79457,1608.738,"[3.6616, 3.1352]","[3.7989, 3.3966]",[82.2876],[-1],3.39658003391028,0.010733020803247275,optimized
s004,60,2.9391,formation,formation,2,false,recovery_failed,1610.1741730545257,2.9771493539566487,,18.0,1.1027,79457,1610.174,"[3.6517, 2.9771]","[3.7989, 3.3966]",[82.2876],[-1],3.39658003391028,-0.03800947295664869,recovery_failed
s004,55,2.6942,formation,formation,2,false,not_run_after_fail,,,,0.0,,,,,,,,,,
s004,50,2.4493,formation,formation,2,false,not_run_after_fail,,,,0.0,,,,,,,,,,
s004,45,2.2044,formation,formation,2,false,not_run_after_fail,,,,0.0,,,,,,,,,,
s004,40,1.9594,formation,formation,2,false,not_run_after_fail,,,,0.0,,,,,,,,,,
s004,35,1.7145,formation,formation,2,false,not_run_after_fail,,,,0.0,,,,,,,,,,
s004,30,1.4696,formation,formation,2,false,not_run_after_fail,,,,0.0,,,,,,,,,,
s005,100,6.2759,formation,formation,2,true,,1110.8887458760266,4.748829255593164,1.1638,16.6,0.9917,443,1110.889,"[4.2178, 4.7488]","[4.0625, 3.6783]",[82.2876],[1],3.6783352392324002,0.007358678947676462,optimized
s005,95,5.9621,formation,formation,2,true,,1432.520318382117,5.268047067139993,1.5008,22.2,1.3293,141487,1432.52,"[5.2479, 5.268]","[5.6649, 5.9793]",[-36.6025],[1],5.979298981033657,0.0009808151339711912,optimized
s005,90,5.6483,formation,formation,2,true,,1748.971314792414,5.072166352225629,1.8323,21.9,1.3085,141487,1748.971,"[4.2503, 5.0722]","[5.6649, 5.9793]",[-36.6025],[1],5.979298981033657,1.4090862018867334e-8,optimized
s005,85,5.3345,formation,formation,2,true,,1696.8107539819714,4.519518259223438,1.7776,23.8,1.4250,141487,1696.811,"[4.2192, 4.5195]","[5.6649, 5.9793]",[-36.6025],[1],5.979298981033657,2.3466047105458188e-8,optimized
s005,80,5.0207,formation,formation,2,true,,1703.2845052837508,4.168216310727925,1.7844,23.3,1.3896,141487,1703.285,"[3.7895, 4.1682]","[5.6649, 5.9793]",[-36.6025],[1],5.979298981033657,8.086112193023132e-9,optimized
s005,75,4.7070,formation,formation,2,true,,1767.3955526574382,4.643126882916833,1.8516,20.6,1.2307,141487,1767.396,"[4.1474, 4.6431]","[5.6649, 5.9793]",[-36.6025],[1],5.979298981033657,0.010984718661301926,optimized
s005,70,4.3932,formation,formation,2,true,,1716.9531314331316,3.6125902584717147,1.7987,22.0,1.3150,141487,1716.953,"[3.6018, 3.6126]","[5.6649, 5.9793]",[-36.6025],[1],5.979298981033657,0.006679297877727863,optimized
s005,65,4.0794,formation,formation,2,true,,1742.8577108880136,3.4009938423139303,1.8259,20.6,1.2301,141487,1742.858,"[3.3897, 3.401]","[5.6649, 5.9793]",[-36.6025],[1],5.979298981033657,0.007933057803856228,optimized
s005,60,3.7656,formation,formation,2,true,,1748.3234815584303,3.433209120416583,1.8316,19.1,1.1439,141487,1748.323,"[3.4218, 3.4332]","[5.6649, 5.9793]",[-36.6025],[1],5.979298981033657,0.008508967258208936,optimized
s005,55,3.4518,formation,formation,2,true,,1711.9127015179065,3.3591836764546508,1.7935,21.5,1.2857,141487,1711.913,"[2.9594, 3.3592]","[5.6649, 5.9793]",[-36.6025],[1],5.979298981033657,2.470066101656343e-8,optimized
s005,50,3.1380,formation,formation,2,true,,1749.4715365487436,3.077145165039617,1.8328,20.2,1.2072,141487,1749.472,"[3.0651, 3.0771]","[5.6649, 5.9793]",[-36.6025],[1],5.979298981033657,0.007172406864484719,optimized
s005,45,2.8242,formation,formation,2,false,recovery_failed,1749.9855126819543,3.0840667287640757,,19.3,1.1556,141487,1749.986,"[3.0721, 3.0841]","[5.6649, 5.9793]",[-36.6025],[1],5.979298981033657,-0.2598939667640754,recovery_failed
s005,40,2.5104,formation,formation,2,false,not_run_after_fail,,,,0.0,,,,,,,,,,
s005,35,2.1966,formation,formation,2,false,not_run_after_fail,,,,0.0,,,,,,,,,,
s005,30,1.8828,formation,formation,2,false,not_run_after_fail,,,,0.0,,,,,,,,,,
s006,100,9.0711,formation,formation,2,true,,664.2202567366024,8.579126921767458,1.1005,15.7,0.9774,21,664.22,"[8.4457, 8.5791]","[8.4074, 7.971]",[82.2876],[-1],7.971049594581473,0.008093032710896935,optimized
s006,95,8.6175,formation,formation,2,true,,857.7881151969553,4.441669278491744,1.4212,15.7,0.9806,113,857.788,"[4.3064, 4.4417]","[4.3029, 3.9089]",[82.2876],[-1],3.9089041856198254,0.010260188984818435,optimized
s006,90,8.1640,formation,formation,2,true,,857.7881142037983,4.441669243210827,1.4212,15.8,0.9885,113,857.788,"[4.3064, 4.4417]","[4.3029, 3.9089]",[82.2876],[-1],3.9089041856198254,0.010260189284388637,optimized
s006,85,7.7104,formation,formation,2,true,,857.7881128804996,4.441669197699433,1.4212,15.7,0.9780,113,857.788,"[4.3064, 4.4417]","[4.3029, 3.9089]",[82.2876],[-1],3.9089041856198254,0.010260189658766395,optimized
s006,80,7.2569,formation,formation,2,true,,857.7881111598698,4.441669137641755,1.4212,15.7,0.9807,113,857.788,"[4.3064, 4.4417]","[4.3029, 3.9089]",[82.2876],[-1],3.9089041856198254,0.010260190152234897,optimized
s006,75,6.8033,formation,formation,2,true,,857.7881087540161,4.441669054147997,1.4212,15.9,0.9911,113,857.788,"[4.3064, 4.4417]","[4.3029, 3.9089]",[82.2876],[-1],3.9089041856198254,0.01026019083003605,optimized
s006,70,6.3497,formation,formation,2,true,,857.7881051331524,4.441668929948072,1.4212,15.9,0.9897,113,857.788,"[4.3064, 4.4417]","[4.3029, 3.9089]",[82.2876],[-1],3.9089041856198254,0.01026019181431848,optimized
s006,65,5.8962,formation,formation,2,true,,857.7880992374838,4.44166872748741,1.4212,15.9,0.9924,113,857.788,"[4.3064, 4.4417]","[4.3029, 3.9089]",[82.2876],[-1],3.9089041856198254,0.010260193381762074,optimized
s006,60,5.4426,formation,formation,2,true,,857.7880876714146,4.4416683367259635,1.4212,15.9,0.9950,113,857.788,"[4.3064, 4.4417]","[4.3029, 3.9089]",[82.2876],[-1],3.9089041856198254,0.010260196259509722,optimized
s006,55,4.9891,formation,formation,2,false,recovery_failed,1335.8807018310056,5.744284212451122,,16.7,1.0407,46492,1335.881,"[5.1869, 5.7443]","[5.5332, 5.2733]",[45.685],[1],5.273302892359963,-0.7551941364511219,recovery_failed
s006,50,4.5355,formation,formation,2,false,not_run_after_fail,,,,0.0,,,,,,,,,,
s006,45,4.0820,formation,formation,2,false,not_run_after_fail,,,,0.0,,,,,,,,,,
s006,40,3.6284,formation,formation,2,false,not_run_after_fail,,,,0.0,,,,,,,,,,
s006,35,3.1749,formation,formation,2,false,not_run_after_fail,,,,0.0,,,,,,,,,,
s006,30,2.7213,formation,formation,2,false,not_run_after_fail,,,,0.0,,,,,,,,,,
s007,100,5.9068,formation,formation,2,true,,851.4442537280183,4.054943539639421,1.1175,15.9,0.9804,86,851.444,"[4.0402, 4.0549]","[4.1211, 3.8397]",[82.2876],[1],3.8397056555029336,0.010140799591551411,optimized
s007,95,5.6115,formation,formation,2,true,,930.0821143294409,4.10603792207973,1.2207,16.1,0.9901,231,930.082,"[4.0046, 4.106]","[4.0822, 3.798]",[82.2876],[1],3.7979763934552233,0.009532516880965498,optimized
s007,90,5.3161,formation,formation,2,true,,930.0821141456539,4.106037089537449,1.2207,16.2,0.9943,231,930.082,"[4.0046, 4.106]","[4.0822, 3.798]",[82.2876],[1],3.7979763934552233,0.009532516853264636,optimized
s007,85,5.0208,formation,formation,2,true,,1030.848051536528,4.061541402577061,1.3529,16.0,0.9867,465,1030.848,"[4.0256, 4.0615]","[4.0795, 3.7951]",[82.2876],[1],3.7951074184248603,0.009858619023089269,optimized
s007,80,4.7254,formation,formation,2,false,recovery_failed,1771.6266592671825,4.835980029650027,,29.4,1.8105,94299,1771.627,"[0.8592, 4.836]","[0.8459, 5.0069]",[82.2876],[1],5.006888682820896,-0.11054305965002609,recovery_failed
s007,75,4.4301,formation,formation,2,false,not_run_after_fail,,,,0.0,,,,,,,,,,
s007,70,4.1348,formation,formation,2,false,not_run_after_fail,,,,0.0,,,,,,,,,,
s007,65,3.8394,formation,formation,2,false,not_run_after_fail,,,,0.0,,,,,,,,,,
s007,60,3.5441,formation,formation,2,false,not_run_after_fail,,,,0.0,,,,,,,,,,
s007,55,3.2487,formation,formation,2,false,not_run_after_fail,,,,0.0,,,,,,,,,,
s007,50,2.9534,formation,formation,2,false,not_run_after_fail,,,,0.0,,,,,,,,,,
s007,45,2.6581,formation,formation,2,false,not_run_after_fail,,,,0.0,,,,,,,,,,
s007,40,2.3627,formation,formation,2,false,not_run_after_fail,,,,0.0,,,,,,,,,,
s007,35,2.0674,formation,formation,2,false,not_run_after_fail,,,,0.0,,,,,,,,,,
s007,30,1.7720,formation,formation,2,false,not_run_after_fail,,,,0.0,,,,,,,,,,
s008,100,7.3296,formation,formation,2,true,,909.7657802527193,5.327554817846755,1.0079,17.7,1.0602,89,909.766,"[4.4873, 5.3276]","[5.9792, 6.3073]",[-36.6025],[-1],6.307324980906935,1.095251266429841e-6,optimized
s008,95,6.9631,formation,formation,2,true,,1056.0137939115052,5.074622123328448,1.1699,16.3,0.9743,171,1056.014,"[5.0002, 5.0746]","[5.1022, 4.9085]",[82.2876],[-1],4.908457308827331,0.011381627828152366,optimized
s008,90,6.5966,formation,formation,2,true,,1056.0137939444967,5.074622041121711,1.1699,16.3,0.9750,171,1056.014,"[5.0002, 5.0746]","[5.1022, 4.9085]",[82.2876],[-1],4.908457308827331,0.011381627821124493,optimized
s008,85,6.2302,formation,formation,2,true,,1131.9224377073033,5.058028379687405,1.2540,16.3,0.9765,578,1131.922,"[4.9815, 5.058]","[5.071, 4.8757]",[82.2876],[-1],4.875715343319716,0.009841045501440859,optimized
s008,80,5.8637,formation,formation,2,true,,1232.2369404788255,5.054367587412265,1.3652,16.5,0.9918,1363,1232.237,"[4.9774, 5.0544]","[5.0571, 4.861]",[82.2876],[-1],4.86100255849933,0.009858757211572831,optimized
s008,75,5.4972,formation,formation,2,true,,1404.4105482725688,5.1250472283634965,1.5559,17.8,1.0669,103262,1404.411,"[5.0259, 5.125]","[5.0236, 5.323]",[-36.6025],[-1],5.323004996324298,0.010387506602028041,optimized
s008,70,5.1307,formation,formation,2,true,,1400.1302941556557,5.066116097866819,1.5512,18.1,1.0853,103262,1400.13,"[4.972, 5.0661]","[5.0236, 5.323]",[-36.6025],[-1],5.323004996324298,0.011028806042368137,optimized
s008,65,4.7642,formation,formation,2,false,recovery_failed,1400.0470904981864,5.066021017719432,,18.1,1.0873,103262,1400.047,"[4.9719, 5.066]","[5.0236, 5.323]",[-36.6025],[-1],5.323004996324298,-0.30177339071943177,recovery_failed
s008,60,4.3978,formation,formation,2,false,not_run_after_fail,,,,0.0,,,,,,,,,,
s008,55,4.0313,formation,formation,2,false,not_run_after_fail,,,,0.0,,,,,,,,,,
s008,50,3.6648,formation,formation,2,false,not_run_after_fail,,,,0.0,,,,,,,,,,
s008,45,3.2983,formation,formation,2,false,not_run_after_fail,,,,0.0,,,,,,,,,,
s008,40,2.9318,formation,formation,2,false,not_run_after_fail,,,,0.0,,,,,,,,,,
s008,35,2.5654,formation,formation,2,false,not_run_after_fail,,,,0.0,,,,,,,,,,
s008,30,2.1989,formation,formation,2,false,not_run_after_fail,,,,0.0,,,,,,,,,,
s009,100,8.0659,formation,formation,2,true,,1051.7139610824784,7.212827631775061,1.1724,16.6,0.9926,87,1051.714,"[7.2006, 7.2128]","[7.1132, 6.721]",[82.2876],[1],6.720967306495154,0.0116001735636681,optimized
s009,95,7.6626,formation,formation,2,true,,1050.851029085155,6.315983846258761,1.1714,16.4,0.9785,104,1050.851,"[6.3379, 6.316]","[6.1999, 5.6829]",[82.2876],[1],5.682892243613638,0.011666684448444424,optimized
s009,90,7.2593,formation,formation,2,true,,1131.9224344102454,5.466294466544195,1.2618,16.5,0.9889,241,1131.922,"[5.3722, 5.4663]","[5.4408, 5.2077]",[82.2876],[1],5.207668472767134,0.00984106673064001,optimized
s009,85,6.8560,formation,formation,2,true,,1131.922433908579,5.466294476206863,1.2618,16.6,0.9945,241,1131.922,"[5.3722, 5.4663]","[5.4408, 5.2077]",[82.2876],[1],5.207668472767134,0.00984106689111799,optimized
s009,80,6.4527,formation,formation,2,true,,1131.9224329734884,5.466294496622665,1.2618,16.6,0.9904,241,1131.922,"[5.3722, 5.4663]","[5.4408, 5.2077]",[82.2876],[1],5.207668472767134,0.00984106718648591,optimized
s009,75,6.0494,formation,formation,2,true,,1172.2271381218293,6.041030806117328,1.3067,23.7,1.4197,82553,1172.227,"[6.0672, 6.041]","[6.1731, 6.1635]",[0.0],[-1],6.163470251729542,0.0007711999488206403,optimized
s009,70,5.6462,formation,formation,2,false,recovery_failed,1190.3112865365224,5.960316867308856,,21.5,1.2843,82553,1190.311,"[6.0509, 5.9603]","[6.1731, 6.1635]",[0.0],[-1],6.163470251729542,-0.31416388130885586,recovery_failed
s009,65,5.2429,formation,formation,2,false,not_run_after_fail,,,,0.0,,,,,,,,,,
s009,60,4.8396,formation,formation,2,false,not_run_after_fail,,,,0.0,,,,,,,,,,
s009,55,4.4363,formation,formation,2,false,not_run_after_fail,,,,0.0,,,,,,,,,,
s009,50,4.0330,formation,formation,2,false,not_run_after_fail,,,,0.0,,,,,,,,,,
s009,45,3.6297,formation,formation,2,false,not_run_after_fail,,,,0.0,,,,,,,,,,
s009,40,3.2264,formation,formation,2,false,not_run_after_fail,,,,0.0,,,,,,,,,,
s009,35,2.8231,formation,formation,2,false,not_run_after_fail,,,,0.0,,,,,,,,,,
s009,30,2.4198,formation,formation,2,false,not_run_after_fail,,,,0.0,,,,,,,,,,
s010,100,8.3710,formation,formation,2,true,,906.3668457264165,7.377953669986275,1.2798,16.0,0.9722,235,906.367,"[7.3148, 7.378]","[7.9572, 7.7648]",[82.2876],[1],7.764811502131603,0.005707981976710217,optimized
s010,95,7.9524,formation,formation,2,false,recovery_failed,1267.7832907617776,7.983855503300253,,17.0,1.0357,44812,1267.783,"[7.6964, 7.9839]","[8.3881, 8.0709]",[82.2876],[-1],8.070868512979652,-27.15447587310774,recovery_failed
s010,90,7.5339,formation,formation,2,false,not_run_after_fail,,,,0.0,,,,,,,,,,
s010,85,7.1153,formation,formation,2,false,not_run_after_fail,,,,0.0,,,,,,,,,,
s010,80,6.6968,formation,formation,2,false,not_run_after_fail,,,,0.0,,,,,,,,,,
s010,75,6.2782,formation,formation,2,false,not_run_after_fail,,,,0.0,,,,,,,,,,
s010,70,5.8597,formation,formation,2,false,not_run_after_fail,,,,0.0,,,,,,,,,,
s010,65,5.4411,formation,formation,2,false,not_run_after_fail,,,,0.0,,,,,,,,,,
s010,60,5.0226,formation,formation,2,false,not_run_after_fail,,,,0.0,,,,,,,,,,
s010,55,4.6040,formation,formation,2,false,not_run_after_fail,,,,0.0,,,,,,,,,,
s010,50,4.1855,formation,formation,2,false,not_run_after_fail,,,,0.0,,,,,,,,,,
s010,45,3.7669,formation,formation,2,false,not_run_after_fail,,,,0.0,,,,,,,,,,
s010,40,3.3484,formation,formation,2,false,not_run_after_fail,,,,0.0,,,,,,,,,,
s010,35,2.9298,formation,formation,2,false,not_run_after_fail,,,,0.0,,,,,,,,,,
s010,30,2.5113,formation,formation,2,false,not_run_after_fail,,,,0.0,,,,,,,,,,
s011,100,6.8163,formation,formation,2,true,,973.5544797444921,5.669850785251099,1.1328,18.5,1.1493,209,973.554,"[4.9326, 5.6699]","[5.5977, 6.0491]",[-36.6025],[1],6.049100057859627,7.3174634590268394e-6,optimized
s011,95,6.4755,formation,formation,2,false,recovery_failed,1083.0760138904877,7.125169036286096,,16.4,1.0176,27084,1083.076,"[6.9629, 7.1252]","[7.4091, 6.8163]",[-36.6025],[-1],6.816284261717932,-15.560186698692446,recovery_failed
s011,90,6.1347,formation,formation,2,false,not_run_after_fail,,,,0.0,,,,,,,,,,
s011,85,5.7939,formation,formation,2,false,not_run_after_fail,,,,0.0,,,,,,,,,,
s011,80,5.4530,formation,formation,2,false,not_run_after_fail,,,,0.0,,,,,,,,,,
s011,75,5.1122,formation,formation,2,false,not_run_after_fail,,,,0.0,,,,,,,,,,
s011,70,4.7714,formation,formation,2,false,not_run_after_fail,,,,0.0,,,,,,,,,,
s011,65,4.4306,formation,formation,2,false,not_run_after_fail,,,,0.0,,,,,,,,,,
s011,60,4.0898,formation,formation,2,false,not_run_after_fail,,,,0.0,,,,,,,,,,
s011,55,3.7490,formation,formation,2,false,not_run_after_fail,,,,0.0,,,,,,,,,,
s011,50,3.4082,formation,formation,2,false,not_run_after_fail,,,,0.0,,,,,,,,,,
s011,45,3.0673,formation,formation,2,false,not_run_after_fail,,,,0.0,,,,,,,,,,
s011,40,2.7265,formation,formation,2,false,not_run_after_fail,,,,0.0,,,,,,,,,,
s011,35,2.3857,formation,formation,2,false,not_run_after_fail,,,,0.0,,,,,,,,,,
s011,30,2.0449,formation,formation,2,false,not_run_after_fail,,,,0.0,,,,,,,,,,
s012,100,8.6661,formation,formation,2,true,,1214.7208780695346,7.50765136630287,1.2292,16.9,0.9984,1034,1214.721,"[7.6587, 7.5077]","[7.9425, 7.5402]",[82.2876],[1],7.540220711116222,0.010926832748601175,optimized
s012,95,8.2328,formation,formation,2,true,,2099.2506101861263,7.912626558336008,2.1243,26.4,1.5561,31297,2099.251,"[7.8016, 7.9126]","[8.2672, 7.9628]",[82.2876],[1],7.962799513269235,0.009618032092181787,optimized
s012,90,7.7995,formation,formation,2,false,recovery_failed,2250.9717570370167,8.07053861445687,,18.1,1.0699,69654,2250.972,"[3.1735, 8.0705]","[3.2985, 7.0518]",[82.2876],[-1],7.051758648900706,-6.0200040845386384,recovery_failed
s012,85,7.3662,formation,formation,2,false,not_run_after_fail,,,,0.0,,,,,,,,,,
s012,80,6.9329,formation,formation,2,false,not_run_after_fail,,,,0.0,,,,,,,,,,
s012,75,6.4996,formation,formation,2,false,not_run_after_fail,,,,0.0,,,,,,,,,,
s012,70,6.0663,formation,formation,2,false,not_run_after_fail,,,,0.0,,,,,,,,,,
s012,65,5.6330,formation,formation,2,false,not_run_after_fail,,,,0.0,,,,,,,,,,
s012,60,5.1997,formation,formation,2,false,not_run_after_fail,,,,0.0,,,,,,,,,,
s012,55,4.7664,formation,formation,2,false,not_run_after_fail,,,,0.0,,,,,,,,,,
s012,50,4.3331,formation,formation,2,false,not_run_after_fail,,,,0.0,,,,,,,,,,
s012,45,3.8998,formation,formation,2,false,not_run_after_fail,,,,0.0,,,,,,,,,,
s012,40,3.4665,formation,formation,2,false,not_run_after_fail,,,,0.0,,,,,,,,,,
s012,35,3.0331,formation,formation,2,false,not_run_after_fail,,,,0.0,,,,,,,,,,
s012,30,2.5998,formation,formation,2,false,not_run_after_fail,,,,0.0,,,,,,,,,,
s013,100,9.2194,formation,formation,2,true,,955.6530326974954,7.765928532157054,1.2214,15.8,0.9772,249,955.653,"[7.8022, 7.7659]","[7.7687, 7.443]",[82.2876],[-1],7.443032287910506,0.011274465415463975,optimized
s013,95,8.7585,formation,formation,2,true,,834.1939512720494,7.115329260378085,1.0661,18.2,1.1264,747,834.194,"[6.7626, 7.1153]","[7.6885, 7.8993]",[-36.6025],[-1],7.899347354529237,5.107491246152118e-6,optimized
s013,90,8.2975,formation,formation,2,true,,1147.4138865466807,8.264996305070646,1.4664,16.6,1.0293,48840,1147.414,"[8.021, 8.265]","[8.2908, 8.1028]",[45.685],[1],8.102807996524971,0.011083048128980378,optimized
s013,85,7.8365,formation,formation,2,true,,1153.2988333478313,7.705771072460859,1.4740,20.9,1.2941,48840,1153.299,"[7.2754, 7.7058]","[8.2908, 8.1028]",[45.685],[1],8.102807996524971,0.006486472112579751,optimized
s013,80,7.3755,formation,formation,2,true,,1148.4323422129746,7.332954584238633,1.4677,21.0,1.2986,48840,1148.432,"[7.0049, 7.333]","[8.2908, 8.1028]",[45.685],[1],8.102807996524971,0.0014963836841829989,optimized
s013,75,6.9146,formation,formation,2,true,,1143.0878211788927,6.8901497086490915,1.4609,20.1,1.2409,48840,1143.088,"[6.6781, 6.8901]","[8.2908, 8.1028]",[45.685],[1],8.102807996524971,0.002015070153286714,optimized
s013,70,6.4536,formation,formation,2,true,,1139.7856772792481,6.427357385788268,1.4567,18.8,1.1623,48840,1139.786,"[6.2595, 6.4274]","[8.2908, 8.1028]",[45.685],[1],8.102807996524971,0.0018620186055567194,optimized
s013,65,5.9926,formation,formation,2,false,recovery_failed,1142.8919538719977,6.2078144719130215,,18.5,1.1448,48840,1142.892,"[5.8924, 6.2078]","[8.2908, 8.1028]",[45.685],[1],8.102807996524971,-0.21518638391302147,recovery_failed
s013,60,5.5317,formation,formation,2,false,not_run_after_fail,,,,0.0,,,,,,,,,,
s013,55,5.0707,formation,formation,2,false,not_run_after_fail,,,,0.0,,,,,,,,,,
s013,50,4.6097,formation,formation,2,false,not_run_after_fail,,,,0.0,,,,,,,,,,
s013,45,4.1487,formation,formation,2,false,not_run_after_fail,,,,0.0,,,,,,,,,,
s013,40,3.6878,formation,formation,2,false,not_run_after_fail,,,,0.0,,,,,,,,,,
s013,35,3.2268,formation,formation,2,false,not_run_after_fail,,,,0.0,,,,,,,,,,
s013,30,2.7658,formation,formation,2,false,not_run_after_fail,,,,0.0,,,,,,,,,,
s014,100,4.1696,formation,formation,2,true,,739.1643315392913,3.2796856491485062,1.1636,15.7,0.9794,40,739.164,"[2.6686, 3.2797]","[2.9697, 2.67]",[82.2876],[-1],2.670007511320106,0.0061491177709804765,optimized
s014,95,3.9611,formation,formation,2,true,,850.4427601066307,3.0634321741762838,1.3387,16.2,1.0101,145,850.443,"[2.0573, 3.0634]","[2.623, 2.6663]",[82.2876],[1],2.6663402062026242,0.005165104696582528,optimized
s014,90,3.7526,formation,formation,2,true,,1768.1153184744512,3.162945002497391,2.7833,18.0,1.1216,57476,1768.115,"[1.8317, 3.1629]","[2.3712, 3.8975]",[82.2876],[-1],3.897452173168232,0.0031212969364585444,optimized
s014,85,3.5441,formation,formation,2,true,,1761.0543510960752,3.2225067478491924,2.7722,17.9,1.1187,57476,1761.054,"[1.8163, 3.2225]","[2.3712, 3.8975]",[82.2876],[-1],3.897452173168232,0.003998235003849788,optimized
s014,80,3.3356,formation,formation,2,false,recovery_failed,1752.2914239983095,3.24592398472128,,17.8,1.1122,57476,1752.291,"[1.9064, 3.2459]","[2.3712, 3.8975]",[82.2876],[-1],3.897452173168232,-2.7909484919059055,recovery_failed
s014,75,3.1272,formation,formation,2,false,not_run_after_fail,,,,0.0,,,,,,,,,,
s014,70,2.9187,formation,formation,2,false,not_run_after_fail,,,,0.0,,,,,,,,,,
s014,65,2.7102,formation,formation,2,false,not_run_after_fail,,,,0.0,,,,,,,,,,
s014,60,2.5017,formation,formation,2,false,not_run_after_fail,,,,0.0,,,,,,,,,,
s014,55,2.2933,formation,formation,2,false,not_run_after_fail,,,,0.0,,,,,,,,,,
s014,50,2.0848,formation,formation,2,false,not_run_after_fail,,,,0.0,,,,,,,,,,
s014,45,1.8763,formation,formation,2,false,not_run_after_fail,,,,0.0,,,,,,,,,,
s014,40,1.6678,formation,formation,2,false,not_run_after_fail,,,,0.0,,,,,,,,,,
s014,35,1.4593,formation,formation,2,false,not_run_after_fail,,,,0.0,,,,,,,,,,
s014,30,1.2509,formation,formation,2,false,not_run_after_fail,,,,0.0,,,,,,,,,,
s015,100,5.6362,formation,formation,2,true,,943.1221234615657,5.629939068583109,1.1276,16.4,0.9836,68,943.122,"[5.2283, 5.6299]","[5.658, 5.3058]",[82.2876],[1],5.3057705976917005,0.0052933258158536015,optimized
s015,95,5.3544,formation,formation,2,true,,927.272608560333,5.000976641253128,1.1086,18.5,1.1150,214,927.273,"[5.2203, 5.001]","[4.9379, 4.9299]",[0.0],[-1],4.929943476517788,6.622150112989278e-9,optimized
s015,90,5.0726,formation,formation,2,true,,936.4158234654211,5.056101447664897,1.1195,18.9,1.1393,214,936.416,"[5.8936, 5.0561]","[4.9379, 4.9299]",[0.0],[-1],4.929943476517788,2.5697748512465424e-9,optimized
s015,85,4.7908,formation,formation,2,false,recovery_failed,1905.5583262097823,4.319456032500635,,18.8,1.1286,120735,1905.558,"[3.6891, 4.3195]","[3.9406, 3.9526]",[0.0],[-1],3.952590146584404,-61.32957299884043,recovery_failed
s015,80,4.5090,formation,formation,2,false,not_run_after_fail,,,,0.0,,,,,,,,,,
s015,75,4.2272,formation,formation,2,false,not_run_after_fail,,,,0.0,,,,,,,,,,
s015,70,3.9453,formation,formation,2,false,not_run_after_fail,,,,0.0,,,,,,,,,,
s015,65,3.6635,formation,formation,2,false,not_run_after_fail,,,,0.0,,,,,,,,,,
s015,60,3.3817,formation,formation,2,false,not_run_after_fail,,,,0.0,,,,,,,,,,
s015,55,3.0999,formation,formation,2,false,not_run_after_fail,,,,0.0,,,,,,,,,,
s015,50,2.8181,formation,formation,2,false,not_run_after_fail,,,,0.0,,,,,,,,,,
s015,45,2.5363,formation,formation,2,false,not_run_after_fail,,,,0.0,,,,,,,,,,
s015,40,2.2545,formation,formation,2,false,not_run_after_fail,,,,0.0,,,,,,,,,,
s015,35,1.9727,formation,formation,2,false,not_run_after_fail,,,,0.0,,,,,,,,,,
s015,30,1.6909,formation,formation,2,false,not_run_after_fail,,,,0.0,,,,,,,,,,
s016,100,5.8476,formation,formation,2,true,,940.4848347335279,2.112358741297333,1.2115,16.7,1.0225,79,940.485,"[1.4982, 2.1124]","[2.1636, 3.7661]",[82.2876],[-1],3.7660843256060463,0.006252265821560552,optimized
s016,95,5.5552,formation,formation,2,true,,1005.5166676918587,2.0539785507676673,1.2953,16.6,1.0167,173,1005.517,"[1.4672, 2.054]","[2.1638, 3.7665]",[82.2876],[-1],3.7664737511992854,0.006043677007023289,optimized
s016,90,5.2628,formation,formation,2,true,,1159.5510418273584,4.81173293593195,1.4937,16.5,1.0115,41087,1159.551,"[4.5531, 4.8117]","[5.0158, 5.0392]",[0.0],[1],5.039245449451726,0.00984038586398281,optimized
s016,85,4.9704,formation,formation,2,true,,1159.5510423251753,4.811723584358514,1.4937,16.5,1.0115,41087,1159.551,"[4.5531, 4.8117]","[5.0158, 5.0392]",[0.0],[1],5.039245449451726,0.009840385383994144,optimized
s016,80,4.6781,formation,formation,2,true,,1167.387775455844,4.677656621888996,1.5038,16.8,1.0321,41087,1167.388,"[4.165, 4.6777]","[5.0158, 5.0392]",[0.0],[1],5.039245449451726,0.00039762711100443937,optimized
s016,75,4.3857,formation,formation,2,true,,1166.6819589492998,4.308275319707779,1.5029,17.3,1.0623,41087,1166.682,"[4.0769, 4.3083]","[5.0158, 5.0392]",[0.0],[1],5.039245449451726,0.008777192459182216,optimized
s016,70,4.0933,formation,formation,2,true,,1165.8776072805697,4.091566397782918,1.5019,17.9,1.0977,41087,1165.878,"[4.0137, 4.0916]","[5.0158, 5.0392]",[0.0],[1],5.039245449451726,0.0017311952170819822,optimized
s016,65,3.8009,formation,formation,2,true,,1167.695777279134,3.790860165986246,1.5042,17.9,1.0973,41087,1167.696,"[3.9644, 3.7909]","[5.0158, 5.0392]",[0.0],[1],5.039245449451726,0.001938759556466274,optimized
s016,60,3.5085,formation,formation,2,false,recovery_failed,1168.298203773239,3.69927413627402,,17.8,1.0939,41087,1168.298,"[3.9605, 3.6993]","[5.0158, 5.0392]",[0.0],[1],5.039245449451726,-0.19073319927401977,recovery_failed
s016,55,3.2162,formation,formation,2,false,not_run_after_fail,,,,0.0,,,,,,,,,,
s016,50,2.9238,formation,formation,2,false,not_run_after_fail,,,,0.0,,,,,,,,,,
s016,45,2.6314,formation,formation,2,false,not_run_after_fail,,,,0.0,,,,,,,,,,
s016,40,2.3390,formation,formation,2,false,not_run_after_fail,,,,0.0,,,,,,,,,,
s016,35,2.0466,formation,formation,2,false,not_run_after_fail,,,,0.0,,,,,,,,,,
s016,30,1.7543,formation,formation,2,false,not_run_after_fail,,,,0.0,,,,,,,,,,
s017,100,9.4853,formation,formation,2,false,recovery_failed,1158.8494865315379,9.529441452600839,,16.4,0.9901,567,1158.849,"[9.4104, 9.5294]","[9.032, 8.7161]",[82.2876],[-1],8.71605570591728,-0.044176805600839586,recovery_failed
s017,95,9.0110,formation,formation,2,false,not_run_after_fail,,,,0.0,,,,,,,,,,
s017,90,8.5367,formation,formation,2,false,not_run_after_fail,,,,0.0,,,,,,,,,,
s017,85,8.0625,formation,formation,2,false,not_run_after_fail,,,,0.0,,,,,,,,,,
s017,80,7.5882,formation,formation,2,false,not_run_after_fail,,,,0.0,,,,,,,,,,
s017,75,7.1139,formation,formation,2,false,not_run_after_fail,,,,0.0,,,,,,,,,,
s017,70,6.6397,formation,formation,2,false,not_run_after_fail,,,,0.0,,,,,,,,,,
s017,65,6.1654,formation,formation,2,false,not_run_after_fail,,,,0.0,,,,,,,,,,
s017,60,5.6912,formation,formation,2,false,not_run_after_fail,,,,0.0,,,,,,,,,,
s017,55,5.2169,formation,formation,2,false,not_run_after_fail,,,,0.0,,,,,,,,,,
s017,50,4.7426,formation,formation,2,false,not_run_after_fail,,,,0.0,,,,,,,,,,
s017,45,4.2684,formation,formation,2,false,not_run_after_fail,,,,0.0,,,,,,,,,,
s017,40,3.7941,formation,formation,2,false,not_run_after_fail,,,,0.0,,,,,,,,,,
s017,35,3.3198,formation,formation,2,false,not_run_after_fail,,,,0.0,,,,,,,,,,
s017,30,2.8456,formation,formation,2,false,not_run_after_fail,,,,0.0,,,,,,,,,,
s018,100,9.4205,formation,formation,2,true,,854.4602704038471,8.964164643005,1.0577,16.5,0.9840,57,854.46,"[1.4783, 8.9642]","[1.5357, 6.6767]",[82.2876],[1],6.676745550054485,0.011518165277926304,optimized
s018,95,8.9495,formation,formation,2,true,,938.2354432968534,3.6021928236562784,1.1614,16.1,0.9594,108,938.235,"[3.2566, 3.6022]","[3.3365, 2.9761]",[82.2876],[1],2.9761104520168007,0.008800473389175771,optimized
s018,90,8.4785,formation,formation,2,true,,938.2354429267832,3.6021928084568806,1.1614,16.1,0.9606,108,938.235,"[3.2566, 3.6022]","[3.3365, 2.9761]",[82.2876],[1],2.9761104520168007,0.008800473491637283,optimized
s018,85,8.0074,formation,formation,2,true,,938.2354424812468,3.6021927901982154,1.1614,16.1,0.9592,108,938.235,"[3.2566, 3.6022]","[3.3365, 2.9761]",[82.2876],[1],2.9761104520168007,0.008800473616814596,optimized
s018,80,7.5364,formation,formation,2,true,,938.2354419323293,3.602192767785633,1.1614,16.1,0.9594,108,938.235,"[3.2566, 3.6022]","[3.3365, 2.9761]",[82.2876],[1],2.9761104520168007,0.008800473769012458,optimized
s018,75,7.0654,formation,formation,2,true,,938.2354412427007,3.602192739411091,1.1614,16.1,0.9608,108,938.235,"[3.2566, 3.6022]","[3.3365, 2.9761]",[82.2876],[1],2.9761104520168007,0.008800473962645348,optimized
s018,70,6.5944,formation,formation,2,true,,938.2354403453429,3.602192702552186,1.1614,16.1,0.9625,108,938.235,"[3.2566, 3.6022]","[3.3365, 2.9761]",[82.2876],[1],2.9761104520168007,0.008800474213458233,optimized
s018,65,6.1233,formation,formation,2,true,,938.23543913265,3.6021926528109605,1.1614,16.1,0.9589,108,938.235,"[3.2566, 3.6022]","[3.3365, 2.9761]",[82.2876],[1],2.9761104520168007,0.008800474551798068,optimized
s018,60,5.6523,formation,formation,2,true,,938.2354373987665,3.602192581339329,1.1614,16.1,0.9620,108,938.235,"[3.2566, 3.6022]","[3.3365, 2.9761]",[82.2876],[1],2.9761104520168007,0.008800475036363043,optimized
s018,55,5.1813,formation,formation,2,true,,938.2354347197114,3.602192470748721,1.1614,16.1,0.9617,108,938.235,"[3.2566, 3.6022]","[3.3365, 2.9761]",[82.2876],[1],2.9761104520168007,0.008800475784945819,optimized
s018,50,4.7103,formation,formation,2,true,,938.2354300323391,3.6021922762029583,1.1614,16.2,0.9680,108,938.235,"[3.2566, 3.6022]","[3.3365, 2.9761]",[82.2876],[1],2.9761104520168007,0.008800477099365545,optimized
s018,45,4.2392,formation,formation,2,true,,1504.3063903395346,3.2430519310272583,1.8622,20.3,1.2097,114858,1504.306,"[3.296, 3.2431]","[3.3323, 2.9714]",[82.2876],[1],2.971426902082692,0.011032232436841398,optimized
s018,40,3.7682,formation,formation,2,true,,1504.3063903359523,3.2430515227562826,1.8622,18.4,1.0992,114858,1504.306,"[3.296, 3.2431]","[3.3323, 2.9714]",[82.2876],[1],2.971426902082692,0.011032232437007468,optimized
s018,35,3.2972,formation,formation,2,true,,1504.3063903850384,3.2430467725978844,1.8622,18.5,1.1066,114858,1504.306,"[3.296, 3.243]","[3.3323, 2.9714]",[82.2876],[1],2.971426902082692,0.011032232429321687,optimized
s018,30,2.8262,formation,formation,2,false,recovery_failed,1504.306382227061,3.2427550268540033,,18.5,1.1068,114858,1504.306,"[3.2957, 3.2428]","[3.3323, 2.9714]",[82.2876],[1],2.971426902082692,-0.4166015708540032,recovery_failed
s019,100,5.4267,formation,formation,2,true,,1006.702578768094,5.426664050023035,1.1129,18.8,1.1139,570,1006.703,"[2.8338, 5.4267]","[4.5296, 4.5425]",[0.0],[1],4.542457782350287,5.539769647455728e-7,optimized
s019,95,5.1553,formation,formation,2,false,recovery_failed,1446.3296033970878,4.629817902029359,,18.9,1.1204,68267,1446.33,"[4.0147, 4.6298]","[4.5371, 4.8726]",[-36.6025],[1],4.87257947061045,-0.012887153936306309,recovery_failed
s019,90,4.8840,formation,formation,2,false,not_run_after_fail,,,,0.0,,,,,,,,,,
s019,85,4.6127,formation,formation,2,false,not_run_after_fail,,,,0.0,,,,,,,,,,
s019,80,4.3413,formation,formation,2,false,not_run_after_fail,,,,0.0,,,,,,,,,,
s019,75,4.0700,formation,formation,2,false,not_run_after_fail,,,,0.0,,,,,,,,,,
s019,70,3.7987,formation,formation,2,false,not_run_after_fail,,,,0.0,,,,,,,,,,
s019,65,3.5273,formation,formation,2,false,not_run_after_fail,,,,0.0,,,,,,,,,,
s019,60,3.2560,formation,formation,2,false,not_run_after_fail,,,,0.0,,,,,,,,,,
s019,55,2.9847,formation,formation,2,false,not_run_after_fail,,,,0.0,,,,,,,,,,
s019,50,2.7133,formation,formation,2,false,not_run_after_fail,,,,0.0,,,,,,,,,,
s019,45,2.4420,formation,formation,2,false,not_run_after_fail,,,,0.0,,,,,,,,,,
s019,40,2.1707,formation,formation,2,false,not_run_after_fail,,,,0.0,,,,,,,,,,
s019,35,1.8993,formation,formation,2,false,not_run_after_fail,,,,0.0,,,,,,,,,,
s019,30,1.6280,formation,formation,2,false,not_run_after_fail,,,,0.0,,,,,,,,,,
s020,100,6.8907,formation,formation,2,true,,760.6723990444923,5.179875868479562,1.1283,16.0,1.0020,59,760.672,"[4.7242, 5.1799]","[5.113, 4.6208]",[82.2876],[1],4.620790079752551,0.00942529140729854,optimized
s020,95,6.5461,formation,formation,2,true,,844.6140678606589,5.205086240939678,1.2528,16.2,1.0153,141,844.614,"[5.1203, 5.2051]","[5.1013, 4.7016]",[82.2876],[1],4.701618580020388,0.010132114753295672,optimized
s020,90,6.2016,formation,formation,2,false,recovery_failed,1876.6404097439251,6.940023703610143,,16.9,1.0548,68783,1876.64,"[6.5023, 6.94]","[6.7218, 6.3669]",[45.685],[-1],6.366852398314808,-61.980713337712544,recovery_failed
s020,85,5.8571,formation,formation,2,false,not_run_after_fail,,,,0.0,,,,,,,,,,
s020,80,5.5125,formation,formation,2,false,not_run_after_fail,,,,0.0,,,,,,,,,,
s020,75,5.1680,formation,formation,2,false,not_run_after_fail,,,,0.0,,,,,,,,,,
s020,70,4.8235,formation,formation,2,false,not_run_after_fail,,,,0.0,,,,,,,,,,
s020,65,4.4789,formation,formation,2,false,not_run_after_fail,,,,0.0,,,,,,,,,,
s020,60,4.1344,formation,formation,2,false,not_run_after_fail,,,,0.0,,,,,,,,,,
s020,55,3.7899,formation,formation,2,false,not_run_after_fail,,,,0.0,,,,,,,,,,
s020,50,3.4453,formation,formation,2,false,not_run_after_fail,,,,0.0,,,,,,,,,,
s020,45,3.1008,formation,formation,2,false,not_run_after_fail,,,,0.0,,,,,,,,,,
s020,40,2.7563,formation,formation,2,false,not_run_after_fail,,,,0.0,,,,,,,,,,
s020,35,2.4117,formation,formation,2,false,not_run_after_fail,,,,0.0,,,,,,,,,,
s020,30,2.0672,formation,formation,2,false,not_run_after_fail,,,,0.0,,,,,,,,,,
s021,100,9.5860,formation,formation,2,true,,765.7659804163507,9.244506369211285,1.0933,16.2,0.9921,35,765.766,"[9.0039, 9.2445]","[8.1143, 7.8999]",[82.2876],[-1],7.899902612962927,0.00898295602836965,optimized
s021,95,9.1067,formation,formation,2,true,,1115.2470904039278,4.767079615166411,1.5922,16.2,0.9941,585,1115.247,"[4.2245, 4.7671]","[4.0381, 3.6521]",[82.2876],[1],3.6521403368322343,0.00722306794197515,optimized
s021,90,8.6274,formation,formation,2,true,,1115.2470896286811,4.767079604132845,1.5922,16.4,1.0026,585,1115.247,"[4.2245, 4.7671]","[4.0381, 3.6521]",[82.2876],[1],3.6521403368322343,0.007223068116893508,optimized
s021,85,8.1481,formation,formation,2,true,,1115.2470886401097,4.767079586170978,1.5922,16.5,1.0103,585,1115.247,"[4.2245, 4.7671]","[4.0381, 3.6521]",[82.2876],[1],3.6521403368322343,0.007223068325738619,optimized
s021,80,7.6688,formation,formation,2,true,,1115.2470873339855,4.767079557538736,1.5922,16.3,1.0006,585,1115.247,"[4.2245, 4.7671]","[4.0381, 3.6521]",[82.2876],[1],3.6521403368322343,0.0072230685996342615,optimized
s021,75,7.1895,formation,formation,2,true,,1115.2470855315755,4.767079507956753,1.5922,16.2,0.9937,585,1115.247,"[4.2245, 4.7671]","[4.0381, 3.6521]",[82.2876],[1],3.6521403368322343,0.007223068988652753,optimized
s021,70,6.7102,formation,formation,2,true,,1115.247082889803,4.767079419422802,1.5922,16.1,0.9848,585,1115.247,"[4.2245, 4.7671]","[4.0381, 3.6521]",[82.2876],[1],3.6521403368322343,0.00722306954383372,optimized
s021,65,6.2309,formation,formation,2,true,,1115.2470786532385,4.767079250810032,1.5922,16.0,0.9819,585,1115.247,"[4.2245, 4.7671]","[4.0381, 3.6521]",[82.2876],[1],3.6521403368322343,0.007223070462728052,optimized
s021,60,5.7516,formation,formation,2,false,recovery_failed,1395.24923300793,6.3684210354715916,,16.6,1.0162,53683,1395.249,"[5.9129, 6.3684]","[6.727, 6.1593]",[45.685],[-1],6.159327065287224,-18.91475733019973,recovery_failed
s021,55,5.2723,formation,formation,2,false,not_run_after_fail,,,,0.0,,,,,,,,,,
s021,50,4.7930,formation,formation,2,false,not_run_after_fail,,,,0.0,,,,,,,,,,
s021,45,4.3137,formation,formation,2,false,not_run_after_fail,,,,0.0,,,,,,,,,,
s021,40,3.8344,formation,formation,2,false,not_run_after_fail,,,,0.0,,,,,,,,,,
s021,35,3.3551,formation,formation,2,false,not_run_after_fail,,,,0.0,,,,,,,,,,
s021,30,2.8758,formation,formation,2,false,not_run_after_fail,,,,0.0,,,,,,,,,,
s022,100,9.1438,formation,formation,2,true,,852.1795431216808,6.867960963222523,1.0225,16.8,1.0293,252,852.18,"[7.0122, 6.868]","[8.3583, 8.6244]",[-36.6025],[1],8.624427940889092,0.01166831048611304,optimized
s022,95,8.6866,formation,formation,2,true,,1226.562372183838,3.243499002618031,1.4717,16.1,0.9913,1224,1226.562,"[3.2476, 3.2435]","[3.273, 2.9421]",[82.2876],[-1],2.942147826798857,0.004742441907607697,optimized
s022,90,8.2294,formation,formation,2,true,,1226.5623721836405,3.24349898683075,1.4717,16.1,0.9916,1224,1226.562,"[3.2476, 3.2435]","[3.273, 2.9421]",[82.2876],[-1],2.942147826798857,0.004742441910498715,optimized
s022,85,7.7722,formation,formation,2,true,,1226.5623721840643,3.243498968794009,1.4717,16.2,0.9931,1224,1226.562,"[3.2476, 3.2435]","[3.273, 2.9421]",[82.2876],[-1],2.942147826798857,0.004742441913750176,optimized
s022,80,7.3150,formation,formation,2,true,,1226.5623721840898,3.2434989458529917,1.4717,16.1,0.9876,1224,1226.562,"[3.2476, 3.2435]","[3.273, 2.9421]",[82.2876],[-1],2.942147826798857,0.004742441918590558,optimized
s022,75,6.8578,formation,formation,2,true,,1226.5623721842087,3.2434989173701587,1.4717,16.1,0.9914,1224,1226.562,"[3.2476, 3.2435]","[3.273, 2.9421]",[82.2876],[-1],2.942147826798857,0.004742441923810171,optimized
s022,70,6.4006,formation,formation,2,true,,1226.5623721836541,3.243498881155556,1.4717,16.1,0.9898,1224,1226.562,"[3.2476, 3.2435]","[3.273, 2.9421]",[82.2876],[-1],2.942147826798857,0.004742441930542098,optimized
s022,65,5.9434,formation,formation,2,true,,1226.562372183649,3.24349883149283,1.4717,16.1,0.9892,1224,1226.562,"[3.2476, 3.2435]","[3.273, 2.9421]",[82.2876],[-1],2.942147826798857,0.004742441940663651,optimized
s022,60,5.4863,formation,formation,2,true,,1226.5623721836685,3.2434987617565554,1.4717,16.1,0.9888,1224,1226.562,"[3.2476, 3.2435]","[3.273, 2.9421]",[82.2876],[-1],2.942147826798857,0.0047424419538223996,optimized
s022,55,5.0291,formation,formation,2,true,,1226.562372183461,3.2434986567605226,1.4717,16.1,0.9882,1224,1226.562,"[3.2476, 3.2435]","[3.273, 2.9421]",[82.2876],[-1],2.942147826798857,0.004742441974509234,optimized
s022,50,4.5719,formation,formation,2,true,,1226.5623721834663,3.2434984770521327,1.4717,16.6,1.0174,1224,1226.562,"[3.2476, 3.2435]","[3.273, 2.9421]",[82.2876],[-1],2.942147826798857,0.00474244201023763,optimized
s022,45,4.1147,formation,formation,2,true,,1226.5623721840498,3.2434981068808577,1.4717,16.9,1.0363,78704,1226.562,"[3.2476, 3.2435]","[3.273, 2.9421]",[82.2876],[-1],2.942147826798857,0.0047424420857140395,optimized
s022,40,3.6575,formation,formation,2,true,,1226.5623721900447,3.2434969136996066,1.4717,16.8,1.0312,78704,1226.562,"[3.2476, 3.2435]","[3.273, 2.9421]",[82.2876],[-1],2.942147826798857,0.004742442341239158,optimized
s022,35,3.2003,formation,formation,2,false,recovery_failed,1226.5623914759685,3.2419357574135708,,16.9,1.0357,78704,1226.562,"[3.2462, 3.2419]","[3.273, 2.9421]",[82.2876],[-1],2.942147826798857,-0.041622109413570474,recovery_failed
s022,30,2.7431,formation,formation,2,false,not_run_after_fail,,,,0.0,,,,,,,,,,
s023,100,4.2255,formation,formation,2,true,,736.1075033882419,3.261009802254851,1.1283,15.7,0.9821,37,736.108,"[2.8272, 3.261]","[3.0185, 2.7064]",[82.2876],[-1],2.7063984122591647,0.0068694377086908065,optimized
s023,95,4.0142,formation,formation,2,false,recovery_failed,1461.7891900021286,4.093159646164848,,22.4,1.4017,44795,1461.789,"[0.6815, 4.0932]","[1.5541, 4.1851]",[82.2876],[-1],4.185051613062479,-0.0789129191648481,recovery_failed
s023,90,3.8030,formation,formation,2,false,not_run_after_fail,,,,0.0,,,,,,,,,,
s023,85,3.5917,formation,formation,2,false,not_run_after_fail,,,,0.0,,,,,,,,,,
s023,80,3.3804,formation,formation,2,false,not_run_after_fail,,,,0.0,,,,,,,,,,
s023,75,3.1691,formation,formation,2,false,not_run_after_fail,,,,0.0,,,,,,,,,,
s023,70,2.9579,formation,formation,2,false,not_run_after_fail,,,,0.0,,,,,,,,,,
s023,65,2.7466,formation,formation,2,false,not_run_after_fail,,,,0.0,,,,,,,,,,
s023,60,2.5353,formation,formation,2,false,not_run_after_fail,,,,0.0,,,,,,,,,,
s023,55,2.3240,formation,formation,2,false,not_run_after_fail,,,,0.0,,,,,,,,,,
s023,50,2.1128,formation,formation,2,false,not_run_after_fail,,,,0.0,,,,,,,,,,
s023,45,1.9015,formation,formation,2,false,not_run_after_fail,,,,0.0,,,,,,,,,,
s023,40,1.6902,formation,formation,2,false,not_run_after_fail,,,,0.0,,,,,,,,,,
s023,35,1.4789,formation,formation,2,false,not_run_after_fail,,,,0.0,,,,,,,,,,
s023,30,1.2677,formation,formation,2,false,not_run_after_fail,,,,0.0,,,,,,,,,,
s024,100,6.7650,formation,formation,2,false,recovery_failed,1036.6132133713309,6.381002400175735,,16.6,0.9956,251,1036.613,"[6.3087, 6.381]","[6.1372, 5.8682]",[82.2876],[-1],5.868222266382064,-23.98220111009189,recovery_failed
s024,95,6.4267,formation,formation,2,false,not_run_after_fail,,,,0.0,,,,,,,,,,
s024,90,6.0885,formation,formation,2,false,not_run_after_fail,,,,0.0,,,,,,,,,,
s024,85,5.7502,formation,formation,2,false,not_run_after_fail,,,,0.0,,,,,,,,,,
s024,80,5.4120,formation,formation,2,false,not_run_after_fail,,,,0.0,,,,,,,,,,
s024,75,5.0737,formation,formation,2,false,not_run_after_fail,,,,0.0,,,,,,,,,,
s024,70,4.7355,formation,formation,2,false,not_run_after_fail,,,,0.0,,,,,,,,,,
s024,65,4.3972,formation,formation,2,false,not_run_after_fail,,,,0.0,,,,,,,,,,
s024,60,4.0590,formation,formation,2,false,not_run_after_fail,,,,0.0,,,,,,,,,,
s024,55,3.7207,formation,formation,2,false,not_run_after_fail,,,,0.0,,,,,,,,,,
s024,50,3.3825,formation,formation,2,false,not_run_after_fail,,,,0.0,,,,,,,,,,
s024,45,3.0442,formation,formation,2,false,not_run_after_fail,,,,0.0,,,,,,,,,,
s024,40,2.7060,formation,formation,2,false,not_run_after_fail,,,,0.0,,,,,,,,,,
s024,35,2.3677,formation,formation,2,false,not_run_after_fail,,,,0.0,,,,,,,,,,
s024,30,2.0295,formation,formation,2,false,not_run_after_fail,,,,0.0,,,,,,,,,,
s025,100,4.5790,formation,formation,2,true,,835.7177507489154,3.2567613291623907,1.0323,16.5,1.0280,67,835.718,"[2.8369, 3.2568]","[3.5476, 3.9848]",[-36.6025],[-1],3.984843342359781,3.641908692675333e-8,optimized
s025,95,4.3500,formation,formation,2,true,,1132.352821556995,3.448248756008771,1.3988,16.3,1.0148,23693,1132.353,"[3.461, 3.4482]","[3.4993, 3.136]",[82.2876],[-1],3.1359692331636917,0.011338203771370013,optimized
s025,90,4.1211,formation,formation,2,true,,1132.3528214966404,3.448244999590338,1.3988,16.3,1.0107,23693,1132.353,"[3.461, 3.4482]","[3.4993, 3.136]",[82.2876],[-1],3.1359692331636917,0.011338203803222272,optimized
s025,85,3.8921,formation,formation,2,true,,1132.3528213811478,3.44823799003953,1.3988,16.4,1.0176,23693,1132.353,"[3.461, 3.4482]","[3.4993, 3.136]",[82.2876],[-1],3.1359692331636917,0.011338203868735844,optimized
s025,80,3.6632,formation,formation,2,true,,1132.35282107945,3.4482202379844447,1.3988,16.4,1.0193,23693,1132.353,"[3.461, 3.4482]","[3.4993, 3.136]",[82.2876],[-1],3.1359692331636917,0.011338204070773693,optimized
s025,75,3.4342,formation,formation,2,false,recovery_failed,1132.3528191579583,3.4470837567709616,,16.3,1.0119,23693,1132.353,"[3.4601, 3.4471]","[3.4993, 3.136]",[82.2876],[-1],3.1359692331636917,-0.012833371770961222,recovery_failed
s025,70,3.2053,formation,formation,2,false,not_run_after_fail,,,,0.0,,,,,,,,,,
s025,65,2.9763,formation,formation,2,false,not_run_after_fail,,,,0.0,,,,,,,,,,
s025,60,2.7474,formation,formation,2,false,not_run_after_fail,,,,0.0,,,,,,,,,,
s025,55,2.5184,formation,formation,2,false,not_run_after_fail,,,,0.0,,,,,,,,,,
s025,50,2.2895,formation,formation,2,false,not_run_after_fail,,,,0.0,,,,,,,,,,
s025,45,2.0605,formation,formation,2,false,not_run_after_fail,,,,0.0,,,,,,,,,,
s025,40,1.8316,formation,formation,2,false,not_run_after_fail,,,,0.0,,,,,,,,,,
s025,35,1.6026,formation,formation,2,false,not_run_after_fail,,,,0.0,,,,,,,,,,
s025,30,1.3737,formation,formation,2,false,not_run_after_fail,,,,0.0,,,,,,,,,,
s026,100,7.6316,formation,formation,2,true,,965.4353555699415,6.813586892346582,1.1786,19.0,1.1771,361,965.435,"[6.7984, 6.8136]","[6.4462, 6.9298]",[-36.6025],[-1],6.9297548610211175,0.0057592598188134225,optimized
s026,95,7.2501,formation,formation,2,true,,964.0541046607237,6.804027302180879,1.1769,19.3,1.1999,28702,964.054,"[6.8024, 6.804]","[6.4462, 6.9298]",[-36.6025],[-1],6.9297548610211175,0.005750950324044067,optimized
s026,90,6.8685,formation,formation,2,true,,942.2310494432063,6.655472466041918,1.1502,19.2,1.1879,28702,942.231,"[6.9072, 6.6555]","[6.4462, 6.9298]",[-36.6025],[-1],6.9297548610211175,0.005720556193446028,optimized
s026,85,6.4869,formation,formation,2,true,,922.2618530270427,6.326384481454895,1.1259,19.5,1.2115,28702,922.262,"[6.9438, 6.3264]","[6.4462, 6.9298]",[-36.6025],[-1],6.9297548610211175,0.005215711658347673,optimized
s026,80,6.1053,formation,formation,2,true,,902.5842622866965,5.838398682727336,1.1018,19.0,1.1800,28702,902.584,"[6.1491, 5.8384]","[6.4462, 6.9298]",[-36.6025],[-1],6.9297548610211175,0.00475209798206155,optimized
s026,75,5.7237,formation,formation,2,true,,901.6132335690127,5.613574830593946,1.1007,18.3,1.1352,28702,901.613,"[6.1768, 5.6136]","[6.4462, 6.9298]",[-36.6025],[-1],6.9297548610211175,4.93739662488224e-7,optimized
s026,70,5.3421,formation,formation,2,true,,909.5291660440018,5.3112805257795275,1.1103,18.0,1.1170,28702,909.529,"[6.1906, 5.3113]","[6.4462, 6.9298]",[-36.6025],[-1],6.9297548610211175,1.7153865883301478e-8,optimized
s026,65,4.9606,formation,formation,2,false,recovery_failed,910.5227965312722,5.5044883897686026,,16.2,1.0043,28702,910.523,"[6.1982, 5.5045]","[6.4462, 6.9298]",[-36.6025],[-1],6.9297548610211175,-0.5439230237686026,recovery_failed
s026,60,4.5790,formation,formation,2,false,not_run_after_fail,,,,0.0,,,,,,,,,,
s026,55,4.1974,formation,formation,2,false,not_run_after_fail,,,,0.0,,,,,,,,,,
s026,50,3.8158,formation,formation,2,false,not_run_after_fail,,,,0.0,,,,,,,,,,
s026,45,3.4342,formation,formation,2,false,not_run_after_fail,,,,0.0,,,,,,,,,,
s026,40,3.0527,formation,formation,2,false,not_run_after_fail,,,,0.0,,,,,,,,,,
s026,35,2.6711,formation,formation,2,false,not_run_after_fail,,,,0.0,,,,,,,,,,
s026,30,2.2895,formation,formation,2,false,not_run_after_fail,,,,0.0,,,,,,,,,,
s027,100,5.5807,formation,formation,2,true,,604.108690109455,2.93895041176331,0.9931,16.8,1.0482,11,604.109,"[2.906, 2.939]","[2.8155, 3.1017]",[0.0],[-1],3.101713830527957,2.8499927136872427e-6,optimized
s027,95,5.3017,formation,formation,2,true,,618.8332475958023,4.861710225399806,1.0173,17.7,1.1023,30,618.833,"[0.8575, 4.8617]","[2.7929, 3.0763]",[0.0],[-1],3.0762505197185446,9.107779990496056e-6,optimized
s027,90,5.0227,formation,formation,2,true,,627.5346099409195,4.646956199689464,1.0316,17.2,1.0711,30,627.535,"[0.8977, 4.647]","[2.7929, 3.0763]",[0.0],[-1],3.0762505197185446,4.069630724627682e-6,optimized
s027,85,4.7436,formation,formation,2,true,,624.6047600543852,4.477258755467774,1.0267,17.4,1.0830,30,624.605,"[0.85, 4.4773]","[2.7929, 3.0763]",[0.0],[-1],3.0762505197185446,5.584723666157698e-9,optimized
s027,80,4.4646,formation,formation,2,true,,619.8130707544598,4.4624120196988475,1.0189,17.5,1.0903,30,619.813,"[0.8549, 4.4624]","[2.7929, 3.0763]",[0.0],[-1],3.0762505197185446,2.7446776622308544e-9,optimized
s027,75,4.1855,formation,formation,2,true,,621.3325883951672,4.185547968079861,1.0214,17.3,1.0809,30,621.333,"[0.9087, 4.1855]","[2.7929, 3.0763]",[0.0],[-1],3.0762505197185446,2.8592013912032144e-7,optimized
s027,70,3.9065,formation,formation,2,true,,1219.8604013538866,2.390251545942194,2.0052,18.5,1.1525,38621,1219.86,"[0.8146, 2.3903]","[2.7923, 3.0755]",[0.0],[-1],3.075500401861957,0.004527319727900707,optimized
s027,65,3.6275,formation,formation,2,true,,1215.8981353002348,2.516689984853557,1.9987,17.6,1.0978,38621,1215.898,"[1.5243, 2.5167]","[2.7923, 3.0755]",[0.0],[-1],3.075500401861957,0.006354937087117225,optimized
s027,60,3.3484,formation,formation,2,true,,1222.2653804491763,2.7872877174105604,2.0092,20.5,1.2806,38621,1222.265,"[2.0556, 2.7873]","[2.7923, 3.0755]",[0.0],[-1],3.075500401861957,7.228536116898887e-8,optimized
s027,55,3.0694,formation,formation,2,true,,1269.7356523566511,2.9114706196713,2.0872,18.4,1.1503,38621,1269.736,"[2.5858, 2.9115]","[2.7923, 3.0755]",[0.0],[-1],3.075500401861957,0.009217808820003236,optimized
s027,50,2.7904,formation,formation,2,true,,1266.0270340595657,2.657558018489343,2.0811,16.6,1.0369,38621,1266.027,"[2.5511, 2.6576]","[2.7923, 3.0755]",[0.0],[-1],3.075500401861957,0.008951923357174842,optimized
s027,45,2.5113,formation,formation,2,false,recovery_failed,1265.831645936698,2.643394584120429,,16.7,1.0408,38621,1265.832,"[2.5488, 2.6434]","[2.7923, 3.0755]",[0.0],[-1],3.075500401861957,-0.13206523212042898,recovery_failed
s027,40,2.2323,formation,formation,2,false,not_run_after_fail,,,,0.0,,,,,,,,,,
s027,35,1.9533,formation,formation,2,false,not_run_after_fail,,,,0.0,,,,,,,,,,
s027,30,1.6742,formation,formation,2,false,not_run_after_fail,,,,0.0,,,,,,,,,,
s028,100,9.2040,formation,formation,2,true,,943.4472061525105,7.273888505039571,1.0057,17.7,1.0754,452,943.447,"[6.8045, 7.2739]","[8.1417, 8.6345]",[-36.6025],[-1],8.634475411037116,0.0014319163508389465,optimized
s028,95,8.7438,formation,formation,2,true,,1012.2654703925191,4.799386403293844,1.0791,18.2,1.1080,872,1012.265,"[2.9163, 4.7994]","[4.0536, 4.4252]",[-36.6025],[1],4.4252110311438075,5.205599878932432e-8,optimized
s028,90,8.2836,formation,formation,2,true,,1004.5679783755457,4.539662989270843,1.0709,18.1,1.0997,872,1004.568,"[2.8652, 4.5397]","[4.0536, 4.4252]",[-36.6025],[1],4.4252110311438075,6.342020622898681e-8,optimized
s028,85,7.8234,formation,formation,2,true,,1014.9939256188242,4.410295099116033,1.0820,17.9,1.0904,872,1014.994,"[3.1164, 4.4103]","[4.0536, 4.4252]",[-36.6025],[1],4.4252110311438075,5.223276081101069e-8,optimized
s028,80,7.3632,formation,formation,2,true,,1014.1883045388033,4.362856316138705,1.0812,18.0,1.0923,872,1014.188,"[3.1063, 4.3629]","[4.0536, 4.4252]",[-36.6025],[1],4.4252110311438075,2.444030349629811e-9,optimized
s028,75,6.9030,formation,formation,2,true,,1007.6225059175605,4.2866153379707805,1.0742,18.0,1.0962,872,1007.623,"[2.888, 4.2866]","[4.0536, 4.4252]",[-36.6025],[1],4.4252110311438075,6.650250414241832e-8,optimized
s028,70,6.4428,formation,formation,2,true,,950.1899891056232,4.0187709496686,1.0129,18.0,1.0961,872,950.19,"[1.9125, 4.0188]","[4.0536, 4.4252]",[-36.6025],[1],4.4252110311438075,2.7878967923934394e-6,optimized
s028,65,5.9826,formation,formation,2,true,,975.443501506345,4.899624418910075,1.0399,19.2,1.1692,872,975.444,"[2.2869, 4.8996]","[4.0536, 4.4252]",[-36.6025],[1],4.4252110311438075,1.2497085353084913e-5,optimized
s028,60,5.5224,formation,formation,2,true,,1017.8995170233266,4.783985214978726,1.0851,18.4,1.1203,1084,1017.9,"[2.9702, 4.784]","[4.1732, 4.5452]",[-36.6025],[1],4.545166170526684,1.5214420154285868e-8,optimized
s028,55,5.0622,formation,formation,2,true,,1006.1751131723597,4.725670641059137,1.0726,18.5,1.1254,1084,1006.175,"[2.8556, 4.7257]","[4.1732, 4.5452]",[-36.6025],[1],4.545166170526684,2.048622506703457e-8,optimized
s028,50,4.6020,formation,formation,2,false,recovery_failed,1393.1543403849157,4.1860773592439635,,17.8,1.0807,82816,1393.154,"[3.8283, 4.1861]","[4.014, 3.6706]",[82.2876],[1],3.670607367297528,-76.10187628883313,recovery_failed
s028,45,4.1418,formation,formation,2,false,not_run_after_fail,,,,0.0,,,,,,,,,,
s028,40,3.6816,formation,formation,2,false,not_run_after_fail,,,,0.0,,,,,,,,,,
s028,35,3.2214,formation,formation,2,false,not_run_after_fail,,,,0.0,,,,,,,,,,
s028,30,2.7612,formation,formation,2,false,not_run_after_fail,,,,0.0,,,,,,,,,,
s029,100,3.9849,formation,formation,2,true,,1132.4260594973516,3.0037197268874625,1.1442,16.6,0.9866,309,1132.426,"[2.6387, 3.0037]","[2.7245, 2.6353]",[82.2876],[-1],2.63527330930709,0.009840954663960604,optimized
s029,95,3.7856,formation,formation,2,true,,1321.455807389842,3.542280244996334,1.3352,17.0,1.0134,74098,1321.456,"[3.2019, 3.5423]","[3.2907, 2.8918]",[82.2876],[-1],2.8918221036647394,0.008770938764699455,optimized
s029,90,3.5864,formation,formation,2,true,,1321.4557594346736,3.542116457381003,1.3352,17.0,1.0135,74098,1321.456,"[3.2018, 3.5421]","[3.2907, 2.8918]",[82.2876],[-1],2.8918221036647394,0.008770940766763304,optimized
s029,85,3.3871,formation,formation,2,false,recovery_failed,1324.3506087211158,3.513755393934543,,17.0,1.0102,74098,1324.351,"[3.1472, 3.5138]","[3.2907, 2.8918]",[82.2876],[-1],2.8918221036647394,-0.12661563093454298,recovery_failed
s029,80,3.1879,formation,formation,2,false,not_run_after_fail,,,,0.0,,,,,,,,,,
s029,75,2.9887,formation,formation,2,false,not_run_after_fail,,,,0.0,,,,,,,,,,
s029,70,2.7894,formation,formation,2,false,not_run_after_fail,,,,0.0,,,,,,,,,,
s029,65,2.5902,formation,formation,2,false,not_run_after_fail,,,,0.0,,,,,,,,,,
s029,60,2.3909,formation,formation,2,false,not_run_after_fail,,,,0.0,,,,,,,,,,
s029,55,2.1917,formation,formation,2,false,not_run_after_fail,,,,0.0,,,,,,,,,,
s029,50,1.9924,formation,formation,2,false,not_run_after_fail,,,,0.0,,,,,,,,,,
s029,45,1.7932,formation,formation,2,false,not_run_after_fail,,,,0.0,,,,,,,,,,
s029,40,1.5939,formation,formation,2,false,not_run_after_fail,,,,0.0,,,,,,,,,,
s029,35,1.3947,formation,formation,2,false,not_run_after_fail,,,,0.0,,,,,,,,,,
s029,30,1.1955,formation,formation,2,false,not_run_after_fail,,,,0.0,,,,,,,,,,
s030,100,8.2140,formation,formation,2,true,,1036.492209003079,8.209270081746338,1.2156,16.6,1.0005,430,1036.492,"[8.0826, 8.2093]","[8.3702, 8.1591]",[82.2876],[1],8.159145205558131,0.004778653253660892,optimized
s030,95,7.8033,formation,formation,2,true,,1760.1403625339779,7.587895889053039,2.0643,28.7,1.7330,57639,1760.14,"[7.3744, 7.5879]","[7.7696, 7.461]",[45.685],[1],7.4610470249795755,0.0009586063953320699,optimized
s030,90,7.3926,formation,formation,2,true,,1767.1903974843983,7.286587065019157,2.0725,26.2,1.5813,57639,1767.19,"[6.9777, 7.2866]","[7.7696, 7.461]",[45.685],[1],7.4610470249795755,1.057492061491e-6,optimized
s030,85,6.9819,formation,formation,2,true,,1767.2372268343597,6.924708365724668,2.0726,27.0,1.6296,57639,1767.237,"[6.6353, 6.9247]","[7.7696, 7.461]",[45.685],[1],7.4610470249795755,1.2339734478849368e-5,optimized
s030,80,6.5712,formation,formation,2,false,recovery_failed,1766.9392237210857,6.9572180355478865,,18.9,1.1401,57639,1766.939,"[6.6282, 6.9572]","[7.7696, 7.461]",[45.685],[1],7.4610470249795755,-0.3859788475478867,recovery_failed
s030,75,6.1605,formation,formation,2,false,not_run_after_fail,,,,0.0,,,,,,,,,,
s030,70,5.7498,formation,formation,2,false,not_run_after_fail,,,,0.0,,,,,,,,,,
s030,65,5.3391,formation,formation,2,false,not_run_after_fail,,,,0.0,,,,,,,,,,
s030,60,4.9284,formation,formation,2,false,not_run_after_fail,,,,0.0,,,,,,,,,,
s030,55,4.5177,formation,formation,2,false,not_run_after_fail,,,,0.0,,,,,,,,,,
s030,50,4.1070,formation,formation,2,false,not_run_after_fail,,,,0.0,,,,,,,,,,
s030,45,3.6963,formation,formation,2,false,not_run_after_fail,,,,0.0,,,,,,,,,,
s030,40,3.2856,formation,formation,2,false,not_run_after_fail,,,,0.0,,,,,,,,,,
s030,35,2.8749,formation,formation,2,false,not_run_after_fail,,,,0.0,,,,,,,,,,
s030,30,2.4642,formation,formation,2,false,not_run_after_fail,,,,0.0,,,,,,,,,,
s031,100,8.2837,formation,formation,2,true,,1208.8749730402042,7.710822571787499,1.1698,16.4,0.9663,959,1208.875,"[7.2885, 7.7108]","[7.4204, 7.2796]",[82.2876],[-1],7.279588317705762,0.008565684268658096,optimized
s031,95,7.8695,formation,formation,2,true,,2018.758123723851,7.4788121759972155,1.9535,17.7,1.0413,68743,2018.758,"[7.3997, 7.4788]","[7.4258, 7.2852]",[82.2876],[-1],7.285185032217373,0.008901521277084493,optimized
s031,90,7.4553,formation,formation,2,true,,2026.872105130203,7.451893470151428,1.9613,17.8,1.0494,68743,2026.872,"[7.251, 7.4519]","[7.4258, 7.2852]",[82.2876],[-1],7.285185032217373,0.003413488848572399,optimized
s031,85,7.0411,formation,formation,2,true,,2060.022565976454,7.028975563114291,1.9934,18.5,1.0887,68743,2060.023,"[6.2858, 7.029]","[7.4258, 7.2852]",[82.2876],[-1],7.285185032217373,0.006240973183677653,optimized
s031,80,6.6269,formation,formation,2,true,,2070.2086099256862,6.624354064255646,2.0032,26.3,1.5499,68743,2070.209,"[5.6417, 6.6244]","[7.4258, 7.2852]",[82.2876],[-1],7.285185032217373,0.002585566744353507,optimized
s031,75,6.2128,formation,formation,2,true,,2076.47539940933,5.135193211461503,2.0093,18.9,1.1148,68743,2076.475,"[5.1016, 5.1352]","[7.4258, 7.2852]",[82.2876],[-1],7.285185032217373,0.0002818355309347452,optimized
s031,70,5.7986,formation,formation,2,true,,2076.4754008357027,5.135193111630472,2.0093,18.9,1.1138,68743,2076.475,"[5.1016, 5.1352]","[7.4258, 7.2852]",[82.2876],[-1],7.285185032217373,0.00028183558663229247,optimized
s031,65,5.3844,formation,formation,2,true,,2076.4753997592843,5.13519319907364,2.0093,18.8,1.1073,68743,2076.475,"[5.1016, 5.1352]","[7.4258, 7.2852]",[82.2876],[-1],7.285185032217373,0.0002818358945011548,optimized
s031,60,4.9702,formation,formation,2,false,recovery_failed,2076.542360056513,5.131046398375755,,18.9,1.1104,68743,2076.542,"[5.0951, 5.131]","[7.4258, 7.2852]",[82.2876],[-1],7.285185032217373,-0.16084142537575463,recovery_failed
s031,55,4.5560,formation,formation,2,false,not_run_after_fail,,,,0.0,,,,,,,,,,
s031,50,4.1418,formation,formation,2,false,not_run_after_fail,,,,0.0,,,,,,,,,,
s031,45,3.7277,formation,formation,2,false,not_run_after_fail,,,,0.0,,,,,,,,,,
s031,40,3.3135,formation,formation,2,false,not_run_after_fail,,,,0.0,,,,,,,,,,
s031,35,2.8993,formation,formation,2,false,not_run_after_fail,,,,0.0,,,,,,,,,,
s031,30,2.4851,formation,formation,2,false,not_run_after_fail,,,,0.0,,,,,,,,,,
s032,100,6.2607,formation,formation,2,true,,951.4477989726831,4.443612798715391,1.0654,16.7,1.0099,86,951.448,"[4.4154, 4.4436]","[4.5083, 4.1937]",[82.2876],[1],4.1936633634815585,0.010140807485345864,optimized
s032,95,5.9477,formation,formation,2,true,,1029.0858788743403,4.384025763493881,1.1523,16.3,0.9836,220,1029.086,"[4.3343, 4.384]","[4.4027, 4.0508]",[82.2876],[1],4.050831356349821,0.009916665818978654,optimized
s032,90,5.6346,formation,formation,2,true,,1029.0858787141935,4.3840257391649615,1.1523,16.2,0.9823,220,1029.086,"[4.3343, 4.384]","[4.4027, 4.0508]",[82.2876],[1],4.050831356349821,0.009916665812206665,optimized
s032,85,5.3216,formation,formation,2,true,,1157.0457154541969,4.347431744600354,1.2956,16.2,0.9821,516,1157.046,"[4.3184, 4.3474]","[4.399, 4.0454]",[82.2876],[1],4.045414421432154,0.011520660253198187,optimized
s032,80,5.0086,formation,formation,2,true,,1272.2827502518842,4.529979346270505,1.4246,17.4,1.0496,90592,1272.283,"[4.4468, 4.53]","[4.3886, 4.7281]",[-36.6025],[1],4.728140709814278,0.012094180907279472,optimized
s032,75,4.6955,formation,formation,2,true,,1272.5908606040275,4.439417195567592,1.4250,17.5,1.0555,90592,1272.591,"[4.334, 4.4394]","[4.3886, 4.7281]",[-36.6025],[1],4.728140709814278,0.012026796125673683,optimized
s032,70,4.3825,formation,formation,2,true,,1241.6065558228738,4.38249888580066,1.3903,18.6,1.1260,90592,1241.607,"[4.2146, 4.3825]","[4.3886, 4.7281]",[-36.6025],[1],4.728140709814278,6.91993395918189e-8,optimized
s032,65,4.0695,formation,formation,2,false,recovery_failed,1262.840724462707,4.363645665207928,,17.8,1.0743,90592,1262.841,"[4.2678, 4.3636]","[4.3886, 4.7281]",[-36.6025],[1],4.728140709814278,-0.29418227820792797,recovery_failed
s032,60,3.7564,formation,formation,2,false,not_run_after_fail,,,,0.0,,,,,,,,,,
s032,55,3.4434,formation,formation,2,false,not_run_after_fail,,,,0.0,,,,,,,,,,
s032,50,3.1304,formation,formation,2,false,not_run_after_fail,,,,0.0,,,,,,,,,,
s032,45,2.8173,formation,formation,2,false,not_run_after_fail,,,,0.0,,,,,,,,,,
s032,40,2.5043,formation,formation,2,false,not_run_after_fail,,,,0.0,,,,,,,,,,
s032,35,2.1912,formation,formation,2,false,not_run_after_fail,,,,0.0,,,,,,,,,,
s032,30,1.8782,formation,formation,2,false,not_run_after_fail,,,,0.0,,,,,,,,,,
s033,100,5.3083,formation,formation,2,true,,855.6497991347163,4.374804319949651,1.1347,15.8,0.9823,74,855.65,"[4.3399, 4.3748]","[4.3274, 4.064]",[82.2876],[-1],4.06403653261509,0.011381573032007162,optimized
s033,95,5.0428,formation,formation,2,true,,1224.2142314131327,4.995882274467269,1.6235,20.2,1.2559,52427,1224.214,"[1.3924, 4.9959]","[3.1331, 5.1913]",[82.2876],[-1],5.1912551580820985,1.5236606844271083e-8,optimized
s033,90,4.7774,formation,formation,2,true,,1265.0231569222015,4.777425182257888,1.6776,20.1,1.2492,52427,1265.023,"[1.2215, 4.7774]","[3.1331, 5.1913]",[82.2876],[-1],5.1912551580820985,1.944742112236497e-6,optimized
s033,85,4.5120,formation,formation,2,true,,1272.5109346851225,4.512011603982769,1.6875,20.1,1.2494,52427,1272.511,"[1.2193, 4.512]","[3.1331, 5.1913]",[82.2876],[-1],5.1912551580820985,2.960017231323775e-6,optimized
s033,80,4.2466,formation,formation,2,true,,1278.214238309853,4.246599547430245,1.6951,19.9,1.2403,52427,1278.214,"[1.2249, 4.2466]","[3.1331, 5.1913]",[82.2876],[-1],5.1912551580820985,2.454569755450109e-6,optimized
s033,75,3.9812,formation,formation,2,true,,1273.3255533976744,3.9811880840663085,1.6886,20.1,1.2480,52427,1273.326,"[1.2222, 3.9812]","[3.1331, 5.1913]",[82.2876],[-1],5.1912551580820985,1.3549336914664423e-6,optimized
s033,70,3.7158,formation,formation,2,true,,1268.507955148515,3.715776772691055,1.6822,20.2,1.2587,52427,1268.508,"[1.1709, 3.7158]","[3.1331, 5.1913]",[82.2876],[-1],5.1912551580820985,1.0430894503699051e-7,optimized
s033,65,3.4504,formation,formation,2,true,,1314.3543583291657,3.4465923482314067,1.7430,19.4,1.2086,52427,1314.354,"[1.1666, 3.4466]","[3.1331, 5.1913]",[82.2876],[-1],5.1912551580820985,0.0037719657685935104,optimized
s033,60,3.1850,formation,formation,2,true,,1305.5716877118568,3.184951716397315,1.7313,20.3,1.2597,52427,1305.572,"[1.1627, 3.185]","[3.1331, 5.1913]",[82.2876],[-1],5.1912551580820985,3.460268516164433e-8,optimized
s033,55,2.9195,formation,formation,2,true,,1306.4442317220075,2.919539135066536,1.7325,19.1,1.1908,52427,1306.444,"[0.9921, 2.9195]","[3.1331, 5.1913]",[82.2876],[-1],5.1912551580820985,5.393346391713294e-8,optimized
s033,50,2.6541,formation,formation,2,false,recovery_failed,1315.9597019351108,2.883192357714241,,18.2,1.1344,52427,1315.96,"[0.9742, 2.8832]","[3.1331, 5.1913]",[82.2876],[-1],5.1912551580820985,-0.22906573171424105,recovery_failed
s033,45,2.3887,formation,formation,2,false,not_run_after_fail,,,,0.0,,,,,,,,,,
s033,40,2.1233,formation,formation,2,false,not_run_after_fail,,,,0.0,,,,,,,,,,
s033,35,1.8579,formation,formation,2,false,not_run_after_fail,,,,0.0,,,,,,,,,,
s033,30,1.5925,formation,formation,2,false,not_run_after_fail,,,,0.0,,,,,,,,,,
s034,100,6.9847,formation,formation,2,true,,951.4477667187757,4.268926176748938,1.1178,16.4,0.9930,72,951.448,"[4.2364, 4.2689]","[4.1771, 3.9]",[82.2876],[-1],3.8999554231765057,0.010140805211740758,optimized
s034,95,6.6355,formation,formation,2,true,,1031.2826155044338,4.1688306460189715,1.2116,16.2,0.9809,192,1031.283,"[4.1236, 4.1688]","[4.1269, 3.8465]",[82.2876],[-1],3.846471081144794,0.010436594288488095,optimized
s034,90,6.2862,formation,formation,2,true,,1031.2826155321634,4.168830232272257,1.2116,16.2,0.9819,192,1031.283,"[4.1236, 4.1688]","[4.1269, 3.8465]",[82.2876],[-1],3.846471081144794,0.01043659428551151,optimized
s034,85,5.9370,formation,formation,2,true,,1031.282615570658,4.168829660300308,1.2116,16.3,0.9861,192,1031.283,"[4.1236, 4.1688]","[4.1269, 3.8465]",[82.2876],[-1],3.846471081144794,0.010436594281238342,optimized
s034,80,5.5878,formation,formation,2,true,,1031.2826156275507,4.168828810892339,1.2116,16.2,0.9818,192,1031.283,"[4.1236, 4.1688]","[4.1269, 3.8465]",[82.2876],[-1],3.846471081144794,0.010436594274744393,optimized
s034,75,5.2385,formation,formation,2,true,,1031.2826157204456,4.168827415766695,1.2116,16.3,0.9844,192,1031.283,"[4.1236, 4.1688]","[4.1269, 3.8465]",[82.2876],[-1],3.846471081144794,0.01043659426443832,optimized
s034,70,4.8893,formation,formation,2,true,,1683.2381474307294,3.8442219165535536,1.9776,19.2,1.1618,145144,1683.238,"[3.9456, 3.8442]","[3.8428, 3.4444]",[82.2876],[-1],3.444417903110091,0.010950548608452753,optimized
s034,65,4.5401,formation,formation,2,true,,1683.238147430548,3.84419836479429,1.9776,19.2,1.1596,145144,1683.238,"[3.9456, 3.8442]","[3.8428, 3.4444]",[82.2876],[-1],3.444417903110091,0.010950548608333003,optimized
s034,60,4.1908,formation,formation,2,true,,1683.2381474309684,3.8441408097914933,1.9776,19.3,1.1651,145144,1683.238,"[3.9455, 3.8441]","[3.8428, 3.4444]",[82.2876],[-1],3.444417903110091,0.010950548608334254,optimized
s034,55,3.8416,formation,formation,2,false,recovery_failed,1683.2381474417946,3.843716755570744,,19.1,1.1579,145144,1683.238,"[3.9451, 3.8437]","[3.8428, 3.4444]",[82.2876],[-1],3.444417903110091,-0.0021330145707438852,recovery_failed
s034,50,3.4923,formation,formation,2,false,not_run_after_fail,,,,0.0,,,,,,,,,,
s034,45,3.1431,formation,formation,2,false,not_run_after_fail,,,,0.0,,,,,,,,,,
s034,40,2.7939,formation,formation,2,false,not_run_after_fail,,,,0.0,,,,,,,,,,
s034,35,2.4446,formation,formation,2,false,not_run_after_fail,,,,0.0,,,,,,,,,,
s034,30,2.0954,formation,formation,2,false,not_run_after_fail,,,,0.0,,,,,,,,,,
s035,100,9.1356,formation,formation,2,true,,956.010249671773,8.194323571500936,1.2120,16.1,0.9954,174,956.01,"[8.3062, 8.1943]","[8.3646, 8.0965]",[82.2876],[-1],8.09648643319498,0.01138162744555723,optimized
s035,95,8.6789,formation,formation,2,true,,1360.6760241774798,8.394161065877817,1.7250,17.6,1.0883,81850,1360.676,"[8.3331, 8.3942]","[8.4912, 8.1282]",[82.2876],[-1],8.128178019293065,0.004506548232799314,optimized
s035,90,8.2221,formation,formation,2,false,recovery_failed,1360.6713953848002,8.393815317878653,,17.5,1.0815,81850,1360.671,"[8.3326, 8.3938]","[8.4912, 8.1282]",[82.2876],[-1],8.128178019293065,-0.17174084887865426,recovery_failed
s035,85,7.7653,formation,formation,2,false,not_run_after_fail,,,,0.0,,,,,,,,,,
s035,80,7.3085,formation,formation,2,false,not_run_after_fail,,,,0.0,,,,,,,,,,
s035,75,6.8517,formation,formation,2,false,not_run_after_fail,,,,0.0,,,,,,,,,,
s035,70,6.3949,formation,formation,2,false,not_run_after_fail,,,,0.0,,,,,,,,,,
s035,65,5.9382,formation,formation,2,false,not_run_after_fail,,,,0.0,,,,,,,,,,
s035,60,5.4814,formation,formation,2,false,not_run_after_fail,,,,0.0,,,,,,,,,,
s035,55,5.0246,formation,formation,2,false,not_run_after_fail,,,,0.0,,,,,,,,,,
s035,50,4.5678,formation,formation,2,false,not_run_after_fail,,,,0.0,,,,,,,,,,
s035,45,4.1110,formation,formation,2,false,not_run_after_fail,,,,0.0,,,,,,,,,,
s035,40,3.6543,formation,formation,2,false,not_run_after_fail,,,,0.0,,,,,,,,,,
s035,35,3.1975,formation,formation,2,false,not_run_after_fail,,,,0.0,,,,,,,,,,
s035,30,2.7407,formation,formation,2,false,not_run_after_fail,,,,0.0,,,,,,,,,,
s036,100,8.2233,formation,formation,2,true,,820.2534829891533,6.12183211410218,1.2863,17.1,1.0578,133,820.253,"[6.6682, 6.1218]","[7.2829, 7.6675]",[-36.6025],[-1],7.667457475159432,0.008887344786807975,optimized
s036,95,7.8121,formation,formation,2,true,,1091.7173017990328,5.112870736531257,1.7120,16.1,0.9947,645,1091.717,"[5.0863, 5.1129]","[5.4277, 4.8866]",[82.2876],[1],4.886625320278194,0.0069069569305733915,optimized
s036,90,7.4009,formation,formation,2,true,,1091.7173001752028,5.112870532141457,1.7120,16.2,0.9977,645,1091.717,"[5.0863, 5.1129]","[5.4277, 4.8866]",[82.2876],[1],4.886625320278194,0.006906957019765809,optimized
s036,85,6.9898,formation,formation,2,true,,1091.7172979595184,5.112870251378986,1.7120,16.2,1.0016,645,1091.717,"[5.0863, 5.1129]","[5.4277, 4.8866]",[82.2876],[1],4.886625320278194,0.006906957140161537,optimized
s036,80,6.5786,formation,formation,2,false,recovery_failed,1360.3380183506679,4.443269136829607,,16.5,1.0170,36590,1360.338,"[3.716, 4.4433]","[3.7437, 3.8412]",[45.685],[-1],3.841242565734949,-48.39775194427193,recovery_failed
s036,75,6.1674,formation,formation,2,false,not_run_after_fail,,,,0.0,,,,,,,,,,
s036,70,5.7563,formation,formation,2,false,not_run_after_fail,,,,0.0,,,,,,,,,,
s036,65,5.3451,formation,formation,2,false,not_run_after_fail,,,,0.0,,,,,,,,,,
s036,60,4.9340,formation,formation,2,false,not_run_after_fail,,,,0.0,,,,,,,,,,
s036,55,4.5228,formation,formation,2,false,not_run_after_fail,,,,0.0,,,,,,,,,,
s036,50,4.1116,formation,formation,2,false,not_run_after_fail,,,,0.0,,,,,,,,,,
s036,45,3.7005,formation,formation,2,false,not_run_after_fail,,,,0.0,,,,,,,,,,
s036,40,3.2893,formation,formation,2,false,not_run_after_fail,,,,0.0,,,,,,,,,,
s036,35,2.8781,formation,formation,2,false,not_run_after_fail,,,,0.0,,,,,,,,,,
s036,30,2.4670,formation,formation,2,false,not_run_after_fail,,,,0.0,,,,,,,,,,
s037,100,8.2798,formation,formation,2,true,,1336.6592837251274,6.981075713810669,1.3361,17.4,1.0258,2153,1336.659,"[6.6725, 6.9811]","[6.5414, 5.9538]",[82.2876],[-1],5.953775784750634,0.007602115647499588,optimized
s037,95,7.8658,formation,formation,2,true,,1278.74618487374,5.100990976885161,1.2782,18.9,1.1131,2406,1278.746,"[4.6787, 5.101]","[4.9534, 4.8355]",[-36.6025],[1],4.835514067559283,9.616719025273834e-9,optimized
s037,90,7.4518,formation,formation,2,true,,1221.1828254456625,4.897883691477959,1.2206,20.4,1.2025,2406,1221.183,"[4.7923, 4.8979]","[4.9534, 4.8355]",[-36.6025],[1],4.835514067559283,1.159498095107403e-8,optimized
s037,85,7.0378,formation,formation,2,true,,1191.6614706031303,4.951047322673488,1.1911,21.4,1.2576,2406,1191.661,"[4.8449, 4.951]","[4.9534, 4.8355]",[-36.6025],[1],4.835514067559283,1.4181455324214766e-6,optimized
s037,80,6.6238,formation,formation,2,true,,1247.8010823465222,4.983072485507279,1.2472,19.7,1.1587,2406,1247.801,"[4.6745, 4.9831]","[4.9534, 4.8355]",[-36.6025],[1],4.835514067559283,4.562118649824697e-6,optimized
s037,75,6.2098,formation,formation,2,true,,1199.1666421560153,4.914430466244186,1.1986,21.0,1.2325,2406,1199.167,"[4.834, 4.9144]","[4.9534, 4.8355]",[-36.6025],[1],4.835514067559283,1.6773998961762117e-6,optimized
s037,70,5.7958,formation,formation,2,true,,1190.3893922478821,4.872822379854086,1.1898,21.4,1.2556,2406,1190.389,"[4.8189, 4.8728]","[4.9534, 4.8355]",[-36.6025],[1],4.835514067559283,5.406141101753746e-6,optimized
s037,65,5.3818,formation,formation,2,true,,1277.1706910994935,4.939640670732597,1.2766,19.0,1.1153,2406,1277.171,"[4.7095, 4.9396]","[4.9534, 4.8355]",[-36.6025],[1],4.835514067559283,2.356360702393534e-8,optimized
s037,60,4.9679,formation,formation,2,true,,1211.3510863138079,4.91620350058113,1.2108,20.4,1.2014,2406,1211.351,"[4.7525, 4.9162]","[4.9534, 4.8355]",[-36.6025],[1],4.835514067559283,5.501582509419677e-6,optimized
s037,55,4.5539,formation,formation,2,false,recovery_failed,1388.4006483764622,4.934748925479956,,17.3,1.0197,69968,1388.401,"[4.5598, 4.9347]","[5.2938, 4.5353]",[45.685],[-1],4.535305467029798,-65.94155715963848,recovery_failed
s037,50,4.1399,formation,formation,2,false,not_run_after_fail,,,,0.0,,,,,,,,,,
s037,45,3.7259,formation,formation,2,false,not_run_after_fail,,,,0.0,,,,,,,,,,
s037,40,3.3119,formation,formation,2,false,not_run_after_fail,,,,0.0,,,,,,,,,,
s037,35,2.8979,formation,formation,2,false,not_run_after_fail,,,,0.0,,,,,,,,,,
s037,30,2.4839,formation,formation,2,false,not_run_after_fail,,,,0.0,,,,,,,,,,
s038,100,8.6716,formation,formation,2,true,,992.7338569390979,7.589433441387275,1.1850,19.3,1.1714,197,992.734,"[7.0568, 7.5894]","[7.8507, 8.1096]",[-36.6025],[-1],8.109625455674667,0.007583034041936169,optimized
s038,95,8.2381,formation,formation,2,true,,2022.8648918785686,7.988340311547783,2.4147,27.0,1.6346,76470,2022.865,"[7.7886, 7.9883]","[8.7842, 8.5334]",[45.685],[1],8.533429663453358,0.008373233523940347,optimized
s038,90,7.8045,formation,formation,2,true,,2025.7435390637916,7.70325855149799,2.4181,28.8,1.7415,76470,2025.744,"[7.5393, 7.7033]","[8.7842, 8.5334]",[45.685],[1],8.533429663453358,0.0070130969955312684,optimized
s038,85,7.3709,formation,formation,2,true,,2028.229028663763,7.305550190914259,2.4211,28.7,1.7374,76470,2028.229,"[7.1127, 7.3056]","[8.7842, 8.5334]",[45.685],[1],8.533429663453358,0.007046444090434468,optimized
s038,80,6.9373,formation,formation,2,true,,2024.1137146860738,6.919456748041304,2.4162,21.4,1.2968,76470,2024.114,"[6.7644, 6.9195]","[8.7842, 8.5334]",[45.685],[1],8.533429663453358,0.007900368607232169,optimized
s038,75,6.5037,formation,formation,2,false,recovery_failed,2026.9206129007136,6.722544677335675,,22.9,1.3890,76470,2026.921,"[6.5724, 6.7225]","[8.7842, 8.5334]",[45.685],[1],8.533429663453358,-0.21880794133567427,recovery_failed
s038,70,6.0702,formation,formation,2,false,not_run_after_fail,,,,0.0,,,,,,,,,,
s038,65,5.6366,formation,formation,2,false,not_run_after_fail,,,,0.0,,,,,,,,,,
s038,60,5.2030,formation,formation,2,false,not_run_after_fail,,,,0.0,,,,,,,,,,
s038,55,4.7694,formation,formation,2,false,not_run_after_fail,,,,0.0,,,,,,,,,,
s038,50,4.3358,formation,formation,2,false,not_run_after_fail,,,,0.0,,,,,,,,,,
s038,45,3.9022,formation,formation,2,false,not_run_after_fail,,,,0.0,,,,,,,,,,
s038,40,3.4687,formation,formation,2,false,not_run_after_fail,,,,0.0,,,,,,,,,,
s038,35,3.0351,formation,formation,2,false,not_run_after_fail,,,,0.0,,,,,,,,,,
s038,30,2.6015,formation,formation,2,false,not_run_after_fail,,,,0.0,,,,,,,,,,
s039,100,5.4134,formation,formation,2,true,,751.4374507683372,3.7061422892652707,1.1087,15.8,0.9794,59,751.437,"[3.6972, 3.7061]","[3.6993, 3.371]",[82.2876],[1],3.370992027051466,0.010140802106601484,optimized
s039,95,5.1427,formation,formation,2,true,,855.649786400503,3.6575689972755905,1.2624,16.0,0.9969,143,855.65,"[3.6517, 3.6576]","[3.674, 3.3441]",[82.2876],[1],3.344071794260341,0.011381573339239049,optimized
s039,90,4.8721,formation,formation,2,true,,855.649786406929,3.6575682828897285,1.2624,15.9,0.9916,143,855.65,"[3.6517, 3.6576]","[3.674, 3.3441]",[82.2876],[1],3.344071794260341,0.011381573339222812,optimized
s039,85,4.6014,formation,formation,2,true,,1523.4527471220215,4.114975380849568,2.2477,16.7,1.0372,71225,1523.453,"[4.1138, 4.115]","[4.3735, 4.6872]",[-36.6025],[1],4.68715768676441,0.010767197993344335,optimized
s039,80,4.3307,formation,formation,2,true,,1486.7312510979477,4.142894672588183,2.1935,17.7,1.0989,71225,1486.731,"[4.0066, 4.1429]","[4.3735, 4.6872]",[-36.6025],[1],4.68715768676441,3.55824713582642e-8,optimized
s039,75,4.0601,formation,formation,2,false,recovery_failed,1521.2825708780128,4.23561402051633,,17.0,1.0559,71225,1521.283,"[4.2343, 4.2356]","[4.3735, 4.6872]",[-36.6025],[1],4.68715768676441,-0.17555226751632969,recovery_failed
s039,70,3.7894,formation,formation,2,false,not_run_after_fail,,,,0.0,,,,,,,,,,
s039,65,3.5187,formation,formation,2,false,not_run_after_fail,,,,0.0,,,,,,,,,,
s039,60,3.2480,formation,formation,2,false,not_run_after_fail,,,,0.0,,,,,,,,,,
s039,55,2.9774,formation,formation,2,false,not_run_after_fail,,,,0.0,,,,,,,,,,
s039,50,2.7067,formation,formation,2,false,not_run_after_fail,,,,0.0,,,,,,,,,,
s039,45,2.4360,formation,formation,2,false,not_run_after_fail,,,,0.0,,,,,,,,,,
s039,40,2.1654,formation,formation,2,false,not_run_after_fail,,,,0.0,,,,,,,,,,
s039,35,1.8947,formation,formation,2,false,not_run_after_fail,,,,0.0,,,,,,,,,,
s039,30,1.6240,formation,formation,2,false,not_run_after_fail,,,,0.0,,,,,,,,,,
s040,100,6.0180,formation,formation,2,true,,856.9436878704869,3.775468404385538,1.2165,15.9,0.9694,59,856.944,"[2.5828, 3.7755]","[2.7948, 6.0154]",[82.2876],[-1],6.015400213545904,0.009314448163915693,optimized
s040,95,5.7171,formation,formation,2,true,,1036.8739993011739,5.58185579546368,1.4720,16.1,0.9839,420,1036.874,"[2.6486, 5.5819]","[2.7951, 4.987]",[82.2876],[-1],4.987041815631864,0.011210431751843273,optimized
s040,90,5.4162,formation,formation,2,true,,1040.4705046331333,5.369778820701858,1.4771,16.5,1.0092,420,1040.471,"[2.6003, 5.3698]","[2.7951, 4.987]",[82.2876],[-1],4.987041815631864,0.010595294022834779,optimized
s040,85,5.1153,formation,formation,2,false,recovery_failed,1039.843206648835,5.317504257440472,,16.3,0.9954,420,1039.843,"[2.6003, 5.3175]","[2.7951, 4.987]",[82.2876],[-1],4.987041815631864,-0.20221658744047222,recovery_failed
s040,80,4.8144,formation,formation,2,false,not_run_after_fail,,,,0.0,,,,,,,,,,
s040,75,4.5135,formation,formation,2,false,not_run_after_fail,,,,0.0,,,,,,,,,,
s040,70,4.2126,formation,formation,2,false,not_run_after_fail,,,,0.0,,,,,,,,,,
s040,65,3.9117,formation,formation,2,false,not_run_after_fail,,,,0.0,,,,,,,,,,
s040,60,3.6108,formation,formation,2,false,not_run_after_fail,,,,0.0,,,,,,,,,,
s040,55,3.3099,formation,formation,2,false,not_run_after_fail,,,,0.0,,,,,,,,,,
s040,50,3.0090,formation,formation,2,false,not_run_after_fail,,,,0.0,,,,,,,,,,
s040,45,2.7081,formation,formation,2,false,not_run_after_fail,,,,0.0,,,,,,,,,,
s040,40,2.4072,formation,formation,2,false,not_run_after_fail,,,,0.0,,,,,,,,,,
s040,35,2.1063,formation,formation,2,false,not_run_after_fail,,,,0.0,,,,,,,,,,
s040,30,1.8054,formation,formation,2,false,not_run_after_fail,,,,0.0,,,,,,,,,,
s041,100,7.4389,formation,formation,2,true,,715.6921045716779,4.126232709742036,1.0818,16.7,1.0399,55,715.692,"[3.0727, 4.1262]","[5.6323, 6.1356]",[-36.6025],[1],6.135557093798059,1.002764134193368e-7,optimized
s041,95,7.0670,formation,formation,2,true,,737.9144547423014,3.3306006188555686,1.1154,17.0,1.0535,58,737.914,"[3.1176, 3.3306]","[3.6796, 4.0832]",[-36.6025],[1],4.083178119759597,3.447129011402428e-8,optimized
s041,90,6.6950,formation,formation,2,true,,737.7030412134088,3.3239884645729245,1.1151,16.9,1.0524,58,737.703,"[3.1193, 3.324]","[3.6796, 4.0832]",[-36.6025],[1],4.083178119759597,9.651626566367644e-8,optimized
s041,85,6.3231,formation,formation,2,true,,736.936680526465,3.4325838378375626,1.1139,16.9,1.0507,58,736.937,"[3.1844, 3.4326]","[3.6796, 4.0832]",[-36.6025],[1],4.083178119759597,2.5739238410787957e-8,optimized
s041,80,5.9511,formation,formation,2,true,,745.1331599550738,3.2672628208627654,1.1263,16.7,1.0370,58,745.133,"[3.2168, 3.2673]","[3.6796, 4.0832]",[-36.6025],[1],4.083178119759597,4.615288422271657e-8,optimized
s041,75,5.5792,formation,formation,2,true,,745.2396589923258,3.314823408346781,1.1265,16.8,1.0414,58,745.24,"[3.2629, 3.3148]","[3.6796, 4.0832]",[-36.6025],[1],4.083178119759597,5.6419055975698296e-8,optimized
s041,70,5.2072,formation,formation,2,true,,955.6530597732219,3.2502750287169646,1.4445,16.0,0.9917,147,955.653,"[3.2791, 3.2503]","[3.3358, 2.9619]",[82.2876],[-1],2.961946563103639,0.01127446742089721,optimized
s041,65,4.8353,formation,formation,2,true,,955.6530597746316,3.250274931039,1.4445,15.9,0.9879,147,955.653,"[3.2791, 3.2503]","[3.3358, 2.9619]",[82.2876],[-1],2.961946563103639,0.01127446741456146,optimized
s041,60,4.4634,formation,formation,2,true,,955.6530597769978,3.2502747752581778,1.4445,15.9,0.9897,147,955.653,"[3.2791, 3.2503]","[3.3358, 2.9619]",[82.2876],[-1],2.961946563103639,0.011274467404555528,optimized
s041,55,4.0914,formation,formation,2,false,recovery_failed,1009.8099989131251,4.646481391882421,,19.0,1.1783,27004,1009.81,"[1.0808, 4.6465]","[1.1199, 4.4234]",[82.2876],[-1],4.423422530784477,-0.5550744228824209,recovery_failed
s041,50,3.7195,formation,formation,2,false,not_run_after_fail,,,,0.0,,,,,,,,,,
s041,45,3.3475,formation,formation,2,false,not_run_after_fail,,,,0.0,,,,,,,,,,
s041,40,2.9756,formation,formation,2,false,not_run_after_fail,,,,0.0,,,,,,,,,,
s041,35,2.6036,formation,formation,2,false,not_run_after_fail,,,,0.0,,,,,,,,,,
s041,30,2.2317,formation,formation,2,false,not_run_after_fail,,,,0.0,,,,,,,,,,
s042,100,9.2937,formation,formation,2,true,,1127.8774010484979,8.450956818238302,1.1889,16.5,1.0070,760,1127.877,"[8.3419, 8.451]","[9.4235, 9.1779]",[82.2876],[1],9.177857192095049,0.001550872450585071,optimized
s042,95,8.8290,formation,formation,2,true,,1887.3611719628636,8.749419886547242,1.9895,30.9,1.8844,55709,1887.361,"[7.8917, 8.7494]","[7.9922, 7.657]",[82.2876],[-1],7.656958986546881,0.004485086983132363,optimized
s042,90,8.3643,formation,formation,2,true,,1872.0229388826833,8.292027528643215,1.9733,30.8,1.8792,55709,1872.023,"[7.8359, 8.292]","[7.9922, 7.657]",[82.2876],[-1],7.656958986546881,0.004925825948306213,optimized
s042,85,7.8996,formation,formation,2,false,recovery_failed,1854.5346394790959,8.283520852889593,,19.3,1.1797,55709,1854.535,"[8.2813, 8.2835]","[7.9922, 7.657]",[82.2876],[-1],7.656958986546881,-0.38391130188959277,recovery_failed
s042,80,7.4349,formation,formation,2,false,not_run_after_fail,,,,0.0,,,,,,,,,,
s042,75,6.9702,formation,formation,2,false,not_run_after_fail,,,,0.0,,,,,,,,,,
s042,70,6.5056,formation,formation,2,false,not_run_after_fail,,,,0.0,,,,,,,,,,
s042,65,6.0409,formation,formation,2,false,not_run_after_fail,,,,0.0,,,,,,,,,,
s042,60,5.5762,formation,formation,2,false,not_run_after_fail,,,,0.0,,,,,,,,,,
s042,55,5.1115,formation,formation,2,false,not_run_after_fail,,,,0.0,,,,,,,,,,
s042,50,4.6468,formation,formation,2,false,not_run_after_fail,,,,0.0,,,,,,,,,,
s042,45,4.1821,formation,formation,2,false,not_run_after_fail,,,,0.0,,,,,,,,,,
s042,40,3.7175,formation,formation,2,false,not_run_after_fail,,,,0.0,,,,,,,,,,
s042,35,3.2528,formation,formation,2,false,not_run_after_fail,,,,0.0,,,,,,,,,,
s042,30,2.7881,formation,formation,2,false,not_run_after_fail,,,,0.0,,,,,,,,,,
s043,100,8.1311,formation,formation,2,true,,912.7765256410564,6.1873904286191985,1.0168,18.0,1.1051,574,912.777,"[5.7441, 6.1874]","[7.4764, 7.7333]",[-36.6025],[1],7.733269877273915,6.262687864160398e-6,optimized
s043,95,7.7245,formation,formation,2,true,,2176.50039528365,7.505072058483005,2.4245,17.2,1.0584,62511,2176.5,"[7.2609, 7.5051]","[7.3073, 6.964]",[82.2876],[1],6.963979368199029,0.009104255272389998,optimized
s043,90,7.3180,formation,formation,2,true,,2213.0322782582034,7.3070516105205705,2.4652,18.5,1.1386,62511,2213.032,"[6.7399, 7.3071]","[7.3073, 6.964]",[82.2876],[1],6.963979368199029,0.006749530161400872,optimized
s043,85,6.9114,formation,formation,2,true,,2204.7250296353864,6.789302759368645,2.4560,34.0,2.0920,62511,2204.725,"[6.3726, 6.7893]","[7.3073, 6.964]",[82.2876],[1],6.963979368199029,0.008700470673894994,optimized
s043,80,6.5049,formation,formation,2,true,,2196.0704248446677,6.432865319309586,2.4463,34.1,2.0956,62511,2196.07,"[6.1601, 6.4329]","[7.3073, 6.964]",[82.2876],[1],6.963979368199029,0.008897989842328459,optimized
s043,75,6.0983,formation,formation,2,true,,2186.60764803419,6.063386988190469,2.4358,33.8,2.0762,62511,2186.608,"[5.8858, 6.0634]","[7.3073, 6.964]",[82.2876],[1],6.963979368199029,0.008943473488348303,optimized
s043,70,5.6918,formation,formation,2,false,recovery_failed,2188.412021449396,5.821510670744568,,27.1,1.6654,62511,2188.412,"[5.6503, 5.8215]","[7.3073, 6.964]",[82.2876],[1],6.963979368199029,-0.1297563957445682,recovery_failed
s043,65,5.2852,formation,formation,2,false,not_run_after_fail,,,,0.0,,,,,,,,,,
s043,60,4.8786,formation,formation,2,false,not_run_after_fail,,,,0.0,,,,,,,,,,
s043,55,4.4721,formation,formation,2,false,not_run_after_fail,,,,0.0,,,,,,,,,,
s043,50,4.0655,formation,formation,2,false,not_run_after_fail,,,,0.0,,,,,,,,,,
s043,45,3.6590,formation,formation,2,false,not_run_after_fail,,,,0.0,,,,,,,,,,
s043,40,3.2524,formation,formation,2,false,not_run_after_fail,,,,0.0,,,,,,,,,,
s043,35,2.8459,formation,formation,2,false,not_run_after_fail,,,,0.0,,,,,,,,,,
s043,30,2.4393,formation,formation,2,false,not_run_after_fail,,,,0.0,,,,,,,,,,
s044,100,8.6710,formation,formation,2,true,,1136.596067195367,7.377161849975472,1.1171,16.7,1.0018,607,1136.596,"[7.182, 7.3772]","[7.3639, 7.0896]",[82.2876],[-1],7.089645482585552,0.010635677026462483,optimized
s044,95,8.2374,formation,formation,2,true,,1136.5963964599446,4.229062861382896,1.1171,16.6,0.9954,630,1136.596,"[3.8573, 4.2291]","[3.828, 3.4285]",[82.2876],[1],3.4285026120388626,0.010635707551866408,optimized
s044,90,7.8039,formation,formation,2,true,,1136.5963954620001,4.229061792012576,1.1171,16.4,0.9847,630,1136.596,"[3.8573, 4.2291]","[3.828, 3.4285]",[82.2876],[1],3.4285026120388626,0.010635707554054,optimized
s044,85,7.3703,formation,formation,2,true,,1136.5963941946718,4.229060455585365,1.1171,16.5,0.9902,630,1136.596,"[3.8573, 4.2291]","[3.828, 3.4285]",[82.2876],[1],3.4285026120388626,0.010635707553279253,optimized
s044,80,6.9368,formation,formation,2,true,,1136.5963925555977,4.229058726742032,1.1171,16.4,0.9849,630,1136.596,"[3.8573, 4.2291]","[3.828, 3.4285]",[82.2876],[1],3.4285026120388626,0.010635707555830218,optimized
s044,75,6.5032,formation,formation,2,true,,1136.5963903508004,4.229056430425936,1.1171,16.4,0.9831,630,1136.596,"[3.8573, 4.2291]","[3.828, 3.4285]",[82.2876],[1],3.4285026120388626,0.010635707558245125,optimized
s044,70,6.0697,formation,formation,2,true,,1136.5963872023199,4.229053200775928,1.1171,16.3,0.9787,630,1136.596,"[3.8573, 4.2291]","[3.828, 3.4285]",[82.2876],[1],3.4285026120388626,0.010635707559597661,optimized
s044,65,5.6361,formation,formation,2,true,,2014.0241845429741,4.852980731932855,1.9795,18.8,1.1292,130872,2014.024,"[4.519, 4.853]","[4.6511, 4.3013]",[82.2876],[1],4.301258508376237,0.010472289353882839,optimized
s044,60,5.2026,formation,formation,2,true,,2014.024174662582,4.852979803478386,1.9795,18.8,1.1276,130872,2014.024,"[4.519, 4.853]","[4.6511, 4.3013]",[82.2876],[1],4.301258508376237,0.010472290399873498,optimized
s044,55,4.7690,formation,formation,2,false,recovery_failed,2014.0236587948111,4.8529227053734365,,18.7,1.1241,130872,2014.024,"[4.5189, 4.8529]","[4.6511, 4.3013]",[82.2876],[1],4.301258508376237,-0.08387325937343615,recovery_failed
s044,50,4.3355,formation,formation,2,false,not_run_after_fail,,,,0.0,,,,,,,,,,
s044,45,3.9019,formation,formation,2,false,not_run_after_fail,,,,0.0,,,,,,,,,,
s044,40,3.4684,formation,formation,2,false,not_run_after_fail,,,,0.0,,,,,,,,,,
s044,35,3.0348,formation,formation,2,false,not_run_after_fail,,,,0.0,,,,,,,,,,
s044,30,2.6013,formation,formation,2,false,not_run_after_fail,,,,0.0,,,,,,,,,,
s045,100,8.8536,formation,formation,2,true,,1042.7027049496287,8.35069608277246,1.3463,16.4,0.9934,603,1042.703,"[7.8748, 8.3507]","[8.2141, 8.0505]",[0.0],[-1],8.050514337244223,0.006862515646409474,optimized
s045,95,8.4109,formation,formation,2,false,recovery_failed,1242.2950787627767,4.963180976866587,,16.6,1.0051,1374,1242.295,"[4.3464, 4.9632]","[4.4737, 4.8122]",[-36.6025],[1],4.812238534523417,-8.673341836808765,recovery_failed
s045,90,7.9682,formation,formation,2,false,not_run_after_fail,,,,0.0,,,,,,,,,,
s045,85,7.5255,formation,formation,2,false,not_run_after_fail,,,,0.0,,,,,,,,,,
s045,80,7.0829,formation,formation,2,false,not_run_after_fail,,,,0.0,,,,,,,,,,
s045,75,6.6402,formation,formation,2,false,not_run_after_fail,,,,0.0,,,,,,,,,,
s045,70,6.1975,formation,formation,2,false,not_run_after_fail,,,,0.0,,,,,,,,,,
s045,65,5.7548,formation,formation,2,false,not_run_after_fail,,,,0.0,,,,,,,,,,
s045,60,5.3121,formation,formation,2,false,not_run_after_fail,,,,0.0,,,,,,,,,,
s045,55,4.8695,formation,formation,2,false,not_run_after_fail,,,,0.0,,,,,,,,,,
s045,50,4.4268,formation,formation,2,false,not_run_after_fail,,,,0.0,,,,,,,,,,
s045,45,3.9841,formation,formation,2,false,not_run_after_fail,,,,0.0,,,,,,,,,,
s045,40,3.5414,formation,formation,2,false,not_run_after_fail,,,,0.0,,,,,,,,,,
s045,35,3.0988,formation,formation,2,false,not_run_after_fail,,,,0.0,,,,,,,,,,
s045,30,2.6561,formation,formation,2,false,not_run_after_fail,,,,0.0,,,,,,,,,,
s046,100,5.5511,formation,formation,2,true,,1131.8557191637035,4.47205871351542,1.1947,16.6,0.9992,266,1131.856,"[4.42, 4.4721]","[4.5011, 4.1911]",[82.2876],[1],4.191096796859982,0.009840945655192184,optimized
s046,95,5.2735,formation,formation,2,true,,1316.609065117288,5.265723829585106,1.3897,20.6,1.2341,52010,1316.609,"[1.2585, 5.2657]","[1.499, 5.3572]",[82.2876],[1],5.357152805626334,0.005996658737358374,optimized
s046,90,4.9960,formation,formation,2,false,recovery_failed,1312.7191866350654,5.217183756232087,,23.8,1.4276,52010,1312.719,"[1.2523, 5.2172]","[1.499, 5.3572]",[82.2876],[1],5.357152805626334,-0.22119433623208717,recovery_failed
s046,85,4.7184,formation,formation,2,false,not_run_after_fail,,,,0.0,,,,,,,,,,
s046,80,4.4409,formation,formation,2,false,not_run_after_fail,,,,0.0,,,,,,,,,,
s046,75,4.1633,formation,formation,2,false,not_run_after_fail,,,,0.0,,,,,,,,,,
s046,70,3.8858,formation,formation,2,false,not_run_after_fail,,,,0.0,,,,,,,,,,
s046,65,3.6082,formation,formation,2,false,not_run_after_fail,,,,0.0,,,,,,,,,,
s046,60,3.3307,formation,formation,2,false,not_run_after_fail,,,,0.0,,,,,,,,,,
s046,55,3.0531,formation,formation,2,false,not_run_after_fail,,,,0.0,,,,,,,,,,
s046,50,2.7755,formation,formation,2,false,not_run_after_fail,,,,0.0,,,,,,,,,,
s046,45,2.4980,formation,formation,2,false,not_run_after_fail,,,,0.0,,,,,,,,,,
s046,40,2.2204,formation,formation,2,false,not_run_after_fail,,,,0.0,,,,,,,,,,
s046,35,1.9429,formation,formation,2,false,not_run_after_fail,,,,0.0,,,,,,,,,,
s046,30,1.6653,formation,formation,2,false,not_run_after_fail,,,,0.0,,,,,,,,,,
s047,100,6.5442,formation,formation,2,true,,722.2513833783951,4.100342612818739,0.9984,16.7,1.0531,66,722.251,"[4.0745, 4.1003]","[4.3014, 4.6491]",[-36.6025],[1],4.649124546608178,4.9906851217612624e-8,optimized
s047,95,6.2170,formation,formation,2,true,,749.9745148729302,5.0227874702678745,1.0367,17.0,1.0731,147,749.975,"[3.8617, 5.0228]","[4.2918, 4.64]",[-36.6025],[1],4.640038004498402,9.719830389165462e-8,optimized
s047,90,5.8897,formation,formation,2,true,,749.2659136400583,5.028463694910475,1.0357,17.0,1.0741,147,749.266,"[3.8346, 5.0285]","[4.2918, 4.64]",[-36.6025],[1],4.640038004498402,1.0538951978472655e-7,optimized
s047,85,5.5625,formation,formation,2,true,,747.364045180017,5.046365395317785,1.0331,16.9,1.0684,147,747.364,"[3.777, 5.0464]","[4.2918, 4.64]",[-36.6025],[1],4.640038004498402,7.420660027082637e-8,optimized
s047,80,5.2353,formation,formation,2,true,,763.7898467951933,4.785850571159056,1.0558,16.9,1.0684,147,763.79,"[3.7719, 4.7859]","[4.2918, 4.64]",[-36.6025],[1],4.640038004498402,5.1905679303299035e-9,optimized
s047,75,4.9081,formation,formation,2,false,recovery_failed,1157.2285876100948,4.12276965341071,,16.9,1.0688,48176,1157.229,"[3.3302, 4.1228]","[5.0368, 4.698]",[45.685],[-1],4.69798354441833,-6.3913408214270335,recovery_failed
s047,70,4.5809,formation,formation,2,false,not_run_after_fail,,,,0.0,,,,,,,,,,
s047,65,4.2537,formation,formation,2,false,not_run_after_fail,,,,0.0,,,,,,,,,,
s047,60,3.9265,formation,formation,2,false,not_run_after_fail,,,,0.0,,,,,,,,,,
s047,55,3.5993,formation,formation,2,false,not_run_after_fail,,,,0.0,,,,,,,,,,
s047,50,3.2721,formation,formation,2,false,not_run_after_fail,,,,0.0,,,,,,,,,,
s047,45,2.9449,formation,formation,2,false,not_run_after_fail,,,,0.0,,,,,,,,,,
s047,40,2.6177,formation,formation,2,false,not_run_after_fail,,,,0.0,,,,,,,,,,
s047,35,2.2905,formation,formation,2,false,not_run_after_fail,,,,0.0,,,,,,,,,,
s047,30,1.9632,formation,formation,2,false,not_run_after_fail,,,,0.0,,,,,,,,,,
s048,100,5.5484,formation,formation,2,true,,1056.0137961360422,4.637497841607976,1.1416,16.4,0.9851,228,1056.014,"[4.589, 4.6375]","[4.5532, 4.3016]",[82.2876],[-1],4.3015986217317765,0.01138162661095807,optimized
s048,95,5.2710,formation,formation,2,true,,1883.2061726835102,4.0739132312775475,2.0358,18.2,1.0916,105711,1883.206,"[4.1692, 4.0739]","[3.9382, 3.5452]",[82.2876],[-1],3.5452138437269802,0.010986243655357603,optimized
s048,90,4.9936,formation,formation,2,true,,1883.2061727576809,4.073908910396456,2.0358,18.2,1.0929,105711,1883.206,"[4.1692, 4.0739]","[3.9382, 3.5452]",[82.2876],[-1],3.5452138437269802,0.01098624365173671,optimized
s048,85,4.7162,formation,formation,2,true,,1883.2061728782217,4.0739014424402775,2.0358,18.2,1.0959,105711,1883.206,"[4.1692, 4.0739]","[3.9382, 3.5452]",[82.2876],[-1],3.5452138437269802,0.010986243640203596,optimized
s048,80,4.4387,formation,formation,2,true,,1883.206173120351,4.073885384762114,2.0358,18.4,1.1082,105711,1883.206,"[4.1692, 4.0739]","[3.9382, 3.5452]",[82.2876],[-1],3.5452138437269802,0.010986243640036293,optimized
s048,75,4.1613,formation,formation,2,true,,1883.206173851817,4.073823488738082,2.0358,18.2,1.0925,105711,1883.206,"[4.1691, 4.0738]","[3.9382, 3.5452]",[82.2876],[-1],3.5452138437269802,0.0109862435903068,optimized
s048,70,3.8839,formation,formation,2,false,recovery_failed,1883.2063531535352,4.065195477364226,,18.1,1.0891,105711,1883.206,"[4.1609, 4.0652]","[3.9382, 3.5452]",[82.2876],[-1],3.5452138437269802,-0.1813060113642253,recovery_failed
s048,65,3.6065,formation,formation,2,false,not_run_after_fail,,,,0.0,,,,,,,,,,
s048,60,3.3290,formation,formation,2,false,not_run_after_fail,,,,0.0,,,,,,,,,,
s048,55,3.0516,formation,formation,2,false,not_run_after_fail,,,,0.0,,,,,,,,,,
s048,50,2.7742,formation,formation,2,false,not_run_after_fail,,,,0.0,,,,,,,,,,
s048,45,2.4968,formation,formation,2,false,not_run_after_fail,,,,0.0,,,,,,,,,,
s048,40,2.2194,formation,formation,2,false,not_run_after_fail,,,,0.0,,,,,,,,,,
s048,35,1.9419,formation,formation,2,false,not_run_after_fail,,,,0.0,,,,,,,,,,
s048,30,1.6645,formation,formation,2,false,not_run_after_fail,,,,0.0,,,,,,,,,,
s049,100,5.6858,formation,formation,2,true,,1056.0138265974829,4.5571105222798165,1.0710,16.6,0.9978,255,1056.014,"[4.5263, 4.5571]","[4.5711, 4.2422]",[82.2876],[1],4.242200568787042,0.011381628300958164,optimized
s049,95,5.4015,formation,formation,2,true,,1232.2370022347216,5.309661219061969,1.2497,16.3,0.9847,788,1232.237,"[5.3545, 5.3097]","[5.2861, 4.9769]",[82.2876],[1],4.976907710424442,0.009858545028613965,optimized
s049,90,5.1172,formation,formation,2,false,recovery_failed,1232.2381367354574,5.309429347093665,,17.2,1.0361,79809,1232.238,"[5.3541, 5.3094]","[5.2861, 4.9769]",[82.2876],[1],4.976907710424442,-0.19222861609366415,recovery_failed
s049,85,4.8329,formation,formation,2,false,not_run_after_fail,,,,0.0,,,,,,,,,,
s049,80,4.5486,formation,formation,2,false,not_run_after_fail,,,,0.0,,,,,,,,,,
s049,75,4.2643,formation,formation,2,false,not_run_after_fail,,,,0.0,,,,,,,,,,
s049,70,3.9800,formation,formation,2,false,not_run_after_fail,,,,0.0,,,,,,,,,,
s049,65,3.6958,formation,formation,2,false,not_run_after_fail,,,,0.0,,,,,,,,,,
s049,60,3.4115,formation,formation,2,false,not_run_after_fail,,,,0.0,,,,,,,,,,
s049,55,3.1272,formation,formation,2,false,not_run_after_fail,,,,0.0,,,,,,,,,,
s049,50,2.8429,formation,formation,2,false,not_run_after_fail,,,,0.0,,,,,,,,,,
s049,45,2.5586,formation,formation,2,false,not_run_after_fail,,,,0.0,,,,,,,,,,
s049,40,2.2743,formation,formation,2,false,not_run_after_fail,,,,0.0,,,,,,,,,,
s049,35,1.9900,formation,formation,2,false,not_run_after_fail,,,,0.0,,,,,,,,,,
s049,30,1.7057,formation,formation,2,false,not_run_after_fail,,,,0.0,,,,,,,,,,
s050,100,4.1503,formation,formation,2,true,,956.0102515331611,2.9649914346637973,1.0113,16.1,0.9957,224,956.01,"[2.8771, 2.965]","[2.9709, 2.6777]",[82.2876],[-1],2.6777090435948856,0.011381627440518884,optimized
s050,95,3.9427,formation,formation,2,true,,1207.1946894784032,3.03639038818866,1.2770,17.0,1.0487,75709,1207.195,"[2.9123, 3.0364]","[2.9709, 2.6777]",[82.2876],[-1],2.6776841642577693,0.010733412987346922,optimized
s050,90,3.7352,formation,formation,2,true,,1207.1946894788405,3.0363834815426305,1.2770,17.0,1.0518,75709,1207.195,"[2.9123, 3.0364]","[2.9709, 2.6777]",[82.2876],[-1],2.6776841642577693,0.010733412987321337,optimized
s050,85,3.5277,formation,formation,2,true,,1207.1946894801208,3.0363723375673715,1.2770,16.9,1.0453,75709,1207.195,"[2.9123, 3.0364]","[2.9709, 2.6777]",[82.2876],[-1],2.6776841642577693,0.010733412987122434,optimized
s050,80,3.3202,formation,formation,2,true,,1207.1946894839114,3.036351249687253,1.2770,17.0,1.0503,75709,1207.195,"[2.9123, 3.0364]","[2.9709, 2.6777]",[82.2876],[-1],2.6776841642577693,0.010733412986733464,optimized
s050,75,3.1127,formation,formation,2,true,,1207.194689503322,3.0362946297483275,1.2770,17.0,1.0482,75709,1207.195,"[2.9122, 3.0363]","[2.9709, 2.6777]",[82.2876],[-1],2.6776841642577693,0.010733412984575875,optimized
s050,70,2.9052,formation,formation,2,false,recovery_failed,1207.1947012091587,3.018914021652203,,17.0,1.0519,75709,1207.195,"[2.8986, 3.0189]","[2.9709, 2.6777]",[82.2876],[-1],2.6776841642577693,-0.11373569665220273,recovery_failed
s050,65,2.6977,formation,formation,2,false,not_run_after_fail,,,,0.0,,,,,,,,,,
s050,60,2.4902,formation,formation,2,false,not_run_after_fail,,,,0.0,,,,,,,,,,
s050,55,2.2826,formation,formation,2,false,not_run_after_fail,,,,0.0,,,,,,,,,,
s050,50,2.0751,formation,formation,2,false,not_run_after_fail,,,,0.0,,,,,,,,,,
s050,45,1.8676,formation,formation,2,false,not_run_after_fail,,,,0.0,,,,,,,,,,
s050,40,1.6601,formation,formation,2,false,not_run_after_fail,,,,0.0,,,,,,,,,,
s050,35,1.4526,formation,formation,2,false,not_run_after_fail,,,,0.0,,,,,,,,,,
s050,30,1.2451,formation,formation,2,false,not_run_after_fail,,,,0.0,,,,,,,,,,
s051,100,5.9726,formation,formation,2,true,,1114.4068605420562,4.594695306625945,1.3204,16.4,0.9917,508,1114.407,"[4.036, 4.5947]","[3.9291, 3.5362]",[82.2876],[-1],3.536216402415752,0.007244510428677648,optimized
s051,95,5.6740,formation,formation,2,true,,1234.2553980025184,3.738444036787352,1.4623,17.2,1.0406,1168,1234.255,"[3.3954, 3.7384]","[3.6544, 4.0678]",[-36.6025],[1],4.067791395780179,0.003885058447425787,optimized
s051,90,5.3753,formation,formation,2,true,,1086.9758362307016,4.110023858273852,1.2879,23.7,1.4333,143348,1086.976,"[2.068, 4.11]","[3.6544, 4.0678]",[-36.6025],[1],4.067791395141535,5.702401633934641e-7,optimized
s051,85,5.0767,formation,formation,2,true,,1091.1177625028088,5.076719557892826,1.2928,23.2,1.4050,143348,1091.118,"[2.0828, 5.0767]","[3.6544, 4.0678]",[-36.6025],[1],4.067791395141535,1.410717409555673e-8,optimized
s051,80,4.7781,formation,formation,2,true,,1093.3486754764683,4.778088886640432,1.2954,23.2,1.4053,143348,1093.349,"[1.9573, 4.7781]","[3.6544, 4.0678]",[-36.6025],[1],4.067791395141535,1.8135956825204858e-7,optimized
s051,75,4.4795,formation,formation,2,true,,1139.888853910897,3.3532556035141825,1.3505,24.3,1.4712,143348,1139.889,"[3.4179, 3.3533]","[3.6544, 4.0678]",[-36.6025],[1],4.067791395141535,1.0667903242416288e-5,optimized
s051,70,4.1808,formation,formation,2,true,,1143.7061703496736,3.219011631014192,1.3551,24.5,1.4807,143348,1143.706,"[3.4288, 3.219]","[3.6544, 4.0678]",[-36.6025],[1],4.067791395141535,1.112781564213583e-5,optimized
s051,65,3.8822,formation,formation,2,true,,1176.5878006193313,3.2533120002642546,1.3940,19.6,1.1849,143348,1176.588,"[3.4987, 3.2533]","[3.6544, 4.0678]",[-36.6025],[1],4.067791395141535,0.0015718161402965246,optimized
s051,60,3.5836,formation,formation,2,true,,1181.527326636882,3.24464016848425,1.3999,19.4,1.1717,143348,1181.527,"[3.4758, 3.2446]","[3.6544, 4.0678]",[-36.6025],[1],4.067791395141535,0.0012913113461000478,optimized
s051,55,3.2849,formation,formation,2,true,,1178.77685495327,2.936032094336372,1.3966,19.0,1.1526,143348,1178.777,"[3.4634, 2.936]","[3.6544, 4.0678]",[-36.6025],[1],4.067791395141535,0.001391894720279955,optimized
s051,50,2.9863,formation,formation,2,true,,1169.026136101263,2.6651198881198495,1.3851,21.4,1.2940,143348,1169.026,"[3.4351, 2.6651]","[3.6544, 4.0678]",[-36.6025],[1],4.067791395141535,0.004419134318699298,optimized
s051,45,2.6877,formation,formation,2,true,,1146.5954944598757,2.313115997759734,1.3585,23.1,1.3969,143348,1146.595,"[3.3706, 2.3131]","[3.6544, 4.0678]",[-36.6025],[1],4.067791395141535,6.229365681065246e-7,optimized
s051,40,2.3890,formation,formation,2,false,recovery_failed,1150.4357237637232,2.4553604064830004,,18.3,1.1100,143348,1150.436,"[2.6115, 2.4554]","[3.6544, 4.0678]",[-36.6025],[1],4.067791395141535,-28.541527937134642,recovery_failed
s051,35,2.0904,formation,formation,2,false,not_run_after_fail,,,,0.0,,,,,,,,,,
s051,30,1.7918,formation,formation,2,false,not_run_after_fail,,,,0.0,,,,,,,,,,
s052,100,7.3896,formation,formation,2,true,,1226.149646411697,7.294329924311877,1.2729,16.7,1.0202,1591,1226.15,"[7.0333, 7.2943]","[7.1771, 6.8011]",[45.685],[-1],6.801138737639224,0.010976289471128631,optimized
s052,95,7.0202,formation,formation,2,true,,1227.0806785200298,6.912066250500555,1.2739,16.9,1.0302,35820,1227.081,"[6.9125, 6.9121]","[7.1771, 6.8011]",[45.685],[-1],6.801138737639224,0.003686564712674697,optimized
s052,90,6.6507,formation,formation,2,true,,1229.7509742268426,6.55519893974128,1.2767,17.3,1.0573,35820,1229.751,"[6.8403, 6.5552]","[7.1771, 6.8011]",[45.685],[-1],6.801138737639224,4.207755009195263e-5,optimized
s052,85,6.2812,formation,formation,2,false,recovery_failed,1229.2774432008423,6.369018078299363,,16.9,1.0323,35820,1229.277,"[6.837, 6.369]","[7.1771, 6.8011]",[45.685],[-1],6.801138737639224,-0.0878154882993627,recovery_failed
s052,80,5.9117,formation,formation,2,false,not_run_after_fail,,,,0.0,,,,,,,,,,
s052,75,5.5422,formation,formation,2,false,not_run_after_fail,,,,0.0,,,,,,,,,,
s052,70,5.1728,formation,formation,2,false,not_run_after_fail,,,,0.0,,,,,,,,,,
s052,65,4.8033,formation,formation,2,false,not_run_after_fail,,,,0.0,,,,,,,,,,
s052,60,4.4338,formation,formation,2,false,not_run_after_fail,,,,0.0,,,,,,,,,,
s052,55,4.0643,formation,formation,2,false,not_run_after_fail,,,,0.0,,,,,,,,,,
s052,50,3.6948,formation,formation,2,false,not_run_after_fail,,,,0.0,,,,,,,,,,
s052,45,3.3253,formation,formation,2,false,not_run_after_fail,,,,0.0,,,,,,,,,,
s052,40,2.9559,formation,formation,2,false,not_run_after_fail,,,,0.0,,,,,,,,,,
s052,35,2.5864,formation,formation,2,false,not_run_after_fail,,,,0.0,,,,,,,,,,
s052,30,2.2169,formation,formation,2,false,not_run_after_fail,,,,0.0,,,,,,,,,,
s053,100,4.9907,formation,formation,2,true,,847.7183467885775,4.6274405913875,1.1830,16.2,0.9947,80,847.718,"[3.9245, 4.6274]","[4.0269, 3.7354]",[82.2876],[-1],3.735395740817426,0.0062443966888033955,optimized
s053,95,4.7411,formation,formation,2,true,,1432.8644009888185,4.422272258382324,1.9996,18.9,1.1651,52616,1432.864,"[3.9525, 4.4223]","[4.0257, 3.7341]",[82.2876],[-1],3.7340749972678644,0.007373479236191614,optimized
s053,90,4.4916,formation,formation,2,true,,1432.8539825539567,4.422048132283559,1.9996,16.8,1.0365,52616,1432.854,"[3.9525, 4.422]","[4.0257, 3.7341]",[82.2876],[-1],3.7340749972678644,0.007373533514600919,optimized
s053,85,4.2421,formation,formation,2,true,,1417.764431744513,4.121593726373798,1.9786,25.0,1.5411,52616,1417.764,"[3.9282, 4.1216]","[4.0257, 3.7341]",[82.2876],[-1],3.7340749972678644,0.0058241475429739765,optimized
s053,80,3.9925,formation,formation,2,false,recovery_failed,1413.3793550218886,4.027818361738617,,17.4,1.0733,52616,1413.379,"[3.9133, 4.0278]","[4.0257, 3.7341]",[82.2876],[-1],3.7340749972678644,-0.03528933573861659,recovery_failed
s053,75,3.7430,formation,formation,2,false,not_run_after_fail,,,,0.0,,,,,,,,,,
s053,70,3.4935,formation,formation,2,false,not_run_after_fail,,,,0.0,,,,,,,,,,
s053,65,3.2439,formation,formation,2,false,not_run_after_fail,,,,0.0,,,,,,,,,,
s053,60,2.9944,formation,formation,2,false,not_run_after_fail,,,,0.0,,,,,,,,,,
s053,55,2.7449,formation,formation,2,false,not_run_after_fail,,,,0.0,,,,,,,,,,
s053,50,2.4953,formation,formation,2,false,not_run_after_fail,,,,0.0,,,,,,,,,,
s053,45,2.2458,formation,formation,2,false,not_run_after_fail,,,,0.0,,,,,,,,,,
s053,40,1.9963,formation,formation,2,false,not_run_after_fail,,,,0.0,,,,,,,,,,
s053,35,1.7467,formation,formation,2,false,not_run_after_fail,,,,0.0,,,,,,,,,,
s053,30,1.4972,formation,formation,2,false,not_run_after_fail,,,,0.0,,,,,,,,,,
s054,100,8.4379,formation,formation,2,true,,971.876138072754,6.201467325451552,1.0739,17.6,1.0531,752,971.876,"[6.3577, 6.2015]","[7.4113, 7.8053]",[-36.6025],[1],7.805288786375459,0.0010767516231453556,optimized
s054,95,8.0160,formation,formation,2,true,,1030.7937046035768,4.770277644350353,1.1390,18.5,1.1076,1530,1030.794,"[1.8564, 4.7703]","[3.5706, 3.9992]",[-36.6025],[-1],3.999163466044911,0.010462714135355941,optimized
s054,90,7.5941,formation,formation,2,true,,1032.4520050545161,4.749411114691248,1.1408,18.4,1.1037,1530,1032.452,"[1.901, 4.7494]","[3.5706, 3.9992]",[-36.6025],[-1],3.999163466044911,0.0007989321275968232,optimized
s054,85,7.1722,formation,formation,2,true,,1033.742542750449,4.711831146565839,1.1422,18.3,1.0987,1530,1033.743,"[1.9279, 4.7118]","[3.5706, 3.9992]",[-36.6025],[-1],3.999163466044911,3.328138947974912e-5,optimized
s054,80,6.7503,formation,formation,2,true,,1036.4125707699566,3.2988156595291533,1.1452,18.2,1.0887,1530,1036.413,"[2.2787, 3.2988]","[3.5706, 3.9992]",[-36.6025],[-1],3.999163466044911,0.007781518185597611,optimized
s054,75,6.3284,formation,formation,2,true,,1036.2308966268004,3.2818524120850974,1.1450,18.1,1.0863,1530,1036.231,"[2.2856, 3.2819]","[3.5706, 3.9992]",[-36.6025],[-1],3.999163466044911,0.00014834910558900083,optimized
s054,70,5.9065,formation,formation,2,true,,1027.6861390623162,3.4860067963381205,1.1355,18.3,1.0964,1530,1027.686,"[2.116, 3.486]","[3.5706, 3.9992]",[-36.6025],[-1],3.999163466044911,1.1735244785564647e-5,optimized
s054,65,5.4846,formation,formation,2,true,,1033.1700684741375,4.6728350430950565,1.1416,18.2,1.0944,1530,1033.17,"[1.8122, 4.6728]","[3.5706, 3.9992]",[-36.6025],[-1],3.999163466044911,9.068728334365006e-6,optimized
s054,60,5.0627,formation,formation,2,true,,1032.5789171047886,4.690793854216817,1.1410,18.1,1.0876,1530,1032.579,"[1.824, 4.6908]","[3.5706, 3.9992]",[-36.6025],[-1],3.999163466044911,0.008853299203781684,optimized
s054,55,4.6408,formation,formation,2,true,,1477.1572716546696,3.4475695221234655,1.6322,17.1,1.0268,5638,1477.157,"[3.3508, 3.4476]","[3.4982, 3.1353]",[45.685],[-1],3.1352652077715133,1.3097749842927442e-5,optimized
s054,50,4.2189,formation,formation,2,false,recovery_failed,2014.0978346181905,3.5451999784766914,,17.9,1.0709,81477,2014.098,"[3.4526, 3.5452]","[3.4982, 3.1353]",[45.685],[-1],3.1352648839770985,-0.9430636891414085,recovery_failed
s054,45,3.7970,formation,formation,2,false,not_run_after_fail,,,,0.0,,,,,,,,,,
s054,40,3.3751,formation,formation,2,false,not_run_after_fail,,,,0.0,,,,,,,,,,
s054,35,2.9532,formation,formation,2,false,not_run_after_fail,,,,0.0,,,,,,,,,,
s054,30,2.5314,formation,formation,2,false,not_run_after_fail,,,,0.0,,,,,,,,,,
s055,100,4.2209,formation,formation,2,true,,1030.7238666616254,3.184276643714676,1.0917,16.6,1.0000,183,1030.724,"[2.9916, 3.1843]","[3.0478, 2.8279]",[82.2876],[-1],2.827943016973654,0.009840661454252135,optimized
s055,95,4.0099,formation,formation,2,true,,1131.8257141269053,3.1815170934778987,1.1988,17.2,1.0378,97435,1131.826,"[2.9861, 3.1815]","[3.0477, 2.8278]",[82.2876],[-1],2.827765073360611,0.009857285444904001,optimized
s055,90,3.7988,formation,formation,2,true,,1131.8257141275383,3.1815107255149275,1.1988,17.1,1.0322,97435,1131.826,"[2.9861, 3.1815]","[3.0477, 2.8278]",[82.2876],[-1],2.827765073360611,0.009857285452399474,optimized
s055,85,3.5878,formation,formation,2,true,,1131.8257141318704,3.1814995496301175,1.1988,17.2,1.0337,97435,1131.826,"[2.9861, 3.1815]","[3.0477, 2.8278]",[82.2876],[-1],2.827765073360611,0.009857285464745244,optimized
s055,80,3.3767,formation,formation,2,true,,1131.825714156841,3.1814745212128304,1.1988,17.2,1.0382,97435,1131.826,"[2.9861, 3.1815]","[3.0477, 2.8278]",[82.2876],[-1],2.827765073360611,0.009857285485296071,optimized
s055,75,3.1657,formation,formation,2,false,recovery_failed,1131.8257146977712,3.1813395710839507,,17.2,1.0352,97435,1131.826,"[2.986, 3.1813]","[3.0477, 2.8278]",[82.2876],[-1],2.827765073360611,-0.015653072083950725,recovery_failed
s055,70,2.9546,formation,formation,2,false,not_run_after_fail,,,,0.0,,,,,,,,,,
s055,65,2.7436,formation,formation,2,false,not_run_after_fail,,,,0.0,,,,,,,,,,
s055,60,2.5325,formation,formation,2,false,not_run_after_fail,,,,0.0,,,,,,,,,,
s055,55,2.3215,formation,formation,2,false,not_run_after_fail,,,,0.0,,,,,,,,,,
s055,50,2.1105,formation,formation,2,false,not_run_after_fail,,,,0.0,,,,,,,,,,
s055,45,1.8994,formation,formation,2,false,not_run_after_fail,,,,0.0,,,,,,,,,,
s055,40,1.6884,formation,formation,2,false,not_run_after_fail,,,,0.0,,,,,,,,,,
s055,35,1.4773,formation,formation,2,false,not_run_after_fail,,,,0.0,,,,,,,,,,
s055,30,1.2663,formation,formation,2,false,not_run_after_fail,,,,0.0,,,,,,,,,,
s056,100,7.5536,formation,formation,2,true,,899.9147173668911,6.098624909357729,1.1323,16.6,1.0317,271,899.915,"[5.5064, 6.0986]","[6.3206, 6.9413]",[-36.6025],[-1],6.941296326668433,2.782486637764592e-7,optimized
s056,95,7.1759,formation,formation,2,true,,1623.6121492306675,5.518811549986438,2.0428,17.4,1.0785,30901,1623.612,"[4.8474, 5.5188]","[6.2213, 5.779]",[45.685],[1],5.7790465266668365,0.00547797046885316,optimized
s056,90,6.7983,formation,formation,2,true,,1623.9288086178271,5.5121788646862875,2.0432,17.5,1.0832,30901,1623.929,"[4.8342, 5.5122]","[6.2213, 5.779]",[45.685],[1],5.7790465266668365,0.005555603864287613,optimized
s056,85,6.4206,formation,formation,2,true,,1623.757376827277,5.488294440311842,2.0430,17.5,1.0836,30901,1623.757,"[4.8152, 5.4883]","[6.2213, 5.779]",[45.685],[1],5.7790465266668365,0.005715207184643821,optimized
s056,80,6.0429,formation,formation,2,true,,1623.7643334144122,5.485795924326105,2.0430,17.3,1.0753,30901,1623.764,"[4.8112, 5.4858]","[6.2213, 5.779]",[45.685],[1],5.7790465266668365,0.005750954682259449,optimized
s056,75,5.6652,formation,formation,2,true,,1624.0211750755557,5.484288720646522,2.0433,17.3,1.0727,30901,1624.021,"[4.8054, 5.4843]","[6.2213, 5.779]",[45.685],[1],5.7790465266668365,0.00574068196700836,optimized
s056,70,5.2875,formation,formation,2,true,,1619.6158116447746,5.222364052726917,2.0378,17.1,1.0600,30901,1619.616,"[4.7172, 5.2224]","[6.2213, 5.779]",[45.685],[1],5.7790465266668365,0.007778775663038681,optimized
s056,65,4.9099,formation,formation,2,true,,1610.2368985348658,4.676050706087529,2.0260,25.9,1.6078,30901,1610.237,"[4.5424, 4.6761]","[6.2213, 5.779]",[45.685],[1],5.7790465266668365,0.008125096687400975,optimized
s056,60,4.5322,formation,formation,2,true,,1608.6890437459654,4.49279905271065,2.0241,17.2,1.0702,30901,1608.689,"[4.4795, 4.4928]","[6.2213, 5.779]",[45.685],[1],5.7790465266668365,0.008075163113696028,optimized
s056,55,4.1545,formation,formation,2,false,recovery_failed,1608.6869948995252,4.492908528035591,,17.2,1.0698,30901,1608.687,"[4.4796, 4.4929]","[6.2213, 5.779]",[45.685],[1],5.7790465266668365,-0.3384177830355908,recovery_failed
s056,50,3.7768,formation,formation,2,false,not_run_after_fail,,,,0.0,,,,,,,,,,
s056,45,3.3991,formation,formation,2,false,not_run_after_fail,,,,0.0,,,,,,,,,,
s056,40,3.0214,formation,formation,2,false,not_run_after_fail,,,,0.0,,,,,,,,,,
s056,35,2.6438,formation,formation,2,false,not_run_after_fail,,,,0.0,,,,,,,,,,
s056,30,2.2661,formation,formation,2,false,not_run_after_fail,,,,0.0,,,,,,,,,,
s057,100,5.6828,formation,formation,2,true,,1131.9224367001525,4.874208444409058,1.1565,16.3,0.9798,293,1131.922,"[4.8062, 4.8742]","[4.8052, 4.587]",[82.2876],[-1],4.587031987808123,0.009841051155065136,optimized
s057,95,5.3986,formation,formation,2,true,,1130.1024841579715,3.53860803562443,1.1547,16.4,0.9839,329,1130.102,"[3.2552, 3.5386]","[3.4009, 3.0131]",[82.2876],[1],3.0130587740431856,0.010807622301884763,optimized
s057,90,5.1145,formation,formation,2,true,,1215.574367387712,3.6674458626349105,1.2420,16.4,0.9834,499,1215.574,"[3.2928, 3.6674]","[3.3959, 3.0077]",[82.2876],[1],3.007710844635516,0.008367973104978055,optimized
s057,85,4.8304,formation,formation,2,true,,1215.5743638349163,3.6674445727410023,1.2420,16.3,0.9821,499,1215.574,"[3.2928, 3.6674]","[3.3959, 3.0077]",[82.2876],[1],3.007710844635516,0.00836797368498075,optimized
s057,80,4.5462,formation,formation,2,true,,1215.574358380209,3.667442698290981,1.2420,16.3,0.9823,499,1215.574,"[3.2928, 3.6674]","[3.3959, 3.0077]",[82.2876],[1],3.007710844635516,0.008367974576590099,optimized
s057,75,4.2621,formation,formation,2,true,,1215.5743489253525,3.667439710405536,1.2420,16.8,1.0123,53606,1215.574,"[3.2928, 3.6674]","[3.3959, 3.0077]",[82.2876],[1],3.007710844635516,0.008367976127311778,optimized
s057,70,3.9780,formation,formation,2,true,,1215.5743282714977,3.667433976215766,1.2420,16.8,1.0091,53606,1215.574,"[3.2928, 3.6674]","[3.3959, 3.0077]",[82.2876],[1],3.007710844635516,0.008367979530099625,optimized
s057,65,3.6938,formation,formation,2,true,,1215.5742389271527,3.6674142077782927,1.2420,16.8,1.0072,53606,1215.574,"[3.2928, 3.6674]","[3.3959, 3.0077]",[82.2876],[1],3.007710844635516,0.008367994460613874,optimized
s057,60,3.4097,formation,formation,2,false,recovery_failed,1212.4638909709283,3.5734218410489187,,16.7,1.0057,53606,1212.464,"[3.2799, 3.5734]","[3.3959, 3.0077]",[82.2876],[1],3.007710844635516,-0.23310580647694223,recovery_failed
s057,55,3.1255,formation,formation,2,false,not_run_after_fail,,,,0.0,,,,,,,,,,
s057,50,2.8414,formation,formation,2,false,not_run_after_fail,,,,0.0,,,,,,,,,,
s057,45,2.5573,formation,formation,2,false,not_run_after_fail,,,,0.0,,,,,,,,,,
s057,40,2.2731,formation,formation,2,false,not_run_after_fail,,,,0.0,,,,,,,,,,
s057,35,1.9890,formation,formation,2,false,not_run_after_fail,,,,0.0,,,,,,,,,,
s057,30,1.7048,formation,formation,2,false,not_run_after_fail,,,,0.0,,,,,,,,,,
s058,100,5.2066,formation,formation,2,true,,855.6498245884762,4.154623030726859,1.2057,15.9,0.9848,142,855.65,"[4.134, 4.1546]","[4.2424, 3.9692]",[82.2876],[-1],3.9691653365553967,0.011381573301570616,optimized
s058,95,4.9463,formation,formation,2,true,,955.6530457623529,4.148399770604724,1.3466,16.8,1.0383,65615,955.653,"[4.1284, 4.1484]","[4.2277, 3.9536]",[82.2876],[-1],3.9536392142782772,0.011274465498662036,optimized
s058,90,4.6860,formation,formation,2,true,,955.6530456988161,4.148303530856558,1.3466,16.7,1.0371,65615,955.653,"[4.1283, 4.1483]","[4.2277, 3.9536]",[82.2876],[-1],3.9536392142782772,0.011274465434274987,optimized
s058,85,4.4256,formation,formation,2,true,,955.6530454903952,4.148015985765547,1.3466,16.8,1.0382,65615,955.653,"[4.1281, 4.148]","[4.2277, 3.9536]",[82.2876],[-1],3.9536392142782772,0.011274465243026284,optimized
s058,80,4.1653,formation,formation,2,true,,955.6528998933512,4.142419121508612,1.3466,16.8,1.0388,65615,955.653,"[4.123, 4.1424]","[4.2277, 3.9536]",[82.2876],[-1],3.9536392142782772,0.011274427004319187,optimized
s058,75,3.9050,formation,formation,2,true,,961.6997720518858,3.8181964998449116,1.3551,17.2,1.0665,65615,961.7,"[3.856, 3.8182]","[4.2277, 3.9536]",[82.2876],[-1],3.9536392142782772,0.010938898920566261,optimized
s058,70,3.6446,formation,formation,2,true,,959.7635586805914,3.6414197207766232,1.3524,16.9,1.0497,65615,959.764,"[3.8404, 3.6414]","[4.2277, 3.9536]",[82.2876],[-1],3.9536392142782772,0.0032094212233770847,optimized
s058,65,3.3843,formation,formation,2,false,recovery_failed,959.7644473853778,3.641461294067923,,17.0,1.0535,65615,959.764,"[3.8404, 3.6415]","[4.2277, 3.9536]",[82.2876],[-1],3.9536392142782772,-0.2571627330679229,recovery_failed
s058,60,3.1240,formation,formation,2,false,not_run_after_fail,,,,0.0,,,,,,,,,,
s058,55,2.8636,formation,formation,2,false,not_run_after_fail,,,,0.0,,,,,,,,,,
s058,50,2.6033,formation,formation,2,false,not_run_after_fail,,,,0.0,,,,,,,,,,
s058,45,2.3430,formation,formation,2,false,not_run_after_fail,,,,0.0,,,,,,,,,,
s058,40,2.0826,formation,formation,2,false,not_run_after_fail,,,,0.0,,,,,,,,,,
s058,35,1.8223,formation,formation,2,false,not_run_after_fail,,,,0.0,,,,,,,,,,
s058,30,1.5620,formation,formation,2,false,not_run_after_fail,,,,0.0,,,,,,,,,,
s059,100,8.2417,formation,formation,2,true,,851.444219335203,6.871049491379213,1.1229,16.4,1.0065,98,851.444,"[7.1447, 6.871]","[7.2061, 6.7829]",[82.2876],[-1],6.782865858663319,0.010140800744658937,optimized
s059,95,7.8296,formation,formation,2,true,,1029.6588282936223,4.145516668713463,1.3579,16.0,0.9854,473,1029.659,"[3.9201, 4.1455]","[3.8431, 3.4444]",[82.2876],[1],3.4443813891735267,0.010895173506262776,optimized
s059,90,7.4175,formation,formation,2,true,,1029.6588277832802,4.145515931890748,1.3579,16.3,1.0038,473,1029.659,"[3.9201, 4.1455]","[3.8431, 3.4444]",[82.2876],[1],3.4443813891735267,0.010895173509712438,optimized
s059,85,7.0054,formation,formation,2,true,,1029.6588271349597,4.1455150004244565,1.3579,16.0,0.9858,473,1029.659,"[3.9201, 4.1455]","[3.8431, 3.4444]",[82.2876],[1],3.4443813891735267,0.01089517351327352,optimized
s059,80,6.5934,formation,formation,2,true,,1029.658826279401,4.145513788802411,1.3579,16.0,0.9858,473,1029.659,"[3.9201, 4.1455]","[3.8431, 3.4444]",[82.2876],[1],3.4443813891735267,0.010895173518866206,optimized
s059,75,6.1813,formation,formation,2,true,,1029.658825101265,4.145512131279423,1.3579,16.0,0.9853,473,1029.659,"[3.9201, 4.1455]","[3.8431, 3.4444]",[82.2876],[1],3.4443813891735267,0.0108951735257313,optimized
s059,70,5.7692,formation,formation,2,true,,1136.4800310176076,4.0637864844422715,1.4988,16.3,1.0027,883,1136.48,"[3.9294, 4.0638]","[3.8426, 3.4439]",[82.2876],[1],3.44390393084829,0.011148917285413812,optimized
s059,65,5.3571,formation,formation,2,true,,1136.4800300885254,4.063776830772844,1.4988,16.4,1.0081,883,1136.48,"[3.9294, 4.0638]","[3.8426, 3.4439]",[82.2876],[1],3.44390393084829,0.011148917273459777,optimized
s059,60,4.9450,formation,formation,2,false,recovery_failed,1350.2309703575534,4.923173303183435,,21.9,1.3464,130080,1350.231,"[5.3484, 4.9232]","[5.1803, 4.7921]",[82.2876],[-1],4.792095393181201,-2.5233746469750686,recovery_failed
s059,55,4.5329,formation,formation,2,false,not_run_after_fail,,,,0.0,,,,,,,,,,
s059,50,4.1209,formation,formation,2,false,not_run_after_fail,,,,0.0,,,,,,,,,,
s059,45,3.7088,formation,formation,2,false,not_run_after_fail,,,,0.0,,,,,,,,,,
s059,40,3.2967,formation,formation,2,false,not_run_after_fail,,,,0.0,,,,,,,,,,
s059,35,2.8846,formation,formation,2,false,not_run_after_fail,,,,0.0,,,,,,,,,,
s059,30,2.4725,formation,formation,2,false,not_run_after_fail,,,,0.0,,,,,,,,,,
s060,100,8.1087,formation,formation,2,true,,1004.6446687776013,7.798496177023119,1.2010,15.9,0.9777,339,1004.645,"[7.3147, 7.7985]","[7.6675, 7.5314]",[82.2876],[-1],7.5314312352553765,0.006518447604852734,optimized
s060,95,7.7032,formation,formation,2,true,,1276.529322690523,4.78287807996508,1.5260,18.4,1.1312,1734,1276.529,"[3.9831, 4.7829]","[3.7813, 4.8818]",[82.2876],[-1],4.881832406470386,0.00019495805924212364,optimized
s060,90,7.2978,formation,formation,2,true,,1276.7137870873105,4.781778535324532,1.5262,18.4,1.1309,1734,1276.714,"[3.9821, 4.7818]","[3.7813, 4.8818]",[82.2876],[-1],4.881832406470386,0.00015449077383956553,optimized
s060,85,6.8924,formation,formation,2,true,,1276.95787726003,4.7905500170388935,1.5265,18.3,1.1225,1734,1276.958,"[3.9813, 4.7906]","[3.7813, 4.8818]",[82.2876],[-1],4.881832406470386,0.0001734417610191677,optimized
s060,80,6.4869,formation,formation,2,true,,1282.3255267004633,4.842061425782295,1.5329,18.9,1.1603,38760,1282.326,"[3.9916, 4.8421]","[3.7813, 4.8818]",[82.2876],[-1],4.881832406470386,0.00018283137871783275,optimized
s060,75,6.0815,formation,formation,2,true,,1281.0694363071502,4.844479188748902,1.5314,18.7,1.1465,38760,1281.069,"[3.9963, 4.8445]","[3.7813, 4.8818]",[82.2876],[-1],4.881832406470386,0.000227400059022706,optimized
s060,70,5.6761,formation,formation,2,true,,1276.3575182316324,4.802969269688452,1.5258,18.8,1.1560,38760,1276.358,"[3.9763, 4.803]","[3.7813, 4.8818]",[82.2876],[-1],4.881832406470386,4.0717670531931205e-6,optimized
s060,65,5.2706,formation,formation,2,true,,1278.8640294370832,4.774415947367779,1.5288,19.7,1.2102,38760,1278.864,"[4.0091, 4.7744]","[3.7813, 4.8818]",[82.2876],[-1],4.881832406470386,8.656448670808087e-6,optimized
s060,60,4.8652,formation,formation,2,false,recovery_failed,1275.6411229156886,4.738165285541627,,17.3,1.0610,38760,1275.641,"[4.1976, 4.7382]","[3.7813, 4.8818]",[82.2876],[-1],4.881832406470386,-14.235465831085603,recovery_failed
s060,55,4.4598,formation,formation,2,false,not_run_after_fail,,,,0.0,,,,,,,,,,
s060,50,4.0543,formation,formation,2,false,not_run_after_fail,,,,0.0,,,,,,,,,,
s060,45,3.6489,formation,formation,2,false,not_run_after_fail,,,,0.0,,,,,,,,,,
s060,40,3.2435,formation,formation,2,false,not_run_after_fail,,,,0.0,,,,,,,,,,
s060,35,2.8380,formation,formation,2,false,not_run_after_fail,,,,0.0,,,,,,,,,,
s060,30,2.4326,formation,formation,2,false,not_run_after_fail,,,,0.0,,,,,,,,,,
s061,100,6.9261,formation,formation,2,false,recovery_failed,1073.7639348113473,5.934652134682846,,16.7,1.0269,458,1073.764,"[5.5299, 5.9347]","[5.9203, 6.4091]",[-36.6025],[-1],6.409071708059617,-0.17504384166459763,recovery_failed
s061,95,6.5798,formation,formation,2,false,not_run_after_fail,,,,0.0,,,,,,,,,,
s061,90,6.2335,formation,formation,2,false,not_run_after_fail,,,,0.0,,,,,,,,,,
s061,85,5.8872,formation,formation,2,false,not_run_after_fail,,,,0.0,,,,,,,,,,
s061,80,5.5409,formation,formation,2,false,not_run_after_fail,,,,0.0,,,,,,,,,,
s061,75,5.1946,formation,formation,2,false,not_run_after_fail,,,,0.0,,,,,,,,,,
s061,70,4.8483,formation,formation,2,false,not_run_after_fail,,,,0.0,,,,,,,,,,
s061,65,4.5020,formation,formation,2,false,not_run_after_fail,,,,0.0,,,,,,,,,,
s061,60,4.1557,formation,formation,2,false,not_run_after_fail,,,,0.0,,,,,,,,,,
s061,55,3.8094,formation,formation,2,false,not_run_after_fail,,,,0.0,,,,,,,,,,
s061,50,3.4631,formation,formation,2,false,not_run_after_fail,,,,0.0,,,,,,,,,,
s061,45,3.1168,formation,formation,2,false,not_run_after_fail,,,,0.0,,,,,,,,,,
s061,40,2.7704,formation,formation,2,false,not_run_after_fail,,,,0.0,,,,,,,,,,
s061,35,2.4241,formation,formation,2,false,not_run_after_fail,,,,0.0,,,,,,,,,,
s061,30,2.0778,formation,formation,2,false,not_run_after_fail,,,,0.0,,,,,,,,,,
s062,100,7.1821,formation,formation,2,true,,994.3997544294015,3.6443022047920572,1.0080,18.7,1.1294,1192,994.4,"[3.7836, 3.6443]","[5.5629, 6.23]",[-36.6025],[1],6.229959757851171,6.4781471564856474e-6,optimized
s062,95,6.8230,formation,formation,2,true,,1300.2105715804746,4.379506984160272,1.3180,16.5,0.9984,1472,1300.211,"[3.7018, 4.3795]","[3.7828, 3.4261]",[82.2876],[1],3.426133319710949,0.005732510998902023,optimized
s062,90,6.4639,formation,formation,2,true,,1300.2105685467893,4.379505011312447,1.3180,16.4,0.9933,1472,1300.211,"[3.7018, 4.3795]","[3.7828, 3.4261]",[82.2876],[1],3.426133319710949,0.00573251094627782,optimized
s062,85,6.1048,formation,formation,2,true,,1300.2105644312105,4.3795023776151165,1.3180,16.4,0.9901,1472,1300.211,"[3.7018, 4.3795]","[3.7828, 3.4261]",[82.2876],[1],3.426133319710949,0.005732510890831124,optimized
s062,80,5.7457,formation,formation,2,true,,1914.817089410527,4.601712867957368,1.9410,23.1,1.3979,22686,1914.817,"[1.747, 4.6017]","[3.8035, 3.4481]",[45.685],[1],3.4480760392231966,1.6818980319577292e-8,optimized
s062,75,5.3866,formation,formation,2,true,,1921.85396201857,2.754466194779296,1.9482,23.0,1.3925,22686,1921.854,"[1.7721, 2.7545]","[3.8035, 3.4481]",[45.685],[1],3.4480760392231966,1.3948086331760923e-9,optimized
s062,70,5.0275,formation,formation,2,true,,1935.5360018751796,2.7707443994796033,1.9620,22.8,1.3814,22686,1935.536,"[1.9512, 2.7707]","[3.8035, 3.4481]",[45.685],[1],3.4480760392231966,2.6284524903830153e-10,optimized
s062,65,4.6684,formation,formation,2,true,,1921.5856060318165,2.676264795687064,1.9479,23.0,1.3892,22686,1921.586,"[1.7086, 2.6763]","[3.8035, 3.4481]",[45.685],[1],3.4480760392231966,4.916051260517307e-8,optimized
s062,60,4.3093,formation,formation,2,true,,2004.7217058821295,2.9643182774279135,2.0322,22.5,1.3647,84961,2004.722,"[2.6148, 2.9643]","[3.8035, 3.4481]",[45.685],[1],3.4480760392231966,0.0038293778030330412,optimized
s062,55,3.9502,formation,formation,2,true,,2005.8022877428475,2.8457938078950087,2.0333,22.0,1.3320,84961,2005.802,"[2.4795, 2.8458]","[3.8035, 3.4481]",[45.685],[1],3.4480760392231966,0.00029902091887379356,optimized
s062,50,3.5910,formation,formation,2,true,,2099.2300428857334,3.532034205736317,2.1280,24.5,1.4852,84961,2099.23,"[3.5082, 3.532]","[3.8035, 3.4481]",[45.685],[1],3.4480760392231966,1.385118533758778e-9,optimized
s062,45,3.2319,formation,formation,2,true,,2127.43973309088,3.1000655905099213,2.1566,19.0,1.1485,84961,2127.44,"[3.7143, 3.1001]","[3.8035, 3.4481]",[45.685],[1],3.4480760392231966,0.008551195941085544,optimized
s062,40,2.8728,formation,formation,2,true,,2123.264119904092,2.8300374327752027,2.1523,18.3,1.1093,84961,2123.264,"[3.705, 2.83]","[3.8035, 3.4481]",[45.685],[1],3.4480760392231966,0.007169510356723429,optimized
s062,35,2.5137,formation,formation,2,true,,2129.5948109725377,2.5121467838427556,2.1587,19.1,1.1543,84961,2129.595,"[2.607, 2.5121]","[3.8035, 3.4481]",[45.685],[1],3.4480760392231966,0.0015891221572443825,optimized
s062,30,2.1546,formation,formation,2,false,recovery_failed,2129.8127121949315,2.496661138555833,,19.1,1.1557,84961,2129.813,"[2.6148, 2.4967]","[3.8035, 3.4481]",[45.685],[1],3.4480760392231966,-0.3420302195558329,recovery_failed
s063,100,5.0006,formation,formation,2,true,,1032.881284390085,4.092061635548739,1.1952,16.2,0.9813,328,1032.881,"[3.9916, 4.0921]","[4.0265, 3.7336]",[82.2876],[-1],3.733635969962005,0.009472674935574937,optimized
s063,95,4.7505,formation,formation,2,true,,1160.6804550223999,4.091449507632611,1.3431,17.4,1.0564,779,1160.68,"[3.012, 4.0914]","[2.9712, 3.5859]",[-36.6025],[1],3.5859020384380567,1.969802446155633e-9,optimized
s063,90,4.5005,formation,formation,2,true,,1115.5439108393473,4.322532462902094,1.2908,19.3,1.1707,63012,1115.544,"[2.8685, 4.3225]","[2.9712, 3.5859]",[-36.6025],[1],3.5859020384380567,1.8725409070552423e-10,optimized
s063,85,4.2505,formation,formation,2,true,,1115.2038973206315,3.853753754384615,1.2904,19.3,1.1724,63012,1115.204,"[2.4611, 3.8538]","[2.9712, 3.5859]",[-36.6025],[1],3.5859020384380567,4.203612812003765e-9,optimized
s063,80,4.0005,formation,formation,2,true,,1132.1723877253198,3.973910283917621,1.3101,18.9,1.1483,63012,1132.172,"[1.5866, 3.9739]","[2.9712, 3.5859]",[-36.6025],[1],3.5859020384380567,1.0338602793313889e-8,optimized
s063,75,3.7504,formation,formation,2,true,,1133.1848040244467,3.729416953110509,1.3112,18.8,1.1394,63012,1133.185,"[1.5446, 3.7294]","[2.9712, 3.5859]",[-36.6025],[1],3.5859020384380567,1.851531376481641e-8,optimized
s063,70,3.5004,formation,formation,2,true,,1147.2266801770097,3.3365398619233275,1.3275,18.8,1.1391,63012,1147.227,"[2.6913, 3.3365]","[2.9712, 3.5859]",[-36.6025],[1],3.5859020384380567,0.005726032525298786,optimized
s063,65,3.2504,formation,formation,2,true,,1144.7923892247507,3.2309692604284574,1.3247,19.1,1.1603,63012,1144.792,"[2.3499, 3.231]","[2.9712, 3.5859]",[-36.6025],[1],3.5859020384380567,0.004302376028886588,optimized
s063,60,3.0003,formation,formation,2,true,,1152.9246984840304,3.0003428522793234,1.3341,18.9,1.1471,63012,1152.925,"[1.9178, 3.0003]","[2.9712, 3.5859]",[-36.6025],[1],3.5859020384380567,2.972067658646438e-8,optimized
s063,55,2.7503,formation,formation,2,true,,1156.0830036410696,2.7503143423382186,1.3377,18.5,1.1205,63012,1156.083,"[1.4555, 2.7503]","[2.9712, 3.5859]",[-36.6025],[1],3.5859020384380567,4.9661781353904644e-8,optimized
s063,50,2.5003,formation,formation,2,true,,1171.5817743742693,2.4987613812921357,1.3557,16.9,1.0269,63012,1171.582,"[1.0838, 2.4988]","[2.9712, 3.5859]",[-36.6025],[1],3.5859020384380567,0.001524520707864685,optimized
s063,45,2.2503,formation,formation,2,false,recovery_failed,1174.9376371395153,2.361377596714287,,17.4,1.0567,63012,1174.938,"[0.836, 2.3614]","[2.9712, 3.5859]",[-36.6025],[1],3.5859020384380567,-0.11112018471428664,recovery_failed
s063,40,2.0002,formation,formation,2,false,not_run_after_fail,,,,0.0,,,,,,,,,,
s063,35,1.7502,formation,formation,2,false,not_run_after_fail,,,,0.0,,,,,,,,,,
s063,30,1.5002,formation,formation,2,false,not_run_after_fail,,,,0.0,,,,,,,,,,
s065,100,4.2830,formation,formation,2,true,,1144.2700134409495,4.27876201433022,1.4010,16.6,0.9991,544,1144.27,"[4.0368, 4.2788]","[4.2003, 3.8282]",[82.2876],[1],3.828176595512223,0.004223663669780109,optimized
s065,95,4.0688,formation,formation,2,false,recovery_failed,1385.9508121766642,4.379514657039192,,22.7,1.3602,74608,1385.951,"[0.9636, 4.3795]","[0.9731, 4.2827]",[82.2876],[1],4.2827026281807745,-0.31067821303919185,recovery_failed
s065,90,3.8547,formation,formation,2,false,not_run_after_fail,,,,0.0,,,,,,,,,,
s065,85,3.6405,formation,formation,2,false,not_run_after_fail,,,,0.0,,,,,,,,,,
s065,80,3.4264,formation,formation,2,false,not_run_after_fail,,,,0.0,,,,,,,,,,
s065,75,3.2122,formation,formation,2,false,not_run_after_fail,,,,0.0,,,,,,,,,,
s065,70,2.9981,formation,formation,2,false,not_run_after_fail,,,,0.0,,,,,,,,,,
s065,65,2.7839,formation,formation,2,false,not_run_after_fail,,,,0.0,,,,,,,,,,
s065,60,2.5698,formation,formation,2,false,not_run_after_fail,,,,0.0,,,,,,,,,,
s065,55,2.3556,formation,formation,2,false,not_run_after_fail,,,,0.0,,,,,,,,,,
s065,50,2.1415,formation,formation,2,false,not_run_after_fail,,,,0.0,,,,,,,,,,
s065,45,1.9273,formation,formation,2,false,not_run_after_fail,,,,0.0,,,,,,,,,,
s065,40,1.7132,formation,formation,2,false,not_run_after_fail,,,,0.0,,,,,,,,,,
s065,35,1.4990,formation,formation,2,false,not_run_after_fail,,,,0.0,,,,,,,,,,
s065,30,1.2849,formation,formation,2,false,not_run_after_fail,,,,0.0,,,,,,,,,,
s066,100,5.4014,formation,formation,2,true,,763.7011967926059,3.6442358393670413,1.1857,16.0,1.0027,51,763.701,"[3.3636, 3.6442]","[3.6578, 3.3133]",[82.2876],[-1],3.3133222432221654,0.007693293259660394,optimized
s066,95,5.1314,formation,formation,2,true,,870.5989468137907,3.6778119810782397,1.3517,16.3,1.0213,120,870.599,"[3.3916, 3.6778]","[3.6364, 3.2907]",[82.2876],[-1],3.2906548806850835,0.010340961701410698,optimized
s066,90,4.8613,formation,formation,2,true,,870.5984637413251,3.6777915995162247,1.3517,16.3,1.0170,120,870.598,"[3.3916, 3.6778]","[3.6364, 3.2907]",[82.2876],[-1],3.2906548806850835,0.010340955237327407,optimized
s066,85,4.5912,formation,formation,2,true,,1053.653190354659,3.4045084668858894,1.6359,17.4,1.0868,59296,1053.653,"[3.2064, 3.4045]","[3.6904, 4.1141]",[-36.6025],[-1],4.114052173003535,0.00884304932410791,optimized
s066,80,4.3212,formation,formation,2,true,,1031.251690952492,4.321136276641933,1.6011,18.0,1.1231,59296,1031.252,"[3.2056, 4.3211]","[3.6904, 4.1141]",[-36.6025],[-1],4.114052173003535,2.466835806735901e-5,optimized
s066,75,4.0511,formation,formation,2,true,,1055.476798349304,3.4011753581049127,1.6387,17.3,1.0792,59296,1055.477,"[3.2013, 3.4012]","[3.6904, 4.1141]",[-36.6025],[-1],4.114052173003535,0.010246015595732747,optimized
s066,70,3.7810,formation,formation,2,true,,1019.0396496449795,3.6056293069459255,1.5822,17.8,1.1111,59296,1019.04,"[3.1556, 3.6056]","[3.6904, 4.1141]",[-36.6025],[-1],4.114052173003535,1.163617915217463e-8,optimized
s066,65,3.5109,formation,formation,2,true,,1011.2147998944381,3.4111176139043753,1.5700,18.2,1.1383,59296,1011.215,"[3.1544, 3.4111]","[3.6904, 4.1141]",[-36.6025],[-1],4.114052173003535,6.882791771592456e-8,optimized
s066,60,3.2409,formation,formation,2,true,,1003.6586533104482,3.2309964260007833,1.5583,18.6,1.1614,59296,1003.659,"[2.9977, 3.231]","[3.6904, 4.1141]",[-36.6025],[-1],4.114052173003535,1.8980969435089534e-9,optimized
s066,55,2.9708,formation,formation,2,false,recovery_failed,1032.1104253463513,3.1498606287762727,,16.5,1.0331,59296,1032.11,"[3.3655, 3.1499]","[3.6904, 4.1141]",[-36.6025],[-1],4.114052173003535,-7.37902545690707,recovery_failed
s066,50,2.7007,formation,formation,2,false,not_run_after_fail,,,,0.0,,,,,,,,,,
s066,45,2.4307,formation,formation,2,false,not_run_after_fail,,,,0.0,,,,,,,,,,
s066,40,2.1606,formation,formation,2,false,not_run_after_fail,,,,0.0,,,,,,,,,,
s066,35,1.8905,formation,formation,2,false,not_run_after_fail,,,,0.0,,,,,,,,,,
s066,30,1.6204,formation,formation,2,false,not_run_after_fail,,,,0.0,,,,,,,,,,
s067,100,8.0003,formation,formation,2,true,,834.3233817820167,6.410324750468002,1.0254,17.6,1.0774,111,834.323,"[4.9873, 6.4103]","[6.0579, 6.8308]",[0.0],[1],6.830777541684396,0.00010016345993335563,optimized
s067,95,7.6003,formation,formation,2,true,,1537.5357703512116,7.549898196654871,1.8897,17.1,1.0427,63268,1537.536,"[6.8975, 7.5499]","[7.0988, 7.2916]",[0.0],[1],7.291585035290827,0.009832280501871262,optimized
s067,90,7.2003,formation,formation,2,true,,1528.4037161359377,7.020343430454028,1.8785,19.4,1.1832,63268,1528.404,"[6.7161, 7.0203]","[7.0988, 7.2916]",[0.0],[1],7.291585035290827,0.010825238688290866,optimized
s067,85,6.8003,formation,formation,2,true,,1519.663030427959,6.635224710271155,1.8678,19.2,1.1718,63268,1519.663,"[6.6536, 6.6352]","[7.0988, 7.2916]",[0.0],[1],7.291585035290827,0.010583352217923395,optimized
s067,80,6.4003,formation,formation,2,true,,1515.6099295000765,6.352022970067067,1.8628,18.8,1.1471,63268,1515.61,"[6.5346, 6.352]","[7.0988, 7.2916]",[0.0],[1],7.291585035290827,0.010297962459326774,optimized
s067,75,6.0002,formation,formation,2,true,,1516.3600059915182,5.99804919304175,1.8637,18.8,1.1506,63268,1516.36,"[6.2652, 5.998]","[7.0988, 7.2916]",[0.0],[1],7.291585035290827,0.002198015958250643,optimized
s067,70,5.6002,formation,formation,2,false,recovery_failed,1518.1386836004622,5.826698243189049,,18.7,1.1434,63268,1518.139,"[6.1401, 5.8267]","[7.0988, 7.2916]",[0.0],[1],7.291585035290827,-0.22646744818904896,recovery_failed
s067,65,5.2002,formation,formation,2,false,not_run_after_fail,,,,0.0,,,,,,,,,,
s067,60,4.8002,formation,formation,2,false,not_run_after_fail,,,,0.0,,,,,,,,,,
s067,55,4.4002,formation,formation,2,false,not_run_after_fail,,,,0.0,,,,,,,,,,
s067,50,4.0002,formation,formation,2,false,not_run_after_fail,,,,0.0,,,,,,,,,,
s067,45,3.6001,formation,formation,2,false,not_run_after_fail,,,,0.0,,,,,,,,,,
s067,40,3.2001,formation,formation,2,false,not_run_after_fail,,,,0.0,,,,,,,,,,
s067,35,2.8001,formation,formation,2,false,not_run_after_fail,,,,0.0,,,,,,,,,,
s067,30,2.4001,formation,formation,2,false,not_run_after_fail,,,,0.0,,,,,,,,,,
s068,100,5.2697,formation,formation,2,true,,936.5810431386095,3.81392867292497,1.1752,16.0,0.9757,264,936.581,"[3.4076, 3.8139]","[3.4699, 3.0801]",[82.2876],[1],3.0801103811649297,0.010635569063857573,optimized
s068,95,5.0062,formation,formation,2,true,,1037.4741632272362,3.7043243232017438,1.3018,16.5,1.0102,48956,1037.474,"[3.3211, 3.7043]","[3.4696, 3.0798]",[82.2876],[1],3.079832639887815,0.011232308647068872,optimized
s068,90,4.7427,formation,formation,2,true,,1037.4741565433567,3.7043144547748543,1.3018,16.6,1.0138,48956,1037.474,"[3.3211, 3.7043]","[3.4696, 3.0798]",[82.2876],[1],3.079832639887815,0.011232308236254995,optimized
s068,85,4.4793,formation,formation,2,true,,1037.4741459310414,3.704300005012431,1.3018,16.7,1.0192,48956,1037.474,"[3.3211, 3.7043]","[3.4696, 3.0798]",[82.2876],[1],3.079832639887815,0.01123230827678245,optimized
s068,80,4.2158,formation,formation,2,true,,1037.4741262830157,3.704276627638102,1.3018,16.7,1.0222,48956,1037.474,"[3.321, 3.7043]","[3.4696, 3.0798]",[82.2876],[1],3.079832639887815,0.011232308342796855,optimized
s068,75,3.9523,formation,formation,2,true,,1037.474075036535,3.7042309843868817,1.3018,16.8,1.0240,48956,1037.474,"[3.321, 3.7042]","[3.4696, 3.0798]",[82.2876],[1],3.079832639887815,0.011232306914093132,optimized
s068,70,3.6888,formation,formation,2,false,recovery_failed,1037.469021055616,3.703408081816851,,16.5,1.0068,48956,1037.469,"[3.3201, 3.7034]","[3.4696, 3.0798]",[82.2876],[1],3.079832639887815,-0.014601636816851116,recovery_failed
s068,65,3.4253,formation,formation,2,false,not_run_after_fail,,,,0.0,,,,,,,,,,
s068,60,3.1618,formation,formation,2,false,not_run_after_fail,,,,0.0,,,,,,,,,,
s068,55,2.8983,formation,formation,2,false,not_run_after_fail,,,,0.0,,,,,,,,,,
s068,50,2.6349,formation,formation,2,false,not_run_after_fail,,,,0.0,,,,,,,,,,
s068,45,2.3714,formation,formation,2,false,not_run_after_fail,,,,0.0,,,,,,,,,,
s068,40,2.1079,formation,formation,2,false,not_run_after_fail,,,,0.0,,,,,,,,,,
s068,35,1.8444,formation,formation,2,false,not_run_after_fail,,,,0.0,,,,,,,,,,
s068,30,1.5809,formation,formation,2,false,not_run_after_fail,,,,0.0,,,,,,,,,,
s069,100,5.3760,formation,formation,2,false,recovery_failed,1033.6572640360894,3.887051841371839,,16.9,1.0139,288,1033.657,"[3.4896, 3.8871]","[3.1858, 2.8461]",[82.2876],[1],2.8461376809227055,-9.685364443665973,recovery_failed
s069,95,5.1072,formation,formation,2,false,not_run_after_fail,,,,0.0,,,,,,,,,,
s069,90,4.8384,formation,formation,2,false,not_run_after_fail,,,,0.0,,,,,,,,,,
s069,85,4.5696,formation,formation,2,false,not_run_after_fail,,,,0.0,,,,,,,,,,
s069,80,4.3008,formation,formation,2,false,not_run_after_fail,,,,0.0,,,,,,,,,,
s069,75,4.0320,formation,formation,2,false,not_run_after_fail,,,,0.0,,,,,,,,,,
s069,70,3.7632,formation,formation,2,false,not_run_after_fail,,,,0.0,,,,,,,,,,
s069,65,3.4944,formation,formation,2,false,not_run_after_fail,,,,0.0,,,,,,,,,,
s069,60,3.2256,formation,formation,2,false,not_run_after_fail,,,,0.0,,,,,,,,,,
s069,55,2.9568,formation,formation,2,false,not_run_after_fail,,,,0.0,,,,,,,,,,
s069,50,2.6880,formation,formation,2,false,not_run_after_fail,,,,0.0,,,,,,,,,,
s069,45,2.4192,formation,formation,2,false,not_run_after_fail,,,,0.0,,,,,,,,,,
s069,40,2.1504,formation,formation,2,false,not_run_after_fail,,,,0.0,,,,,,,,,,
s069,35,1.8816,formation,formation,2,false,not_run_after_fail,,,,0.0,,,,,,,,,,
s069,30,1.6128,formation,formation,2,false,not_run_after_fail,,,,0.0,,,,,,,,,,
s070,100,8.4915,formation,formation,2,true,,1218.896813438128,5.4102108252538335,1.2652,19.5,1.1481,3620,1218.897,"[5.1303, 5.4102]","[6.5843, 7.033]",[-36.6025],[-1],7.033026820629456,5.145624397406845e-8,optimized
s070,95,8.0670,formation,formation,2,true,,1328.513382172176,5.2456077996549455,1.3790,21.4,1.2611,91970,1328.513,"[5.2754, 5.2456]","[6.5843, 7.033]",[-36.6025],[-1],7.033026817302036,4.2149369140764836e-8,optimized
s070,90,7.6424,formation,formation,2,true,,1421.3120465521308,6.418458314198535,1.4753,19.7,1.1587,91970,1421.312,"[6.1107, 6.4185]","[6.5843, 7.033]",[-36.6025],[-1],7.033026817302036,1.4932895510411104e-8,optimized
s070,85,7.2178,formation,formation,2,true,,1329.5064899942806,5.013159748036134,1.3800,21.4,1.2597,91970,1329.506,"[5.0636, 5.0132]","[6.5843, 7.033]",[-36.6025],[-1],7.033026817302036,3.2285497952172504e-8,optimized
s070,80,6.7932,formation,formation,2,true,,1346.348490909228,5.156517894309716,1.3975,20.7,1.2198,91970,1346.348,"[5.175, 5.1565]","[6.5843, 7.033]",[-36.6025],[-1],7.033026817302036,6.1975437218309e-7,optimized
s070,75,6.3687,formation,formation,2,true,,1379.7381255061412,5.694121416829984,1.4322,25.5,1.4988,91970,1379.738,"[5.5154, 5.6941]","[6.5843, 7.033]",[-36.6025],[-1],7.033026817302036,1.7737011148710735e-7,optimized
s070,70,5.9441,formation,formation,2,false,recovery_failed,1448.495451134414,5.948255197085901,,18.1,1.0642,91970,1448.495,"[6.4836, 5.9483]","[6.5843, 7.033]",[-36.6025],[-1],7.033026817302036,-0.004177847085901298,recovery_failed
s070,65,5.5195,formation,formation,2,false,not_run_after_fail,,,,0.0,,,,,,,,,,
s070,60,5.0949,formation,formation,2,false,not_run_after_fail,,,,0.0,,,,,,,,,,
s070,55,4.6703,formation,formation,2,false,not_run_after_fail,,,,0.0,,,,,,,,,,
s070,50,4.2458,formation,formation,2,false,not_run_after_fail,,,,0.0,,,,,,,,,,
s070,45,3.8212,formation,formation,2,false,not_run_after_fail,,,,0.0,,,,,,,,,,
s070,40,3.3966,formation,formation,2,false,not_run_after_fail,,,,0.0,,,,,,,,,,
s070,35,2.9720,formation,formation,2,false,not_run_after_fail,,,,0.0,,,,,,,,,,
s070,30,2.5475,formation,formation,2,false,not_run_after_fail,,,,0.0,,,,,,,,,,
s071,100,4.5053,formation,formation,2,true,,853.6263941314348,4.023774285112435,0.9636,16.7,1.0229,191,853.626,"[3.2142, 4.0238]","[3.4596, 3.9031]",[-36.6025],[-1],3.90310889376975,3.1941099071230994e-11,optimized
s071,95,4.2801,formation,formation,2,true,,1343.9706443788907,4.219041375252723,1.5171,18.2,1.1180,73131,1343.971,"[4.0538, 4.219]","[4.4759, 4.3863]",[82.2876],[-1],4.386280137267029,0.011769258679572056,optimized
s071,90,4.0548,formation,formation,2,false,recovery_failed,1339.6252623786072,4.106349207172078,,18.0,1.1054,73131,1339.625,"[4.0298, 4.1063]","[4.4759, 4.3863]",[82.2876],[-1],4.386280137267029,-0.0515636411720779,recovery_failed
s071,85,3.8295,formation,formation,2,false,not_run_after_fail,,,,0.0,,,,,,,,,,
s071,80,3.6043,formation,formation,2,false,not_run_after_fail,,,,0.0,,,,,,,,,,
s071,75,3.3790,formation,formation,2,false,not_run_after_fail,,,,0.0,,,,,,,,,,
s071,70,3.1537,formation,formation,2,false,not_run_after_fail,,,,0.0,,,,,,,,,,
s071,65,2.9285,formation,formation,2,false,not_run_after_fail,,,,0.0,,,,,,,,,,
s071,60,2.7032,formation,formation,2,false,not_run_after_fail,,,,0.0,,,,,,,,,,
s071,55,2.4779,formation,formation,2,false,not_run_after_fail,,,,0.0,,,,,,,,,,
s071,50,2.2527,formation,formation,2,false,not_run_after_fail,,,,0.0,,,,,,,,,,
s071,45,2.0274,formation,formation,2,false,not_run_after_fail,,,,0.0,,,,,,,,,,
s071,40,1.8021,formation,formation,2,false,not_run_after_fail,,,,0.0,,,,,,,,,,
s071,35,1.5769,formation,formation,2,false,not_run_after_fail,,,,0.0,,,,,,,,,,
s071,30,1.3516,formation,formation,2,false,not_run_after_fail,,,,0.0,,,,,,,,,,
s072,100,9.9498,formation,formation,2,true,,869.957800227426,6.84077293637384,1.0611,16.6,1.0027,51,869.958,"[6.3484, 6.8408]","[5.9885, 5.6883]",[82.2876],[-1],5.688290146935182,0.01063814221013017,optimized
s072,95,9.4523,formation,formation,2,true,,958.1826332301831,6.147578234324692,1.1687,16.9,1.0232,117,958.183,"[5.5411, 6.1476]","[5.6415, 5.2888]",[82.2876],[-1],5.288800514734347,0.004291373813014785,optimized
s072,90,8.9549,formation,formation,2,true,,959.9508858347222,6.150401708355297,1.1709,16.8,1.0196,117,959.951,"[5.4984, 6.1504]","[5.6415, 5.2888]",[82.2876],[-1],5.288800514734347,0.004290861250970713,optimized
s072,85,8.4574,formation,formation,2,true,,958.1822750301128,6.147502919235782,1.1687,16.8,1.0183,117,958.182,"[5.5411, 6.1475]","[5.6415, 5.2888]",[82.2876],[-1],5.288800514734347,0.004291512144632758,optimized
s072,80,7.9599,formation,formation,2,true,,958.182023372766,6.147436279302755,1.1687,16.8,1.0170,117,958.182,"[5.541, 6.1474]","[5.6415, 5.2888]",[82.2876],[-1],5.288800514734347,0.00429155757669061,optimized
s072,75,7.4624,formation,formation,2,true,,958.1815831797605,6.147319793299501,1.1687,16.8,1.0188,117,958.182,"[5.5409, 6.1473]","[5.6415, 5.2888]",[82.2876],[-1],5.288800514734347,0.00429163727794829,optimized
s072,70,6.9649,formation,formation,2,true,,958.1806176821862,6.147062078508739,1.1687,16.8,1.0184,117,958.181,"[5.5407, 6.1471]","[5.6415, 5.2888]",[82.2876],[-1],5.288800514734347,0.004291813049406207,optimized
s072,65,6.4674,formation,formation,2,true,,1074.2772773600416,4.398069902709773,1.3103,17.1,1.0335,266,1074.277,"[4.0477, 4.3981]","[4.1546, 3.7523]",[82.2876],[-1],3.7523287618803844,2.7845145114862135e-5,optimized
s072,60,5.9699,formation,formation,2,true,,1074.2746776954557,4.39791626474035,1.3103,17.1,1.0364,266,1074.275,"[4.0477, 4.3979]","[4.1546, 3.7523]",[82.2876],[-1],3.7523287618803844,0.00022115779023831783,optimized
s072,55,5.4724,formation,formation,2,true,,1074.2696133752609,4.397625940076056,1.3103,17.1,1.0365,266,1074.27,"[4.0475, 4.3976]","[4.1546, 3.7523]",[82.2876],[-1],3.7523287618803844,3.6129073660285937e-6,optimized
s072,50,4.9749,formation,formation,2,true,,1030.723872878148,3.652279034443635,1.2572,16.3,0.9870,310,1030.724,"[3.6322, 3.6523]","[3.7079, 3.3708]",[82.2876],[1],3.370755948564136,0.009840648352725693,optimized
s072,45,4.4774,formation,formation,2,true,,1108.0395172209164,3.7979876228517875,1.3515,19.1,1.1594,143619,1108.04,"[3.6457, 3.798]","[3.7033, 3.3659]",[82.2876],[1],3.365886963380208,0.009840734025717049,optimized
s072,40,3.9799,formation,formation,2,true,,1108.039512926707,3.7978976915538634,1.3515,19.2,1.1638,143619,1108.04,"[3.6457, 3.7979]","[3.7033, 3.3659]",[82.2876],[1],3.365886963380208,0.009840735711795707,optimized
s072,35,3.4824,formation,formation,2,false,recovery_failed,1108.0374509431863,3.778653906265186,,19.1,1.1535,143619,1108.037,"[3.6283, 3.7787]","[3.7033, 3.3659]",[82.2876],[1],3.365886963380208,-0.29620922926518567,recovery_failed
s072,30,2.9850,formation,formation,2,false,not_run_after_fail,,,,0.0,,,,,,,,,,
s073,100,7.1039,formation,formation,2,true,,658.9679425856342,5.331312436767361,1.0960,15.8,0.9852,21,658.968,"[2.7136, 5.3313]","[2.8861, 4.8685]",[82.2876],[1],4.868457542618581,0.009559410485769283,optimized
s073,95,6.7487,formation,formation,2,true,,750.3675352725938,5.506988757660095,1.2480,15.8,0.9844,57,750.368,"[5.5688, 5.507]","[5.3602, 4.8227]",[82.2876],[1],4.82274251422151,0.011438407777503814,optimized
s073,90,6.3935,formation,formation,2,true,,863.8555516111169,6.315924791227731,1.4367,17.1,1.0687,42961,863.856,"[3.9707, 6.3159]","[5.5354, 5.9248]",[-36.6025],[1],5.924757288972703,1.3426399736865546e-6,optimized
s073,85,6.0383,formation,formation,2,true,,909.7064860003101,6.038307994837512,1.5130,17.2,1.0731,42961,909.706,"[4.1292, 6.0383]","[5.5354, 5.9248]",[-36.6025],[1],5.924757288972703,3.3716248815096606e-7,optimized
s073,80,5.6831,formation,formation,2,true,,1004.6784009891101,5.019889688801616,1.6709,17.9,1.1177,42961,1004.678,"[4.9605, 5.0199]","[5.5354, 5.9248]",[-36.6025],[1],5.924757288972703,5.492169757176368e-9,optimized
s073,75,5.3279,formation,formation,2,true,,1004.498502908705,4.8277939525431055,1.6706,17.9,1.1186,42961,1004.499,"[4.8419, 4.8278]","[5.5354, 5.9248]",[-36.6025],[1],5.924757288972703,4.714394249982767e-9,optimized
s073,70,4.9727,formation,formation,2,true,,1042.5079930081404,4.829061755522236,1.7339,16.4,1.0220,42961,1042.508,"[4.7153, 4.8291]","[5.5354, 5.9248]",[-36.6025],[1],5.924757288972703,0.009062524029323796,optimized
s073,65,4.6175,formation,formation,2,false,recovery_failed,1042.2903508557197,4.827028796465669,,16.5,1.0305,42961,1042.29,"[4.7177, 4.827]","[5.5354, 5.9248]",[-36.6025],[1],5.924757288972703,-0.2094986594656687,recovery_failed
s073,60,4.2623,formation,formation,2,false,not_run_after_fail,,,,0.0,,,,,,,,,,
s073,55,3.9071,formation,formation,2,false,not_run_after_fail,,,,0.0,,,,,,,,,,
s073,50,3.5519,formation,formation,2,false,not_run_after_fail,,,,0.0,,,,,,,,,,
s073,45,3.1968,formation,formation,2,false,not_run_after_fail,,,,0.0,,,,,,,,,,
s073,40,2.8416,formation,formation,2,false,not_run_after_fail,,,,0.0,,,,,,,,,,
s073,35,2.4864,formation,formation,2,false,not_run_after_fail,,,,0.0,,,,,,,,,,
s073,30,2.1312,formation,formation,2,false,not_run_after_fail,,,,0.0,,,,,,,,,,
s074,100,7.5233,formation,formation,2,true,,915.8767451489778,6.363616196706409,1.0303,18.5,1.1012,273,915.877,"[5.1267, 6.3636]","[6.3171, 5.9761]",[82.2876],[1],5.9760635193616105,1.2597463183716684e-8,optimized
s074,95,7.1471,formation,formation,2,false,recovery_failed,1506.983209718195,8.059109546507901,,18.3,1.0899,111181,1506.983,"[5.7977, 8.0591]","[5.8565, 7.4199]",[82.2876],[-1],7.419944781384619,-0.912014221507901,recovery_failed
s074,90,6.7709,formation,formation,2,false,not_run_after_fail,,,,0.0,,,,,,,,,,
s074,85,6.3948,formation,formation,2,false,not_run_after_fail,,,,0.0,,,,,,,,,,
s074,80,6.0186,formation,formation,2,false,not_run_after_fail,,,,0.0,,,,,,,,,,
s074,75,5.6424,formation,formation,2,false,not_run_after_fail,,,,0.0,,,,,,,,,,
s074,70,5.2663,formation,formation,2,false,not_run_after_fail,,,,0.0,,,,,,,,,,
s074,65,4.8901,formation,formation,2,false,not_run_after_fail,,,,0.0,,,,,,,,,,
s074,60,4.5140,formation,formation,2,false,not_run_after_fail,,,,0.0,,,,,,,,,,
s074,55,4.1378,formation,formation,2,false,not_run_after_fail,,,,0.0,,,,,,,,,,
s074,50,3.7616,formation,formation,2,false,not_run_after_fail,,,,0.0,,,,,,,,,,
s074,45,3.3855,formation,formation,2,false,not_run_after_fail,,,,0.0,,,,,,,,,,
s074,40,3.0093,formation,formation,2,false,not_run_after_fail,,,,0.0,,,,,,,,,,
s074,35,2.6331,formation,formation,2,false,not_run_after_fail,,,,0.0,,,,,,,,,,
s074,30,2.2570,formation,formation,2,false,not_run_after_fail,,,,0.0,,,,,,,,,,
s075,100,6.1825,formation,formation,2,true,,763.6579201718735,4.152106192120095,1.0825,16.0,0.9989,36,763.658,"[3.9387, 4.1521]","[4.0834, 3.7126]",[82.2876],[-1],3.712572391995412,0.007704537898139786,optimized
s075,95,5.8733,formation,formation,2,true,,871.9403067707315,4.408687918094701,1.2360,16.4,1.0225,88,871.94,"[4.1152, 4.4087]","[4.0672, 3.6865]",[82.2876],[-1],3.6864965360571436,0.010777623005718377,optimized
s075,90,5.5642,formation,formation,2,true,,871.9400695976146,4.408673965307355,1.2360,16.3,1.0144,88,871.94,"[4.1152, 4.4087]","[4.0672, 3.6865]",[82.2876],[-1],3.6864965360571436,0.01077760564408458,optimized
s075,85,5.2551,formation,formation,2,true,,871.9396884054712,4.408651147118837,1.2360,16.3,1.0199,88,871.94,"[4.1151, 4.4087]","[4.0672, 3.6865]",[82.2876],[-1],3.6864965360571436,0.010777577828985804,optimized
s075,80,4.9460,formation,formation,2,true,,1154.0588870197605,4.374515578384482,1.6359,16.6,1.0378,37055,1154.059,"[4.0293, 4.3745]","[4.067, 3.6862]",[82.2876],[-1],3.6862000467709684,0.010637129926647382,optimized
s075,75,4.6368,formation,formation,2,true,,1154.0558465552272,4.374392034019711,1.6359,16.5,1.0305,37055,1154.056,"[4.0292, 4.3744]","[4.067, 3.6862]",[82.2876],[-1],3.6862000467709684,0.010637143905955533,optimized
s075,70,4.3277,formation,formation,2,true,,1151.1229066761891,4.224965321796201,1.6318,21.5,1.3386,37055,1151.123,"[3.9245, 4.225]","[4.067, 3.6862]",[82.2876],[-1],3.6862000467709684,0.010566134800768413,optimized
s075,65,4.0186,formation,formation,2,true,,1145.5279762512027,3.9944606043619415,1.6238,17.2,1.0714,37055,1145.528,"[3.7622, 3.9945]","[4.067, 3.6862]",[82.2876],[-1],3.6862000467709684,0.010589453637542687,optimized
s075,60,3.7095,formation,formation,2,false,recovery_failed,1139.1280498716815,3.818931155755193,,17.1,1.0661,37055,1139.128,"[3.6351, 3.8189]","[4.067, 3.6862]",[82.2876],[-1],3.6862000467709684,-0.10945966375519278,recovery_failed
s075,55,3.4003,formation,formation,2,false,not_run_after_fail,,,,0.0,,,,,,,,,,
s075,50,3.0912,formation,formation,2,false,not_run_after_fail,,,,0.0,,,,,,,,,,
s075,45,2.7821,formation,formation,2,false,not_run_after_fail,,,,0.0,,,,,,,,,,
s075,40,2.4730,formation,formation,2,false,not_run_after_fail,,,,0.0,,,,,,,,,,
s075,35,2.1639,formation,formation,2,false,not_run_after_fail,,,,0.0,,,,,,,,,,
s075,30,1.8547,formation,formation,2,false,not_run_after_fail,,,,0.0,,,,,,,,,,
s076,100,6.3017,formation,formation,2,true,,882.8061821658009,4.049792155352913,1.2461,16.4,1.0028,231,882.806,"[3.2809, 4.0498]","[3.2856, 4.5379]",[-36.6025],[1],4.537889747916922,0.008963039192920897,optimized
s076,95,5.9866,formation,formation,2,false,recovery_failed,1148.1850279797673,4.964245620169758,,20.3,1.2413,54983,1148.185,"[4.5848, 4.9642]","[6.1806, 5.7353]",[45.685],[-1],5.735250646537278,-0.000551918513688715,recovery_failed
s076,90,5.6715,formation,formation,2,false,not_run_after_fail,,,,0.0,,,,,,,,,,
s076,85,5.3564,formation,formation,2,false,not_run_after_fail,,,,0.0,,,,,,,,,,
s076,80,5.0413,formation,formation,2,false,not_run_after_fail,,,,0.0,,,,,,,,,,
s076,75,4.7263,formation,formation,2,false,not_run_after_fail,,,,0.0,,,,,,,,,,
s076,70,4.4112,formation,formation,2,false,not_run_after_fail,,,,0.0,,,,,,,,,,
s076,65,4.0961,formation,formation,2,false,not_run_after_fail,,,,0.0,,,,,,,,,,
s076,60,3.7810,formation,formation,2,false,not_run_after_fail,,,,0.0,,,,,,,,,,
s076,55,3.4659,formation,formation,2,false,not_run_after_fail,,,,0.0,,,,,,,,,,
s076,50,3.1508,formation,formation,2,false,not_run_after_fail,,,,0.0,,,,,,,,,,
s076,45,2.8358,formation,formation,2,false,not_run_after_fail,,,,0.0,,,,,,,,,,
s076,40,2.5207,formation,formation,2,false,not_run_after_fail,,,,0.0,,,,,,,,,,
s076,35,2.2056,formation,formation,2,false,not_run_after_fail,,,,0.0,,,,,,,,,,
s076,30,1.8905,formation,formation,2,false,not_run_after_fail,,,,0.0,,,,,,,,,,
s077,100,6.8317,formation,formation,2,true,,600.0021131036908,6.1314608429516895,1.0000,15.7,1.0013,7,600.002,"[6.0298, 6.1315]","[6.058, 6.0944]",[0.0],[1],6.0943526404118,0.01186484676981759,optimized
s077,95,6.4901,formation,formation,2,true,,617.1465825855978,6.485126640515024,1.0286,17.2,1.0967,52,617.147,"[2.929, 6.4851]","[3.7094, 3.7247]",[0.0],[1],3.7246842682969103,1.6336469415775823e-7,optimized
s077,90,6.1485,formation,formation,2,true,,616.6181448634889,6.148527976433434,1.0277,17.3,1.1035,52,616.618,"[2.9108, 6.1485]","[3.7094, 3.7247]",[0.0],[1],3.7246842682969103,1.4655665658835915e-6,optimized
s077,85,5.8069,formation,formation,2,true,,618.5646587424899,5.806944516847092,1.0309,17.3,1.1040,52,618.565,"[3.1877, 5.8069]","[3.7094, 3.7247]",[0.0],[1],3.7246842682969103,1.1152907930522815e-8,optimized
s077,80,5.4654,formation,formation,2,true,,618.8680015342812,5.465358144503438,1.0314,17.3,1.1038,52,618.868,"[2.9952, 5.4654]","[3.7094, 3.7247]",[0.0],[1],3.7246842682969103,1.4704965627387878e-6,optimized
s077,75,5.1238,formation,formation,2,false,recovery_failed,1246.0362483474387,4.991675979269975,,17.2,1.1016,678,1246.036,"[4.4014, 4.9917]","[4.383, 4.7205]",[-36.6025],[1],4.720533469384815,-0.02318853702204477,recovery_failed
s077,70,4.7822,formation,formation,2,false,not_run_after_fail,,,,0.0,,,,,,,,,,
s077,65,4.4406,formation,formation,2,false,not_run_after_fail,,,,0.0,,,,,,,,,,
s077,60,4.0990,formation,formation,2,false,not_run_after_fail,,,,0.0,,,,,,,,,,
s077,55,3.7574,formation,formation,2,false,not_run_after_fail,,,,0.0,,,,,,,,,,
s077,50,3.4158,formation,formation,2,false,not_run_after_fail,,,,0.0,,,,,,,,,,
s077,45,3.0743,formation,formation,2,false,not_run_after_fail,,,,0.0,,,,,,,,,,
s077,40,2.7327,formation,formation,2,false,not_run_after_fail,,,,0.0,,,,,,,,,,
s077,35,2.3911,formation,formation,2,false,not_run_after_fail,,,,0.0,,,,,,,,,,
s077,30,2.0495,formation,formation,2,false,not_run_after_fail,,,,0.0,,,,,,,,,,
s078,100,8.6390,formation,formation,2,true,,951.4478007661946,7.296435770336766,1.0984,16.4,0.9953,69,951.448,"[7.5578, 7.2964]","[7.6623, 7.3059]",[82.2876],[1],7.305878479311349,0.010140808054151112,optimized
s078,95,8.2071,formation,formation,2,true,,2185.7961438914854,7.724314529039742,2.5235,25.6,1.5535,96682,2185.796,"[7.4389, 7.7243]","[7.4394, 7.0613]",[82.2876],[1],7.061326442585288,0.010190421869707688,optimized
s078,90,7.7751,formation,formation,2,true,,2185.7918624837453,7.723939070780575,2.5235,18.8,1.1385,96682,2185.792,"[7.4386, 7.7239]","[7.4394, 7.0613]",[82.2876],[1],7.061326442585288,0.010190530204068597,optimized
s078,85,7.3432,formation,formation,2,true,,2183.485601478511,7.194051972596841,2.5208,38.7,2.3445,96682,2183.486,"[6.95, 7.1941]","[7.4394, 7.0613]",[82.2876],[1],7.061326442585288,0.008242400307834592,optimized
s078,80,6.9112,formation,formation,2,true,,2175.8902159173067,6.800651467724733,2.5120,39.3,2.3788,96682,2175.89,"[6.5999, 6.8007]","[7.4394, 7.0613]",[82.2876],[1],7.061326442585288,0.0078768392514123,optimized
s078,75,6.4793,formation,formation,2,true,,2167.680650305566,6.4440169087408465,2.5025,32.7,1.9797,96682,2167.681,"[6.2728, 6.444]","[7.4394, 7.0613]",[82.2876],[1],7.061326442585288,0.007339851854483045,optimized
s078,70,6.0473,formation,formation,2,false,recovery_failed,2164.290363483604,6.153815312966537,,23.9,1.4495,96682,2164.29,"[5.992, 6.1538]","[7.4394, 7.0613]",[82.2876],[1],7.061326442585288,-0.1065030999665364,recovery_failed
s078,65,5.6154,formation,formation,2,false,not_run_after_fail,,,,0.0,,,,,,,,,,
s078,60,5.1834,formation,formation,2,false,not_run_after_fail,,,,0.0,,,,,,,,,,
s078,55,4.7515,formation,formation,2,false,not_run_after_fail,,,,0.0,,,,,,,,,,
s078,50,4.3195,formation,formation,2,false,not_run_after_fail,,,,0.0,,,,,,,,,,
s078,45,3.8876,formation,formation,2,false,not_run_after_fail,,,,0.0,,,,,,,,,,
s078,40,3.4556,formation,formation,2,false,not_run_after_fail,,,,0.0,,,,,,,,,,
s078,35,3.0237,formation,formation,2,false,not_run_after_fail,,,,0.0,,,,,,,,,,
s078,30,2.5917,formation,formation,2,false,not_run_after_fail,,,,0.0,,,,,,,,,,
s079,100,6.3583,formation,formation,2,true,,1007.1771662865028,6.006728910837158,1.0080,19.1,1.1354,943,1007.177,"[4.2449, 6.0067]","[4.8579, 5.1677]",[-36.6025],[-1],5.167745809643034,2.4006388673252332e-5,optimized
s079,95,6.0404,formation,formation,2,true,,1095.0234872346325,6.028214087849239,1.0960,18.3,1.0921,1854,1095.023,"[3.9974, 6.0282]","[4.8233, 5.1345]",[-36.6025],[-1],5.1345493615565765,8.745820456734776e-10,optimized
s079,90,5.7225,formation,formation,2,true,,1094.3105258322669,5.703152701569221,1.0952,18.2,1.0819,1854,1094.311,"[4.1124, 5.7032]","[4.8233, 5.1345]",[-36.6025],[-1],5.1345493615565765,4.42024314373235e-9,optimized
s079,85,5.4046,formation,formation,2,true,,1051.7516701843342,5.276428220840126,1.0526,20.4,1.2171,125672,1051.752,"[4.217, 5.2764]","[4.8233, 5.1345]",[-36.6025],[-1],5.1345493615565765,3.8383235530782256e-6,optimized
s079,80,5.0867,formation,formation,2,true,,1234.5544840756597,4.873079130439497,1.2356,17.7,1.0528,125672,1234.554,"[4.7813, 4.8731]","[4.8233, 5.1345]",[-36.6025],[-1],5.1345493615565765,0.011336480504404927,optimized
s079,75,4.7687,formation,formation,2,false,recovery_failed,1235.3739112289998,4.792605995845848,,18.2,1.0845,125672,1235.374,"[4.6722, 4.7926]","[4.8233, 5.1345]",[-36.6025],[-1],5.1345493615565765,-0.02385882184584709,recovery_failed
s079,70,4.4508,formation,formation,2,false,not_run_after_fail,,,,0.0,,,,,,,,,,
s079,65,4.1329,formation,formation,2,false,not_run_after_fail,,,,0.0,,,,,,,,,,
s079,60,3.8150,formation,formation,2,false,not_run_after_fail,,,,0.0,,,,,,,,,,
s079,55,3.4971,formation,formation,2,false,not_run_after_fail,,,,0.0,,,,,,,,,,
s079,50,3.1792,formation,formation,2,false,not_run_after_fail,,,,0.0,,,,,,,,,,
s079,45,2.8612,formation,formation,2,false,not_run_after_fail,,,,0.0,,,,,,,,,,
s079,40,2.5433,formation,formation,2,false,not_run_after_fail,,,,0.0,,,,,,,,,,
s079,35,2.2254,formation,formation,2,false,not_run_after_fail,,,,0.0,,,,,,,,,,
s079,30,1.9075,formation,formation,2,false,not_run_after_fail,,,,0.0,,,,,,,,,,
s080,100,7.5598,formation,formation,2,true,,1025.542935898357,6.622378261584559,1.2062,16.5,0.9856,345,1025.543,"[6.27, 6.6224]","[6.5551, 6.2324]",[82.2876],[1],6.232392157794125,0.006952290341527223,optimized
s080,95,7.1818,formation,formation,2,false,recovery_failed,1362.4103341909322,7.168778443844993,,20.1,1.1966,95383,1362.41,"[7.1616, 7.1688]","[7.6063, 7.2131]",[82.2876],[-1],7.213079657213104,-0.0013896826456739342,recovery_failed
s080,90,6.8038,formation,formation,2,false,not_run_after_fail,,,,0.0,,,,,,,,,,
s080,85,6.4258,formation,formation,2,false,not_run_after_fail,,,,0.0,,,,,,,,,,
s080,80,6.0478,formation,formation,2,false,not_run_after_fail,,,,0.0,,,,,,,,,,
s080,75,5.6699,formation,formation,2,false,not_run_after_fail,,,,0.0,,,,,,,,,,
s080,70,5.2919,formation,formation,2,false,not_run_after_fail,,,,0.0,,,,,,,,,,
s080,65,4.9139,formation,formation,2,false,not_run_after_fail,,,,0.0,,,,,,,,,,
s080,60,4.5359,formation,formation,2,false,not_run_after_fail,,,,0.0,,,,,,,,,,
s080,55,4.1579,formation,formation,2,false,not_run_after_fail,,,,0.0,,,,,,,,,,
s080,50,3.7799,formation,formation,2,false,not_run_after_fail,,,,0.0,,,,,,,,,,
s080,45,3.4019,formation,formation,2,false,not_run_after_fail,,,,0.0,,,,,,,,,,
s080,40,3.0239,formation,formation,2,false,not_run_after_fail,,,,0.0,,,,,,,,,,
s080,35,2.6459,formation,formation,2,false,not_run_after_fail,,,,0.0,,,,,,,,,,
s080,30,2.2679,formation,formation,2,false,not_run_after_fail,,,,0.0,,,,,,,,,,
s081,100,4.4359,formation,formation,2,true,,851.4442489024469,3.1507549884625536,1.1082,16.3,1.0017,67,851.444,"[3.1485, 3.1508]","[3.2281, 2.8741]",[82.2876],[1],2.8740802617513737,0.010140800722242379,optimized
s081,95,4.2141,formation,formation,2,true,,1056.6847367687212,3.1516940198398427,1.3754,16.8,1.0345,64466,1056.685,"[3.1487, 3.1517]","[3.2224, 2.8677]",[82.2876],[1],2.8676805220140857,0.011459011265577435,optimized
s081,90,3.9923,formation,formation,2,true,,1056.6847367806647,3.1516793138877075,1.3754,16.9,1.0371,64466,1056.685,"[3.1487, 3.1517]","[3.2224, 2.8677]",[82.2876],[1],2.8676805220140857,0.011459011352416273,optimized
s081,85,3.7705,formation,formation,2,true,,1056.6847367984506,3.1516555382192446,1.3754,16.7,1.0251,64466,1056.685,"[3.1487, 3.1517]","[3.2224, 2.8677]",[82.2876],[1],2.8676805220140857,0.011459011006096314,optimized
s081,80,3.5487,formation,formation,2,true,,1056.6847368295878,3.1516104929926243,1.3754,16.7,1.0262,64466,1056.685,"[3.1486, 3.1516]","[3.2224, 2.8677]",[82.2876],[1],2.8676805220140857,0.011459010134310893,optimized
s081,75,3.3269,formation,formation,2,true,,1056.6847369413306,3.151492210058903,1.3754,16.7,1.0278,64466,1056.685,"[3.1485, 3.1515]","[3.2224, 2.8677]",[82.2876],[1],2.8676805220140857,0.011459009149715536,optimized
s081,70,3.1051,formation,formation,2,true,,1059.7481988739914,3.054835911716133,1.3793,16.8,1.0335,64466,1059.748,"[3.0489, 3.0548]","[3.2224, 2.8677]",[82.2876],[1],2.8676805220140857,0.010981904654062681,optimized
s081,65,2.8833,formation,formation,2,false,recovery_failed,1059.252019510035,3.1271019553409323,,16.7,1.0249,64466,1059.252,"[3.0994, 3.1271]","[3.2224, 2.8677]",[82.2876],[1],2.8676805220140857,-0.2437830413409321,recovery_failed
s081,60,2.6615,formation,formation,2,false,not_run_after_fail,,,,0.0,,,,,,,,,,
s081,55,2.4397,formation,formation,2,false,not_run_after_fail,,,,0.0,,,,,,,,,,
s081,50,2.2179,formation,formation,2,false,not_run_after_fail,,,,0.0,,,,,,,,,,
s081,45,1.9961,formation,formation,2,false,not_run_after_fail,,,,0.0,,,,,,,,,,
s081,40,1.7743,formation,formation,2,false,not_run_after_fail,,,,0.0,,,,,,,,,,
s081,35,1.5526,formation,formation,2,false,not_run_after_fail,,,,0.0,,,,,,,,,,
s081,30,1.3308,formation,formation,2,false,not_run_after_fail,,,,0.0,,,,,,,,,,
s082,100,4.4694,formation,formation,2,true,,851.4442178194619,3.268095551727286,1.0586,15.9,0.9730,28,851.444,"[3.2103, 3.2681]","[3.2444, 2.9445]",[82.2876],[-1],2.9444919756192003,0.01014080143968643,optimized
s082,95,4.2459,formation,formation,2,true,,1404.3082184210236,3.200395637180866,1.7460,16.8,1.0277,47799,1404.308,"[3.1892, 3.2004]","[3.2373, 2.9363]",[82.2876],[-1],2.9362748832389087,0.011032232551252644,optimized
s082,90,4.0225,formation,formation,2,true,,1404.3082184182863,3.20039496223425,1.7460,16.7,1.0267,47799,1404.308,"[3.1892, 3.2004]","[3.2373, 2.9363]",[82.2876],[-1],2.9362748832389087,0.011032232551334079,optimized
s082,85,3.7990,formation,formation,2,true,,1404.3082184141092,3.200393807653263,1.7460,16.8,1.0319,47799,1404.308,"[3.1892, 3.2004]","[3.2373, 2.9363]",[82.2876],[-1],2.9362748832389087,0.0110322325514598,optimized
s082,80,3.5755,formation,formation,2,true,,1404.3082184080927,3.2003913826971875,1.7460,16.8,1.0314,47799,1404.308,"[3.1892, 3.2004]","[3.2373, 2.9363]",[82.2876],[-1],2.9362748832389087,0.011032232551815593,optimized
s082,75,3.3521,formation,formation,2,true,,1404.3082184041127,3.2003831228136392,1.7460,16.7,1.0236,47799,1404.308,"[3.1892, 3.2004]","[3.2373, 2.9363]",[82.2876],[-1],2.9362748832389087,0.01103223255072699,optimized
s082,70,3.1286,formation,formation,2,false,recovery_failed,1407.251451494747,3.1911446426653582,,16.8,1.0310,47799,1407.251,"[3.1545, 3.1911]","[3.2373, 2.9363]",[82.2876],[-1],2.9362748832389087,-0.06255742166535816,recovery_failed
s082,65,2.9051,formation,formation,2,false,not_run_after_fail,,,,0.0,,,,,,,,,,
s082,60,2.6816,formation,formation,2,false,not_run_after_fail,,,,0.0,,,,,,,,,,
s082,55,2.4582,formation,formation,2,false,not_run_after_fail,,,,0.0,,,,,,,,,,
s082,50,2.2347,formation,formation,2,false,not_run_after_fail,,,,0.0,,,,,,,,,,
s082,45,2.0112,formation,formation,2,false,not_run_after_fail,,,,0.0,,,,,,,,,,
s082,40,1.7878,formation,formation,2,false,not_run_after_fail,,,,0.0,,,,,,,,,,
s082,35,1.5643,formation,formation,2,false,not_run_after_fail,,,,0.0,,,,,,,,,,
s082,30,1.3408,formation,formation,2,false,not_run_after_fail,,,,0.0,,,,,,,,,,
s083,100,8.0366,formation,formation,2,true,,1056.0137851941088,6.804602160629157,1.1293,16.9,1.0144,208,1056.014,"[6.8914, 6.8046]","[6.7526, 6.4059]",[82.2876],[-1],6.405891701370909,0.011381626817202546,optimized
s083,95,7.6347,formation,formation,2,true,,1131.8556996378404,6.758434884228703,1.2104,16.4,0.9892,523,1131.856,"[6.7975, 6.7584]","[6.7349, 6.3896]",[82.2876],[-1],6.389646022354301,0.009840945468548022,optimized
s083,90,7.2329,formation,formation,2,true,,1176.7903493317049,6.521461213065606,1.2584,20.5,1.2328,98539,1176.79,"[5.2446, 6.5215]","[6.3506, 6.0794]",[45.685],[1],6.079438286340677,3.0966970342161115e-9,optimized
s083,85,6.8311,formation,formation,2,true,,1151.9717307585202,5.6120113864840135,1.2319,21.1,1.2678,98539,1151.972,"[5.2085, 5.612]","[6.3506, 6.0794]",[45.685],[1],6.079438286340677,1.74013470299883e-10,optimized
s083,80,6.4292,formation,formation,2,true,,1277.404566902988,6.4292407637191715,1.3660,21.7,1.3023,98539,1277.405,"[5.4127, 6.4292]","[6.3506, 6.0794]",[45.685],[1],6.079438286340677,2.492808288678816e-7,optimized
s083,75,6.0274,formation,formation,2,true,,1339.8667491274894,5.861512953933427,1.4328,22.7,1.3646,98539,1339.867,"[6.4098, 5.8615]","[6.3506, 6.0794]",[45.685],[1],6.079438286340677,5.171852990315529e-7,optimized
s083,70,5.6256,formation,formation,2,true,,1348.8444952756563,5.615782974964599,1.4424,22.2,1.3373,98539,1348.844,"[6.479, 5.6158]","[6.3506, 6.0794]",[45.685],[1],6.079438286340677,1.4987285794632044e-6,optimized
s083,65,5.2238,formation,formation,2,false,recovery_failed,1364.5657663639897,5.454280047402457,,18.0,1.0816,98539,1364.566,"[6.6562, 5.4543]","[6.3506, 6.0794]",[45.685],[1],6.079438286340677,-0.2305215364024571,recovery_failed
s083,60,4.8219,formation,formation,2,false,not_run_after_fail,,,,0.0,,,,,,,,,,
s083,55,4.4201,formation,formation,2,false,not_run_after_fail,,,,0.0,,,,,,,,,,
s083,50,4.0183,formation,formation,2,false,not_run_after_fail,,,,0.0,,,,,,,,,,
s083,45,3.6164,formation,formation,2,false,not_run_after_fail,,,,0.0,,,,,,,,,,
s083,40,3.2146,formation,formation,2,false,not_run_after_fail,,,,0.0,,,,,,,,,,
s083,35,2.8128,formation,formation,2,false,not_run_after_fail,,,,0.0,,,,,,,,,,
s083,30,2.4110,formation,formation,2,false,not_run_after_fail,,,,0.0,,,,,,,,,,
s084,100,3.9145,formation,formation,2,true,,751.4374387931123,3.0644099738963346,1.2159,15.7,0.9755,52,751.437,"[2.4432, 3.0644]","[2.5209, 2.7535]",[82.2876],[-1],2.7535225627691093,0.010140800354336513,optimized
s084,95,3.7188,formation,formation,2,true,,1375.565544266803,2.7109359138393154,2.2257,16.2,1.0090,46547,1375.566,"[2.7064, 2.7109]","[2.8207, 3.5306]",[-36.6025],[-1],3.530555040381888,0.009817052204429825,optimized
s084,90,3.5230,formation,formation,2,true,,1374.954496158604,2.722735796018609,2.2247,16.1,1.0046,46547,1374.954,"[2.7183, 2.7227]","[2.8207, 3.5306]",[-36.6025],[-1],3.530555040381888,0.010054584813004561,optimized
s084,85,3.3273,formation,formation,2,true,,1372.8722155872779,2.7540571846211095,2.2214,16.1,1.0008,46547,1372.872,"[2.7497, 2.7541]","[2.8207, 3.5306]",[-36.6025],[-1],3.530555040381888,0.010913741175678487,optimized
s084,80,3.1316,formation,formation,2,true,,1372.6075343093396,2.7575933901483904,2.2209,17.0,1.0572,46547,1372.608,"[2.7533, 2.7576]","[2.8207, 3.5306]",[-36.6025],[-1],3.530555040381888,0.011011031057102424,optimized
s084,75,2.9359,formation,formation,2,true,,1371.8566901306233,2.7591673973362036,2.2197,16.4,1.0190,46547,1371.857,"[2.7549, 2.7592]","[2.8207, 3.5306]",[-36.6025],[-1],3.530555040381888,0.010893553175509595,optimized
s084,70,2.7401,formation,formation,2,false,recovery_failed,1371.799178334295,2.759351681622871,,16.5,1.0279,46547,1371.799,"[2.7551, 2.7594]","[2.8207, 3.5306]",[-36.6025],[-1],3.530555040381888,-0.019209069622871056,recovery_failed
s084,65,2.5444,formation,formation,2,false,not_run_after_fail,,,,0.0,,,,,,,,,,
s084,60,2.3487,formation,formation,2,false,not_run_after_fail,,,,0.0,,,,,,,,,,
s084,55,2.1530,formation,formation,2,false,not_run_after_fail,,,,0.0,,,,,,,,,,
s084,50,1.9572,formation,formation,2,false,not_run_after_fail,,,,0.0,,,,,,,,,,
s084,45,1.7615,formation,formation,2,false,not_run_after_fail,,,,0.0,,,,,,,,,,
s084,40,1.5658,formation,formation,2,false,not_run_after_fail,,,,0.0,,,,,,,,,,
s084,35,1.3701,formation,formation,2,false,not_run_after_fail,,,,0.0,,,,,,,,,,
s084,30,1.1743,formation,formation,2,false,not_run_after_fail,,,,0.0,,,,,,,,,,
s085,100,8.8450,formation,formation,2,true,,1029.4411676595169,8.346840453101033,1.0716,16.6,1.0012,157,1029.441,"[8.4756, 8.3468]","[8.6667, 8.3057]",[82.2876],[-1],8.30573283210346,0.009841666968858494,optimized
s085,95,8.4027,formation,formation,2,true,,1267.7380900047876,6.464948443937719,1.3197,21.3,1.2825,2550,1267.738,"[7.2265, 6.4649]","[7.3314, 7.6873]",[-36.6025],[1],7.687275031199556,8.531972071068594e-7,optimized
s085,90,7.9605,formation,formation,2,true,,1267.9333695969308,6.4618898529301605,1.3199,21.4,1.2905,2550,1267.933,"[7.2262, 6.4619]","[7.3314, 7.6873]",[-36.6025],[1],7.687275031199556,3.9459855868950733e-10,optimized
s085,85,7.5182,formation,formation,2,true,,1460.9824547662122,7.244111242583935,1.5209,20.1,1.2121,60257,1460.982,"[7.1759, 7.2441]","[7.6028, 7.9008]",[-36.6025],[1],7.900816575174322,0.00010074343208543723,optimized
s085,80,7.0760,formation,formation,2,true,,1467.3606821431015,6.929471307640301,1.5275,18.0,1.0845,60257,1467.361,"[7.4185, 6.9295]","[7.6028, 7.9008]",[-36.6025],[1],7.900816575174322,0.008240227468699814,optimized
s085,75,6.6337,formation,formation,2,true,,1456.7469035201887,6.45502420188482,1.5165,21.5,1.2936,60257,1456.747,"[7.3239, 6.455]","[7.6028, 7.9008]",[-36.6025],[1],7.900816575174322,2.487142864993075e-7,optimized
s085,70,6.1915,formation,formation,2,true,,1457.293593680282,6.176904733261312,1.5170,18.0,1.0848,60257,1457.294,"[6.2138, 6.1769]","[7.6028, 7.9008]",[-36.6025],[1],7.900816575174322,0.004819780210931299,optimized
s085,65,5.7492,formation,formation,2,false,recovery_failed,1468.5504324741653,6.801095261146859,,17.1,1.0286,60257,1468.55,"[7.2303, 6.8011]","[7.6028, 7.9008]",[-36.6025],[1],7.900816575174322,-1.0518538991468587,recovery_failed
s085,60,5.3070,formation,formation,2,false,not_run_after_fail,,,,0.0,,,,,,,,,,
s085,55,4.8647,formation,formation,2,false,not_run_after_fail,,,,0.0,,,,,,,,,,
s085,50,4.4225,formation,formation,2,false,not_run_after_fail,,,,0.0,,,,,,,,,,
s085,45,3.9802,formation,formation,2,false,not_run_after_fail,,,,0.0,,,,,,,,,,
s085,40,3.5380,formation,formation,2,false,not_run_after_fail,,,,0.0,,,,,,,,,,
s085,35,3.0957,formation,formation,2,false,not_run_after_fail,,,,0.0,,,,,,,,,,
s085,30,2.6535,formation,formation,2,false,not_run_after_fail,,,,0.0,,,,,,,,,,
s086,100,4.8442,formation,formation,2,true,,864.5427124400098,3.9063801712691544,1.1381,18.7,1.1480,56,864.543,"[1.539, 3.9064]","[1.8413, 4.8422]",[82.2876],[-1],4.842169392179859,0.00017226315031743794,optimized
s086,95,4.6020,formation,formation,2,true,,952.254699006744,4.009696090778704,1.2536,16.9,1.0367,136,952.255,"[3.2828, 4.0097]","[3.4832, 3.124]",[82.2876],[-1],3.123992625117936,0.0005091194455310727,optimized
s086,90,4.3597,formation,formation,2,true,,1533.887201102724,3.9057414827656243,2.0193,21.9,1.3444,86777,1533.887,"[3.3543, 3.9057]","[3.483, 3.1238]",[82.2876],[-1],3.1238044885214973,0.00010460910500999926,optimized
s086,85,4.1175,formation,formation,2,false,recovery_failed,1533.9542532612847,3.879455994290485,,21.1,1.2988,86777,1533.954,"[3.3384, 3.8795]","[3.483, 3.1238]",[82.2876],[-1],3.1238044885214973,-0.0004855986221913612,recovery_failed
s086,80,3.8753,formation,formation,2,false,not_run_after_fail,,,,0.0,,,,,,,,,,
s086,75,3.6331,formation,formation,2,false,not_run_after_fail,,,,0.0,,,,,,,,,,
s086,70,3.3909,formation,formation,2,false,not_run_after_fail,,,,0.0,,,,,,,,,,
s086,65,3.1487,formation,formation,2,false,not_run_after_fail,,,,0.0,,,,,,,,,,
s086,60,2.9065,formation,formation,2,false,not_run_after_fail,,,,0.0,,,,,,,,,,
s086,55,2.6643,formation,formation,2,false,not_run_after_fail,,,,0.0,,,,,,,,,,
s086,50,2.4221,formation,formation,2,false,not_run_after_fail,,,,0.0,,,,,,,,,,
s086,45,2.1799,formation,formation,2,false,not_run_after_fail,,,,0.0,,,,,,,,,,
s086,40,1.9377,formation,formation,2,false,not_run_after_fail,,,,0.0,,,,,,,,,,
s086,35,1.6955,formation,formation,2,false,not_run_after_fail,,,,0.0,,,,,,,,,,
s086,30,1.4532,formation,formation,2,false,not_run_after_fail,,,,0.0,,,,,,,,,,
s087,100,5.1797,formation,formation,2,true,,1031.2880013091083,3.1960099497749455,1.1567,16.5,1.0002,284,1031.288,"[3.0078, 3.196]","[3.1817, 2.777]",[82.2876],[-1],2.777043670351957,0.010861548403360998,optimized
s087,95,4.9207,formation,formation,2,false,recovery_failed,1335.9217591207828,4.135346405653411,,17.4,1.0510,64720,1335.922,"[2.9517, 4.1353]","[4.7743, 3.9917]",[82.2876],[1],3.9916863739282626,-18.630890700804226,recovery_failed
s087,90,4.6617,formation,formation,2,false,not_run_after_fail,,,,0.0,,,,,,,,,,
s087,85,4.4028,formation,formation,2,false,not_run_after_fail,,,,0.0,,,,,,,,,,
s087,80,4.1438,formation,formation,2,false,not_run_after_fail,,,,0.0,,,,,,,,,,
s087,75,3.8848,formation,formation,2,false,not_run_after_fail,,,,0.0,,,,,,,,,,
s087,70,3.6258,formation,formation,2,false,not_run_after_fail,,,,0.0,,,,,,,,,,
s087,65,3.3668,formation,formation,2,false,not_run_after_fail,,,,0.0,,,,,,,,,,
s087,60,3.1078,formation,formation,2,false,not_run_after_fail,,,,0.0,,,,,,,,,,
s087,55,2.8488,formation,formation,2,false,not_run_after_fail,,,,0.0,,,,,,,,,,
s087,50,2.5899,formation,formation,2,false,not_run_after_fail,,,,0.0,,,,,,,,,,
s087,45,2.3309,formation,formation,2,false,not_run_after_fail,,,,0.0,,,,,,,,,,
s087,40,2.0719,formation,formation,2,false,not_run_after_fail,,,,0.0,,,,,,,,,,
s087,35,1.8129,formation,formation,2,false,not_run_after_fail,,,,0.0,,,,,,,,,,
s087,30,1.5539,formation,formation,2,false,not_run_after_fail,,,,0.0,,,,,,,,,,
s088,100,7.9362,formation,formation,2,true,,823.8830041459969,5.501741343349479,1.0299,16.7,1.0138,9,823.883,"[5.1216, 5.5017]","[5.5175, 5.2811]",[82.2876],[-1],5.281085883488712,0.012877293321385737,optimized
s088,95,7.5394,formation,formation,2,true,,889.8961126809168,4.779500251212165,1.1124,17.2,1.0419,16,889.896,"[3.8597, 4.7795]","[4.4182, 3.988]",[82.2876],[-1],3.9879875449994486,0.006469201505041277,optimized
s088,90,7.1426,formation,formation,2,true,,889.8922791640271,4.779301311912359,1.1124,17.2,1.0388,16,889.892,"[3.8596, 4.7793]","[4.4182, 3.988]",[82.2876],[-1],3.9879875449994486,0.006472454085469929,optimized
s088,85,6.7458,formation,formation,2,true,,889.5768425261497,4.7666330154925545,1.1120,17.3,1.0461,16,889.577,"[3.8594, 4.7666]","[4.4182, 3.988]",[82.2876],[-1],3.9879875449994486,0.006485688472885515,optimized
s088,80,6.3490,formation,formation,2,true,,889.5680473025071,4.766127435855491,1.1120,17.3,1.0452,16,889.568,"[3.8591, 4.7661]","[4.4182, 3.988]",[82.2876],[-1],3.9879875449994486,0.006490482580794547,optimized
s088,75,5.9522,formation,formation,2,true,,961.1491991464072,4.314934371841418,1.2014,17.8,1.0772,310,961.149,"[1.3248, 4.3149]","[2.8658, 3.5393]",[-36.6025],[-1],3.539274262541528,2.0246709733522494e-5,optimized
s088,70,5.5554,formation,formation,2,true,,960.9309464989973,4.235957211241912,1.2012,17.9,1.0813,310,960.931,"[1.3455, 4.236]","[2.8658, 3.5393]",[-36.6025],[-1],3.539274262541528,3.482796794822661e-6,optimized
s088,65,5.1585,formation,formation,2,true,,984.2142826297082,1.8977249967026955,1.2303,17.5,1.0581,310,984.214,"[1.5978, 1.8977]","[2.8658, 3.5393]",[-36.6025],[-1],3.539274262541528,1.9576601744120126e-6,optimized
s088,60,4.7617,formation,formation,2,true,,1031.420015784495,2.3942002148261823,1.2893,17.2,1.0387,310,1031.42,"[2.0921, 2.3942]","[2.8658, 3.5393]",[-36.6025],[-1],3.539274262541528,9.218690720513845e-9,optimized
s088,55,4.3649,formation,formation,2,true,,986.4458955405671,1.8636221588100337,1.2331,17.2,1.0426,310,986.446,"[1.6251, 1.8636]","[2.8658, 3.5393]",[-36.6025],[-1],3.539274262541528,0.012567674697059253,optimized
s088,50,3.9681,formation,formation,2,false,recovery_failed,1323.3114896155948,3.9797696527932467,,17.9,1.0836,99171,1323.311,"[3.6385, 3.9798]","[3.7533, 3.4011]",[82.2876],[-1],3.4010802031938825,-0.011653597793246373,recovery_failed
s088,45,3.5713,formation,formation,2,false,not_run_after_fail,,,,0.0,,,,,,,,,,
s088,40,3.1745,formation,formation,2,false,not_run_after_fail,,,,0.0,,,,,,,,,,
s088,35,2.7777,formation,formation,2,false,not_run_after_fail,,,,0.0,,,,,,,,,,
s088,30,2.3809,formation,formation,2,false,not_run_after_fail,,,,0.0,,,,,,,,,,
s089,100,4.2956,formation,formation,2,true,,874.893724330342,3.6026152131183933,1.1684,16.2,1.0051,97,874.894,"[3.2627, 3.6026]","[3.1652, 2.7933]",[82.2876],[-1],2.7932898553250087,0.010196439193990532,optimized
s089,95,4.0808,formation,formation,2,true,,1123.312995160371,3.3306153911139127,1.5001,18.5,1.1510,32219,1123.313,"[3.2686, 3.3306]","[3.1522, 3.6455]",[-36.6025],[-1],3.6455453491592658,0.00792299082141584,optimized
s089,90,3.8660,formation,formation,2,true,,1127.935597536937,3.312422755195537,1.5063,18.0,1.1208,32219,1127.936,"[3.2511, 3.3124]","[3.1522, 3.6455]",[-36.6025],[-1],3.6455453491592658,0.009251411704808265,optimized
s089,85,3.6512,formation,formation,2,true,,1126.4519786995884,3.298471369044222,1.5043,18.2,1.1342,32219,1126.452,"[3.2378, 3.2985]","[3.1522, 3.6455]",[-36.6025],[-1],3.6455453491592658,0.009489623045049677,optimized
s089,80,3.4365,formation,formation,2,true,,1135.8956408757947,3.3230908273170954,1.5169,17.4,1.0827,32219,1135.896,"[3.261, 3.3231]","[3.1522, 3.6455]",[-36.6025],[-1],3.6455453491592658,0.012140680366035252,optimized
s089,75,3.2217,formation,formation,2,true,,1112.9341697702607,3.1548147400235274,1.4863,16.5,1.0229,32219,1112.934,"[3.1907, 3.1548]","[3.1522, 3.6455]",[-36.6025],[-1],3.6455453491592658,0.009721872709405624,optimized
s089,70,3.0069,formation,formation,2,true,,1103.5846635274434,2.8620573717562134,1.4738,18.6,1.1584,32219,1103.585,"[3.2766, 2.8621]","[3.1522, 3.6455]",[-36.6025],[-1],3.6455453491592658,7.471730896213558e-7,optimized
s089,65,2.7921,formation,formation,2,true,,1109.1026600083264,2.792121160587281,1.4812,16.7,1.0373,32219,1109.103,"[3.2438, 2.7921]","[3.1522, 3.6455]",[-36.6025],[-1],3.6455453491592658,8.941271900653192e-8,optimized
s089,60,2.5773,formation,formation,2,false,recovery_failed,1109.1273033943464,2.64468704053034,,16.3,1.0150,32219,1109.127,"[2.6689, 2.6447]","[3.1522, 3.6455]",[-36.6025],[-1],3.6455453491592658,-0.0673442705303402,recovery_failed
s089,55,2.3626,formation,formation,2,false,not_run_after_fail,,,,0.0,,,,,,,,,,
s089,50,2.1478,formation,formation,2,false,not_run_after_fail,,,,0.0,,,,,,,,,,
s089,45,1.9330,formation,formation,2,false,not_run_after_fail,,,,0.0,,,,,,,,,,
s089,40,1.7182,formation,formation,2,false,not_run_after_fail,,,,0.0,,,,,,,,,,
s089,35,1.5034,formation,formation,2,false,not_run_after_fail,,,,0.0,,,,,,,,,,
s089,30,1.2887,formation,formation,2,false,not_run_after_fail,,,,0.0,,,,,,,,,,
s090,100,7.6967,formation,formation,2,true,,784.1502173690775,7.088943482721426,1.0530,17.9,1.1162,79,784.15,"[3.0474, 7.0889]","[4.0595, 5.3672]",[45.685],[1],5.367230564735,0.003696002328901219,optimized
s090,95,7.3119,formation,formation,2,true,,891.5663131202673,6.370630123707767,1.1972,18.3,1.1386,138,891.566,"[4.9459, 6.3706]","[4.9883, 4.7508]",[45.685],[1],4.750786458377678,0.0005970684472523906,optimized
s090,90,6.9270,formation,formation,2,true,,891.1664421034875,6.327615809716684,1.1967,18.2,1.1352,138,891.166,"[4.9034, 6.3276]","[4.9883, 4.7508]",[45.685],[1],4.750786458377678,0.0005814317754555508,optimized
s090,85,6.5422,formation,formation,2,true,,919.75661545945,4.616952298624049,1.2351,16.8,1.0473,142,919.757,"[4.4879, 4.617]","[5.4261, 4.6439]",[45.685],[1],4.643893194021435,0.0025486229676284847,optimized
s090,80,6.1574,formation,formation,2,true,,919.7324215030606,4.698181178047809,1.2350,16.8,1.0458,142,919.732,"[4.5944, 4.6982]","[5.4261, 4.6439]",[45.685],[1],4.643893194021435,3.05929617948307e-5,optimized
s090,75,5.7725,formation,formation,2,true,,975.1596559692036,5.684600477494369,1.3095,19.1,1.1918,301,975.16,"[5.6825, 5.6846]","[6.1321, 5.4737]",[45.685],[1],5.473699294265394,5.040450437410887e-6,optimized
s090,70,5.3877,formation,formation,2,true,,2289.9537283697364,5.295214645305183,3.0750,21.8,1.3608,83610,2289.954,"[5.1352, 5.2952]","[5.3158, 5.1065]",[82.2876],[-1],5.106477584964836,0.009630275365988008,optimized
s090,65,5.0029,formation,formation,2,true,,2266.6203028139485,4.780180550504721,3.0437,39.0,2.4337,83610,2266.62,"[4.8395, 4.7802]","[5.3158, 5.1065]",[82.2876],[-1],5.106477584964836,0.010478433519093588,optimized
s090,60,4.6180,formation,formation,2,true,,2265.5467592946566,4.618019796386612,3.0422,20.8,1.2965,83610,2265.547,"[4.7746, 4.618]","[5.3158, 5.1065]",[82.2876],[-1],5.106477584964836,2.686133884211017e-7,optimized
s090,55,4.2332,formation,formation,2,false,recovery_failed,2266.10505657951,4.473934644898125,,19.8,1.2344,83610,2266.105,"[4.6701, 4.4739]","[5.3158, 5.1065]",[82.2876],[-1],5.106477584964836,-0.24074950189812494,recovery_failed
s090,50,3.8483,formation,formation,2,false,not_run_after_fail,,,,0.0,,,,,,,,,,
s090,45,3.4635,formation,formation,2,false,not_run_after_fail,,,,0.0,,,,,,,,,,
s090,40,3.0787,formation,formation,2,false,not_run_after_fail,,,,0.0,,,,,,,,,,
s090,35,2.6938,formation,formation,2,false,not_run_after_fail,,,,0.0,,,,,,,,,,
s090,30,2.3090,formation,formation,2,false,not_run_after_fail,,,,0.0,,,,,,,,,,
s091,100,4.9210,formation,formation,2,true,,763.9817926229168,2.9132969916523894,1.0611,16.3,1.0039,20,763.982,"[2.8099, 2.9133]","[3.0077, 2.6901]",[82.2876],[1],2.69006606546032,0.008803164088529696,optimized
s091,95,4.6750,formation,formation,2,true,,836.6561101003949,3.1900747654237978,1.1620,16.1,0.9876,49,836.656,"[2.757, 3.1901]","[2.9716, 2.6475]",[82.2876],[1],2.6475137695166477,0.006860648740197619,optimized
s091,90,4.4289,formation,formation,2,true,,836.6561058559287,3.190074481889089,1.1620,16.0,0.9853,49,836.656,"[2.757, 3.1901]","[2.9716, 2.6475]",[82.2876],[1],2.6475137695166477,0.006860650993987433,optimized
s091,85,4.1829,formation,formation,2,true,,836.6560997317753,3.190074071442709,1.1620,16.1,0.9900,49,836.656,"[2.757, 3.1901]","[2.9716, 2.6475]",[82.2876],[1],2.6475137695166477,0.00686065424139367,optimized
s091,80,3.9368,formation,formation,2,true,,836.6560901483,3.1900734256612817,1.1620,16.0,0.9862,49,836.656,"[2.757, 3.1901]","[2.9716, 2.6475]",[82.2876],[1],2.6475137695166477,0.006860659333411009,optimized
s091,75,3.6908,formation,formation,2,false,recovery_failed,1400.3138939719347,3.958733482968345,,17.4,1.0678,87583,1400.314,"[4.1493, 3.9587]","[3.7451, 3.3582]",[82.2876],[1],3.358233063248087,-0.26795133296834495,recovery_failed
s091,70,3.4447,formation,formation,2,false,not_run_after_fail,,,,0.0,,,,,,,,,,
s091,65,3.1987,formation,formation,2,false,not_run_after_fail,,,,0.0,,,,,,,,,,
s091,60,2.9526,formation,formation,2,false,not_run_after_fail,,,,0.0,,,,,,,,,,
s091,55,2.7066,formation,formation,2,false,not_run_after_fail,,,,0.0,,,,,,,,,,
s091,50,2.4605,formation,formation,2,false,not_run_after_fail,,,,0.0,,,,,,,,,,
s091,45,2.2145,formation,formation,2,false,not_run_after_fail,,,,0.0,,,,,,,,,,
s091,40,1.9684,formation,formation,2,false,not_run_after_fail,,,,0.0,,,,,,,,,,
s091,35,1.7224,formation,formation,2,false,not_run_after_fail,,,,0.0,,,,,,,,,,
s091,30,1.4763,formation,formation,2,false,not_run_after_fail,,,,0.0,,,,,,,,,,
s092,100,8.6306,formation,formation,2,true,,930.1253207603868,6.577531109264336,1.0391,17.9,1.0878,545,930.125,"[6.1901, 6.5775]","[7.4965, 8.0091]",[-36.6025],[1],8.009147969171678,4.059399096037822e-5,optimized
s092,95,8.1991,formation,formation,2,false,recovery_failed,1270.0724134119328,8.121541995268476,,18.4,1.1221,71980,1270.072,"[7.4757, 8.1215]","[8.161, 7.9511]",[45.685],[-1],7.951073905841584,-9.362916547941756,recovery_failed
s092,90,7.7676,formation,formation,2,false,not_run_after_fail,,,,0.0,,,,,,,,,,
s092,85,7.3360,formation,formation,2,false,not_run_after_fail,,,,0.0,,,,,,,,,,
s092,80,6.9045,formation,formation,2,false,not_run_after_fail,,,,0.0,,,,,,,,,,
s092,75,6.4730,formation,formation,2,false,not_run_after_fail,,,,0.0,,,,,,,,,,
s092,70,6.0414,formation,formation,2,false,not_run_after_fail,,,,0.0,,,,,,,,,,
s092,65,5.6099,formation,formation,2,false,not_run_after_fail,,,,0.0,,,,,,,,,,
s092,60,5.1784,formation,formation,2,false,not_run_after_fail,,,,0.0,,,,,,,,,,
s092,55,4.7468,formation,formation,2,false,not_run_after_fail,,,,0.0,,,,,,,,,,
s092,50,4.3153,formation,formation,2,false,not_run_after_fail,,,,0.0,,,,,,,,,,
s092,45,3.8838,formation,formation,2,false,not_run_after_fail,,,,0.0,,,,,,,,,,
s092,40,3.4522,formation,formation,2,false,not_run_after_fail,,,,0.0,,,,,,,,,,
s092,35,3.0207,formation,formation,2,false,not_run_after_fail,,,,0.0,,,,,,,,,,
s092,30,2.5892,formation,formation,2,false,not_run_after_fail,,,,0.0,,,,,,,,,,
s093,100,8.2246,formation,formation,2,true,,980.8953616469514,7.6034832602348,1.2177,16.4,0.9972,174,980.895,"[7.3788, 7.6035]","[7.3989, 7.7418]",[-36.6025],[-1],7.741842304475459,0.0030490315751597885,optimized
s093,95,7.8133,formation,formation,2,false,recovery_failed,1187.8123609203653,4.397059475082301,,17.1,1.0381,827,1187.812,"[3.8511, 4.3971]","[4.2569, 4.6082]",[-36.6025],[1],4.608188953831655,-10.72037523740842,recovery_failed
s093,90,7.4021,formation,formation,2,false,not_run_after_fail,,,,0.0,,,,,,,,,,
s093,85,6.9909,formation,formation,2,false,not_run_after_fail,,,,0.0,,,,,,,,,,
s093,80,6.5797,formation,formation,2,false,not_run_after_fail,,,,0.0,,,,,,,,,,
s093,75,6.1684,formation,formation,2,false,not_run_after_fail,,,,0.0,,,,,,,,,,
s093,70,5.7572,formation,formation,2,false,not_run_after_fail,,,,0.0,,,,,,,,,,
s093,65,5.3460,formation,formation,2,false,not_run_after_fail,,,,0.0,,,,,,,,,,
s093,60,4.9347,formation,formation,2,false,not_run_after_fail,,,,0.0,,,,,,,,,,
s093,55,4.5235,formation,formation,2,false,not_run_after_fail,,,,0.0,,,,,,,,,,
s093,50,4.1123,formation,formation,2,false,not_run_after_fail,,,,0.0,,,,,,,,,,
s093,45,3.7011,formation,formation,2,false,not_run_after_fail,,,,0.0,,,,,,,,,,
s093,40,3.2898,formation,formation,2,false,not_run_after_fail,,,,0.0,,,,,,,,,,
s093,35,2.8786,formation,formation,2,false,not_run_after_fail,,,,0.0,,,,,,,,,,
s093,30,2.4674,formation,formation,2,false,not_run_after_fail,,,,0.0,,,,,,,,,,
s094,100,10.9602,formation,formation,2,true,,960.7818264172724,6.95841092349073,1.1023,16.6,0.9930,54,960.782,"[6.1878, 6.9584]","[7.5432, 7.2082]",[82.2876],[1],7.208152263475906,0.009467996401921738,optimized
s094,95,10.4122,formation,formation,2,true,,1031.282615055914,5.164142318258917,1.1831,16.3,0.9735,104,1031.283,"[5.0814, 5.1641]","[5.1257, 4.8999]",[82.2876],[1],4.89992588405483,0.010436594681650603,optimized
s094,90,9.8642,formation,formation,2,true,,1031.282615061511,5.164142315803174,1.1831,16.3,0.9740,104,1031.283,"[5.0814, 5.1641]","[5.1257, 4.8999]",[82.2876],[1],4.89992588405483,0.010436594681181152,optimized
s094,85,9.3162,formation,formation,2,true,,1031.2826150687963,5.164142312677654,1.1831,16.2,0.9709,104,1031.283,"[5.0814, 5.1641]","[5.1257, 4.8999]",[82.2876],[1],4.89992588405483,0.010436594680293,optimized
s094,80,8.7682,formation,formation,2,true,,1031.282615077549,5.1641423088044665,1.1831,16.4,0.9806,104,1031.283,"[5.0814, 5.1641]","[5.1257, 4.8999]",[82.2876],[1],4.89992588405483,0.010436594679295154,optimized
s094,75,8.2202,formation,formation,2,true,,1031.2826150904916,5.164142303245527,1.1831,16.3,0.9720,104,1031.283,"[5.0814, 5.1641]","[5.1257, 4.8999]",[82.2876],[1],4.89992588405483,0.010436594678284063,optimized
s094,70,7.6722,formation,formation,2,true,,1031.2826151084132,5.164142295398489,1.1831,16.8,1.0040,104,1031.283,"[5.0814, 5.1641]","[5.1257, 4.8999]",[82.2876],[1],4.89992588405483,0.010436594676421152,optimized
s094,65,7.1241,formation,formation,2,true,,1031.2826151376516,5.164142283164353,1.1831,16.3,0.9759,104,1031.283,"[5.0814, 5.1641]","[5.1257, 4.8999]",[82.2876],[1],4.89992588405483,0.010436594673412672,optimized
s094,60,6.5761,formation,formation,2,true,,1132.426059668715,5.115296917229342,1.2992,16.5,0.9864,238,1132.426,"[5.0346, 5.1153]","[5.0774, 4.8273]",[82.2876],[1],4.827285283540109,0.009840954929520234,optimized
s094,55,6.0281,formation,formation,2,true,,1132.426059768567,5.115296747921655,1.2992,16.5,0.9893,238,1132.426,"[5.0346, 5.1153]","[5.0774, 4.8273]",[82.2876],[1],4.827285283540109,0.009840954895591598,optimized
s094,50,5.4801,formation,formation,2,true,,1323.0961832350567,4.307976190041716,1.5179,16.5,0.9894,1056,1323.096,"[3.9509, 4.308]","[3.8609, 3.4639]",[82.2876],[-1],3.463858554409219,0.008365424659259695,optimized
s094,45,4.9321,formation,formation,2,true,,1783.967878954043,3.886413366410444,2.0467,17.2,1.0292,69336,1783.968,"[3.9869, 3.8864]","[3.8609, 3.4639]",[82.2876],[-1],3.4638507009171273,0.010950544383187526,optimized
s094,40,4.3841,formation,formation,2,true,,1783.9678789543977,3.8863705984125634,2.0467,17.0,1.0143,69336,1783.968,"[3.9869, 3.8864]","[3.8609, 3.4639]",[82.2876],[-1],3.4638507009171273,0.010950544383151394,optimized
s094,35,3.8361,formation,formation,2,false,recovery_failed,1783.9678790077262,3.8852577795405554,,16.7,0.9980,69336,1783.968,"[3.9858, 3.8853]","[3.8609, 3.4639]",[82.2876],[-1],3.4638507009171273,-0.049180211540555074,recovery_failed
s094,30,3.2881,formation,formation,2,false,not_run_after_fail,,,,0.0,,,,,,,,,,
s095,100,9.8868,formation,formation,2,true,,856.5377157791836,4.306370218525927,1.0700,16.1,0.9652,45,856.538,"[3.3543, 4.3064]","[3.2845, 3.6198]",[82.2876],[-1],3.619793470579192,0.009657866547193429,optimized
s095,95,9.3925,formation,formation,2,true,,951.4477555586457,3.3974999035883,1.1886,16.6,0.9954,95,951.448,"[3.4113, 3.3975]","[3.4598, 3.0995]",[82.2876],[-1],3.0994690099890705,0.0101408095262986,optimized
s095,90,8.8981,formation,formation,2,true,,951.4477555582996,3.397499903255661,1.1886,16.6,0.9938,95,951.448,"[3.4113, 3.3975]","[3.4598, 3.0995]",[82.2876],[-1],3.0994690099890705,0.010140809526176377,optimized
s095,85,8.4038,formation,formation,2,true,,951.4477555584497,3.397499902848346,1.1886,16.6,0.9933,95,951.448,"[3.4113, 3.3975]","[3.4598, 3.0995]",[82.2876],[-1],3.0994690099890705,0.010140809525990032,optimized
s095,80,7.9094,formation,formation,2,true,,951.4477555600479,3.3974999023561536,1.1886,16.6,0.9987,95,951.448,"[3.4113, 3.3975]","[3.4598, 3.0995]",[82.2876],[-1],3.0994690099890705,0.01014080952545723,optimized
s095,75,7.4151,formation,formation,2,true,,951.4477555608657,3.3974999017423686,1.1886,16.8,1.0055,95,951.448,"[3.4113, 3.3975]","[3.4598, 3.0995]",[82.2876],[-1],3.0994690099890705,0.010140809525460433,optimized
s095,70,6.9208,formation,formation,2,true,,951.4477555611651,3.3974999009348394,1.1886,16.5,0.9930,95,951.448,"[3.4113, 3.3975]","[3.4598, 3.0995]",[82.2876],[-1],3.0994690099890705,0.010140809525225777,optimized
s095,65,6.4264,formation,formation,2,true,,951.4477555626934,3.397499899862749,1.1886,16.5,0.9880,95,951.448,"[3.4113, 3.3975]","[3.4598, 3.0995]",[82.2876],[-1],3.0994690099890705,0.01014080952482326,optimized
s095,60,5.9321,formation,formation,2,true,,951.447755564382,3.3974998983425038,1.1886,16.5,0.9909,95,951.448,"[3.4113, 3.3975]","[3.4598, 3.0995]",[82.2876],[-1],3.0994690099890705,0.010140809524540929,optimized
s095,55,5.4377,formation,formation,2,true,,951.4477555668706,3.3974998960614653,1.1886,16.5,0.9872,95,951.448,"[3.4113, 3.3975]","[3.4598, 3.0995]",[82.2876],[-1],3.0994690099890705,0.010140809523763892,optimized
s095,50,4.9434,formation,formation,2,true,,951.4477555717855,3.3974998921979043,1.1886,16.4,0.9854,95,951.448,"[3.4113, 3.3975]","[3.4598, 3.0995]",[82.2876],[-1],3.0994690099890705,0.010140809522604658,optimized
s095,45,4.4491,formation,formation,2,true,,1020.2776981551063,2.9145483917867088,1.2746,20.0,1.1992,125901,1020.278,"[1.7503, 2.9145]","[3.4551, 3.9073]",[-36.6025],[-1],3.907322870455546,6.954284431995306e-8,optimized
s095,40,3.9547,formation,formation,2,true,,1183.9385102465121,3.416122755533618,1.4790,18.2,1.0895,125901,1183.939,"[3.3436, 3.4161]","[3.4551, 3.9073]",[-36.6025],[-1],3.907322870455546,0.012703162171055668,optimized
s095,35,3.4604,formation,formation,2,true,,1148.278714290713,3.460381881341041,1.4345,20.3,1.2186,125901,1148.279,"[3.1701, 3.4604]","[3.4551, 3.9073]",[-36.6025],[-1],3.907322870455546,3.3865895909812593e-7,optimized
s095,30,2.9660,formation,formation,2,false,recovery_failed,1175.0610307274483,3.3871830808538306,,18.4,1.1040,125901,1175.061,"[3.3069, 3.3872]","[3.4551, 3.9073]",[-36.6025],[-1],3.907322870455546,-0.4211410348538305,recovery_failed
s096,100,7.9847,formation,formation,2,true,,1085.6516321455408,5.694249077265514,1.2128,18.7,1.1348,1567,1085.652,"[5.6877, 5.6942]","[7.4912, 7.6917]",[-36.6025],[1],7.691733982853166,1.2059971822964144e-5,optimized
s096,95,7.5854,formation,formation,2,true,,1239.657541093372,7.2991449628415355,1.3848,16.8,1.0219,43936,1239.658,"[7.1824, 7.2991]","[7.4912, 7.6917]",[-36.6025],[1],7.691733840217903,0.010261689681356035,optimized
s096,90,7.1862,formation,formation,2,false,recovery_failed,1244.6565268259353,7.266615889117996,,16.4,0.9946,43936,1244.657,"[6.9351, 7.2666]","[7.4912, 7.6917]",[-36.6025],[1],7.691733840217903,-0.08040157211799581,recovery_failed
s096,85,6.7870,formation,formation,2,false,not_run_after_fail,,,,0.0,,,,,,,,,,
s096,80,6.3877,formation,formation,2,false,not_run_after_fail,,,,0.0,,,,,,,,,,
s096,75,5.9885,formation,formation,2,false,not_run_after_fail,,,,0.0,,,,,,,,,,
s096,70,5.5893,formation,formation,2,false,not_run_after_fail,,,,0.0,,,,,,,,,,
s096,65,5.1900,formation,formation,2,false,not_run_after_fail,,,,0.0,,,,,,,,,,
s096,60,4.7908,formation,formation,2,false,not_run_after_fail,,,,0.0,,,,,,,,,,
s096,55,4.3916,formation,formation,2,false,not_run_after_fail,,,,0.0,,,,,,,,,,
s096,50,3.9923,formation,formation,2,false,not_run_after_fail,,,,0.0,,,,,,,,,,
s096,45,3.5931,formation,formation,2,false,not_run_after_fail,,,,0.0,,,,,,,,,,
s096,40,3.1939,formation,formation,2,false,not_run_after_fail,,,,0.0,,,,,,,,,,
s096,35,2.7946,formation,formation,2,false,not_run_after_fail,,,,0.0,,,,,,,,,,
s096,30,2.3954,formation,formation,2,false,not_run_after_fail,,,,0.0,,,,,,,,,,
s097,100,8.4045,formation,formation,2,true,,736.1075329053458,4.621348581810501,1.1506,15.7,0.9743,60,736.108,"[4.2968, 4.6213]","[4.3732, 3.9801]",[82.2876],[1],3.9800772275603866,0.006869438179859747,optimized
s097,95,7.9843,formation,formation,2,true,,677.7632049135093,4.765636810341963,1.0594,16.3,1.0170,100,677.763,"[3.9967, 4.7656]","[4.3868, 4.726]",[-36.6025],[1],4.726030372757442,0.004801022766972331,optimized
s097,90,7.5640,formation,formation,2,true,,855.6497929415974,4.281097019190471,1.3375,15.9,0.9918,124,855.65,"[4.2632, 4.2811]","[4.2677, 3.8715]",[82.2876],[1],3.871499830299172,0.011381573210926366,optimized
s097,85,7.1438,formation,formation,2,true,,855.649792868163,4.281096928075356,1.3375,15.8,0.9855,124,855.65,"[4.2632, 4.2811]","[4.2677, 3.8715]",[82.2876],[1],3.871499830299172,0.011381573224051388,optimized
s097,80,6.7236,formation,formation,2,true,,855.6497927689694,4.281096803939175,1.3375,15.9,0.9910,124,855.65,"[4.2632, 4.2811]","[4.2677, 3.8715]",[82.2876],[1],3.871499830299172,0.011381573241351705,optimized
s097,75,6.3034,formation,formation,2,true,,855.649792629424,4.281096629470566,1.3375,15.9,0.9903,124,855.65,"[4.2632, 4.2811]","[4.2677, 3.8715]",[82.2876],[1],3.871499830299172,0.011381573266168113,optimized
s097,70,5.8831,formation,formation,2,true,,855.6497924180919,4.281096363547445,1.3375,15.9,0.9863,124,855.65,"[4.2632, 4.2811]","[4.2677, 3.8715]",[82.2876],[1],3.871499830299172,0.011381573303663281,optimized
s097,65,5.4629,formation,formation,2,true,,855.649792059827,4.28109591469019,1.3375,15.8,0.9829,124,855.65,"[4.2632, 4.2811]","[4.2677, 3.8715]",[82.2876],[1],3.871499830299172,0.011381573367170602,optimized
s097,60,5.0427,formation,formation,2,false,recovery_failed,1132.147154785485,5.243454323533,,20.1,1.2503,69619,1132.147,"[5.5918, 5.2435]","[5.8924, 5.1149]",[45.685],[-1],5.114888434697178,-0.20075678953300002,recovery_failed
s097,55,4.6225,formation,formation,2,false,not_run_after_fail,,,,0.0,,,,,,,,,,
s097,50,4.2022,formation,formation,2,false,not_run_after_fail,,,,0.0,,,,,,,,,,
s097,45,3.7820,formation,formation,2,false,not_run_after_fail,,,,0.0,,,,,,,,,,
s097,40,3.3618,formation,formation,2,false,not_run_after_fail,,,,0.0,,,,,,,,,,
s097,35,2.9416,formation,formation,2,false,not_run_after_fail,,,,0.0,,,,,,,,,,
s097,30,2.5213,formation,formation,2,false,not_run_after_fail,,,,0.0,,,,,,,,,,
s098,100,4.2561,formation,formation,2,true,,955.6530571300133,3.1679850283202997,1.1258,15.9,1.0081,200,955.653,"[3.0331, 3.168]","[3.1022, 2.869]",[82.2876],[-1],2.8690257759614766,0.011274467250378053,optimized
s098,95,4.0433,formation,formation,2,false,recovery_failed,1145.410910889125,2.5199678443023887,,15.9,1.0082,834,1145.411,"[1.7004, 2.52]","[1.7596, 3.6232]",[-36.6025],[1],3.6232110186685667,-46.75777113805813,recovery_failed
s098,90,3.8305,formation,formation,2,false,not_run_after_fail,,,,0.0,,,,,,,,,,
s098,85,3.6177,formation,formation,2,false,not_run_after_fail,,,,0.0,,,,,,,,,,
s098,80,3.4049,formation,formation,2,false,not_run_after_fail,,,,0.0,,,,,,,,,,
s098,75,3.1921,formation,formation,2,false,not_run_after_fail,,,,0.0,,,,,,,,,,
s098,70,2.9793,formation,formation,2,false,not_run_after_fail,,,,0.0,,,,,,,,,,
s098,65,2.7665,formation,formation,2,false,not_run_after_fail,,,,0.0,,,,,,,,,,
s098,60,2.5537,formation,formation,2,false,not_run_after_fail,,,,0.0,,,,,,,,,,
s098,55,2.3409,formation,formation,2,false,not_run_after_fail,,,,0.0,,,,,,,,,,
s098,50,2.1281,formation,formation,2,false,not_run_after_fail,,,,0.0,,,,,,,,,,
s098,45,1.9153,formation,formation,2,false,not_run_after_fail,,,,0.0,,,,,,,,,,
s098,40,1.7025,formation,formation,2,false,not_run_after_fail,,,,0.0,,,,,,,,,,
s098,35,1.4897,formation,formation,2,false,not_run_after_fail,,,,0.0,,,,,,,,,,
s098,30,1.2768,formation,formation,2,false,not_run_after_fail,,,,0.0,,,,,,,,,,
s099,100,6.7858,formation,formation,2,true,,952.9598038360901,6.662174883041236,1.1249,16.3,0.9895,87,952.96,"[3.7265, 6.6622]","[3.7862, 4.9266]",[82.2876],[-1],4.926597049274112,0.010317694028659665,optimized
s099,95,6.4465,formation,formation,2,true,,1155.1998854726605,4.947330110467937,1.3637,18.5,1.1240,114478,1155.2,"[4.4982, 4.9473]","[5.2662, 4.759]",[82.2876],[-1],4.759036875329502,0.00042095608330580583,optimized
s099,90,6.1073,formation,formation,2,true,,1155.1937043754795,4.947117501101033,1.3637,18.7,1.1322,114478,1155.194,"[4.4982, 4.9471]","[5.2662, 4.759]",[82.2876],[-1],4.759036875329502,4.039393413913785e-7,optimized
s099,85,5.7680,formation,formation,2,true,,1155.1767718904944,4.946509443122706,1.3637,18.5,1.1225,114478,1155.177,"[4.4982, 4.9465]","[5.2662, 4.759]",[82.2876],[-1],4.759036875329502,1.1474016221451166e-5,optimized
s099,80,5.4287,formation,formation,2,true,,1148.7065637133524,4.768253677497497,1.3560,23.9,1.4507,114478,1148.707,"[4.4839, 4.7683]","[5.2662, 4.759]",[82.2876],[-1],4.759036875329502,0.010503267588445754,optimized
s099,75,5.0894,formation,formation,2,true,,1148.3812738161894,4.692833785351138,1.3556,18.6,1.1290,114478,1148.381,"[4.4753, 4.6928]","[5.2662, 4.759]",[82.2876],[-1],4.759036875329502,0.000257867501434499,optimized
s099,70,4.7501,formation,formation,2,true,,1135.3099475495912,4.605748641173296,1.3402,22.6,1.3736,114478,1135.31,"[4.4705, 4.6057]","[5.2662, 4.759]",[82.2876],[-1],4.759036875329502,0.010189051432353805,optimized
s099,65,4.4108,formation,formation,2,true,,1139.5170283465243,4.410797768601856,1.3452,23.6,1.4309,114478,1139.517,"[4.3164, 4.4108]","[5.2662, 4.759]",[82.2876],[-1],4.759036875329502,7.398144319381572e-9,optimized
s099,60,4.0715,formation,formation,2,false,recovery_failed,1142.3592601496264,4.406619109266727,,23.5,1.4278,114478,1142.359,"[4.3101, 4.4066]","[5.2662, 4.759]",[82.2876],[-1],4.759036875329502,-0.3351133922667273,recovery_failed
s099,55,3.7322,formation,formation,2,false,not_run_after_fail,,,,0.0,,,,,,,,,,
s099,50,3.3929,formation,formation,2,false,not_run_after_fail,,,,0.0,,,,,,,,,,
s099,45,3.0536,formation,formation,2,false,not_run_after_fail,,,,0.0,,,,,,,,,,
s099,40,2.7143,formation,formation,2,false,not_run_after_fail,,,,0.0,,,,,,,,,,
s099,35,2.3750,formation,formation,2,false,not_run_after_fail,,,,0.0,,,,,,,,,,
s099,30,2.0358,formation,formation,2,false,not_run_after_fail,,,,0.0,,,,,,,,,,
s100,100,7.8202,formation,formation,2,true,,857.4249490328968,6.018569230971436,1.3308,18.8,1.1670,227,857.425,"[5.2403, 6.0186]","[7.3193, 6.9374]",[82.2876],[1],6.93740295651433,0.0021599461240138645,optimized
s100,95,7.4292,formation,formation,2,true,,1024.8250250499573,5.091926868070297,1.5906,18.5,1.1429,466,1024.825,"[4.1252, 5.0919]","[4.3898, 4.7285]",[-36.6025],[-1],4.728512090088406,1.5833966991729564e-8,optimized
s100,90,7.0382,formation,formation,2,true,,1063.0474209873962,5.118537105134532,1.6500,17.8,1.1015,466,1063.047,"[4.1109, 5.1185]","[4.3898, 4.7285]",[-36.6025],[-1],4.728512090088406,9.690469714856986e-9,optimized
s100,85,6.6472,formation,formation,2,true,,1089.4604050710552,4.207749812546903,1.6910,17.4,1.0783,466,1089.46,"[3.8788, 4.2077]","[4.3898, 4.7285]",[-36.6025],[-1],4.728512090088406,7.328547851872397e-6,optimized
s100,80,6.2562,formation,formation,2,true,,1025.198481943631,4.9762059507899155,1.5912,18.3,1.1352,466,1025.198,"[4.103, 4.9762]","[4.3898, 4.7285]",[-36.6025],[-1],4.728512090088406,2.910569740083302e-9,optimized
s100,75,5.8652,formation,formation,2,true,,1043.0092818768426,4.975647715004724,1.6189,17.9,1.1089,466,1043.009,"[4.1291, 4.9756]","[4.3898, 4.7285]",[-36.6025],[-1],4.728512090088406,1.322576774834272e-8,optimized
s100,70,5.4741,formation,formation,2,true,,1063.3268387425455,5.085486213106698,1.6504,17.5,1.0858,466,1063.327,"[4.0831, 5.0855]","[4.3898, 4.7285]",[-36.6025],[-1],4.728512090088406,1.2861877750347528e-8,optimized
s100,65,5.0831,formation,formation,2,false,recovery_failed,1177.0552606759384,3.406058898701837,,17.7,1.0965,100707,1177.055,"[3.0945, 3.4061]","[4.3637, 4.704]",[-36.6025],[-1],4.703950065441216,-0.3842150366010603,recovery_failed
s100,60,4.6921,formation,formation,2,false,not_run_after_fail,,,,0.0,,,,,,,,,,
s100,55,4.3011,formation,formation,2,false,not_run_after_fail,,,,0.0,,,,,,,,,,
s100,50,3.9101,formation,formation,2,false,not_run_after_fail,,,,0.0,,,,,,,,,,
s100,45,3.5191,formation,formation,2,false,not_run_after_fail,,,,0.0,,,,,,,,,,
s100,40,3.1281,formation,formation,2,false,not_run_after_fail,,,,0.0,,,,,,,,,,
s100,35,2.7371,formation,formation,2,false,not_run_after_fail,,,,0.0,,,,,,,,,,
s100,30,2.3461,formation,formation,2,false,not_run_after_fail,,,,0.0,,,,,,,,,,
s101,100,9.4412,formation,formation,2,true,,871.5157103364809,5.830502150572012,1.0869,16.4,0.9906,30,871.516,"[5.5155, 5.8305]","[5.3484, 4.827]",[82.2876],[-1],4.826965311423309,0.00642077584452163,optimized
s101,95,8.9691,formation,formation,2,true,,1062.8921054558891,3.8734017581684657,1.3255,16.9,1.0195,215,1062.892,"[3.6928, 3.8734]","[3.8091, 3.491]",[82.2876],[-1],3.490998620408871,0.009788312952455991,optimized
s101,90,8.4971,formation,formation,2,true,,1062.891768916394,3.8732992260538555,1.3255,16.9,1.0209,215,1062.892,"[3.6927, 3.8733]","[3.8091, 3.491]",[82.2876],[-1],3.490998620408871,0.00978836715205602,optimized
s101,85,8.0250,formation,formation,2,true,,1062.7506501828327,3.880638195702202,1.3254,17.0,1.0226,215,1062.751,"[3.6921, 3.8806]","[3.8091, 3.491]",[82.2876],[-1],3.490998620408871,0.009757372817511054,optimized
s101,80,7.5530,formation,formation,2,true,,1062.750120571078,3.8804831081630504,1.3254,17.0,1.0226,215,1062.75,"[3.6919, 3.8805]","[3.8091, 3.491]",[82.2876],[-1],3.490998620408871,0.009757459418084287,optimized
s101,75,7.0809,formation,formation,2,true,,1062.7373392658221,3.880184007651182,1.3254,17.1,1.0303,215,1062.737,"[3.6917, 3.8802]","[3.8091, 3.491]",[82.2876],[-1],3.490998620408871,0.009753690041107987,optimized
s101,70,6.6088,formation,formation,2,true,,1062.8777168979793,3.8725244544557573,1.3255,17.1,1.0308,215,1062.878,"[3.692, 3.8725]","[3.8091, 3.491]",[82.2876],[-1],3.490998620408871,0.009785027765216751,optimized
s101,65,6.1368,formation,formation,2,true,,1062.92409653049,3.8721704632084193,1.3256,17.1,1.0293,215,1062.924,"[3.6918, 3.8722]","[3.8091, 3.491]",[82.2876],[-1],3.490998620408871,0.009801366958085289,optimized
s101,60,5.6647,formation,formation,2,true,,1062.769374435259,3.8791560344434908,1.3254,17.1,1.0332,215,1062.769,"[3.6906, 3.8792]","[3.8091, 3.491]",[82.2876],[-1],3.490998620408871,0.00976690145407093,optimized
s101,55,5.1927,formation,formation,2,true,,1062.9051906098448,3.8705009211396364,1.3256,17.3,1.0412,215,1062.905,"[3.6903, 3.8705]","[3.8091, 3.491]",[82.2876],[-1],3.490998620408871,0.009798163023258824,optimized
s101,50,4.7206,formation,formation,2,true,,1242.680807581675,3.9323032380909675,1.5498,23.1,1.3909,87611,1242.681,"[3.5809, 3.9323]","[3.8088, 3.4907]",[82.2876],[-1],3.490703445226998,0.00758370071056208,optimized
s101,45,4.2485,formation,formation,2,true,,1242.5888478924714,3.8896056484242365,1.5497,22.9,1.3828,87611,1242.589,"[3.5368, 3.8896]","[3.8088, 3.4907]",[82.2876],[-1],3.490703445226998,0.007635156085199598,optimized
s101,40,3.7765,formation,formation,2,true,,1231.8167572845325,3.621260949676532,1.5362,22.0,1.3236,87611,1231.817,"[3.5127, 3.6213]","[3.8088, 3.4907]",[82.2876],[-1],3.490703445226998,0.009614820087076224,optimized
s101,35,3.3044,formation,formation,2,false,recovery_failed,1237.2930385580487,3.4434440148826235,,18.2,1.0957,87611,1237.293,"[3.4799, 3.4434]","[3.8088, 3.4907]",[82.2876],[-1],3.490703445226998,-0.1390213338826234,recovery_failed
s101,30,2.8324,formation,formation,2,false,not_run_after_fail,,,,0.0,,,,,,,,,,
