scenario_id,pct,threshold,method,algorithm,num_agents,success,fail_reason,primary_length,primary_unc,length_ratio,wall_s,wall_ratio,astar_iterations,continuous_primary_length,continuous_uncertainties,discrete_uncertainties,primary_disc_unc,refinement_min_slack,refinement_status
s001,100,7.9062,hexspline_cl,hexspline_cl,2,true,,905.0937052767976,7.531598022633662,1.0007,35.5,1.9829,108104,905.094,"[4.1434, 7.5316]","[4.882, 6.6845]",6.684528430049467,3.4178501695514285e-9,optimized
s001,95,7.5109,hexspline_cl,hexspline_cl,2,true,,904.8288890673305,7.425114980675883,1.0004,34.8,1.9441,108104,904.829,"[4.1529, 7.4251]","[4.882, 6.6845]",6.684528430049467,6.271970931504e-8,optimized
s001,90,7.1156,hexspline_cl,hexspline_cl,2,true,,935.7798755715318,7.046133392373509,1.0347,33.9,1.8957,108104,935.78,"[4.1796, 7.0461]","[4.882, 6.6845]",6.684528430049467,2.2790750647816438e-8,optimized
s001,85,6.7202,hexspline_cl,hexspline_cl,2,true,,904.2647335998113,6.679152777836977,0.9998,34.9,1.9494,108104,904.265,"[4.7067, 6.6792]","[4.882, 6.6845]",6.684528430049467,2.621131218598748e-6,optimized
s001,80,6.3249,hexspline_cl,hexspline_cl,2,true,,907.2897489015069,5.922676281409087,1.0032,34.9,1.9512,108188,907.29,"[6.4515, 5.9227]","[5.987, 6.1986]",6.198644630701916,8.287495231740216e-9,optimized
s001,75,5.9296,hexspline_cl,hexspline_cl,2,true,,897.3478131023422,5.929632397614715,0.9922,34.9,1.9473,109687,897.348,"[4.2327, 5.9296]","[3.927, 5.6485]",5.648499078693034,1.8938528523193554e-7,optimized
s001,70,5.5343,hexspline_cl,hexspline_cl,2,true,,978.8813597997317,3.4496389114218027,1.0823,83.5,4.6664,500000,978.881,"[3.197, 3.4496]","[3.2817, 5.5699]",5.5699291586003845,6.394862793968059e-5,optimized
s001,65,5.1390,hexspline_cl,hexspline_cl,2,true,,978.269475873658,3.428596840955866,1.0817,83.8,4.6812,500000,978.269,"[3.1467, 3.4286]","[3.2817, 5.5699]",5.5699291586003845,0.015596962689945097,optimized
s001,60,4.7437,hexspline_cl,hexspline_cl,2,true,,986.7481673528499,3.208954862331292,1.0910,81.0,4.5238,500000,986.748,"[3.0234, 3.209]","[3.2817, 5.5699]",5.5699291586003845,0.016545282098000286,optimized
s001,55,4.3484,hexspline_cl,hexspline_cl,2,true,,988.5953830700889,3.9394011225512715,1.0931,77.1,4.3083,500000,988.595,"[3.2741, 3.9394]","[3.2817, 5.5699]",5.5699291586003845,0.011569714724584783,optimized
s001,50,3.9531,hexspline_cl,hexspline_cl,2,true,,946.8884548318733,3.9530885698663485,1.0470,83.0,4.6375,500000,946.888,"[3.0811, 3.9531]","[3.2817, 5.5699]",5.5699291586003845,1.5513365170249926e-7,optimized
s001,45,3.5578,hexspline_cl,hexspline_cl,2,true,,975.4482544333488,3.2248174645457723,1.0785,81.6,4.5603,500000,975.448,"[3.1487, 3.2248]","[3.2817, 5.5699]",5.5699291586003845,0.011735857719599032,optimized
s001,40,3.1625,hexspline_cl,hexspline_cl,2,false,recovery_failed,975.0475585455875,3.224265080255929,,81.9,4.5760,500000,975.048,"[3.1483, 3.2243]","[3.2817, 5.5699]",5.5699291586003845,-0.06179390025592868,recovery_failed
s001,35,2.7672,hexspline_cl,hexspline_cl,2,false,not_run_after_fail,,,,0.0,,,,,,,,
s001,30,2.3719,hexspline_cl,hexspline_cl,2,false,not_run_after_fail,,,,0.0,,,,,,,,
s002,100,8.7866,hexspline_cl,hexspline_cl,2,true,,725.0513045718728,8.740375656463623,1.1371,19.5,1.2258,2377,725.051,"[8.7342, 8.7404]","[8.7866, 8.7866]",8.78655759403951,0.011302394225657483,optimized
s002,95,8.3472,hexspline_cl,hexspline_cl,2,true,,653.1927133604901,8.340884953280748,1.0244,20.9,1.3159,9662,653.193,"[3.5153, 8.3409]","[3.4963, 7.4008]",7.400848457204695,9.030399133330702e-9,optimized
s002,90,7.9079,hexspline_cl,hexspline_cl,2,true,,655.7528161813866,7.907858740558371,1.0284,20.9,1.3130,9662,655.753,"[3.5928, 7.9079]","[3.4963, 7.4008]",7.400848457204695,4.40944416286726e-5,optimized
s002,85,7.4686,hexspline_cl,hexspline_cl,2,true,,688.789662061589,6.709285129079514,1.0802,21.6,1.3623,9662,688.79,"[3.8768, 6.7093]","[3.4963, 7.4008]",7.400848457204695,1.2163244786367322e-9,optimized
s002,80,7.0292,hexspline_cl,hexspline_cl,2,true,,697.5883481667445,6.190355928482904,1.0940,21.7,1.3678,9687,697.588,"[2.8355, 6.1904]","[3.9479, 6.8196]",6.8195505579607945,1.7750891173617944e-9,optimized
s002,75,6.5899,hexspline_cl,hexspline_cl,2,true,,681.505424721698,5.050249541920958,1.0688,20.7,1.3047,10044,681.505,"[2.8731, 5.0502]","[3.3724, 4.5045]",4.5044545836328735,1.0300560571986352e-6,optimized
s002,70,6.1506,hexspline_cl,hexspline_cl,2,true,,764.5392416910527,4.796094356324835,1.1990,20.1,1.2677,10044,764.539,"[3.367, 4.7961]","[3.3724, 4.5045]",4.5044545836328735,0.010715432215128403,optimized
s002,65,5.7113,hexspline_cl,hexspline_cl,2,true,,764.5392416893551,4.796094356202547,1.1990,20.1,1.2677,10044,764.539,"[3.367, 4.7961]","[3.3724, 4.5045]",4.5044545836328735,0.010715432214990179,optimized
s002,60,5.2719,hexspline_cl,hexspline_cl,2,true,,764.5392416837841,4.796094355990923,1.1990,20.1,1.2681,10044,764.539,"[3.367, 4.7961]","[3.3724, 4.5045]",4.5044545836328735,0.010715432214858574,optimized
s002,55,4.8326,hexspline_cl,hexspline_cl,2,true,,763.0588723732698,4.70164032642043,1.1967,20.1,1.2668,10044,763.059,"[3.3584, 4.7016]","[3.3724, 4.5045]",4.5044545836328735,0.010757932105942971,optimized
s002,50,4.3933,hexspline_cl,hexspline_cl,2,true,,694.246043812084,4.392128140966447,1.0888,21.5,1.3533,10048,694.246,"[2.4585, 4.3921]","[2.9427, 4.185]",4.185019081251543,6.939233927055755e-9,optimized
s002,45,3.9540,hexspline_cl,hexspline_cl,2,true,,768.0004539352861,3.8928770820578946,1.2045,22.0,1.3827,38578,768.0,"[2.6627, 3.8929]","[2.6687, 3.559]",3.5589801668214007,0.011302394227035667,optimized
s002,40,3.5146,hexspline_cl,hexspline_cl,2,true,,936.1994671525804,3.1212164894780425,1.4683,34.7,2.1840,230739,936.199,"[0.915, 3.1212]","[0.9219, 3.3743]",3.3743303212562616,0.008285434907594886,optimized
s002,35,3.0753,hexspline_cl,hexspline_cl,2,true,,920.2952644462116,2.5469566607726652,1.4433,60.1,3.7830,500000,920.295,"[2.6976, 2.547]","[2.8108, 3.1497]",3.149716541894762,0.007533957663646684,optimized
s002,30,2.6360,hexspline_cl,hexspline_cl,2,true,,928.1531563204314,2.515697590121661,1.4556,60.1,3.7869,500000,928.153,"[2.6924, 2.5157]","[2.8108, 3.1497]",3.149716541894762,0.007519511124412709,optimized
s003,100,6.5157,hexspline_cl,hexspline_cl,2,true,,672.0936075577062,4.870599809868286,1.1191,19.3,1.1959,2671,672.094,"[0.6967, 4.8706]","[0.886, 3.9529]",3.952927648581032,0.01307179896388907,optimized
s003,95,6.1900,hexspline_cl,hexspline_cl,2,true,,680.4896790539954,6.189931175579869,1.1331,19.3,1.1969,2671,680.49,"[0.7269, 6.1899]","[0.886, 3.9529]",3.952927648581032,3.024142013074993e-5,optimized
s003,90,5.8642,hexspline_cl,hexspline_cl,2,true,,687.151704966574,5.859838584308796,1.1442,19.2,1.1877,2671,687.152,"[0.7654, 5.8598]","[0.886, 3.9529]",3.952927648581032,6.65230199956568e-5,optimized
s003,85,5.5384,hexspline_cl,hexspline_cl,2,true,,680.0743497528388,5.527686751796055,1.1324,19.3,1.1940,2671,680.074,"[0.7469, 5.5277]","[0.886, 3.9529]",3.952927648581032,3.9984830550565675e-5,optimized
s003,80,5.2126,hexspline_cl,hexspline_cl,2,true,,704.9367242614984,4.422731521905209,1.1738,19.1,1.1848,2671,704.937,"[0.8018, 4.4227]","[0.886, 3.9529]",3.952927648581032,0.01169191997524153,optimized
s003,75,4.8868,hexspline_cl,hexspline_cl,2,true,,692.5141883742803,4.813458252484721,1.1531,19.2,1.1871,2671,692.514,"[0.7948, 4.8135]","[0.886, 3.9529]",3.952927648581032,0.010170527460210535,optimized
s003,70,4.5610,hexspline_cl,hexspline_cl,2,true,,708.6242304713102,4.45830095928112,1.1799,19.1,1.1852,2671,708.624,"[0.8133, 4.4583]","[0.886, 3.9529]",3.952927648581032,0.011369804714248147,optimized
s003,65,4.2352,hexspline_cl,hexspline_cl,2,true,,722.2410543794413,4.2346987221412595,1.2026,19.8,1.2273,2671,722.241,"[0.8847, 4.2347]","[0.886, 3.9529]",3.952927648581032,0.0005383528587410424,optimized
s003,60,3.9094,hexspline_cl,hexspline_cl,2,true,,650.1070457410751,2.8459135259847033,1.0825,21.4,1.3246,2860,650.107,"[1.0312, 2.8459]","[2.0795, 3.7403]",3.74028749360873,0.0022377921563929704,optimized
s003,55,3.5837,hexspline_cl,hexspline_cl,2,true,,673.9605836731332,1.664291187814856,1.1222,20.1,1.2470,15715,673.961,"[1.093, 1.6643]","[1.9707, 3.2701]",3.2700857618281236,0.01586691639976455,optimized
s003,50,3.2579,hexspline_cl,hexspline_cl,2,true,,740.9658173378259,2.707103269890927,1.2338,19.8,1.2263,15832,740.966,"[2.6476, 2.7071]","[2.8445, 3.1314]",3.1314364683841887,0.008985401141235014,optimized
s003,45,2.9321,hexspline_cl,hexspline_cl,2,true,,847.8757512116887,2.7434234446193186,1.4118,59.8,3.7034,500000,847.876,"[2.6859, 2.7434]","[2.8439, 3.1308]",3.130800091598481,0.012138074824590901,optimized
s003,40,2.6063,hexspline_cl,hexspline_cl,2,false,recovery_failed,847.7951619170497,2.7436596868146,,59.4,3.6784,500000,847.795,"[2.6861, 2.7437]","[2.8439, 3.1308]",3.130800091598481,-0.1373595638145999,recovery_failed
s003,35,2.2805,hexspline_cl,hexspline_cl,2,false,not_run_after_fail,,,,0.0,,,,,,,,
s003,30,1.9547,hexspline_cl,hexspline_cl,2,false,not_run_after_fail,,,,0.0,,,,,,,,
s004,100,4.8986,hexspline_cl,hexspline_cl,2,true,,940.0326783441677,4.175786739437729,1.0881,29.2,1.7868,69350,940.033,"[2.5386, 4.1758]","[2.4392, 3.7494]",3.749411440542693,0.011775940721607404,optimized
s004,95,4.6536,hexspline_cl,hexspline_cl,2,true,,888.9866952578125,4.433079755855399,1.0290,29.8,1.8267,69350,888.987,"[1.1237, 4.4331]","[2.4392, 3.7494]",3.749411440542693,1.609033552230077e-9,optimized
s004,90,4.4087,hexspline_cl,hexspline_cl,2,true,,931.222155116448,2.8550753241576228,1.0779,29.5,1.8087,69350,931.222,"[2.2557, 2.8551]","[2.4392, 3.7494]",3.749411440542693,8.905419576876739e-6,optimized
s004,85,4.1638,hexspline_cl,hexspline_cl,2,true,,905.7754953838925,4.1637802730276,1.0485,31.0,1.8966,69350,905.775,"[2.0312, 4.1638]","[2.4392, 3.7494]",3.749411440542693,8.089724001791865e-7,optimized
s004,80,3.9189,hexspline_cl,hexspline_cl,2,true,,904.5084680282838,3.7931988507287744,1.0470,30.5,1.8704,69350,904.508,"[2.0947, 3.7932]","[2.4392, 3.7494]",3.749411440542693,7.90199912413525e-8,optimized
s004,75,3.6739,hexspline_cl,hexspline_cl,2,true,,899.7014633894955,3.6739243862592845,1.0414,30.5,1.8704,69555,899.701,"[2.1238, 3.6739]","[2.6984, 3.2529]",3.252862715801026,2.1574071551455631e-7,optimized
s004,70,3.4290,hexspline_cl,hexspline_cl,2,true,,935.3537741797071,3.2133930573325875,1.0827,29.5,1.8058,69555,935.354,"[2.5814, 3.2134]","[2.6984, 3.2529]",3.252862715801026,0.008758968539667782,optimized
s004,65,3.1841,hexspline_cl,hexspline_cl,2,true,,912.5876721619383,3.1840681062646112,1.0563,62.8,3.8495,500000,912.588,"[2.6251, 3.1841]","[2.6984, 3.2529]",3.2528547505205063,1.5735388991799937e-8,optimized
s004,60,2.9391,hexspline_cl,hexspline_cl,2,true,,889.1540412508093,2.896427462925241,1.0292,68.5,4.1984,500000,889.154,"[2.6135, 2.8964]","[2.6984, 3.2529]",3.2528547505205063,8.541183691728293e-6,optimized
s004,55,2.6942,hexspline_cl,hexspline_cl,2,false,recovery_failed,915.1362474578517,2.8516117549359468,,65.6,4.0181,500000,915.136,"[2.6072, 2.8516]","[2.6984, 3.2529]",3.2528547505205063,-0.15740011393594644,recovery_failed
s004,50,2.4493,hexspline_cl,hexspline_cl,2,false,not_run_after_fail,,,,0.0,,,,,,,,
s004,45,2.2044,hexspline_cl,hexspline_cl,2,false,not_run_after_fail,,,,0.0,,,,,,,,
s004,40,1.9594,hexspline_cl,hexspline_cl,2,false,not_run_after_fail,,,,0.0,,,,,,,,
s004,35,1.7145,hexspline_cl,hexspline_cl,2,false,not_run_after_fail,,,,0.0,,,,,,,,
s004,30,1.4696,hexspline_cl,hexspline_cl,2,false,not_run_after_fail,,,,0.0,,,,,,,,
s005,100,6.2759,hexspline_cl,hexspline_cl,2,false,no_solution,null,null,,98.9,5.9077,500000,null,[],[],null,,
s005,95,5.9621,hexspline_cl,hexspline_cl,2,false,not_run_after_fail,,,,0.0,,,,,,,,
s005,90,5.6483,hexspline_cl,hexspline_cl,2,false,not_run_after_fail,,,,0.0,,,,,,,,
s005,85,5.3345,hexspline_cl,hexspline_cl,2,false,not_run_after_fail,,,,0.0,,,,,,,,
s005,80,5.0207,hexspline_cl,hexspline_cl,2,false,not_run_after_fail,,,,0.0,,,,,,,,
s005,75,4.7070,hexspline_cl,hexspline_cl,2,false,not_run_after_fail,,,,0.0,,,,,,,,
s005,70,4.3932,hexspline_cl,hexspline_cl,2,false,not_run_after_fail,,,,0.0,,,,,,,,
s005,65,4.0794,hexspline_cl,hexspline_cl,2,false,not_run_after_fail,,,,0.0,,,,,,,,
s005,60,3.7656,hexspline_cl,hexspline_cl,2,false,not_run_after_fail,,,,0.0,,,,,,,,
s005,55,3.4518,hexspline_cl,hexspline_cl,2,false,not_run_after_fail,,,,0.0,,,,,,,,
s005,50,3.1380,hexspline_cl,hexspline_cl,2,false,not_run_after_fail,,,,0.0,,,,,,,,
s005,45,2.8242,hexspline_cl,hexspline_cl,2,false,not_run_after_fail,,,,0.0,,,,,,,,
s005,40,2.5104,hexspline_cl,hexspline_cl,2,false,not_run_after_fail,,,,0.0,,,,,,,,
s005,35,2.1966,hexspline_cl,hexspline_cl,2,false,not_run_after_fail,,,,0.0,,,,,,,,
s005,30,1.8828,hexspline_cl,hexspline_cl,2,false,not_run_after_fail,,,,0.0,,,,,,,,
s006,100,9.0711,hexspline_cl,hexspline_cl,2,true,,604.6383052558353,7.452500744383751,1.0018,19.1,1.1953,18,604.638,"[0.9643, 7.4525]","[1.0142, 6.9161]",6.916140095902797,1.3214025048251643e-5,optimized
s006,95,8.6175,hexspline_cl,hexspline_cl,2,true,,602.0878221994044,7.319510484783449,0.9976,19.4,1.2126,18,602.088,"[0.9625, 7.3195]","[1.0142, 6.9161]",6.916140095902797,9.586467252769126e-6,optimized
s006,90,8.1640,hexspline_cl,hexspline_cl,2,true,,605.5946576838353,7.5248755738340245,1.0034,19.2,1.2003,18,605.595,"[0.9689, 7.5249]","[1.0142, 6.9161]",6.916140095902797,1.6492030735216758e-6,optimized
s006,85,7.7104,hexspline_cl,hexspline_cl,2,true,,613.1533448900636,7.579285261762155,1.0159,19.0,1.1862,18,613.153,"[0.9803, 7.5793]","[1.0142, 6.9161]",6.916140095902797,7.37173288661852e-8,optimized
s006,80,7.2569,hexspline_cl,hexspline_cl,2,true,,625.398907996039,7.209247438062498,1.0362,18.8,1.1767,18,625.399,"[0.9809, 7.2092]","[1.0142, 6.9161]",6.916140095902797,0.017088893313460154,optimized
s006,75,6.8033,hexspline_cl,hexspline_cl,2,true,,606.3896793543558,6.3786507721612065,1.0047,19.0,1.1871,19,606.39,"[3.6606, 6.3787]","[3.3165, 4.2668]",4.266848326095199,1.4728904050935853e-5,optimized
s006,70,6.3497,hexspline_cl,hexspline_cl,2,true,,602.1258884715864,6.171571930381926,0.9976,19.2,1.1981,19,602.126,"[3.7598, 6.1716]","[3.3165, 4.2668]",4.266848326095199,6.789077036411072e-6,optimized
s006,65,5.8962,hexspline_cl,hexspline_cl,2,true,,606.9151692365185,5.896192536970879,1.0056,18.9,1.1801,19,606.915,"[3.75, 5.8962]","[3.3165, 4.2668]",4.266848326095199,4.644029120370874e-6,optimized
s006,60,5.4426,hexspline_cl,hexspline_cl,2,true,,611.3330413426326,5.442642730266093,1.0129,18.8,1.1757,19,611.333,"[3.6961, 5.4426]","[3.3165, 4.2668]",4.266848326095199,8.987339068511346e-7,optimized
s006,55,4.9891,hexspline_cl,hexspline_cl,2,true,,605.1514976933926,4.989089577762281,1.0026,19.2,1.1987,19,605.151,"[3.6555, 4.9891]","[3.3165, 4.2668]",4.266848326095199,4.982377195261734e-7,optimized
s006,50,4.5355,hexspline_cl,hexspline_cl,2,true,,635.3621073518306,4.5304130252836226,1.0527,19.7,1.2280,19,635.362,"[3.357, 4.5304]","[3.3165, 4.2668]",4.266848326095199,4.046988626608267e-6,optimized
s006,45,4.0820,hexspline_cl,hexspline_cl,2,true,,682.7848525111762,4.056542775732819,1.1313,18.7,1.1659,2186,682.785,"[3.3012, 4.0565]","[3.317, 3.8754]",3.8754301904240935,0.005772096515971974,optimized
s006,40,3.6284,hexspline_cl,hexspline_cl,2,false,recovery_failed,684.0927464747064,3.987601544333665,,59.0,3.6814,500000,684.093,"[3.3011, 3.9876]","[3.3167, 3.875]",3.8750491801370694,-0.3591721253336648,recovery_failed
s006,35,3.1749,hexspline_cl,hexspline_cl,2,false,not_run_after_fail,,,,0.0,,,,,,,,
s006,30,2.7213,hexspline_cl,hexspline_cl,2,false,not_run_after_fail,,,,0.0,,,,,,,,
s007,100,5.9068,hexspline_cl,hexspline_cl,2,true,,756.8214068592384,5.796806850289105,0.9933,22.4,1.3751,18002,756.821,"[0.8725, 5.7968]","[2.9029, 3.8138]",3.8137528019489437,5.3847222741533185e-6,optimized
s007,95,5.6115,hexspline_cl,hexspline_cl,2,true,,762.6199868003351,5.611456209018295,1.0009,22.7,1.3936,18002,762.62,"[0.8689, 5.6115]","[2.9029, 3.8138]",3.8137528019489437,5.981705797353243e-9,optimized
s007,90,5.3161,hexspline_cl,hexspline_cl,2,true,,770.4873173404083,5.316116437624864,1.0112,22.4,1.3772,18002,770.487,"[0.9222, 5.3161]","[2.9029, 3.8138]",3.8137528019489437,2.8375136018610192e-8,optimized
s007,85,5.0208,hexspline_cl,hexspline_cl,2,true,,778.4357339249573,4.967654819743145,1.0216,22.1,1.3576,18002,778.436,"[1.2284, 4.9677]","[2.9029, 3.8138]",3.8137528019489437,1.81456537278607e-7,optimized
s007,80,4.7254,hexspline_cl,hexspline_cl,2,true,,794.6549544966041,4.725431275068207,1.0429,22.2,1.3668,18002,794.655,"[1.3172, 4.7254]","[2.9029, 3.8138]",3.8137528019489437,5.694931793698288e-6,optimized
s007,75,4.4301,hexspline_cl,hexspline_cl,2,true,,769.5519396212517,4.371104726915519,1.0100,22.0,1.3552,18002,769.552,"[1.7619, 4.3711]","[2.9029, 3.8138]",3.8137528019489437,1.2171779035716201e-7,optimized
s007,70,4.1348,hexspline_cl,hexspline_cl,2,true,,798.7663484606353,4.130420485751086,1.0483,22.7,1.3968,18002,798.766,"[2.0477, 4.1304]","[2.9029, 3.8138]",3.8137528019489437,4.7015298910990655e-9,optimized
s007,65,3.8394,hexspline_cl,hexspline_cl,2,true,,829.1715963910715,3.719067855659608,1.0882,22.4,1.3784,18002,829.172,"[2.6161, 3.7191]","[2.9029, 3.8138]",3.8137528019489437,0.00012388269678487163,optimized
s007,60,3.5441,hexspline_cl,hexspline_cl,2,true,,826.302932780657,3.5440776148436943,1.0845,22.4,1.3750,19953,826.303,"[2.9783, 3.5441]","[3.1242, 3.4148]",3.4148345515521776,3.6315630591587933e-7,optimized
s007,55,3.2487,hexspline_cl,hexspline_cl,2,false,recovery_failed,843.3511890286711,3.425685507967565,,58.8,3.6152,500000,843.351,"[3.0927, 3.4257]","[3.1222, 3.2915]",3.2915061011903806,-0.1769472789675648,recovery_failed
s007,50,2.9534,hexspline_cl,hexspline_cl,2,false,not_run_after_fail,,,,0.0,,,,,,,,
s007,45,2.6581,hexspline_cl,hexspline_cl,2,false,not_run_after_fail,,,,0.0,,,,,,,,
s007,40,2.3627,hexspline_cl,hexspline_cl,2,false,not_run_after_fail,,,,0.0,,,,,,,,
s007,35,2.0674,hexspline_cl,hexspline_cl,2,false,not_run_after_fail,,,,0.0,,,,,,,,
s007,30,1.7720,hexspline_cl,hexspline_cl,2,false,not_run_after_fail,,,,0.0,,,,,,,,
s008,100,7.3296,hexspline_cl,hexspline_cl,2,true,,896.189803517238,5.45374749294924,0.9929,23.1,1.3873,18411,896.19,"[3.8866, 5.4537]","[4.3578, 5.8384]",5.8383678496775415,5.393702482730077e-6,optimized
s008,95,6.9631,hexspline_cl,hexspline_cl,2,true,,903.0192697997153,5.7637457844393225,1.0004,23.1,1.3838,18411,903.019,"[3.9982, 5.7637]","[4.3578, 5.8384]",5.8383678496775415,1.4997058843528976e-5,optimized
s008,90,6.5966,hexspline_cl,hexspline_cl,2,true,,984.4908596897088,6.08756538003268,1.0907,22.2,1.3320,18411,984.491,"[4.3501, 6.0876]","[4.3578, 5.8384]",5.8383678496775415,0.011733495228126084,optimized
s008,85,6.2302,hexspline_cl,hexspline_cl,2,true,,952.6482748468691,5.390462660231125,1.0554,22.4,1.3412,18411,952.648,"[4.285, 5.3905]","[4.3578, 5.8384]",5.8383678496775415,2.1663988377440546e-5,optimized
s008,80,5.8637,hexspline_cl,hexspline_cl,2,true,,986.7253681432187,5.663824430175154,1.0932,22.5,1.3496,18411,986.725,"[4.337, 5.6638]","[4.3578, 5.8384]",5.8383678496775415,0.011167515370452614,optimized
s008,75,5.4972,hexspline_cl,hexspline_cl,2,true,,965.8185325275554,5.497208494909696,1.0700,23.6,1.4125,18414,965.819,"[4.287, 5.4972]","[4.3401, 5.3688]",5.368803055731401,1.520903039065047e-7,optimized
s008,70,5.1307,hexspline_cl,hexspline_cl,2,true,,964.9375159510845,4.823179267106852,1.0690,22.2,1.3321,20825,964.938,"[1.6186, 4.8232]","[2.0098, 3.7037]",3.703700311805654,0.009811525734763219,optimized
s008,65,4.7642,hexspline_cl,hexspline_cl,2,true,,958.7301835657938,4.7642354954431,1.0622,22.3,1.3342,20825,958.73,"[1.6463, 4.7642]","[2.0098, 3.7037]",3.703700311805654,1.2131556900385476e-5,optimized
s008,60,4.3978,hexspline_cl,hexspline_cl,2,true,,970.0462085495626,4.396296093998728,1.0747,22.3,1.3353,20825,970.046,"[1.6525, 4.3963]","[2.0098, 3.7037]",3.703700311805654,0.0014710230012715542,optimized
s008,55,4.0313,hexspline_cl,hexspline_cl,2,true,,960.4664444660818,4.031286434828682,1.0641,22.1,1.3221,20825,960.466,"[2.0341, 4.0313]","[2.0098, 3.7037]",3.703700311805654,1.7317131817407017e-7,optimized
s008,50,3.6648,hexspline_cl,hexspline_cl,2,true,,981.2272414635403,3.6648056634440427,1.0871,62.3,3.7356,500000,981.227,"[1.7031, 3.6648]","[2.0048, 3.6793]",3.6792918682739932,4.3455595744035236e-7,optimized
s008,45,3.2983,hexspline_cl,hexspline_cl,2,false,recovery_failed,1000.8557025930131,3.4067014251772756,,62.5,3.7476,500000,1000.856,"[1.8439, 3.4067]","[2.0048, 3.6793]",3.6792918682739932,-0.10837583717727561,recovery_failed
s008,40,2.9318,hexspline_cl,hexspline_cl,2,false,not_run_after_fail,,,,0.0,,,,,,,,
s008,35,2.5654,hexspline_cl,hexspline_cl,2,false,not_run_after_fail,,,,0.0,,,,,,,,
s008,30,2.1989,hexspline_cl,hexspline_cl,2,false,not_run_after_fail,,,,0.0,,,,,,,,
s009,100,8.0659,hexspline_cl,hexspline_cl,2,true,,953.1563429739219,6.054450651434594,1.0625,37.8,2.2586,100281,953.156,"[5.3521, 6.0545]","[5.4583, 6.0848]",6.084849981355928,9.324897336931981e-9,optimized
s009,95,7.6626,hexspline_cl,hexspline_cl,2,true,,951.9793755256164,6.042910712042646,1.0612,37.5,2.2449,100281,951.979,"[5.3474, 6.0429]","[5.4583, 6.0848]",6.084849981355928,1.264434939737824e-8,optimized
s009,90,7.2593,hexspline_cl,hexspline_cl,2,true,,950.8767580200798,6.06003354181099,1.0600,37.6,2.2471,100281,950.877,"[5.3643, 6.06]","[5.4583, 6.0848]",6.084849981355928,3.792123448587148e-9,optimized
s009,85,6.8560,hexspline_cl,hexspline_cl,2,true,,948.8396779859847,6.068568475763428,1.0577,37.3,2.2327,100281,948.84,"[5.3778, 6.0686]","[5.4583, 6.0848]",6.084849981355928,1.656602844485322e-9,optimized
s009,80,6.4527,hexspline_cl,hexspline_cl,2,true,,1010.5417692734475,5.514743589157022,1.1265,36.4,2.1760,100281,1010.542,"[5.312, 5.5147]","[5.4583, 6.0848]",6.084849981355928,0.0034791720466526913,optimized
s009,75,6.0494,hexspline_cl,hexspline_cl,2,true,,987.2714357239946,5.854186221523628,1.1006,39.1,2.3390,100476,987.271,"[4.5031, 5.8542]","[4.6252, 5.8516]",5.851572971952612,5.421826369811367e-9,optimized
s009,70,5.6462,hexspline_cl,hexspline_cl,2,true,,989.7985258462304,5.574096282532982,1.1034,38.9,2.3247,120113,989.799,"[4.2394, 5.5741]","[4.7503, 5.6427]",5.642716532015502,1.0169871729470703e-8,optimized
s009,65,5.2429,hexspline_cl,hexspline_cl,2,true,,1007.5592981230109,5.232017874306501,1.1232,37.1,2.2181,120122,1007.559,"[4.0916, 5.232]","[4.6124, 4.857]",4.856975431401946,2.6174051731553405e-8,optimized
s009,60,4.8396,hexspline_cl,hexspline_cl,2,false,recovery_failed,1030.7694399373984,4.967341455708936,,62.5,3.7380,459065,1030.769,"[4.5674, 4.9673]","[4.6116, 4.7719]",4.771914473379631,-0.12778161070893557,recovery_failed
s009,55,4.4363,hexspline_cl,hexspline_cl,2,false,not_run_after_fail,,,,0.0,,,,,,,,
s009,50,4.0330,hexspline_cl,hexspline_cl,2,false,not_run_after_fail,,,,0.0,,,,,,,,
s009,45,3.6297,hexspline_cl,hexspline_cl,2,false,not_run_after_fail,,,,0.0,,,,,,,,
s009,40,3.2264,hexspline_cl,hexspline_cl,2,false,not_run_after_fail,,,,0.0,,,,,,,,
s009,35,2.8231,hexspline_cl,hexspline_cl,2,false,not_run_after_fail,,,,0.0,,,,,,,,
s009,30,2.4198,hexspline_cl,hexspline_cl,2,false,not_run_after_fail,,,,0.0,,,,,,,,
s010,100,8.3710,hexspline_cl,hexspline_cl,2,true,,811.3521521513616,6.450351357754767,1.1456,76.1,4.6251,328876,811.352,"[5.2065, 6.4504]","[6.2043, 6.3892]",6.389154925612601,2.0914997376358935e-8,optimized
s010,95,7.9524,hexspline_cl,hexspline_cl,2,true,,808.2033175437455,6.317724377577874,1.1412,75.6,4.5993,328876,808.203,"[5.2391, 6.3177]","[6.2043, 6.3892]",6.389154925612601,1.1641428699152301e-7,optimized
s010,90,7.5339,hexspline_cl,hexspline_cl,2,true,,807.8115112158134,6.304579884761829,1.1406,76.0,4.6203,328876,807.812,"[5.1699, 6.3046]","[6.2043, 6.3892]",6.389154925612601,4.189518187230901e-9,optimized
s010,85,7.1153,hexspline_cl,hexspline_cl,2,true,,798.4455360100347,6.26727598866009,1.1274,73.3,4.4595,328876,798.446,"[4.9094, 6.2673]","[6.2043, 6.3892]",6.389154925612601,1.4416342127010484e-8,optimized
s010,80,6.6968,hexspline_cl,hexspline_cl,2,true,,840.720968430578,6.625889356434037,1.1871,74.5,4.5308,328876,840.721,"[5.2242, 6.6259]","[6.2043, 6.3892]",6.389154925612601,3.7098882459118965e-8,optimized
s010,75,6.2782,hexspline_cl,hexspline_cl,2,true,,873.3467828078246,5.523095249675304,1.2332,89.1,5.4191,500000,873.347,"[5.5173, 5.5231]","[6.2043, 6.3892]",6.389154925612601,1.7874454783850524e-5,optimized
s010,70,5.8597,hexspline_cl,hexspline_cl,2,true,,895.5654893099498,5.8266307446428645,1.2645,80.5,4.8928,500000,895.565,"[5.6313, 5.8266]","[6.2043, 6.3892]",6.389154925612601,0.009150270314221227,optimized
s010,65,5.4411,hexspline_cl,hexspline_cl,2,true,,886.2570592173637,5.375040638923426,1.2514,87.5,5.3211,500000,886.257,"[5.0435, 5.375]","[6.2043, 6.3892]",6.389154925612601,1.5712863159933477e-5,optimized
s010,60,5.0226,hexspline_cl,hexspline_cl,2,true,,944.173634229433,5.014379438439387,1.3332,84.6,5.1464,500000,944.174,"[4.889, 5.0144]","[6.2043, 6.3892]",6.389154925612601,0.005359776911130019,optimized
s010,55,4.6040,hexspline_cl,hexspline_cl,2,true,,946.581715378458,4.604039938556102,1.3366,81.0,4.9259,500000,946.582,"[4.9147, 4.604]","[6.2043, 6.3892]",6.389154925612601,1.0443898190715117e-8,optimized
s010,50,4.1855,hexspline_cl,hexspline_cl,2,false,recovery_failed,953.8552394449737,4.479285707385734,,84.2,5.1208,500000,953.855,"[4.8893, 4.4793]","[6.2043, 6.3892]",6.389154925612601,-0.29379475338573346,recovery_failed
s010,45,3.7669,hexspline_cl,hexspline_cl,2,false,not_run_after_fail,,,,0.0,,,,,,,,
s010,40,3.3484,hexspline_cl,hexspline_cl,2,false,not_run_after_fail,,,,0.0,,,,,,,,
s010,35,2.9298,hexspline_cl,hexspline_cl,2,false,not_run_after_fail,,,,0.0,,,,,,,,
s010,30,2.5113,hexspline_cl,hexspline_cl,2,false,not_run_after_fail,,,,0.0,,,,,,,,
s011,100,6.8163,hexspline_cl,hexspline_cl,2,true,,894.5587056578413,5.305223638347917,1.0409,32.7,2.0300,85764,894.559,"[0.8361, 5.3052]","[0.8495, 4.1469]",4.146940691803676,7.940544719531317e-7,optimized
s011,95,6.4755,hexspline_cl,hexspline_cl,2,true,,939.1936256919325,6.475485793226131,1.0928,32.1,1.9921,85764,939.194,"[0.8894, 6.4755]","[0.8495, 4.1469]",4.146940691803676,1.4127738694469372e-6,optimized
s011,90,6.1347,hexspline_cl,hexspline_cl,2,true,,894.4933825586072,5.887076417823204,1.0408,32.6,2.0232,85764,894.493,"[0.8544, 5.8871]","[0.8495, 4.1469]",4.146940691803676,0.00015106361638572707,optimized
s011,85,5.7939,hexspline_cl,hexspline_cl,2,true,,945.5571215285718,5.019797220279852,1.1002,32.4,2.0124,85764,945.557,"[0.8941, 5.0198]","[0.8495, 4.1469]",4.146940691803676,1.4715323314030683e-6,optimized
s011,80,5.4530,hexspline_cl,hexspline_cl,2,true,,922.471076033053,4.528151396754756,1.0734,32.0,1.9853,85764,922.471,"[0.8779, 4.5282]","[0.8495, 4.1469]",4.146940691803676,8.149191816324674e-6,optimized
s011,75,5.1122,hexspline_cl,hexspline_cl,2,true,,898.284077990376,5.112226636030427,1.0452,32.3,2.0021,85764,898.284,"[0.8317, 5.1122]","[0.8495, 4.1469]",4.146940691803676,3.15969573172481e-7,optimized
s011,70,4.7714,hexspline_cl,hexspline_cl,2,true,,926.659816216818,4.650380209452368,1.0783,31.8,1.9743,85764,926.66,"[0.8747, 4.6504]","[0.8495, 4.1469]",4.146940691803676,7.975833116484865e-6,optimized
s011,65,4.4306,hexspline_cl,hexspline_cl,2,true,,956.655146807798,3.9594816456501074,1.1132,32.7,2.0279,85764,956.655,"[0.86, 3.9595]","[0.8495, 4.1469]",4.146940691803676,1.6244739131503594e-5,optimized
s011,60,4.0898,hexspline_cl,hexspline_cl,2,true,,930.7919552451384,3.931347291135996,1.0831,32.8,2.0371,85766,930.792,"[1.0209, 3.9313]","[2.4411, 3.3688]",3.368779770003697,2.1345027918784343e-8,optimized
s011,55,3.7490,hexspline_cl,hexspline_cl,2,true,,972.8888381355622,3.611646205114655,1.1320,31.2,1.9345,85766,972.889,"[2.3998, 3.6116]","[2.4411, 3.3688]",3.368779770003697,0.010353142010202846,optimized
s011,50,3.4082,hexspline_cl,hexspline_cl,2,false,recovery_failed,972.6762132025165,3.611436923237224,,31.1,1.9308,85766,972.676,"[2.4018, 3.6114]","[2.4411, 3.3688]",3.368779770003697,-0.20328528823722358,recovery_failed
s011,45,3.0673,hexspline_cl,hexspline_cl,2,false,not_run_after_fail,,,,0.0,,,,,,,,
s011,40,2.7265,hexspline_cl,hexspline_cl,2,false,not_run_after_fail,,,,0.0,,,,,,,,
s011,35,2.3857,hexspline_cl,hexspline_cl,2,false,not_run_after_fail,,,,0.0,,,,,,,,
s011,30,2.0449,hexspline_cl,hexspline_cl,2,false,not_run_after_fail,,,,0.0,,,,,,,,
s012,100,8.6661,hexspline_cl,hexspline_cl,2,false,no_solution,null,null,,110.9,6.5447,500000,null,[],[],null,,
s012,95,8.2328,hexspline_cl,hexspline_cl,2,false,not_run_after_fail,,,,0.0,,,,,,,,
s012,90,7.7995,hexspline_cl,hexspline_cl,2,false,not_run_after_fail,,,,0.0,,,,,,,,
s012,85,7.3662,hexspline_cl,hexspline_cl,2,false,not_run_after_fail,,,,0.0,,,,,,,,
s012,80,6.9329,hexspline_cl,hexspline_cl,2,false,not_run_after_fail,,,,0.0,,,,,,,,
s012,75,6.4996,hexspline_cl,hexspline_cl,2,false,not_run_after_fail,,,,0.0,,,,,,,,
s012,70,6.0663,hexspline_cl,hexspline_cl,2,false,not_run_after_fail,,,,0.0,,,,,,,,
s012,65,5.6330,hexspline_cl,hexspline_cl,2,false,not_run_after_fail,,,,0.0,,,,,,,,
s012,60,5.1997,hexspline_cl,hexspline_cl,2,false,not_run_after_fail,,,,0.0,,,,,,,,
s012,55,4.7664,hexspline_cl,hexspline_cl,2,false,not_run_after_fail,,,,0.0,,,,,,,,
s012,50,4.3331,hexspline_cl,hexspline_cl,2,false,not_run_after_fail,,,,0.0,,,,,,,,
s012,45,3.8998,hexspline_cl,hexspline_cl,2,false,not_run_after_fail,,,,0.0,,,,,,,,
s012,40,3.4665,hexspline_cl,hexspline_cl,2,false,not_run_after_fail,,,,0.0,,,,,,,,
s012,35,3.0331,hexspline_cl,hexspline_cl,2,false,not_run_after_fail,,,,0.0,,,,,,,,
s012,30,2.5998,hexspline_cl,hexspline_cl,2,false,not_run_after_fail,,,,0.0,,,,,,,,
s013,100,9.2194,hexspline_cl,hexspline_cl,2,true,,692.1455606703164,8.724118151633402,0.8846,24.6,1.5207,23323,692.146,"[7.3621, 8.7241]","[8.3646, 9.0897]",9.08970264590021,0.005517247521279859,optimized
s013,95,8.7585,hexspline_cl,hexspline_cl,2,true,,701.6585227133538,8.701227500322771,0.8967,22.0,1.3589,24264,701.659,"[5.1365, 8.7012]","[6.3845, 7.5733]",7.573307950208441,0.008890313148764428,optimized
s013,90,8.2975,hexspline_cl,hexspline_cl,2,true,,691.0009060914448,8.119770481344684,0.8831,22.0,1.3627,24264,691.001,"[5.1053, 8.1198]","[6.3845, 7.5733]",7.573307950208441,0.011380862747017452,optimized
s013,85,7.8365,hexspline_cl,hexspline_cl,2,true,,691.9259142507284,7.836512658443444,0.8843,22.9,1.4154,24264,691.926,"[6.134, 7.8365]","[6.3845, 7.5733]",7.573307950208441,6.875565565778174e-7,optimized
s013,80,7.3755,hexspline_cl,hexspline_cl,2,true,,819.4306478767375,7.365742990745291,1.0473,27.5,1.7003,89373,819.431,"[5.1014, 7.3657]","[7.0841, 7.1291]",7.1291002284263225,0.0014994256018654936,optimized
s013,75,6.9146,hexspline_cl,hexspline_cl,2,true,,944.5676304229781,6.768314669299216,1.2072,50.8,3.1392,424295,944.568,"[6.6165, 6.7683]","[6.6117, 6.3982]",6.398218825360931,0.010772763238096027,optimized
s013,70,6.4536,hexspline_cl,hexspline_cl,2,true,,904.347830333761,6.453598741382206,1.1558,52.9,3.2685,424295,904.348,"[6.691, 6.4536]","[6.6117, 6.3982]",6.398218825360931,6.606177942458658e-7,optimized
s013,65,5.9926,hexspline_cl,hexspline_cl,2,false,recovery_failed,944.0643006489438,6.081894079384856,,54.7,3.3807,500000,944.064,"[6.6647, 6.0819]","[6.6117, 6.3982]",6.398218825360931,-0.08926599138485614,recovery_failed
s013,60,5.5317,hexspline_cl,hexspline_cl,2,false,not_run_after_fail,,,,0.0,,,,,,,,
s013,55,5.0707,hexspline_cl,hexspline_cl,2,false,not_run_after_fail,,,,0.0,,,,,,,,
s013,50,4.6097,hexspline_cl,hexspline_cl,2,false,not_run_after_fail,,,,0.0,,,,,,,,
s013,45,4.1487,hexspline_cl,hexspline_cl,2,false,not_run_after_fail,,,,0.0,,,,,,,,
s013,40,3.6878,hexspline_cl,hexspline_cl,2,false,not_run_after_fail,,,,0.0,,,,,,,,
s013,35,3.2268,hexspline_cl,hexspline_cl,2,false,not_run_after_fail,,,,0.0,,,,,,,,
s013,30,2.7658,hexspline_cl,hexspline_cl,2,false,not_run_after_fail,,,,0.0,,,,,,,,
s014,100,4.1696,hexspline_cl,hexspline_cl,2,true,,720.766917822901,4.150193165638703,1.1346,20.1,1.2511,5721,720.767,"[0.9246, 4.1502]","[0.9273, 3.8147]",3.814746746273465,0.011302394225673099,optimized
s014,95,3.9611,hexspline_cl,hexspline_cl,2,true,,709.6133721287911,2.0688593217908076,1.1171,20.4,1.2716,5721,709.613,"[0.8845, 2.0689]","[0.9273, 3.8147]",3.814746746273465,1.3906151577480763e-9,optimized
s014,90,3.7526,hexspline_cl,hexspline_cl,2,true,,693.5732004257634,3.0594405505736457,1.0918,20.4,1.2693,5732,693.573,"[1.4862, 3.0594]","[2.31, 3.7313]",3.731309131943752,8.095987644174407e-9,optimized
s014,85,3.5441,hexspline_cl,hexspline_cl,2,true,,703.1904228072069,3.544128070725133,1.1069,20.4,1.2707,5738,703.19,"[2.0472, 3.5441]","[2.2917, 3.3186]",3.318581836201915,6.027486731952081e-8,optimized
s014,80,3.3356,hexspline_cl,hexspline_cl,2,true,,712.2767214576161,3.209264664200491,1.1212,20.7,1.2905,5738,712.277,"[2.0602, 3.2093]","[2.2917, 3.3186]",3.318581836201915,3.2344717055821093e-6,optimized
s014,75,3.1272,hexspline_cl,hexspline_cl,2,true,,802.0737528848828,2.9080870839627906,1.2626,26.2,1.6357,94706,802.074,"[2.4179, 2.9081]","[2.9689, 3.1032]",3.103175246557383,4.107640847905714e-6,optimized
s014,70,2.9187,hexspline_cl,hexspline_cl,2,true,,897.7507033818771,2.501695404211328,1.4132,63.6,3.9616,500000,897.751,"[2.8956, 2.5017]","[2.9688, 3.1032]",3.1031575194252903,0.0016843222728854385,optimized
s014,65,2.7102,hexspline_cl,hexspline_cl,2,true,,930.8073810394174,2.5836655219464735,1.4653,56.9,3.5467,500000,930.807,"[2.8733, 2.5837]","[2.9688, 3.1032]",3.1031575194252903,0.008256330514141607,optimized
s014,60,2.5017,hexspline_cl,hexspline_cl,2,false,recovery_failed,930.8026993823397,2.5837457871192373,,57.0,3.5521,500000,930.803,"[2.8735, 2.5837]","[2.9688, 3.1032]",3.1031575194252903,-0.08200798811923704,recovery_failed
s014,55,2.2933,hexspline_cl,hexspline_cl,2,false,not_run_after_fail,,,,0.0,,,,,,,,
s014,50,2.0848,hexspline_cl,hexspline_cl,2,false,not_run_after_fail,,,,0.0,,,,,,,,
s014,45,1.8763,hexspline_cl,hexspline_cl,2,false,not_run_after_fail,,,,0.0,,,,,,,,
s014,40,1.6678,hexspline_cl,hexspline_cl,2,false,not_run_after_fail,,,,0.0,,,,,,,,
s014,35,1.4593,hexspline_cl,hexspline_cl,2,false,not_run_after_fail,,,,0.0,,,,,,,,
s014,30,1.2509,hexspline_cl,hexspline_cl,2,false,not_run_after_fail,,,,0.0,,,,,,,,
s015,100,5.6362,hexspline_cl,hexspline_cl,2,true,,832.0755564943936,5.636206466119991,0.9948,25.0,1.5018,27704,832.076,"[2.4061, 5.6362]","[2.6558, 3.9774]",3.97743135797875,1.9798800092729607e-6,optimized
s015,95,5.3544,hexspline_cl,hexspline_cl,2,true,,826.1070136748717,5.349573979134749,0.9877,25.9,1.5594,27704,826.107,"[2.4841, 5.3496]","[2.6558, 3.9774]",3.97743135797875,6.17069484258991e-7,optimized
s015,90,5.0726,hexspline_cl,hexspline_cl,2,true,,825.7113065039899,5.0067135983581315,0.9872,25.8,1.5515,27704,825.711,"[2.5163, 5.0067]","[2.6558, 3.9774]",3.97743135797875,1.9432495673422634e-6,optimized
s015,85,4.7908,hexspline_cl,hexspline_cl,2,true,,830.0939908705668,4.790777328692232,0.9924,25.9,1.5552,27704,830.094,"[2.6627, 4.7908]","[2.6558, 3.9774]",3.97743135797875,3.077680332808086e-10,optimized
s015,80,4.5090,hexspline_cl,hexspline_cl,2,true,,827.909973717792,4.508966883438929,0.9898,25.8,1.5495,27704,827.91,"[2.7838, 4.509]","[2.6558, 3.9774]",3.97743135797875,7.356107101230691e-8,optimized
s015,75,4.2272,hexspline_cl,hexspline_cl,2,true,,893.4678436610095,4.227156048261683,1.0682,26.7,1.6027,27704,893.468,"[2.5687, 4.2272]","[2.6558, 3.9774]",3.97743135797875,5.367383177912188e-7,optimized
s015,70,3.9453,hexspline_cl,hexspline_cl,2,true,,920.933928191059,3.945345711388876,1.1010,35.5,2.1349,182029,920.934,"[3.0567, 3.9453]","[3.0863, 3.8452]",3.8451902404540617,5.006111241101507e-7,optimized
s015,65,3.6635,hexspline_cl,hexspline_cl,2,false,recovery_failed,951.9871113764997,3.853280296233428,,34.4,2.0669,182031,951.987,"[2.6753, 3.8533]","[2.7104, 3.5683]",3.568268751585894,-0.18974445623342762,recovery_failed
s015,60,3.3817,hexspline_cl,hexspline_cl,2,false,not_run_after_fail,,,,0.0,,,,,,,,
s015,55,3.0999,hexspline_cl,hexspline_cl,2,false,not_run_after_fail,,,,0.0,,,,,,,,
s015,50,2.8181,hexspline_cl,hexspline_cl,2,false,not_run_after_fail,,,,0.0,,,,,,,,
s015,45,2.5363,hexspline_cl,hexspline_cl,2,false,not_run_after_fail,,,,0.0,,,,,,,,
s015,40,2.2545,hexspline_cl,hexspline_cl,2,false,not_run_after_fail,,,,0.0,,,,,,,,
s015,35,1.9727,hexspline_cl,hexspline_cl,2,false,not_run_after_fail,,,,0.0,,,,,,,,
s015,30,1.6909,hexspline_cl,hexspline_cl,2,false,not_run_after_fail,,,,0.0,,,,,,,,
s016,100,5.8476,hexspline_cl,hexspline_cl,2,true,,791.1844857476767,4.240755032655272,1.0192,19.9,1.2221,1841,791.184,"[0.6167, 4.2408]","[0.8525, 3.7108]",3.7108040449113067,0.011204126317073324,optimized
s016,95,5.5552,hexspline_cl,hexspline_cl,2,true,,791.3055609976132,4.292274848387377,1.0194,19.9,1.2232,1841,791.306,"[0.6155, 4.2923]","[0.8525, 3.7108]",3.7108040449113067,0.01227368754938644,optimized
s016,90,5.2628,hexspline_cl,hexspline_cl,2,true,,791.2745661975723,4.256211667651885,1.0193,20.0,1.2265,1841,791.275,"[0.6167, 4.2562]","[0.8525, 3.7108]",3.7108040449113067,0.012280933501793649,optimized
s016,85,4.9704,hexspline_cl,hexspline_cl,2,true,,809.6827961092848,4.08201664791424,1.0430,19.7,1.2071,1841,809.683,"[0.7677, 4.082]","[0.8525, 3.7108]",3.7108040449113067,0.009454803501971594,optimized
s016,80,4.6781,hexspline_cl,hexspline_cl,2,true,,791.2951657244809,4.1769728488948985,1.0194,19.8,1.2175,1841,791.295,"[0.6195, 4.177]","[0.8525, 3.7108]",3.7108040449113067,0.012282679138676637,optimized
s016,75,4.3857,hexspline_cl,hexspline_cl,2,true,,809.9238993514301,4.077017540917684,1.0434,19.5,1.2000,1841,809.924,"[0.774, 4.077]","[0.8525, 3.7108]",3.7108040449113067,0.009517665468916905,optimized
s016,70,4.0933,hexspline_cl,hexspline_cl,2,true,,805.7265361310812,2.53699372461168,1.0379,20.2,1.2425,1841,805.727,"[0.7917, 2.537]","[0.8525, 3.7108]",3.7108040449113067,0.011564902296484056,optimized
s016,65,3.8009,hexspline_cl,hexspline_cl,2,true,,817.6127898095226,3.741711001504546,1.0533,19.7,1.2075,1841,817.613,"[0.9057, 3.7417]","[0.8525, 3.7108]",3.7108040449113067,0.010339303865327948,optimized
s016,60,3.5085,hexspline_cl,hexspline_cl,2,true,,823.7289753268918,3.414790368796627,1.0611,21.7,1.3313,14197,823.729,"[0.7872, 3.4148]","[0.7763, 3.4426]",3.442604025491233,0.0007043732276766183,optimized
s016,55,3.2162,hexspline_cl,hexspline_cl,2,true,,940.1385661084241,3.196208682103666,1.2111,50.3,3.0910,334312,940.139,"[2.6958, 3.1962]","[2.9849, 3.1291]",3.129109200588449,1.1339162386825308e-9,optimized
s016,50,2.9238,hexspline_cl,hexspline_cl,2,true,,970.78824683591,2.657109224982515,1.2506,64.7,3.9761,500000,970.788,"[2.8927, 2.6571]","[2.9849, 3.1291]",3.1291091962246234,5.6298192703252425e-6,optimized
s016,45,2.6314,hexspline_cl,hexspline_cl,2,true,,970.1656936533333,2.516945866866894,1.2498,69.4,4.2592,500000,970.166,"[2.7663, 2.5169]","[2.9849, 3.1291]",3.1291091962246234,0.00691980267002891,optimized
s016,40,2.3390,hexspline_cl,hexspline_cl,2,false,recovery_failed,971.9583521774629,2.4318382380046195,,63.1,3.8727,500000,971.958,"[2.8322, 2.4318]","[2.9849, 3.1291]",3.1291091962246234,-0.09281061300461957,recovery_failed
s016,35,2.0466,hexspline_cl,hexspline_cl,2,false,not_run_after_fail,,,,0.0,,,,,,,,
s016,30,1.7543,hexspline_cl,hexspline_cl,2,false,not_run_after_fail,,,,0.0,,,,,,,,
s017,100,9.4853,hexspline_cl,hexspline_cl,2,true,,996.7173122545779,9.17577229864283,1.0641,58.0,3.4989,225258,996.717,"[7.3158, 9.1758]","[7.6349, 8.2219]",8.22186584261903,2.1864677016841805e-8,optimized
s017,95,9.0110,hexspline_cl,hexspline_cl,2,true,,1012.4878348455128,9.011000936678023,1.0809,58.1,3.5085,225258,1012.488,"[7.3155, 9.011]","[7.6349, 8.2219]",8.22186584261903,5.283219763896341e-7,optimized
s017,90,8.5367,hexspline_cl,hexspline_cl,2,true,,1044.808923686175,8.159806569763237,1.1154,56.5,3.4104,225258,1044.809,"[7.6147, 8.1598]","[7.6349, 8.2219]",8.22186584261903,0.01108886780279384,optimized
s017,85,8.0625,hexspline_cl,hexspline_cl,2,true,,1001.4582430759386,8.058890342416525,1.0691,59.4,3.5826,225261,1001.458,"[5.4282, 8.0589]","[7.0671, 7.286]",7.285977901487354,5.445785717736362e-5,optimized
s017,80,7.5882,hexspline_cl,hexspline_cl,2,true,,1012.916465828703,7.588211027851062,1.0814,57.5,3.4724,225261,1012.916,"[5.5664, 7.5882]","[7.0671, 7.286]",7.285977901487354,8.901489376711424e-7,optimized
s017,75,7.1139,hexspline_cl,hexspline_cl,2,true,,1089.5766001380575,7.078837751735598,1.1632,82.3,4.9684,485734,1089.577,"[6.9692, 7.0788]","[6.9988, 6.8843]",6.884305358734597,0.010782709271392172,optimized
s017,70,6.6397,hexspline_cl,hexspline_cl,2,false,recovery_failed,1071.0548535930507,6.841294343311289,,79.1,4.7710,500000,1071.055,"[6.9203, 6.8413]","[6.9987, 6.884]",6.884014206201831,-0.20160879031128864,recovery_failed
s017,65,6.1654,hexspline_cl,hexspline_cl,2,false,not_run_after_fail,,,,0.0,,,,,,,,
s017,60,5.6912,hexspline_cl,hexspline_cl,2,false,not_run_after_fail,,,,0.0,,,,,,,,
s017,55,5.2169,hexspline_cl,hexspline_cl,2,false,not_run_after_fail,,,,0.0,,,,,,,,
s017,50,4.7426,hexspline_cl,hexspline_cl,2,false,not_run_after_fail,,,,0.0,,,,,,,,
s017,45,4.2684,hexspline_cl,hexspline_cl,2,false,not_run_after_fail,,,,0.0,,,,,,,,
s017,40,3.7941,hexspline_cl,hexspline_cl,2,false,not_run_after_fail,,,,0.0,,,,,,,,
s017,35,3.3198,hexspline_cl,hexspline_cl,2,false,not_run_after_fail,,,,0.0,,,,,,,,
s017,30,2.8456,hexspline_cl,hexspline_cl,2,false,not_run_after_fail,,,,0.0,,,,,,,,
s018,100,9.4205,hexspline_cl,hexspline_cl,2,true,,808.4636334589327,2.461141965534667,1.0008,21.4,1.2788,560,808.464,"[1.5532, 2.4611]","[2.6967, 4.0192]",4.01916817106959,5.7409709735111346e-8,optimized
s018,95,8.9495,hexspline_cl,hexspline_cl,2,true,,808.511852385381,2.457307018935828,1.0009,21.3,1.2739,560,808.512,"[1.5715, 2.4573]","[2.6967, 4.0192]",4.01916817106959,3.0127222603619885e-5,optimized
s018,90,8.4785,hexspline_cl,hexspline_cl,2,true,,808.4296308922809,2.4460067589873296,1.0008,21.3,1.2715,560,808.43,"[1.5324, 2.446]","[2.6967, 4.0192]",4.01916817106959,1.7029223780818938e-6,optimized
s018,85,8.0074,hexspline_cl,hexspline_cl,2,true,,808.3792319229678,2.4356368003383406,1.0007,21.3,1.2737,560,808.379,"[1.5159, 2.4356]","[2.6967, 4.0192]",4.01916817106959,3.8819544809120994e-7,optimized
s018,80,7.5364,hexspline_cl,hexspline_cl,2,true,,808.4333905625782,2.4276894956966313,1.0008,21.4,1.2775,560,808.433,"[1.5314, 2.4277]","[2.6967, 4.0192]",4.01916817106959,2.308397401089678e-6,optimized
s018,75,7.0654,hexspline_cl,hexspline_cl,2,true,,808.4351714290965,2.4142436093759034,1.0008,21.4,1.2757,560,808.435,"[1.5086, 2.4142]","[2.6967, 4.0192]",4.01916817106959,4.7067814787260427e-7,optimized
s018,70,6.5944,hexspline_cl,hexspline_cl,2,true,,801.7127017421486,2.3079331204980233,0.9924,21.2,1.2656,560,801.713,"[1.3995, 2.3079]","[2.6967, 4.0192]",4.01916817106959,1.8893526901957558e-5,optimized
s018,65,6.1233,hexspline_cl,hexspline_cl,2,true,,807.1589481986404,2.4151341819849996,0.9992,21.5,1.2815,560,807.159,"[1.4406, 2.4151]","[2.6967, 4.0192]",4.01916817106959,5.744037696013947e-6,optimized
s018,60,5.6523,hexspline_cl,hexspline_cl,2,true,,809.4597133538574,2.3820527264733,1.0020,21.4,1.2798,560,809.46,"[1.4314, 2.3821]","[2.6967, 4.0192]",4.01916817106959,1.7707851210625449e-6,optimized
s018,55,5.1813,hexspline_cl,hexspline_cl,2,true,,808.0684228502623,2.3893561941403494,1.0003,21.3,1.2719,560,808.068,"[1.3804, 2.3894]","[2.6967, 4.0192]",4.01916817106959,1.0301121423277437e-5,optimized
s018,50,4.7103,hexspline_cl,hexspline_cl,2,true,,808.3595465454233,2.4031474271479056,1.0007,21.2,1.2675,560,808.36,"[1.34, 2.4031]","[2.6967, 4.0192]",4.01916817106959,2.8608981235956887e-6,optimized
s018,45,4.2392,hexspline_cl,hexspline_cl,2,true,,810.2941944847856,2.2664594167968675,1.0031,21.4,1.2755,560,810.294,"[1.3246, 2.2665]","[2.6967, 4.0192]",4.01916817106959,9.470073538546786e-6,optimized
s018,40,3.7682,hexspline_cl,hexspline_cl,2,true,,826.2122308892951,2.944989404435732,1.0228,21.9,1.3053,566,826.212,"[3.3801, 2.945]","[3.5562, 3.5954]",3.5954174851126965,2.6822025833122098e-5,optimized
s018,35,3.2972,hexspline_cl,hexspline_cl,2,true,,900.4430847252016,3.1646400185410375,1.1147,61.1,3.6474,500000,900.443,"[3.2838, 3.1646]","[3.3394, 3.3747]",3.3747409230826255,4.019509810859745e-5,optimized
s018,30,2.8262,hexspline_cl,hexspline_cl,2,true,,914.8359620694409,2.82402222317423,1.1325,62.4,3.7215,500000,914.836,"[3.2706, 2.824]","[3.3394, 3.3747]",3.3747409230826255,0.002131232825770102,optimized
s019,100,5.4267,hexspline_cl,hexspline_cl,2,true,,960.4390731820771,5.426663818910079,1.0617,75.2,4.4560,338127,960.439,"[2.1812, 5.4267]","[3.4013, 4.0407]",4.040743082044708,7.850899210737339e-7,optimized
s019,95,5.1553,hexspline_cl,hexspline_cl,2,true,,973.5384259858525,5.155327236284382,1.0762,76.6,4.5358,338127,973.538,"[2.118, 5.1553]","[3.4013, 4.0407]",4.040743082044708,4.1877156178316e-6,optimized
s019,90,4.8840,hexspline_cl,hexspline_cl,2,true,,975.0995329218493,4.883997790171853,1.0779,75.6,4.4754,338127,975.1,"[2.1116, 4.884]","[3.4013, 4.0407]",4.040743082044708,4.5282814653546666e-7,optimized
s019,85,4.6127,hexspline_cl,hexspline_cl,2,true,,972.2997281385643,4.6126617733129125,1.0748,78.8,4.6700,338127,972.3,"[2.4671, 4.6127]","[3.4013, 4.0407]",4.040743082044708,3.2896870880705364e-6,optimized
s019,80,4.3413,hexspline_cl,hexspline_cl,2,true,,982.5973027078988,4.341331678196246,1.0862,75.8,4.4895,338127,982.597,"[3.4219, 4.3413]","[3.4013, 4.0407]",4.040743082044708,2.0480375440001808e-7,optimized
s019,75,4.0700,hexspline_cl,hexspline_cl,2,true,,978.3161844516735,3.7729379751687038,1.0815,75.0,4.4440,338127,978.316,"[3.4889, 3.7729]","[3.4013, 4.0407]",4.040743082044708,3.459812449728815e-6,optimized
s019,70,3.7987,hexspline_cl,hexspline_cl,2,true,,1021.8410448382588,3.7977318387430006,1.1296,69.9,4.1380,338128,1021.841,"[3.4135, 3.7977]","[3.4269, 3.7226]",3.7225781025066027,0.0009336842569993564,optimized
s019,65,3.5273,hexspline_cl,hexspline_cl,2,false,recovery_failed,1027.1760298282968,3.6640499849023085,,81.4,4.8205,500000,1027.176,"[3.4014, 3.664]","[3.4269, 3.7226]",3.7225750979603025,-0.13671764290230826,recovery_failed
s019,60,3.2560,hexspline_cl,hexspline_cl,2,false,not_run_after_fail,,,,0.0,,,,,,,,
s019,55,2.9847,hexspline_cl,hexspline_cl,2,false,not_run_after_fail,,,,0.0,,,,,,,,
s019,50,2.7133,hexspline_cl,hexspline_cl,2,false,not_run_after_fail,,,,0.0,,,,,,,,
s019,45,2.4420,hexspline_cl,hexspline_cl,2,false,not_run_after_fail,,,,0.0,,,,,,,,
s019,40,2.1707,hexspline_cl,hexspline_cl,2,false,not_run_after_fail,,,,0.0,,,,,,,,
s019,35,1.8993,hexspline_cl,hexspline_cl,2,false,not_run_after_fail,,,,0.0,,,,,,,,
s019,30,1.6280,hexspline_cl,hexspline_cl,2,false,not_run_after_fail,,,,0.0,,,,,,,,
s020,100,6.8907,hexspline_cl,hexspline_cl,2,true,,687.3619154429197,6.4213740533730554,1.0196,20.8,1.2987,12774,687.362,"[3.1402, 6.4214]","[4.5094, 5.3559]",5.355860924019822,0.01170795382405995,optimized
s020,95,6.5461,hexspline_cl,hexspline_cl,2,true,,688.2733636957563,5.963994929170591,1.0209,20.7,1.2962,12774,688.273,"[3.0508, 5.964]","[4.5094, 5.3559]",5.355860924019822,0.013842543582262157,optimized
s020,90,6.2016,hexspline_cl,hexspline_cl,2,true,,688.748830040456,5.874269552771306,1.0216,20.4,1.2783,12774,688.749,"[3.1161, 5.8743]","[4.5094, 5.3559]",5.355860924019822,3.238517671885665e-5,optimized
s020,85,5.8571,hexspline_cl,hexspline_cl,2,true,,687.7526234887218,5.772145906385967,1.0202,20.5,1.2828,12774,687.753,"[2.0192, 5.7721]","[4.5094, 5.3559]",5.355860924019822,0.013081463313398546,optimized
s020,80,5.5125,hexspline_cl,hexspline_cl,2,true,,690.2163131660388,5.498942208153427,1.0238,20.5,1.2793,12774,690.216,"[2.6418, 5.4989]","[4.5094, 5.3559]",5.355860924019822,8.455545592449653e-6,optimized
s020,75,5.1680,hexspline_cl,hexspline_cl,2,true,,738.5806251828526,5.162405709437852,1.0955,24.1,1.5056,73973,738.581,"[1.7525, 5.1624]","[2.1153, 4.157]",4.1570080199290915,0.0055910145621478335,optimized
s020,70,4.8235,hexspline_cl,hexspline_cl,2,true,,741.335593733499,4.823462615424679,1.0996,24.0,1.5033,73973,741.336,"[1.9019, 4.8235]","[2.1153, 4.157]",4.1570080199290915,1.0605753208992041e-6,optimized
s020,65,4.4789,hexspline_cl,hexspline_cl,2,true,,749.5572337081039,4.139445568801964,1.1118,24.7,1.5476,73973,749.557,"[2.1278, 4.1394]","[2.1153, 4.157]",4.1570080199290915,4.802441937179491e-8,optimized
s020,60,4.1344,hexspline_cl,hexspline_cl,2,true,,875.84627719625,3.9846795757204663,1.2992,52.1,3.2570,500000,875.846,"[2.1725, 3.9847]","[2.1151, 4.1561]",4.156126036959981,0.0115239573539517,optimized
s020,55,3.7899,hexspline_cl,hexspline_cl,2,true,,877.482521123644,3.7898528526674364,1.3016,55.5,3.4688,500000,877.483,"[2.1918, 3.7899]","[2.1151, 4.1561]",4.156126036959981,1.1678332563658245e-5,optimized
s020,50,3.4453,hexspline_cl,hexspline_cl,2,false,recovery_failed,877.5053108471135,3.742326442663352,,52.4,3.2799,500000,877.505,"[2.1912, 3.7423]","[2.1151, 4.1561]",4.156126036959981,-0.29699495966335165,recovery_failed
s020,45,3.1008,hexspline_cl,hexspline_cl,2,false,not_run_after_fail,,,,0.0,,,,,,,,
s020,40,2.7563,hexspline_cl,hexspline_cl,2,false,not_run_after_fail,,,,0.0,,,,,,,,
s020,35,2.4117,hexspline_cl,hexspline_cl,2,false,not_run_after_fail,,,,0.0,,,,,,,,
s020,30,2.0672,hexspline_cl,hexspline_cl,2,false,not_run_after_fail,,,,0.0,,,,,,,,
s021,100,9.5860,hexspline_cl,hexspline_cl,2,true,,709.9189647597963,7.9204079726998975,1.0135,19.8,1.2133,373,709.919,"[0.9183, 7.9204]","[0.9069, 9.0274]",9.027439092679536,0.015463686387815374,optimized
s021,95,9.1067,hexspline_cl,hexspline_cl,2,true,,745.9282763158762,9.102798889335384,1.0649,19.1,1.1728,373,745.928,"[0.9033, 9.1028]","[0.9069, 9.0274]",9.027439092679536,0.003891763664615411,optimized
s021,90,8.6274,hexspline_cl,hexspline_cl,2,true,,710.1628392203817,8.552070225335218,1.0139,19.9,1.2202,832,710.163,"[1.6422, 8.5521]","[2.7637, 7.2656]",7.265554500443932,0.01636631113637556,optimized
s021,85,8.1481,hexspline_cl,hexspline_cl,2,true,,710.0140602958614,8.108450585718183,1.0137,19.9,1.2197,832,710.014,"[1.5929, 8.1085]","[2.7637, 7.2656]",7.265554500443932,0.01600395036601824,optimized
s021,80,7.6688,hexspline_cl,hexspline_cl,2,true,,704.1827312108618,7.668778902355187,1.0053,19.8,1.2110,832,704.183,"[1.3782, 7.6688]","[2.7637, 7.2656]",7.265554500443932,1.3384644813818625e-5,optimized
s021,75,7.1895,hexspline_cl,hexspline_cl,2,true,,703.4146111977454,7.189489820589015,1.0042,22.3,1.3694,43906,703.415,"[0.78, 7.1895]","[2.6274, 6.3626]",6.362634708555081,3.0104109844941718e-6,optimized
s021,70,6.7102,hexspline_cl,hexspline_cl,2,true,,735.2652814754406,6.11717832995229,1.0497,23.5,1.4389,43906,735.265,"[0.9721, 6.1172]","[2.6274, 6.3626]",6.362634708555081,3.508348013145368e-8,optimized
s021,65,6.2309,hexspline_cl,hexspline_cl,2,true,,825.0848591119241,6.157053668950311,1.1780,21.5,1.3164,43910,825.085,"[4.4866, 6.1571]","[4.5368, 6.2227]",6.222747873897304,0.011201592685419185,optimized
s021,60,5.7516,hexspline_cl,hexspline_cl,2,true,,759.6467857026089,5.751594354815131,1.0845,24.0,1.4699,53052,759.647,"[3.9757, 5.7516]","[4.2551, 5.3759]",5.375880447232909,1.1018486922864668e-7,optimized
s021,55,5.2723,hexspline_cl,hexspline_cl,2,true,,787.6108028036351,5.077132441967906,1.1245,51.0,3.1252,500000,787.611,"[3.8152, 5.0771]","[4.254, 5.3751]",5.375060166777174,6.010329029609851e-9,optimized
s021,50,4.7930,hexspline_cl,hexspline_cl,2,false,recovery_failed,807.4020529469238,4.940093582216585,,49.7,3.0473,500000,807.402,"[3.8487, 4.9401]","[4.254, 5.3751]",5.375060166777174,-0.14709802821658524,recovery_failed
s021,45,4.3137,hexspline_cl,hexspline_cl,2,false,not_run_after_fail,,,,0.0,,,,,,,,
s021,40,3.8344,hexspline_cl,hexspline_cl,2,false,not_run_after_fail,,,,0.0,,,,,,,,
s021,35,3.3551,hexspline_cl,hexspline_cl,2,false,not_run_after_fail,,,,0.0,,,,,,,,
s021,30,2.8758,hexspline_cl,hexspline_cl,2,false,not_run_after_fail,,,,0.0,,,,,,,,
s022,100,9.1438,hexspline_cl,hexspline_cl,2,false,no_solution,null,null,,101.8,6.2518,500000,null,[],[],null,,
s022,95,8.6866,hexspline_cl,hexspline_cl,2,false,not_run_after_fail,,,,0.0,,,,,,,,
s022,90,8.2294,hexspline_cl,hexspline_cl,2,false,not_run_after_fail,,,,0.0,,,,,,,,
s022,85,7.7722,hexspline_cl,hexspline_cl,2,false,not_run_after_fail,,,,0.0,,,,,,,,
s022,80,7.3150,hexspline_cl,hexspline_cl,2,false,not_run_after_fail,,,,0.0,,,,,,,,
s022,75,6.8578,hexspline_cl,hexspline_cl,2,false,not_run_after_fail,,,,0.0,,,,,,,,
s022,70,6.4006,hexspline_cl,hexspline_cl,2,false,not_run_after_fail,,,,0.0,,,,,,,,
s022,65,5.9434,hexspline_cl,hexspline_cl,2,false,not_run_after_fail,,,,0.0,,,,,,,,
s022,60,5.4863,hexspline_cl,hexspline_cl,2,false,not_run_after_fail,,,,0.0,,,,,,,,
s022,55,5.0291,hexspline_cl,hexspline_cl,2,false,not_run_after_fail,,,,0.0,,,,,,,,
s022,50,4.5719,hexspline_cl,hexspline_cl,2,false,not_run_after_fail,,,,0.0,,,,,,,,
s022,45,4.1147,hexspline_cl,hexspline_cl,2,false,not_run_after_fail,,,,0.0,,,,,,,,
s022,40,3.6575,hexspline_cl,hexspline_cl,2,false,not_run_after_fail,,,,0.0,,,,,,,,
s022,35,3.2003,hexspline_cl,hexspline_cl,2,false,not_run_after_fail,,,,0.0,,,,,,,,
s022,30,2.7431,hexspline_cl,hexspline_cl,2,false,not_run_after_fail,,,,0.0,,,,,,,,
s023,100,4.2255,hexspline_cl,hexspline_cl,2,true,,720.7669178231706,4.164408246629361,1.1048,19.7,1.2281,2728,720.767,"[0.9344, 4.1644]","[0.9374, 3.8588]",3.858767863145244,0.011302394225672547,optimized
s023,95,4.0142,hexspline_cl,hexspline_cl,2,true,,705.5055991252265,2.1181200165649656,1.0814,21.2,1.3243,2728,705.506,"[0.8729, 2.1181]","[0.9374, 3.8588]",3.858767863145244,1.91044619221592e-8,optimized
s023,90,3.8030,hexspline_cl,hexspline_cl,2,true,,685.1944695658519,2.9738930757057287,1.0503,20.6,1.2866,2813,685.194,"[2.0439, 2.9739]","[2.5, 3.7244]",3.724363755703935,1.476179136261635e-6,optimized
s023,85,3.5917,hexspline_cl,hexspline_cl,2,true,,700.8916342955121,3.5916945159542704,1.0744,20.3,1.2700,2860,700.892,"[2.1327, 3.5917]","[2.4012, 3.3587]",3.3586932550243564,2.904572982131981e-8,optimized
s023,80,3.3804,hexspline_cl,hexspline_cl,2,true,,713.3922720128869,3.3466683247690336,1.0935,20.4,1.2760,2860,713.392,"[2.2004, 3.3467]","[2.4012, 3.3587]",3.3586932550243564,3.881987595377723e-6,optimized
s023,75,3.1691,hexspline_cl,hexspline_cl,2,true,,714.1299520626123,2.770109648866996,1.0946,19.7,1.2288,2890,714.13,"[2.8746, 2.7701]","[3.0189, 3.1379]",3.137934366874193,0.009102641336815542,optimized
s023,70,2.9579,hexspline_cl,hexspline_cl,2,true,,895.0681310158369,2.4969877127536,1.3720,65.2,4.0780,500000,895.068,"[2.9557, 2.497]","[3.0169, 3.1358]",3.1358081503215542,0.001494954393059432,optimized
s023,65,2.7466,hexspline_cl,hexspline_cl,2,true,,930.64501976851,2.5836267854614037,1.4265,57.9,3.6166,500000,930.645,"[2.9318, 2.5836]","[3.0169, 3.1358]",3.1358081503215542,0.008186637423253842,optimized
s023,60,2.5353,hexspline_cl,hexspline_cl,2,false,recovery_failed,930.6320314176965,2.5837970107931376,,58.8,3.6734,500000,930.632,"[2.932, 2.5838]","[3.0169, 3.1358]",3.1358081503215542,-0.04848292079313765,recovery_failed
s023,55,2.3240,hexspline_cl,hexspline_cl,2,false,not_run_after_fail,,,,0.0,,,,,,,,
s023,50,2.1128,hexspline_cl,hexspline_cl,2,false,not_run_after_fail,,,,0.0,,,,,,,,
s023,45,1.9015,hexspline_cl,hexspline_cl,2,false,not_run_after_fail,,,,0.0,,,,,,,,
s023,40,1.6902,hexspline_cl,hexspline_cl,2,false,not_run_after_fail,,,,0.0,,,,,,,,
s023,35,1.4789,hexspline_cl,hexspline_cl,2,false,not_run_after_fail,,,,0.0,,,,,,,,
s023,30,1.2677,hexspline_cl,hexspline_cl,2,false,not_run_after_fail,,,,0.0,,,,,,,,
s024,100,6.7650,hexspline_cl,hexspline_cl,2,false,no_solution,null,null,,99.1,5.9312,500000,null,[],[],null,,
s024,95,6.4267,hexspline_cl,hexspline_cl,2,false,not_run_after_fail,,,,0.0,,,,,,,,
s024,90,6.0885,hexspline_cl,hexspline_cl,2,false,not_run_after_fail,,,,0.0,,,,,,,,
s024,85,5.7502,hexspline_cl,hexspline_cl,2,false,not_run_after_fail,,,,0.0,,,,,,,,
s024,80,5.4120,hexspline_cl,hexspline_cl,2,false,not_run_after_fail,,,,0.0,,,,,,,,
s024,75,5.0737,hexspline_cl,hexspline_cl,2,false,not_run_after_fail,,,,0.0,,,,,,,,
s024,70,4.7355,hexspline_cl,hexspline_cl,2,false,not_run_after_fail,,,,0.0,,,,,,,,
s024,65,4.3972,hexspline_cl,hexspline_cl,2,false,not_run_after_fail,,,,0.0,,,,,,,,
s024,60,4.0590,hexspline_cl,hexspline_cl,2,false,not_run_after_fail,,,,0.0,,,,,,,,
s024,55,3.7207,hexspline_cl,hexspline_cl,2,false,not_run_after_fail,,,,0.0,,,,,,,,
s024,50,3.3825,hexspline_cl,hexspline_cl,2,false,not_run_after_fail,,,,0.0,,,,,,,,
s024,45,3.0442,hexspline_cl,hexspline_cl,2,false,not_run_after_fail,,,,0.0,,,,,,,,
s024,40,2.7060,hexspline_cl,hexspline_cl,2,false,not_run_after_fail,,,,0.0,,,,,,,,
s024,35,2.3677,hexspline_cl,hexspline_cl,2,false,not_run_after_fail,,,,0.0,,,,,,,,
s024,30,2.0295,hexspline_cl,hexspline_cl,2,false,not_run_after_fail,,,,0.0,,,,,,,,
s025,100,4.5790,hexspline_cl,hexspline_cl,2,true,,863.9097484274511,3.773204532025006,1.0672,21.1,1.3110,7400,863.91,"[3.77, 3.7732]","[5.2994, 4.5788]",4.578773529213857,0.015639177109734784,optimized
s025,95,4.3500,hexspline_cl,hexspline_cl,2,true,,862.9346341811518,3.0761928902637807,1.0660,20.3,1.2626,7657,862.935,"[1.6461, 3.0762]","[1.6563, 3.7547]",3.754671033553832,0.011569714720331699,optimized
s025,90,4.1211,hexspline_cl,hexspline_cl,2,true,,862.9346341873256,3.0761928900284836,1.0660,20.4,1.2683,7657,862.935,"[1.6461, 3.0762]","[1.6563, 3.7547]",3.754671033553832,0.01156971472033161,optimized
s025,85,3.8921,hexspline_cl,hexspline_cl,2,true,,862.9346341941315,3.07619288979164,1.0660,20.3,1.2580,7657,862.935,"[1.6461, 3.0762]","[1.6563, 3.7547]",3.754671033553832,0.011569714720331454,optimized
s025,80,3.6632,hexspline_cl,hexspline_cl,2,true,,897.8770325780895,3.6450949210904935,1.1091,22.6,1.4035,23189,897.877,"[2.9184, 3.6451]","[3.0424, 3.4796]",3.479561132599162,1.2720847961805726e-8,optimized
s025,75,3.4342,hexspline_cl,hexspline_cl,2,true,,1013.9823304821746,3.415314365249507,1.2525,56.0,3.4762,500000,1013.982,"[3.0026, 3.4153]","[3.037, 3.4727]",3.4727415322793767,0.008559076835757674,optimized
s025,70,3.2053,hexspline_cl,hexspline_cl,2,false,recovery_failed,1016.063601092468,3.25079577838853,,54.9,3.4082,500000,1016.064,"[2.9959, 3.2508]","[3.037, 3.4727]",3.4727415322793767,-0.0454953523885302,recovery_failed
s025,65,2.9763,hexspline_cl,hexspline_cl,2,false,not_run_after_fail,,,,0.0,,,,,,,,
s025,60,2.7474,hexspline_cl,hexspline_cl,2,false,not_run_after_fail,,,,0.0,,,,,,,,
s025,55,2.5184,hexspline_cl,hexspline_cl,2,false,not_run_after_fail,,,,0.0,,,,,,,,
s025,50,2.2895,hexspline_cl,hexspline_cl,2,false,not_run_after_fail,,,,0.0,,,,,,,,
s025,45,2.0605,hexspline_cl,hexspline_cl,2,false,not_run_after_fail,,,,0.0,,,,,,,,
s025,40,1.8316,hexspline_cl,hexspline_cl,2,false,not_run_after_fail,,,,0.0,,,,,,,,
s025,35,1.6026,hexspline_cl,hexspline_cl,2,false,not_run_after_fail,,,,0.0,,,,,,,,
s025,30,1.3737,hexspline_cl,hexspline_cl,2,false,not_run_after_fail,,,,0.0,,,,,,,,
s026,100,7.6316,hexspline_cl,hexspline_cl,2,true,,895.5526234312532,5.414323173229159,1.0933,65.0,4.0329,279654,895.553,"[5.2897, 5.4143]","[5.8621, 6.6153]",6.615252582693167,4.634094534494704e-8,optimized
s026,95,7.2501,hexspline_cl,hexspline_cl,2,true,,857.3580471633215,5.363557929397749,1.0466,63.6,3.9444,279654,857.358,"[5.0651, 5.3636]","[5.8621, 6.6153]",6.615252582693167,6.937526671191296e-9,optimized
s026,90,6.8685,hexspline_cl,hexspline_cl,2,true,,900.0757028385032,5.548700547563002,1.0988,64.3,3.9889,279654,900.076,"[5.2965, 5.5487]","[5.8621, 6.6153]",6.615252582693167,4.9603392723168716e-8,optimized
s026,85,6.4869,hexspline_cl,hexspline_cl,2,true,,943.5473623577521,6.266947437485417,1.1518,84.5,5.2417,500000,943.547,"[6.0191, 6.2669]","[5.8613, 6.6148]",6.614782354889584,0.011838432543844438,optimized
s026,80,6.1053,hexspline_cl,hexspline_cl,2,false,recovery_failed,940.0749228237275,6.1183873694551805,,78.7,4.8787,500000,940.075,"[5.9242, 6.1184]","[5.8613, 6.6148]",6.614782354889584,-0.013076380455180114,recovery_failed
s026,75,5.7237,hexspline_cl,hexspline_cl,2,false,not_run_after_fail,,,,0.0,,,,,,,,
s026,70,5.3421,hexspline_cl,hexspline_cl,2,false,not_run_after_fail,,,,0.0,,,,,,,,
s026,65,4.9606,hexspline_cl,hexspline_cl,2,false,not_run_after_fail,,,,0.0,,,,,,,,
s026,60,4.5790,hexspline_cl,hexspline_cl,2,false,not_run_after_fail,,,,0.0,,,,,,,,
s026,55,4.1974,hexspline_cl,hexspline_cl,2,false,not_run_after_fail,,,,0.0,,,,,,,,
s026,50,3.8158,hexspline_cl,hexspline_cl,2,false,not_run_after_fail,,,,0.0,,,,,,,,
s026,45,3.4342,hexspline_cl,hexspline_cl,2,false,not_run_after_fail,,,,0.0,,,,,,,,
s026,40,3.0527,hexspline_cl,hexspline_cl,2,false,not_run_after_fail,,,,0.0,,,,,,,,
s026,35,2.6711,hexspline_cl,hexspline_cl,2,false,not_run_after_fail,,,,0.0,,,,,,,,
s026,30,2.2895,hexspline_cl,hexspline_cl,2,false,not_run_after_fail,,,,0.0,,,,,,,,
s027,100,5.5807,hexspline_cl,hexspline_cl,2,true,,607.4932376385348,4.339007141810593,0.9986,19.2,1.1960,32,607.493,"[0.76, 4.339]","[0.8342, 4.063]",4.063032877131234,1.0871929535165692e-5,optimized
s027,95,5.3017,hexspline_cl,hexspline_cl,2,true,,607.461242019014,4.223579966123853,0.9986,19.2,1.1999,32,607.461,"[0.7592, 4.2236]","[0.8342, 4.063]",4.063032877131234,9.261425193722972e-6,optimized
s027,90,5.0227,hexspline_cl,hexspline_cl,2,true,,607.1150252741093,3.94688413263191,0.9980,19.4,1.2075,32,607.115,"[0.7562, 3.9469]","[0.8342, 4.063]",4.063032877131234,1.0636504182693897e-6,optimized
s027,85,4.7436,hexspline_cl,hexspline_cl,2,true,,607.7448472959578,3.6889424023954858,0.9990,19.2,1.1991,32,607.745,"[0.8067, 3.6889]","[0.8342, 4.063]",4.063032877131234,2.3159480181471736e-5,optimized
s027,80,4.4646,hexspline_cl,hexspline_cl,2,true,,630.0075580609113,3.430288644888919,1.0356,20.1,1.2520,32,630.008,"[0.8221, 3.4303]","[0.8342, 4.063]",4.063032877131234,3.5919127998329525e-8,optimized
s027,75,4.1855,hexspline_cl,hexspline_cl,2,true,,632.4618660657343,2.6306542394403514,1.0397,19.9,1.2423,32,632.462,"[0.8231, 2.6307]","[0.8342, 4.063]",4.063032877131234,4.114066181823417e-8,optimized
s027,70,3.9065,hexspline_cl,hexspline_cl,2,true,,627.0016928664115,3.265558921302562,1.0307,19.8,1.2339,81,627.002,"[2.1017, 3.2656]","[2.0265, 3.7101]",3.7100820233333605,3.288501897874552e-8,optimized
s027,65,3.6275,hexspline_cl,hexspline_cl,2,true,,682.4708072612883,3.6274748587649395,1.1219,20.4,1.2747,338,682.471,"[1.9483, 3.6275]","[1.9899, 3.317]",3.316982364643951,4.2823506074540774e-7,optimized
s027,60,3.3484,hexspline_cl,hexspline_cl,2,true,,695.3075377210495,3.348438486643294,1.1430,20.2,1.2570,338,695.308,"[2.056, 3.3484]","[1.9899, 3.317]",3.316982364643951,3.1635670616481093e-7,optimized
s027,55,3.0694,hexspline_cl,hexspline_cl,2,true,,931.3237601775423,2.5077332479404566,1.5309,57.1,3.5649,500000,931.324,"[2.5558, 2.5077]","[2.7948, 3.078]",3.0779747041262415,1.412389173671702e-8,optimized
s027,50,2.7904,hexspline_cl,hexspline_cl,2,true,,968.4633748386237,2.2881766843651428,1.5920,59.3,3.7008,500000,968.463,"[2.7532, 2.2882]","[2.7948, 3.078]",3.0779747041262415,0.00854927287478028,optimized
s027,45,2.5113,hexspline_cl,hexspline_cl,2,true,,968.48434461033,2.288309851839896,1.5920,55.4,3.4579,500000,968.484,"[2.7536, 2.2883]","[2.7948, 3.078]",3.0779747041262415,0.00854458317560925,optimized
s027,40,2.2323,hexspline_cl,hexspline_cl,2,false,recovery_failed,968.4997304200507,2.288470920734071,,53.2,3.3190,500000,968.5,"[2.7539, 2.2885]","[2.7948, 3.078]",3.0779747041262415,-0.056178051734070866,recovery_failed
s027,35,1.9533,hexspline_cl,hexspline_cl,2,false,not_run_after_fail,,,,0.0,,,,,,,,
s027,30,1.6742,hexspline_cl,hexspline_cl,2,false,not_run_after_fail,,,,0.0,,,,,,,,
s028,100,9.2040,hexspline_cl,hexspline_cl,2,true,,864.3383388832174,4.975530026732837,0.9214,106.1,6.4552,483051,864.338,"[0.8873, 4.9755]","[1.6925, 4.0686]",4.068635526206571,1.2077967584400717e-9,optimized
s028,95,8.7438,hexspline_cl,hexspline_cl,2,true,,863.0124621559844,4.939915614936294,0.9200,107.6,6.5463,483051,863.012,"[0.8847, 4.9399]","[1.6925, 4.0686]",4.068635526206571,1.8110935598447675e-9,optimized
s028,90,8.2836,hexspline_cl,hexspline_cl,2,true,,848.4945633039778,4.887047235847193,0.9045,106.6,6.4839,483051,848.495,"[0.853, 4.887]","[1.6925, 4.0686]",4.068635526206571,9.279884004634309e-8,optimized
s028,85,7.8234,hexspline_cl,hexspline_cl,2,true,,866.0497874848036,4.981001550934593,0.9232,106.6,6.4847,483051,866.05,"[0.8942, 4.981]","[1.6925, 4.0686]",4.068635526206571,3.6970425124072115e-9,optimized
s028,80,7.3632,hexspline_cl,hexspline_cl,2,true,,849.41787881359,4.886490962288419,0.9055,107.7,6.5504,483051,849.418,"[0.8494, 4.8865]","[1.6925, 4.0686]",4.068635526206571,1.4435533741627427e-7,optimized
s028,75,6.9030,hexspline_cl,hexspline_cl,2,true,,845.3981186297959,4.862411696021818,0.9012,108.5,6.5997,483051,845.398,"[0.8536, 4.8624]","[1.6925, 4.0686]",4.068635526206571,3.6393820145030897e-9,optimized
s028,70,6.4428,hexspline_cl,hexspline_cl,2,true,,850.0659298410154,4.856915615464038,0.9062,106.2,6.4613,483051,850.066,"[0.8547, 4.8569]","[1.6925, 4.0686]",4.068635526206571,3.4499311289681867e-9,optimized
s028,65,5.9826,hexspline_cl,hexspline_cl,2,true,,864.4050135210787,4.94864394490552,0.9215,106.4,6.4713,483051,864.405,"[0.8868, 4.9486]","[1.6925, 4.0686]",4.068635526206571,1.0304580404241204e-8,optimized
s028,60,5.5224,hexspline_cl,hexspline_cl,2,true,,951.830528396822,5.522408409243256,1.0147,106.9,6.5023,483051,951.831,"[1.5035, 5.5224]","[1.6925, 4.0686]",4.068635526206571,1.1417567442606469e-6,optimized
s028,55,5.0622,hexspline_cl,hexspline_cl,2,true,,926.8373543359353,4.228279921001916,0.9880,104.6,6.3651,483051,926.837,"[1.7878, 4.2283]","[1.6925, 4.0686]",4.068635526206571,0.0023110476540750824,optimized
s028,50,4.6020,hexspline_cl,hexspline_cl,2,true,,937.1544319677618,4.598558995082761,0.9990,106.5,6.4766,483051,937.154,"[1.5447, 4.5986]","[1.6925, 4.0686]",4.068635526206571,1.0766578614068711e-7,optimized
s028,45,4.1418,hexspline_cl,hexspline_cl,2,true,,981.1603493503281,4.008577602645045,1.0459,97.4,5.9272,483051,981.16,"[1.7936, 4.0086]","[1.6925, 4.0686]",4.068635526206571,0.0103681221080548,optimized
s028,40,3.6816,hexspline_cl,hexspline_cl,2,true,,944.6397116842245,3.678335553360129,1.0070,103.3,6.2874,488335,944.64,"[2.4448, 3.6783]","[2.8109, 3.4079]",3.407896600562931,3.466834084045467e-8,optimized
s028,35,3.2214,hexspline_cl,hexspline_cl,2,true,,978.4036780708908,3.20930344986444,1.0430,102.3,6.2215,500000,978.404,"[2.7464, 3.2093]","[2.8109, 3.4079]",3.407885553403989,0.009588515930040228,optimized
s028,30,2.7612,hexspline_cl,hexspline_cl,2,false,recovery_failed,979.3484215819965,3.111636909531693,,99.0,6.0207,500000,979.348,"[2.7388, 3.1116]","[2.8109, 3.4079]",3.407885553403989,-0.3504316345316929,recovery_failed
s029,100,3.9849,hexspline_cl,hexspline_cl,2,false,no_solution,null,null,,115.9,6.8984,500000,null,[],[],null,,
s029,95,3.7856,hexspline_cl,hexspline_cl,2,false,not_run_after_fail,,,,0.0,,,,,,,,
s029,90,3.5864,hexspline_cl,hexspline_cl,2,false,not_run_after_fail,,,,0.0,,,,,,,,
s029,85,3.3871,hexspline_cl,hexspline_cl,2,false,not_run_after_fail,,,,0.0,,,,,,,,
s029,80,3.1879,hexspline_cl,hexspline_cl,2,false,not_run_after_fail,,,,0.0,,,,,,,,
s029,75,2.9887,hexspline_cl,hexspline_cl,2,false,not_run_after_fail,,,,0.0,,,,,,,,
s029,70,2.7894,hexspline_cl,hexspline_cl,2,false,not_run_after_fail,,,,0.0,,,,,,,,
s029,65,2.5902,hexspline_cl,hexspline_cl,2,false,not_run_after_fail,,,,0.0,,,,,,,,
s029,60,2.3909,hexspline_cl,hexspline_cl,2,false,not_run_after_fail,,,,0.0,,,,,,,,
s029,55,2.1917,hexspline_cl,hexspline_cl,2,false,not_run_after_fail,,,,0.0,,,,,,,,
s029,50,1.9924,hexspline_cl,hexspline_cl,2,false,not_run_after_fail,,,,0.0,,,,,,,,
s029,45,1.7932,hexspline_cl,hexspline_cl,2,false,not_run_after_fail,,,,0.0,,,,,,,,
s029,40,1.5939,hexspline_cl,hexspline_cl,2,false,not_run_after_fail,,,,0.0,,,,,,,,
s029,35,1.3947,hexspline_cl,hexspline_cl,2,false,not_run_after_fail,,,,0.0,,,,,,,,
s029,30,1.1955,hexspline_cl,hexspline_cl,2,false,not_run_after_fail,,,,0.0,,,,,,,,
s030,100,8.2140,hexspline_cl,hexspline_cl,2,false,no_solution,null,null,,103.1,6.2301,500000,null,[],[],null,,
s030,95,7.8033,hexspline_cl,hexspline_cl,2,false,not_run_after_fail,,,,0.0,,,,,,,,
s030,90,7.3926,hexspline_cl,hexspline_cl,2,false,not_run_after_fail,,,,0.0,,,,,,,,
s030,85,6.9819,hexspline_cl,hexspline_cl,2,false,not_run_after_fail,,,,0.0,,,,,,,,
s030,80,6.5712,hexspline_cl,hexspline_cl,2,false,not_run_after_fail,,,,0.0,,,,,,,,
s030,75,6.1605,hexspline_cl,hexspline_cl,2,false,not_run_after_fail,,,,0.0,,,,,,,,
s030,70,5.7498,hexspline_cl,hexspline_cl,2,false,not_run_after_fail,,,,0.0,,,,,,,,
s030,65,5.3391,hexspline_cl,hexspline_cl,2,false,not_run_after_fail,,,,0.0,,,,,,,,
s030,60,4.9284,hexspline_cl,hexspline_cl,2,false,not_run_after_fail,,,,0.0,,,,,,,,
s030,55,4.5177,hexspline_cl,hexspline_cl,2,false,not_run_after_fail,,,,0.0,,,,,,,,
s030,50,4.1070,hexspline_cl,hexspline_cl,2,false,not_run_after_fail,,,,0.0,,,,,,,,
s030,45,3.6963,hexspline_cl,hexspline_cl,2,false,not_run_after_fail,,,,0.0,,,,,,,,
s030,40,3.2856,hexspline_cl,hexspline_cl,2,false,not_run_after_fail,,,,0.0,,,,,,,,
s030,35,2.8749,hexspline_cl,hexspline_cl,2,false,not_run_after_fail,,,,0.0,,,,,,,,
s030,30,2.4642,hexspline_cl,hexspline_cl,2,false,not_run_after_fail,,,,0.0,,,,,,,,
s031,100,8.2837,hexspline_cl,hexspline_cl,2,true,,898.3656078722813,5.346465665714201,0.8693,21.2,1.2479,9379,898.366,"[4.836, 5.3465]","[5.3983, 5.4709]",5.4709128661846425,0.0007432255209235118,optimized
s031,95,7.8695,hexspline_cl,hexspline_cl,2,true,,898.4058976275176,5.261741386106259,0.8693,21.3,1.2556,9379,898.406,"[4.8375, 5.2617]","[5.3983, 5.4709]",5.4709128661846425,0.0006872416586272957,optimized
s031,90,7.4553,hexspline_cl,hexspline_cl,2,true,,898.518500561413,4.9289966060089005,0.8695,21.3,1.2538,9379,898.519,"[4.7892, 4.929]","[5.3983, 5.4709]",5.4709128661846425,0.016913070893816627,optimized
s031,85,7.0411,hexspline_cl,hexspline_cl,2,true,,898.4858044808981,4.912580826966543,0.8694,21.2,1.2472,9379,898.486,"[4.7622, 4.9126]","[5.3983, 5.4709]",5.4709128661846425,0.016888898569331005,optimized
s031,80,6.6269,hexspline_cl,hexspline_cl,2,true,,898.2768849250758,4.899639437305857,0.8692,21.1,1.2440,9379,898.277,"[4.8355, 4.8996]","[5.3983, 5.4709]",5.4709128661846425,0.016853576974026507,optimized
s031,75,6.2128,hexspline_cl,hexspline_cl,2,true,,897.207293472546,5.146433255209836,0.8682,21.3,1.2513,9379,897.207,"[4.9515, 5.1464]","[5.3983, 5.4709]",5.4709128661846425,0.016227922685385962,optimized
s031,70,5.7986,hexspline_cl,hexspline_cl,2,true,,872.3041740542092,5.798565614840967,0.8441,21.4,1.2572,9379,872.304,"[4.9912, 5.7986]","[5.3983, 5.4709]",5.4709128661846425,6.687159032736645e-6,optimized
s031,65,5.3844,hexspline_cl,hexspline_cl,2,true,,986.4542817016286,5.124526385242219,0.9545,55.8,3.2815,500000,986.454,"[5.3466, 5.1245]","[5.396, 5.4678]",5.467790856983535,0.008507101645582982,optimized
s031,60,4.9702,hexspline_cl,hexspline_cl,2,true,,987.9596100001472,4.970204970306197,0.9560,52.5,3.0869,500000,987.96,"[5.5414, 4.9702]","[5.396, 5.4678]",5.467790856983535,2.693803402564754e-9,optimized
s031,55,4.5560,hexspline_cl,hexspline_cl,2,false,recovery_failed,988.3026835494377,4.90858214701852,,52.7,3.1020,500000,988.303,"[5.519, 4.9086]","[5.396, 5.4678]",5.467790856983535,-0.35256083901852,recovery_failed
s031,50,4.1418,hexspline_cl,hexspline_cl,2,false,not_run_after_fail,,,,0.0,,,,,,,,
s031,45,3.7277,hexspline_cl,hexspline_cl,2,false,not_run_after_fail,,,,0.0,,,,,,,,
s031,40,3.3135,hexspline_cl,hexspline_cl,2,false,not_run_after_fail,,,,0.0,,,,,,,,
s031,35,2.8993,hexspline_cl,hexspline_cl,2,false,not_run_after_fail,,,,0.0,,,,,,,,
s031,30,2.4851,hexspline_cl,hexspline_cl,2,false,not_run_after_fail,,,,0.0,,,,,,,,
s032,100,6.2607,hexspline_cl,hexspline_cl,2,true,,887.1709109424974,4.666223931588462,0.9934,28.0,1.6903,42869,887.171,"[3.8142, 4.6662]","[5.1998, 5.1463]",5.146264608247286,4.416228861769955e-9,optimized
s032,95,5.9477,hexspline_cl,hexspline_cl,2,true,,894.3061969654251,5.3419689824872405,1.0014,27.8,1.6788,42869,894.306,"[3.8127, 5.342]","[5.1998, 5.1463]",5.146264608247286,2.5867892670939907e-6,optimized
s032,90,5.6346,hexspline_cl,hexspline_cl,2,true,,885.7299012337537,4.6005338885852725,0.9918,28.3,1.7122,42869,885.73,"[3.8211, 4.6005]","[5.1998, 5.1463]",5.146264608247286,9.679790767018858e-6,optimized
s032,85,5.3216,hexspline_cl,hexspline_cl,2,true,,891.8867871532535,4.50101530120441,0.9987,29.9,1.8071,42869,891.887,"[4.4581, 4.501]","[5.1998, 5.1463]",5.146264608247286,1.8089294851743034e-6,optimized
s032,80,5.0086,hexspline_cl,hexspline_cl,2,true,,889.0756300597338,4.753818027589711,0.9955,27.5,1.6644,42878,889.076,"[4.3476, 4.7538]","[4.508, 4.5206]",4.520596943350367,5.360339630693488e-6,optimized
s032,75,4.6955,hexspline_cl,hexspline_cl,2,true,,890.5559101311749,4.303620469249878,0.9972,29.3,1.7693,42878,890.556,"[4.3467, 4.3036]","[4.508, 4.5206]",4.520596943350367,7.741744209488384e-8,optimized
s032,70,4.3825,hexspline_cl,hexspline_cl,2,true,,886.5703206396894,4.216533836578756,0.9927,29.1,1.7570,43811,886.57,"[3.1897, 4.2165]","[3.3039, 4.2927]",4.292705350125305,1.268398821390292e-6,optimized
s032,65,4.0695,hexspline_cl,hexspline_cl,2,true,,952.3594461131659,3.973820183240978,1.0664,46.2,2.7937,340393,952.359,"[3.4411, 3.9738]","[3.3859, 3.9613]",3.961278936170934,0.008342642675588024,optimized
s032,60,3.7564,hexspline_cl,hexspline_cl,2,false,recovery_failed,956.5663132150543,4.032459116607373,,61.2,3.6986,500000,956.566,"[3.2526, 4.0325]","[3.3039, 3.9048]",3.9048008796049514,-0.27603129760737266,recovery_failed
s032,55,3.4434,hexspline_cl,hexspline_cl,2,false,not_run_after_fail,,,,0.0,,,,,,,,
s032,50,3.1304,hexspline_cl,hexspline_cl,2,false,not_run_after_fail,,,,0.0,,,,,,,,
s032,45,2.8173,hexspline_cl,hexspline_cl,2,false,not_run_after_fail,,,,0.0,,,,,,,,
s032,40,2.5043,hexspline_cl,hexspline_cl,2,false,not_run_after_fail,,,,0.0,,,,,,,,
s032,35,2.1912,hexspline_cl,hexspline_cl,2,false,not_run_after_fail,,,,0.0,,,,,,,,
s032,30,1.8782,hexspline_cl,hexspline_cl,2,false,not_run_after_fail,,,,0.0,,,,,,,,
s033,100,5.3083,hexspline_cl,hexspline_cl,2,true,,737.0750956421434,4.832760882338747,0.9775,21.6,1.3412,15057,737.075,"[1.0861, 4.8328]","[2.319, 4.0259]",4.02586995658351,4.141997483115417e-5,optimized
s033,95,5.0428,hexspline_cl,hexspline_cl,2,true,,692.2153599183446,3.0734739204597266,0.9180,21.9,1.3591,15057,692.215,"[0.8765, 3.0735]","[2.319, 4.0259]",4.02586995658351,1.2506762291446649e-5,optimized
s033,90,4.7774,hexspline_cl,hexspline_cl,2,true,,745.2268789065466,4.690104920727472,0.9883,21.4,1.3303,15057,745.227,"[1.148, 4.6901]","[2.319, 4.0259]",4.02586995658351,0.00033159567738039186,optimized
s033,85,4.5120,hexspline_cl,hexspline_cl,2,true,,759.03826124498,2.818459137076579,1.0066,21.3,1.3263,15057,759.038,"[1.2584, 2.8185]","[2.319, 4.0259]",4.02586995658351,4.542510059594995e-7,optimized
s033,80,4.2466,hexspline_cl,hexspline_cl,2,true,,758.7336760810707,2.7094510888218175,1.0062,21.2,1.3174,15057,758.734,"[1.1751, 2.7095]","[2.319, 4.0259]",4.02586995658351,1.2862395365811907e-6,optimized
s033,75,3.9812,hexspline_cl,hexspline_cl,2,true,,836.7706641378919,3.948252281397664,1.1097,21.1,1.3102,15207,836.771,"[3.0866, 3.9483]","[2.9905, 3.913]",3.9129774406266296,0.006731303425084337,optimized
s033,70,3.7158,hexspline_cl,hexspline_cl,2,true,,839.6302122134144,3.589362319033942,1.1135,21.6,1.3443,15529,839.63,"[3.0777, 3.5894]","[3.1139, 3.4544]",3.454443877293612,0.009709797603699642,optimized
s033,65,3.4504,hexspline_cl,hexspline_cl,2,true,,865.7004179807211,3.2940604204266664,1.1480,32.6,2.0274,162997,865.7,"[2.0444, 3.2941]","[2.3029, 3.2685]",3.2685125239546053,4.703313152276678e-7,optimized
s033,60,3.1850,hexspline_cl,hexspline_cl,2,true,,880.3914012043491,2.957322560769348,1.1675,64.1,3.9858,500000,880.391,"[1.9178, 2.9573]","[2.3029, 3.2685]",3.2685125239546053,6.00608586864837e-7,optimized
s033,55,2.9195,hexspline_cl,hexspline_cl,2,true,,895.7654965924436,2.8703546130411284,1.1879,59.9,3.7275,500000,895.765,"[2.1142, 2.8704]","[2.3029, 3.2685]",3.2685125239546053,0.008506703244906079,optimized
s033,50,2.6541,hexspline_cl,hexspline_cl,2,false,recovery_failed,895.8437903051174,2.7035740656952556,,59.2,3.6814,500000,895.844,"[2.1027, 2.7036]","[2.3029, 3.2685]",3.2685125239546053,-0.04944743969525556,recovery_failed
s033,45,2.3887,hexspline_cl,hexspline_cl,2,false,not_run_after_fail,,,,0.0,,,,,,,,
s033,40,2.1233,hexspline_cl,hexspline_cl,2,false,not_run_after_fail,,,,0.0,,,,,,,,
s033,35,1.8579,hexspline_cl,hexspline_cl,2,false,not_run_after_fail,,,,0.0,,,,,,,,
s033,30,1.5925,hexspline_cl,hexspline_cl,2,false,not_run_after_fail,,,,0.0,,,,,,,,
s034,100,6.9847,hexspline_cl,hexspline_cl,2,true,,841.7522148343373,6.981106331195146,0.9890,22.0,1.3322,9511,841.752,"[1.0713, 6.9811]","[2.7268, 3.3425]",3.3425009053455614,2.6708714736395356e-8,optimized
s034,95,6.6355,hexspline_cl,hexspline_cl,2,true,,841.8169300297069,6.60128011079802,0.9890,22.0,1.3341,9511,841.817,"[1.0746, 6.6013]","[2.7268, 3.3425]",3.3425009053455614,2.5914269896620823e-8,optimized
s034,90,6.2862,hexspline_cl,hexspline_cl,2,true,,849.2074461458654,6.285576262559434,0.9977,22.0,1.3313,9511,849.207,"[1.2183, 6.2856]","[2.7268, 3.3425]",3.3425009053455614,7.973130550453789e-6,optimized
s034,85,5.9370,hexspline_cl,hexspline_cl,2,true,,849.2994390693026,5.930780592643333,0.9978,21.9,1.3283,9511,849.299,"[1.3758, 5.9308]","[2.7268, 3.3425]",3.3425009053455614,4.51287678515655e-6,optimized
s034,80,5.5878,hexspline_cl,hexspline_cl,2,true,,863.8221059294372,5.58775697387521,1.0149,21.6,1.3062,9511,863.822,"[1.3941, 5.5878]","[2.7268, 3.3425]",3.3425009053455614,7.411247899824502e-7,optimized
s034,75,5.2385,hexspline_cl,hexspline_cl,2,true,,841.6421440418335,5.232931906491378,0.9888,22.2,1.3424,9511,841.642,"[1.1375, 5.2329]","[2.7268, 3.3425]",3.3425009053455614,3.4075552857993896e-6,optimized
s034,70,4.8893,hexspline_cl,hexspline_cl,2,true,,880.4998570516888,4.2852421128868805,1.0345,21.7,1.3119,9511,880.5,"[1.1262, 4.2852]","[2.7268, 3.3425]",3.3425009053455614,2.220575288447435e-5,optimized
s034,65,4.5401,hexspline_cl,hexspline_cl,2,true,,878.3787459605597,4.0061658269545815,1.0320,21.6,1.3084,9511,878.379,"[1.1337, 4.0062]","[2.7268, 3.3425]",3.3425009053455614,2.421006430053385e-8,optimized
s034,60,4.1908,hexspline_cl,hexspline_cl,2,true,,895.8879146428739,2.7189779201581676,1.0526,21.0,1.2735,9511,895.888,"[1.4055, 2.719]","[2.7268, 3.3425]",3.3425009053455614,0.016656257088382767,optimized
s034,55,3.8416,hexspline_cl,hexspline_cl,2,true,,895.3340796481303,2.9367315786182946,1.0519,21.4,1.2949,9511,895.334,"[1.0785, 2.9367]","[2.7268, 3.3425]",3.3425009053455614,0.01845246736405933,optimized
s034,50,3.4923,hexspline_cl,hexspline_cl,2,true,,893.4500403370403,3.482775292803479,1.0497,22.4,1.3537,9511,893.45,"[2.4797, 3.4828]","[2.7268, 3.3425]",3.3425009053455614,5.956804598195031e-9,optimized
s034,45,3.1431,hexspline_cl,hexspline_cl,2,true,,910.0167810764847,3.1431140857682496,1.0692,59.0,3.5726,500000,910.017,"[2.4782, 3.1431]","[2.7268, 3.2196]",3.2195651140729047,6.623175075048948e-8,optimized
s034,40,2.7939,hexspline_cl,hexspline_cl,2,true,,948.2009674229397,2.6555643632284935,1.1140,57.7,3.4892,500000,948.201,"[1.8628, 2.6556]","[2.7268, 3.2196]",3.2195651140729047,0.01052696245660158,optimized
s034,35,2.4446,hexspline_cl,hexspline_cl,2,true,,920.3548422303256,2.444644134441709,1.0813,58.5,3.5430,500000,920.355,"[1.3641, 2.4446]","[2.7268, 3.2196]",3.2195651140729047,4.285582910767971e-7,optimized
s034,30,2.0954,hexspline_cl,hexspline_cl,2,true,,969.9282397030121,2.0945077616500343,1.1396,62.5,3.7847,500000,969.928,"[0.914, 2.0945]","[2.7268, 3.2196]",3.2195651140729047,0.0009020063499658448,optimized
s035,100,9.1356,hexspline_cl,hexspline_cl,2,true,,846.2208953451045,7.427983933466112,1.0728,86.0,5.3281,418121,846.221,"[6.8948, 7.428]","[7.5777, 7.8949]",7.894916476308573,4.262283543124412e-8,optimized
s035,95,8.6789,hexspline_cl,hexspline_cl,2,true,,772.3081296631011,6.99503259212653,0.9791,86.5,5.3558,418121,772.308,"[6.087, 6.995]","[7.5777, 7.8949]",7.894916476308573,7.439181959194684e-6,optimized
s035,90,8.2221,hexspline_cl,hexspline_cl,2,true,,803.0547474345285,7.845532637570262,1.0181,86.6,5.3629,418121,803.055,"[6.196, 7.8455]","[7.5777, 7.8949]",7.894916476308573,5.940496467042976e-6,optimized
s035,85,7.7653,hexspline_cl,hexspline_cl,2,true,,839.9135642118456,7.248220190530811,1.0648,84.9,5.2569,418549,839.914,"[5.7965, 7.2482]","[7.5191, 7.6655]",7.665484077788562,4.297606360365025e-8,optimized
s035,80,7.3085,hexspline_cl,hexspline_cl,2,true,,890.6226186549156,7.308510388372091,1.1291,85.4,5.2902,500000,890.623,"[7.4972, 7.3085]","[7.8537, 7.5313]",7.531321411516384,3.626279090340745e-7,optimized
s035,75,6.8517,hexspline_cl,hexspline_cl,2,true,,891.3900603691042,6.851728870225913,1.1300,84.0,5.2028,500000,891.39,"[7.3309, 6.8517]","[7.8537, 7.5313]",7.531321411516384,2.0774087339248126e-8,optimized
s035,70,6.3949,hexspline_cl,hexspline_cl,2,true,,907.3164435083528,6.394946981893951,1.1502,83.3,5.1581,500000,907.316,"[7.0134, 6.3949]","[7.8537, 7.5313]",7.531321411516384,5.0106049087617066e-8,optimized
s035,65,5.9382,hexspline_cl,hexspline_cl,2,false,recovery_failed,918.6812809040676,6.239381026033143,,84.8,5.2551,500000,918.681,"[7.5666, 6.2394]","[7.8537, 7.5313]",7.531321411516384,-0.3012158540331429,recovery_failed
s035,60,5.4814,hexspline_cl,hexspline_cl,2,false,not_run_after_fail,,,,0.0,,,,,,,,
s035,55,5.0246,hexspline_cl,hexspline_cl,2,false,not_run_after_fail,,,,0.0,,,,,,,,
s035,50,4.5678,hexspline_cl,hexspline_cl,2,false,not_run_after_fail,,,,0.0,,,,,,,,
s035,45,4.1110,hexspline_cl,hexspline_cl,2,false,not_run_after_fail,,,,0.0,,,,,,,,
s035,40,3.6543,hexspline_cl,hexspline_cl,2,false,not_run_after_fail,,,,0.0,,,,,,,,
s035,35,3.1975,hexspline_cl,hexspline_cl,2,false,not_run_after_fail,,,,0.0,,,,,,,,
s035,30,2.7407,hexspline_cl,hexspline_cl,2,false,not_run_after_fail,,,,0.0,,,,,,,,
s036,100,8.2233,hexspline_cl,hexspline_cl,2,true,,699.2215168466898,6.5075099365797815,1.0965,19.3,1.1899,2847,699.222,"[5.5427, 6.5075]","[6.387, 6.8176]",6.817552123801714,2.2233857151221503e-8,optimized
s036,95,7.8121,hexspline_cl,hexspline_cl,2,true,,644.292021038953,7.812100945434845,1.0104,19.6,1.2108,2847,644.292,"[5.4883, 7.8121]","[6.387, 6.8176]",6.817552123801714,8.535651554453239e-7,optimized
s036,90,7.4009,hexspline_cl,hexspline_cl,2,true,,648.2213743604821,7.400937784616534,1.0165,19.6,1.2106,2847,648.221,"[5.4301, 7.4009]","[6.387, 6.8176]",6.817552123801714,8.143834655527371e-7,optimized
s036,85,6.9898,hexspline_cl,hexspline_cl,2,true,,678.930608693735,6.506669873985058,1.0647,20.5,1.2677,2847,678.931,"[5.0105, 6.5067]","[6.387, 6.8176]",6.817552123801714,3.9092208062307954e-7,optimized
s036,80,6.5786,hexspline_cl,hexspline_cl,2,true,,822.8962101635791,5.734037200689076,1.2905,24.3,1.5013,72338,822.896,"[4.746, 5.734]","[4.7586, 5.9264]",5.926411577599195,6.116733642855254e-8,optimized
s036,75,6.1674,hexspline_cl,hexspline_cl,2,true,,843.113182054872,4.762528134791645,1.3222,23.7,1.4638,72338,843.113,"[4.7608, 4.7625]","[4.7586, 5.9264]",5.926411577599195,0.011497070745961029,optimized
s036,70,5.7563,hexspline_cl,hexspline_cl,2,true,,929.7570758386527,4.732761600939083,1.4580,59.2,3.6504,500000,929.757,"[4.731, 4.7328]","[4.7406, 5.9177]",5.917705605913731,0.011291334671061068,optimized
s036,65,5.3451,hexspline_cl,hexspline_cl,2,true,,928.1642372672186,4.722365211303209,1.4555,59.1,3.6483,500000,928.164,"[4.7207, 4.7224]","[4.7406, 5.9177]",5.917705605913731,0.011657609264533563,optimized
s036,60,4.9340,hexspline_cl,hexspline_cl,2,true,,916.6925181187642,4.933959398831808,1.4376,61.8,3.8111,500000,916.693,"[4.6274, 4.934]","[4.7406, 5.9177]",5.917705605913731,1.6819168280335361e-10,optimized
s036,55,4.5228,hexspline_cl,hexspline_cl,2,false,recovery_failed,926.6826830775353,4.688515789734846,,57.0,3.5162,500000,926.683,"[4.6868, 4.6885]","[4.7406, 5.9177]",5.917705605913731,-0.1657195907348461,recovery_failed
s036,50,4.1116,hexspline_cl,hexspline_cl,2,false,not_run_after_fail,,,,0.0,,,,,,,,
s036,45,3.7005,hexspline_cl,hexspline_cl,2,false,not_run_after_fail,,,,0.0,,,,,,,,
s036,40,3.2893,hexspline_cl,hexspline_cl,2,false,not_run_after_fail,,,,0.0,,,,,,,,
s036,35,2.8781,hexspline_cl,hexspline_cl,2,false,not_run_after_fail,,,,0.0,,,,,,,,
s036,30,2.4670,hexspline_cl,hexspline_cl,2,false,not_run_after_fail,,,,0.0,,,,,,,,
s037,100,8.2798,hexspline_cl,hexspline_cl,2,false,no_solution,null,null,,108.9,6.4010,500000,null,[],[],null,,
s037,95,7.8658,hexspline_cl,hexspline_cl,2,false,not_run_after_fail,,,,0.0,,,,,,,,
s037,90,7.4518,hexspline_cl,hexspline_cl,2,false,not_run_after_fail,,,,0.0,,,,,,,,
s037,85,7.0378,hexspline_cl,hexspline_cl,2,false,not_run_after_fail,,,,0.0,,,,,,,,
s037,80,6.6238,hexspline_cl,hexspline_cl,2,false,not_run_after_fail,,,,0.0,,,,,,,,
s037,75,6.2098,hexspline_cl,hexspline_cl,2,false,not_run_after_fail,,,,0.0,,,,,,,,
s037,70,5.7958,hexspline_cl,hexspline_cl,2,false,not_run_after_fail,,,,0.0,,,,,,,,
s037,65,5.3818,hexspline_cl,hexspline_cl,2,false,not_run_after_fail,,,,0.0,,,,,,,,
s037,60,4.9679,hexspline_cl,hexspline_cl,2,false,not_run_after_fail,,,,0.0,,,,,,,,
s037,55,4.5539,hexspline_cl,hexspline_cl,2,false,not_run_after_fail,,,,0.0,,,,,,,,
s037,50,4.1399,hexspline_cl,hexspline_cl,2,false,not_run_after_fail,,,,0.0,,,,,,,,
s037,45,3.7259,hexspline_cl,hexspline_cl,2,false,not_run_after_fail,,,,0.0,,,,,,,,
s037,40,3.3119,hexspline_cl,hexspline_cl,2,false,not_run_after_fail,,,,0.0,,,,,,,,
s037,35,2.8979,hexspline_cl,hexspline_cl,2,false,not_run_after_fail,,,,0.0,,,,,,,,
s037,30,2.4839,hexspline_cl,hexspline_cl,2,false,not_run_after_fail,,,,0.0,,,,,,,,
s038,100,8.6716,hexspline_cl,hexspline_cl,2,true,,840.4997031962712,8.260263977871388,1.0033,31.0,1.8773,66043,840.5,"[5.9653, 8.2603]","[7.4008, 6.7939]",6.793883969786223,8.392976578998059e-7,optimized
s038,95,8.2381,hexspline_cl,hexspline_cl,2,true,,841.339928450738,8.238066169083755,1.0043,31.0,1.8770,66043,841.34,"[5.9565, 8.2381]","[7.4008, 6.7939]",6.793883969786223,9.59162438363137e-8,optimized
s038,90,7.8045,hexspline_cl,hexspline_cl,2,true,,855.1180848526355,7.804482591261425,1.0207,30.1,1.8248,66043,855.118,"[6.0906, 7.8045]","[7.4008, 6.7939]",6.793883969786223,1.2917385756594513e-6,optimized
s038,85,7.3709,hexspline_cl,hexspline_cl,2,true,,916.9560373522535,7.19314863537237,1.0946,30.0,1.8141,66043,916.956,"[6.2495, 7.1931]","[7.4008, 6.7939]",6.793883969786223,0.011817574031937342,optimized
s038,80,6.9373,hexspline_cl,hexspline_cl,2,true,,886.2666397792992,6.678180616174621,1.0579,31.4,1.9009,66043,886.267,"[5.5436, 6.6782]","[7.4008, 6.7939]",6.793883969786223,4.3052756741601694e-9,optimized
s038,75,6.5037,hexspline_cl,hexspline_cl,2,true,,878.9104984965592,6.426412582781443,1.0491,71.7,4.3393,500000,878.91,"[6.636, 6.4264]","[7.4008, 6.7939]",6.793883969786223,6.601400232535525e-6,optimized
s038,70,6.0702,hexspline_cl,hexspline_cl,2,false,recovery_failed,937.8189372400852,6.1220047490799665,,67.4,4.0809,500000,937.819,"[6.8803, 6.122]","[7.4008, 6.7939]",6.793883969786223,-0.05185039607996611,recovery_failed
s038,65,5.6366,hexspline_cl,hexspline_cl,2,false,not_run_after_fail,,,,0.0,,,,,,,,
s038,60,5.2030,hexspline_cl,hexspline_cl,2,false,not_run_after_fail,,,,0.0,,,,,,,,
s038,55,4.7694,hexspline_cl,hexspline_cl,2,false,not_run_after_fail,,,,0.0,,,,,,,,
s038,50,4.3358,hexspline_cl,hexspline_cl,2,false,not_run_after_fail,,,,0.0,,,,,,,,
s038,45,3.9022,hexspline_cl,hexspline_cl,2,false,not_run_after_fail,,,,0.0,,,,,,,,
s038,40,3.4687,hexspline_cl,hexspline_cl,2,false,not_run_after_fail,,,,0.0,,,,,,,,
s038,35,3.0351,hexspline_cl,hexspline_cl,2,false,not_run_after_fail,,,,0.0,,,,,,,,
s038,30,2.6015,hexspline_cl,hexspline_cl,2,false,not_run_after_fail,,,,0.0,,,,,,,,
s039,100,5.4134,hexspline_cl,hexspline_cl,2,true,,715.726103847652,5.239999005714755,1.0560,20.9,1.2998,5537,715.726,"[2.2721, 5.24]","[3.4532, 5.4134]",5.413398213014435,6.047866231677744e-6,optimized
s039,95,5.1427,hexspline_cl,hexspline_cl,2,true,,682.1246657838532,4.59446207088271,1.0064,20.2,1.2581,6071,682.125,"[0.8504, 4.5945]","[1.663, 5.0799]",5.079903777780369,5.118315041509049e-7,optimized
s039,90,4.8721,hexspline_cl,hexspline_cl,2,true,,674.4643753630497,3.0930111448466207,0.9951,19.9,1.2394,6074,674.464,"[2.6295, 3.093]","[3.9956, 4.7411]",4.7411146385964535,1.6892109274773248e-5,optimized
s039,85,4.6014,hexspline_cl,hexspline_cl,2,true,,687.0842500628106,4.336346375957877,1.0137,22.3,1.3866,50056,687.084,"[0.8923, 4.3363]","[2.2584, 3.2893]",3.2892754679993614,0.0010901410354335894,optimized
s039,80,4.3307,hexspline_cl,hexspline_cl,2,true,,688.6256566665186,4.330732183036899,1.0160,22.4,1.3917,50056,688.626,"[0.8963, 4.3307]","[2.2584, 3.2893]",3.2892754679993614,2.869631012814011e-7,optimized
s039,75,4.0601,hexspline_cl,hexspline_cl,2,true,,747.3107105993704,2.6922478749925913,1.1026,22.0,1.3656,50056,747.311,"[2.1993, 2.6922]","[2.2584, 3.2893]",3.2892754679993614,0.008051279599164938,optimized
s039,70,3.7894,hexspline_cl,hexspline_cl,2,true,,746.6008466432468,2.68322997189658,1.1015,21.8,1.3566,50056,746.601,"[2.1991, 2.6832]","[2.2584, 3.2893]",3.2892754679993614,0.008051073617660755,optimized
s039,65,3.5187,hexspline_cl,hexspline_cl,2,true,,745.9510995979742,2.6628345972778367,1.1006,21.7,1.3482,50056,745.951,"[2.1896, 2.6628]","[2.2584, 3.2893]",3.2892754679993614,0.008348427851439716,optimized
s039,60,3.2480,hexspline_cl,hexspline_cl,2,true,,856.0905284929036,2.4937220207464788,1.2631,30.7,1.9075,187064,856.091,"[2.0705, 2.4937]","[2.2291, 3.2336]",3.2335696456075342,0.010747384926016026,optimized
s039,55,2.9774,hexspline_cl,hexspline_cl,2,true,,839.6269401218275,2.47392772204458,1.2388,55.0,3.4206,500000,839.627,"[2.0456, 2.4739]","[2.2291, 3.2336]",3.23356941250143,0.00769957932287961,optimized
s039,50,2.7067,hexspline_cl,hexspline_cl,2,true,,825.7118422461916,2.4532408551640463,1.2183,56.3,3.5013,500000,825.712,"[2.0178, 2.4532]","[2.2291, 3.2336]",3.23356941250143,4.043312063634064e-9,optimized
s039,45,2.4360,hexspline_cl,hexspline_cl,2,false,recovery_failed,838.5942155275712,2.4890625357235536,,52.9,3.2888,500000,838.594,"[2.0666, 2.4891]","[2.2291, 3.2336]",3.23356941250143,-0.0530250837235533,recovery_failed
s039,40,2.1654,hexspline_cl,hexspline_cl,2,false,not_run_after_fail,,,,0.0,,,,,,,,
s039,35,1.8947,hexspline_cl,hexspline_cl,2,false,not_run_after_fail,,,,0.0,,,,,,,,
s039,30,1.6240,hexspline_cl,hexspline_cl,2,false,not_run_after_fail,,,,0.0,,,,,,,,
s040,100,6.0180,hexspline_cl,hexspline_cl,2,true,,758.9517115243632,6.017982844691781,1.0774,20.7,1.2679,10424,758.952,"[2.26, 6.018]","[2.838, 5.318]",5.317964027598796,2.4723082185929e-6,optimized
s040,95,5.7171,hexspline_cl,hexspline_cl,2,true,,762.3258872811729,5.496650139042962,1.0822,20.7,1.2670,10424,762.326,"[2.3009, 5.4967]","[2.838, 5.318]",5.317964027598796,0.011165419563870231,optimized
s040,90,5.4162,hexspline_cl,hexspline_cl,2,true,,803.4369909116265,5.415262196654346,1.1406,21.7,1.3282,10424,803.437,"[1.9175, 5.4153]","[2.838, 5.318]",5.317964027598796,2.3174159959060692e-8,optimized
s040,85,5.1153,hexspline_cl,hexspline_cl,2,true,,749.6743421968755,5.115279476320308,1.0642,20.4,1.2445,10425,749.674,"[2.4973, 5.1153]","[2.8187, 3.9337]",3.93367237663115,4.432973132083989e-6,optimized
s040,80,4.8144,hexspline_cl,hexspline_cl,2,true,,724.4362469859777,4.814386812707997,1.0284,20.4,1.2481,10425,724.436,"[2.4711, 4.8144]","[2.8187, 3.9337]",3.93367237663115,1.6412920036401601e-6,optimized
s040,75,4.5135,hexspline_cl,hexspline_cl,2,true,,805.2260920277357,4.513489218261913,1.1431,19.7,1.2032,10425,805.226,"[2.2698, 4.5135]","[2.8187, 3.9337]",3.93367237663115,1.973808672062205e-8,optimized
s040,70,4.2126,hexspline_cl,hexspline_cl,2,true,,797.120421714257,4.059668362721566,1.1316,22.0,1.3457,10425,797.12,"[2.6822, 4.0597]","[2.8187, 3.9337]",3.93367237663115,8.05458700084416e-9,optimized
s040,65,3.9117,hexspline_cl,hexspline_cl,2,true,,813.9693146405675,3.9097787224996816,1.1555,20.6,1.2578,10512,813.969,"[3.3126, 3.9098]","[3.4053, 3.6959]",3.695877299764814,3.3128201917809186e-10,optimized
s040,60,3.6108,hexspline_cl,hexspline_cl,2,false,recovery_failed,905.9208302045421,3.7637190359219517,,55.3,3.3829,500000,905.921,"[3.3325, 3.7637]","[3.3981, 3.6876]",3.6875991693754635,-0.1529274459219514,recovery_failed
s040,55,3.3099,hexspline_cl,hexspline_cl,2,false,not_run_after_fail,,,,0.0,,,,,,,,
s040,50,3.0090,hexspline_cl,hexspline_cl,2,false,not_run_after_fail,,,,0.0,,,,,,,,
s040,45,2.7081,hexspline_cl,hexspline_cl,2,false,not_run_after_fail,,,,0.0,,,,,,,,
s040,40,2.4072,hexspline_cl,hexspline_cl,2,false,not_run_after_fail,,,,0.0,,,,,,,,
s040,35,2.1063,hexspline_cl,hexspline_cl,2,false,not_run_after_fail,,,,0.0,,,,,,,,
s040,30,1.8054,hexspline_cl,hexspline_cl,2,false,not_run_after_fail,,,,0.0,,,,,,,,
s041,100,7.4389,hexspline_cl,hexspline_cl,2,true,,679.3374878937816,4.624032907533511,1.0268,20.0,1.2416,6337,679.337,"[1.587, 4.624]","[3.0981, 3.2793]",3.27931273215517,1.128100831498946e-8,optimized
s041,95,7.0670,hexspline_cl,hexspline_cl,2,true,,682.346635748395,4.9287383014157875,1.0314,19.9,1.2379,6337,682.347,"[1.6394, 4.9287]","[3.0981, 3.2793]",3.27931273215517,0.007950473083019632,optimized
s041,90,6.6950,hexspline_cl,hexspline_cl,2,true,,704.4487831383151,4.224746179072848,1.0648,19.9,1.2349,6337,704.449,"[2.0618, 4.2247]","[3.0981, 3.2793]",3.27931273215517,4.995639195023993e-8,optimized
s041,85,6.3231,hexspline_cl,hexspline_cl,2,true,,678.6013296334553,5.215722202944922,1.0257,20.1,1.2499,6337,678.601,"[1.7545, 5.2157]","[3.0981, 3.2793]",3.27931273215517,0.004844454072613552,optimized
s041,80,5.9511,hexspline_cl,hexspline_cl,2,true,,665.6989742008656,4.488963314029758,1.0062,20.2,1.2535,6337,665.699,"[1.1922, 4.489]","[3.0981, 3.2793]",3.27931273215517,5.220434419721641e-6,optimized
s041,75,5.5792,hexspline_cl,hexspline_cl,2,true,,680.8967989098315,4.738043755607751,1.0292,19.9,1.2360,6337,680.897,"[1.6461, 4.738]","[3.0981, 3.2793]",3.27931273215517,0.0058837483502844345,optimized
s041,70,5.2072,hexspline_cl,hexspline_cl,2,true,,698.3972738739924,4.256598433543107,1.0557,19.9,1.2378,6337,698.397,"[1.8108, 4.2566]","[3.0981, 3.2793]",3.27931273215517,3.2569972562707106e-8,optimized
s041,65,4.8353,hexspline_cl,hexspline_cl,2,true,,682.435707664737,4.251138699269794,1.0315,19.9,1.2346,6337,682.436,"[1.6982, 4.2511]","[3.0981, 3.2793]",3.27931273215517,0.0082381771433193,optimized
s041,60,4.4634,hexspline_cl,hexspline_cl,2,true,,662.6269350701984,3.9148389400167334,1.0016,20.3,1.2589,6337,662.627,"[1.1112, 3.9148]","[3.0981, 3.2793]",3.27931273215517,1.1745896588559845e-5,optimized
s041,55,4.0914,hexspline_cl,hexspline_cl,2,true,,679.8929005073069,3.4539652270083696,1.0277,19.9,1.2368,6337,679.893,"[1.3971, 3.454]","[3.0981, 3.2793]",3.27931273215517,3.067430368736135e-9,optimized
s041,50,3.7195,hexspline_cl,hexspline_cl,2,true,,659.7046372738117,3.649615264316069,0.9972,20.1,1.2507,6337,659.705,"[0.9752, 3.6496]","[3.0981, 3.2793]",3.27931273215517,3.924397039972716e-9,optimized
s041,45,3.3475,hexspline_cl,hexspline_cl,2,true,,752.715283905301,3.3475148056417035,1.1378,19.7,1.2239,6337,752.715,"[3.0444, 3.3475]","[3.0981, 3.2793]",3.27931273215517,1.6935829671993474e-7,optimized
s041,40,2.9756,hexspline_cl,hexspline_cl,2,false,recovery_failed,944.5208251073508,3.3141964374755735,,56.5,3.5070,500000,944.521,"[3.0187, 3.3142]","[3.0602, 3.2335]",3.2335361338929003,-0.33862746047557346,recovery_failed
s041,35,2.6036,hexspline_cl,hexspline_cl,2,false,not_run_after_fail,,,,0.0,,,,,,,,
s041,30,2.2317,hexspline_cl,hexspline_cl,2,false,not_run_after_fail,,,,0.0,,,,,,,,
s042,100,9.2937,hexspline_cl,hexspline_cl,2,false,no_solution,null,null,,89.7,5.4781,500000,null,[],[],null,,
s042,95,8.8290,hexspline_cl,hexspline_cl,2,false,not_run_after_fail,,,,0.0,,,,,,,,
s042,90,8.3643,hexspline_cl,hexspline_cl,2,false,not_run_after_fail,,,,0.0,,,,,,,,
s042,85,7.8996,hexspline_cl,hexspline_cl,2,false,not_run_after_fail,,,,0.0,,,,,,,,
s042,80,7.4349,hexspline_cl,hexspline_cl,2,false,not_run_after_fail,,,,0.0,,,,,,,,
s042,75,6.9702,hexspline_cl,hexspline_cl,2,false,not_run_after_fail,,,,0.0,,,,,,,,
s042,70,6.5056,hexspline_cl,hexspline_cl,2,false,not_run_after_fail,,,,0.0,,,,,,,,
s042,65,6.0409,hexspline_cl,hexspline_cl,2,false,not_run_after_fail,,,,0.0,,,,,,,,
s042,60,5.5762,hexspline_cl,hexspline_cl,2,false,not_run_after_fail,,,,0.0,,,,,,,,
s042,55,5.1115,hexspline_cl,hexspline_cl,2,false,not_run_after_fail,,,,0.0,,,,,,,,
s042,50,4.6468,hexspline_cl,hexspline_cl,2,false,not_run_after_fail,,,,0.0,,,,,,,,
s042,45,4.1821,hexspline_cl,hexspline_cl,2,false,not_run_after_fail,,,,0.0,,,,,,,,
s042,40,3.7175,hexspline_cl,hexspline_cl,2,false,not_run_after_fail,,,,0.0,,,,,,,,
s042,35,3.2528,hexspline_cl,hexspline_cl,2,false,not_run_after_fail,,,,0.0,,,,,,,,
s042,30,2.7881,hexspline_cl,hexspline_cl,2,false,not_run_after_fail,,,,0.0,,,,,,,,
s043,100,8.1311,hexspline_cl,hexspline_cl,2,false,no_solution,null,null,,98.7,6.0712,500000,null,[],[],null,,
s043,95,7.7245,hexspline_cl,hexspline_cl,2,false,not_run_after_fail,,,,0.0,,,,,,,,
s043,90,7.3180,hexspline_cl,hexspline_cl,2,false,not_run_after_fail,,,,0.0,,,,,,,,
s043,85,6.9114,hexspline_cl,hexspline_cl,2,false,not_run_after_fail,,,,0.0,,,,,,,,
s043,80,6.5049,hexspline_cl,hexspline_cl,2,false,not_run_after_fail,,,,0.0,,,,,,,,
s043,75,6.0983,hexspline_cl,hexspline_cl,2,false,not_run_after_fail,,,,0.0,,,,,,,,
s043,70,5.6918,hexspline_cl,hexspline_cl,2,false,not_run_after_fail,,,,0.0,,,,,,,,
s043,65,5.2852,hexspline_cl,hexspline_cl,2,false,not_run_after_fail,,,,0.0,,,,,,,,
s043,60,4.8786,hexspline_cl,hexspline_cl,2,false,not_run_after_fail,,,,0.0,,,,,,,,
s043,55,4.4721,hexspline_cl,hexspline_cl,2,false,not_run_after_fail,,,,0.0,,,,,,,,
s043,50,4.0655,hexspline_cl,hexspline_cl,2,false,not_run_after_fail,,,,0.0,,,,,,,,
s043,45,3.6590,hexspline_cl,hexspline_cl,2,false,not_run_after_fail,,,,0.0,,,,,,,,
s043,40,3.2524,hexspline_cl,hexspline_cl,2,false,not_run_after_fail,,,,0.0,,,,,,,,
s043,35,2.8459,hexspline_cl,hexspline_cl,2,false,not_run_after_fail,,,,0.0,,,,,,,,
s043,30,2.4393,hexspline_cl,hexspline_cl,2,false,not_run_after_fail,,,,0.0,,,,,,,,
s044,100,8.6710,hexspline_cl,hexspline_cl,2,false,no_solution,null,null,,96.8,5.8049,500000,null,[],[],null,,
s044,95,8.2374,hexspline_cl,hexspline_cl,2,false,not_run_after_fail,,,,0.0,,,,,,,,
s044,90,7.8039,hexspline_cl,hexspline_cl,2,false,not_run_after_fail,,,,0.0,,,,,,,,
s044,85,7.3703,hexspline_cl,hexspline_cl,2,false,not_run_after_fail,,,,0.0,,,,,,,,
s044,80,6.9368,hexspline_cl,hexspline_cl,2,false,not_run_after_fail,,,,0.0,,,,,,,,
s044,75,6.5032,hexspline_cl,hexspline_cl,2,false,not_run_after_fail,,,,0.0,,,,,,,,
s044,70,6.0697,hexspline_cl,hexspline_cl,2,false,not_run_after_fail,,,,0.0,,,,,,,,
s044,65,5.6361,hexspline_cl,hexspline_cl,2,false,not_run_after_fail,,,,0.0,,,,,,,,
s044,60,5.2026,hexspline_cl,hexspline_cl,2,false,not_run_after_fail,,,,0.0,,,,,,,,
s044,55,4.7690,hexspline_cl,hexspline_cl,2,false,not_run_after_fail,,,,0.0,,,,,,,,
s044,50,4.3355,hexspline_cl,hexspline_cl,2,false,not_run_after_fail,,,,0.0,,,,,,,,
s044,45,3.9019,hexspline_cl,hexspline_cl,2,false,not_run_after_fail,,,,0.0,,,,,,,,
s044,40,3.4684,hexspline_cl,hexspline_cl,2,false,not_run_after_fail,,,,0.0,,,,,,,,
s044,35,3.0348,hexspline_cl,hexspline_cl,2,false,not_run_after_fail,,,,0.0,,,,,,,,
s044,30,2.6013,hexspline_cl,hexspline_cl,2,false,not_run_after_fail,,,,0.0,,,,,,,,
s045,100,8.8536,hexspline_cl,hexspline_cl,2,true,,813.834871032015,7.862729360462213,1.0508,29.4,1.7779,58055,813.835,"[0.7907, 7.8627]","[1.6764, 5.092]",5.0920166584274345,4.212469770226157e-8,optimized
s045,95,8.4109,hexspline_cl,hexspline_cl,2,true,,817.4334930097427,7.7050369177465035,1.0554,29.4,1.7813,58055,817.433,"[0.7551, 7.705]","[1.6764, 5.092]",5.0920166584274345,1.7201469890842924e-8,optimized
s045,90,7.9682,hexspline_cl,hexspline_cl,2,true,,811.5155065725729,7.908123778681534,1.0478,29.9,1.8082,58055,811.516,"[0.7973, 7.9081]","[1.6764, 5.092]",5.0920166584274345,0.000702601131197549,optimized
s045,85,7.5255,hexspline_cl,hexspline_cl,2,true,,812.457256238203,7.525538738108091,1.0490,29.9,1.8106,58055,812.457,"[0.7885, 7.5255]","[1.6764, 5.092]",5.0920166584274345,1.0108919088480661e-6,optimized
s045,80,7.0829,hexspline_cl,hexspline_cl,2,true,,834.3724910726361,7.075270176877892,1.0773,29.4,1.7788,58055,834.372,"[0.8911, 7.0753]","[1.6764, 5.092]",5.0920166584274345,3.1743323910399246e-8,optimized
s045,75,6.6402,hexspline_cl,hexspline_cl,2,true,,849.1462647926174,6.634533937109869,1.0963,29.5,1.7860,58055,849.146,"[0.9183, 6.6345]","[1.6764, 5.092]",5.0920166584274345,7.045304897812521e-8,optimized
s045,70,6.1975,hexspline_cl,hexspline_cl,2,true,,860.0657284806375,4.9694712865431505,1.1104,29.5,1.7854,58055,860.066,"[1.0149, 4.9695]","[1.6764, 5.092]",5.0920166584274345,6.345389373663135e-9,optimized
s045,65,5.7548,hexspline_cl,hexspline_cl,2,true,,879.0112234243436,5.740205454642366,1.1349,28.7,1.7358,58055,879.011,"[1.0877, 5.7402]","[1.6764, 5.092]",5.0920166584274345,6.879326205910807e-9,optimized
s045,60,5.3121,hexspline_cl,hexspline_cl,2,true,,866.1100979434702,5.312144534730636,1.1183,29.0,1.7569,58055,866.11,"[2.0807, 5.3121]","[1.6764, 5.092]",5.0920166584274345,1.4642693644262295e-6,optimized
s045,55,4.8695,hexspline_cl,hexspline_cl,2,true,,915.2684652621676,4.706419496902723,1.1817,29.7,1.7954,58060,915.268,"[4.9917, 4.7064]","[5.201, 4.6486]",4.648587858062044,6.269811406167669e-9,optimized
s045,50,4.4268,hexspline_cl,hexspline_cl,2,true,,901.1264141821539,4.234018451625024,1.1635,29.3,1.7745,58117,901.126,"[3.2845, 4.234]","[3.4644, 4.0418]",4.041848863411678,1.8862240904610195e-8,optimized
s045,45,3.9841,hexspline_cl,hexspline_cl,2,true,,922.5483300746843,3.9668442417111702,1.1911,29.1,1.7612,58118,922.548,"[3.2581, 3.9668]","[3.3932, 3.6959]",3.6958876193467294,1.5987707831233156e-8,optimized
s045,40,3.5414,hexspline_cl,hexspline_cl,2,false,recovery_failed,922.0364484921222,3.695579295881095,,59.0,3.5739,500000,922.036,"[3.3922, 3.6956]","[3.3931, 3.5814]",3.5814077150941683,-0.154148296881095,recovery_failed
s045,35,3.0988,hexspline_cl,hexspline_cl,2,false,not_run_after_fail,,,,0.0,,,,,,,,
s045,30,2.6561,hexspline_cl,hexspline_cl,2,false,not_run_after_fail,,,,0.0,,,,,,,,
s046,100,5.5511,hexspline_cl,hexspline_cl,2,false,no_solution,null,null,,100.1,6.0087,500000,null,[],[],null,,
s046,95,5.2735,hexspline_cl,hexspline_cl,2,false,not_run_after_fail,,,,0.0,,,,,,,,
s046,90,4.9960,hexspline_cl,hexspline_cl,2,false,not_run_after_fail,,,,0.0,,,,,,,,
s046,85,4.7184,hexspline_cl,hexspline_cl,2,false,not_run_after_fail,,,,0.0,,,,,,,,
s046,80,4.4409,hexspline_cl,hexspline_cl,2,false,not_run_after_fail,,,,0.0,,,,,,,,
s046,75,4.1633,hexspline_cl,hexspline_cl,2,false,not_run_after_fail,,,,0.0,,,,,,,,
s046,70,3.8858,hexspline_cl,hexspline_cl,2,false,not_run_after_fail,,,,0.0,,,,,,,,
s046,65,3.6082,hexspline_cl,hexspline_cl,2,false,not_run_after_fail,,,,0.0,,,,,,,,
s046,60,3.3307,hexspline_cl,hexspline_cl,2,false,not_run_after_fail,,,,0.0,,,,,,,,
s046,55,3.0531,hexspline_cl,hexspline_cl,2,false,not_run_after_fail,,,,0.0,,,,,,,,
s046,50,2.7755,hexspline_cl,hexspline_cl,2,false,not_run_after_fail,,,,0.0,,,,,,,,
s046,45,2.4980,hexspline_cl,hexspline_cl,2,false,not_run_after_fail,,,,0.0,,,,,,,,
s046,40,2.2204,hexspline_cl,hexspline_cl,2,false,not_run_after_fail,,,,0.0,,,,,,,,
s046,35,1.9429,hexspline_cl,hexspline_cl,2,false,not_run_after_fail,,,,0.0,,,,,,,,
s046,30,1.6653,hexspline_cl,hexspline_cl,2,false,not_run_after_fail,,,,0.0,,,,,,,,
s047,100,6.5442,hexspline_cl,hexspline_cl,2,true,,720.3921833516838,4.094865379066962,0.9958,21.0,1.3265,14952,720.392,"[4.1622, 4.0949]","[4.3015, 4.311]",4.311002537544623,9.381867468173368e-7,optimized
s047,95,6.2170,hexspline_cl,hexspline_cl,2,true,,714.9790519748587,4.1230243066102545,0.9883,21.2,1.3378,14952,714.979,"[4.1804, 4.123]","[4.3015, 4.311]",4.311002537544623,1.431090933247105e-7,optimized
s047,90,5.8897,hexspline_cl,hexspline_cl,2,true,,727.8553730337708,4.7471568324079945,1.0061,21.4,1.3502,14952,727.855,"[3.6002, 4.7472]","[4.3015, 4.311]",4.311002537544623,1.836845415006949e-8,optimized
s047,85,5.5625,hexspline_cl,hexspline_cl,2,true,,727.7415506213259,4.7347879120784055,1.0060,21.5,1.3555,14952,727.742,"[3.5639, 4.7348]","[4.3015, 4.311]",4.311002537544623,6.58619886025058e-8,optimized
s047,80,5.2353,hexspline_cl,hexspline_cl,2,true,,727.9262898707394,4.379212339803915,1.0062,21.4,1.3493,14952,727.926,"[3.5074, 4.3792]","[4.3015, 4.311]",4.311002537544623,2.6150876106939558e-8,optimized
s047,75,4.9081,hexspline_cl,hexspline_cl,2,true,,728.6685716996499,4.3381703690792,1.0073,21.4,1.3492,14952,728.669,"[3.4363, 4.3382]","[4.3015, 4.311]",4.311002537544623,4.654119640373766e-8,optimized
s047,70,4.5809,hexspline_cl,hexspline_cl,2,true,,749.6132923764707,3.923453170730754,1.0362,21.2,1.3410,14952,749.613,"[3.6414, 3.9235]","[4.3015, 4.311]",4.311002537544623,2.1085473117521403e-8,optimized
s047,65,4.2537,hexspline_cl,hexspline_cl,2,true,,774.4248874858588,4.047129279131079,1.0705,20.7,1.3070,15199,774.425,"[2.7136, 4.0471]","[3.0812, 3.6597]",3.6596885246485535,0.014248650124762357,optimized
s047,60,3.9265,hexspline_cl,hexspline_cl,2,true,,785.7144067662389,3.9236508350496084,1.0861,20.6,1.3031,15199,785.714,"[3.0636, 3.9237]","[3.0812, 3.6597]",3.6596885246485535,0.00284814895039176,optimized
s047,55,3.5993,hexspline_cl,hexspline_cl,2,false,recovery_failed,992.044563533238,3.8156321305288348,,56.0,3.5378,500000,992.045,"[3.0529, 3.8156]","[3.078, 3.6543]",3.6543347180942862,-0.2163413125288347,recovery_failed
s047,50,3.2721,hexspline_cl,hexspline_cl,2,false,not_run_after_fail,,,,0.0,,,,,,,,
s047,45,2.9449,hexspline_cl,hexspline_cl,2,false,not_run_after_fail,,,,0.0,,,,,,,,
s047,40,2.6177,hexspline_cl,hexspline_cl,2,false,not_run_after_fail,,,,0.0,,,,,,,,
s047,35,2.2905,hexspline_cl,hexspline_cl,2,false,not_run_after_fail,,,,0.0,,,,,,,,
s047,30,1.9632,hexspline_cl,hexspline_cl,2,false,not_run_after_fail,,,,0.0,,,,,,,,
s048,100,5.5484,hexspline_cl,hexspline_cl,2,true,,849.4330903225937,3.539008181183081,0.9183,23.4,1.4048,21458,849.433,"[1.4888, 3.539]","[3.0912, 3.514]",3.5139704015919655,8.94141533333459e-6,optimized
s048,95,5.2710,hexspline_cl,hexspline_cl,2,true,,813.5488769975482,5.2681634533888575,0.8795,24.0,1.4453,21458,813.549,"[1.2856, 5.2682]","[3.0912, 3.514]",3.5139704015919655,5.343582764886362e-6,optimized
s048,90,4.9936,hexspline_cl,hexspline_cl,2,true,,831.8291940825727,4.886246190097765,0.8992,24.2,1.4542,21458,831.829,"[1.2778, 4.8862]","[3.0912, 3.514]",3.5139704015919655,8.453361433817918e-6,optimized
s048,85,4.7162,hexspline_cl,hexspline_cl,2,true,,836.7026997998835,4.539812865482302,0.9045,23.5,1.4124,21458,836.703,"[1.2765, 4.5398]","[3.0912, 3.514]",3.5139704015919655,2.0430122604081502e-7,optimized
s048,80,4.4387,hexspline_cl,hexspline_cl,2,true,,831.7573779640366,4.43872973019442,0.8991,23.9,1.4373,21458,831.757,"[1.2584, 4.4387]","[3.0912, 3.514]",3.5139704015919655,9.458055805211529e-7,optimized
s048,75,4.1613,hexspline_cl,hexspline_cl,2,true,,861.4775630989327,3.649706760833834,0.9313,23.1,1.3880,21458,861.478,"[1.2924, 3.6497]","[3.0912, 3.514]",3.5139704015919655,3.2447587294121005e-8,optimized
s048,70,3.8839,hexspline_cl,hexspline_cl,2,true,,837.4909689387832,3.454915250990651,0.9053,25.4,1.5264,21458,837.491,"[1.9459, 3.4549]","[3.0912, 3.514]",3.5139704015919655,1.012009192891128e-6,optimized
s048,65,3.6065,hexspline_cl,hexspline_cl,2,true,,876.4994996920349,3.5595554428023792,0.9475,24.6,1.4769,21458,876.499,"[2.5317, 3.5596]","[3.0912, 3.514]",3.5139704015919655,2.741978505582665e-6,optimized
s048,60,3.3290,hexspline_cl,hexspline_cl,2,false,recovery_failed,924.4630556161123,3.4070331002912964,,57.7,3.4669,500000,924.463,"[3.0138, 3.407]","[3.0912, 3.3946]",3.3945836933433453,-0.07798484329129618,recovery_failed
s048,55,3.0516,hexspline_cl,hexspline_cl,2,false,not_run_after_fail,,,,0.0,,,,,,,,
s048,50,2.7742,hexspline_cl,hexspline_cl,2,false,not_run_after_fail,,,,0.0,,,,,,,,
s048,45,2.4968,hexspline_cl,hexspline_cl,2,false,not_run_after_fail,,,,0.0,,,,,,,,
s048,40,2.2194,hexspline_cl,hexspline_cl,2,false,not_run_after_fail,,,,0.0,,,,,,,,
s048,35,1.9419,hexspline_cl,hexspline_cl,2,false,not_run_after_fail,,,,0.0,,,,,,,,
s048,30,1.6645,hexspline_cl,hexspline_cl,2,false,not_run_after_fail,,,,0.0,,,,,,,,
s049,100,5.6858,hexspline_cl,hexspline_cl,2,false,no_solution,null,null,,103.0,6.2096,500000,null,[],[],null,,
s049,95,5.4015,hexspline_cl,hexspline_cl,2,false,not_run_after_fail,,,,0.0,,,,,,,,
s049,90,5.1172,hexspline_cl,hexspline_cl,2,false,not_run_after_fail,,,,0.0,,,,,,,,
s049,85,4.8329,hexspline_cl,hexspline_cl,2,false,not_run_after_fail,,,,0.0,,,,,,,,
s049,80,4.5486,hexspline_cl,hexspline_cl,2,false,not_run_after_fail,,,,0.0,,,,,,,,
s049,75,4.2643,hexspline_cl,hexspline_cl,2,false,not_run_after_fail,,,,0.0,,,,,,,,
s049,70,3.9800,hexspline_cl,hexspline_cl,2,false,not_run_after_fail,,,,0.0,,,,,,,,
s049,65,3.6958,hexspline_cl,hexspline_cl,2,false,not_run_after_fail,,,,0.0,,,,,,,,
s049,60,3.4115,hexspline_cl,hexspline_cl,2,false,not_run_after_fail,,,,0.0,,,,,,,,
s049,55,3.1272,hexspline_cl,hexspline_cl,2,false,not_run_after_fail,,,,0.0,,,,,,,,
s049,50,2.8429,hexspline_cl,hexspline_cl,2,false,not_run_after_fail,,,,0.0,,,,,,,,
s049,45,2.5586,hexspline_cl,hexspline_cl,2,false,not_run_after_fail,,,,0.0,,,,,,,,
s049,40,2.2743,hexspline_cl,hexspline_cl,2,false,not_run_after_fail,,,,0.0,,,,,,,,
s049,35,1.9900,hexspline_cl,hexspline_cl,2,false,not_run_after_fail,,,,0.0,,,,,,,,
s049,30,1.7057,hexspline_cl,hexspline_cl,2,false,not_run_after_fail,,,,0.0,,,,,,,,
s050,100,4.1503,hexspline_cl,hexspline_cl,2,true,,924.724778627849,4.115708098247253,0.9782,70.2,4.3356,290114,924.725,"[0.9479, 4.1157]","[0.9513, 3.8499]",3.8498922145526655,0.010947730172631561,optimized
s050,95,3.9427,hexspline_cl,hexspline_cl,2,true,,930.5198409356395,2.166119827842452,0.9843,66.0,4.0737,290114,930.52,"[0.94, 2.1661]","[0.9513, 3.8499]",3.8498922145526655,0.009589222495538015,optimized
s050,90,3.7352,hexspline_cl,hexspline_cl,2,true,,910.7063104568319,3.6746235061263217,0.9634,65.2,4.0262,290227,910.706,"[0.9415, 3.6746]","[0.9552, 3.7153]",3.7153138802349694,0.007204340812160766,optimized
s050,85,3.5277,hexspline_cl,hexspline_cl,2,true,,936.3395565258745,3.4118924590136355,0.9905,66.7,4.1175,296954,936.34,"[2.5828, 3.4119]","[2.5588, 3.3627]",3.362689444553698,0.00864540381616228,optimized
s050,80,3.3202,hexspline_cl,hexspline_cl,2,true,,906.6376098111766,3.318303036928686,0.9591,69.4,4.2842,300778,906.638,"[2.5944, 3.3183]","[2.9708, 3.1115]",3.1115046784650198,4.1018336643938724e-10,optimized
s050,75,3.1127,hexspline_cl,hexspline_cl,2,true,,930.2198841396661,2.7018943229403147,0.9840,68.1,4.2034,300778,930.22,"[2.8385, 2.7019]","[2.9708, 3.1115]",3.1115046784650198,0.008047506501252612,optimized
s050,70,2.9052,hexspline_cl,hexspline_cl,2,true,,928.8101898915965,2.7150224620100243,0.9825,81.2,5.0133,500000,928.81,"[2.845, 2.715]","[2.9708, 3.1115]",3.1115046784650198,3.45474745699903e-7,optimized
s050,65,2.6977,hexspline_cl,hexspline_cl,2,true,,928.9356420878383,2.694497367323792,0.9827,84.0,5.1856,500000,928.936,"[2.8308, 2.6945]","[2.9708, 3.1115]",3.1115046784650198,0.003168291676208135,optimized
s050,60,2.4902,hexspline_cl,hexspline_cl,2,true,,929.1494473910358,2.4857000588910036,0.9829,83.7,5.1683,500000,929.149,"[2.7606, 2.4857]","[2.9708, 3.1115]",3.1115046784650198,0.004452934108996498,optimized
s050,55,2.2826,hexspline_cl,hexspline_cl,2,false,recovery_failed,929.1487792516295,2.4856970072885956,,84.1,5.1909,500000,929.149,"[2.7606, 2.4857]","[2.9708, 3.1115]",3.1115046784650198,-0.20305668028859536,recovery_failed
s050,50,2.0751,hexspline_cl,hexspline_cl,2,false,not_run_after_fail,,,,0.0,,,,,,,,
s050,45,1.8676,hexspline_cl,hexspline_cl,2,false,not_run_after_fail,,,,0.0,,,,,,,,
s050,40,1.6601,hexspline_cl,hexspline_cl,2,false,not_run_after_fail,,,,0.0,,,,,,,,
s050,35,1.4526,hexspline_cl,hexspline_cl,2,false,not_run_after_fail,,,,0.0,,,,,,,,
s050,30,1.2451,hexspline_cl,hexspline_cl,2,false,not_run_after_fail,,,,0.0,,,,,,,,
s051,100,5.9726,hexspline_cl,hexspline_cl,2,false,no_solution,null,null,,105.6,6.3922,500000,null,[],[],null,,
s051,95,5.6740,hexspline_cl,hexspline_cl,2,false,not_run_after_fail,,,,0.0,,,,,,,,
s051,90,5.3753,hexspline_cl,hexspline_cl,2,false,not_run_after_fail,,,,0.0,,,,,,,,
s051,85,5.0767,hexspline_cl,hexspline_cl,2,false,not_run_after_fail,,,,0.0,,,,,,,,
s051,80,4.7781,hexspline_cl,hexspline_cl,2,false,not_run_after_fail,,,,0.0,,,,,,,,
s051,75,4.4795,hexspline_cl,hexspline_cl,2,false,not_run_after_fail,,,,0.0,,,,,,,,
s051,70,4.1808,hexspline_cl,hexspline_cl,2,false,not_run_after_fail,,,,0.0,,,,,,,,
s051,65,3.8822,hexspline_cl,hexspline_cl,2,false,not_run_after_fail,,,,0.0,,,,,,,,
s051,60,3.5836,hexspline_cl,hexspline_cl,2,false,not_run_after_fail,,,,0.0,,,,,,,,
s051,55,3.2849,hexspline_cl,hexspline_cl,2,false,not_run_after_fail,,,,0.0,,,,,,,,
s051,50,2.9863,hexspline_cl,hexspline_cl,2,false,not_run_after_fail,,,,0.0,,,,,,,,
s051,45,2.6877,hexspline_cl,hexspline_cl,2,false,not_run_after_fail,,,,0.0,,,,,,,,
s051,40,2.3890,hexspline_cl,hexspline_cl,2,false,not_run_after_fail,,,,0.0,,,,,,,,
s051,35,2.0904,hexspline_cl,hexspline_cl,2,false,not_run_after_fail,,,,0.0,,,,,,,,
s051,30,1.7918,hexspline_cl,hexspline_cl,2,false,not_run_after_fail,,,,0.0,,,,,,,,
s052,100,7.3896,hexspline_cl,hexspline_cl,2,false,no_solution,null,null,,105.1,6.4175,500000,null,[],[],null,,
s052,95,7.0202,hexspline_cl,hexspline_cl,2,false,not_run_after_fail,,,,0.0,,,,,,,,
s052,90,6.6507,hexspline_cl,hexspline_cl,2,false,not_run_after_fail,,,,0.0,,,,,,,,
s052,85,6.2812,hexspline_cl,hexspline_cl,2,false,not_run_after_fail,,,,0.0,,,,,,,,
s052,80,5.9117,hexspline_cl,hexspline_cl,2,false,not_run_after_fail,,,,0.0,,,,,,,,
s052,75,5.5422,hexspline_cl,hexspline_cl,2,false,not_run_after_fail,,,,0.0,,,,,,,,
s052,70,5.1728,hexspline_cl,hexspline_cl,2,false,not_run_after_fail,,,,0.0,,,,,,,,
s052,65,4.8033,hexspline_cl,hexspline_cl,2,false,not_run_after_fail,,,,0.0,,,,,,,,
s052,60,4.4338,hexspline_cl,hexspline_cl,2,false,not_run_after_fail,,,,0.0,,,,,,,,
s052,55,4.0643,hexspline_cl,hexspline_cl,2,false,not_run_after_fail,,,,0.0,,,,,,,,
s052,50,3.6948,hexspline_cl,hexspline_cl,2,false,not_run_after_fail,,,,0.0,,,,,,,,
s052,45,3.3253,hexspline_cl,hexspline_cl,2,false,not_run_after_fail,,,,0.0,,,,,,,,
s052,40,2.9559,hexspline_cl,hexspline_cl,2,false,not_run_after_fail,,,,0.0,,,,,,,,
s052,35,2.5864,hexspline_cl,hexspline_cl,2,false,not_run_after_fail,,,,0.0,,,,,,,,
s052,30,2.2169,hexspline_cl,hexspline_cl,2,false,not_run_after_fail,,,,0.0,,,,,,,,
s053,100,4.9907,hexspline_cl,hexspline_cl,2,true,,778.771347845711,4.908992341950728,1.0868,22.4,1.3775,18443,778.771,"[1.6766, 4.909]","[2.7692, 3.9354]",3.935397762281703,1.2278409840943416e-8,optimized
s053,95,4.7411,hexspline_cl,hexspline_cl,2,true,,781.4720908066181,4.7148126177459675,1.0906,22.1,1.3602,18443,781.472,"[1.826, 4.7148]","[2.7692, 3.9354]",3.935397762281703,3.5801765371767935e-9,optimized
s053,90,4.4916,hexspline_cl,hexspline_cl,2,true,,766.2864936333609,4.448275879303431,1.0694,22.3,1.3726,18443,766.286,"[1.6132, 4.4483]","[2.7692, 3.9354]",3.935397762281703,2.9128188083760165e-8,optimized
s053,85,4.2421,hexspline_cl,hexspline_cl,2,true,,811.0210906104787,4.242062021093173,1.1318,23.2,1.4260,18443,811.021,"[2.4454, 4.2421]","[2.7692, 3.9354]",3.935397762281703,5.906827027502004e-9,optimized
s053,80,3.9925,hexspline_cl,hexspline_cl,2,true,,821.260249610067,3.9925289880876287,1.1461,22.7,1.3959,18443,821.26,"[2.4176, 3.9925]","[2.7692, 3.9354]",3.935397762281703,3.7912371464443595e-8,optimized
s053,75,3.7430,hexspline_cl,hexspline_cl,2,true,,858.8830701488757,3.7332436927009307,1.1986,22.5,1.3848,42331,858.883,"[2.6586, 3.7332]","[2.7688, 3.7186]",3.7186430017964254,0.009752331299069272,optimized
s053,70,3.4935,hexspline_cl,hexspline_cl,2,false,recovery_failed,967.4770482943527,3.6077219573772297,,55.8,3.4364,500000,967.477,"[2.6064, 3.6077]","[2.7663, 3.7156]",3.7156307946199005,-0.11425893437722934,recovery_failed
s053,65,3.2439,hexspline_cl,hexspline_cl,2,false,not_run_after_fail,,,,0.0,,,,,,,,
s053,60,2.9944,hexspline_cl,hexspline_cl,2,false,not_run_after_fail,,,,0.0,,,,,,,,
s053,55,2.7449,hexspline_cl,hexspline_cl,2,false,not_run_after_fail,,,,0.0,,,,,,,,
s053,50,2.4953,hexspline_cl,hexspline_cl,2,false,not_run_after_fail,,,,0.0,,,,,,,,
s053,45,2.2458,hexspline_cl,hexspline_cl,2,false,not_run_after_fail,,,,0.0,,,,,,,,
s053,40,1.9963,hexspline_cl,hexspline_cl,2,false,not_run_after_fail,,,,0.0,,,,,,,,
s053,35,1.7467,hexspline_cl,hexspline_cl,2,false,not_run_after_fail,,,,0.0,,,,,,,,
s053,30,1.4972,hexspline_cl,hexspline_cl,2,false,not_run_after_fail,,,,0.0,,,,,,,,
s054,100,8.4379,hexspline_cl,hexspline_cl,2,false,no_solution,null,null,,96.4,5.7821,500000,null,[],[],null,,
s054,95,8.0160,hexspline_cl,hexspline_cl,2,false,not_run_after_fail,,,,0.0,,,,,,,,
s054,90,7.5941,hexspline_cl,hexspline_cl,2,false,not_run_after_fail,,,,0.0,,,,,,,,
s054,85,7.1722,hexspline_cl,hexspline_cl,2,false,not_run_after_fail,,,,0.0,,,,,,,,
s054,80,6.7503,hexspline_cl,hexspline_cl,2,false,not_run_after_fail,,,,0.0,,,,,,,,
s054,75,6.3284,hexspline_cl,hexspline_cl,2,false,not_run_after_fail,,,,0.0,,,,,,,,
s054,70,5.9065,hexspline_cl,hexspline_cl,2,false,not_run_after_fail,,,,0.0,,,,,,,,
s054,65,5.4846,hexspline_cl,hexspline_cl,2,false,not_run_after_fail,,,,0.0,,,,,,,,
s054,60,5.0627,hexspline_cl,hexspline_cl,2,false,not_run_after_fail,,,,0.0,,,,,,,,
s054,55,4.6408,hexspline_cl,hexspline_cl,2,false,not_run_after_fail,,,,0.0,,,,,,,,
s054,50,4.2189,hexspline_cl,hexspline_cl,2,false,not_run_after_fail,,,,0.0,,,,,,,,
s054,45,3.7970,hexspline_cl,hexspline_cl,2,false,not_run_after_fail,,,,0.0,,,,,,,,
s054,40,3.3751,hexspline_cl,hexspline_cl,2,false,not_run_after_fail,,,,0.0,,,,,,,,
s054,35,2.9532,hexspline_cl,hexspline_cl,2,false,not_run_after_fail,,,,0.0,,,,,,,,
s054,30,2.5314,hexspline_cl,hexspline_cl,2,false,not_run_after_fail,,,,0.0,,,,,,,,
s055,100,4.2209,hexspline_cl,hexspline_cl,2,false,no_solution,null,null,,109.3,6.5800,500000,null,[],[],null,,
s055,95,4.0099,hexspline_cl,hexspline_cl,2,false,not_run_after_fail,,,,0.0,,,,,,,,
s055,90,3.7988,hexspline_cl,hexspline_cl,2,false,not_run_after_fail,,,,0.0,,,,,,,,
s055,85,3.5878,hexspline_cl,hexspline_cl,2,false,not_run_after_fail,,,,0.0,,,,,,,,
s055,80,3.3767,hexspline_cl,hexspline_cl,2,false,not_run_after_fail,,,,0.0,,,,,,,,
s055,75,3.1657,hexspline_cl,hexspline_cl,2,false,not_run_after_fail,,,,0.0,,,,,,,,
s055,70,2.9546,hexspline_cl,hexspline_cl,2,false,not_run_after_fail,,,,0.0,,,,,,,,
s055,65,2.7436,hexspline_cl,hexspline_cl,2,false,not_run_after_fail,,,,0.0,,,,,,,,
s055,60,2.5325,hexspline_cl,hexspline_cl,2,false,not_run_after_fail,,,,0.0,,,,,,,,
s055,55,2.3215,hexspline_cl,hexspline_cl,2,false,not_run_after_fail,,,,0.0,,,,,,,,
s055,50,2.1105,hexspline_cl,hexspline_cl,2,false,not_run_after_fail,,,,0.0,,,,,,,,
s055,45,1.8994,hexspline_cl,hexspline_cl,2,false,not_run_after_fail,,,,0.0,,,,,,,,
s055,40,1.6884,hexspline_cl,hexspline_cl,2,false,not_run_after_fail,,,,0.0,,,,,,,,
s055,35,1.4773,hexspline_cl,hexspline_cl,2,false,not_run_after_fail,,,,0.0,,,,,,,,
s055,30,1.2663,hexspline_cl,hexspline_cl,2,false,not_run_after_fail,,,,0.0,,,,,,,,
s056,100,7.5536,hexspline_cl,hexspline_cl,2,true,,810.833407172266,5.862597938784039,1.0202,44.1,2.7351,172276,810.833,"[5.9319, 5.8626]","[4.5187, 7.3789]",7.3788902107894065,0.011987398695219727,optimized
s056,95,7.1759,hexspline_cl,hexspline_cl,2,true,,860.298746018293,5.672829030069222,1.0824,46.9,2.9132,189644,860.299,"[5.529, 5.6728]","[6.5907, 7.0255]",7.025506484107944,4.517703527245898e-9,optimized
s056,90,6.7983,hexspline_cl,hexspline_cl,2,true,,832.5076450286383,6.0071809447959374,1.0475,50.0,3.1006,210540,832.508,"[4.6082, 6.0072]","[5.5948, 6.6174]",6.617398734769161,1.4914197769486104e-7,optimized
s056,85,6.4206,hexspline_cl,hexspline_cl,2,true,,796.6299300695612,6.0148173471137065,1.0023,49.3,3.0596,210600,796.63,"[1.5174, 6.0148]","[3.1359, 6.3006]",6.300562045244534,1.4828990688580234e-5,optimized
s056,80,6.0429,hexspline_cl,hexspline_cl,2,true,,834.538674560681,4.6711090871300005,1.0500,48.2,2.9894,213071,834.539,"[3.6477, 4.6711]","[5.1405, 5.8992]",5.899235650868918,2.7218215667423884e-8,optimized
s056,75,5.6652,hexspline_cl,hexspline_cl,2,true,,813.4098621487016,5.654860661233577,1.0234,49.0,3.0410,213102,813.41,"[3.4885, 5.6549]","[5.0652, 5.6146]",5.614608709701255,0.010353626766423929,optimized
s056,70,5.2875,hexspline_cl,hexspline_cl,2,true,,875.3347685788397,5.265886051268802,1.1013,72.2,4.4832,500000,875.335,"[3.8705, 5.2659]","[5.0652, 5.6146]",5.614608709701255,0.012825343167136188,optimized
s056,65,4.9099,hexspline_cl,hexspline_cl,2,true,,856.3043252660805,4.909509913649277,1.0774,74.9,4.6455,500000,856.304,"[3.8349, 4.9095]","[5.0652, 5.6146]",5.614608709701255,2.7831847753539973e-8,optimized
s056,60,4.5322,hexspline_cl,hexspline_cl,2,true,,874.3325936980106,4.392751667105025,1.1001,72.0,4.4685,500000,874.333,"[4.9354, 4.3928]","[5.0652, 5.6146]",5.614608709701255,8.083505374779633e-7,optimized
s056,55,4.1545,hexspline_cl,hexspline_cl,2,false,recovery_failed,900.4534736285957,4.279435383245164,,69.7,4.3268,500000,900.453,"[5.0556, 4.2794]","[5.0652, 5.6146]",5.614608709701255,-0.12494463824516355,recovery_failed
s056,50,3.7768,hexspline_cl,hexspline_cl,2,false,not_run_after_fail,,,,0.0,,,,,,,,
s056,45,3.3991,hexspline_cl,hexspline_cl,2,false,not_run_after_fail,,,,0.0,,,,,,,,
s056,40,3.0214,hexspline_cl,hexspline_cl,2,false,not_run_after_fail,,,,0.0,,,,,,,,
s056,35,2.6438,hexspline_cl,hexspline_cl,2,false,not_run_after_fail,,,,0.0,,,,,,,,
s056,30,2.2661,hexspline_cl,hexspline_cl,2,false,not_run_after_fail,,,,0.0,,,,,,,,
s057,100,5.6828,hexspline_cl,hexspline_cl,2,false,no_solution,null,null,,104.3,6.2673,500000,null,[],[],null,,
s057,95,5.3986,hexspline_cl,hexspline_cl,2,false,not_run_after_fail,,,,0.0,,,,,,,,
s057,90,5.1145,hexspline_cl,hexspline_cl,2,false,not_run_after_fail,,,,0.0,,,,,,,,
s057,85,4.8304,hexspline_cl,hexspline_cl,2,false,not_run_after_fail,,,,0.0,,,,,,,,
s057,80,4.5462,hexspline_cl,hexspline_cl,2,false,not_run_after_fail,,,,0.0,,,,,,,,
s057,75,4.2621,hexspline_cl,hexspline_cl,2,false,not_run_after_fail,,,,0.0,,,,,,,,
s057,70,3.9780,hexspline_cl,hexspline_cl,2,false,not_run_after_fail,,,,0.0,,,,,,,,
s057,65,3.6938,hexspline_cl,hexspline_cl,2,false,not_run_after_fail,,,,0.0,,,,,,,,
s057,60,3.4097,hexspline_cl,hexspline_cl,2,false,not_run_after_fail,,,,0.0,,,,,,,,
s057,55,3.1255,hexspline_cl,hexspline_cl,2,false,not_run_after_fail,,,,0.0,,,,,,,,
s057,50,2.8414,hexspline_cl,hexspline_cl,2,false,not_run_after_fail,,,,0.0,,,,,,,,
s057,45,2.5573,hexspline_cl,hexspline_cl,2,false,not_run_after_fail,,,,0.0,,,,,,,,
s057,40,2.2731,hexspline_cl,hexspline_cl,2,false,not_run_after_fail,,,,0.0,,,,,,,,
s057,35,1.9890,hexspline_cl,hexspline_cl,2,false,not_run_after_fail,,,,0.0,,,,,,,,
s057,30,1.7048,hexspline_cl,hexspline_cl,2,false,not_run_after_fail,,,,0.0,,,,,,,,
s058,100,5.2066,hexspline_cl,hexspline_cl,2,true,,801.259283537456,5.175599485064166,1.1290,30.3,1.8763,76197,801.259,"[2.0515, 5.1756]","[3.0632, 4.0522]",4.052217021172536,1.944198063734802e-6,optimized
s058,95,4.9463,hexspline_cl,hexspline_cl,2,true,,805.5974640904905,4.417458510072543,1.1351,29.7,1.8384,76197,805.597,"[2.3873, 4.4175]","[3.0632, 4.0522]",4.052217021172536,4.814104411489097e-7,optimized
s058,90,4.6860,hexspline_cl,hexspline_cl,2,true,,822.9470022587499,3.9051269777265962,1.1596,30.9,1.9149,76197,822.947,"[2.9835, 3.9051]","[3.0632, 4.0522]",4.052217021172536,7.045787756647769e-6,optimized
s058,85,4.4256,hexspline_cl,hexspline_cl,2,true,,826.2678403148309,3.8241822132695913,1.1643,31.4,1.9439,76197,826.268,"[2.9388, 3.8242]","[3.0632, 4.0522]",4.052217021172536,0.007717450983814145,optimized
s058,80,4.1653,hexspline_cl,hexspline_cl,2,true,,851.1264281023042,4.044773774966652,1.1993,28.3,1.7518,76197,851.126,"[3.0073, 4.0448]","[3.0632, 4.0522]",4.052217021172536,0.009471827115649666,optimized
s058,75,3.9050,hexspline_cl,hexspline_cl,2,true,,809.315992038474,3.4882407220892953,1.1404,30.4,1.8866,76561,809.316,"[2.665, 3.4882]","[2.896, 3.7875]",3.7875183197537954,6.040036318322173e-10,optimized
s058,70,3.6446,hexspline_cl,hexspline_cl,2,true,,856.3738255118326,3.630728881946975,1.2067,28.5,1.7631,76793,856.374,"[2.9958, 3.6307]","[3.0633, 3.4162]",3.416184996366295,0.008460859051108736,optimized
s058,65,3.3843,hexspline_cl,hexspline_cl,2,false,recovery_failed,832.5557159178132,3.428735057536111,,61.3,3.8011,500000,832.556,"[2.9755, 3.4287]","[3.0632, 3.4161]",3.4160995428679963,-0.044436496536111036,recovery_failed
s058,60,3.1240,hexspline_cl,hexspline_cl,2,false,not_run_after_fail,,,,0.0,,,,,,,,
s058,55,2.8636,hexspline_cl,hexspline_cl,2,false,not_run_after_fail,,,,0.0,,,,,,,,
s058,50,2.6033,hexspline_cl,hexspline_cl,2,false,not_run_after_fail,,,,0.0,,,,,,,,
s058,45,2.3430,hexspline_cl,hexspline_cl,2,false,not_run_after_fail,,,,0.0,,,,,,,,
s058,40,2.0826,hexspline_cl,hexspline_cl,2,false,not_run_after_fail,,,,0.0,,,,,,,,
s058,35,1.8223,hexspline_cl,hexspline_cl,2,false,not_run_after_fail,,,,0.0,,,,,,,,
s058,30,1.5620,hexspline_cl,hexspline_cl,2,false,not_run_after_fail,,,,0.0,,,,,,,,
s059,100,8.2417,hexspline_cl,hexspline_cl,2,true,,788.7881960090003,6.863166981523237,1.0403,27.8,1.7080,48718,788.788,"[0.9299, 6.8632]","[2.7394, 5.3907]",5.3907088272914745,7.080839625610679e-6,optimized
s059,95,7.8296,hexspline_cl,hexspline_cl,2,true,,788.9157565911261,6.861081111935475,1.0404,27.7,1.6996,48718,788.916,"[0.9418, 6.8611]","[2.7394, 5.3907]",5.3907088272914745,1.0470284226154036e-5,optimized
s059,90,7.4175,hexspline_cl,hexspline_cl,2,true,,787.1873394259928,4.213533119461776,1.0381,27.7,1.7029,48718,787.187,"[2.3929, 4.2135]","[2.7394, 5.3907]",5.3907088272914745,3.852611092977531e-5,optimized
s059,85,7.0054,hexspline_cl,hexspline_cl,2,true,,794.0463089630535,5.181036933642407,1.0472,25.9,1.5903,48718,794.046,"[2.5534, 5.181]","[2.7394, 5.3907]",5.3907088272914745,7.247058890491598e-10,optimized
s059,80,6.5934,hexspline_cl,hexspline_cl,2,true,,793.7191774588601,5.109334459697308,1.0468,26.4,1.6252,48718,793.719,"[2.5664, 5.1093]","[2.7394, 5.3907]",5.3907088272914745,1.222662901478877e-8,optimized
s059,75,6.1813,hexspline_cl,hexspline_cl,2,true,,795.0203486732282,5.231359401693827,1.0485,26.1,1.6071,48718,795.02,"[2.6247, 5.2314]","[2.7394, 5.3907]",5.3907088272914745,7.932917725494981e-10,optimized
s059,70,5.7692,hexspline_cl,hexspline_cl,2,true,,825.6123200759281,3.233213025573137,1.0888,24.9,1.5317,48718,825.612,"[2.7403, 3.2332]","[2.7394, 5.3907]",5.3907088272914745,0.011666667666202425,optimized
s059,65,5.3571,hexspline_cl,hexspline_cl,2,true,,790.220710169309,3.4601169284267947,1.0421,26.2,1.6115,52227,790.221,"[1.4936, 3.4601]","[2.7394, 3.3446]",3.344572921930675,0.017880203601355955,optimized
s059,60,4.9450,hexspline_cl,hexspline_cl,2,true,,785.6349392746504,3.170780337983127,1.0361,26.0,1.5986,52227,785.635,"[2.1565, 3.1708]","[2.7394, 3.3446]",3.344572921930675,0.01675977503342277,optimized
s059,55,4.5329,hexspline_cl,hexspline_cl,2,true,,789.8797544860644,3.3291340133780056,1.0417,26.6,1.6321,52227,789.88,"[1.4631, 3.3291]","[2.7394, 3.3446]",3.344572921930675,0.017836810993024775,optimized
s059,50,4.1209,hexspline_cl,hexspline_cl,2,true,,789.8124981556953,3.259131979556192,1.0416,26.7,1.6414,52227,789.812,"[1.402, 3.2591]","[2.7394, 3.3446]",3.344572921930675,0.01775182898357239,optimized
s059,45,3.7088,hexspline_cl,hexspline_cl,2,true,,773.0135458052205,3.7087682398723234,1.0195,27.6,1.6935,52227,773.014,"[2.1407, 3.7088]","[2.7394, 3.3446]",3.344572921930675,1.7812767660885243e-7,optimized
s059,40,3.2967,hexspline_cl,hexspline_cl,2,true,,860.7505541435943,3.086781421609724,1.1352,47.1,2.8977,361712,860.751,"[2.5285, 3.0868]","[2.7394, 3.2215]",3.2214991122965846,0.011890115588405933,optimized
s059,35,2.8846,hexspline_cl,hexspline_cl,2,true,,832.6891879415234,2.7952232088835154,1.0982,63.8,3.9200,500000,832.689,"[1.9663, 2.7952]","[2.7394, 3.2215]",3.2214983420121395,5.843011735562342e-8,optimized
s059,30,2.4725,hexspline_cl,hexspline_cl,2,true,,834.322370881253,2.4630324093805247,1.1003,65.6,4.0318,500000,834.322,"[1.386, 2.463]","[2.7394, 3.2215]",3.2214983420121395,4.109693113249491e-8,optimized
s060,100,8.1087,hexspline_cl,hexspline_cl,2,true,,698.5955193703139,6.799471449167976,0.8351,19.5,1.1971,4063,698.596,"[3.1641, 6.7995]","[3.9449, 5.705]",5.704997208451438,0.011271978355147478,optimized
s060,95,7.7032,hexspline_cl,hexspline_cl,2,true,,721.2678315329262,5.713381426007963,0.8622,19.5,1.1968,4063,721.268,"[3.9258, 5.7134]","[3.9449, 5.705]",5.704997208451438,0.011666667666718304,optimized
s060,90,7.2978,hexspline_cl,hexspline_cl,2,true,,711.4238539203512,5.719420796601394,0.8504,19.4,1.1931,4063,711.424,"[3.1318, 5.7194]","[3.9449, 5.705]",5.704997208451438,0.011825646064619224,optimized
s060,85,6.8924,hexspline_cl,hexspline_cl,2,true,,706.5044869550607,5.763344396145008,0.8446,19.3,1.1864,4063,706.504,"[3.1403, 5.7633]","[3.9449, 5.705]",5.704997208451438,0.011834757390792466,optimized
s060,80,6.4869,hexspline_cl,hexspline_cl,2,true,,708.0796368229547,5.674072865448836,0.8464,19.5,1.1973,4063,708.08,"[3.0499, 5.6741]","[3.9449, 5.705]",5.704997208451438,0.011253138784579137,optimized
s060,75,6.0815,hexspline_cl,hexspline_cl,2,true,,716.0830236118866,5.11168649677904,0.8560,19.4,1.1903,4063,716.083,"[2.6004, 5.1117]","[3.9449, 5.705]",5.704997208451438,0.00937151336962071,optimized
s060,70,5.6761,hexspline_cl,hexspline_cl,2,true,,699.8065276534066,4.124173125830768,0.8366,67.4,4.1331,500000,699.807,"[3.0235, 4.1242]","[3.9449, 5.705]",5.704997208451438,1.2222487387385627e-5,optimized
s060,65,5.2706,hexspline_cl,hexspline_cl,2,true,,700.1657364671817,5.0851941934830185,0.8370,63.3,3.8857,500000,700.166,"[2.7173, 5.0852]","[3.9449, 5.705]",5.704997208451438,1.0707780145603464e-6,optimized
s060,60,4.8652,hexspline_cl,hexspline_cl,2,true,,715.4855610993618,4.73826474336839,0.8553,61.6,3.7805,500000,715.486,"[3.7208, 4.7383]","[3.9449, 5.705]",5.704997208451438,5.75013163166659e-7,optimized
s060,55,4.4598,hexspline_cl,hexspline_cl,2,true,,708.1298057233715,4.37984328911857,0.8465,61.8,3.7935,500000,708.13,"[3.519, 4.3798]","[3.9449, 5.705]",5.704997208451438,1.9238169354684937e-7,optimized
s060,50,4.0543,hexspline_cl,hexspline_cl,2,false,recovery_failed,725.453594871012,4.446413141327094,,59.2,3.6326,500000,725.454,"[3.8353, 4.4464]","[3.9449, 5.705]",5.704997208451438,-0.39207576532709343,recovery_failed
s060,45,3.6489,hexspline_cl,hexspline_cl,2,false,not_run_after_fail,,,,0.0,,,,,,,,
s060,40,3.2435,hexspline_cl,hexspline_cl,2,false,not_run_after_fail,,,,0.0,,,,,,,,
s060,35,2.8380,hexspline_cl,hexspline_cl,2,false,not_run_after_fail,,,,0.0,,,,,,,,
s060,30,2.4326,hexspline_cl,hexspline_cl,2,false,not_run_after_fail,,,,0.0,,,,,,,,
s061,100,6.9261,hexspline_cl,hexspline_cl,2,true,,855.5974382258854,6.184939787304581,1.0111,43.4,2.6703,142708,855.597,"[4.4832, 6.1849]","[5.1702, 4.8139]",4.813915591766561,8.737231974725868e-8,optimized
s061,95,6.5798,hexspline_cl,hexspline_cl,2,true,,854.9316691325754,6.175718542655464,1.0103,42.7,2.6317,142708,854.932,"[4.4969, 6.1757]","[5.1702, 4.8139]",4.813915591766561,6.08600835491635e-8,optimized
s061,90,6.2335,hexspline_cl,hexspline_cl,2,true,,905.9137633656535,6.2335061087306425,1.0705,41.6,2.5638,142708,905.914,"[4.7721, 6.2335]","[5.1702, 4.8139]",4.813915591766561,1.4922693578611756e-6,optimized
s061,85,5.8872,hexspline_cl,hexspline_cl,2,true,,932.4033301401513,5.887200041366291,1.1018,41.7,2.5712,142708,932.403,"[4.7772, 5.8872]","[5.1702, 4.8139]",4.813915591766561,1.6376337095280746e-6,optimized
s061,80,5.5409,hexspline_cl,hexspline_cl,2,true,,935.6480653311377,5.540894299475959,1.1057,41.9,2.5805,142708,935.648,"[4.7568, 5.5409]","[5.1702, 4.8139]",4.813915591766561,1.45752404101529e-6,optimized
s061,75,5.1946,hexspline_cl,hexspline_cl,2,true,,940.7770326796799,5.194586695378093,1.1117,41.9,2.5835,142708,940.777,"[5.1067, 5.1946]","[5.1702, 4.8139]",4.813915591766561,3.1386219072615518e-6,optimized
s061,70,4.8483,hexspline_cl,hexspline_cl,2,false,recovery_failed,971.9054542605812,4.8952217645321365,,39.1,2.4092,142708,971.905,"[5.1053, 4.8952]","[5.1702, 4.8139]",4.813915591766561,-0.046937852532136226,recovery_failed
s061,65,4.5020,hexspline_cl,hexspline_cl,2,false,not_run_after_fail,,,,0.0,,,,,,,,
s061,60,4.1557,hexspline_cl,hexspline_cl,2,false,not_run_after_fail,,,,0.0,,,,,,,,
s061,55,3.8094,hexspline_cl,hexspline_cl,2,false,not_run_after_fail,,,,0.0,,,,,,,,
s061,50,3.4631,hexspline_cl,hexspline_cl,2,false,not_run_after_fail,,,,0.0,,,,,,,,
s061,45,3.1168,hexspline_cl,hexspline_cl,2,false,not_run_after_fail,,,,0.0,,,,,,,,
s061,40,2.7704,hexspline_cl,hexspline_cl,2,false,not_run_after_fail,,,,0.0,,,,,,,,
s061,35,2.4241,hexspline_cl,hexspline_cl,2,false,not_run_after_fail,,,,0.0,,,,,,,,
s061,30,2.0778,hexspline_cl,hexspline_cl,2,false,not_run_after_fail,,,,0.0,,,,,,,,
s062,100,7.1821,hexspline_cl,hexspline_cl,2,true,,922.7025540794973,4.117192341880167,0.9353,65.6,3.9714,270195,922.703,"[3.2954, 4.1172]","[3.8122, 4.6716]",4.671581814374995,4.92486774660017e-8,optimized
s062,95,6.8230,hexspline_cl,hexspline_cl,2,true,,814.125382035366,4.111446762472633,0.8253,66.6,4.0304,270195,814.125,"[2.4959, 4.1114]","[3.8122, 4.6716]",4.671581814374995,7.214844826783362e-8,optimized
s062,90,6.4639,hexspline_cl,hexspline_cl,2,true,,921.1740282950119,4.085940727723512,0.9338,65.1,3.9390,270195,921.174,"[3.3219, 4.0859]","[3.8122, 4.6716]",4.671581814374995,9.46323872458299e-8,optimized
s062,85,6.1048,hexspline_cl,hexspline_cl,2,true,,873.0655205324828,3.0839224941803796,0.8850,64.9,3.9253,270195,873.066,"[2.9399, 3.0839]","[3.8122, 4.6716]",4.671581814374995,4.18453104805705e-9,optimized
s062,80,5.7457,hexspline_cl,hexspline_cl,2,true,,817.1980805238537,4.210241489369899,0.8284,66.4,4.0210,270195,817.198,"[2.3507, 4.2102]","[3.8122, 4.6716]",4.671581814374995,1.8180531802247657e-8,optimized
s062,75,5.3866,hexspline_cl,hexspline_cl,2,true,,871.408350425454,3.1131500421258154,0.8833,65.2,3.9451,270195,871.408,"[2.9926, 3.1132]","[3.8122, 4.6716]",4.671581814374995,1.5014204463037473e-10,optimized
s062,70,5.0275,hexspline_cl,hexspline_cl,2,true,,872.5256267836719,4.3589810968703455,0.8845,65.0,3.9348,270195,872.526,"[2.9401, 4.359]","[3.8122, 4.6716]",4.671581814374995,2.3446660273040987e-9,optimized
s062,65,4.6684,hexspline_cl,hexspline_cl,2,true,,923.4637344879104,3.987754030766465,0.9361,64.9,3.9302,270196,923.464,"[3.923, 3.9878]","[4.1438, 4.6112]",4.611221499796555,0.009622706512387866,optimized
s062,60,4.3093,hexspline_cl,hexspline_cl,2,true,,828.2722083664896,3.86435449223587,0.8396,62.5,3.7822,271815,828.272,"[3.4552, 3.8644]","[4.1438, 4.0495]",4.049486334245486,5.175840415982957e-10,optimized
s062,55,3.9502,hexspline_cl,hexspline_cl,2,true,,902.0240127791694,3.5502736465200115,0.9144,65.0,3.9331,272060,902.024,"[3.5125, 3.5503]","[3.8122, 3.8225]",3.822450766210116,1.3076189588900888e-6,optimized
s062,50,3.5910,hexspline_cl,hexspline_cl,2,true,,936.9461189884601,3.2550981047014425,0.9498,61.3,3.7085,272358,936.946,"[1.6807, 3.2551]","[1.7001, 3.5841]",3.5840890913691084,0.011446876772146595,optimized
s062,45,3.2319,hexspline_cl,hexspline_cl,2,true,,960.1891118056907,2.8098264564325297,0.9733,76.7,4.6408,500000,960.189,"[2.2655, 2.8098]","[2.2931, 3.2431]",3.243070069353043,0.011666667696490165,optimized
s062,40,2.8728,hexspline_cl,hexspline_cl,2,true,,950.0461707920701,2.5052901323229633,0.9630,76.3,4.6160,500000,950.046,"[2.0464, 2.5053]","[2.2931, 3.2431]",3.243070069353043,0.013000165644193715,optimized
s062,35,2.5137,hexspline_cl,hexspline_cl,2,true,,948.5693951087757,2.512166477605356,0.9616,77.9,4.7147,500000,948.569,"[2.0596, 2.5122]","[2.2931, 3.2431]",3.243070069353043,0.0015694283946441345,optimized
s062,30,2.1546,hexspline_cl,hexspline_cl,2,false,recovery_failed,948.5690286355042,2.5121615716708865,,76.9,4.6571,500000,948.569,"[2.0596, 2.5122]","[2.2931, 3.2431]",3.243070069353043,-0.35753065267088635,recovery_failed
s063,100,5.0006,hexspline_cl,hexspline_cl,2,true,,946.2568321944747,4.802648710101212,1.0949,54.3,3.2899,215629,946.257,"[1.7522, 4.8026]","[1.7586, 4.6309]",4.630911095728866,0.01143840777819336,optimized
s063,95,4.7505,hexspline_cl,hexspline_cl,2,true,,925.8229405030295,4.588413564137141,1.0713,56.1,3.3981,215629,925.823,"[1.6501, 4.5884]","[1.7586, 4.6309]",4.630911095728866,3.506702173832309e-6,optimized
s063,90,4.5005,hexspline_cl,hexspline_cl,2,true,,945.661658953167,4.266125832367429,1.0943,50.9,3.0859,215631,945.662,"[2.7445, 4.2661]","[2.7574, 3.9396]",3.9395727653273718,0.011569714719617874,optimized
s063,85,4.2505,hexspline_cl,hexspline_cl,2,true,,946.2568321985862,4.240219581528573,1.0949,51.6,3.1255,215631,946.257,"[2.7442, 4.2402]","[2.7574, 3.9396]",3.9395727653273718,0.01026575147142772,optimized
s063,80,4.0005,hexspline_cl,hexspline_cl,2,true,,943.3426190357949,3.762852911538465,1.0916,52.1,3.1554,215631,943.343,"[2.4709, 3.7629]","[2.7574, 3.9396]",3.9395727653273718,2.1806133985308174e-8,optimized
s063,75,3.7504,hexspline_cl,hexspline_cl,2,true,,940.7007154260198,3.7492538658185297,1.0885,69.6,4.2221,436108,940.701,"[2.5568, 3.7493]","[2.7554, 3.7207]",3.72068736100919,6.022506343266286e-6,optimized
s063,70,3.5004,hexspline_cl,hexspline_cl,2,false,recovery_failed,993.3296703694208,3.53609353212265,,69.3,4.2009,500000,993.33,"[2.5535, 3.5361]","[2.7554, 3.7207]",3.72068736100919,-0.03569366912264993,recovery_failed
s063,65,3.2504,hexspline_cl,hexspline_cl,2,false,not_run_after_fail,,,,0.0,,,,,,,,
s063,60,3.0003,hexspline_cl,hexspline_cl,2,false,not_run_after_fail,,,,0.0,,,,,,,,
s063,55,2.7503,hexspline_cl,hexspline_cl,2,false,not_run_after_fail,,,,0.0,,,,,,,,
s063,50,2.5003,hexspline_cl,hexspline_cl,2,false,not_run_after_fail,,,,0.0,,,,,,,,
s063,45,2.2503,hexspline_cl,hexspline_cl,2,false,not_run_after_fail,,,,0.0,,,,,,,,
s063,40,2.0002,hexspline_cl,hexspline_cl,2,false,not_run_after_fail,,,,0.0,,,,,,,,
s063,35,1.7502,hexspline_cl,hexspline_cl,2,false,not_run_after_fail,,,,0.0,,,,,,,,
s063,30,1.5002,hexspline_cl,hexspline_cl,2,false,not_run_after_fail,,,,0.0,,,,,,,,
s065,100,4.2830,hexspline_cl,hexspline_cl,2,false,no_solution,null,null,,96.7,5.8077,500000,null,[],[],null,,
s065,95,4.0688,hexspline_cl,hexspline_cl,2,false,not_run_after_fail,,,,0.0,,,,,,,,
s065,90,3.8547,hexspline_cl,hexspline_cl,2,false,not_run_after_fail,,,,0.0,,,,,,,,
s065,85,3.6405,hexspline_cl,hexspline_cl,2,false,not_run_after_fail,,,,0.0,,,,,,,,
s065,80,3.4264,hexspline_cl,hexspline_cl,2,false,not_run_after_fail,,,,0.0,,,,,,,,
s065,75,3.2122,hexspline_cl,hexspline_cl,2,false,not_run_after_fail,,,,0.0,,,,,,,,
s065,70,2.9981,hexspline_cl,hexspline_cl,2,false,not_run_after_fail,,,,0.0,,,,,,,,
s065,65,2.7839,hexspline_cl,hexspline_cl,2,false,not_run_after_fail,,,,0.0,,,,,,,,
s065,60,2.5698,hexspline_cl,hexspline_cl,2,false,not_run_after_fail,,,,0.0,,,,,,,,
s065,55,2.3556,hexspline_cl,hexspline_cl,2,false,not_run_after_fail,,,,0.0,,,,,,,,
s065,50,2.1415,hexspline_cl,hexspline_cl,2,false,not_run_after_fail,,,,0.0,,,,,,,,
s065,45,1.9273,hexspline_cl,hexspline_cl,2,false,not_run_after_fail,,,,0.0,,,,,,,,
s065,40,1.7132,hexspline_cl,hexspline_cl,2,false,not_run_after_fail,,,,0.0,,,,,,,,
s065,35,1.4990,hexspline_cl,hexspline_cl,2,false,not_run_after_fail,,,,0.0,,,,,,,,
s065,30,1.2849,hexspline_cl,hexspline_cl,2,false,not_run_after_fail,,,,0.0,,,,,,,,
s066,100,5.4014,hexspline_cl,hexspline_cl,2,true,,693.6248611787037,3.9166909852722678,1.0769,20.0,1.2527,8012,693.625,"[1.0581, 3.9167]","[1.975, 4.0954]",4.095382922834618,0.0016952311239816983,optimized
s066,95,5.1314,hexspline_cl,hexspline_cl,2,true,,693.7370663752388,3.885910409503551,1.0771,20.0,1.2501,8012,693.737,"[1.0503, 3.8859]","[1.975, 4.0954]",4.095382922834618,0.0014569046660831107,optimized
s066,90,4.8613,hexspline_cl,hexspline_cl,2,true,,743.9112479380525,4.401762236092716,1.1550,19.9,1.2432,8012,743.911,"[1.9585, 4.4018]","[1.975, 4.0954]",4.095382922834618,0.010729170509813004,optimized
s066,85,4.5912,hexspline_cl,hexspline_cl,2,true,,713.7415063620094,4.35837394308413,1.1082,20.2,1.2596,8012,713.742,"[0.8728, 4.3584]","[1.975, 4.0954]",4.095382922834618,1.4476144251721057e-7,optimized
s066,80,4.3212,hexspline_cl,hexspline_cl,2,true,,743.0902043792952,3.03666118349484,1.1537,20.6,1.2890,8012,743.09,"[1.6949, 3.0367]","[1.975, 4.0954]",4.095382922834618,0.00023278582998608258,optimized
s066,75,4.0511,hexspline_cl,hexspline_cl,2,true,,743.4940871370914,2.9073003283140086,1.1544,20.6,1.2884,8093,743.494,"[1.554, 2.9073]","[1.9568, 4.0393]",4.039310368819552,4.143099102335568e-8,optimized
s066,70,3.7810,hexspline_cl,hexspline_cl,2,true,,714.8971906112805,3.5943834773496683,1.1100,20.5,1.2806,8109,714.897,"[2.3201, 3.5944]","[2.8025, 3.4565]",3.4565214905285604,1.0287481179427349e-8,optimized
s066,65,3.5109,hexspline_cl,hexspline_cl,2,true,,717.5409658300094,3.206862646696749,1.1141,20.5,1.2840,8109,717.541,"[2.4079, 3.2069]","[2.8025, 3.4565]",3.4565214905285604,3.995276318113916e-9,optimized
s066,60,3.2409,hexspline_cl,hexspline_cl,2,true,,848.3567299273034,3.240856512706312,1.3172,63.4,3.9623,500000,848.357,"[2.4186, 3.2409]","[2.8028, 3.3364]",3.336379779155403,1.4446293687964129e-5,optimized
s066,55,2.9708,hexspline_cl,hexspline_cl,2,true,,837.7646070690495,2.9707980032382535,1.3007,61.0,3.8121,500000,837.765,"[2.0514, 2.9708]","[2.8028, 3.3364]",3.336379779155403,4.587617468132521e-7,optimized
s066,50,2.7007,hexspline_cl,hexspline_cl,2,true,,844.9518723953064,2.7007257092776014,1.3119,59.9,3.7463,500000,844.952,"[1.6489, 2.7007]","[2.8028, 3.3364]",3.336379779155403,2.567223988947376e-7,optimized
s066,45,2.4307,hexspline_cl,hexspline_cl,2,false,recovery_failed,898.9502913087194,2.47203751783306,,64.0,4.0007,500000,898.95,"[1.4305, 2.472]","[2.8028, 3.3364]",3.336379779155403,-0.04138404883305968,recovery_failed
s066,40,2.1606,hexspline_cl,hexspline_cl,2,false,not_run_after_fail,,,,0.0,,,,,,,,
s066,35,1.8905,hexspline_cl,hexspline_cl,2,false,not_run_after_fail,,,,0.0,,,,,,,,
s066,30,1.6204,hexspline_cl,hexspline_cl,2,false,not_run_after_fail,,,,0.0,,,,,,,,
s067,100,8.0003,hexspline_cl,hexspline_cl,2,true,,814.5628793995189,5.900697845640783,1.0011,28.3,1.7289,52537,814.563,"[5.6926, 5.9007]","[7.1657, 7.2945]",7.294478316056978,1.0709691596526682e-5,optimized
s067,95,7.6003,hexspline_cl,hexspline_cl,2,true,,819.8650800956547,5.624993837193875,1.0077,28.3,1.7261,52537,819.865,"[5.5687, 5.625]","[7.1657, 7.2945]",7.294478316056978,3.746246676680675e-5,optimized
s067,90,7.2003,hexspline_cl,hexspline_cl,2,true,,829.9886064579599,6.763265983925566,1.0201,97.5,5.9525,442111,829.989,"[4.6459, 6.7633]","[5.4362, 7.1643]",7.164251065196874,1.1141128644642784e-10,optimized
s067,85,6.8003,hexspline_cl,hexspline_cl,2,true,,865.5063164262305,6.719180653748468,1.0638,105.2,6.4244,500000,865.506,"[5.1155, 6.7192]","[6.4537, 6.807]",6.80697861352589,1.2038458598040425e-9,optimized
s067,80,6.4003,hexspline_cl,hexspline_cl,2,true,,955.022598998082,6.253071399998778,1.1738,106.1,6.4800,500000,955.023,"[6.2286, 6.2531]","[6.4537, 6.807]",6.80697861352589,6.893163810584024e-9,optimized
s067,75,6.0002,hexspline_cl,hexspline_cl,2,true,,949.9014574992152,5.7491884736647,1.1675,97.0,5.9194,500000,949.901,"[5.56, 5.7492]","[6.4537, 6.807]",6.80697861352589,8.36733423867364e-9,optimized
s067,70,5.6002,hexspline_cl,hexspline_cl,2,true,,946.2109634704693,5.418092289792854,1.1629,99.1,6.0521,500000,946.211,"[5.7568, 5.4181]","[6.4537, 6.807]",6.80697861352589,6.9252051974888484e-9,optimized
s067,65,5.2002,hexspline_cl,hexspline_cl,2,true,,948.0115582142097,5.076823670333893,1.1652,99.2,6.0550,500000,948.012,"[5.6574, 5.0768]","[6.4537, 6.807]",6.80697861352589,7.516120996420295e-9,optimized
s067,60,4.8002,hexspline_cl,hexspline_cl,2,true,,997.8321985640148,4.800197951102463,1.2264,98.9,6.0381,500000,997.832,"[5.6811, 4.8002]","[6.4537, 6.807]",6.80697861352589,1.589753662045723e-8,optimized
s067,55,4.4002,hexspline_cl,hexspline_cl,2,false,recovery_failed,1009.9621240684734,4.743341518555145,,97.1,5.9303,500000,1009.962,"[5.6979, 4.7433]","[6.4537, 6.807]",6.80697861352589,-0.3431599655551443,recovery_failed
s067,50,4.0002,hexspline_cl,hexspline_cl,2,false,not_run_after_fail,,,,0.0,,,,,,,,
s067,45,3.6001,hexspline_cl,hexspline_cl,2,false,not_run_after_fail,,,,0.0,,,,,,,,
s067,40,3.2001,hexspline_cl,hexspline_cl,2,false,not_run_after_fail,,,,0.0,,,,,,,,
s067,35,2.8001,hexspline_cl,hexspline_cl,2,false,not_run_after_fail,,,,0.0,,,,,,,,
s067,30,2.4001,hexspline_cl,hexspline_cl,2,false,not_run_after_fail,,,,0.0,,,,,,,,
s068,100,5.2697,hexspline_cl,hexspline_cl,2,true,,832.6675724830932,3.6816757073316935,1.0448,66.7,4.0758,330707,832.668,"[1.8847, 3.6817]","[3.4681, 3.9919]",3.991936509501506,6.061305946741813e-9,optimized
s068,95,5.0062,hexspline_cl,hexspline_cl,2,true,,833.6510620948053,3.6684014024940095,1.0461,67.5,4.1251,330707,833.651,"[1.8581, 3.6684]","[3.4681, 3.9919]",3.991936509501506,0.00010071471747758604,optimized
s068,90,4.7427,hexspline_cl,hexspline_cl,2,true,,815.1014277865414,2.3704510626339266,1.0228,67.1,4.0973,330707,815.101,"[1.4428, 2.3705]","[3.4681, 3.9919]",3.991936509501506,2.3776331011665652e-8,optimized
s068,85,4.4793,hexspline_cl,hexspline_cl,2,true,,830.2550156506381,3.622511736489733,1.0418,66.3,4.0506,330707,830.255,"[1.6713, 3.6225]","[3.4681, 3.9919]",3.991936509501506,8.449694005596697e-8,optimized
s068,80,4.2158,hexspline_cl,hexspline_cl,2,true,,829.0544176781192,3.582538406250045,1.0403,69.8,4.2620,330707,829.054,"[1.5545, 3.5825]","[3.4681, 3.9919]",3.991936509501506,2.011524935160991e-8,optimized
s068,75,3.9523,hexspline_cl,hexspline_cl,2,true,,874.0483610054057,3.488854514271868,1.0968,69.7,4.2585,330709,874.048,"[3.2001, 3.4889]","[3.4885, 3.5039]",3.5038558537558355,1.005989545554975e-7,optimized
s068,70,3.6888,hexspline_cl,hexspline_cl,2,true,,879.103775175797,3.5202878685681815,1.1031,63.5,3.8812,330709,879.104,"[3.211, 3.5203]","[3.4885, 3.5039]",3.5038558537558355,3.220221893654451e-8,optimized
s068,65,3.4253,hexspline_cl,hexspline_cl,2,true,,850.9314709869899,3.2196837959012106,1.0678,63.3,3.8680,335693,850.931,"[1.6657, 3.2197]","[1.7267, 3.309]",3.3090224751995323,4.044581347921848e-6,optimized
s068,60,3.1618,hexspline_cl,hexspline_cl,2,true,,903.8441908965909,2.9787595954871096,1.1342,78.8,4.8125,500000,903.844,"[1.5329, 2.9788]","[1.7182, 3.2834]",3.2834077062573317,0.009058784388761204,optimized
s068,55,2.8983,hexspline_cl,hexspline_cl,2,true,,904.3845971827319,2.898347978460204,1.1348,72.8,4.4448,500000,904.385,"[1.5247, 2.8983]","[1.7182, 3.2834]",3.2834077062573317,1.5753979587529443e-7,optimized
s068,50,2.6349,hexspline_cl,hexspline_cl,2,false,recovery_failed,904.5961965932333,2.765914000819183,,73.7,4.4996,500000,904.596,"[1.527, 2.7659]","[1.7182, 3.2834]",3.2834077062573317,-0.1310519688191829,recovery_failed
s068,45,2.3714,hexspline_cl,hexspline_cl,2,false,not_run_after_fail,,,,0.0,,,,,,,,
s068,40,2.1079,hexspline_cl,hexspline_cl,2,false,not_run_after_fail,,,,0.0,,,,,,,,
s068,35,1.8444,hexspline_cl,hexspline_cl,2,false,not_run_after_fail,,,,0.0,,,,,,,,
s068,30,1.5809,hexspline_cl,hexspline_cl,2,false,not_run_after_fail,,,,0.0,,,,,,,,
s069,100,5.3760,hexspline_cl,hexspline_cl,2,false,no_solution,null,null,,101.1,6.0556,500000,null,[],[],null,,
s069,95,5.1072,hexspline_cl,hexspline_cl,2,false,not_run_after_fail,,,,0.0,,,,,,,,
s069,90,4.8384,hexspline_cl,hexspline_cl,2,false,not_run_after_fail,,,,0.0,,,,,,,,
s069,85,4.5696,hexspline_cl,hexspline_cl,2,false,not_run_after_fail,,,,0.0,,,,,,,,
s069,80,4.3008,hexspline_cl,hexspline_cl,2,false,not_run_after_fail,,,,0.0,,,,,,,,
s069,75,4.0320,hexspline_cl,hexspline_cl,2,false,not_run_after_fail,,,,0.0,,,,,,,,
s069,70,3.7632,hexspline_cl,hexspline_cl,2,false,not_run_after_fail,,,,0.0,,,,,,,,
s069,65,3.4944,hexspline_cl,hexspline_cl,2,false,not_run_after_fail,,,,0.0,,,,,,,,
s069,60,3.2256,hexspline_cl,hexspline_cl,2,false,not_run_after_fail,,,,0.0,,,,,,,,
s069,55,2.9568,hexspline_cl,hexspline_cl,2,false,not_run_after_fail,,,,0.0,,,,,,,,
s069,50,2.6880,hexspline_cl,hexspline_cl,2,false,not_run_after_fail,,,,0.0,,,,,,,,
s069,45,2.4192,hexspline_cl,hexspline_cl,2,false,not_run_after_fail,,,,0.0,,,,,,,,
s069,40,2.1504,hexspline_cl,hexspline_cl,2,false,not_run_after_fail,,,,0.0,,,,,,,,
s069,35,1.8816,hexspline_cl,hexspline_cl,2,false,not_run_after_fail,,,,0.0,,,,,,,,
s069,30,1.6128,hexspline_cl,hexspline_cl,2,false,not_run_after_fail,,,,0.0,,,,,,,,
s070,100,8.4915,hexspline_cl,hexspline_cl,2,false,no_solution,null,null,,90.5,5.3268,500000,null,[],[],null,,
s070,95,8.0670,hexspline_cl,hexspline_cl,2,false,not_run_after_fail,,,,0.0,,,,,,,,
s070,90,7.6424,hexspline_cl,hexspline_cl,2,false,not_run_after_fail,,,,0.0,,,,,,,,
s070,85,7.2178,hexspline_cl,hexspline_cl,2,false,not_run_after_fail,,,,0.0,,,,,,,,
s070,80,6.7932,hexspline_cl,hexspline_cl,2,false,not_run_after_fail,,,,0.0,,,,,,,,
s070,75,6.3687,hexspline_cl,hexspline_cl,2,false,not_run_after_fail,,,,0.0,,,,,,,,
s070,70,5.9441,hexspline_cl,hexspline_cl,2,false,not_run_after_fail,,,,0.0,,,,,,,,
s070,65,5.5195,hexspline_cl,hexspline_cl,2,false,not_run_after_fail,,,,0.0,,,,,,,,
s070,60,5.0949,hexspline_cl,hexspline_cl,2,false,not_run_after_fail,,,,0.0,,,,,,,,
s070,55,4.6703,hexspline_cl,hexspline_cl,2,false,not_run_after_fail,,,,0.0,,,,,,,,
s070,50,4.2458,hexspline_cl,hexspline_cl,2,false,not_run_after_fail,,,,0.0,,,,,,,,
s070,45,3.8212,hexspline_cl,hexspline_cl,2,false,not_run_after_fail,,,,0.0,,,,,,,,
s070,40,3.3966,hexspline_cl,hexspline_cl,2,false,not_run_after_fail,,,,0.0,,,,,,,,
s070,35,2.9720,hexspline_cl,hexspline_cl,2,false,not_run_after_fail,,,,0.0,,,,,,,,
s070,30,2.5475,hexspline_cl,hexspline_cl,2,false,not_run_after_fail,,,,0.0,,,,,,,,
s071,100,4.5053,hexspline_cl,hexspline_cl,2,true,,906.4399383739355,4.505309986043442,1.0232,45.9,2.8183,195946,906.44,"[0.7904, 4.5053]","[1.7364, 3.6876]",3.6876128415676575,7.198956557985525e-6,optimized
s071,95,4.2801,hexspline_cl,hexspline_cl,2,true,,897.0194565526197,2.8376479209783696,1.0126,47.3,2.9019,195946,897.019,"[1.3369, 2.8376]","[1.7364, 3.6876]",3.6876128415676575,2.161680478021677e-7,optimized
s071,90,4.0548,hexspline_cl,hexspline_cl,2,true,,897.7110642846663,4.026375941231358,1.0134,44.3,2.7168,195946,897.711,"[1.5419, 4.0264]","[1.7364, 3.6876]",3.6876128415676575,1.371904372292343e-7,optimized
s071,85,3.8295,hexspline_cl,hexspline_cl,2,true,,900.5470060742468,3.6682004347372015,1.0166,44.2,2.7127,195946,900.547,"[1.582, 3.6682]","[1.7364, 3.6876]",3.6876128415676575,0.006657291548884947,optimized
s071,80,3.6043,hexspline_cl,hexspline_cl,2,true,,881.7966488439151,3.466737974019842,0.9954,45.3,2.7820,195948,881.797,"[1.7582, 3.4667]","[2.2284, 3.2423]",3.242291655438297,9.811884672805693e-10,optimized
s071,75,3.3790,hexspline_cl,hexspline_cl,2,true,,885.2319287375968,3.025419223492742,0.9993,44.5,2.7307,195948,885.232,"[1.9457, 3.0254]","[2.2284, 3.2423]",3.242291655438297,4.3053043422003334e-10,optimized
s071,70,3.1537,hexspline_cl,hexspline_cl,2,true,,911.7175677248931,3.030263594740218,1.0292,65.6,4.0294,500000,911.718,"[2.129, 3.0303]","[2.2283, 3.2423]",3.2422709120979443,0.007918698145419088,optimized
s071,65,2.9285,hexspline_cl,hexspline_cl,2,true,,937.561612998514,2.8199441255882323,1.0584,64.5,3.9571,500000,937.562,"[2.1273, 2.8199]","[2.2283, 3.2423]",3.2422709120979443,0.00746457692991874,optimized
s071,60,2.7032,hexspline_cl,hexspline_cl,2,false,recovery_failed,937.5127415138668,2.8151417493477293,,63.5,3.8970,500000,937.513,"[2.1273, 2.8151]","[2.2283, 3.2423]",3.2422709120979443,-0.11195103834772935,recovery_failed
s071,55,2.4779,hexspline_cl,hexspline_cl,2,false,not_run_after_fail,,,,0.0,,,,,,,,
s071,50,2.2527,hexspline_cl,hexspline_cl,2,false,not_run_after_fail,,,,0.0,,,,,,,,
s071,45,2.0274,hexspline_cl,hexspline_cl,2,false,not_run_after_fail,,,,0.0,,,,,,,,
s071,40,1.8021,hexspline_cl,hexspline_cl,2,false,not_run_after_fail,,,,0.0,,,,,,,,
s071,35,1.5769,hexspline_cl,hexspline_cl,2,false,not_run_after_fail,,,,0.0,,,,,,,,
s071,30,1.3516,hexspline_cl,hexspline_cl,2,false,not_run_after_fail,,,,0.0,,,,,,,,
s072,100,9.9498,hexspline_cl,hexspline_cl,2,true,,820.7954645360337,8.668006313034399,1.0011,20.9,1.2661,2662,820.795,"[1.7012, 8.668]","[2.9548, 5.7357]",5.735690492540875,6.670136665969494e-6,optimized
s072,95,9.4523,hexspline_cl,hexspline_cl,2,true,,819.706383941488,8.840137359354683,0.9998,20.6,1.2481,2662,819.706,"[1.9025, 8.8401]","[2.9548, 5.7357]",5.735690492540875,5.6822213626285245e-6,optimized
s072,90,8.9549,hexspline_cl,hexspline_cl,2,true,,821.0939928576113,8.782811417738388,1.0015,20.9,1.2637,2662,821.094,"[1.7363, 8.7828]","[2.9548, 5.7357]",5.735690492540875,1.9290101203873744e-6,optimized
s072,85,8.4574,hexspline_cl,hexspline_cl,2,true,,825.8924405608833,8.457352680143794,1.0073,20.4,1.2373,2662,825.892,"[1.7372, 8.4574]","[2.9548, 5.7357]",5.735690492540875,1.1535856204503148e-5,optimized
s072,80,7.9599,hexspline_cl,hexspline_cl,2,true,,828.2667638613723,7.959869784150059,1.0102,20.3,1.2310,2662,828.267,"[1.7463, 7.9599]","[2.9548, 5.7357]",5.735690492540875,2.4778499412292376e-6,optimized
s072,75,7.4624,hexspline_cl,hexspline_cl,2,true,,824.9877387007067,7.462366521103885,1.0062,20.7,1.2512,2662,824.988,"[1.7733, 7.4624]","[2.9548, 5.7357]",5.735690492540875,1.3786896115419722e-5,optimized
s072,70,6.9649,hexspline_cl,hexspline_cl,2,true,,834.9722129995788,6.9648841188025985,1.0184,20.4,1.2356,2662,834.972,"[1.7222, 6.9649]","[2.9548, 5.7357]",5.735690492540875,4.235197401669666e-6,optimized
s072,65,6.4674,hexspline_cl,hexspline_cl,2,true,,831.242241287474,6.467395898275658,1.0139,20.3,1.2313,2662,831.242,"[1.8304, 6.4674]","[2.9548, 5.7357]",5.735690492540875,5.017243420724071e-7,optimized
s072,60,5.9699,hexspline_cl,hexspline_cl,2,true,,835.9214290641448,5.969896450240153,1.0196,20.2,1.2224,2662,835.921,"[1.9803, 5.9699]","[2.9548, 5.7357]",5.735690492540875,7.995759847112538e-6,optimized
s072,55,5.4724,hexspline_cl,hexspline_cl,2,true,,830.7634622878959,5.472412209086312,1.0133,20.7,1.2548,2664,830.763,"[1.489, 5.4724]","[3.0294, 3.962]",3.9620000393443133,2.839136881149784e-7,optimized
s072,50,4.9749,hexspline_cl,hexspline_cl,2,true,,830.517590116986,4.97491964334814,1.0130,20.6,1.2468,2664,830.518,"[1.8679, 4.9749]","[3.0294, 3.962]",3.9620000393443133,8.956518602332153e-7,optimized
s072,45,4.4774,hexspline_cl,hexspline_cl,2,true,,841.1708022705899,4.477428261822926,1.0260,20.3,1.2281,2664,841.171,"[2.0325, 4.4774]","[3.0294, 3.962]",3.9620000393443133,3.23177074434966e-7,optimized
s072,40,3.9799,hexspline_cl,hexspline_cl,2,true,,852.1096840863542,3.7984543857804476,1.0393,21.2,1.2852,2664,852.11,"[2.8424, 3.7985]","[3.0294, 3.962]",3.9620000393443133,7.07571675626073e-8,optimized
s072,35,3.4824,hexspline_cl,hexspline_cl,2,false,recovery_failed,933.8331755541693,3.565296386106005,,61.3,3.7113,500000,933.833,"[2.8294, 3.5653]","[2.9911, 3.9007]",3.900657340858187,-0.08285170910600481,recovery_failed
s072,30,2.9850,hexspline_cl,hexspline_cl,2,false,not_run_after_fail,,,,0.0,,,,,,,,
s073,100,7.1039,hexspline_cl,hexspline_cl,2,true,,607.6280478497364,4.979416517452909,1.0106,20.0,1.2514,73,607.628,"[2.5331, 4.9794]","[3.1936, 6.6613]",6.661337539534488,4.512949518835739e-6,optimized
s073,95,6.7487,hexspline_cl,hexspline_cl,2,true,,608.3092507207498,5.60137393189411,1.0117,20.0,1.2482,73,608.309,"[2.5807, 5.6014]","[3.1936, 6.6613]",6.661337539534488,3.625440487236119e-6,optimized
s073,90,6.3935,hexspline_cl,hexspline_cl,2,true,,632.3756239125705,6.393502130693269,1.0517,18.6,1.1637,1068,632.376,"[1.5097, 6.3935]","[2.4738, 3.9094]",3.9093687793686707,7.503067305236755e-7,optimized
s073,85,6.0383,hexspline_cl,hexspline_cl,2,true,,636.1386424856647,5.867711167235927,1.0580,18.7,1.1660,1068,636.139,"[1.5391, 5.8677]","[2.4738, 3.9094]",3.9093687793686707,0.011587673685507475,optimized
s073,80,5.6831,hexspline_cl,hexspline_cl,2,true,,652.9327811021437,5.683110594678571,1.0859,18.6,1.1640,1068,652.933,"[1.7077, 5.6831]","[2.4738, 3.9094]",3.9093687793686707,3.1883214290928663e-6,optimized
s073,75,5.3279,hexspline_cl,hexspline_cl,2,true,,632.6623418794652,4.984880531126198,1.0522,18.6,1.1648,1068,632.662,"[2.1135, 4.9849]","[2.4738, 3.9094]",3.9093687793686707,0.00693549485467199,optimized
s073,70,4.9727,hexspline_cl,hexspline_cl,2,true,,637.2160807336002,4.520042258175535,1.0598,18.6,1.1619,1068,637.216,"[2.1385, 4.52]","[2.4738, 3.9094]",3.9093687793686707,0.007879452099126105,optimized
s073,65,4.6175,hexspline_cl,hexspline_cl,2,true,,637.9734971262974,4.579291725972352,1.0610,18.6,1.1603,1068,637.973,"[2.2266, 4.5793]","[2.4738, 3.9094]",3.9093687793686707,0.006715813864431989,optimized
s073,60,4.2623,hexspline_cl,hexspline_cl,2,true,,676.3424597433144,4.262335574553778,1.1249,18.7,1.1710,1068,676.342,"[2.3874, 4.2623]","[2.4738, 3.9094]",3.9093687793686707,1.3446221913682166e-8,optimized
s073,55,3.9071,hexspline_cl,hexspline_cl,2,true,,640.9118986663673,3.850979030806092,1.0659,19.2,1.1985,1069,640.912,"[3.0274, 3.851]","[2.8882, 3.4478]",3.4478195862776837,2.059832137496498e-8,optimized
s073,50,3.5519,hexspline_cl,hexspline_cl,2,false,recovery_failed,676.8424142523282,3.7265938192349757,,18.7,1.1678,1069,676.842,"[2.9229, 3.7266]","[2.8882, 3.4478]",3.4478195862776837,-0.1746473292349755,recovery_failed
s073,45,3.1968,hexspline_cl,hexspline_cl,2,false,not_run_after_fail,,,,0.0,,,,,,,,
s073,40,2.8416,hexspline_cl,hexspline_cl,2,false,not_run_after_fail,,,,0.0,,,,,,,,
s073,35,2.4864,hexspline_cl,hexspline_cl,2,false,not_run_after_fail,,,,0.0,,,,,,,,
s073,30,2.1312,hexspline_cl,hexspline_cl,2,false,not_run_after_fail,,,,0.0,,,,,,,,
s074,100,7.5233,hexspline_cl,hexspline_cl,2,true,,923.8573471407204,6.46540906384111,1.0392,98.5,5.8659,465819,923.857,"[4.63, 6.4654]","[5.2792, 5.4604]",5.460441503372931,5.2914619939198326e-8,optimized
s074,95,7.1471,hexspline_cl,hexspline_cl,2,true,,924.6699373895123,6.46713425026692,1.0402,100.9,6.0080,465819,924.67,"[4.6734, 6.4671]","[5.2792, 5.4604]",5.460441503372931,1.0926336842242979e-8,optimized
s074,90,6.7709,hexspline_cl,hexspline_cl,2,true,,924.3103167942807,6.464991101647465,1.0398,98.4,5.8594,465819,924.31,"[4.654, 6.465]","[5.2792, 5.4604]",5.460441503372931,6.091435218735786e-8,optimized
s074,85,6.3948,hexspline_cl,hexspline_cl,2,true,,922.392688894698,6.380654116573163,1.0376,97.8,5.8277,465819,922.393,"[4.6741, 6.3807]","[5.2792, 5.4604]",5.460441503372931,6.738497964828283e-8,optimized
s074,80,6.0186,hexspline_cl,hexspline_cl,2,true,,945.6045974396087,5.161257725140652,1.0637,100.6,5.9943,465819,945.605,"[4.7433, 5.1613]","[5.2792, 5.4604]",5.460441503372931,3.594083606769938e-8,optimized
s074,75,5.6424,hexspline_cl,hexspline_cl,2,true,,1008.3243552046787,5.400358744262482,1.1343,99.6,5.9349,465819,1008.324,"[4.7298, 5.4004]","[5.2792, 5.4604]",5.460441503372931,2.2810149387375578e-8,optimized
s074,70,5.2663,hexspline_cl,hexspline_cl,2,true,,1058.0866645212984,5.265924753067188,1.1902,92.1,5.4886,500000,1058.087,"[4.8069, 5.2659]","[5.0432, 5.3733]",5.373285573776017,0.00035627593281173375,optimized
s074,65,4.8901,hexspline_cl,hexspline_cl,2,false,recovery_failed,1077.5669524873044,5.078118266460763,,91.3,5.4405,500000,1077.567,"[4.7235, 5.0781]","[5.0432, 5.3733]",5.373285573776017,-0.18800009646076266,recovery_failed
s074,60,4.5140,hexspline_cl,hexspline_cl,2,false,not_run_after_fail,,,,0.0,,,,,,,,
s074,55,4.1378,hexspline_cl,hexspline_cl,2,false,not_run_after_fail,,,,0.0,,,,,,,,
s074,50,3.7616,hexspline_cl,hexspline_cl,2,false,not_run_after_fail,,,,0.0,,,,,,,,
s074,45,3.3855,hexspline_cl,hexspline_cl,2,false,not_run_after_fail,,,,0.0,,,,,,,,
s074,40,3.0093,hexspline_cl,hexspline_cl,2,false,not_run_after_fail,,,,0.0,,,,,,,,
s074,35,2.6331,hexspline_cl,hexspline_cl,2,false,not_run_after_fail,,,,0.0,,,,,,,,
s074,30,2.2570,hexspline_cl,hexspline_cl,2,false,not_run_after_fail,,,,0.0,,,,,,,,
s075,100,6.1825,hexspline_cl,hexspline_cl,2,true,,743.9112469965122,5.358068553563165,1.0545,18.9,1.1799,293,743.911,"[2.7624, 5.3581]","[2.7732, 5.2425]",5.242495399173896,0.01071543221427665,optimized
s075,95,5.8733,hexspline_cl,hexspline_cl,2,true,,743.9112479880297,5.353549121769901,1.0545,18.8,1.1745,293,743.911,"[2.7624, 5.3535]","[2.7732, 5.2425]",5.242495399173896,0.010715432214212173,optimized
s075,90,5.5642,hexspline_cl,hexspline_cl,2,true,,743.9112480036428,5.331635014660155,1.0545,19.1,1.1883,293,743.911,"[2.7558, 5.3316]","[2.7732, 5.2425]",5.242495399173896,0.010715432214130441,optimized
s075,85,5.2551,hexspline_cl,hexspline_cl,2,true,,732.4864992326867,3.9784336157973708,1.0383,20.2,1.2620,293,732.486,"[1.3914, 3.9784]","[2.7732, 5.2425]",5.242495399173896,2.1404834581111726e-5,optimized
s075,80,4.9460,hexspline_cl,hexspline_cl,2,true,,727.516309538826,4.205682129249162,1.0313,19.0,1.1879,295,727.516,"[2.8647, 4.2057]","[2.8706, 3.8464]",3.846426874325718,0.010729170509399106,optimized
s075,75,4.6368,hexspline_cl,hexspline_cl,2,true,,727.5163095476123,4.205682128527602,1.0313,19.0,1.1870,295,727.516,"[2.8647, 4.2057]","[2.8706, 3.8464]",3.846426874325718,0.010729170509731453,optimized
s075,70,4.3277,hexspline_cl,hexspline_cl,2,true,,727.7552992389142,4.192396355005715,1.0316,19.2,1.1992,295,727.755,"[2.8647, 4.1924]","[2.8706, 3.8464]",3.846426874325718,0.010729170509957796,optimized
s075,65,4.0186,hexspline_cl,hexspline_cl,2,true,,719.8320922568789,3.9528455363178314,1.0204,20.2,1.2594,295,719.832,"[2.7108, 3.9528]","[2.8706, 3.8464]",3.846426874325718,4.706111670499391e-9,optimized
s075,60,3.7095,hexspline_cl,hexspline_cl,2,true,,782.6465136231075,3.6976069903986217,1.1094,19.3,1.2024,4052,782.647,"[2.7693, 3.6976]","[2.8706, 3.6626]",3.6626258102706912,0.009217703358192546,optimized
s075,55,3.4003,hexspline_cl,hexspline_cl,2,false,recovery_failed,989.9548238816043,3.4933799826926415,,59.1,3.6893,500000,989.955,"[2.7659, 3.4934]","[2.8498, 3.6401]",3.64009715599772,-0.09303103169264126,recovery_failed
s075,50,3.0912,hexspline_cl,hexspline_cl,2,false,not_run_after_fail,,,,0.0,,,,,,,,
s075,45,2.7821,hexspline_cl,hexspline_cl,2,false,not_run_after_fail,,,,0.0,,,,,,,,
s075,40,2.4730,hexspline_cl,hexspline_cl,2,false,not_run_after_fail,,,,0.0,,,,,,,,
s075,35,2.1639,hexspline_cl,hexspline_cl,2,false,not_run_after_fail,,,,0.0,,,,,,,,
s075,30,1.8547,hexspline_cl,hexspline_cl,2,false,not_run_after_fail,,,,0.0,,,,,,,,
s076,100,6.3017,hexspline_cl,hexspline_cl,2,true,,833.5329933434107,6.036085269399264,1.1766,72.3,4.4344,323616,833.533,"[3.0058, 6.0361]","[3.4518, 3.7759]",3.775925414488784,2.1162082815273653e-9,optimized
s076,95,5.9866,hexspline_cl,hexspline_cl,2,true,,862.4383646045244,5.984843763312592,1.2174,71.9,4.4099,323616,862.438,"[3.0267, 5.9848]","[3.4518, 3.7759]",3.775925414488784,2.7482818069912707e-9,optimized
s076,90,5.6715,hexspline_cl,hexspline_cl,2,true,,877.8035675213491,5.666969814140199,1.2390,71.1,4.3559,323616,877.804,"[3.0957, 5.667]","[3.4518, 3.7759]",3.775925414488784,0.00011195267484254146,optimized
s076,85,5.3564,hexspline_cl,hexspline_cl,2,true,,923.6996813359697,5.35642544468378,1.3038,70.2,4.3034,323616,923.7,"[3.1028, 5.3564]","[3.4518, 3.7759]",3.775925414488784,1.4273162198819023e-6,optimized
s076,80,5.0413,hexspline_cl,hexspline_cl,2,true,,904.9209561898247,5.0413429834152526,1.2773,70.3,4.3078,323616,904.921,"[3.1377, 5.0413]","[3.4518, 3.7759]",3.775925414488784,1.4584747631829487e-8,optimized
s076,75,4.7263,hexspline_cl,hexspline_cl,2,true,,939.9198114201417,4.72625885109893,1.3267,72.0,4.4134,323616,939.92,"[3.4052, 4.7263]","[3.4518, 3.7759]",3.775925414488784,2.719010705476421e-7,optimized
s076,70,4.4112,hexspline_cl,hexspline_cl,2,true,,923.2621285556359,4.411173599186726,1.3032,69.5,4.2591,323616,923.262,"[3.4256, 4.4112]","[3.4518, 3.7759]",3.775925414488784,1.648813274357508e-6,optimized
s076,65,4.0961,hexspline_cl,hexspline_cl,2,true,,926.082886237509,4.096091331673168,1.3072,69.2,4.2437,323616,926.083,"[3.5016, 4.0961]","[3.4518, 3.7759]",3.775925414488784,4.1326831734522784e-8,optimized
s076,60,3.7810,hexspline_cl,hexspline_cl,2,true,,931.414751651927,3.781007333870671,1.3147,65.5,4.0127,323616,931.415,"[3.4974, 3.781]","[3.4518, 3.7759]",3.775925414488784,1.641293292387047e-7,optimized
s076,55,3.4659,hexspline_cl,hexspline_cl,2,false,recovery_failed,952.9288458021388,3.585753757287135,,64.1,3.9316,323617,952.929,"[3.2748, 3.5858]","[3.2851, 3.4574]",3.457393441901755,-0.11983013428713507,recovery_failed
s076,50,3.1508,hexspline_cl,hexspline_cl,2,false,not_run_after_fail,,,,0.0,,,,,,,,
s076,45,2.8358,hexspline_cl,hexspline_cl,2,false,not_run_after_fail,,,,0.0,,,,,,,,
s076,40,2.5207,hexspline_cl,hexspline_cl,2,false,not_run_after_fail,,,,0.0,,,,,,,,
s076,35,2.2056,hexspline_cl,hexspline_cl,2,false,not_run_after_fail,,,,0.0,,,,,,,,
s076,30,1.8905,hexspline_cl,hexspline_cl,2,false,not_run_after_fail,,,,0.0,,,,,,,,
s077,100,6.8317,hexspline_cl,hexspline_cl,2,true,,600.2549476540366,6.825970892306424,1.0004,19.0,1.2120,13,600.255,"[2.7153, 6.826]","[3.1487, 6.8284]",6.828427371644538,0.005728376693576287,optimized
s077,95,6.4901,hexspline_cl,hexspline_cl,2,true,,600.0021131036879,6.435915684411156,1.0000,18.8,1.2030,23,600.002,"[6.3292, 6.4359]","[6.3545, 6.3945]",6.394531516899268,0.01209387102883004,optimized
s077,90,6.1485,hexspline_cl,hexspline_cl,2,true,,604.8141396600441,5.3182910113725,1.0080,19.6,1.2507,217,604.814,"[3.382, 5.3183]","[4.3191, 4.8545]",4.854545401204391,2.70957947375573e-5,optimized
s077,85,5.8069,hexspline_cl,hexspline_cl,2,true,,605.2498602125391,5.171056272894256,1.0087,19.4,1.2379,217,605.25,"[3.2746, 5.1711]","[4.3191, 4.8545]",4.854545401204391,1.9505224716136582e-5,optimized
s077,80,5.4654,hexspline_cl,hexspline_cl,2,true,,605.4977741328222,5.045930694091452,1.0092,19.3,1.2351,217,605.498,"[3.3849, 5.0459]","[4.3191, 4.8545]",4.854545401204391,2.555977718226131e-6,optimized
s077,75,5.1238,hexspline_cl,hexspline_cl,2,true,,606.1438681389253,4.7936725931118245,1.0102,19.3,1.2336,217,606.144,"[3.2731, 4.7937]","[4.3191, 4.8545]",4.854545401204391,1.0005789053162517e-5,optimized
s077,70,4.7822,hexspline_cl,hexspline_cl,2,true,,643.0882431022994,4.3420244498980285,1.0718,19.2,1.2278,219,643.088,"[3.8159, 4.342]","[4.3442, 4.7741]",4.774114618979188,0.001529024850316387,optimized
s077,65,4.4406,hexspline_cl,hexspline_cl,2,true,,649.3833750001813,4.374187852145011,1.0823,18.3,1.1695,340,649.383,"[4.3188, 4.3742]","[4.3473, 4.1965]",4.196503488175183,0.011293528981765584,optimized
s077,60,4.0990,hexspline_cl,hexspline_cl,2,false,recovery_failed,649.3855927935522,4.306161061882952,,18.7,1.1974,341,649.386,"[3.6833, 4.3062]","[3.7017, 4.033]",4.033019004035702,-0.2071411008829518,recovery_failed
s077,55,3.7574,hexspline_cl,hexspline_cl,2,false,not_run_after_fail,,,,0.0,,,,,,,,
s077,50,3.4158,hexspline_cl,hexspline_cl,2,false,not_run_after_fail,,,,0.0,,,,,,,,
s077,45,3.0743,hexspline_cl,hexspline_cl,2,false,not_run_after_fail,,,,0.0,,,,,,,,
s077,40,2.7327,hexspline_cl,hexspline_cl,2,false,not_run_after_fail,,,,0.0,,,,,,,,
s077,35,2.3911,hexspline_cl,hexspline_cl,2,false,not_run_after_fail,,,,0.0,,,,,,,,
s077,30,2.0495,hexspline_cl,hexspline_cl,2,false,not_run_after_fail,,,,0.0,,,,,,,,
s078,100,8.6390,hexspline_cl,hexspline_cl,2,true,,905.8469228341042,6.7009221218022175,1.0458,24.7,1.4950,32006,905.847,"[6.3417, 6.7009]","[7.8401, 7.8647]",7.864726814578125,3.0372461469474477e-8,optimized
s078,95,8.2071,hexspline_cl,hexspline_cl,2,true,,906.6818280743191,6.7414043972931195,1.0467,24.7,1.4942,32006,906.682,"[6.3586, 6.7414]","[7.8401, 7.8647]",7.864726814578125,2.9714218512805202e-8,optimized
s078,90,7.7751,hexspline_cl,hexspline_cl,2,true,,854.1982588735362,6.850014972472372,0.9862,31.1,1.8821,118412,854.198,"[5.8451, 6.85]","[7.1532, 7.5312]",7.531174086153223,2.4350505983898984e-5,optimized
s078,85,7.3432,hexspline_cl,hexspline_cl,2,true,,865.700923914039,6.368056943716185,0.9994,31.2,1.8867,118416,865.701,"[5.7238, 6.3681]","[7.1089, 7.1307]",7.130678753120345,1.6819325654449102e-9,optimized
s078,80,6.9112,hexspline_cl,hexspline_cl,2,false,recovery_failed,950.195839646213,6.969715912190042,,51.2,3.1029,387722,950.196,"[5.6078, 6.9697]","[5.6983, 6.7491]",6.749140580347317,-0.058502097190041624,recovery_failed
s078,75,6.4793,hexspline_cl,hexspline_cl,2,false,not_run_after_fail,,,,0.0,,,,,,,,
s078,70,6.0473,hexspline_cl,hexspline_cl,2,false,not_run_after_fail,,,,0.0,,,,,,,,
s078,65,5.6154,hexspline_cl,hexspline_cl,2,false,not_run_after_fail,,,,0.0,,,,,,,,
s078,60,5.1834,hexspline_cl,hexspline_cl,2,false,not_run_after_fail,,,,0.0,,,,,,,,
s078,55,4.7515,hexspline_cl,hexspline_cl,2,false,not_run_after_fail,,,,0.0,,,,,,,,
s078,50,4.3195,hexspline_cl,hexspline_cl,2,false,not_run_after_fail,,,,0.0,,,,,,,,
s078,45,3.8876,hexspline_cl,hexspline_cl,2,false,not_run_after_fail,,,,0.0,,,,,,,,
s078,40,3.4556,hexspline_cl,hexspline_cl,2,false,not_run_after_fail,,,,0.0,,,,,,,,
s078,35,3.0237,hexspline_cl,hexspline_cl,2,false,not_run_after_fail,,,,0.0,,,,,,,,
s078,30,2.5917,hexspline_cl,hexspline_cl,2,false,not_run_after_fail,,,,0.0,,,,,,,,
s079,100,6.3583,hexspline_cl,hexspline_cl,2,false,no_solution,null,null,,116.0,6.9077,500000,null,[],[],null,,
s079,95,6.0404,hexspline_cl,hexspline_cl,2,false,not_run_after_fail,,,,0.0,,,,,,,,
s079,90,5.7225,hexspline_cl,hexspline_cl,2,false,not_run_after_fail,,,,0.0,,,,,,,,
s079,85,5.4046,hexspline_cl,hexspline_cl,2,false,not_run_after_fail,,,,0.0,,,,,,,,
s079,80,5.0867,hexspline_cl,hexspline_cl,2,false,not_run_after_fail,,,,0.0,,,,,,,,
s079,75,4.7687,hexspline_cl,hexspline_cl,2,false,not_run_after_fail,,,,0.0,,,,,,,,
s079,70,4.4508,hexspline_cl,hexspline_cl,2,false,not_run_after_fail,,,,0.0,,,,,,,,
s079,65,4.1329,hexspline_cl,hexspline_cl,2,false,not_run_after_fail,,,,0.0,,,,,,,,
s079,60,3.8150,hexspline_cl,hexspline_cl,2,false,not_run_after_fail,,,,0.0,,,,,,,,
s079,55,3.4971,hexspline_cl,hexspline_cl,2,false,not_run_after_fail,,,,0.0,,,,,,,,
s079,50,3.1792,hexspline_cl,hexspline_cl,2,false,not_run_after_fail,,,,0.0,,,,,,,,
s079,45,2.8612,hexspline_cl,hexspline_cl,2,false,not_run_after_fail,,,,0.0,,,,,,,,
s079,40,2.5433,hexspline_cl,hexspline_cl,2,false,not_run_after_fail,,,,0.0,,,,,,,,
s079,35,2.2254,hexspline_cl,hexspline_cl,2,false,not_run_after_fail,,,,0.0,,,,,,,,
s079,30,1.9075,hexspline_cl,hexspline_cl,2,false,not_run_after_fail,,,,0.0,,,,,,,,
s080,100,7.5598,hexspline_cl,hexspline_cl,2,false,no_solution,null,null,,98.2,5.8490,500000,null,[],[],null,,
s080,95,7.1818,hexspline_cl,hexspline_cl,2,false,not_run_after_fail,,,,0.0,,,,,,,,
s080,90,6.8038,hexspline_cl,hexspline_cl,2,false,not_run_after_fail,,,,0.0,,,,,,,,
s080,85,6.4258,hexspline_cl,hexspline_cl,2,false,not_run_after_fail,,,,0.0,,,,,,,,
s080,80,6.0478,hexspline_cl,hexspline_cl,2,false,not_run_after_fail,,,,0.0,,,,,,,,
s080,75,5.6699,hexspline_cl,hexspline_cl,2,false,not_run_after_fail,,,,0.0,,,,,,,,
s080,70,5.2919,hexspline_cl,hexspline_cl,2,false,not_run_after_fail,,,,0.0,,,,,,,,
s080,65,4.9139,hexspline_cl,hexspline_cl,2,false,not_run_after_fail,,,,0.0,,,,,,,,
s080,60,4.5359,hexspline_cl,hexspline_cl,2,false,not_run_after_fail,,,,0.0,,,,,,,,
s080,55,4.1579,hexspline_cl,hexspline_cl,2,false,not_run_after_fail,,,,0.0,,,,,,,,
s080,50,3.7799,hexspline_cl,hexspline_cl,2,false,not_run_after_fail,,,,0.0,,,,,,,,
s080,45,3.4019,hexspline_cl,hexspline_cl,2,false,not_run_after_fail,,,,0.0,,,,,,,,
s080,40,3.0239,hexspline_cl,hexspline_cl,2,false,not_run_after_fail,,,,0.0,,,,,,,,
s080,35,2.6459,hexspline_cl,hexspline_cl,2,false,not_run_after_fail,,,,0.0,,,,,,,,
s080,30,2.2679,hexspline_cl,hexspline_cl,2,false,not_run_after_fail,,,,0.0,,,,,,,,
s081,100,4.4359,hexspline_cl,hexspline_cl,2,true,,773.5652131349638,3.9938192319799577,1.0069,21.3,1.3071,6468,773.565,"[2.547, 3.9938]","[3.348, 3.8348]",3.834831834193418,3.961863984866431e-5,optimized
s081,95,4.2141,hexspline_cl,hexspline_cl,2,true,,783.5409575393652,4.103090263837212,1.0198,21.0,1.2922,6468,783.541,"[2.4433, 4.1031]","[3.348, 3.8348]",3.834831834193418,1.5009689172118534e-8,optimized
s081,90,3.9923,hexspline_cl,hexspline_cl,2,true,,814.5250808694732,3.8781377294586123,1.0602,21.5,1.3231,6468,814.525,"[3.1655, 3.8781]","[3.348, 3.8348]",3.834831834193418,1.7008974201315752e-8,optimized
s081,85,3.7705,hexspline_cl,hexspline_cl,2,true,,808.3576834583312,2.9804707054416864,1.0521,38.5,2.3615,264562,808.358,"[1.7428, 2.9805]","[3.1023, 3.5495]",3.549518193229331,2.5285946949476057e-5,optimized
s081,80,3.5487,hexspline_cl,hexspline_cl,2,true,,875.2529735692685,2.8749689049205855,1.1392,37.2,2.2835,264565,875.253,"[2.7179, 2.875]","[3.2292, 3.2836]",3.2836465130986663,0.016479373125791796,optimized
s081,75,3.3269,hexspline_cl,hexspline_cl,2,false,recovery_failed,880.2988342961384,3.332635172065922,,37.6,2.3103,264565,880.299,"[3.15, 3.3326]","[3.2292, 3.2836]",3.2836465130986663,-0.005728887065922006,recovery_failed
s081,70,3.1051,hexspline_cl,hexspline_cl,2,false,not_run_after_fail,,,,0.0,,,,,,,,
s081,65,2.8833,hexspline_cl,hexspline_cl,2,false,not_run_after_fail,,,,0.0,,,,,,,,
s081,60,2.6615,hexspline_cl,hexspline_cl,2,false,not_run_after_fail,,,,0.0,,,,,,,,
s081,55,2.4397,hexspline_cl,hexspline_cl,2,false,not_run_after_fail,,,,0.0,,,,,,,,
s081,50,2.2179,hexspline_cl,hexspline_cl,2,false,not_run_after_fail,,,,0.0,,,,,,,,
s081,45,1.9961,hexspline_cl,hexspline_cl,2,false,not_run_after_fail,,,,0.0,,,,,,,,
s081,40,1.7743,hexspline_cl,hexspline_cl,2,false,not_run_after_fail,,,,0.0,,,,,,,,
s081,35,1.5526,hexspline_cl,hexspline_cl,2,false,not_run_after_fail,,,,0.0,,,,,,,,
s081,30,1.3308,hexspline_cl,hexspline_cl,2,false,not_run_after_fail,,,,0.0,,,,,,,,
s082,100,4.4694,hexspline_cl,hexspline_cl,2,true,,820.8220350298199,4.421375312822378,1.0205,20.4,1.2527,797,820.822,"[1.4676, 4.4214]","[1.4863, 4.2368]",4.2367539461936685,0.010729170510135614,optimized
s082,95,4.2459,hexspline_cl,hexspline_cl,2,true,,823.9840120793176,4.234357446148522,1.0244,20.2,1.2369,797,823.984,"[1.4148, 4.2344]","[1.4863, 4.2368]",4.2367539461936685,0.010291750851810168,optimized
s082,90,4.0225,hexspline_cl,hexspline_cl,2,true,,813.6720934982042,3.446476585204088,1.0116,20.2,1.2410,814,813.672,"[1.3035, 3.4465]","[1.4509, 3.91]",3.910013779992705,7.135582364217741e-8,optimized
s082,85,3.7990,hexspline_cl,hexspline_cl,2,true,,819.3725190926734,3.679447579628925,1.0187,19.4,1.1911,866,819.373,"[1.3949, 3.6794]","[1.4073, 3.3429]",3.3428709229841918,0.011552670961429283,optimized
s082,80,3.5755,hexspline_cl,hexspline_cl,2,true,,812.5109490998499,3.5755280892445755,1.0102,20.9,1.2809,866,812.511,"[1.1331, 3.5755]","[1.4073, 3.3429]",3.3428709229841918,1.9755424407463806e-8,optimized
s082,75,3.3521,hexspline_cl,hexspline_cl,2,true,,821.162144004717,3.29040948219303,1.0209,19.8,1.2120,866,821.162,"[1.2886, 3.2904]","[1.4073, 3.3429]",3.3428709229841918,0.009377621056697667,optimized
s082,70,3.1286,hexspline_cl,hexspline_cl,2,true,,982.9563708354314,1.5965197740005768,1.2221,58.8,3.6073,500000,982.956,"[1.2726, 1.5965]","[1.4076, 3.2216]",3.221587116197678,0.011451803417501046,optimized
s082,65,2.9051,hexspline_cl,hexspline_cl,2,true,,981.9765732812966,1.6100790605944033,1.2209,55.1,3.3774,500000,981.977,"[1.3037, 1.6101]","[1.4076, 3.2216]",3.221587116197678,0.011673939543093056,optimized
s082,60,2.6816,hexspline_cl,hexspline_cl,2,true,,982.5289230813016,1.6160723069542395,1.2216,55.0,3.3738,500000,982.529,"[1.3085, 1.6161]","[1.4076, 3.2216]",3.221587116197678,0.011610296322271327,optimized
s082,55,2.4582,hexspline_cl,hexspline_cl,2,true,,983.1703645953846,1.6109593833227223,1.2224,56.2,3.4442,500000,983.17,"[1.3011, 1.611]","[1.4076, 3.2216]",3.221587116197678,0.011543305528978996,optimized
s082,50,2.2347,hexspline_cl,hexspline_cl,2,true,,983.4029973231226,1.6125754320573487,1.2227,55.5,3.4056,500000,983.403,"[1.3058, 1.6126]","[1.4076, 3.2216]",3.221587116197678,0.011605000436576323,optimized
s082,45,2.0112,hexspline_cl,hexspline_cl,2,true,,956.7176809427931,2.000626789259973,1.1895,58.8,3.6082,500000,956.718,"[1.19, 2.0006]","[1.4076, 3.2216]",3.221587116197678,7.185459678649142e-8,optimized
s082,40,1.7878,hexspline_cl,hexspline_cl,2,true,,956.2043465471618,1.7877644075641852,1.1888,58.6,3.5920,500000,956.204,"[1.2208, 1.7878]","[1.4076, 3.2216]",3.221587116197678,1.474358146680288e-7,optimized
s082,35,1.5643,hexspline_cl,hexspline_cl,2,true,,975.0835778921227,1.5642941072437007,1.2123,55.7,3.4125,500000,975.084,"[1.2316, 1.5643]","[1.4076, 3.2216]",3.221587116197678,2.7562991888885335e-9,optimized
s082,30,1.3408,hexspline_cl,hexspline_cl,2,false,recovery_failed,975.1338110738975,1.5444763551652587,,55.4,3.3959,500000,975.134,"[1.2552, 1.5445]","[1.4076, 3.2216]",3.221587116197678,-0.2036526891652588,recovery_failed
s083,100,8.0366,hexspline_cl,hexspline_cl,2,false,no_solution,null,null,,105.6,6.3492,500000,null,[],[],null,,
s083,95,7.6347,hexspline_cl,hexspline_cl,2,false,not_run_after_fail,,,,0.0,,,,,,,,
s083,90,7.2329,hexspline_cl,hexspline_cl,2,false,not_run_after_fail,,,,0.0,,,,,,,,
s083,85,6.8311,hexspline_cl,hexspline_cl,2,false,not_run_after_fail,,,,0.0,,,,,,,,
s083,80,6.4292,hexspline_cl,hexspline_cl,2,false,not_run_after_fail,,,,0.0,,,,,,,,
s083,75,6.0274,hexspline_cl,hexspline_cl,2,false,not_run_after_fail,,,,0.0,,,,,,,,
s083,70,5.6256,hexspline_cl,hexspline_cl,2,false,not_run_after_fail,,,,0.0,,,,,,,,
s083,65,5.2238,hexspline_cl,hexspline_cl,2,false,not_run_after_fail,,,,0.0,,,,,,,,
s083,60,4.8219,hexspline_cl,hexspline_cl,2,false,not_run_after_fail,,,,0.0,,,,,,,,
s083,55,4.4201,hexspline_cl,hexspline_cl,2,false,not_run_after_fail,,,,0.0,,,,,,,,
s083,50,4.0183,hexspline_cl,hexspline_cl,2,false,not_run_after_fail,,,,0.0,,,,,,,,
s083,45,3.6164,hexspline_cl,hexspline_cl,2,false,not_run_after_fail,,,,0.0,,,,,,,,
s083,40,3.2146,hexspline_cl,hexspline_cl,2,false,not_run_after_fail,,,,0.0,,,,,,,,
s083,35,2.8128,hexspline_cl,hexspline_cl,2,false,not_run_after_fail,,,,0.0,,,,,,,,
s083,30,2.4110,hexspline_cl,hexspline_cl,2,false,not_run_after_fail,,,,0.0,,,,,,,,
s084,100,3.9145,hexspline_cl,hexspline_cl,2,true,,626.257107354871,3.2260185086104847,1.0133,20.1,1.2499,98,626.257,"[0.7991, 3.226]","[0.8207, 3.756]",3.755995864422955,1.2355309618451428e-6,optimized
s084,95,3.7188,hexspline_cl,hexspline_cl,2,true,,646.4413457617613,1.0127924846272187,1.0460,18.4,1.1432,100,646.441,"[0.8178, 1.0128]","[0.8207, 3.3247]",3.3247135987662944,0.011572883092160173,optimized
s084,90,3.5230,hexspline_cl,hexspline_cl,2,true,,646.4413457621225,1.0127924847460992,1.0460,18.2,1.1329,100,646.441,"[0.8178, 1.0128]","[0.8207, 3.3247]",3.3247135987662944,0.011572883092160171,optimized
s084,85,3.3273,hexspline_cl,hexspline_cl,2,true,,646.4413457629362,1.0127924849580772,1.0460,18.2,1.1298,100,646.441,"[0.8178, 1.0128]","[0.8207, 3.3247]",3.3247135987662944,0.011572883092160171,optimized
s084,80,3.1316,hexspline_cl,hexspline_cl,2,true,,716.0115085944698,2.893927316629296,1.1585,19.6,1.2220,4880,716.012,"[2.6682, 2.8939]","[2.8536, 3.109]",3.1090421961643835,0.010600085044873607,optimized
s084,75,2.9359,hexspline_cl,hexspline_cl,2,true,,903.2646535425508,2.2979581309186328,1.4615,67.9,4.2220,500000,903.265,"[2.5884, 2.298]","[2.8277, 3.0801]",3.08014439722759,2.9538227863668e-7,optimized
s084,70,2.7401,hexspline_cl,hexspline_cl,2,true,,905.2225234058562,2.3971079030121887,1.4647,67.7,4.2119,500000,905.223,"[2.6819, 2.3971]","[2.8277, 3.0801]",3.08014439722759,2.4846428914315766e-7,optimized
s084,65,2.5444,hexspline_cl,hexspline_cl,2,true,,908.9023337229446,2.48762352411007,1.4706,63.2,3.9337,500000,908.902,"[2.7416, 2.4876]","[2.8277, 3.0801]",3.08014439722759,3.789328957282123e-7,optimized
s084,60,2.3487,hexspline_cl,hexspline_cl,2,false,recovery_failed,927.5010814059815,2.393825376684732,,60.8,3.7824,500000,927.501,"[2.7196, 2.3938]","[2.8277, 3.0801]",3.08014439722759,-0.04513156668473162,recovery_failed
s084,55,2.1530,hexspline_cl,hexspline_cl,2,false,not_run_after_fail,,,,0.0,,,,,,,,
s084,50,1.9572,hexspline_cl,hexspline_cl,2,false,not_run_after_fail,,,,0.0,,,,,,,,
s084,45,1.7615,hexspline_cl,hexspline_cl,2,false,not_run_after_fail,,,,0.0,,,,,,,,
s084,40,1.5658,hexspline_cl,hexspline_cl,2,false,not_run_after_fail,,,,0.0,,,,,,,,
s084,35,1.3701,hexspline_cl,hexspline_cl,2,false,not_run_after_fail,,,,0.0,,,,,,,,
s084,30,1.1743,hexspline_cl,hexspline_cl,2,false,not_run_after_fail,,,,0.0,,,,,,,,
s085,100,8.8450,hexspline_cl,hexspline_cl,2,true,,973.3431002762516,8.23716528415149,1.0132,41.9,2.5240,134574,973.343,"[6.4177, 8.2372]","[7.2673, 7.4344]",7.434410203788297,0.0010229563048394774,optimized
s085,95,8.4027,hexspline_cl,hexspline_cl,2,true,,980.751991400971,7.475875977691029,1.0210,41.9,2.5230,134574,980.752,"[6.4541, 7.4759]","[7.2673, 7.4344]",7.434410203788297,0.011868622764492949,optimized
s085,90,7.9605,hexspline_cl,hexspline_cl,2,true,,986.7006702807189,7.5415053682359,1.0272,42.0,2.5311,134574,986.701,"[6.4687, 7.5415]","[7.2673, 7.4344]",7.434410203788297,0.01094679034159495,optimized
s085,85,7.5182,hexspline_cl,hexspline_cl,2,true,,982.2752099792078,7.4811868211999455,1.0225,42.5,2.5575,134574,982.275,"[7.0898, 7.4812]","[7.2673, 7.4344]",7.434410203788297,5.756416645436024e-9,optimized
s085,80,7.0760,hexspline_cl,hexspline_cl,2,false,recovery_failed,1061.6835010118346,7.076925035907099,,68.1,4.1024,500000,1061.684,"[5.9747, 7.0769]","[5.9761, 7.2477]",7.247731593984539,-0.0009358989070982204,recovery_failed
s085,75,6.6337,hexspline_cl,hexspline_cl,2,false,not_run_after_fail,,,,0.0,,,,,,,,
s085,70,6.1915,hexspline_cl,hexspline_cl,2,false,not_run_after_fail,,,,0.0,,,,,,,,
s085,65,5.7492,hexspline_cl,hexspline_cl,2,false,not_run_after_fail,,,,0.0,,,,,,,,
s085,60,5.3070,hexspline_cl,hexspline_cl,2,false,not_run_after_fail,,,,0.0,,,,,,,,
s085,55,4.8647,hexspline_cl,hexspline_cl,2,false,not_run_after_fail,,,,0.0,,,,,,,,
s085,50,4.4225,hexspline_cl,hexspline_cl,2,false,not_run_after_fail,,,,0.0,,,,,,,,
s085,45,3.9802,hexspline_cl,hexspline_cl,2,false,not_run_after_fail,,,,0.0,,,,,,,,
s085,40,3.5380,hexspline_cl,hexspline_cl,2,false,not_run_after_fail,,,,0.0,,,,,,,,
s085,35,3.0957,hexspline_cl,hexspline_cl,2,false,not_run_after_fail,,,,0.0,,,,,,,,
s085,30,2.6535,hexspline_cl,hexspline_cl,2,false,not_run_after_fail,,,,0.0,,,,,,,,
s086,100,4.8442,hexspline_cl,hexspline_cl,2,true,,787.9728021409364,4.108427856950596,1.0373,21.1,1.2963,13786,787.973,"[2.4901, 4.1084]","[3.0437, 3.3781]",3.378104541756243,0.01637002678216952,optimized
s086,95,4.6020,hexspline_cl,hexspline_cl,2,true,,780.6527065920714,4.005830592214824,1.0277,21.3,1.3120,13786,780.653,"[1.839, 4.0058]","[3.0437, 3.3781]",3.378104541756243,8.258350592564967e-6,optimized
s086,90,4.3597,hexspline_cl,hexspline_cl,2,true,,776.501386389143,3.7403521179871593,1.0222,21.3,1.3123,13786,776.501,"[1.8835, 3.7404]","[3.0437, 3.3781]",3.378104541756243,4.749390302802203e-5,optimized
s086,85,4.1175,hexspline_cl,hexspline_cl,2,true,,786.457053906799,3.83623568300216,1.0353,21.3,1.3094,13786,786.457,"[1.7047, 3.8362]","[3.0437, 3.3781]",3.378104541756243,0.01569344271841199,optimized
s086,80,3.8753,hexspline_cl,hexspline_cl,2,true,,780.0118709488274,3.5753894683634897,1.0268,21.3,1.3131,13786,780.012,"[1.843, 3.5754]","[3.0437, 3.3781]",3.378104541756243,0.00010939636331638758,optimized
s086,75,3.6331,hexspline_cl,hexspline_cl,2,true,,794.4223889584226,3.633124229515701,1.0458,22.1,1.3615,13786,794.422,"[2.9138, 3.6331]","[3.0437, 3.3781]",3.378104541756243,3.484842991952064e-7,optimized
s086,70,3.3909,hexspline_cl,hexspline_cl,2,true,,798.9124668896777,3.390916270503172,1.0517,22.6,1.3928,13786,798.912,"[2.8656, 3.3909]","[3.0437, 3.3781]",3.378104541756243,6.94968278480701e-8,optimized
s086,65,3.1487,hexspline_cl,hexspline_cl,2,false,recovery_failed,911.2008052299703,3.324702810175652,,59.4,3.6552,500000,911.201,"[2.9982, 3.3247]","[3.0437, 3.2563]",3.256258954833049,-0.1759947091756522,recovery_failed
s086,60,2.9065,hexspline_cl,hexspline_cl,2,false,not_run_after_fail,,,,0.0,,,,,,,,
s086,55,2.6643,hexspline_cl,hexspline_cl,2,false,not_run_after_fail,,,,0.0,,,,,,,,
s086,50,2.4221,hexspline_cl,hexspline_cl,2,false,not_run_after_fail,,,,0.0,,,,,,,,
s086,45,2.1799,hexspline_cl,hexspline_cl,2,false,not_run_after_fail,,,,0.0,,,,,,,,
s086,40,1.9377,hexspline_cl,hexspline_cl,2,false,not_run_after_fail,,,,0.0,,,,,,,,
s086,35,1.6955,hexspline_cl,hexspline_cl,2,false,not_run_after_fail,,,,0.0,,,,,,,,
s086,30,1.4532,hexspline_cl,hexspline_cl,2,false,not_run_after_fail,,,,0.0,,,,,,,,
s087,100,5.1797,hexspline_cl,hexspline_cl,2,false,no_solution,null,null,,93.4,5.6593,500000,null,[],[],null,,
s087,95,4.9207,hexspline_cl,hexspline_cl,2,false,not_run_after_fail,,,,0.0,,,,,,,,
s087,90,4.6617,hexspline_cl,hexspline_cl,2,false,not_run_after_fail,,,,0.0,,,,,,,,
s087,85,4.4028,hexspline_cl,hexspline_cl,2,false,not_run_after_fail,,,,0.0,,,,,,,,
s087,80,4.1438,hexspline_cl,hexspline_cl,2,false,not_run_after_fail,,,,0.0,,,,,,,,
s087,75,3.8848,hexspline_cl,hexspline_cl,2,false,not_run_after_fail,,,,0.0,,,,,,,,
s087,70,3.6258,hexspline_cl,hexspline_cl,2,false,not_run_after_fail,,,,0.0,,,,,,,,
s087,65,3.3668,hexspline_cl,hexspline_cl,2,false,not_run_after_fail,,,,0.0,,,,,,,,
s087,60,3.1078,hexspline_cl,hexspline_cl,2,false,not_run_after_fail,,,,0.0,,,,,,,,
s087,55,2.8488,hexspline_cl,hexspline_cl,2,false,not_run_after_fail,,,,0.0,,,,,,,,
s087,50,2.5899,hexspline_cl,hexspline_cl,2,false,not_run_after_fail,,,,0.0,,,,,,,,
s087,45,2.3309,hexspline_cl,hexspline_cl,2,false,not_run_after_fail,,,,0.0,,,,,,,,
s087,40,2.0719,hexspline_cl,hexspline_cl,2,false,not_run_after_fail,,,,0.0,,,,,,,,
s087,35,1.8129,hexspline_cl,hexspline_cl,2,false,not_run_after_fail,,,,0.0,,,,,,,,
s087,30,1.5539,hexspline_cl,hexspline_cl,2,false,not_run_after_fail,,,,0.0,,,,,,,,
s088,100,7.9362,hexspline_cl,hexspline_cl,2,true,,800.0021335943063,1.9613043409377677,1.0000,20.4,1.2371,15,800.002,"[0.8508, 1.9613]","[0.8521, 3.923]",3.923049071456785,0.011905046362528423,optimized
s088,95,7.5394,hexspline_cl,hexspline_cl,2,true,,800.0021335943056,1.9613043409253308,1.0000,19.9,1.2057,15,800.002,"[0.8508, 1.9613]","[0.8521, 3.923]",3.923049071456785,0.011905046362528423,optimized
s088,90,7.1426,hexspline_cl,hexspline_cl,2,true,,800.0021335943048,1.9613043409113742,1.0000,20.0,1.2084,15,800.002,"[0.8508, 1.9613]","[0.8521, 3.923]",3.923049071456785,0.011905046362528423,optimized
s088,85,6.7458,hexspline_cl,hexspline_cl,2,true,,800.0021335943039,1.9613043408955655,1.0000,19.8,1.1987,15,800.002,"[0.8508, 1.9613]","[0.8521, 3.923]",3.923049071456785,0.011905046362528423,optimized
s088,80,6.3490,hexspline_cl,hexspline_cl,2,true,,800.0021335943027,1.9613043408774673,1.0000,19.9,1.2057,15,800.002,"[0.8508, 1.9613]","[0.8521, 3.923]",3.923049071456785,0.011905046362528423,optimized
s088,75,5.9522,hexspline_cl,hexspline_cl,2,true,,800.0021335943009,1.9613043408564732,1.0000,20.0,1.2108,15,800.002,"[0.8508, 1.9613]","[0.8521, 3.923]",3.923049071456785,0.011905046362528423,optimized
s088,70,5.5554,hexspline_cl,hexspline_cl,2,true,,800.0021335942986,1.9613043408316868,1.0000,20.1,1.2168,15,800.002,"[0.8508, 1.9613]","[0.8521, 3.923]",3.923049071456785,0.011905046362528423,optimized
s088,65,5.1585,hexspline_cl,hexspline_cl,2,true,,800.0021335942951,1.9613043408017377,1.0000,19.7,1.1901,15,800.002,"[0.8508, 1.9613]","[0.8521, 3.923]",3.923049071456785,0.011905046362528423,optimized
s088,60,4.7617,hexspline_cl,hexspline_cl,2,true,,800.0021335942886,1.9613043407643318,1.0000,20.4,1.2338,15,800.002,"[0.8508, 1.9613]","[0.8521, 3.923]",3.923049071456785,0.011905046362528428,optimized
s088,55,4.3649,hexspline_cl,hexspline_cl,2,true,,800.002133594274,1.9613043407151685,1.0000,20.0,1.2138,15,800.002,"[0.8508, 1.9613]","[0.8521, 3.923]",3.923049071456785,0.011905046362528428,optimized
s088,50,3.9681,hexspline_cl,hexspline_cl,2,true,,800.0021335941927,1.9613043406447876,1.0000,19.6,1.1890,15,800.002,"[0.8508, 1.9613]","[0.8521, 3.923]",3.923049071456785,0.011905046362528425,optimized
s088,45,3.5713,hexspline_cl,hexspline_cl,2,true,,823.0142388020303,2.788772472429708,1.0288,21.0,1.2730,240,823.014,"[2.7155, 2.7888]","[2.9107, 3.1307]",3.1307112288648105,7.420574762301291e-9,optimized
s088,40,3.1745,hexspline_cl,hexspline_cl,2,true,,823.0879492017191,3.105682940080443,1.0289,21.4,1.2947,240,823.088,"[2.6374, 3.1057]","[2.9107, 3.1307]",3.1307112288648105,2.317010160124422e-8,optimized
s088,35,2.7777,hexspline_cl,hexspline_cl,2,true,,892.7403204221118,2.343037619831748,1.1159,65.5,3.9649,500000,892.74,"[2.6766, 2.343]","[2.8784, 3.0954]",3.095438754788425,0.006246141547075607,optimized
s088,30,2.3809,hexspline_cl,hexspline_cl,2,true,,893.3069559003055,2.2164057884141823,1.1166,66.4,4.0205,500000,893.307,"[2.6441, 2.2164]","[2.8784, 3.0954]",3.095438754788425,0.00532011199273745,optimized
s089,100,4.2956,hexspline_cl,hexspline_cl,2,true,,792.2181564751872,4.2955704747422745,1.0580,24.2,1.5061,29054,792.218,"[0.9992, 4.2956]","[1.0934, 3.8121]",3.812087786546894,1.412577255166525e-7,optimized
s089,95,4.0808,hexspline_cl,hexspline_cl,2,true,,806.5260091593091,3.20486671523737,1.0771,22.5,1.3994,29054,806.526,"[1.031, 3.2049]","[1.0934, 3.8121]",3.812087786546894,0.007470662907912741,optimized
s089,90,3.8660,hexspline_cl,hexspline_cl,2,true,,808.0640146011004,3.631410271642448,1.0791,22.5,1.3991,29054,808.064,"[1.0379, 3.6314]","[1.0934, 3.8121]",3.812087786546894,0.007823135138770067,optimized
s089,85,3.6512,hexspline_cl,hexspline_cl,2,true,,785.4087708757282,2.766818934244659,1.0489,24.9,1.5491,29365,785.409,"[2.0391, 2.7668]","[2.9611, 3.6133]",3.6132988009821045,6.572398660864565e-7,optimized
s089,80,3.4365,hexspline_cl,hexspline_cl,2,true,,794.9909299183265,3.29549501002396,1.0617,24.2,1.5050,31529,794.991,"[2.812, 3.2955]","[2.8644, 3.3786]",3.378636010845831,4.456265514818369e-6,optimized
s089,75,3.2217,hexspline_cl,hexspline_cl,2,true,,870.4544464996108,3.1014886346390593,1.1625,54.9,3.4102,500000,870.454,"[3.19, 3.1015]","[3.2024, 3.2518]",3.251797671972724,2.5504122163511056e-5,optimized
s089,70,3.0069,hexspline_cl,hexspline_cl,2,true,,870.197744959682,2.8787377324745216,1.1621,53.7,3.3401,500000,870.198,"[3.1686, 2.8787]","[3.2024, 3.2518]",3.251797671972724,0.0010492436432514296,optimized
s089,65,2.7921,hexspline_cl,hexspline_cl,2,true,,870.231652996241,2.7276151537894404,1.1622,58.2,3.6203,500000,870.232,"[3.1564, 2.7276]","[3.2024, 3.2518]",3.251797671972724,0.00113186098838014,optimized
s089,60,2.5773,hexspline_cl,hexspline_cl,2,false,recovery_failed,870.4951554919709,2.6806782566700424,,55.0,3.4217,500000,870.495,"[3.1509, 2.6807]","[3.2024, 3.2518]",3.251797671972724,-0.10333548667004244,recovery_failed
s089,55,2.3626,hexspline_cl,hexspline_cl,2,false,not_run_after_fail,,,,0.0,,,,,,,,
s089,50,2.1478,hexspline_cl,hexspline_cl,2,false,not_run_after_fail,,,,0.0,,,,,,,,
s089,45,1.9330,hexspline_cl,hexspline_cl,2,false,not_run_after_fail,,,,0.0,,,,,,,,
s089,40,1.7182,hexspline_cl,hexspline_cl,2,false,not_run_after_fail,,,,0.0,,,,,,,,
s089,35,1.5034,hexspline_cl,hexspline_cl,2,false,not_run_after_fail,,,,0.0,,,,,,,,
s089,30,1.2887,hexspline_cl,hexspline_cl,2,false,not_run_after_fail,,,,0.0,,,,,,,,
s090,100,7.6967,hexspline_cl,hexspline_cl,2,true,,600.061736581992,7.176808834275071,0.8058,19.8,1.2319,1296,600.062,"[4.2685, 7.1768]","[4.6031, 6.229]",6.228969414227109,0.017651436302869028,optimized
s090,95,7.3119,hexspline_cl,hexspline_cl,2,true,,609.68391423246,7.311862206566812,0.8187,19.3,1.2030,1296,609.684,"[4.396, 7.3119]","[4.6031, 6.229]",6.228969414227109,2.3134331881280445e-6,optimized
s090,90,6.9270,hexspline_cl,hexspline_cl,2,true,,600.0333835534365,6.804542148665817,0.8057,19.4,1.2104,1296,600.033,"[4.5301, 6.8045]","[4.6031, 6.229]",6.228969414227109,0.015962714256678993,optimized
s090,85,6.5422,hexspline_cl,hexspline_cl,2,true,,608.8043852916253,6.4933761700571795,0.8175,19.3,1.2054,1296,608.804,"[4.3229, 6.4934]","[4.6031, 6.229]",6.228969414227109,4.133907299808115e-9,optimized
s090,80,6.1574,hexspline_cl,hexspline_cl,2,true,,606.9362944900022,6.1573594938658465,0.8150,19.4,1.2090,1436,606.936,"[3.3039, 6.1574]","[4.1042, 5.5247]",5.5247498057685736,2.6013415332926115e-7,optimized
s090,75,5.7725,hexspline_cl,hexspline_cl,2,true,,632.0057341209791,5.743163083254651,0.8487,19.2,1.1940,1436,632.006,"[3.4002, 5.7432]","[4.1042, 5.5247]",5.5247498057685736,1.573981059724283e-8,optimized
s090,70,5.3877,hexspline_cl,hexspline_cl,2,true,,735.5964346026188,5.387688845284186,0.9878,20.1,1.2534,19487,735.596,"[4.1871, 5.3877]","[4.6568, 4.6248]",4.62478857290644,1.0647158141807722e-6,optimized
s090,65,5.0029,hexspline_cl,hexspline_cl,2,true,,736.3795367121387,5.002847612696802,0.9888,20.1,1.2533,19487,736.38,"[4.1764, 5.0028]","[4.6568, 4.6248]",4.62478857290644,7.375303198386973e-6,optimized
s090,60,4.6180,hexspline_cl,hexspline_cl,2,true,,762.1922475476852,4.611157982419166,1.0235,20.4,1.2706,19502,762.192,"[4.0942, 4.6112]","[4.1042, 4.4103]",4.4103459394363265,0.006013335661616777,optimized
s090,55,4.2332,hexspline_cl,hexspline_cl,2,false,recovery_failed,843.2391661842579,4.505036514402247,,55.6,3.4679,500000,843.239,"[4.0721, 4.505]","[4.0595, 4.3553]",4.355298404178021,-0.2718513714022466,recovery_failed
s090,50,3.8483,hexspline_cl,hexspline_cl,2,false,not_run_after_fail,,,,0.0,,,,,,,,
s090,45,3.4635,hexspline_cl,hexspline_cl,2,false,not_run_after_fail,,,,0.0,,,,,,,,
s090,40,3.0787,hexspline_cl,hexspline_cl,2,false,not_run_after_fail,,,,0.0,,,,,,,,
s090,35,2.6938,hexspline_cl,hexspline_cl,2,false,not_run_after_fail,,,,0.0,,,,,,,,
s090,30,2.3090,hexspline_cl,hexspline_cl,2,false,not_run_after_fail,,,,0.0,,,,,,,,
s091,100,4.9210,hexspline_cl,hexspline_cl,2,true,,733.9029916853124,4.73984607421665,1.0193,20.8,1.2767,84,733.903,"[8.7564, 4.7398]","[8.8705, 4.8991]",4.8991059333638045,1.121750072283112e-5,optimized
s091,95,4.6750,hexspline_cl,hexspline_cl,2,true,,721.6926598462187,2.245011167213755,1.0023,19.8,1.2184,198,721.693,"[0.5972, 2.245]","[0.8934, 3.6655]",3.6654683052515047,1.5620882780036482e-5,optimized
s091,90,4.4289,hexspline_cl,hexspline_cl,2,true,,721.2532940737318,2.283903201839136,1.0017,19.8,1.2196,198,721.253,"[0.6046, 2.2839]","[0.8934, 3.6655]",3.6654683052515047,1.2230663666594865e-5,optimized
s091,85,4.1829,hexspline_cl,hexspline_cl,2,true,,719.7519065681295,1.969835593989101,0.9996,19.8,1.2178,198,719.752,"[0.6326, 1.9698]","[0.8934, 3.6655]",3.6654683052515047,0.00022345287735245256,optimized
s091,80,3.9368,hexspline_cl,hexspline_cl,2,true,,718.3689919027087,1.6907950258609623,0.9977,19.9,1.2245,198,718.369,"[0.6778, 1.6908]","[0.8934, 3.6655]",3.6654683052515047,2.2993032078171382e-5,optimized
s091,75,3.6908,hexspline_cl,hexspline_cl,2,true,,730.4514227791547,2.9723304487596067,1.0145,20.5,1.2604,198,730.451,"[0.7854, 2.9723]","[0.8934, 3.6655]",3.6654683052515047,7.086748285838439e-6,optimized
s091,70,3.4447,hexspline_cl,hexspline_cl,2,true,,736.5868690732676,1.5091530720630908,1.0230,19.2,1.1834,199,736.587,"[0.6367, 1.5092]","[0.8934, 3.1945]",3.1945208811764862,2.982851762811656e-8,optimized
s091,65,3.1987,hexspline_cl,hexspline_cl,2,true,,742.8127796406056,1.7306832888859542,1.0317,19.2,1.1806,199,742.813,"[0.6355, 1.7307]","[0.8934, 3.1945]",3.1945208811764862,1.288936532159446e-7,optimized
s091,60,2.9526,hexspline_cl,hexspline_cl,2,true,,841.9899610993664,2.1959639963630595,1.1694,54.6,3.3564,500000,841.99,"[2.1535, 2.196]","[2.2701, 3.0158]",3.0157720739156164,0.00692143528539485,optimized
s091,55,2.7066,hexspline_cl,hexspline_cl,2,true,,840.0258682006258,2.135710621150066,1.1667,59.3,3.6427,500000,840.026,"[2.091, 2.1357]","[2.2701, 3.0158]",3.0157720739156164,0.006360051877848962,optimized
s091,50,2.4605,hexspline_cl,hexspline_cl,2,true,,823.829170363601,2.460521749251621,1.1442,57.0,3.5041,500000,823.829,"[2.0974, 2.4605]","[2.2701, 3.0158]",3.0157720739156164,1.7748379210758003e-8,optimized
s091,45,2.2145,hexspline_cl,hexspline_cl,2,true,,827.0286607121038,2.214469599445602,1.1486,59.7,3.6723,500000,827.029,"[2.0325, 2.2145]","[2.2701, 3.0158]",3.0157720739156164,9.055439820215838e-8,optimized
s091,40,1.9684,hexspline_cl,hexspline_cl,2,false,recovery_failed,840.4059380594258,2.173412070250701,,58.8,3.6177,500000,840.406,"[2.1291, 2.1734]","[2.2701, 3.0158]",3.0157720739156164,-0.2049944572507012,recovery_failed
s091,35,1.7224,hexspline_cl,hexspline_cl,2,false,not_run_after_fail,,,,0.0,,,,,,,,
s091,30,1.4763,hexspline_cl,hexspline_cl,2,false,not_run_after_fail,,,,0.0,,,,,,,,
s092,100,8.6306,hexspline_cl,hexspline_cl,2,false,no_solution,null,null,,94.6,5.7558,500000,null,[],[],null,,
s092,95,8.1991,hexspline_cl,hexspline_cl,2,false,not_run_after_fail,,,,0.0,,,,,,,,
s092,90,7.7676,hexspline_cl,hexspline_cl,2,false,not_run_after_fail,,,,0.0,,,,,,,,
s092,85,7.3360,hexspline_cl,hexspline_cl,2,false,not_run_after_fail,,,,0.0,,,,,,,,
s092,80,6.9045,hexspline_cl,hexspline_cl,2,false,not_run_after_fail,,,,0.0,,,,,,,,
s092,75,6.4730,hexspline_cl,hexspline_cl,2,false,not_run_after_fail,,,,0.0,,,,,,,,
s092,70,6.0414,hexspline_cl,hexspline_cl,2,false,not_run_after_fail,,,,0.0,,,,,,,,
s092,65,5.6099,hexspline_cl,hexspline_cl,2,false,not_run_after_fail,,,,0.0,,,,,,,,
s092,60,5.1784,hexspline_cl,hexspline_cl,2,false,not_run_after_fail,,,,0.0,,,,,,,,
s092,55,4.7468,hexspline_cl,hexspline_cl,2,false,not_run_after_fail,,,,0.0,,,,,,,,
s092,50,4.3153,hexspline_cl,hexspline_cl,2,false,not_run_after_fail,,,,0.0,,,,,,,,
s092,45,3.8838,hexspline_cl,hexspline_cl,2,false,not_run_after_fail,,,,0.0,,,,,,,,
s092,40,3.4522,hexspline_cl,hexspline_cl,2,false,not_run_after_fail,,,,0.0,,,,,,,,
s092,35,3.0207,hexspline_cl,hexspline_cl,2,false,not_run_after_fail,,,,0.0,,,,,,,,
s092,30,2.5892,hexspline_cl,hexspline_cl,2,false,not_run_after_fail,,,,0.0,,,,,,,,
s093,100,8.2246,hexspline_cl,hexspline_cl,2,true,,930.2823252545307,7.6447279218374025,1.1548,42.0,2.5476,137634,930.282,"[4.8385, 7.6447]","[5.6963, 6.7243]",6.7242654316269315,1.168393896730413e-5,optimized
s093,95,7.8133,hexspline_cl,hexspline_cl,2,true,,931.6216541561587,7.813338823431786,1.1565,41.3,2.5095,137634,931.622,"[4.9275, 7.8133]","[5.6963, 6.7243]",6.7242654316269315,2.8615682143851018e-6,optimized
s093,90,7.4021,hexspline_cl,hexspline_cl,2,true,,928.1076922902137,7.402112680015132,1.1521,40.0,2.4308,137634,928.108,"[5.1332, 7.4021]","[5.6963, 6.7243]",6.7242654316269315,5.479848681488875e-7,optimized
s093,85,6.9909,hexspline_cl,hexspline_cl,2,true,,968.1331018443957,6.09732518128084,1.2018,42.5,2.5800,137634,968.133,"[4.7406, 6.0973]","[5.6963, 6.7243]",6.7242654316269315,0.012110947943613741,optimized
s093,80,6.5797,hexspline_cl,hexspline_cl,2,true,,932.691092715689,6.579655696109073,1.1578,68.1,4.1315,500000,932.691,"[5.3062, 6.5797]","[5.5462, 6.6125]",6.612516663180841,6.168909267856293e-7,optimized
s093,75,6.1684,hexspline_cl,hexspline_cl,2,false,recovery_failed,961.6684510626884,6.299509713050899,,67.2,4.0786,500000,961.668,"[5.4579, 6.2995]","[5.5462, 6.6125]",6.612516663180841,-0.1310818570508987,recovery_failed
s093,70,5.7572,hexspline_cl,hexspline_cl,2,false,not_run_after_fail,,,,0.0,,,,,,,,
s093,65,5.3460,hexspline_cl,hexspline_cl,2,false,not_run_after_fail,,,,0.0,,,,,,,,
s093,60,4.9347,hexspline_cl,hexspline_cl,2,false,not_run_after_fail,,,,0.0,,,,,,,,
s093,55,4.5235,hexspline_cl,hexspline_cl,2,false,not_run_after_fail,,,,0.0,,,,,,,,
s093,50,4.1123,hexspline_cl,hexspline_cl,2,false,not_run_after_fail,,,,0.0,,,,,,,,
s093,45,3.7011,hexspline_cl,hexspline_cl,2,false,not_run_after_fail,,,,0.0,,,,,,,,
s093,40,3.2898,hexspline_cl,hexspline_cl,2,false,not_run_after_fail,,,,0.0,,,,,,,,
s093,35,2.8786,hexspline_cl,hexspline_cl,2,false,not_run_after_fail,,,,0.0,,,,,,,,
s093,30,2.4674,hexspline_cl,hexspline_cl,2,false,not_run_after_fail,,,,0.0,,,,,,,,
s094,100,10.9602,hexspline_cl,hexspline_cl,2,true,,902.0912700229625,6.115851592173322,1.0349,20.9,1.2477,887,902.091,"[5.6556, 6.1159]","[6.2588, 6.435]",6.434991957965132,9.26979723536725e-9,optimized
s094,95,10.4122,hexspline_cl,hexspline_cl,2,true,,904.4083036509292,6.154088599140212,1.0376,20.7,1.2371,887,904.408,"[5.6961, 6.1541]","[6.2588, 6.435]",6.434991957965132,2.6965986110738527e-9,optimized
s094,90,9.8642,hexspline_cl,hexspline_cl,2,true,,926.3498521822124,6.366289812431268,1.0628,20.3,1.2130,887,926.35,"[6.2541, 6.3663]","[6.2588, 6.435]",6.434991957965132,0.01166666766343565,optimized
s094,85,9.3162,hexspline_cl,hexspline_cl,2,true,,905.1023893232281,6.137816339320682,1.0384,20.6,1.2319,887,905.102,"[5.6728, 6.1378]","[6.2588, 6.435]",6.434991957965132,1.9811288790028136e-9,optimized
s094,80,8.7682,hexspline_cl,hexspline_cl,2,true,,904.2644308959628,6.24310472977095,1.0374,20.3,1.2157,887,904.264,"[5.8424, 6.2431]","[6.2588, 6.435]",6.434991957965132,8.086002152574157e-9,optimized
s094,75,8.2202,hexspline_cl,hexspline_cl,2,true,,904.8979056995983,6.071213478796045,1.0381,20.6,1.2341,887,904.898,"[5.6137, 6.0712]","[6.2588, 6.435]",6.434991957965132,6.711817320675939e-9,optimized
s094,70,7.6722,hexspline_cl,hexspline_cl,2,true,,903.9767681555005,5.926559428294717,1.0371,20.8,1.2423,887,903.977,"[5.443, 5.9266]","[6.2588, 6.435]",6.434991957965132,1.880546913676784e-8,optimized
s094,65,7.1241,hexspline_cl,hexspline_cl,2,true,,884.9480472491275,6.354750572780803,1.0153,20.0,1.1940,887,884.948,"[6.1599, 6.3548]","[6.2588, 6.435]",6.434991957965132,8.76651432943254e-6,optimized
s094,60,6.5761,hexspline_cl,hexspline_cl,2,true,,926.3498521636501,6.349505297339182,1.0628,19.3,1.1552,887,926.35,"[6.2375, 6.3495]","[6.2588, 6.435]",6.434991957965132,0.011666667665716042,optimized
s094,55,6.0281,hexspline_cl,hexspline_cl,2,true,,982.4003181274462,6.021841057944238,1.1271,37.0,2.2149,219678,982.4,"[4.0875, 6.0218]","[5.2688, 4.7448]",4.744823256263567,1.3540174474691025e-8,optimized
s094,50,5.4801,hexspline_cl,hexspline_cl,2,true,,985.217209696242,5.4540339999227125,1.1303,37.5,2.2448,219678,985.217,"[5.0669, 5.454]","[5.2688, 4.7448]",4.744823256263567,5.259631571247203e-8,optimized
s094,45,4.9321,hexspline_cl,hexspline_cl,2,true,,1002.8931358515105,4.932099329494333,1.1506,37.4,2.2394,219678,1002.893,"[4.9154, 4.9321]","[5.2688, 4.7448]",4.744823256263567,1.1450566717030597e-7,optimized
s094,40,4.3841,hexspline_cl,hexspline_cl,2,false,recovery_failed,1057.220049985184,4.695359625411874,,58.8,3.5138,500000,1057.22,"[5.1798, 4.6954]","[5.2645, 4.7336]",4.733618388685527,-0.3112711194118738,recovery_failed
s094,35,3.8361,hexspline_cl,hexspline_cl,2,false,not_run_after_fail,,,,0.0,,,,,,,,
s094,30,3.2881,hexspline_cl,hexspline_cl,2,false,not_run_after_fail,,,,0.0,,,,,,,,
s095,100,9.8868,hexspline_cl,hexspline_cl,2,true,,802.0734341012351,6.3471503292137115,1.0020,20.6,1.2380,801,802.073,"[3.4656, 6.3472]","[3.8776, 6.6287]",6.628707984805644,6.13000362673356e-5,optimized
s095,95,9.3925,hexspline_cl,hexspline_cl,2,true,,802.0752355579012,6.670059163747896,1.0020,20.7,1.2447,801,802.075,"[3.4772, 6.6701]","[3.8776, 6.6287]",6.628707984805644,8.885535097784669e-6,optimized
s095,90,8.8981,hexspline_cl,hexspline_cl,2,true,,800.7181269126137,6.444373454225267,1.0003,21.0,1.2625,801,800.718,"[3.4661, 6.4444]","[3.8776, 6.6287]",6.628707984805644,4.3519388429695934e-5,optimized
s095,85,8.4038,hexspline_cl,hexspline_cl,2,true,,800.563857019825,7.440947643462561,1.0001,21.2,1.2720,801,800.564,"[3.4262, 7.4409]","[3.8776, 6.6287]",6.628707984805644,5.121193256878541e-6,optimized
s095,80,7.9094,hexspline_cl,hexspline_cl,2,true,,800.6260947455431,7.906437629411712,1.0002,21.0,1.2607,801,800.626,"[3.5059, 7.9064]","[3.8776, 6.6287]",6.628707984805644,3.700161163319626e-5,optimized
s095,75,7.4151,hexspline_cl,hexspline_cl,2,true,,808.2413003025612,6.680425626373779,1.0097,20.1,1.2072,801,808.241,"[3.6115, 6.6804]","[3.8776, 6.6287]",6.628707984805644,0.015694632203982765,optimized
s095,70,6.9208,hexspline_cl,hexspline_cl,2,true,,838.6796581279194,6.289870692678602,1.0477,20.3,1.2170,801,838.68,"[3.6794, 6.2899]","[3.8776, 6.6287]",6.628707984805644,0.011377375435909392,optimized
s095,65,6.4264,hexspline_cl,hexspline_cl,2,true,,819.1375543259227,5.795692624076028,1.0233,21.8,1.3110,1070,819.138,"[5.1644, 5.7957]","[6.5017, 6.1879]",6.187936683628087,0.008844407111158407,optimized
s095,60,5.9321,hexspline_cl,hexspline_cl,2,true,,804.3150501905453,3.647940290197791,1.0048,19.8,1.1881,2084,804.315,"[2.0115, 3.6479]","[1.7852, 5.6081]",5.608088613624525,1.2838709653488878e-5,optimized
s095,55,5.4377,hexspline_cl,hexspline_cl,2,true,,830.6774287697701,5.437742759249389,1.0377,21.0,1.2618,2085,830.677,"[3.7676, 5.4377]","[4.349, 5.1617]",5.161674688650225,1.577506116845484e-7,optimized
s095,50,4.9434,hexspline_cl,hexspline_cl,2,true,,804.3255877502296,3.9610853095509815,1.0048,19.9,1.1943,2420,804.326,"[3.7196, 3.9611]","[3.8505, 4.1356]",4.1356039678711305,1.1187361468183554e-5,optimized
s095,45,4.4491,hexspline_cl,hexspline_cl,2,true,,850.9043703184057,3.899530107465738,1.0630,19.4,1.1634,2420,850.904,"[3.8351, 3.8995]","[3.8505, 4.1356]",4.1356039678711305,0.01157266246907768,optimized
s095,40,3.9547,hexspline_cl,hexspline_cl,2,true,,850.9043907882572,3.7331401729974933,1.0630,19.3,1.1578,2421,850.904,"[3.193, 3.7331]","[3.2101, 3.7792]",3.7792123367358017,0.011572663759716066,optimized
s095,35,3.4604,hexspline_cl,hexspline_cl,2,true,,913.2553063428556,3.156092860694871,1.1409,65.2,3.9125,500000,913.255,"[3.3914, 3.1561]","[3.4625, 3.4939]",3.4938860766138347,2.3351585696218535e-6,optimized
s095,30,2.9660,hexspline_cl,hexspline_cl,2,true,,918.4644698092494,2.959304142287523,1.1474,59.6,3.5775,500000,918.464,"[3.3547, 2.9593]","[3.4625, 3.4939]",3.4938860766138347,0.005876462296461937,optimized
s096,100,7.9847,hexspline_cl,hexspline_cl,2,false,no_solution,null,null,,101.1,6.1363,500000,null,[],[],null,,
s096,95,7.5854,hexspline_cl,hexspline_cl,2,false,not_run_after_fail,,,,0.0,,,,,,,,
s096,90,7.1862,hexspline_cl,hexspline_cl,2,false,not_run_after_fail,,,,0.0,,,,,,,,
s096,85,6.7870,hexspline_cl,hexspline_cl,2,false,not_run_after_fail,,,,0.0,,,,,,,,
s096,80,6.3877,hexspline_cl,hexspline_cl,2,false,not_run_after_fail,,,,0.0,,,,,,,,
s096,75,5.9885,hexspline_cl,hexspline_cl,2,false,not_run_after_fail,,,,0.0,,,,,,,,
s096,70,5.5893,hexspline_cl,hexspline_cl,2,false,not_run_after_fail,,,,0.0,,,,,,,,
s096,65,5.1900,hexspline_cl,hexspline_cl,2,false,not_run_after_fail,,,,0.0,,,,,,,,
s096,60,4.7908,hexspline_cl,hexspline_cl,2,false,not_run_after_fail,,,,0.0,,,,,,,,
s096,55,4.3916,hexspline_cl,hexspline_cl,2,false,not_run_after_fail,,,,0.0,,,,,,,,
s096,50,3.9923,hexspline_cl,hexspline_cl,2,false,not_run_after_fail,,,,0.0,,,,,,,,
s096,45,3.5931,hexspline_cl,hexspline_cl,2,false,not_run_after_fail,,,,0.0,,,,,,,,
s096,40,3.1939,hexspline_cl,hexspline_cl,2,false,not_run_after_fail,,,,0.0,,,,,,,,
s096,35,2.7946,hexspline_cl,hexspline_cl,2,false,not_run_after_fail,,,,0.0,,,,,,,,
s096,30,2.3954,hexspline_cl,hexspline_cl,2,false,not_run_after_fail,,,,0.0,,,,,,,,
s097,100,8.4045,hexspline_cl,hexspline_cl,2,true,,672.7502129200393,8.404494330294495,1.0516,19.8,1.2304,7064,672.75,"[0.8964, 8.4045]","[1.1354, 7.5374]",7.537371448553355,8.937055042679276e-7,optimized
s097,95,7.9843,hexspline_cl,hexspline_cl,2,true,,701.9279594201474,5.406771946135055,1.0972,21.8,1.3594,7064,701.928,"[0.745, 5.4068]","[1.1354, 7.5374]",7.537371448553355,0.010584150777871651,optimized
s097,90,7.5640,hexspline_cl,hexspline_cl,2,true,,719.2843037925761,6.160519475106276,1.1244,21.4,1.3328,7064,719.284,"[0.7482, 6.1605]","[1.1354, 7.5374]",7.537371448553355,0.009522764018724646,optimized
s097,85,7.1438,hexspline_cl,hexspline_cl,2,true,,643.0212276188804,6.769105751536158,1.0051,20.2,1.2574,7070,643.021,"[3.6028, 6.7691]","[4.3166, 5.0992]",5.099223895041461,1.3795396992245514e-6,optimized
s097,80,6.7236,hexspline_cl,hexspline_cl,2,true,,640.1658981130482,6.467981131479884,1.0007,20.4,1.2692,7070,640.166,"[4.5125, 6.468]","[4.3166, 5.0992]",5.099223895041461,1.0346567196644174e-5,optimized
s097,75,6.3034,hexspline_cl,hexspline_cl,2,true,,644.1897476887307,6.252383065378591,1.0070,20.0,1.2460,7070,644.19,"[4.8414, 6.2524]","[4.3166, 5.0992]",5.099223895041461,4.432603029411075e-5,optimized
s097,70,5.8831,hexspline_cl,hexspline_cl,2,true,,642.3833769757285,5.8831444652109575,1.0041,20.1,1.2530,7070,642.383,"[4.8892, 5.8831]","[4.3166, 5.0992]",5.099223895041461,2.4917890426578992e-6,optimized
s097,65,5.4629,hexspline_cl,hexspline_cl,2,true,,651.1501131475296,5.433621040184967,1.0178,19.8,1.2334,7070,651.15,"[4.4486, 5.4336]","[4.3166, 5.0992]",5.099223895041461,0.0008844508039399225,optimized
s097,60,5.0427,hexspline_cl,hexspline_cl,2,true,,671.9024524074107,4.8947683355343505,1.0503,21.8,1.3570,33113,671.902,"[3.0481, 4.8948]","[4.8758, 4.6699]",4.6698633785578805,4.707237096293615e-8,optimized
s097,55,4.6225,hexspline_cl,hexspline_cl,2,true,,639.9517722458257,4.620926582321533,1.0003,22.0,1.3683,33115,639.952,"[3.8017, 4.6209]","[4.3789, 4.386]",4.385972264059586,2.7968730503525873e-6,optimized
s097,50,4.2022,hexspline_cl,hexspline_cl,2,true,,693.5379090557635,4.2022475600807745,1.0841,21.4,1.3336,33554,693.538,"[2.7079, 4.2022]","[3.1926, 3.6552]",3.6551824943944493,5.519192258773842e-7,optimized
s097,45,3.7820,hexspline_cl,hexspline_cl,2,false,recovery_failed,771.1872350282615,3.806228688851909,,21.0,1.3074,33554,771.187,"[3.1727, 3.8062]","[3.1926, 3.6552]",3.6551824943944493,-0.024205287851908786,recovery_failed
s097,40,3.3618,hexspline_cl,hexspline_cl,2,false,not_run_after_fail,,,,0.0,,,,,,,,
s097,35,2.9416,hexspline_cl,hexspline_cl,2,false,not_run_after_fail,,,,0.0,,,,,,,,
s097,30,2.5213,hexspline_cl,hexspline_cl,2,false,not_run_after_fail,,,,0.0,,,,,,,,
s098,100,4.2561,hexspline_cl,hexspline_cl,2,true,,927.5644541427616,4.256146948551348,1.0927,63.3,4.0017,291752,927.564,"[0.9906, 4.2561]","[1.24, 3.8251]",3.8250771287754057,1.0744865264200598e-7,optimized
s098,95,4.0433,hexspline_cl,hexspline_cl,2,true,,917.6656320456151,4.043337658422455,1.0810,66.3,4.1958,291752,917.666,"[1.094, 4.0433]","[1.24, 3.8251]",3.8250771287754057,2.094577544298204e-6,optimized
s098,90,3.8305,hexspline_cl,hexspline_cl,2,true,,916.1975368380652,3.830532270731587,1.0793,62.6,3.9588,291752,916.198,"[1.0299, 3.8305]","[1.24, 3.8251]",3.8250771287754057,1.8026841308582675e-7,optimized
s098,85,3.6177,hexspline_cl,hexspline_cl,2,true,,911.9554354921372,3.6177249789577957,1.0743,60.8,3.8435,291809,911.955,"[1.1179, 3.6177]","[1.2182, 3.3772]",3.377194405163331,1.690422046785045e-7,optimized
s098,80,3.4049,hexspline_cl,hexspline_cl,2,true,,910.9570782198513,3.263903350714143,1.0731,60.8,3.8463,291809,910.957,"[1.172, 3.2639]","[1.2182, 3.3772]",3.377194405163331,1.0950348041660618e-5,optimized
s098,75,3.1921,hexspline_cl,hexspline_cl,2,true,,889.7556498436635,2.600343917641107,1.0482,83.2,5.2625,500000,889.756,"[2.9837, 2.6003]","[3.1017, 3.279]",3.278981350492291,0.0009738435720639919,optimized
s098,70,2.9793,hexspline_cl,hexspline_cl,2,true,,912.2455823027634,2.7715098410581738,1.0747,85.2,5.3906,500000,912.246,"[2.9616, 2.7715]","[3.1017, 3.279]",3.278981350492291,0.005066226674801871,optimized
s098,65,2.7665,hexspline_cl,hexspline_cl,2,true,,921.0465151598321,2.7664959032677903,1.0850,76.8,4.8577,500000,921.047,"[2.9879, 2.7665]","[3.1017, 3.279]",3.278981350492291,3.373220991420567e-8,optimized
s098,60,2.5537,hexspline_cl,hexspline_cl,2,false,recovery_failed,930.8082444620449,2.7589639683604203,,77.1,4.8743,500000,930.808,"[2.9871, 2.759]","[3.1017, 3.279]",3.278981350492291,-0.20527533436042011,recovery_failed
s098,55,2.3409,hexspline_cl,hexspline_cl,2,false,not_run_after_fail,,,,0.0,,,,,,,,
s098,50,2.1281,hexspline_cl,hexspline_cl,2,false,not_run_after_fail,,,,0.0,,,,,,,,
s098,45,1.9153,hexspline_cl,hexspline_cl,2,false,not_run_after_fail,,,,0.0,,,,,,,,
s098,40,1.7025,hexspline_cl,hexspline_cl,2,false,not_run_after_fail,,,,0.0,,,,,,,,
s098,35,1.4897,hexspline_cl,hexspline_cl,2,false,not_run_after_fail,,,,0.0,,,,,,,,
s098,30,1.2768,hexspline_cl,hexspline_cl,2,false,not_run_after_fail,,,,0.0,,,,,,,,
s099,100,6.7858,hexspline_cl,hexspline_cl,2,true,,846.4472260720265,5.440846736782114,0.9992,30.9,1.8782,60374,846.447,"[3.1982, 5.4408]","[3.7862, 4.1239]",4.123891498625713,1.275137849429575e-5,optimized
s099,95,6.4465,hexspline_cl,hexspline_cl,2,true,,847.1366364785409,5.295575902681108,1.0000,30.4,1.8443,60374,847.137,"[3.2529, 5.2956]","[3.7862, 4.1239]",4.123891498625713,1.0785723904087718e-5,optimized
s099,90,6.1073,hexspline_cl,hexspline_cl,2,true,,846.1007030913128,5.323560976486829,0.9988,30.7,1.8656,60374,846.101,"[3.1891, 5.3236]","[3.7862, 4.1239]",4.123891498625713,7.101025334714904e-6,optimized
s099,85,5.7680,hexspline_cl,hexspline_cl,2,true,,857.9472067098927,5.767965312146611,1.0128,29.9,1.8129,60374,857.947,"[3.3859, 5.768]","[3.7862, 4.1239]",4.123891498625713,7.028533888231436e-7,optimized
s099,80,5.4287,hexspline_cl,hexspline_cl,2,true,,881.8347364917595,5.428673344968282,1.0410,29.6,1.7995,60374,881.835,"[3.2344, 5.4287]","[3.7862, 4.1239]",4.123891498625713,6.110317176677427e-7,optimized
s099,75,5.0894,hexspline_cl,hexspline_cl,2,true,,867.3407319739492,5.089381082914116,1.0239,30.1,1.8261,60374,867.341,"[3.2213, 5.0894]","[3.7862, 4.1239]",4.123891498625713,8.130858839550115e-7,optimized
s099,70,4.7501,hexspline_cl,hexspline_cl,2,true,,896.5582352724788,4.406274121174978,1.0584,29.4,1.7834,60374,896.558,"[3.46, 4.4063]","[3.7862, 4.1239]",4.123891498625713,0.01209054722300326,optimized
s099,65,4.4108,hexspline_cl,hexspline_cl,2,true,,889.3647501041214,4.410797702461071,1.0499,31.8,1.9326,60374,889.365,"[3.6157, 4.4108]","[3.7862, 4.1239]",4.123891498625713,7.353892872430379e-8,optimized
s099,60,4.0715,hexspline_cl,hexspline_cl,2,false,recovery_failed,920.6548436547849,4.15139790011561,,60.3,3.6631,500000,920.655,"[3.6423, 4.1514]","[3.7862, 4.1239]",4.123891465019656,-0.07989218311560986,recovery_failed
s099,55,3.7322,hexspline_cl,hexspline_cl,2,false,not_run_after_fail,,,,0.0,,,,,,,,
s099,50,3.3929,hexspline_cl,hexspline_cl,2,false,not_run_after_fail,,,,0.0,,,,,,,,
s099,45,3.0536,hexspline_cl,hexspline_cl,2,false,not_run_after_fail,,,,0.0,,,,,,,,
s099,40,2.7143,hexspline_cl,hexspline_cl,2,false,not_run_after_fail,,,,0.0,,,,,,,,
s099,35,2.3750,hexspline_cl,hexspline_cl,2,false,not_run_after_fail,,,,0.0,,,,,,,,
s099,30,2.0358,hexspline_cl,hexspline_cl,2,false,not_run_after_fail,,,,0.0,,,,,,,,
s100,100,7.8202,hexspline_cl,hexspline_cl,2,true,,653.3398965824448,6.985235165125082,1.0140,65.7,4.0701,293167,653.34,"[3.9933, 6.9852]","[6.2477, 5.9824]",5.9824481189681835,0.0006414153425876302,optimized
s100,95,7.4292,hexspline_cl,hexspline_cl,2,true,,645.9682309138918,7.403932969157391,1.0026,66.4,4.1102,293167,645.968,"[3.9538, 7.4039]","[6.2477, 5.9824]",5.9824481189681835,4.435389913875042e-6,optimized
s100,90,7.0382,hexspline_cl,hexspline_cl,2,true,,653.1915189437628,6.973706666231086,1.0138,64.9,4.0163,293167,653.192,"[4.0515, 6.9737]","[6.2477, 5.9824]",5.9824481189681835,2.8481203189687637e-5,optimized
s100,85,6.6472,hexspline_cl,hexspline_cl,2,true,,676.7990924508997,6.309648364819567,1.0505,64.6,3.9983,293167,676.799,"[4.1567, 6.3096]","[6.2477, 5.9824]",5.9824481189681835,2.7769076025793704e-7,optimized
s100,80,6.2562,hexspline_cl,hexspline_cl,2,true,,777.7703682796919,5.720444810834157,1.2072,67.2,4.1615,293167,777.77,"[6.1473, 5.7204]","[6.2477, 5.9824]",5.9824481189681835,0.0027097885995118753,optimized
s100,75,5.8652,hexspline_cl,hexspline_cl,2,true,,790.0932621329312,5.434774793704534,1.2263,83.5,5.1734,500000,790.093,"[6.5219, 5.4348]","[6.2477, 5.9824]",5.9824481189681835,0.002517280167148854,optimized
s100,70,5.4741,hexspline_cl,hexspline_cl,2,true,,810.7541897619215,5.3920019502236505,1.2584,80.5,4.9837,500000,810.754,"[6.6524, 5.392]","[6.2477, 5.9824]",5.9824481189681835,1.4600224349374913e-5,optimized
s100,65,5.0831,hexspline_cl,hexspline_cl,2,false,recovery_failed,821.0255214455776,5.429934199488792,,79.3,4.9111,500000,821.026,"[6.635, 5.4299]","[6.2477, 5.9824]",5.9824481189681835,-0.34680286348879186,recovery_failed
s100,60,4.6921,hexspline_cl,hexspline_cl,2,false,not_run_after_fail,,,,0.0,,,,,,,,
s100,55,4.3011,hexspline_cl,hexspline_cl,2,false,not_run_after_fail,,,,0.0,,,,,,,,
s100,50,3.9101,hexspline_cl,hexspline_cl,2,false,not_run_after_fail,,,,0.0,,,,,,,,
s100,45,3.5191,hexspline_cl,hexspline_cl,2,false,not_run_after_fail,,,,0.0,,,,,,,,
s100,40,3.1281,hexspline_cl,hexspline_cl,2,false,not_run_after_fail,,,,0.0,,,,,,,,
s100,35,2.7371,hexspline_cl,hexspline_cl,2,false,not_run_after_fail,,,,0.0,,,,,,,,
s100,30,2.3461,hexspline_cl,hexspline_cl,2,false,not_run_after_fail,,,,0.0,,,,,,,,
s101,100,9.4412,hexspline_cl,hexspline_cl,2,true,,801.8204514881053,6.731564991132064,1.0000,21.7,1.3114,3312,801.82,"[1.7315, 6.7316]","[1.1514, 5.5595]",5.55951724900968,3.8951902777407665e-6,optimized
s101,95,8.9691,hexspline_cl,hexspline_cl,2,true,,801.8989695475154,6.692700298366447,1.0001,21.5,1.2989,3312,801.899,"[1.7521, 6.6927]","[1.1514, 5.5595]",5.55951724900968,0.00016039726330138626,optimized
s101,90,8.4971,hexspline_cl,hexspline_cl,2,true,,801.8493319927868,6.651119332147292,1.0000,21.8,1.3136,3312,801.849,"[1.7753, 6.6511]","[1.1514, 5.5595]",5.55951724900968,4.4950108336687774e-5,optimized
s101,85,8.0250,hexspline_cl,hexspline_cl,2,true,,801.7652403185941,6.815544770576421,0.9999,21.6,1.3047,3312,801.765,"[2.1811, 6.8155]","[1.1514, 5.5595]",5.55951724900968,5.572603477052473e-5,optimized
s101,80,7.5530,hexspline_cl,hexspline_cl,2,true,,801.9030160433109,6.822766054603703,1.0001,21.7,1.3055,3312,801.903,"[2.1904, 6.8228]","[1.1514, 5.5595]",5.55951724900968,1.459893226826614e-5,optimized
s101,75,7.0809,hexspline_cl,hexspline_cl,2,true,,801.8437519659976,6.746035284165609,1.0000,21.7,1.3078,3312,801.844,"[2.2583, 6.746]","[1.1514, 5.5595]",5.55951724900968,6.020768700347844e-6,optimized
s101,70,6.6088,hexspline_cl,hexspline_cl,2,true,,803.554684050162,6.6087457616284,1.0021,21.3,1.2842,3312,803.555,"[1.2743, 6.6087]","[1.1514, 5.5595]",5.55951724900968,9.860037159992174e-5,optimized
s101,65,6.1368,hexspline_cl,hexspline_cl,2,true,,802.0890835458971,6.119727391377571,1.0003,21.6,1.3003,3312,802.089,"[1.6999, 6.1197]","[1.1514, 5.5595]",5.55951724900968,4.0686755074782465e-6,optimized
s101,60,5.6647,hexspline_cl,hexspline_cl,2,true,,826.2646506323988,5.240010881118631,1.0304,21.8,1.3158,3312,826.265,"[1.2033, 5.24]","[1.1514, 5.5595]",5.55951724900968,8.152567818747736e-9,optimized
s101,55,5.1927,hexspline_cl,hexspline_cl,2,true,,801.9264635449417,4.374311738137771,1.0001,21.6,1.3022,3317,801.926,"[1.6874, 4.3743]","[2.44, 3.8247]",3.8246869453287657,3.4599917054501927e-6,optimized
s101,50,4.7206,hexspline_cl,hexspline_cl,2,true,,801.8267855245045,4.354448854707976,1.0000,21.9,1.3184,3317,801.827,"[1.7373, 4.3544]","[2.44, 3.8247]",3.8246869453287657,2.488041889744841e-5,optimized
s101,45,4.2485,hexspline_cl,hexspline_cl,2,true,,803.7459760005219,4.248542874740094,1.0024,21.4,1.2888,3317,803.746,"[2.0148, 4.2485]","[2.44, 3.8247]",3.8246869453287657,2.862599055575288e-7,optimized
s101,40,3.7765,hexspline_cl,hexspline_cl,2,true,,837.8182036747147,3.512392606267205,1.0449,61.0,3.6795,500000,837.818,"[2.2744, 3.5124]","[2.44, 3.8247]",3.8246869453287657,3.201989393769589e-8,optimized
s101,35,3.3044,hexspline_cl,hexspline_cl,2,false,recovery_failed,853.7440956352581,3.3217444094104134,,57.6,3.4724,500000,853.744,"[2.2979, 3.3217]","[2.44, 3.8247]",3.8246869453287657,-0.01732172841041324,recovery_failed
s101,30,2.8324,hexspline_cl,hexspline_cl,2,false,not_run_after_fail,,,,0.0,,,,,,,,
