method,scenario_id,pct,threshold,success,fail_reason,primary_length,primary_unc,length_ratio,wall_s
hexspline_cl,s002,100,6.7390,true,,682.2561815758581,6.027481163032533,1.1296,17.3
hexspline_cl,s002,90,6.0651,true,,682.5743231580326,5.951190843452082,1.1301,17.5
hexspline_cl,s002,80,5.3912,true,,662.8813107636304,3.1459742646229314,1.0975,17.7
hexspline_cl,s002,70,4.7173,true,,662.0863756845482,4.18174008640816,1.0962,17.5
hexspline_cl,s002,60,4.0434,true,,685.86945953166,3.570710498915274,1.1356,16.9
hexspline_cl,s002,50,3.3695,true,,834.3413642071903,1.4914250281961487,1.3814,17.0
hexspline_cl,s002,40,2.6956,true,,834.3413642071903,1.4914250281961487,1.3814,17.0
hexspline_cl,s002,30,2.0217,true,,834.1604953650103,1.5098597647214356,1.3811,17.0
hexspline_cl,s004,100,5.3423,true,,998.2021375098602,4.092549567350698,1.2475,17.6
hexspline_cl,s004,90,4.8080,true,,1004.7355331663507,4.059111528191217,1.2556,17.2
hexspline_cl,s004,80,4.2738,true,,1004.7355331663507,4.059111528191217,1.2556,17.2
hexspline_cl,s004,70,3.7396,true,,1004.7355331663507,3.688997627922317,1.2556,17.5
hexspline_cl,s004,60,3.2054,true,,1123.507252093527,2.226833808644612,1.4040,18.5
hexspline_cl,s004,50,2.6711,true,,1123.507252093527,2.226833808644612,1.4040,18.0
hexspline_cl,s004,40,2.1369,true,,1377.606753739769,2.082543174664265,1.7216,32.5
hexspline_cl,s004,30,1.6027,false,recovery_failed,1377.606753739769,2.082543173621458,,84.5
hexspline_cl,s007,100,7.1391,true,,813.9181094800731,4.7176239939324205,1.0409,17.7
hexspline_cl,s007,90,6.4252,true,,813.1428081709255,4.710475556209746,1.0399,17.6
hexspline_cl,s007,80,5.7113,true,,813.2663088211094,4.684814846836717,1.0401,17.6
hexspline_cl,s007,70,4.9974,true,,837.6757111313105,4.2644572415821935,1.0713,17.5
hexspline_cl,s007,60,4.2835,true,,961.2258038608288,3.439004540241596,1.2293,17.8
hexspline_cl,s007,50,3.5695,false,recovery_failed,1203.8476395427274,3.589747435925803,,83.3
hexspline_cl,s007,40,2.8556,false,not_run_after_fail,,,,0.0
hexspline_cl,s007,30,2.1417,false,not_run_after_fail,,,,0.0
hexspline_cl,s008,100,7.9691,true,,1095.6835643514082,4.794195473549864,1.1336,21.0
hexspline_cl,s008,90,7.1722,true,,1093.9849894557196,4.736163585513164,1.1319,21.3
hexspline_cl,s008,80,6.3753,true,,1095.9472521220027,4.685986124564807,1.1339,20.9
hexspline_cl,s008,70,5.5784,true,,1094.7993506624261,4.491226058080922,1.1327,21.1
hexspline_cl,s008,60,4.7815,true,,1095.5971561517435,4.358308725706297,1.1335,21.2
hexspline_cl,s008,50,3.9845,true,,1135.8623692497258,3.196715142138097,1.1752,19.8
hexspline_cl,s008,40,3.1876,true,,1135.8623692497258,3.1571650843440793,1.1752,20.6
hexspline_cl,s008,30,2.3907,false,recovery_failed,1381.9326596319565,3.15713806377966,,88.3
hexspline_cl,s012,100,7.5978,true,,1130.9001297604939,4.316756950106658,1.0051,51.5
hexspline_cl,s012,90,6.8380,true,,1117.8664665798974,4.468371146410699,0.9935,52.3
hexspline_cl,s012,80,6.0783,true,,1095.950043320912,4.428894706516192,0.9740,50.8
hexspline_cl,s012,70,5.3185,true,,1397.3040182721882,5.1034268608262465,1.2418,51.9
hexspline_cl,s012,60,4.5587,true,,1355.0852651669986,4.558692908261135,1.2043,102.4
hexspline_cl,s012,50,3.7989,true,,1367.1103751482683,3.7791496147680697,1.2150,106.5
hexspline_cl,s012,40,3.0391,false,recovery_failed,1431.9215678790888,3.588254181414934,,107.9
hexspline_cl,s012,30,2.2793,false,not_run_after_fail,,,,0.0
hexspline_cl,s015,100,6.0115,true,,1088.0859347492803,4.631265557334071,1.1156,19.0
hexspline_cl,s015,90,5.4104,true,,1087.9890880435657,4.783332188025894,1.1155,19.0
hexspline_cl,s015,80,4.8092,true,,1087.9890464123785,4.461456405806586,1.1155,18.9
hexspline_cl,s015,70,4.2081,true,,1119.361186262667,2.8896112423604947,1.1477,18.3
hexspline_cl,s015,60,3.6069,true,,1119.361186262667,2.8896112423604947,1.1477,18.4
hexspline_cl,s015,50,3.0058,true,,1119.361186262667,2.8896112423604947,1.1477,18.4
hexspline_cl,s015,40,2.4046,false,recovery_failed,1134.514639422443,2.617557534747419,,95.1
hexspline_cl,s015,30,1.8035,false,not_run_after_fail,,,,0.0
hexspline_cl,s016,100,5.3298,true,,1208.6384196343536,3.331492992989113,1.2893,29.7
hexspline_cl,s016,90,4.7968,true,,1209.9619254730214,3.306822714808651,1.2907,29.9
hexspline_cl,s016,80,4.2639,true,,1377.5330417187706,1.035005680470892,1.4694,49.0
hexspline_cl,s016,70,3.7309,true,,1377.5330417187706,1.035005680470892,1.4694,47.5
hexspline_cl,s016,60,3.1979,true,,1377.5330417187706,1.035005680470892,1.4694,49.5
hexspline_cl,s016,50,2.6649,true,,1377.5330417187706,1.035005680470892,1.4694,49.0
hexspline_cl,s016,40,2.1319,true,,1377.5330417187706,1.035005680470892,1.4694,48.9
hexspline_cl,s016,30,1.5989,true,,1377.5330417187706,1.035005680470892,1.4694,45.9
hexspline_cl,s017,100,8.9550,true,,984.1682133035815,4.866586103328234,1.0779,19.1
hexspline_cl,s017,90,8.0595,true,,980.9144072070301,4.817040411522822,1.0743,19.1
hexspline_cl,s017,80,7.1640,true,,975.896531860581,4.812498688450629,1.0688,19.2
hexspline_cl,s017,70,6.2685,true,,982.383170350273,4.842672450256116,1.0760,18.7
hexspline_cl,s017,60,5.3730,true,,1405.6552249846973,5.1654221677462955,1.5395,47.5
hexspline_cl,s017,50,4.4775,true,,1452.559790205681,3.984008188625766,1.5909,47.2
hexspline_cl,s017,40,3.5820,false,recovery_failed,1452.559790205681,3.984008188625766,,77.8
hexspline_cl,s017,30,2.6865,false,not_run_after_fail,,,,0.0
hexspline_cl,s023,100,5.0964,true,,783.4469266454231,3.9079586695742323,1.2322,17.6
hexspline_cl,s023,90,4.5868,true,,784.2385059115064,4.036717804482618,1.2335,17.6
hexspline_cl,s023,80,4.0771,true,,834.3413642071903,1.1856869988493475,1.3123,17.3
hexspline_cl,s023,70,3.5675,true,,834.3413642071903,1.1856869988493475,1.3123,17.5
hexspline_cl,s023,60,3.0578,true,,834.3413642071903,1.1856869988493475,1.3123,17.5
hexspline_cl,s023,50,2.5482,true,,834.2663870754559,1.1946414561537857,1.3121,17.2
hexspline_cl,s023,40,2.0386,true,,834.3187436858063,1.1901107520128753,1.3122,17.2
hexspline_cl,s023,30,1.5289,true,,834.3413642071903,1.1856869988493475,1.3123,17.1
hexspline_cl,s024,100,10.8850,true,,946.9517691049441,6.377292126007892,1.0303,18.6
hexspline_cl,s024,90,9.7965,true,,946.9528666252364,6.329606072311598,1.0303,18.5
hexspline_cl,s024,80,8.7080,true,,946.9537772352397,6.270586237636554,1.0303,18.6
hexspline_cl,s024,70,7.6195,true,,946.9558765468745,6.1730931364841455,1.0303,18.4
hexspline_cl,s024,60,6.5310,true,,946.9591433087429,6.028461831747524,1.0304,18.3
hexspline_cl,s024,50,5.4425,true,,953.2171998039364,5.442493421147006,1.0372,18.4
hexspline_cl,s024,40,4.3540,false,recovery_failed,1004.2015064666963,4.3951200899604705,,91.2
hexspline_cl,s024,30,3.2655,false,not_run_after_fail,,,,0.0
hexspline_cl,s025,100,5.2959,true,,816.9956941718991,4.463550983414588,1.0744,17.6
hexspline_cl,s025,90,4.7663,true,,848.6233522624271,1.999481023460646,1.1160,17.5
hexspline_cl,s025,80,4.2367,true,,848.7129163886457,2.0010353920110004,1.1161,17.4
hexspline_cl,s025,70,3.7071,true,,854.5884943560302,1.4975437982490865,1.1238,17.0
hexspline_cl,s025,60,3.1775,true,,854.589145334864,1.5052029742261293,1.1238,17.1
hexspline_cl,s025,50,2.6480,true,,849.9939467653455,1.8433616715299437,1.1178,17.4
hexspline_cl,s025,40,2.1184,true,,854.594144298224,1.497451793267357,1.1239,17.0
hexspline_cl,s025,30,1.5888,true,,854.6343215928496,1.4953775019169635,1.1239,16.9
hexspline_cl,s028,100,5.3112,true,,1004.7355331663507,4.0685789306888935,1.2902,17.6
hexspline_cl,s028,90,4.7800,true,,1004.7355331663507,4.0685789306888935,1.2902,17.6
hexspline_cl,s028,80,4.2489,true,,1004.7355331663507,4.0685789306888935,1.2902,17.6
hexspline_cl,s028,70,3.7178,true,,1003.3791131022858,3.653877811761659,1.2885,17.6
hexspline_cl,s028,60,3.1867,true,,1123.5072520935273,1.549720539532406,1.4427,18.0
hexspline_cl,s028,50,2.6556,true,,1123.5072520935273,1.549720539532406,1.4427,17.6
hexspline_cl,s028,40,2.1245,true,,1123.5072520935273,1.549720539532406,1.4427,17.7
hexspline_cl,s028,30,1.5933,true,,1123.5072520935273,1.549720539532406,1.4427,17.7
hexspline_cl,s029,100,5.0016,true,,1117.2335367821295,2.9309753424350604,1.1277,19.4
hexspline_cl,s029,90,4.5014,true,,1114.1875308949905,2.934221824751252,1.1246,19.5
hexspline_cl,s029,80,4.0013,true,,1115.4923677612408,3.109427808550683,1.1259,19.4
hexspline_cl,s029,70,3.5011,true,,1113.713388595977,3.4245167162947334,1.1241,19.2
hexspline_cl,s029,60,3.0010,true,,1125.2898374682109,1.5636369068205813,1.1358,19.8
hexspline_cl,s029,50,2.5008,true,,1125.1877332771196,1.5568870740051601,1.1357,19.2
hexspline_cl,s029,40,2.0006,true,,1125.0036687176532,1.535916369753951,1.1355,19.3
hexspline_cl,s029,30,1.5005,true,,1125.1280972564512,1.5004811936774205,1.1357,18.9
hexspline_cl,s030,100,8.7501,true,,895.7104972939449,5.282585951894595,1.0958,18.4
hexspline_cl,s030,90,7.8751,true,,892.2793489204396,5.0831252172258665,1.0916,18.5
hexspline_cl,s030,80,7.0001,true,,892.4709442899275,5.097453163315944,1.0918,18.3
hexspline_cl,s030,70,6.1250,true,,890.824335279621,5.355931066810518,1.0898,18.1
hexspline_cl,s030,60,5.2500,true,,856.3038767813824,5.2500395898009655,1.0476,17.9
hexspline_cl,s030,50,4.3750,true,,940.2794358938608,3.8392565959395784,1.1503,17.4
hexspline_cl,s030,40,3.5000,false,recovery_failed,1470.950229419238,3.528306018315547,,80.4
hexspline_cl,s030,30,2.6250,false,not_run_after_fail,,,,0.0
hexspline_cl,s031,100,8.7490,true,,1096.0110562900634,5.040495431775648,1.1867,19.9
hexspline_cl,s031,90,7.8741,true,,1096.0161603757454,5.037484764713327,1.1867,19.7
hexspline_cl,s031,80,6.9992,true,,1096.0553122593515,5.013227212274991,1.1868,19.7
hexspline_cl,s031,70,6.1243,true,,1095.650684535772,5.022450142205448,1.1863,20.0
hexspline_cl,s031,60,5.2494,true,,1092.1125276735781,4.831224429556185,1.1825,20.1
hexspline_cl,s031,50,4.3745,false,recovery_failed,1154.735533166351,5.096320579726213,,98.8
hexspline_cl,s031,40,3.4996,false,not_run_after_fail,,,,0.0
hexspline_cl,s031,30,2.6247,false,not_run_after_fail,,,,0.0
hexspline_cl,s032,100,7.4877,true,,1083.5249685912045,5.185386187801704,1.1242,19.4
hexspline_cl,s032,90,6.7389,true,,1081.8534591457324,5.201410796019339,1.1225,19.2
hexspline_cl,s032,80,5.9901,true,,1059.116232504565,5.2999816657839425,1.0989,19.6
hexspline_cl,s032,70,5.2414,true,,1110.7037925202183,5.046742065196827,1.1524,19.2
hexspline_cl,s032,60,4.4926,true,,1237.6460014651873,3.7584532008819536,1.2841,28.1
hexspline_cl,s032,50,3.7438,false,recovery_failed,1271.6813753351225,3.75845103834127,,93.1
hexspline_cl,s032,40,2.9951,false,not_run_after_fail,,,,0.0
hexspline_cl,s032,30,2.2463,false,not_run_after_fail,,,,0.0
hexspline_cl,s033,100,5.6674,true,,879.5553184625434,5.326375711893602,1.1742,18.7
hexspline_cl,s033,90,5.1006,true,,886.792876857232,4.596337431624707,1.1839,18.5
hexspline_cl,s033,80,4.5339,true,,918.9464720350352,3.990575192985726,1.2268,18.3
hexspline_cl,s033,70,3.9672,true,,959.346289203178,3.9651471225608175,1.2807,18.0
hexspline_cl,s033,60,3.4004,true,,1391.808167391804,1.3801157113485862,1.8581,27.9
hexspline_cl,s033,50,2.8337,true,,1391.6389197686874,1.3802642471811792,1.8578,27.7
hexspline_cl,s033,40,2.2670,true,,1392.3863497506495,1.3810130723711314,1.8588,28.5
hexspline_cl,s033,30,1.7002,true,,1394.274592276552,1.3908111778225012,1.8614,27.2
hexspline_cl,s035,100,8.7092,true,,899.3473475184716,5.228304439546589,1.0336,18.5
hexspline_cl,s035,90,7.8383,true,,900.0792165153548,5.240467736782896,1.0345,18.5
hexspline_cl,s035,80,6.9674,true,,902.9230571510601,5.168662126487984,1.0377,18.6
hexspline_cl,s035,70,6.0964,true,,902.7749688415139,5.281149566935982,1.0376,18.5
hexspline_cl,s035,60,5.2255,true,,1107.5092390730342,5.22552782145661,1.2729,85.1
hexspline_cl,s035,50,4.3546,false,recovery_failed,1110.514137013222,5.193804061907669,,76.9
hexspline_cl,s035,40,3.4837,false,not_run_after_fail,,,,0.0
hexspline_cl,s035,30,2.6128,false,not_run_after_fail,,,,0.0
hexspline_cl,s036,100,5.3877,true,,854.7355331663507,5.386751611884702,1.2065,17.6
hexspline_cl,s036,90,4.8489,true,,838.7869031286863,4.088443954345111,1.1839,17.6
hexspline_cl,s036,80,4.3101,true,,850.9583489588713,3.184801570857202,1.2011,17.5
hexspline_cl,s036,70,3.7714,true,,854.7355331663507,1.7649014672369299,1.2065,17.0
hexspline_cl,s036,60,3.2326,true,,854.7355331663507,1.7649014672369299,1.2065,17.0
hexspline_cl,s036,50,2.6938,true,,854.7355331663507,1.7649014672369299,1.2065,17.0
hexspline_cl,s036,40,2.1551,true,,854.7355331663507,1.7649014672369299,1.2065,16.9
hexspline_cl,s036,30,1.6163,false,recovery_failed,854.7355331663507,1.7649014672369299,,78.7
hexspline_cl,s037,100,5.8289,true,,1255.262472806267,5.473543813087516,1.1948,27.0
hexspline_cl,s037,90,5.2460,true,,1260.6309703939182,5.245990007974745,1.1999,26.3
hexspline_cl,s037,80,4.6631,true,,1267.9792426076149,4.571900860426981,1.2069,26.2
hexspline_cl,s037,70,4.0802,true,,1373.1503471658573,3.657486187629644,1.3070,39.4
hexspline_cl,s037,60,3.4973,true,,1365.161715589575,3.3022514500859574,1.2994,90.5
hexspline_cl,s037,50,2.9144,true,,1362.7606581024552,2.9144391238392546,1.2972,90.5
hexspline_cl,s037,40,2.3316,false,recovery_failed,1369.8075713831863,2.645393795413967,,88.3
hexspline_cl,s037,30,1.7487,false,not_run_after_fail,,,,0.0
hexspline_cl,s038,100,9.7823,true,,1084.5743697991743,6.408270497750753,1.0931,18.7
hexspline_cl,s038,90,8.8041,true,,1084.5956297082146,6.405920102419328,1.0931,18.9
hexspline_cl,s038,80,7.8259,true,,1084.7040876681515,6.3723847847653206,1.0932,18.8
hexspline_cl,s038,70,6.8476,true,,1138.6773551532972,6.662490310080385,1.1476,18.7
hexspline_cl,s038,60,5.8694,false,recovery_failed,1151.3259693746593,6.216810889843119,,85.6
hexspline_cl,s038,50,4.8912,false,not_run_after_fail,,,,0.0
hexspline_cl,s038,40,3.9129,false,not_run_after_fail,,,,0.0
hexspline_cl,s038,30,2.9347,false,not_run_after_fail,,,,0.0
hexspline_cl,s040,100,6.6980,true,,844.2904896217905,6.698046200894538,1.1046,18.4
hexspline_cl,s040,90,6.0282,true,,882.0756279490729,6.028229644593013,1.1541,18.2
hexspline_cl,s040,80,5.3584,true,,891.5266222225791,5.352046229955032,1.1665,18.1
hexspline_cl,s040,70,4.6886,true,,893.6971767244828,4.688629311142039,1.1693,18.1
hexspline_cl,s040,60,4.0188,true,,958.502373038665,3.5736310555131534,1.2541,17.8
hexspline_cl,s040,50,3.3490,true,,1138.8786107337592,1.677382746332725,1.4901,20.2
hexspline_cl,s040,40,2.6792,true,,1138.8786107337592,1.677382746332725,1.4901,19.3
hexspline_cl,s040,30,2.0094,true,,1138.8786107337592,1.677382746332725,1.4901,19.3
hexspline_cl,s043,100,9.5090,true,,887.4215758502748,6.840204752295341,1.1569,18.8
hexspline_cl,s043,90,8.5581,true,,888.1017448163243,6.591801195264119,1.1577,18.7
hexspline_cl,s043,80,7.6072,true,,889.9097580640989,7.192131362343598,1.1601,18.7
hexspline_cl,s043,70,6.6563,true,,979.3463771726867,4.763661285800291,1.2767,18.6
hexspline_cl,s043,60,5.7054,true,,1123.507252093527,5.219989633301975,1.4646,20.5
hexspline_cl,s043,50,4.7545,false,recovery_failed,1138.8786107337592,5.116696420426597,,76.1
hexspline_cl,s043,40,3.8036,false,not_run_after_fail,,,,0.0
hexspline_cl,s043,30,2.8527,false,not_run_after_fail,,,,0.0
hexspline_cl,s045,100,8.7808,true,,985.3866838643295,6.007575653171747,1.2191,19.1
hexspline_cl,s045,90,7.9027,true,,979.8552212780365,5.763540221140126,1.2122,19.3
hexspline_cl,s045,80,7.0246,true,,1030.917129885523,3.674083679683503,1.2754,18.5
hexspline_cl,s045,70,6.1466,true,,1024.0218637819482,3.7444654152628907,1.2669,18.5
hexspline_cl,s045,60,5.2685,true,,1050.3090666334986,4.468314524537825,1.2994,18.5
hexspline_cl,s045,50,4.3904,true,,1109.5808063953698,3.9625556155077284,1.3727,18.5
hexspline_cl,s045,40,3.5123,false,recovery_failed,1490.6848738927226,3.7284069777834126,,82.7
hexspline_cl,s045,30,2.6342,false,not_run_after_fail,,,,0.0
hexspline_cl,s046,100,10.0078,true,,1138.459880211453,6.930778996809287,1.1250,35.3
hexspline_cl,s046,90,9.0070,true,,1138.2558821963694,6.944908555934708,1.1248,35.1
hexspline_cl,s046,80,8.0062,true,,1138.1942660585516,6.908902542754702,1.1248,36.9
hexspline_cl,s046,70,7.0055,true,,1172.7665972003326,6.416542278727887,1.1589,36.5
hexspline_cl,s046,60,6.0047,true,,1395.5197954616003,4.03542311749972,1.3790,97.4
hexspline_cl,s046,50,5.0039,true,,1395.5197954616003,4.03542311749972,1.3790,92.7
hexspline_cl,s046,40,4.0031,false,recovery_failed,1395.5197954616003,4.03542311749972,,94.5
hexspline_cl,s046,30,3.0023,false,not_run_after_fail,,,,0.0
hexspline_cl,s047,100,5.8596,true,,1011.7349627541577,4.6081313646741355,1.4169,17.2
hexspline_cl,s047,90,5.2736,true,,1011.7349627541577,4.6081313646741355,1.4169,17.2
hexspline_cl,s047,80,4.6877,true,,1011.7349627541577,4.6081313646741355,1.4169,17.3
hexspline_cl,s047,70,4.1017,true,,1188.2639120805945,4.059426071966234,1.6642,20.1
hexspline_cl,s047,60,3.5158,false,recovery_failed,1787.2562868451837,3.627874123989221,,100.8
hexspline_cl,s047,50,2.9298,false,not_run_after_fail,,,,0.0
hexspline_cl,s047,40,2.3438,false,not_run_after_fail,,,,0.0
hexspline_cl,s047,30,1.7579,false,not_run_after_fail,,,,0.0
hexspline_cl,s048,100,6.4952,true,,941.4598444702094,3.1668846740366865,1.0146,18.4
hexspline_cl,s048,90,5.8457,true,,942.6419438990696,3.0655249595940677,1.0159,18.4
hexspline_cl,s048,80,5.1962,true,,946.1930347230076,2.909610707758327,1.0197,18.2
hexspline_cl,s048,70,4.5467,true,,1002.4529918885748,4.489748086278614,1.0803,17.5
hexspline_cl,s048,60,3.8971,true,,1106.8744076749972,3.1159026503342884,1.1928,18.9
hexspline_cl,s048,50,3.2476,true,,1089.155666192753,3.109640540062621,1.1738,19.1
hexspline_cl,s048,40,2.5981,false,recovery_failed,1105.6948264621967,2.9539334853596206,,96.7
hexspline_cl,s048,30,1.9486,false,not_run_after_fail,,,,0.0
hexspline_cl,s049,100,11.4189,true,,929.8585441484374,7.202696693618264,1.0111,18.3
hexspline_cl,s049,90,10.2770,true,,929.9877311965446,7.203258616853911,1.0112,18.4
hexspline_cl,s049,80,9.1351,true,,932.3687115243808,7.196866889289381,1.0138,18.2
hexspline_cl,s049,70,7.9932,true,,932.6417980124903,7.146122575796848,1.0141,18.2
hexspline_cl,s049,60,6.8513,true,,931.5067604073694,6.583787691606477,1.0129,18.2
hexspline_cl,s049,50,5.7094,true,,945.4470608536154,5.709431897080588,1.0280,18.2
hexspline_cl,s049,40,4.5675,true,,962.9034198725257,4.567545858221081,1.0470,18.1
hexspline_cl,s049,30,3.4257,false,recovery_failed,1116.989205333101,3.47429093957515,,84.0
hexspline_cl,s050,100,8.9086,true,,967.8597036856867,7.449806791181486,1.1990,17.8
hexspline_cl,s050,90,8.0177,true,,960.5934247662329,7.390580171759395,1.1900,18.2
hexspline_cl,s050,80,7.1269,true,,961.2612469629735,7.126879456871054,1.1908,17.8
hexspline_cl,s050,70,6.2360,true,,980.200589078882,6.236019697216807,1.2143,17.7
hexspline_cl,s050,60,5.3452,true,,984.6512723032705,4.795873157906499,1.2198,17.5
hexspline_cl,s050,50,4.4543,true,,975.3367997777789,4.02884330450581,1.2082,17.5
hexspline_cl,s050,40,3.5634,true,,984.6512723032705,3.532222686875282,1.2198,17.4
hexspline_cl,s050,30,2.6726,true,,1397.2611235259355,1.3363895221486584,1.7309,24.3
hexspline_cl,s053,100,5.9518,true,,783.5165270059663,4.301563796372255,1.1053,17.6
hexspline_cl,s053,90,5.3566,true,,783.1734343341343,4.173549899192862,1.1048,17.6
hexspline_cl,s053,80,4.7614,true,,783.3337826063876,4.091339651973246,1.1051,17.6
hexspline_cl,s053,70,4.1662,true,,834.3413642071903,2.806493968223654,1.1770,17.4
hexspline_cl,s053,60,3.5711,true,,834.3413642071903,2.806493968223654,1.1770,17.5
hexspline_cl,s053,50,2.9759,true,,834.3413642071903,2.806493968223654,1.1770,17.5
hexspline_cl,s053,40,2.3807,true,,817.8401812201314,2.219777100629436,1.1537,17.3
hexspline_cl,s053,30,1.7855,false,recovery_failed,834.7478438836259,2.2071106202289585,,78.2
hexspline_cl,s055,100,5.0483,true,,1041.1856598637091,5.010258207155945,1.0512,19.6
hexspline_cl,s055,90,4.5435,true,,1154.735533166351,4.3349200680146485,1.1658,18.9
hexspline_cl,s055,80,4.0386,true,,1144.8684515468324,3.7239834870781015,1.1558,19.6
hexspline_cl,s055,70,3.5338,true,,1154.735533166351,1.9657771561090343,1.1658,19.4
hexspline_cl,s055,60,3.0290,true,,1154.735533166351,1.9657771561090343,1.1658,19.4
hexspline_cl,s055,50,2.5241,true,,1154.735533166351,1.9657771561090343,1.1658,19.0
hexspline_cl,s055,40,2.0193,true,,1154.735533166351,1.9657771561090343,1.1658,18.6
hexspline_cl,s055,30,1.5145,true,,1379.1740297421393,1.325987637443701,1.3924,44.5
hexspline_cl,s057,100,5.1397,true,,907.4938765852526,3.8573933393491635,0.8811,18.2
hexspline_cl,s057,90,4.6257,true,,990.788746235745,3.54627526932619,0.9619,17.4
hexspline_cl,s057,80,4.1118,true,,991.1074421526674,3.6653530190919414,0.9622,17.3
hexspline_cl,s057,70,3.5978,true,,1068.2178343857538,2.0968650119124326,1.0371,17.9
hexspline_cl,s057,60,3.0838,true,,1068.3616769498576,2.1412782834862796,1.0372,17.9
hexspline_cl,s057,50,2.5699,true,,1068.4576833716906,2.1776771117673093,1.0373,17.8
hexspline_cl,s057,40,2.0559,true,,1074.3264424725191,1.2228465553176047,1.0430,17.9
hexspline_cl,s057,30,1.5419,true,,1074.3264424725191,1.2228465553176047,1.0430,17.3
hexspline_cl,s058,100,6.9173,true,,813.3674765972866,5.454757440363457,1.2789,17.7
hexspline_cl,s058,90,6.2256,true,,813.5814799152413,5.445511050183884,1.2793,17.7
hexspline_cl,s058,80,5.5338,true,,848.3208379912714,4.733375407934416,1.3339,17.6
hexspline_cl,s058,70,4.8421,true,,1615.5760301314472,3.681496146595956,2.5403,55.6
hexspline_cl,s058,60,4.1504,true,,1615.5760301314472,3.681496146595956,2.5403,55.3
hexspline_cl,s058,50,3.4586,false,recovery_failed,1634.2632582417784,3.4935551956292112,,90.5
hexspline_cl,s058,40,2.7669,false,not_run_after_fail,,,,0.0
hexspline_cl,s058,30,2.0752,false,not_run_after_fail,,,,0.0
hexspline_cl,s060,100,7.4188,true,,704.2015064666964,4.374419994149097,1.1177,17.0
hexspline_cl,s060,90,6.6769,true,,704.2015064666964,4.374419994149097,1.1177,17.0
hexspline_cl,s060,80,5.9351,true,,704.2015064666964,4.374419994149097,1.1177,17.0
hexspline_cl,s060,70,5.1932,true,,704.2015064666964,4.374419994149097,1.1177,17.1
hexspline_cl,s060,60,4.4513,true,,704.2015064666964,4.374419994149097,1.1177,17.1
hexspline_cl,s060,50,3.7094,true,,1519.9614894600559,3.5136335054502355,2.4124,28.7
hexspline_cl,s060,40,2.9675,false,recovery_failed,1788.4752768980986,3.560406175980616,,83.2
hexspline_cl,s060,30,2.2256,false,not_run_after_fail,,,,0.0
hexspline_cl,s061,100,8.9677,true,,697.6858398587972,6.536819879423238,1.1235,17.9
hexspline_cl,s061,90,8.0709,true,,699.6356343348473,6.288852569757093,1.1267,17.9
hexspline_cl,s061,80,7.1741,true,,699.4024480587184,6.130132054165211,1.1263,18.1
hexspline_cl,s061,70,6.2774,true,,704.2015064666964,4.909804366849718,1.1340,17.4
hexspline_cl,s061,60,5.3806,true,,704.2015064666964,4.909804366849718,1.1340,17.5
hexspline_cl,s061,50,4.4838,true,,676.5111743878279,3.034263381873479,1.0894,17.7
hexspline_cl,s061,40,3.5871,true,,704.2015064666964,3.5860352335612036,1.1340,17.0
hexspline_cl,s061,30,2.6903,true,,817.8401812201314,1.325520499239908,1.3170,17.1
hexspline_cl,s062,100,5.2141,true,,968.4104886644006,5.214056927203735,1.2023,23.6
hexspline_cl,s062,90,4.6927,true,,1161.5972724272765,3.0086450941808387,1.4421,22.8
hexspline_cl,s062,80,4.1712,true,,1158.3324925612958,3.048703512509428,1.4380,23.2
hexspline_cl,s062,70,3.6498,true,,1162.7876988664043,3.5110369393475027,1.4436,22.3
hexspline_cl,s062,60,3.1284,true,,1162.7876988664043,1.490090680889307,1.4436,22.5
hexspline_cl,s062,50,2.6070,true,,1162.7876988664043,1.490090680889307,1.4436,21.9
hexspline_cl,s062,40,2.0856,true,,1162.7876988664043,1.490090680889307,1.4436,21.8
hexspline_cl,s062,30,1.5642,true,,1162.7876988664043,1.490090680889307,1.4436,21.7
hexspline_cl,s063,100,5.2198,true,,1162.7876988664043,1.8517678975902852,1.1431,19.2
hexspline_cl,s063,90,4.6978,true,,1162.7876988664043,1.8517678975902852,1.1431,19.1
hexspline_cl,s063,80,4.1758,true,,1162.7876988664043,1.8517678975902852,1.1431,19.1
hexspline_cl,s063,70,3.6539,true,,1162.7876988664043,1.8517678975902852,1.1431,19.3
hexspline_cl,s063,60,3.1319,true,,1162.7876988664043,1.8517678975902852,1.1431,19.2
hexspline_cl,s063,50,2.6099,true,,1162.7876988664043,1.8517678975902852,1.1431,19.3
hexspline_cl,s063,40,2.0879,true,,1162.7876988664043,1.8517678975902852,1.1431,19.2
hexspline_cl,s063,30,1.5659,false,recovery_failed,1162.7876988664043,1.8517678975902852,,78.7
hexspline_cl,s064,100,10.1594,true,,908.225437152033,6.405926348795082,1.1283,18.3
hexspline_cl,s064,90,9.1435,true,,908.2947360663514,6.410144970551175,1.1284,18.2
hexspline_cl,s064,80,8.1275,true,,908.504890518003,6.42339088129201,1.1287,18.4
hexspline_cl,s064,70,7.1116,true,,912.1048133096808,6.492773271414474,1.1332,18.4
hexspline_cl,s064,60,6.0956,true,,1105.6874412063883,5.3102320131374015,1.3737,20.1
hexspline_cl,s064,50,5.0797,true,,1107.2333359475283,4.583823822406466,1.3756,20.4
hexspline_cl,s064,40,4.0638,true,,1133.1106574194073,3.729066571730363,1.4077,19.7
hexspline_cl,s064,30,3.0478,true,,1138.8786107337592,1.4296607024477181,1.4149,19.0
hexspline_cl,s066,100,5.3454,true,,811.4133924716758,1.9834503174583955,1.3094,17.9
hexspline_cl,s066,90,4.8109,true,,811.415915600083,1.9824345477575016,1.3094,17.9
hexspline_cl,s066,80,4.2763,true,,854.7355331663507,1.617787023931843,1.3793,17.0
hexspline_cl,s066,70,3.7418,true,,854.7355331663507,1.617787023931843,1.3793,17.0
hexspline_cl,s066,60,3.2073,true,,854.7355331663507,1.617787023931843,1.3793,17.1
hexspline_cl,s066,50,2.6727,true,,854.7355331663507,1.617787023931843,1.3793,17.1
hexspline_cl,s066,40,2.1382,true,,854.7355331663507,1.617787023931843,1.3793,17.0
hexspline_cl,s066,30,1.6036,false,recovery_failed,1636.203550732937,1.6176030166925606,,83.0
hexspline_cl,s067,100,9.1966,true,,968.9558939559955,5.077179606873144,1.0989,20.2
hexspline_cl,s067,90,8.2770,true,,968.7332513682276,5.02524373194624,1.0987,20.3
hexspline_cl,s067,80,7.3573,true,,968.6452192986213,4.988752858311213,1.0986,20.0
hexspline_cl,s067,70,6.4376,true,,969.6265872541887,4.700517785932253,1.0997,20.3
hexspline_cl,s067,60,5.5180,true,,1128.4539703119947,5.066749083739618,1.2798,20.1
hexspline_cl,s067,50,4.5983,false,recovery_failed,1093.079623408311,5.066736167624242,,81.7
hexspline_cl,s067,40,3.6786,false,not_run_after_fail,,,,0.0
hexspline_cl,s067,30,2.7590,false,not_run_after_fail,,,,0.0
hexspline_cl,s068,100,4.9268,true,,749.5771994478141,1.0608651619165204,1.0996,17.7
hexspline_cl,s068,90,4.4341,true,,754.4052981398522,1.2033588661494898,1.1067,17.7
hexspline_cl,s068,80,3.9414,true,,817.8401812201314,1.0196095444524396,1.1998,17.6
hexspline_cl,s068,70,3.4488,true,,817.8401812201314,1.0196095444524396,1.1998,17.4
hexspline_cl,s068,60,2.9561,true,,817.8401812201314,1.0196095444524396,1.1998,17.4
hexspline_cl,s068,50,2.4634,true,,817.8401812201314,1.0196095444524396,1.1998,17.3
hexspline_cl,s068,40,1.9707,true,,817.8401812201314,1.0196095444524396,1.1998,17.3
hexspline_cl,s068,30,1.4780,true,,817.8401812201314,1.0196095444524396,1.1998,17.1
hexspline_cl,s069,100,5.0933,true,,928.6046589571289,2.7812218119570358,1.0773,18.4
hexspline_cl,s069,90,4.5840,true,,969.3611862626667,3.698955968979785,1.1246,17.6
hexspline_cl,s069,80,4.0746,true,,969.3611862626667,3.698955968979785,1.1246,17.3
hexspline_cl,s069,70,3.5653,true,,969.3611862626667,3.4628985895460542,1.1246,17.1
hexspline_cl,s069,60,3.0560,true,,1397.2611235259355,1.1778386040837183,1.6210,21.4
hexspline_cl,s069,50,2.5467,true,,1397.2611235259355,1.1778386040837183,1.6210,21.3
hexspline_cl,s069,40,2.0373,true,,1397.2611235259355,1.1778386040837183,1.6210,21.8
hexspline_cl,s069,30,1.5280,true,,1397.2611235259355,1.1778386040837183,1.6210,21.8
hexspline_cl,s070,100,9.7873,true,,1035.3828115591475,6.612172526094576,1.0844,20.1
hexspline_cl,s070,90,8.8086,true,,1103.3219966857425,7.330585600271084,1.1556,19.1
hexspline_cl,s070,80,7.8299,true,,1162.7876988664043,3.5624139648691218,1.2179,19.5
hexspline_cl,s070,70,6.8511,true,,1162.7876988664043,3.5624139648691218,1.2179,19.0
hexspline_cl,s070,60,5.8724,true,,1162.7876988664043,3.5624139648691218,1.2179,18.9
hexspline_cl,s070,50,4.8937,true,,1162.7876988664043,3.5624139648691218,1.2179,19.0
hexspline_cl,s070,40,3.9149,true,,1162.7876988664043,3.5624139648691218,1.2179,18.8
hexspline_cl,s070,30,2.9362,false,recovery_failed,1397.2611235259355,3.562399743931621,,74.0
hexspline_cl,s073,100,5.1636,true,,792.6270425871364,3.3741677157503696,1.2043,17.8
hexspline_cl,s073,90,4.6472,true,,798.454206479527,3.8590106715187886,1.2132,17.6
hexspline_cl,s073,80,4.1309,true,,834.3413642071903,1.3218774732338914,1.2677,17.6
hexspline_cl,s073,70,3.6145,true,,834.3413642071903,1.3218774732338914,1.2677,17.5
hexspline_cl,s073,60,3.0981,true,,834.3413642071903,1.3218774732338914,1.2677,17.5
hexspline_cl,s073,50,2.5818,true,,834.3413642071903,1.3218774732338914,1.2677,17.5
hexspline_cl,s073,40,2.0654,true,,834.3413642071903,1.3218774732338914,1.2677,17.3
hexspline_cl,s073,30,1.5491,true,,834.3413642071903,1.3218774732338914,1.2677,17.0
hexspline_cl,s075,100,5.6962,true,,709.0666461099336,3.860483095613781,1.0835,17.8
hexspline_cl,s075,90,5.1266,true,,717.104806431569,4.0526544919490854,1.0958,17.8
hexspline_cl,s075,80,4.5570,true,,718.2177723845406,4.088652666055801,1.0975,17.6
hexspline_cl,s075,70,3.9874,true,,834.3413642071903,3.758040800758687,1.2750,16.9
hexspline_cl,s075,60,3.4177,true,,1120.1603702925875,1.4422105273400596,1.7118,17.6
hexspline_cl,s075,50,2.8481,true,,1120.1603702925875,1.4422105273400596,1.7118,17.6
hexspline_cl,s075,40,2.2785,true,,1120.1603702925875,1.4422105273400596,1.7118,17.5
hexspline_cl,s075,30,1.7089,true,,1120.1603702925875,1.4422105273400596,1.7118,17.5
hexspline_cl,s079,100,8.3152,true,,1057.7032381912727,5.47197384169183,1.1275,20.9
hexspline_cl,s079,90,7.4837,true,,1058.7487905757812,5.382094999082425,1.1286,20.0
hexspline_cl,s079,80,6.6521,true,,1078.054071694838,4.964482235405899,1.1492,19.7
hexspline_cl,s079,70,5.8206,true,,1059.3864607677626,5.202591699735327,1.1293,19.8
hexspline_cl,s079,60,4.9891,true,,1057.817795739495,4.412150923220854,1.1276,21.0
hexspline_cl,s079,50,4.1576,false,recovery_failed,1154.735533166351,4.791753002006811,,92.5
hexspline_cl,s079,40,3.3261,false,not_run_after_fail,,,,0.0
hexspline_cl,s079,30,2.4946,false,not_run_after_fail,,,,0.0
hexspline_cl,s080,100,9.1105,true,,1096.370641312987,4.7006279359697105,1.2180,53.5
hexspline_cl,s080,90,8.1994,true,,1094.8825845964748,4.720557790119605,1.2164,52.4
hexspline_cl,s080,80,7.2884,true,,1093.8498674626364,4.737167544523585,1.2152,52.9
hexspline_cl,s080,70,6.3773,true,,1091.229638732958,4.798697644380952,1.2123,53.6
hexspline_cl,s080,60,5.4663,true,,1199.019000425961,4.500824000572685,1.3321,101.1
hexspline_cl,s080,50,4.5552,true,,1192.3932885495058,4.003862949573077,1.3247,106.3
hexspline_cl,s080,40,3.6442,true,,1194.9805267523468,3.6324688577266997,1.3276,94.8
hexspline_cl,s080,30,2.7331,false,recovery_failed,1193.04339451516,3.5524818820850435,,97.6
hexspline_cl,s081,100,5.2657,true,,927.361473959588,3.8273420892682863,1.1542,18.9
hexspline_cl,s081,90,4.7391,true,,930.9180042905435,3.8749585047196566,1.1586,18.9
hexspline_cl,s081,80,4.2125,true,,944.6145023875204,3.865047977614874,1.1757,19.0
hexspline_cl,s081,70,3.6860,true,,965.9364692208541,3.6037818590664052,1.2022,17.9
hexspline_cl,s081,60,3.1594,true,,1138.8786107337592,1.6218508788418968,1.4175,19.9
hexspline_cl,s081,50,2.6328,true,,1138.8786107337592,1.6218508788418968,1.4175,19.6
hexspline_cl,s081,40,2.1063,true,,1138.8786107337592,1.6218508788418968,1.4175,19.7
hexspline_cl,s081,30,1.5797,false,recovery_failed,1375.4355345985196,1.6218508780824752,,77.2
hexspline_cl,s082,100,5.1178,true,,1004.7355331663507,3.565404818751446,1.2813,17.6
hexspline_cl,s082,90,4.6060,true,,1004.7355331663507,3.565404818751446,1.2813,17.6
hexspline_cl,s082,80,4.0943,true,,1004.7355331663507,3.565404818751446,1.2813,17.6
hexspline_cl,s082,70,3.5825,true,,1004.7355331663507,3.565404818751446,1.2813,17.7
hexspline_cl,s082,60,3.0707,true,,1123.507252093527,1.9738734941061498,1.4328,18.5
hexspline_cl,s082,50,2.5589,true,,1123.507252093527,1.9738734941061498,1.4328,18.4
hexspline_cl,s082,40,2.0471,true,,1123.507252093527,1.9738734941061498,1.4328,18.4
hexspline_cl,s082,30,1.5353,true,,1123.507252093527,1.5191945581505546,1.4328,18.6
hexspline_cl,s084,100,6.6722,true,,690.1278599270663,2.9921197926570415,1.1308,17.6
hexspline_cl,s084,90,6.0050,true,,690.3311211817274,2.964036387273868,1.1311,17.6
hexspline_cl,s084,80,5.3378,true,,651.1642051441411,3.8799861633903525,1.0669,17.3
hexspline_cl,s084,70,4.6705,true,,651.5903605583726,3.899161982159602,1.0676,17.4
hexspline_cl,s084,60,4.0033,true,,650.8460750654118,3.152092118766097,1.0664,17.3
hexspline_cl,s084,50,3.3361,true,,854.7355331663507,1.3051780285619359,1.4005,17.1
hexspline_cl,s084,40,2.6689,true,,854.7355331663507,1.3051780285619359,1.4005,17.1
hexspline_cl,s084,30,2.0017,true,,854.7355331663507,1.3051780285619359,1.4005,16.8
greedy,s002,100,6.7390,true,,702.8765800490903,6.048616009466787,1.1637,14.7
greedy,s002,90,6.0651,true,,703.3764005124049,6.018578164040527,1.1646,14.8
greedy,s002,80,5.3912,false,recovery_failed,704.2015064666964,6.015245172246267,,15.1
greedy,s002,70,4.7173,false,not_run_after_fail,,,,0.0
greedy,s002,60,4.0434,false,not_run_after_fail,,,,0.0
greedy,s002,50,3.3695,false,not_run_after_fail,,,,0.0
greedy,s002,40,2.6956,false,not_run_after_fail,,,,0.0
greedy,s002,30,2.0217,false,not_run_after_fail,,,,0.0
greedy,s004,100,5.3423,true,,1004.6294444790959,5.340084264119987,1.2555,15.1
greedy,s004,90,4.8080,false,recovery_failed,1004.7355331663507,5.342223198863431,,15.0
greedy,s004,80,4.2738,false,not_run_after_fail,,,,0.0
greedy,s004,70,3.7396,false,not_run_after_fail,,,,0.0
greedy,s004,60,3.2054,false,not_run_after_fail,,,,0.0
greedy,s004,50,2.6711,false,not_run_after_fail,,,,0.0
greedy,s004,40,2.1369,false,not_run_after_fail,,,,0.0
greedy,s004,30,1.6027,false,not_run_after_fail,,,,0.0
greedy,s007,100,7.1391,true,,947.702538357303,5.405670511210139,1.2120,16.2
greedy,s007,90,6.4252,true,,948.3445670970007,5.486653609427459,1.2128,15.5
greedy,s007,80,5.7113,true,,987.8915858214932,5.711278447549164,1.2634,15.8
greedy,s007,70,4.9974,true,,988.7861339679366,4.997369132799161,1.2646,15.7
greedy,s007,60,4.2835,false,recovery_failed,989.2491015674304,4.847504772398594,,15.6
greedy,s007,50,3.5695,false,not_run_after_fail,,,,0.0
greedy,s007,40,2.8556,false,not_run_after_fail,,,,0.0
greedy,s007,30,2.1417,false,not_run_after_fail,,,,0.0
greedy,s008,100,7.9691,true,,1073.3347306746625,7.314125680220473,1.1105,16.3
greedy,s008,90,7.1722,true,,1100.9133656542842,7.090909659680894,1.1390,16.8
greedy,s008,80,6.3753,true,,1096.6935549718326,6.325497372363254,1.1347,17.1
greedy,s008,70,5.5784,false,recovery_failed,1107.3523637956946,6.192448518886519,,17.4
greedy,s008,60,4.7815,false,not_run_after_fail,,,,0.0
greedy,s008,50,3.9845,false,not_run_after_fail,,,,0.0
greedy,s008,40,3.1876,false,not_run_after_fail,,,,0.0
greedy,s008,30,2.3907,false,not_run_after_fail,,,,0.0
greedy,s012,100,7.5978,true,,1381.0809179525781,7.5899935360890005,1.2274,15.2
greedy,s012,90,6.8380,false,recovery_failed,1381.9326596319568,7.59773679111789,,15.1
greedy,s012,80,6.0783,false,not_run_after_fail,,,,0.0
greedy,s012,70,5.3185,false,not_run_after_fail,,,,0.0
greedy,s012,60,4.5587,false,not_run_after_fail,,,,0.0
greedy,s012,50,3.7989,false,not_run_after_fail,,,,0.0
greedy,s012,40,3.0391,false,not_run_after_fail,,,,0.0
greedy,s012,30,2.2793,false,not_run_after_fail,,,,0.0
greedy,s015,100,6.0115,true,,1154.5662452860745,6.003822127736568,1.1838,15.1
greedy,s015,90,5.4104,false,recovery_failed,1154.735533166351,6.011491103144428,,15.1
greedy,s015,80,4.8092,false,not_run_after_fail,,,,0.0
greedy,s015,70,4.2081,false,not_run_after_fail,,,,0.0
greedy,s015,60,3.6069,false,not_run_after_fail,,,,0.0
greedy,s015,50,3.0058,false,not_run_after_fail,,,,0.0
greedy,s015,40,2.4046,false,not_run_after_fail,,,,0.0
greedy,s015,30,1.8035,false,not_run_after_fail,,,,0.0
greedy,s016,100,5.3298,true,,1269.3730927138258,5.329182901015412,1.3541,15.1
greedy,s016,90,4.7968,false,recovery_failed,1270.1603702925872,5.329820309934315,,15.2
greedy,s016,80,4.2639,false,not_run_after_fail,,,,0.0
greedy,s016,70,3.7309,false,not_run_after_fail,,,,0.0
greedy,s016,60,3.1979,false,not_run_after_fail,,,,0.0
greedy,s016,50,2.6649,false,not_run_after_fail,,,,0.0
greedy,s016,40,2.1319,false,not_run_after_fail,,,,0.0
greedy,s016,30,1.5989,false,not_run_after_fail,,,,0.0
greedy,s017,100,8.9550,true,,1127.5836311418363,8.947178010606057,1.2350,14.7
greedy,s017,90,8.0595,false,recovery_failed,1128.4539703119947,8.953267641703073,,15.2
greedy,s017,80,7.1640,false,not_run_after_fail,,,,0.0
greedy,s017,70,6.2685,false,not_run_after_fail,,,,0.0
greedy,s017,60,5.3730,false,not_run_after_fail,,,,0.0
greedy,s017,50,4.4775,false,not_run_after_fail,,,,0.0
greedy,s017,40,3.5820,false,not_run_after_fail,,,,0.0
greedy,s017,30,2.6865,false,not_run_after_fail,,,,0.0
greedy,s023,100,5.0964,true,,854.5570846819597,5.094016685834052,1.3440,15.1
greedy,s023,90,4.5868,false,recovery_failed,854.7355331663507,5.096240341673834,,15.1
greedy,s023,80,4.0771,false,not_run_after_fail,,,,0.0
greedy,s023,70,3.5675,false,not_run_after_fail,,,,0.0
greedy,s023,60,3.0578,false,not_run_after_fail,,,,0.0
greedy,s023,50,2.5482,false,not_run_after_fail,,,,0.0
greedy,s023,40,2.0386,false,not_run_after_fail,,,,0.0
greedy,s023,30,1.5289,false,not_run_after_fail,,,,0.0
greedy,s024,100,10.8850,true,,985.2046393887432,9.10780821608714,1.0720,14.7
greedy,s024,90,9.7965,true,,985.2536191481114,9.108679064810696,1.0720,14.7
greedy,s024,80,8.7080,false,recovery_failed,985.9515349558135,9.123392910558495,,15.0
greedy,s024,70,7.6195,false,not_run_after_fail,,,,0.0
greedy,s024,60,6.5310,false,not_run_after_fail,,,,0.0
greedy,s024,50,5.4425,false,not_run_after_fail,,,,0.0
greedy,s024,40,4.3540,false,not_run_after_fail,,,,0.0
greedy,s024,30,3.2655,false,not_run_after_fail,,,,0.0
greedy,s025,100,5.2959,true,,854.3877983863187,5.294707285108745,1.1236,15.0
greedy,s025,90,4.7663,false,recovery_failed,854.7355331663507,5.295501107612932,,15.0
greedy,s025,80,4.2367,false,not_run_after_fail,,,,0.0
greedy,s025,70,3.7071,false,not_run_after_fail,,,,0.0
greedy,s025,60,3.1775,false,not_run_after_fail,,,,0.0
greedy,s025,50,2.6480,false,not_run_after_fail,,,,0.0
greedy,s025,40,2.1184,false,not_run_after_fail,,,,0.0
greedy,s025,30,1.5888,false,not_run_after_fail,,,,0.0
greedy,s028,100,5.3112,true,,1004.544333782407,5.308907182473559,1.2900,14.7
greedy,s028,90,4.7800,false,recovery_failed,1004.7355331663507,5.309290620043887,,15.1
greedy,s028,80,4.2489,false,not_run_after_fail,,,,0.0
greedy,s028,70,3.7178,false,not_run_after_fail,,,,0.0
greedy,s028,60,3.1867,false,not_run_after_fail,,,,0.0
greedy,s028,50,2.6556,false,not_run_after_fail,,,,0.0
greedy,s028,40,2.1245,false,not_run_after_fail,,,,0.0
greedy,s028,30,1.5933,false,not_run_after_fail,,,,0.0
greedy,s029,100,5.0016,true,,1119.1756303566526,4.998814988592284,1.1297,15.2
greedy,s029,90,4.5014,false,recovery_failed,1119.361186262667,5.0015760556731905,,15.1
greedy,s029,80,4.0013,false,not_run_after_fail,,,,0.0
greedy,s029,70,3.5011,false,not_run_after_fail,,,,0.0
greedy,s029,60,3.0010,false,not_run_after_fail,,,,0.0
greedy,s029,50,2.5008,false,not_run_after_fail,,,,0.0
greedy,s029,40,2.0006,false,not_run_after_fail,,,,0.0
greedy,s029,30,1.5005,false,not_run_after_fail,,,,0.0
greedy,s030,100,8.7501,true,,966.7959387606164,8.740970218053135,1.1827,15.1
greedy,s030,90,7.8751,false,recovery_failed,966.4190664061966,8.72408562965555,,15.1
greedy,s030,80,7.0001,false,not_run_after_fail,,,,0.0
greedy,s030,70,6.1250,false,not_run_after_fail,,,,0.0
greedy,s030,60,5.2500,false,not_run_after_fail,,,,0.0
greedy,s030,50,4.3750,false,not_run_after_fail,,,,0.0
greedy,s030,40,3.5000,false,not_run_after_fail,,,,0.0
greedy,s030,30,2.6250,false,not_run_after_fail,,,,0.0
greedy,s031,100,8.7490,true,,1119.2013118829525,8.737208833083702,1.2118,15.2
greedy,s031,90,7.8741,false,recovery_failed,1119.1029993947527,8.71281731365712,,15.1
greedy,s031,80,6.9992,false,not_run_after_fail,,,,0.0
greedy,s031,70,6.1243,false,not_run_after_fail,,,,0.0
greedy,s031,60,5.2494,false,not_run_after_fail,,,,0.0
greedy,s031,50,4.3745,false,not_run_after_fail,,,,0.0
greedy,s031,40,3.4996,false,not_run_after_fail,,,,0.0
greedy,s031,30,2.6247,false,not_run_after_fail,,,,0.0
greedy,s032,100,7.4877,false,no_solution,null,null,,13.2
greedy,s032,90,6.7389,false,not_run_after_fail,,,,0.0
greedy,s032,80,5.9901,false,not_run_after_fail,,,,0.0
greedy,s032,70,5.2414,false,not_run_after_fail,,,,0.0
greedy,s032,60,4.4926,false,not_run_after_fail,,,,0.0
greedy,s032,50,3.7438,false,not_run_after_fail,,,,0.0
greedy,s032,40,2.9951,false,not_run_after_fail,,,,0.0
greedy,s032,30,2.2463,false,not_run_after_fail,,,,0.0
greedy,s033,100,5.6674,false,no_solution,null,null,,13.1
greedy,s033,90,5.1006,false,not_run_after_fail,,,,0.0
greedy,s033,80,4.5339,false,not_run_after_fail,,,,0.0
greedy,s033,70,3.9672,false,not_run_after_fail,,,,0.0
greedy,s033,60,3.4004,false,not_run_after_fail,,,,0.0
greedy,s033,50,2.8337,false,not_run_after_fail,,,,0.0
greedy,s033,40,2.2670,false,not_run_after_fail,,,,0.0
greedy,s033,30,1.7002,false,not_run_after_fail,,,,0.0
greedy,s035,100,8.7092,true,,1095.013505218927,7.360973535300177,1.2585,15.5
greedy,s035,90,7.8383,true,,1111.7592037439035,7.686756131809728,1.2778,17.2
greedy,s035,80,6.9674,true,,1111.1681733033847,6.967172222022403,1.2771,15.6
greedy,s035,70,6.0964,false,recovery_failed,1108.07609215843,6.743214196627812,,15.7
greedy,s035,60,5.2255,false,not_run_after_fail,,,,0.0
greedy,s035,50,4.3546,false,not_run_after_fail,,,,0.0
greedy,s035,40,3.4837,false,not_run_after_fail,,,,0.0
greedy,s035,30,2.6128,false,not_run_after_fail,,,,0.0
greedy,s036,100,5.3877,false,no_solution,null,null,,13.1
greedy,s036,90,4.8489,false,not_run_after_fail,,,,0.0
greedy,s036,80,4.3101,false,not_run_after_fail,,,,0.0
greedy,s036,70,3.7714,false,not_run_after_fail,,,,0.0
greedy,s036,60,3.2326,false,not_run_after_fail,,,,0.0
greedy,s036,50,2.6938,false,not_run_after_fail,,,,0.0
greedy,s036,40,2.1551,false,not_run_after_fail,,,,0.0
greedy,s036,30,1.6163,false,not_run_after_fail,,,,0.0
greedy,s037,100,5.8289,false,no_solution,null,null,,13.2
greedy,s037,90,5.2460,false,not_run_after_fail,,,,0.0
greedy,s037,80,4.6631,false,not_run_after_fail,,,,0.0
greedy,s037,70,4.0802,false,not_run_after_fail,,,,0.0
greedy,s037,60,3.4973,false,not_run_after_fail,,,,0.0
greedy,s037,50,2.9144,false,not_run_after_fail,,,,0.0
greedy,s037,40,2.3316,false,not_run_after_fail,,,,0.0
greedy,s037,30,1.7487,false,not_run_after_fail,,,,0.0
greedy,s038,100,9.7823,true,,1135.3398268528806,9.773178299310704,1.1442,15.1
greedy,s038,90,8.8041,false,recovery_failed,1135.8623692497258,9.781966100405977,,15.1
greedy,s038,80,7.8259,false,not_run_after_fail,,,,0.0
greedy,s038,70,6.8476,false,not_run_after_fail,,,,0.0
greedy,s038,60,5.8694,false,not_run_after_fail,,,,0.0
greedy,s038,50,4.8912,false,not_run_after_fail,,,,0.0
greedy,s038,40,3.9129,false,not_run_after_fail,,,,0.0
greedy,s038,30,2.9347,false,not_run_after_fail,,,,0.0
greedy,s040,100,6.6980,true,,941.6363837405155,5.557140176050658,1.2320,15.4
greedy,s040,90,6.0282,true,,941.7832520545444,5.55848896919663,1.2322,15.4
greedy,s040,80,5.3584,true,,969.3611862626667,3.956599671337974,1.2683,14.7
greedy,s040,70,4.6886,true,,969.3611862626667,3.956599671337974,1.2683,14.7
greedy,s040,60,4.0188,true,,969.3611862626667,3.956599671337974,1.2683,14.6
greedy,s040,50,3.3490,false,recovery_failed,969.3611862626667,3.956599671337974,,15.1
greedy,s040,40,2.6792,false,not_run_after_fail,,,,0.0
greedy,s040,30,2.0094,false,not_run_after_fail,,,,0.0
greedy,s043,100,9.5090,true,,969.0555041452857,9.31819814574568,1.2633,14.7
greedy,s043,90,8.5581,false,recovery_failed,969.287674018626,9.298563938444548,,15.1
greedy,s043,80,7.6072,false,not_run_after_fail,,,,0.0
greedy,s043,70,6.6563,false,not_run_after_fail,,,,0.0
greedy,s043,60,5.7054,false,not_run_after_fail,,,,0.0
greedy,s043,50,4.7545,false,not_run_after_fail,,,,0.0
greedy,s043,40,3.8036,false,not_run_after_fail,,,,0.0
greedy,s043,30,2.8527,false,not_run_after_fail,,,,0.0
greedy,s045,100,8.7808,true,,1127.8688215844595,8.771926596152124,1.3954,14.7
greedy,s045,90,7.9027,false,recovery_failed,1128.4539703119947,8.779264061939928,,15.0
greedy,s045,80,7.0246,false,not_run_after_fail,,,,0.0
greedy,s045,70,6.1466,false,not_run_after_fail,,,,0.0
greedy,s045,60,5.2685,false,not_run_after_fail,,,,0.0
greedy,s045,50,4.3904,false,not_run_after_fail,,,,0.0
greedy,s045,40,3.5123,false,not_run_after_fail,,,,0.0
greedy,s045,30,2.6342,false,not_run_after_fail,,,,0.0
greedy,s046,100,10.0078,true,,1277.8517264281213,10.0039245057054,1.2628,15.1
greedy,s046,90,9.0070,false,recovery_failed,1278.453970311995,10.007796427926934,,15.2
greedy,s046,80,8.0062,false,not_run_after_fail,,,,0.0
greedy,s046,70,7.0055,false,not_run_after_fail,,,,0.0
greedy,s046,60,6.0047,false,not_run_after_fail,,,,0.0
greedy,s046,50,5.0039,false,not_run_after_fail,,,,0.0
greedy,s046,40,4.0031,false,not_run_after_fail,,,,0.0
greedy,s046,30,3.0023,false,not_run_after_fail,,,,0.0
greedy,s047,100,5.8596,true,,1011.3965485711273,5.856863851484435,1.4165,15.2
greedy,s047,90,5.2736,false,recovery_failed,1011.7349627541577,5.859603615483402,,15.0
greedy,s047,80,4.6877,false,not_run_after_fail,,,,0.0
greedy,s047,70,4.1017,false,not_run_after_fail,,,,0.0
greedy,s047,60,3.5158,false,not_run_after_fail,,,,0.0
greedy,s047,50,2.9298,false,not_run_after_fail,,,,0.0
greedy,s047,40,2.3438,false,not_run_after_fail,,,,0.0
greedy,s047,30,1.7579,false,not_run_after_fail,,,,0.0
greedy,s048,100,6.4952,true,,1154.0195843465149,6.435671459501092,1.2437,14.6
greedy,s048,90,5.8457,false,recovery_failed,1155.4989514343515,6.415430229512349,,15.1
greedy,s048,80,5.1962,false,not_run_after_fail,,,,0.0
greedy,s048,70,4.5467,false,not_run_after_fail,,,,0.0
greedy,s048,60,3.8971,false,not_run_after_fail,,,,0.0
greedy,s048,50,3.2476,false,not_run_after_fail,,,,0.0
greedy,s048,40,2.5981,false,not_run_after_fail,,,,0.0
greedy,s048,30,1.9486,false,not_run_after_fail,,,,0.0
greedy,s049,100,11.4189,true,,985.473810190887,9.260450764962938,1.0715,14.7
greedy,s049,90,10.2770,true,,985.4848609178537,9.260609160928883,1.0715,14.7
greedy,s049,80,9.1351,false,recovery_failed,985.9515349558134,9.254583882415684,,15.2
greedy,s049,70,7.9932,false,not_run_after_fail,,,,0.0
greedy,s049,60,6.8513,false,not_run_after_fail,,,,0.0
greedy,s049,50,5.7094,false,not_run_after_fail,,,,0.0
greedy,s049,40,4.5675,false,not_run_after_fail,,,,0.0
greedy,s049,30,3.4257,false,not_run_after_fail,,,,0.0
greedy,s050,100,8.9086,true,,984.0685214750063,8.863838692213516,1.2191,14.7
greedy,s050,90,8.0177,false,recovery_failed,984.6512723032705,8.869424587194992,,15.1
greedy,s050,80,7.1269,false,not_run_after_fail,,,,0.0
greedy,s050,70,6.2360,false,not_run_after_fail,,,,0.0
greedy,s050,60,5.3452,false,not_run_after_fail,,,,0.0
greedy,s050,50,4.4543,false,not_run_after_fail,,,,0.0
greedy,s050,40,3.5634,false,not_run_after_fail,,,,0.0
greedy,s050,30,2.6726,false,not_run_after_fail,,,,0.0
greedy,s053,100,5.9518,true,,854.3466392277705,5.864783301189413,1.2052,14.7
greedy,s053,90,5.3566,false,recovery_failed,854.7355331663507,5.869236320582245,,15.0
greedy,s053,80,4.7614,false,not_run_after_fail,,,,0.0
greedy,s053,70,4.1662,false,not_run_after_fail,,,,0.0
greedy,s053,60,3.5711,false,not_run_after_fail,,,,0.0
greedy,s053,50,2.9759,false,not_run_after_fail,,,,0.0
greedy,s053,40,2.3807,false,not_run_after_fail,,,,0.0
greedy,s053,30,1.7855,false,not_run_after_fail,,,,0.0
greedy,s055,100,5.0483,true,,1270.8382171546527,5.0450824482710495,1.2830,15.1
greedy,s055,90,4.5435,false,recovery_failed,1271.8013583159563,5.048299860906524,,15.1
greedy,s055,80,4.0386,false,not_run_after_fail,,,,0.0
greedy,s055,70,3.5338,false,not_run_after_fail,,,,0.0
greedy,s055,60,3.0290,false,not_run_after_fail,,,,0.0
greedy,s055,50,2.5241,false,not_run_after_fail,,,,0.0
greedy,s055,40,2.0193,false,not_run_after_fail,,,,0.0
greedy,s055,30,1.5145,false,not_run_after_fail,,,,0.0
greedy,s057,100,5.1397,true,,1234.33986440703,5.137279230299995,1.1984,15.2
greedy,s057,90,4.6257,false,recovery_failed,1235.2795414328962,5.139716973778728,,15.2
greedy,s057,80,4.1118,false,not_run_after_fail,,,,0.0
greedy,s057,70,3.5978,false,not_run_after_fail,,,,0.0
greedy,s057,60,3.0838,false,not_run_after_fail,,,,0.0
greedy,s057,50,2.5699,false,not_run_after_fail,,,,0.0
greedy,s057,40,2.0559,false,not_run_after_fail,,,,0.0
greedy,s057,30,1.5419,false,not_run_after_fail,,,,0.0
greedy,s058,100,6.9173,true,,854.5358381290973,6.906952338776207,1.3437,14.6
greedy,s058,90,6.2256,false,recovery_failed,854.5963018800151,6.888489100960726,,15.1
greedy,s058,80,5.5338,false,not_run_after_fail,,,,0.0
greedy,s058,70,4.8421,false,not_run_after_fail,,,,0.0
greedy,s058,60,4.1504,false,not_run_after_fail,,,,0.0
greedy,s058,50,3.4586,false,not_run_after_fail,,,,0.0
greedy,s058,40,2.7669,false,not_run_after_fail,,,,0.0
greedy,s058,30,2.0752,false,not_run_after_fail,,,,0.0
greedy,s060,100,7.4188,true,,854.5241395403276,7.410182072923738,1.3563,14.6
greedy,s060,90,6.6769,false,recovery_failed,854.7355331663507,7.417535561772885,,15.0
greedy,s060,80,5.9351,false,not_run_after_fail,,,,0.0
greedy,s060,70,5.1932,false,not_run_after_fail,,,,0.0
greedy,s060,60,4.4513,false,not_run_after_fail,,,,0.0
greedy,s060,50,3.7094,false,not_run_after_fail,,,,0.0
greedy,s060,40,2.9675,false,not_run_after_fail,,,,0.0
greedy,s060,30,2.2256,false,not_run_after_fail,,,,0.0
greedy,s061,100,8.9677,true,,697.7790999844884,4.971649155072709,1.1237,15.4
greedy,s061,90,8.0709,true,,697.268471786527,2.134623645984157,1.1229,15.5
greedy,s061,80,7.1741,true,,698.8752055874011,4.971826231486975,1.1254,15.4
greedy,s061,70,6.2774,true,,699.064911464997,4.9832629357040545,1.1258,15.4
greedy,s061,60,5.3806,true,,699.8396967907387,4.97166160647546,1.1270,15.4
greedy,s061,50,4.4838,true,,698.4532763953407,2.928997898091161,1.1248,15.9
greedy,s061,40,3.5871,true,,699.1947182146215,2.601737737481685,1.1260,15.9
greedy,s061,30,2.6903,true,,698.9613263460141,2.690264619060795,1.1256,15.8
greedy,s062,100,5.2141,true,,1162.1841482838804,5.212331692279349,1.4428,15.1
greedy,s062,90,4.6927,false,recovery_failed,1162.7876988664043,5.213963530716715,,15.1
greedy,s062,80,4.1712,false,not_run_after_fail,,,,0.0
greedy,s062,70,3.6498,false,not_run_after_fail,,,,0.0
greedy,s062,60,3.1284,false,not_run_after_fail,,,,0.0
greedy,s062,50,2.6070,false,not_run_after_fail,,,,0.0
greedy,s062,40,2.0856,false,not_run_after_fail,,,,0.0
greedy,s062,30,1.5642,false,not_run_after_fail,,,,0.0
greedy,s063,100,5.2198,true,,1150.416617426162,4.071743470726862,1.1310,15.7
greedy,s063,90,4.6978,true,,1150.4579540273687,4.0560032470570775,1.1310,15.7
greedy,s063,80,4.1758,true,,1150.9785786580069,3.4283627372961494,1.1315,15.7
greedy,s063,70,3.6539,true,,1157.416409179994,3.6481092588278194,1.1378,17.3
greedy,s063,60,3.1319,true,,1157.8729393301583,3.0413345846198787,1.1383,17.5
greedy,s063,50,2.6099,true,,1160.6540900396003,2.4018109087197486,1.1410,17.5
greedy,s063,40,2.0879,true,,1162.4260282099222,1.9626928603296434,1.1428,17.5
greedy,s063,30,1.5659,true,,1160.657986868805,1.533525000388847,1.1410,17.2
greedy,s064,100,10.1594,true,,968.9284630783842,9.66178755080142,1.2038,14.8
greedy,s064,90,9.1435,false,recovery_failed,969.3611862626665,9.677966366995085,,15.0
greedy,s064,80,8.1275,false,not_run_after_fail,,,,0.0
greedy,s064,70,7.1116,false,not_run_after_fail,,,,0.0
greedy,s064,60,6.0956,false,not_run_after_fail,,,,0.0
greedy,s064,50,5.0797,false,not_run_after_fail,,,,0.0
greedy,s064,40,4.0638,false,not_run_after_fail,,,,0.0
greedy,s064,30,3.0478,false,not_run_after_fail,,,,0.0
greedy,s066,100,5.3454,true,,854.5546293030026,5.3439970287223755,1.3790,15.0
greedy,s066,90,4.8109,false,recovery_failed,854.7355331663507,5.345400986967877,,15.0
greedy,s066,80,4.2763,false,not_run_after_fail,,,,0.0
greedy,s066,70,3.7418,false,not_run_after_fail,,,,0.0
greedy,s066,60,3.2073,false,not_run_after_fail,,,,0.0
greedy,s066,50,2.6727,false,not_run_after_fail,,,,0.0
greedy,s066,40,2.1382,false,not_run_after_fail,,,,0.0
greedy,s066,30,1.6036,false,not_run_after_fail,,,,0.0
greedy,s067,100,9.1966,true,,1128.0755470788233,9.191940627250071,1.2794,15.2
greedy,s067,90,8.2770,false,recovery_failed,1128.4539703119947,9.195942971911558,,15.1
greedy,s067,80,7.3573,false,not_run_after_fail,,,,0.0
greedy,s067,70,6.4376,false,not_run_after_fail,,,,0.0
greedy,s067,60,5.5180,false,not_run_after_fail,,,,0.0
greedy,s067,50,4.5983,false,not_run_after_fail,,,,0.0
greedy,s067,40,3.6786,false,not_run_after_fail,,,,0.0
greedy,s067,30,2.7590,false,not_run_after_fail,,,,0.0
greedy,s068,100,4.9268,true,,817.5226010575907,4.923306932540426,1.1993,15.1
greedy,s068,90,4.4341,false,recovery_failed,817.8401812201314,4.9262757072136445,,15.0
greedy,s068,80,3.9414,false,not_run_after_fail,,,,0.0
greedy,s068,70,3.4488,false,not_run_after_fail,,,,0.0
greedy,s068,60,2.9561,false,not_run_after_fail,,,,0.0
greedy,s068,50,2.4634,false,not_run_after_fail,,,,0.0
greedy,s068,40,1.9707,false,not_run_after_fail,,,,0.0
greedy,s068,30,1.4780,false,not_run_after_fail,,,,0.0
greedy,s069,100,5.0933,true,,1004.482133573586,5.091236424953088,1.1653,15.1
greedy,s069,90,4.5840,false,recovery_failed,1004.7355331663507,5.093171290400711,,15.1
greedy,s069,80,4.0746,false,not_run_after_fail,,,,0.0
greedy,s069,70,3.5653,false,not_run_after_fail,,,,0.0
greedy,s069,60,3.0560,false,not_run_after_fail,,,,0.0
greedy,s069,50,2.5467,false,not_run_after_fail,,,,0.0
greedy,s069,40,2.0373,false,not_run_after_fail,,,,0.0
greedy,s069,30,1.5280,false,not_run_after_fail,,,,0.0
greedy,s070,100,9.7873,true,,1162.4130540897072,9.781056313318427,1.2175,15.1
greedy,s070,90,8.8086,false,recovery_failed,1162.7876988664043,9.786951285330831,,15.1
greedy,s070,80,7.8299,false,not_run_after_fail,,,,0.0
greedy,s070,70,6.8511,false,not_run_after_fail,,,,0.0
greedy,s070,60,5.8724,false,not_run_after_fail,,,,0.0
greedy,s070,50,4.8937,false,not_run_after_fail,,,,0.0
greedy,s070,40,3.9149,false,not_run_after_fail,,,,0.0
greedy,s070,30,2.9362,false,not_run_after_fail,,,,0.0
greedy,s073,100,5.1636,true,,808.4035883793337,4.417845277112844,1.2283,15.3
greedy,s073,90,4.6472,true,,830.6109670438498,4.647217890199192,1.2620,16.1
greedy,s073,80,4.1309,true,,833.746431577083,4.0409093244816585,1.2668,16.4
greedy,s073,70,3.6145,true,,829.9808182954308,3.594232219487356,1.2611,16.4
greedy,s073,60,3.0981,true,,840.1610711654484,3.098145090795146,1.2765,15.2
greedy,s073,50,2.5818,false,recovery_failed,840.1949705186744,3.0534030327528026,,15.3
greedy,s073,40,2.0654,false,not_run_after_fail,,,,0.0
greedy,s073,30,1.5491,false,not_run_after_fail,,,,0.0
greedy,s075,100,5.6962,true,,997.202876977372,5.682364956423644,1.5239,16.6
greedy,s075,90,5.1266,false,recovery_failed,1011.3245663368859,5.539911568641344,,16.9
greedy,s075,80,4.5570,false,not_run_after_fail,,,,0.0
greedy,s075,70,3.9874,false,not_run_after_fail,,,,0.0
greedy,s075,60,3.4177,false,not_run_after_fail,,,,0.0
greedy,s075,50,2.8481,false,not_run_after_fail,,,,0.0
greedy,s075,40,2.2785,false,not_run_after_fail,,,,0.0
greedy,s075,30,1.7089,false,not_run_after_fail,,,,0.0
greedy,s079,100,8.3152,true,,1090.3517074435078,5.104375162366886,1.1623,16.0
greedy,s079,90,7.4837,true,,1090.3478586451022,5.181866018325397,1.1623,16.1
greedy,s079,80,6.6521,true,,1090.537033352618,5.539207184490857,1.1625,15.8
greedy,s079,70,5.8206,true,,1090.329313929669,5.347530724676947,1.1622,16.0
greedy,s079,60,4.9891,false,recovery_failed,1154.735533166351,5.126316203998337,,15.1
greedy,s079,50,4.1576,false,not_run_after_fail,,,,0.0
greedy,s079,40,3.3261,false,not_run_after_fail,,,,0.0
greedy,s079,30,2.4946,false,not_run_after_fail,,,,0.0
greedy,s080,100,9.1105,false,no_solution,null,null,,13.2
greedy,s080,90,8.1994,false,not_run_after_fail,,,,0.0
greedy,s080,80,7.2884,false,not_run_after_fail,,,,0.0
greedy,s080,70,6.3773,false,not_run_after_fail,,,,0.0
greedy,s080,60,5.4663,false,not_run_after_fail,,,,0.0
greedy,s080,50,4.5552,false,not_run_after_fail,,,,0.0
greedy,s080,40,3.6442,false,not_run_after_fail,,,,0.0
greedy,s080,30,2.7331,false,not_run_after_fail,,,,0.0
greedy,s081,100,5.2657,true,,927.8965011918898,3.698817254931484,1.1549,16.1
greedy,s081,90,4.7391,true,,967.0404587923887,3.8146626618370547,1.2036,15.6
greedy,s081,80,4.2125,true,,1004.7355331663507,3.6445479782151406,1.2505,14.6
greedy,s081,70,3.6860,true,,1004.7355331663507,3.6445479782151406,1.2505,14.6
greedy,s081,60,3.1594,false,recovery_failed,1004.7378428748378,3.64448151499409,,15.0
greedy,s081,50,2.6328,false,not_run_after_fail,,,,0.0
greedy,s081,40,2.1063,false,not_run_after_fail,,,,0.0
greedy,s081,30,1.5797,false,not_run_after_fail,,,,0.0
greedy,s082,100,5.1178,true,,1004.7355331663507,3.780606674540323,1.2813,14.7
greedy,s082,90,4.6060,true,,1004.7355331663507,3.780606674540323,1.2813,14.6
greedy,s082,80,4.0943,true,,1004.7355331663507,3.780606674540323,1.2813,14.7
greedy,s082,70,3.5825,false,recovery_failed,1004.7355331663507,3.780606674540323,,15.1
greedy,s082,60,3.0707,false,not_run_after_fail,,,,0.0
greedy,s082,50,2.5589,false,not_run_after_fail,,,,0.0
greedy,s082,40,2.0471,false,not_run_after_fail,,,,0.0
greedy,s082,30,1.5353,false,not_run_after_fail,,,,0.0
greedy,s084,100,6.6722,true,,702.7898303300374,6.130410366023308,1.1515,14.8
greedy,s084,90,6.0050,false,recovery_failed,704.2015064666964,6.114662901993006,,15.0
greedy,s084,80,5.3378,false,not_run_after_fail,,,,0.0
greedy,s084,70,4.6705,false,not_run_after_fail,,,,0.0
greedy,s084,60,4.0033,false,not_run_after_fail,,,,0.0
greedy,s084,50,3.3361,false,not_run_after_fail,,,,0.0
greedy,s084,40,2.6689,false,not_run_after_fail,,,,0.0
greedy,s084,30,2.0017,false,not_run_after_fail,,,,0.0
formation,s002,100,6.7390,true,,793.4957923660817,1.991399608632484,1.3138,14.5
formation,s002,90,6.0651,true,,795.8729404463762,1.7949442086910572,1.3177,14.5
formation,s002,80,5.3912,true,,815.829316316472,5.391197426265352,1.3508,14.0
formation,s002,70,4.7173,true,,854.7355331663507,1.4914234027760047,1.4152,13.6
formation,s002,60,4.0434,true,,854.7355331663507,1.4914234027760047,1.4152,13.6
formation,s002,50,3.3695,true,,854.7355331663507,1.4914234027760047,1.4152,13.7
formation,s002,40,2.6956,true,,854.7355331663507,1.4914234027760047,1.4152,13.6
formation,s002,30,2.0217,true,,854.7355331663507,1.4914234027760047,1.4152,13.6
formation,s004,100,5.3423,true,,998.2021375098602,4.092549567350698,1.2475,13.8
formation,s004,90,4.8080,true,,1004.7355331663507,4.059111528191217,1.2556,13.6
formation,s004,80,4.2738,true,,1004.7355331663507,4.059111528191217,1.2556,13.6
formation,s004,70,3.7396,true,,1377.606753739769,2.2785332704197496,1.7216,13.7
formation,s004,60,3.2054,true,,1377.606753739769,2.2785332704197496,1.7216,13.7
formation,s004,50,2.6711,true,,1377.606753739769,2.2785332704197496,1.7216,13.4
formation,s004,40,2.1369,false,recovery_failed,1377.606753739769,2.2785332704197496,,14.1
formation,s004,30,1.6027,false,not_run_after_fail,,,,0.0
formation,s007,100,7.1391,true,,961.2379246179729,5.906674881608229,1.2293,14.7
formation,s007,90,6.4252,true,,960.422462067296,5.96072793676417,1.2283,14.9
formation,s007,80,5.7113,true,,961.6579990618685,5.711277282787602,1.2299,14.7
formation,s007,70,4.9974,true,,967.6791956721819,4.964855975198305,1.2376,14.3
formation,s007,60,4.2835,true,,997.7126964942072,4.024186887837561,1.2760,13.8
formation,s007,50,3.5695,false,recovery_failed,1830.8821154671691,3.9773470775523414,,14.3
formation,s007,40,2.8556,false,not_run_after_fail,,,,0.0
formation,s007,30,2.1417,false,not_run_after_fail,,,,0.0
formation,s008,100,7.9691,true,,1102.430822196464,4.881475803031338,1.1406,14.0
formation,s008,90,7.1722,true,,1100.3255474357177,4.8647368696729005,1.1384,14.1
formation,s008,80,6.3753,true,,1154.735533166351,5.108647458103386,1.1947,13.6
formation,s008,70,5.5784,true,,1154.735533166351,5.108647458103386,1.1947,13.6
formation,s008,60,4.7815,true,,1210.5588037914958,3.8944161783895535,1.2525,14.2
formation,s008,50,3.9845,true,,1243.8536208016171,3.6791415866745982,1.2869,16.9
formation,s008,40,3.1876,false,recovery_failed,1241.956492126924,3.5981697693053376,,14.7
formation,s008,30,2.3907,false,not_run_after_fail,,,,0.0
formation,s012,100,7.5978,true,,1382.0958039527966,7.321529294765853,1.2283,14.5
formation,s012,90,6.8380,false,recovery_failed,1396.880294165759,7.368530307768887,,14.6
formation,s012,80,6.0783,false,not_run_after_fail,,,,0.0
formation,s012,70,5.3185,false,not_run_after_fail,,,,0.0
formation,s012,60,4.5587,false,not_run_after_fail,,,,0.0
formation,s012,50,3.7989,false,not_run_after_fail,,,,0.0
formation,s012,40,3.0391,false,not_run_after_fail,,,,0.0
formation,s012,30,2.2793,false,not_run_after_fail,,,,0.0
formation,s015,100,6.0115,true,,1127.2984727977066,3.7505528199976954,1.1558,14.6
formation,s015,90,5.4104,true,,1127.2486262549319,3.7588024454723405,1.1558,14.6
formation,s015,80,4.8092,true,,1094.4667525200543,2.79974333688216,1.1222,14.8
formation,s015,70,4.2081,true,,1127.8041323412638,3.77955323179833,1.1563,14.7
formation,s015,60,3.6069,true,,1127.228297587259,3.5972161890957497,1.1557,14.8
formation,s015,50,3.0058,true,,1129.2771763835683,2.768092687657152,1.1578,14.2
formation,s015,40,2.4046,false,recovery_failed,1134.514639422443,2.617557534747419,,15.4
formation,s015,30,1.8035,false,not_run_after_fail,,,,0.0
formation,s016,100,5.3298,false,recovery_failed,1271.5051543016236,5.340265273785744,,14.7
formation,s016,90,4.7968,false,not_run_after_fail,,,,0.0
formation,s016,80,4.2639,false,not_run_after_fail,,,,0.0
formation,s016,70,3.7309,false,not_run_after_fail,,,,0.0
formation,s016,60,3.1979,false,not_run_after_fail,,,,0.0
formation,s016,50,2.6649,false,not_run_after_fail,,,,0.0
formation,s016,40,2.1319,false,not_run_after_fail,,,,0.0
formation,s016,30,1.5989,false,not_run_after_fail,,,,0.0
formation,s017,100,8.9550,true,,1204.7597753172079,8.705713993556149,1.3195,15.4
formation,s017,90,8.0595,true,,1203.958389184284,8.006378942468368,1.3186,15.8
formation,s017,80,7.1640,false,recovery_failed,1195.83195048646,7.454138499648386,,16.8
formation,s017,70,6.2685,false,not_run_after_fail,,,,0.0
formation,s017,60,5.3730,false,not_run_after_fail,,,,0.0
formation,s017,50,4.4775,false,not_run_after_fail,,,,0.0
formation,s017,40,3.5820,false,not_run_after_fail,,,,0.0
formation,s017,30,2.6865,false,not_run_after_fail,,,,0.0
formation,s023,100,5.0964,true,,848.5555298659681,1.7302209349143813,1.3346,13.8
formation,s023,90,4.5868,true,,850.0199299147573,1.5672295910277811,1.3369,13.8
formation,s023,80,4.0771,true,,848.7595647582804,1.7394823507893782,1.3349,13.8
formation,s023,70,3.5675,true,,848.2270439831037,1.7710286591831157,1.3341,13.9
formation,s023,60,3.0578,true,,848.6519236440922,1.735140839148601,1.3348,13.9
formation,s023,50,2.5482,true,,849.9546543193685,1.5596725526512825,1.3368,13.8
formation,s023,40,2.0386,true,,848.6197686531181,1.7333496391257066,1.3347,13.8
formation,s023,30,1.5289,true,,854.6648215290919,1.1942195138337597,1.3442,13.6
formation,s024,100,10.8850,true,,946.8069533340839,8.40452448763725,1.0302,14.6
formation,s024,90,9.7965,true,,1080.9484030592027,5.573091839383849,1.1761,15.9
formation,s024,80,8.7080,true,,1080.9755082905785,5.568087542177146,1.1762,15.7
formation,s024,70,7.6195,true,,1080.9090583866787,5.5710252210887425,1.1761,15.8
formation,s024,60,6.5310,true,,1080.2757984335603,5.634700191900583,1.1754,15.8
formation,s024,50,5.4425,true,,1151.4010093958325,5.209192568045162,1.2528,13.9
formation,s024,40,4.3540,false,recovery_failed,1154.735533166351,5.248949433528029,,14.2
formation,s024,30,3.2655,false,not_run_after_fail,,,,0.0
formation,s025,100,5.2959,true,,816.9956941718991,4.463550983414588,1.0744,13.9
formation,s025,90,4.7663,true,,848.6233522624271,1.999481023460646,1.1160,13.8
formation,s025,80,4.2367,true,,848.7129163886457,2.0010353920110004,1.1161,13.8
formation,s025,70,3.7071,true,,854.5884943560302,1.4975437982490865,1.1238,13.6
formation,s025,60,3.1775,true,,854.589145334864,1.5052029742261293,1.1238,13.5
formation,s025,50,2.6480,true,,849.9939467653455,1.8433616715299437,1.1178,13.8
formation,s025,40,2.1184,true,,854.594144298224,1.497451793267357,1.1239,13.5
formation,s025,30,1.5888,true,,854.6343215928496,1.4953775019169635,1.1239,13.4
formation,s028,100,5.3112,true,,1004.7355331663507,4.0685789306888935,1.2902,13.6
formation,s028,90,4.7800,true,,1004.7355331663507,4.0685789306888935,1.2902,13.8
formation,s028,80,4.2489,true,,1004.7355331663507,4.0685789306888935,1.2902,13.7
formation,s028,70,3.7178,false,recovery_failed,1128.4539703119947,3.8044052983199665,,14.1
formation,s028,60,3.1867,false,not_run_after_fail,,,,0.0
formation,s028,50,2.6556,false,not_run_after_fail,,,,0.0
formation,s028,40,2.1245,false,not_run_after_fail,,,,0.0
formation,s028,30,1.5933,false,not_run_after_fail,,,,0.0
formation,s029,100,5.0016,true,,1141.1779650720214,1.6414461156845142,1.1519,14.0
formation,s029,90,4.5014,true,,1141.1779650703697,1.6414461791205024,1.1519,14.0
formation,s029,80,4.0013,true,,1141.1779650432918,1.6414462575230984,1.1519,14.0
formation,s029,70,3.5011,true,,1141.177964986127,1.6414463750576371,1.1519,13.9
formation,s029,60,3.0010,true,,1141.1779650044018,1.6414465308350927,1.1519,14.0
formation,s029,50,2.5008,true,,1141.177965000988,1.641446771974443,1.1519,13.8
formation,s029,40,2.0006,true,,1141.177965595903,1.6414470061421267,1.1519,14.0
formation,s029,30,1.5005,true,,1145.828785429965,1.5004752071359109,1.1566,13.6
formation,s030,100,8.7501,true,,924.2327526646628,6.524423538874275,1.1307,15.2
formation,s030,90,7.8751,true,,940.0732698538089,6.7651745705941515,1.1500,15.0
formation,s030,80,7.0001,true,,2503.323534769419,5.438007399285022,3.0625,16.2
formation,s030,70,6.1250,false,recovery_failed,2614.388507556588,6.414237837631215,,14.3
formation,s030,60,5.2500,false,not_run_after_fail,,,,0.0
formation,s030,50,4.3750,false,not_run_after_fail,,,,0.0
formation,s030,40,3.5000,false,not_run_after_fail,,,,0.0
formation,s030,30,2.6250,false,not_run_after_fail,,,,0.0
formation,s031,100,8.7490,true,,1092.5353052339292,5.119881708768911,1.1829,14.4
formation,s031,90,7.8741,true,,1095.2640193432344,5.473318039158253,1.1859,14.4
formation,s031,80,6.9992,true,,1094.4498958188806,5.51117492922037,1.1850,14.4
formation,s031,70,6.1243,false,recovery_failed,1271.8013583159561,6.216482683929684,,14.3
formation,s031,60,5.2494,false,not_run_after_fail,,,,0.0
formation,s031,50,4.3745,false,not_run_after_fail,,,,0.0
formation,s031,40,3.4996,false,not_run_after_fail,,,,0.0
formation,s031,30,2.6247,false,not_run_after_fail,,,,0.0
formation,s032,100,7.4877,true,,1098.2452376035687,6.67605676938075,1.1395,14.9
formation,s032,90,6.7389,true,,1099.5407569709425,6.738911913853314,1.1408,14.8
formation,s032,80,5.9901,true,,3062.5183494058474,5.712020932424569,3.1775,14.2
formation,s032,70,5.2414,false,recovery_failed,3065.96736640942,5.716355435278755,,15.0
formation,s032,60,4.4926,false,not_run_after_fail,,,,0.0
formation,s032,50,3.7438,false,not_run_after_fail,,,,0.0
formation,s032,40,2.9951,false,not_run_after_fail,,,,0.0
formation,s032,30,2.2463,false,not_run_after_fail,,,,0.0
formation,s033,100,5.6674,true,,1120.1603702925875,5.087597248580671,1.4954,15.9
formation,s033,90,5.1006,true,,1120.1603702925875,5.087597248580671,1.4954,15.8
formation,s033,80,4.5339,true,,1117.7025787733164,4.2403026739506,1.4921,16.2
formation,s033,70,3.9672,true,,1112.4416061302795,3.6483579153037264,1.4851,16.0
formation,s033,60,3.4004,false,recovery_failed,1113.1458060499815,3.5627586033670724,,14.3
formation,s033,50,2.8337,false,not_run_after_fail,,,,0.0
formation,s033,40,2.2670,false,not_run_after_fail,,,,0.0
formation,s033,30,1.7002,false,not_run_after_fail,,,,0.0
formation,s035,100,8.7092,true,,1088.8403076374248,6.667133498334909,1.2514,14.4
formation,s035,90,7.8383,true,,1095.1978696630151,6.719028017822798,1.2587,14.3
formation,s035,80,6.9674,false,recovery_failed,3175.2572722475566,7.400700366735867,,15.1
formation,s035,70,6.0964,false,not_run_after_fail,,,,0.0
formation,s035,60,5.2255,false,not_run_after_fail,,,,0.0
formation,s035,50,4.3546,false,not_run_after_fail,,,,0.0
formation,s035,40,3.4837,false,not_run_after_fail,,,,0.0
formation,s035,30,2.6128,false,not_run_after_fail,,,,0.0
formation,s036,100,5.3877,true,,834.4484010862432,5.240260073203202,1.1778,13.9
formation,s036,90,4.8489,true,,839.5106975487577,4.8489068835264595,1.1850,13.8
formation,s036,80,4.3101,true,,854.7355331663507,1.7649014672369299,1.2065,13.5
formation,s036,70,3.7714,true,,854.7355331663507,1.7649014672369299,1.2065,13.5
formation,s036,60,3.2326,true,,854.7355331663507,1.7649014672369299,1.2065,13.5
formation,s036,50,2.6938,true,,854.7355331663507,1.7649014672369299,1.2065,13.5
formation,s036,40,2.1551,true,,854.7355331663507,1.7649014672369299,1.2065,13.5
formation,s036,30,1.6163,false,recovery_failed,854.7355331663507,1.7649014672369299,,14.0
formation,s037,100,5.8289,true,,1312.7876988664043,4.582986802650338,1.2496,13.7
formation,s037,90,5.2460,true,,1312.7876988664043,4.582986802650338,1.2496,13.8
formation,s037,80,4.6631,true,,1312.7876988664043,4.582986802650338,1.2496,13.7
formation,s037,70,4.0802,false,recovery_failed,1274.5599882057736,4.582921969318287,,14.2
formation,s037,60,3.4973,false,not_run_after_fail,,,,0.0
formation,s037,50,2.9144,false,not_run_after_fail,,,,0.0
formation,s037,40,2.3316,false,not_run_after_fail,,,,0.0
formation,s037,30,1.7487,false,not_run_after_fail,,,,0.0
formation,s038,100,9.7823,true,,1084.3841966547143,7.331960826428097,1.0929,14.2
formation,s038,90,8.8041,true,,1084.5379854220791,7.328040201732135,1.0930,14.1
formation,s038,80,7.8259,true,,1109.5009356906407,7.812050032508852,1.1182,15.7
formation,s038,70,6.8476,true,,1131.7155891824073,6.61583644859114,1.1406,16.5
formation,s038,60,5.8694,false,recovery_failed,1157.4062938164338,6.540342259672709,,14.8
formation,s038,50,4.8912,false,not_run_after_fail,,,,0.0
formation,s038,40,3.9129,false,not_run_after_fail,,,,0.0
formation,s038,30,2.9347,false,not_run_after_fail,,,,0.0
formation,s040,100,6.6980,true,,948.5048760462367,6.692868491930557,1.2410,14.4
formation,s040,90,6.0282,true,,1061.2896965917164,5.525225743718594,1.3886,13.8
formation,s040,80,5.3584,true,,1123.507252093527,4.697376816448404,1.4700,13.7
formation,s040,70,4.6886,true,,1774.2815593418766,4.688632982342387,2.3214,16.0
formation,s040,60,4.0188,true,,1784.5095350800339,4.018825674473526,2.3348,14.4
formation,s040,50,3.3490,false,recovery_failed,1791.6016686942924,3.949705720947367,,14.2
formation,s040,40,2.6792,false,not_run_after_fail,,,,0.0
formation,s040,30,2.0094,false,not_run_after_fail,,,,0.0
formation,s043,100,9.5090,true,,897.6657630272363,6.523328862517847,1.1702,14.4
formation,s043,90,8.5581,true,,896.9795636357462,6.40833756717787,1.1693,14.4
formation,s043,80,7.6072,true,,897.1333319763971,5.877720686109273,1.1695,14.4
formation,s043,70,6.6563,true,,938.7847873346096,6.35034420594124,1.2238,15.9
formation,s043,60,5.7054,false,recovery_failed,953.2445818421438,5.804626178792315,,14.7
formation,s043,50,4.7545,false,not_run_after_fail,,,,0.0
formation,s043,40,3.8036,false,not_run_after_fail,,,,0.0
formation,s043,30,2.8527,false,not_run_after_fail,,,,0.0
formation,s045,100,8.7808,true,,1115.1718705462642,5.266081963728723,1.3796,13.8
formation,s045,90,7.9027,true,,1114.3924345349078,5.250506330923224,1.3787,13.8
formation,s045,80,7.0246,true,,1115.5953124625435,5.273643060276739,1.3802,13.9
formation,s045,70,6.1466,true,,1116.8013319947415,4.73837109926854,1.3817,13.8
formation,s045,60,5.2685,true,,1117.0629039631697,4.7392834129521555,1.3820,13.7
formation,s045,50,4.3904,true,,1121.4266141985825,4.355448980761241,1.3874,15.7
formation,s045,40,3.5123,false,recovery_failed,1122.4512037115237,3.7177683497613723,,15.3
formation,s045,30,2.6342,false,not_run_after_fail,,,,0.0
formation,s046,100,10.0078,true,,1089.765609694227,6.151443467734235,1.0769,15.1
formation,s046,90,9.0070,true,,1187.5805218038352,7.389919306300958,1.1736,14.5
formation,s046,80,8.0062,true,,1252.4303176004757,7.640480988465037,1.2376,15.9
formation,s046,70,7.0055,true,,1251.7332764453581,7.000256195223668,1.2370,14.9
formation,s046,60,6.0047,true,,1255.1998559609,5.944471701646192,1.2404,16.1
formation,s046,50,5.0039,true,,1261.177119468904,5.003421000648001,1.2463,15.8
formation,s046,40,4.0031,false,recovery_failed,1266.2493804830451,4.955173455833468,,16.7
formation,s046,30,3.0023,false,not_run_after_fail,,,,0.0
formation,s047,100,5.8596,true,,1011.7349627541577,4.640367171011987,1.4169,13.6
formation,s047,90,5.2736,true,,1011.7349627541577,4.640367171011987,1.4169,13.6
formation,s047,80,4.6877,true,,1011.7349627541577,4.640367171011987,1.4169,13.6
formation,s047,70,4.1017,false,recovery_failed,2260.196001965127,3.9269544690788707,,14.2
formation,s047,60,3.5158,false,not_run_after_fail,,,,0.0
formation,s047,50,2.9298,false,not_run_after_fail,,,,0.0
formation,s047,40,2.3438,false,not_run_after_fail,,,,0.0
formation,s047,30,1.7579,false,not_run_after_fail,,,,0.0
formation,s048,100,6.4952,true,,1091.2867761473958,5.134275693996811,1.1761,14.4
formation,s048,90,5.8457,true,,1091.5046905611935,5.036949109305104,1.1763,14.4
formation,s048,80,5.1962,true,,1089.6757995819894,5.11259974552955,1.1743,14.5
formation,s048,70,4.5467,true,,1154.735533166351,3.1152049754441387,1.2444,13.6
formation,s048,60,3.8971,true,,1154.735533166351,3.1152049754441387,1.2444,13.7
formation,s048,50,3.2476,true,,1154.735533166351,3.1152049754441387,1.2444,13.7
formation,s048,40,2.5981,false,recovery_failed,1140.1790290955885,2.961301794761699,,16.5
formation,s048,30,1.9486,false,not_run_after_fail,,,,0.0
formation,s049,100,11.4189,true,,1090.151448213917,5.515759310392671,1.1854,15.0
formation,s049,90,10.2770,true,,1090.1832264574828,5.50323159226633,1.1854,15.0
formation,s049,80,9.1351,true,,1090.2394938584569,5.489860852448137,1.1855,15.0
formation,s049,70,7.9932,true,,1090.3542680107257,5.460320701724654,1.1856,14.9
formation,s049,60,6.8513,true,,1090.4568262990272,5.421818139286005,1.1857,14.9
formation,s049,50,5.7094,true,,1090.580507627355,5.353145590801361,1.1858,14.9
formation,s049,40,4.5675,true,,1135.8211711702352,4.567546366176933,1.2350,15.6
formation,s049,30,3.4257,false,recovery_failed,1143.4230847938043,3.8319449233479923,,15.4
formation,s050,100,8.9086,true,,975.711670847655,3.996063002030961,1.2087,13.8
formation,s050,90,8.0177,true,,975.4852325084015,3.992623907800075,1.2084,13.7
formation,s050,80,7.1269,true,,975.5304687051575,3.994197051269472,1.2085,13.7
formation,s050,70,6.2360,true,,975.6023574812193,3.9968738887646342,1.2086,13.7
formation,s050,60,5.3452,true,,984.6512723032705,4.177747647209964,1.2198,13.6
formation,s050,50,4.4543,true,,984.6512723032705,4.177747647209964,1.2198,13.5
formation,s050,40,3.5634,true,,2226.5696988926593,1.2943928253855823,2.7582,13.7
formation,s050,30,2.6726,true,,2226.5696988926593,1.2943928253855823,2.7582,13.7
formation,s053,100,5.9518,true,,817.6936649440122,5.5112144747273195,1.1535,14.0
formation,s053,90,5.3566,true,,814.6620725223069,4.770347727152468,1.1492,14.0
formation,s053,80,4.7614,true,,817.5774438325539,4.538371097747249,1.1534,14.0
formation,s053,70,4.1662,true,,854.7355331663507,2.8065085069424436,1.2058,13.6
formation,s053,60,3.5711,true,,854.7355331663507,2.8065085069424436,1.2058,13.6
formation,s053,50,2.9759,true,,854.7355331663507,2.8065085069424436,1.2058,13.8
formation,s053,40,2.3807,false,recovery_failed,853.9112907481245,2.534385694944483,,15.0
formation,s053,30,1.7855,false,not_run_after_fail,,,,0.0
formation,s055,100,5.0483,true,,1271.8013583159563,3.7254717708436793,1.2840,13.8
formation,s055,90,4.5435,true,,1271.8013583159563,3.7254717708436793,1.2840,13.6
formation,s055,80,4.0386,true,,1271.8013583159563,3.7254717708436793,1.2840,13.6
formation,s055,70,3.5338,false,recovery_failed,1271.8013583159563,3.7254717708436793,,14.4
formation,s055,60,3.0290,false,not_run_after_fail,,,,0.0
formation,s055,50,2.5241,false,not_run_after_fail,,,,0.0
formation,s055,40,2.0193,false,not_run_after_fail,,,,0.0
formation,s055,30,1.5145,false,not_run_after_fail,,,,0.0
formation,s057,100,5.1397,true,,1232.6701938065478,5.122944928812096,1.1968,14.3
formation,s057,90,4.6257,false,recovery_failed,1244.0767955836777,4.933727610798876,,15.3
formation,s057,80,4.1118,false,not_run_after_fail,,,,0.0
formation,s057,70,3.5978,false,not_run_after_fail,,,,0.0
formation,s057,60,3.0838,false,not_run_after_fail,,,,0.0
formation,s057,50,2.5699,false,not_run_after_fail,,,,0.0
formation,s057,40,2.0559,false,not_run_after_fail,,,,0.0
formation,s057,30,1.5419,false,not_run_after_fail,,,,0.0
formation,s058,100,6.9173,true,,1011.7349627541577,5.1100185276089505,1.5909,13.7
formation,s058,90,6.2256,true,,1011.7349627541577,5.1100185276089505,1.5909,13.6
formation,s058,80,5.5338,true,,1011.7349627541577,5.1100185276089505,1.5909,13.6
formation,s058,70,4.8421,false,recovery_failed,1011.7349627541577,5.1100185276089505,,14.2
formation,s058,60,4.1504,false,not_run_after_fail,,,,0.0
formation,s058,50,3.4586,false,not_run_after_fail,,,,0.0
formation,s058,40,2.7669,false,not_run_after_fail,,,,0.0
formation,s058,30,2.0752,false,not_run_after_fail,,,,0.0
formation,s060,100,7.4188,true,,750.162255479534,4.902489141439745,1.1906,14.3
formation,s060,90,6.6769,true,,750.1818010199258,4.9258376607108145,1.1906,14.4
formation,s060,80,5.9351,true,,750.2283670664341,4.9881040212811145,1.1907,14.3
formation,s060,70,5.1932,true,,775.2791261319945,5.193170747279492,1.2305,14.2
formation,s060,60,4.4513,true,,812.5208083759104,3.8462701271454245,1.2896,14.5
formation,s060,50,3.7094,true,,828.064740794255,3.509601263693906,1.3143,15.2
formation,s060,40,2.9675,false,recovery_failed,835.6293302606935,3.521056497255239,,14.0
formation,s060,30,2.2256,false,not_run_after_fail,,,,0.0
formation,s061,100,8.9677,true,,665.3812916938705,5.887870173888301,1.0715,14.3
formation,s061,90,8.0709,true,,674.4914222038144,5.9347010848947255,1.0862,14.4
formation,s061,80,7.1741,true,,735.3648081361849,5.31553779208068,1.1842,13.9
formation,s061,70,6.2774,true,,761.9412497849756,6.121057331018171,1.2270,13.9
formation,s061,60,5.3806,true,,834.3413642071902,1.3679799904727417,1.3436,13.7
formation,s061,50,4.4838,true,,834.3413642071902,1.3679799904727417,1.3436,13.8
formation,s061,40,3.5871,true,,834.3413642071902,1.3679799904727417,1.3436,13.8
formation,s061,30,2.6903,true,,834.3413642071902,1.3679799904727417,1.3436,13.6
formation,s062,100,5.2141,true,,1119.7922799217067,3.8913426072506567,1.3902,15.0
formation,s062,90,4.6927,true,,1162.7876988664043,3.8151075105466434,1.4436,13.6
formation,s062,80,4.1712,true,,1162.7876988664043,3.8151075105466434,1.4436,13.6
formation,s062,70,3.6498,true,,1160.3719723477386,3.649840156197757,1.4406,15.1
formation,s062,60,3.1284,true,,1159.9887928949295,3.128434233815226,1.4401,15.2
formation,s062,50,2.6070,true,,1165.1637866766332,2.5923368176017587,1.4465,16.0
formation,s062,40,2.0856,true,,1160.0766502129877,2.085623369861735,1.4402,14.9
formation,s062,30,1.5642,true,,1160.6511265797835,1.5642177202707652,1.4409,15.2
formation,s063,100,5.2198,true,,1149.5573853120468,3.670013390910822,1.1301,14.6
formation,s063,90,4.6978,true,,1148.7058587342472,3.431807521058148,1.1293,14.7
formation,s063,80,4.1758,true,,1150.1902729536764,3.656450254910194,1.1307,14.6
formation,s063,70,3.6539,true,,1161.7528110469116,3.653861130090214,1.1421,15.4
formation,s063,60,3.1319,true,,1159.8701675238729,3.0465170699213617,1.1402,16.3
formation,s063,50,2.6099,true,,1160.2641312237374,2.5251338722217898,1.1406,16.5
formation,s063,40,2.0879,false,recovery_failed,1163.6201017515552,2.146331290729409,,16.0
formation,s063,30,1.5659,false,not_run_after_fail,,,,0.0
formation,s064,100,10.1594,true,,893.6526612946716,6.2717297691181475,1.1102,14.2
formation,s064,90,9.1435,true,,893.8286066400315,6.271284508294317,1.1104,14.3
formation,s064,80,8.1275,true,,893.8159667405513,6.283007700185174,1.1104,14.4
formation,s064,70,7.1116,true,,1460.7167128410324,5.603877902689082,1.8147,15.2
formation,s064,60,6.0956,true,,1461.1331925731977,5.55833221607448,1.8152,15.1
formation,s064,50,5.0797,false,recovery_failed,1909.2795971913242,5.1571739041839235,,14.3
formation,s064,40,4.0638,false,not_run_after_fail,,,,0.0
formation,s064,30,3.0478,false,not_run_after_fail,,,,0.0
formation,s066,100,5.3454,true,,854.7355331663507,1.6177009714030735,1.3793,13.7
formation,s066,90,4.8109,true,,854.7355331663507,1.6177009714030735,1.3793,13.6
formation,s066,80,4.2763,true,,854.7355331663507,1.6177009714030735,1.3793,13.5
formation,s066,70,3.7418,true,,849.4093699007373,2.0281403414124815,1.3707,14.0
formation,s066,60,3.2073,true,,854.7355331663507,1.6177009714030735,1.3793,13.6
formation,s066,50,2.6727,true,,854.7355331663507,1.6177009714030735,1.3793,13.5
formation,s066,40,2.1382,true,,854.7355331663507,1.6177009714030735,1.3793,13.5
formation,s066,30,1.6036,false,recovery_failed,854.7355331663507,1.6177009714030735,,14.0
formation,s067,100,9.1966,true,,1007.9609087555599,5.065598334902671,1.1432,14.4
formation,s067,90,8.2770,true,,996.8838013455171,4.791061313221308,1.1306,14.6
formation,s067,80,7.3573,true,,1114.9109570993714,7.139158234305915,1.2645,15.1
formation,s067,70,6.4376,true,,1131.7174219092772,6.161364754190032,1.2835,14.6
formation,s067,60,5.5180,true,,1131.3416900000736,5.43728640947733,1.2831,15.3
formation,s067,50,4.5983,true,,1148.9559732454536,4.595012061972082,1.3031,14.7
formation,s067,40,3.6786,false,recovery_failed,1154.1301383589866,4.127056489052767,,14.7
formation,s067,30,2.7590,false,not_run_after_fail,,,,0.0
formation,s068,100,4.9268,true,,854.7355331663507,0.9750894113112213,1.2539,13.7
formation,s068,90,4.4341,true,,854.7355331663507,0.9750894113112213,1.2539,13.6
formation,s068,80,3.9414,true,,854.7355331663507,0.9750894113112213,1.2539,13.8
formation,s068,70,3.4488,true,,848.477773950666,1.1166913525449014,1.2447,13.9
formation,s068,60,2.9561,true,,854.7355331663507,0.9750894113112213,1.2539,13.7
formation,s068,50,2.4634,true,,850.8245506852304,1.144942980363849,1.2482,13.7
formation,s068,40,1.9707,true,,854.7355331663507,0.9750894113112213,1.2539,13.5
formation,s068,30,1.4780,true,,854.7355331663507,0.9750894113112213,1.2539,13.5
formation,s069,100,5.0933,true,,1004.7355331663507,3.796583219385375,1.1656,13.6
formation,s069,90,4.5840,true,,1004.7355331663507,3.796583219385375,1.1656,13.6
formation,s069,80,4.0746,true,,1004.7355331663507,3.796583219385375,1.1656,13.6
formation,s069,70,3.5653,false,recovery_failed,1128.4539703119947,3.6135345758436297,,14.2
formation,s069,60,3.0560,false,not_run_after_fail,,,,0.0
formation,s069,50,2.5467,false,not_run_after_fail,,,,0.0
formation,s069,40,2.0373,false,not_run_after_fail,,,,0.0
formation,s069,30,1.5280,false,not_run_after_fail,,,,0.0
formation,s070,100,9.7873,true,,982.9772166159643,7.21111573482467,1.0296,14.5
formation,s070,90,8.8086,true,,1096.0241672028621,8.445013957263857,1.1480,16.2
formation,s070,80,7.8299,true,,1105.789778349743,7.5650767628615325,1.1582,15.2
formation,s070,70,6.8511,true,,1092.4418586140196,6.716155986992671,1.1442,15.6
formation,s070,60,5.8724,false,recovery_failed,1088.9493167993762,6.331183265499705,,14.4
formation,s070,50,4.8937,false,not_run_after_fail,,,,0.0
formation,s070,40,3.9149,false,not_run_after_fail,,,,0.0
formation,s070,30,2.9362,false,not_run_after_fail,,,,0.0
formation,s073,100,5.1636,true,,813.507418208139,4.37842123250156,1.2360,14.1
formation,s073,90,4.6472,true,,813.3163467386794,4.187728027716092,1.2357,14.0
formation,s073,80,4.1309,true,,854.7355331663507,1.3218774715692927,1.2987,13.6
formation,s073,70,3.6145,true,,854.7355331663507,1.3218774715692927,1.2987,13.6
formation,s073,60,3.0981,true,,854.7355331663507,1.3218774715692927,1.2987,13.6
formation,s073,50,2.5818,true,,854.7355331663507,1.3218774715692927,1.2987,13.6
formation,s073,40,2.0654,true,,854.7355331663507,1.3218774715692927,1.2987,13.6
formation,s073,30,1.5491,true,,854.7355331663507,1.3218774715692927,1.2987,13.5
formation,s075,100,5.6962,true,,844.6941057743718,3.3488080961422075,1.2908,14.3
formation,s075,90,5.1266,true,,844.695464480964,3.3467927068234022,1.2908,14.3
formation,s075,80,4.5570,true,,844.7096744586471,3.326919414114671,1.2908,14.3
formation,s075,70,3.9874,true,,844.7190405476873,3.325390136655111,1.2908,14.2
formation,s075,60,3.4177,true,,850.1097317238945,3.2307223137155505,1.2991,15.1
formation,s075,50,2.8481,false,recovery_failed,855.1546644556854,2.906428845646112,,15.2
formation,s075,40,2.2785,false,not_run_after_fail,,,,0.0
formation,s075,30,1.7089,false,not_run_after_fail,,,,0.0
formation,s079,100,8.3152,true,,1090.300607294449,6.17832783994659,1.1622,14.8
formation,s079,90,7.4837,true,,1090.3015998134856,6.149913831251722,1.1622,14.8
formation,s079,80,6.6521,true,,1100.7675953455757,6.652132469459377,1.1734,14.1
formation,s079,70,5.8206,true,,1094.9720245419387,5.815007340798886,1.1672,14.4
formation,s079,60,4.9891,false,recovery_failed,1154.735533166351,5.128062529855539,,14.4
formation,s079,50,4.1576,false,not_run_after_fail,,,,0.0
formation,s079,40,3.3261,false,not_run_after_fail,,,,0.0
formation,s079,30,2.4946,false,not_run_after_fail,,,,0.0
formation,s080,100,9.1105,true,,1035.516546432556,4.220604501584216,1.1504,15.0
formation,s080,90,8.1994,true,,1042.4420936303102,4.25854251877694,1.1581,14.8
formation,s080,80,7.2884,true,,1205.2816158908536,7.281026208263619,1.3390,16.0
formation,s080,70,6.3773,true,,1258.8092690265662,6.160670939363072,1.3985,16.9
formation,s080,60,5.4663,true,,1247.3101141149816,5.36040161973571,1.3857,14.9
formation,s080,50,4.5552,true,,1251.1288502678087,4.550751596340523,1.3899,15.3
formation,s080,40,3.6442,true,,1254.022653487291,3.6439995454836263,1.3932,16.3
formation,s080,30,2.7331,false,recovery_failed,1252.7153414739348,3.564064009654197,,16.8
formation,s081,100,5.2657,true,,985.8806288881427,2.7001591091158565,1.2270,14.4
formation,s081,90,4.7391,true,,988.0692427313758,3.00675890920317,1.2298,14.4
formation,s081,80,4.2125,true,,958.8545644213682,3.8764916284744335,1.1934,14.4
formation,s081,70,3.6860,true,,1352.8924668877833,1.724600718977751,1.6838,13.8
formation,s081,60,3.1594,true,,1352.8924668877833,1.724600718977751,1.6838,13.7
formation,s081,50,2.6328,true,,1352.7917956231815,1.7254780721882825,1.6837,13.6
formation,s081,40,2.1063,true,,1352.8924668877833,1.724600718977751,1.6838,13.5
formation,s081,30,1.5797,false,recovery_failed,1353.2141152470942,1.7179182698305469,,14.0
formation,s082,100,5.1178,true,,1115.8884146688304,3.6461299451572615,1.4231,13.7
formation,s082,90,4.6060,true,,1115.9133726765883,3.6457774182751455,1.4231,13.7
formation,s082,80,4.0943,true,,1115.913385047971,3.6457770753158893,1.4231,13.8
formation,s082,70,3.5825,true,,1352.8924668877833,1.4932098089365595,1.7253,14.0
formation,s082,60,3.0707,true,,1352.8924668877833,1.4932098089365595,1.7253,13.8
formation,s082,50,2.5589,true,,1352.8924668877833,1.4932098089365595,1.7253,13.7
formation,s082,40,2.0471,true,,1352.8924668877833,1.4932098089365595,1.7253,13.7
formation,s082,30,1.5353,true,,1352.8924668877833,1.4932098089365595,1.7253,13.6
formation,s084,100,6.6722,true,,688.8131661233148,1.8096955489267614,1.1286,13.9
formation,s084,90,6.0050,true,,756.5621120582722,5.58961808565175,1.2396,13.9
formation,s084,80,5.3378,true,,756.79449802569,5.337770423298797,1.2400,14.0
formation,s084,70,4.6705,true,,854.7355331663507,1.199499549871352,1.4005,13.7
formation,s084,60,4.0033,true,,854.7355331663507,1.199499549871352,1.4005,13.5
formation,s084,50,3.3361,true,,854.7355331663507,1.199499549871352,1.4005,13.6
formation,s084,40,2.6689,true,,854.7355331663507,1.199499549871352,1.4005,13.4
formation,s084,30,2.0017,true,,854.7355331663507,1.199499549871352,1.4005,13.3
sequential,s002,100,6.7390,true,,668.0223531215781,6.257322758969976,1.1060,14.3
sequential,s002,90,6.0651,true,,669.05021507533,5.944723567287451,1.1077,14.4
sequential,s002,80,5.3912,true,,685.86945953166,3.8537817068596345,1.1356,13.8
sequential,s002,70,4.7173,true,,685.86945953166,3.8537817068596345,1.1356,13.7
sequential,s002,60,4.0434,true,,685.86945953166,3.8537817068596345,1.1356,13.8
sequential,s002,50,3.3695,false,recovery_failed,685.86945953166,3.8537817068596345,,14.6
sequential,s002,40,2.6956,false,not_run_after_fail,,,,0.0
sequential,s002,30,2.0217,false,not_run_after_fail,,,,0.0
sequential,s004,100,5.3423,true,,920.4831647151889,4.226483014829562,1.1503,15.0
sequential,s004,90,4.8080,true,,1002.6354371712353,3.66053016832848,1.2530,13.9
sequential,s004,80,4.2738,true,,1003.0670358455973,3.6652459505822335,1.2535,13.9
sequential,s004,70,3.7396,true,,1003.7915894709184,3.6750061664930525,1.2544,14.0
sequential,s004,60,3.2054,false,recovery_failed,1004.7164610051138,3.6859673339854346,,15.0
sequential,s004,50,2.6711,false,not_run_after_fail,,,,0.0
sequential,s004,40,2.1369,false,not_run_after_fail,,,,0.0
sequential,s004,30,1.6027,false,not_run_after_fail,,,,0.0
sequential,s007,100,7.1391,true,,812.0004161668129,3.605785553425304,1.0385,14.4
sequential,s007,90,6.4252,true,,812.1704298188353,3.553495070509453,1.0387,14.4
sequential,s007,80,5.7113,true,,806.7151008467556,3.584684412014261,1.0317,14.5
sequential,s007,70,4.9974,true,,911.5541477729778,4.061213161480031,1.1658,14.4
sequential,s007,60,4.2835,true,,1206.1143117429508,2.3828786404382507,1.5425,14.0
sequential,s007,50,3.5695,false,recovery_failed,969.3611862626665,3.589755144427542,,14.8
sequential,s007,40,2.8556,false,not_run_after_fail,,,,0.0
sequential,s007,30,2.1417,false,not_run_after_fail,,,,0.0
sequential,s008,100,7.9691,true,,1007.2602597641073,7.969091906466791,1.0421,14.4
sequential,s008,90,7.1722,true,,1154.735533166351,3.1571380765218775,1.1947,13.9
sequential,s008,80,6.3753,true,,1154.735533166351,3.1571380765218775,1.1947,13.9
sequential,s008,70,5.5784,true,,1154.735533166351,3.1571380765218775,1.1947,13.9
sequential,s008,60,4.7815,true,,1154.735533166351,3.1571380765218775,1.1947,14.1
sequential,s008,50,3.9845,true,,1154.735533166351,3.1571380765218775,1.1947,13.8
sequential,s008,40,3.1876,false,recovery_failed,2048.4216894790634,4.427682014692405,,15.3
sequential,s008,30,2.3907,false,not_run_after_fail,,,,0.0
sequential,s012,100,7.5978,true,,1215.1432009676257,5.570753667062279,1.0799,15.5
sequential,s012,90,6.8380,true,,1420.160370292587,4.99329151796518,1.2621,14.9
sequential,s012,80,6.0783,true,,1420.160370292587,4.99329151796518,1.2621,14.8
sequential,s012,70,5.3185,true,,1131.2056007542697,4.76567870991373,1.0053,15.9
sequential,s012,60,4.5587,true,,1369.9815560322988,4.554265467530255,1.2175,16.1
sequential,s012,50,3.7989,true,,1404.312552224474,3.795788060423667,1.2481,17.9
sequential,s012,40,3.0391,false,recovery_failed,2124.2165445456053,5.0990850613702055,,15.1
sequential,s012,30,2.2793,false,not_run_after_fail,,,,0.0
sequential,s015,100,6.0115,true,,1127.2984727977066,3.7505528199976954,1.1558,14.9
sequential,s015,90,5.4104,true,,1127.2486262549319,3.7588024454723405,1.1558,14.7
sequential,s015,80,4.8092,true,,1094.4667525200543,2.79974333688216,1.1222,15.0
sequential,s015,70,4.2081,true,,1127.8041323412638,3.77955323179833,1.1563,14.9
sequential,s015,60,3.6069,true,,1127.228297587259,3.5972161890957497,1.1557,15.0
sequential,s015,50,3.0058,true,,1129.2771763835683,2.768092687657152,1.1578,14.5
sequential,s015,40,2.4046,false,recovery_failed,1271.8013583159561,3.892739013252875,,15.1
sequential,s015,30,1.8035,false,not_run_after_fail,,,,0.0
sequential,s016,100,5.3298,true,,1245.565727602998,5.329820220400708,1.3287,16.0
sequential,s016,90,4.7968,true,,1227.9229782789046,4.588172214862425,1.3098,14.9
sequential,s016,80,4.2639,true,,1261.8806999412686,4.263857285929132,1.3461,14.8
sequential,s016,70,3.7309,false,recovery_failed,1257.6910860788712,4.166809154406509,,14.8
sequential,s016,60,3.1979,false,not_run_after_fail,,,,0.0
sequential,s016,50,2.6649,false,not_run_after_fail,,,,0.0
sequential,s016,40,2.1319,false,not_run_after_fail,,,,0.0
sequential,s016,30,1.5989,false,not_run_after_fail,,,,0.0
sequential,s017,100,8.9550,true,,1016.3227969830525,4.791207803833248,1.1131,14.2
sequential,s017,90,8.0595,true,,1017.1932968205767,4.821515649739199,1.1141,14.3
sequential,s017,80,7.1640,true,,1017.2907861156008,4.880397057603559,1.1142,14.3
sequential,s017,70,6.2685,true,,1016.8958577948328,4.704220954422057,1.1138,14.1
sequential,s017,60,5.3730,false,recovery_failed,1128.4539703119947,6.018214986308267,,14.2
sequential,s017,50,4.4775,false,not_run_after_fail,,,,0.0
sequential,s017,40,3.5820,false,not_run_after_fail,,,,0.0
sequential,s017,30,2.6865,false,not_run_after_fail,,,,0.0
sequential,s023,100,5.0964,true,,804.4462818432243,1.6486155763343058,1.2652,14.6
sequential,s023,90,4.5868,true,,854.7355331663507,1.1856868033280135,1.3443,13.8
sequential,s023,80,4.0771,true,,854.7355331663507,1.1856868033280135,1.3443,13.8
sequential,s023,70,3.5675,true,,854.7355331663507,1.1856868033280135,1.3443,13.7
sequential,s023,60,3.0578,true,,854.7355331663507,1.1856868033280135,1.3443,13.8
sequential,s023,50,2.5482,true,,854.7355331663507,1.1856868033280135,1.3443,13.8
sequential,s023,40,2.0386,false,recovery_failed,1011.7349627541577,3.4867826041481753,,14.5
sequential,s023,30,1.5289,false,not_run_after_fail,,,,0.0
sequential,s024,100,10.8850,true,,923.6200709728387,7.892654595612454,1.0050,14.9
sequential,s024,90,9.7965,true,,923.5955531489726,7.8834926562894285,1.0049,14.9
sequential,s024,80,8.7080,true,,923.4743516558267,7.890064326256035,1.0048,14.9
sequential,s024,70,7.6195,true,,923.3210680243113,7.60679913096208,1.0046,14.8
sequential,s024,60,6.5310,true,,921.3851323776848,6.529404327481396,1.0025,14.9
sequential,s024,50,5.4425,true,,924.05912191721,5.39433036917144,1.0054,14.9
sequential,s024,40,4.3540,false,recovery_failed,1115.2192499587309,4.730609310133368,,14.9
sequential,s024,30,3.2655,false,not_run_after_fail,,,,0.0
sequential,s025,100,5.2959,true,,816.9956941718991,4.463550983414588,1.0744,14.1
sequential,s025,90,4.7663,true,,848.6233522624271,1.999481023460646,1.1160,14.0
sequential,s025,80,4.2367,true,,848.7129163886457,2.0010353920110004,1.1161,14.1
sequential,s025,70,3.7071,true,,854.5884943560302,1.4975437982490865,1.1238,13.9
sequential,s025,60,3.1775,true,,854.589145334864,1.5052029742261293,1.1238,13.8
sequential,s025,50,2.6480,true,,849.9939467653455,1.8433616715299437,1.1178,13.9
sequential,s025,40,2.1184,false,recovery_failed,1120.1603702925875,4.992623084217722,,14.7
sequential,s025,30,1.5888,false,not_run_after_fail,,,,0.0
sequential,s028,100,5.3112,true,,958.0285297676609,3.792156092282641,1.2302,15.2
sequential,s028,90,4.7800,true,,958.1630793676004,3.576845897644434,1.2304,15.4
sequential,s028,80,4.2489,true,,958.6389578519584,3.8145130947367907,1.2310,15.3
sequential,s028,70,3.7178,true,,1003.3791131022858,3.653877811761659,1.2885,13.8
sequential,s028,60,3.1867,false,recovery_failed,1004.733501926919,3.644253431325135,,14.6
sequential,s028,50,2.6556,false,not_run_after_fail,,,,0.0
sequential,s028,40,2.1245,false,not_run_after_fail,,,,0.0
sequential,s028,30,1.5933,false,not_run_after_fail,,,,0.0
sequential,s029,100,5.0016,true,,1125.7955368966616,1.6151996090693195,1.1363,15.0
sequential,s029,90,4.5014,true,,1125.789576623642,1.6149682058968264,1.1363,15.0
sequential,s029,80,4.0013,true,,1125.7411743908417,1.6096419106709094,1.1363,14.8
sequential,s029,70,3.5011,true,,1125.3370761448566,1.5681912135807747,1.1359,15.0
sequential,s029,60,3.0010,true,,1125.2898374682109,1.5636369068205813,1.1358,15.0
sequential,s029,50,2.5008,true,,1125.1877332771196,1.5568870740051601,1.1357,14.9
sequential,s029,40,2.0006,false,recovery_failed,1289.9371902343682,3.463301120820594,,15.5
sequential,s029,30,1.5005,false,not_run_after_fail,,,,0.0
sequential,s030,100,8.7501,true,,840.0808173850098,8.749341915882308,1.0277,14.3
sequential,s030,90,7.8751,true,,850.1066282007631,7.873857021128806,1.0400,14.6
sequential,s030,80,7.0001,true,,868.9861145237141,6.778608538299016,1.0631,14.5
sequential,s030,70,6.1250,true,,950.4959154525012,3.9077304409959686,1.1628,14.0
sequential,s030,60,5.2500,true,,950.4959154525012,3.9077304409959686,1.1628,13.9
sequential,s030,50,4.3750,true,,950.4959154525012,3.9077304409959686,1.1628,13.8
sequential,s030,40,3.5000,false,recovery_failed,1231.9326596319565,6.283297055068852,,14.6
sequential,s030,30,2.6250,false,not_run_after_fail,,,,0.0
sequential,s031,100,8.7490,true,,1041.200083809132,5.316877282611346,1.1274,15.9
sequential,s031,90,7.8741,true,,1037.0618808099427,5.364291275417843,1.1229,16.1
sequential,s031,80,6.9992,true,,1036.6495852649984,5.280102932548661,1.1224,16.1
sequential,s031,70,6.1243,true,,1042.281031590673,5.468485082927308,1.1285,16.0
sequential,s031,60,5.2494,true,,1050.661653442187,4.922961386062477,1.1376,14.9
sequential,s031,50,4.3745,false,recovery_failed,1119.361186262667,5.122072519766503,,14.8
sequential,s031,40,3.4996,false,not_run_after_fail,,,,0.0
sequential,s031,30,2.6247,false,not_run_after_fail,,,,0.0
sequential,s032,100,7.4877,true,,1098.4693833459648,5.089270725443091,1.1397,14.7
sequential,s032,90,6.7389,true,,1103.5594787071493,5.081372063541862,1.1450,14.6
sequential,s032,80,5.9901,true,,1110.6187251832107,5.072067969877047,1.1523,14.6
sequential,s032,70,5.2414,true,,1135.2282493552038,5.119056690163474,1.1779,14.3
sequential,s032,60,4.4926,false,recovery_failed,1154.735533166351,4.717415637611487,,14.9
sequential,s032,50,3.7438,false,not_run_after_fail,,,,0.0
sequential,s032,40,2.9951,false,not_run_after_fail,,,,0.0
sequential,s032,30,2.2463,false,not_run_after_fail,,,,0.0
sequential,s033,100,5.6674,true,,1120.1603702925875,5.087597248580671,1.4954,16.2
sequential,s033,90,5.1006,true,,1120.1603702925875,5.087597248580671,1.4954,16.2
sequential,s033,80,4.5339,true,,1117.7025787733164,4.2403026739506,1.4921,16.4
sequential,s033,70,3.9672,true,,1112.4416061302795,3.6483579153037264,1.4851,16.5
sequential,s033,60,3.4004,false,recovery_failed,1113.1458060499815,3.5627586033670724,,14.9
sequential,s033,50,2.8337,false,not_run_after_fail,,,,0.0
sequential,s033,40,2.2670,false,not_run_after_fail,,,,0.0
sequential,s033,30,1.7002,false,not_run_after_fail,,,,0.0
sequential,s035,100,8.7092,true,,904.8988127376183,5.045774357895201,1.0400,14.5
sequential,s035,90,7.8383,true,,903.5055652955682,5.079872442596224,1.0384,14.5
sequential,s035,80,6.9674,true,,904.9645235850485,5.0381301663473135,1.0401,14.5
sequential,s035,70,6.0964,true,,902.7749688415139,5.281149566935982,1.0376,14.6
sequential,s035,60,5.2255,true,,2795.5192251721096,3.9833853360229243,3.2129,14.3
sequential,s035,50,4.3546,false,recovery_failed,1250.6643613406295,5.828010095144419,,14.6
sequential,s035,40,3.4837,false,not_run_after_fail,,,,0.0
sequential,s035,30,2.6128,false,not_run_after_fail,,,,0.0
sequential,s036,100,5.3877,true,,854.4918721873439,5.387674503916124,1.2061,13.8
sequential,s036,90,4.8489,true,,854.7355331663507,4.575288174312237,1.2065,13.9
sequential,s036,80,4.3101,true,,1917.6402949123928,4.157060577307914,2.7068,13.9
sequential,s036,70,3.7714,true,,4943.530089892389,3.6251105265330943,6.9778,15.7
sequential,s036,60,3.2326,true,,854.7355331663507,1.7649014672369299,1.2065,13.7
sequential,s036,50,2.6938,true,,854.7355331663507,1.7649014672369299,1.2065,13.7
sequential,s036,40,2.1551,true,,3036.833815873183,0.9652798616972095,4.2865,14.3
sequential,s036,30,1.6163,true,,3036.8316135515965,0.9692655034688842,4.2865,14.4
sequential,s037,100,5.8289,true,,1312.7876988664043,4.521900070205677,1.2496,14.0
sequential,s037,90,5.2460,true,,1312.7876988664043,4.521900070205677,1.2496,14.0
sequential,s037,80,4.6631,true,,1312.7876988664043,4.521900070205677,1.2496,14.6
sequential,s037,70,4.0802,false,recovery_failed,1312.7876988664043,4.521900070205677,,15.0
sequential,s037,60,3.4973,false,not_run_after_fail,,,,0.0
sequential,s037,50,2.9144,false,not_run_after_fail,,,,0.0
sequential,s037,40,2.3316,false,not_run_after_fail,,,,0.0
sequential,s037,30,1.7487,false,not_run_after_fail,,,,0.0
sequential,s038,100,9.7823,true,,1084.5743697991743,6.408270497750753,1.0931,14.4
sequential,s038,90,8.8041,true,,1084.5956297082146,6.405920102419328,1.0931,14.4
sequential,s038,80,7.8259,true,,1084.7040876681515,6.3723847847653206,1.0932,14.4
sequential,s038,70,6.8476,true,,1105.6572757556614,6.620810075943635,1.1143,16.6
sequential,s038,60,5.8694,false,recovery_failed,1124.5761512542315,6.08734182972045,,14.8
sequential,s038,50,4.8912,false,not_run_after_fail,,,,0.0
sequential,s038,40,3.9129,false,not_run_after_fail,,,,0.0
sequential,s038,30,2.9347,false,not_run_after_fail,,,,0.0
sequential,s040,100,6.6980,true,,963.6854017973916,3.4629757653652375,1.2609,14.3
sequential,s040,90,6.0282,true,,963.6892341254918,3.4635267667752005,1.2609,14.1
sequential,s040,80,5.3584,true,,963.7745237225287,3.4794670360534523,1.2610,14.2
sequential,s040,70,4.6886,true,,963.703224421822,3.4805293051273227,1.2609,14.1
sequential,s040,60,4.0188,true,,969.3611862626665,3.660323935136328,1.2683,13.8
sequential,s040,50,3.3490,false,recovery_failed,969.3611862626665,3.660323935136328,,14.8
sequential,s040,40,2.6792,false,not_run_after_fail,,,,0.0
sequential,s040,30,2.0094,false,not_run_after_fail,,,,0.0
sequential,s043,100,9.5090,true,,900.8554842590656,6.475089969126517,1.1744,14.4
sequential,s043,90,8.5581,true,,904.6267616139339,6.599915950426231,1.1793,14.3
sequential,s043,80,7.6072,true,,901.3134751902487,6.401103014666152,1.1750,14.3
sequential,s043,70,6.6563,true,,2021.0651080912162,5.18300210289642,2.6347,14.4
sequential,s043,60,5.7054,true,,2021.15573027315,5.193511953707789,2.6348,14.2
sequential,s043,50,4.7545,false,recovery_failed,971.6803393687702,6.550684131448287,,14.9
sequential,s043,40,3.8036,false,not_run_after_fail,,,,0.0
sequential,s043,30,2.8527,false,not_run_after_fail,,,,0.0
sequential,s045,100,8.7808,true,,985.3866838643295,6.007575653171747,1.2191,14.8
sequential,s045,90,7.9027,true,,979.8552212780365,5.763540221140126,1.2122,14.8
sequential,s045,80,7.0246,true,,1030.917129885523,3.674083679683503,1.2754,14.3
sequential,s045,70,6.1466,true,,1024.0218637819482,3.7444654152628907,1.2669,14.4
sequential,s045,60,5.2685,true,,1050.3090666334986,4.468314524537825,1.2994,14.3
sequential,s045,50,4.3904,true,,1109.5808063953698,3.9625556155077284,1.3727,14.1
sequential,s045,40,3.5123,true,,4284.935846438064,2.4956859669705254,5.3011,15.3
sequential,s045,30,2.6342,true,,4284.935846438064,2.4956859669705254,5.3011,14.6
sequential,s046,100,10.0078,true,,1154.5813018286947,7.126564325962902,1.1409,15.0
sequential,s046,90,9.0070,true,,1153.723975429323,7.134606856084358,1.1401,15.0
sequential,s046,80,8.0062,true,,1144.9235228531777,7.5982430077885645,1.1314,15.3
sequential,s046,70,7.0055,true,,1178.558372025101,6.383500852684923,1.1646,15.0
sequential,s046,60,6.0047,false,recovery_failed,1278.453970311995,6.9880446090487105,,15.0
sequential,s046,50,5.0039,false,not_run_after_fail,,,,0.0
sequential,s046,40,4.0031,false,not_run_after_fail,,,,0.0
sequential,s046,30,3.0023,false,not_run_after_fail,,,,0.0
sequential,s047,100,5.8596,true,,1096.251282159942,3.4055786648505024,1.5353,13.9
sequential,s047,90,5.2736,true,,1096.251282159942,3.4055786648505024,1.5353,13.9
sequential,s047,80,4.6877,true,,1096.251282159942,3.4055786648505024,1.5353,13.9
sequential,s047,70,4.1017,true,,1096.251282159942,3.4055786648505024,1.5353,13.9
sequential,s047,60,3.5158,true,,1096.251282159942,3.4055786648505024,1.5353,13.8
sequential,s047,50,2.9298,true,,1894.628958271366,1.0767714561603363,2.6534,13.8
sequential,s047,40,2.3438,false,recovery_failed,1208.0370327668124,6.013906382160013,,14.0
sequential,s047,30,1.7579,false,not_run_after_fail,,,,0.0
sequential,s048,100,6.4952,true,,967.9284220237198,4.700356523928758,1.0431,14.1
sequential,s048,90,5.8457,true,,941.1572937028515,4.495010456585878,1.0143,15.0
sequential,s048,80,5.1962,true,,969.3611862626666,4.812636063522048,1.0447,14.1
sequential,s048,70,4.5467,true,,1092.6616649181096,3.112356562722835,1.1775,15.0
sequential,s048,60,3.8971,true,,1111.5282520779333,3.119792638076358,1.1979,14.2
sequential,s048,50,3.2476,true,,1101.1365364490196,3.0501227657518784,1.1867,14.3
sequential,s048,40,2.5981,false,recovery_failed,1312.7876988664043,3.807962835683664,,15.7
sequential,s048,30,1.9486,false,not_run_after_fail,,,,0.0
sequential,s049,100,11.4189,true,,950.5475234416665,10.36678297525343,1.0336,14.3
sequential,s049,90,10.2770,true,,955.8445374913447,10.276978179853613,1.0393,14.2
sequential,s049,80,9.1351,true,,959.9505364407094,9.13509138564056,1.0438,14.1
sequential,s049,70,7.9932,true,,950.9099355248904,7.993199185395125,1.0340,14.2
sequential,s049,60,6.8513,true,,954.428533808705,6.8513125377212365,1.0378,14.1
sequential,s049,50,5.7094,true,,967.7015634449306,5.134464132194434,1.0522,14.9
sequential,s049,40,4.5675,true,,1154.735533166351,3.474291831457729,1.2556,14.1
sequential,s049,30,3.4257,false,recovery_failed,1276.0585661680998,4.114880072723944,,15.4
sequential,s050,100,8.9086,true,,1064.7062671509475,2.156473898286595,1.3189,14.4
sequential,s050,90,8.0177,true,,1104.1433149201557,2.6843503701886746,1.3678,14.3
sequential,s050,80,7.1269,true,,1077.0610735825987,2.3223646580121837,1.3342,14.3
sequential,s050,70,6.2360,true,,1092.6232487566413,2.5309177093977384,1.3535,14.2
sequential,s050,60,5.3452,true,,1092.8114374255856,2.529052286476507,1.3538,14.1
sequential,s050,50,4.4543,true,,1104.8144718844455,2.69276599295895,1.3686,14.0
sequential,s050,40,3.5634,true,,2065.321081021837,2.9193874915591915,2.5585,13.9
sequential,s050,30,2.6726,false,recovery_failed,1162.7876988664043,3.664581029852704,,14.8
sequential,s053,100,5.9518,true,,786.3122779309102,5.9517821407022105,1.1093,14.2
sequential,s053,90,5.3566,true,,854.7355331663507,2.219777100629436,1.2058,14.0
sequential,s053,80,4.7614,true,,854.7355331663507,2.219777100629436,1.2058,14.1
sequential,s053,70,4.1662,true,,854.7355331663507,2.219777100629436,1.2058,14.0
sequential,s053,60,3.5711,true,,854.7355331663507,2.219777100629436,1.2058,13.9
sequential,s053,50,2.9759,true,,854.7355331663507,2.219777100629436,1.2058,13.9
sequential,s053,40,2.3807,false,recovery_failed,1824.216544545604,3.905040257893709,,14.9
sequential,s053,30,1.7855,false,not_run_after_fail,,,,0.0
sequential,s055,100,5.0483,true,,1144.9258680020732,3.7166415703909252,1.1559,14.0
sequential,s055,90,4.5435,true,,1144.9259668102623,3.7156079325474054,1.1559,14.1
sequential,s055,80,4.0386,true,,1144.8684515468324,3.7239834870781015,1.1558,14.1
sequential,s055,70,3.5338,true,,1154.735533166351,1.9657771561090343,1.1658,14.0
sequential,s055,60,3.0290,true,,1154.735533166351,1.9657771561090343,1.1658,13.8
sequential,s055,50,2.5241,false,recovery_failed,1271.8013583159561,3.532383377975049,,14.5
sequential,s055,40,2.0193,false,not_run_after_fail,,,,0.0
sequential,s055,30,1.5145,false,not_run_after_fail,,,,0.0
sequential,s057,100,5.1397,true,,903.0723143338963,3.0587618055986994,0.8768,14.8
sequential,s057,90,4.6257,true,,904.9236473701102,2.598414973727405,0.8786,14.7
sequential,s057,80,4.1118,true,,955.0455428055216,3.094168318249113,0.9272,13.9
sequential,s057,70,3.5978,true,,1125.5140866976794,2.389192723030225,1.0927,14.6
sequential,s057,60,3.0838,true,,1128.2031044340802,2.3639345629254698,1.0953,14.4
sequential,s057,50,2.5699,true,,1398.9021115493047,1.9424205110368815,1.3582,14.0
sequential,s057,40,2.0559,false,recovery_failed,1250.6533069314062,3.558353556664935,,14.9
sequential,s057,30,1.5419,false,not_run_after_fail,,,,0.0
sequential,s058,100,6.9173,true,,848.562987208451,4.961817088360387,1.3343,14.0
sequential,s058,90,6.2256,true,,848.5308436323083,4.4181837354514615,1.3342,14.0
sequential,s058,80,5.5338,true,,848.3208379912714,4.733375407934416,1.3339,14.2
sequential,s058,70,4.8421,false,recovery_failed,854.7355331663507,5.049965322532969,,14.8
sequential,s058,60,4.1504,false,not_run_after_fail,,,,0.0
sequential,s058,50,3.4586,false,not_run_after_fail,,,,0.0
sequential,s058,40,2.7669,false,not_run_after_fail,,,,0.0
sequential,s058,30,2.0752,false,not_run_after_fail,,,,0.0
sequential,s060,100,7.4188,true,,750.4922439605183,4.126956414871848,1.1911,14.5
sequential,s060,90,6.6769,true,,750.5097090823274,4.115219109651997,1.1912,14.5
sequential,s060,80,5.9351,true,,750.539215258243,4.093873305122516,1.1912,14.5
sequential,s060,70,5.1932,true,,750.5997255356893,4.0426921624847845,1.1913,14.5
sequential,s060,60,4.4513,true,,750.795216010175,4.2727025555424,1.1916,14.5
sequential,s060,50,3.7094,true,,814.5630976681462,3.7094078853501418,1.2928,15.3
sequential,s060,40,2.9675,false,recovery_failed,2020.0893117570988,5.158607447925308,,17.6
sequential,s060,30,2.2256,false,not_run_after_fail,,,,0.0
sequential,s061,100,8.9677,true,,652.1903648233119,3.185743675599922,1.0503,14.2
sequential,s061,90,8.0709,true,,651.9583896234243,3.145180219124529,1.0499,14.2
sequential,s061,80,7.1741,true,,651.562870322339,3.1071145499636907,1.0493,14.2
sequential,s061,70,6.2774,true,,644.7182909444056,3.1516616525358296,1.0382,14.5
sequential,s061,60,5.3806,true,,649.3178359455711,2.835434622752555,1.0456,14.2
sequential,s061,50,4.4838,true,,646.7057723576111,3.196499853678668,1.0414,14.2
sequential,s061,40,3.5871,true,,684.9823223848273,3.433268763104592,1.1031,13.9
sequential,s061,30,2.6903,true,,854.7355331663507,1.3255200586576248,1.3764,13.8
sequential,s062,100,5.2141,true,,1156.5199540901742,5.214056866642138,1.4358,14.1
sequential,s062,90,4.6927,true,,1162.7876988664043,1.490090680889307,1.4436,13.9
sequential,s062,80,4.1712,true,,1162.7876988664043,1.490090680889307,1.4436,13.9
sequential,s062,70,3.6498,true,,1162.7876988664043,1.490090680889307,1.4436,14.0
sequential,s062,60,3.1284,true,,1162.7876988664043,1.490090680889307,1.4436,14.0
sequential,s062,50,2.6070,true,,1162.7876988664043,1.490090680889307,1.4436,13.8
sequential,s062,40,2.0856,true,,1162.7876988664043,1.490090680889307,1.4436,14.4
sequential,s062,30,1.5642,true,,1162.7876988664043,1.490090680889307,1.4436,14.4
sequential,s063,100,5.2198,true,,1162.7876988664043,1.8517678975902852,1.1431,14.0
sequential,s063,90,4.6978,true,,1162.7876988664043,1.8517678975902852,1.1431,13.9
sequential,s063,80,4.1758,true,,1162.7876988664043,1.8517678975902852,1.1431,13.9
sequential,s063,70,3.6539,true,,1162.7876988664043,1.8517678975902852,1.1431,13.9
sequential,s063,60,3.1319,true,,1162.7876988664043,1.8517678975902852,1.1431,14.0
sequential,s063,50,2.6099,true,,1162.7876988664043,1.8517678975902852,1.1431,14.0
sequential,s063,40,2.0879,false,recovery_failed,1974.216544545605,5.044765987130554,,15.5
sequential,s063,30,1.5659,false,not_run_after_fail,,,,0.0
sequential,s064,100,10.1594,true,,897.5530027572123,6.362297241787005,1.1151,14.4
sequential,s064,90,9.1435,true,,897.454340440892,6.363065522979669,1.1150,14.4
sequential,s064,80,8.1275,true,,897.1428818465658,6.366350115124022,1.1146,14.4
sequential,s064,70,7.1116,true,,1375.5423979753111,5.215827982636091,1.7089,14.0
sequential,s064,60,6.0956,true,,1375.546684889791,5.215725240247215,1.7089,14.0
sequential,s064,50,5.0797,false,recovery_failed,932.6798808872832,5.902368443286215,,15.4
sequential,s064,40,4.0638,false,not_run_after_fail,,,,0.0
sequential,s064,30,3.0478,false,not_run_after_fail,,,,0.0
sequential,s066,100,5.3454,true,,854.7355331663507,1.6177009714030735,1.3793,13.8
sequential,s066,90,4.8109,true,,854.7355331663507,1.6177009714030735,1.3793,13.9
sequential,s066,80,4.2763,true,,854.7355331663507,1.6177009714030735,1.3793,13.7
sequential,s066,70,3.7418,true,,849.4093699007373,2.0281403414124815,1.3707,14.2
sequential,s066,60,3.2073,true,,854.7355331663507,1.6177009714030735,1.3793,13.8
sequential,s066,50,2.6727,true,,854.7355331663507,1.6177009714030735,1.3793,13.7
sequential,s066,40,2.1382,true,,1894.3464361605604,1.2803065927927157,3.0570,14.3
sequential,s066,30,1.6036,false,recovery_failed,1824.2190176284546,3.7607459757107926,,14.9
sequential,s067,100,9.1966,true,,1054.1958900148002,4.4086760259389814,1.1956,14.4
sequential,s067,90,8.2770,true,,1128.4539703119947,5.066738936469222,1.2798,14.1
sequential,s067,80,7.3573,true,,1128.4539703119947,5.066738936469222,1.2798,14.3
sequential,s067,70,6.4376,true,,1128.4539703119947,5.066738936469222,1.2798,14.2
sequential,s067,60,5.5180,true,,1128.4539703119947,5.066738936469222,1.2798,14.1
sequential,s067,50,4.5983,false,recovery_failed,1128.4539703119947,5.066738936469222,,14.9
sequential,s067,40,3.6786,false,not_run_after_fail,,,,0.0
sequential,s067,30,2.7590,false,not_run_after_fail,,,,0.0
sequential,s068,100,4.9268,true,,798.423704818525,3.9093980430293813,1.1713,14.2
sequential,s068,90,4.4341,true,,834.3413642071903,0.9750894126168409,1.2240,13.9
sequential,s068,80,3.9414,true,,834.3413642071903,0.9750894126168409,1.2240,13.8
sequential,s068,70,3.4488,true,,834.3413642071903,0.9750894126168409,1.2240,14.0
sequential,s068,60,2.9561,true,,834.3413642071903,0.9750894126168409,1.2240,13.9
sequential,s068,50,2.4634,true,,834.3413642071903,0.9750894126168409,1.2240,13.6
sequential,s068,40,1.9707,true,,1080.8799235197102,0.7495854143220094,1.5856,13.8
sequential,s068,30,1.4780,true,,1080.8799235197102,0.7495854143220094,1.5856,13.8
sequential,s069,100,5.0933,true,,989.064780007275,4.085830528665089,1.1475,14.1
sequential,s069,90,4.5840,true,,966.8718439283455,4.5839720824884616,1.1217,14.5
sequential,s069,80,4.0746,true,,1004.7355331663507,3.4628985672473442,1.1656,13.9
sequential,s069,70,3.5653,true,,1004.7355331663507,3.4628985672473442,1.1656,13.9
sequential,s069,60,3.0560,false,recovery_failed,1004.7355331663507,3.4628985672473442,,14.5
sequential,s069,50,2.5467,false,not_run_after_fail,,,,0.0
sequential,s069,40,2.0373,false,not_run_after_fail,,,,0.0
sequential,s069,30,1.5280,false,not_run_after_fail,,,,0.0
sequential,s070,100,9.7873,true,,1066.8337047163348,3.641158131982289,1.1174,14.2
sequential,s070,90,8.8086,true,,1162.7876988664043,3.5624139648691218,1.2179,13.9
sequential,s070,80,7.8299,true,,1162.7876988664043,3.5624139648691218,1.2179,14.0
sequential,s070,70,6.8511,true,,1162.7876988664043,3.5624139648691218,1.2179,13.8
sequential,s070,60,5.8724,true,,1162.7876988664043,3.5624139648691218,1.2179,13.8
sequential,s070,50,4.8937,true,,1162.7876988664043,3.5624139648691218,1.2179,13.7
sequential,s070,40,3.9149,true,,1162.7876988664043,3.5624139648691218,1.2179,13.8
sequential,s070,30,2.9362,false,recovery_failed,1162.7876988664043,3.5624139648691218,,14.6
sequential,s073,100,5.1636,true,,813.507418208139,4.37842123250156,1.2360,14.3
sequential,s073,90,4.6472,true,,813.3163467386794,4.187728027716092,1.2357,14.3
sequential,s073,80,4.1309,true,,854.7355331663507,1.3218774715692927,1.2987,13.9
sequential,s073,70,3.6145,true,,854.7355331663507,1.3218774715692927,1.2987,13.9
sequential,s073,60,3.0981,true,,854.7355331663507,1.3218774715692927,1.2987,14.0
sequential,s073,50,2.5818,true,,854.7355331663507,1.3218774715692927,1.2987,13.9
sequential,s073,40,2.0654,true,,2166.3889256350944,1.078769121808978,3.2916,14.4
sequential,s073,30,1.5491,true,,2166.462462426686,1.0590017433289936,3.2917,14.2
sequential,s075,100,5.6962,true,,1011.7349627541577,4.40945461437917,1.5461,13.9
sequential,s075,90,5.1266,true,,1011.7349627541577,4.40945461437917,1.5461,13.9
sequential,s075,80,4.5570,true,,1011.7349627541577,4.40945461437917,1.5461,14.0
sequential,s075,70,3.9874,true,,2167.775887160579,1.2231641117961376,3.3126,14.1
sequential,s075,60,3.4177,true,,2167.775887160579,1.2231641117961376,3.3126,14.0
sequential,s075,50,2.8481,true,,2167.775887160579,1.2231641117961376,3.3126,13.9
sequential,s075,40,2.2785,true,,2167.775887160579,1.2231641117961376,3.3126,13.8
sequential,s075,30,1.7089,true,,2167.775887160579,1.2231641117961376,3.3126,13.8
sequential,s079,100,8.3152,true,,1121.5115133971565,6.103237923813937,1.1955,14.2
sequential,s079,90,7.4837,true,,1154.735533166351,4.791753002006811,1.2309,14.1
sequential,s079,80,6.6521,true,,1154.735533166351,4.791753002006811,1.2309,14.1
sequential,s079,70,5.8206,true,,1154.735533166351,4.791753002006811,1.2309,14.0
sequential,s079,60,4.9891,true,,1146.3368415197137,4.989100996550653,1.2219,14.1
sequential,s079,50,4.1576,false,recovery_failed,1154.735533166351,4.791753002006811,,14.8
sequential,s079,40,3.3261,false,not_run_after_fail,,,,0.0
sequential,s079,30,2.4946,false,not_run_after_fail,,,,0.0
sequential,s080,100,9.1105,true,,1196.250013753403,4.6507079433269505,1.3290,14.6
sequential,s080,90,8.1994,true,,1033.0805308898641,4.445773643149408,1.1477,15.5
sequential,s080,80,7.2884,true,,1179.0318247164757,4.840722351874672,1.3098,14.7
sequential,s080,70,6.3773,true,,1159.3533820950743,4.62265205521976,1.2880,14.9
sequential,s080,60,5.4663,false,recovery_failed,1255.963760204293,5.633981759018687,,15.2
sequential,s080,50,4.5552,false,not_run_after_fail,,,,0.0
sequential,s080,40,3.6442,false,not_run_after_fail,,,,0.0
sequential,s080,30,2.7331,false,not_run_after_fail,,,,0.0
sequential,s081,100,5.2657,true,,931.7851852084932,3.9770240381436714,1.1597,15.0
sequential,s081,90,4.7391,true,,967.5954719187806,3.77792553463206,1.2043,14.5
sequential,s081,80,4.2125,true,,1004.7355331663507,3.6445385972824904,1.2505,14.0
sequential,s081,70,3.6860,true,,1004.7355331663507,3.6445385972824904,1.2505,14.4
sequential,s081,60,3.1594,false,recovery_failed,1004.7372338514604,3.6445021040202685,,14.8
sequential,s081,50,2.6328,false,not_run_after_fail,,,,0.0
sequential,s081,40,2.1063,false,not_run_after_fail,,,,0.0
sequential,s081,30,1.5797,false,not_run_after_fail,,,,0.0
sequential,s082,100,5.1178,true,,1004.7355331663507,3.5429944769689024,1.2813,13.9
sequential,s082,90,4.6060,true,,1004.7355331663507,3.5429944769689024,1.2813,13.9
sequential,s082,80,4.0943,true,,1004.7355331663507,3.5429944769689024,1.2813,13.9
sequential,s082,70,3.5825,true,,1004.7355331663507,3.5429944769689024,1.2813,13.9
sequential,s082,60,3.0707,true,,1068.061197636926,1.551499093580431,1.3621,13.9
sequential,s082,50,2.5589,true,,1068.5341732242218,1.5512405030752323,1.3627,13.9
sequential,s082,40,2.0471,true,,1162.7876988664043,1.5191332418494266,1.4829,13.9
sequential,s082,30,1.5353,true,,1162.7876988664043,1.5191332418494266,1.4829,13.9
sequential,s084,100,6.6722,true,,672.5539319274466,3.7166287156325226,1.1020,14.4
sequential,s084,90,6.0050,true,,675.1334531351564,3.7692373202285294,1.1062,14.4
sequential,s084,80,5.3378,true,,678.8246181988891,3.8553206944377933,1.1123,14.3
sequential,s084,70,4.6705,true,,682.4638002930528,3.9368546299198144,1.1182,14.3
sequential,s084,60,4.0033,true,,685.6428740594561,3.8726767660677774,1.1234,13.9
sequential,s084,50,3.3361,false,recovery_failed,685.86945953166,3.6779904730921964,,14.8
sequential,s084,40,2.6689,false,not_run_after_fail,,,,0.0
sequential,s084,30,2.0017,false,not_run_after_fail,,,,0.0
clgbt,s002,100,6.7390,true,,1038.0014660107345,3.401624860645725,1.7186,13.0
clgbt,s002,90,6.0651,true,,1038.0014660107345,3.401624860645725,1.7186,12.9
clgbt,s002,80,5.3912,true,,1038.0014660107345,3.401624860645725,1.7186,12.9
clgbt,s002,70,4.7173,true,,1038.0014660107345,3.401624860645725,1.7186,13.1
clgbt,s002,60,4.0434,true,,1038.0014660107345,3.401624860645725,1.7186,13.1
clgbt,s002,50,3.3695,true,,1395.2571903366975,2.3836588528118696,2.3101,13.7
clgbt,s002,40,2.6956,true,,1367.5896898792628,0.8386059617136525,2.2643,14.0
clgbt,s002,30,2.0217,true,,1369.4977418348672,0.8230697522273668,2.2675,13.8
clgbt,s004,100,5.3423,true,,1795.7294971875228,2.2516608487377168,2.2441,14.2
clgbt,s004,90,4.8080,true,,1869.2697090663241,1.1911485313255261,2.3360,13.8
clgbt,s004,80,4.2738,true,,1865.1061057068905,1.1899028595487282,2.3308,14.3
clgbt,s004,70,3.7396,true,,1861.7138040791094,1.195554316363084,2.3266,13.8
clgbt,s004,60,3.2054,false,recovery_failed,1464.4319675890974,1.944941670789627,,21.7
clgbt,s004,50,2.6711,false,not_run_after_fail,,,,0.0
clgbt,s004,40,2.1369,false,not_run_after_fail,,,,0.0
clgbt,s004,30,1.6027,false,not_run_after_fail,,,,0.0
clgbt,s007,100,7.1391,true,,1146.0627345737496,5.571495497912789,1.4657,13.0
clgbt,s007,90,6.4252,true,,1146.0337442806128,5.566822828990349,1.4657,13.0
clgbt,s007,80,5.7113,true,,1004.4289342857894,5.341230164159799,1.2846,13.4
clgbt,s007,70,4.9974,true,,1103.9186299501494,4.90214485432598,1.4118,13.1
clgbt,s007,60,4.2835,true,,1360.6082669335058,4.032005021976294,1.7401,14.8
clgbt,s007,50,3.5695,true,,1148.45301446726,2.4339444201953078,1.4688,107.6
clgbt,s007,40,2.8556,false,no_solution,null,null,,930.0
clgbt,s007,30,2.1417,false,not_run_after_fail,,,,0.0
clgbt,s008,100,7.9691,true,,996.7800106425515,6.683873296878282,1.0313,14.9
clgbt,s008,90,7.1722,true,,1022.3251787434747,7.11217197775101,1.0577,13.7
clgbt,s008,80,6.3753,true,,1157.94242726927,6.052107955257259,1.1980,13.1
clgbt,s008,70,5.5784,true,,2249.5781015372295,4.269365471249018,2.3275,16.4
clgbt,s008,60,4.7815,false,recovery_failed,2247.5112203368367,2.3475753006905995,,129.6
clgbt,s008,50,3.9845,false,not_run_after_fail,,,,0.0
clgbt,s008,40,3.1876,false,not_run_after_fail,,,,0.0
clgbt,s008,30,2.3907,false,not_run_after_fail,,,,0.0
clgbt,s012,100,7.5978,true,,1177.029254930974,5.558470459415355,1.0461,14.3
clgbt,s012,90,6.8380,true,,1176.9055090323031,5.560044940898593,1.0460,14.3
clgbt,s012,80,6.0783,true,,1179.3981536948513,5.398284087190702,1.0482,14.4
clgbt,s012,70,5.3185,false,no_solution,null,null,,1072.8
clgbt,s012,60,4.5587,false,not_run_after_fail,,,,0.0
clgbt,s012,50,3.7989,false,not_run_after_fail,,,,0.0
clgbt,s012,40,3.0391,false,not_run_after_fail,,,,0.0
clgbt,s012,30,2.2793,false,not_run_after_fail,,,,0.0
clgbt,s015,100,6.0115,true,,1607.2603618749845,4.476302319009105,1.6479,13.0
clgbt,s015,90,5.4104,true,,1607.2603618749845,4.476302319009105,1.6479,13.0
clgbt,s015,80,4.8092,true,,1607.2603618749845,4.476302319009105,1.6479,13.3
clgbt,s015,70,4.2081,true,,1456.581614570134,3.395067924837177,1.4934,21.0
clgbt,s015,60,3.6069,true,,2212.0440548921965,3.015250533680696,2.2680,123.8
clgbt,s015,50,3.0058,false,no_solution,null,null,,954.1
clgbt,s015,40,2.4046,false,not_run_after_fail,,,,0.0
clgbt,s015,30,1.8035,false,not_run_after_fail,,,,0.0
clgbt,s016,100,5.3298,true,,1434.1689776635335,4.285297212165565,1.5299,128.0
clgbt,s016,90,4.7968,false,recovery_failed,1352.0362982195209,3.5457855107865215,,731.2
clgbt,s016,80,4.2639,false,not_run_after_fail,,,,0.0
clgbt,s016,70,3.7309,false,not_run_after_fail,,,,0.0
clgbt,s016,60,3.1979,false,not_run_after_fail,,,,0.0
clgbt,s016,50,2.6649,false,not_run_after_fail,,,,0.0
clgbt,s016,40,2.1319,false,not_run_after_fail,,,,0.0
clgbt,s016,30,1.5989,false,not_run_after_fail,,,,0.0
clgbt,s017,100,8.9550,true,,1395.9639566794463,6.806625572497076,1.5289,14.4
clgbt,s017,90,8.0595,true,,1411.0310441062434,6.89456994696143,1.5454,14.2
clgbt,s017,80,7.1640,false,recovery_failed,2095.9368006165896,6.023969998557502,,19.6
clgbt,s017,70,6.2685,false,not_run_after_fail,,,,0.0
clgbt,s017,60,5.3730,false,not_run_after_fail,,,,0.0
clgbt,s017,50,4.4775,false,not_run_after_fail,,,,0.0
clgbt,s017,40,3.5820,false,not_run_after_fail,,,,0.0
clgbt,s017,30,2.6865,false,not_run_after_fail,,,,0.0
clgbt,s023,100,5.0964,true,,1038.0014660107345,4.364438165395855,1.6326,12.9
clgbt,s023,90,4.5868,true,,1038.0014660107345,4.364438165395855,1.6326,12.9
clgbt,s023,80,4.0771,true,,1595.5498342771662,2.582918311781752,2.5095,16.2
clgbt,s023,70,3.5675,true,,1593.3184166813203,2.525230887578677,2.5060,16.2
clgbt,s023,60,3.0578,true,,1502.581552225323,2.814419505686946,2.3633,18.1
clgbt,s023,50,2.5482,true,,1679.1380395931603,1.3446963496052566,2.6410,17.0
clgbt,s023,40,2.0386,true,,1679.1380395931603,1.3446963496052566,2.6410,17.2
clgbt,s023,30,1.5289,false,no_solution,null,null,,456.5
clgbt,s024,100,10.8850,true,,1087.349730993053,6.333222200484831,1.1831,13.9
clgbt,s024,90,9.7965,true,,1087.3936004784996,6.3242026754109055,1.1832,13.8
clgbt,s024,80,8.7080,true,,1087.4202391760332,6.327228729232126,1.1832,13.9
clgbt,s024,70,7.6195,true,,1085.8025967671902,6.338903512155443,1.1814,14.9
clgbt,s024,60,6.5310,true,,1307.7403974628937,6.328592420748742,1.4229,14.2
clgbt,s024,50,5.4425,true,,1500.7566866293641,5.350763297303173,1.6329,101.7
clgbt,s024,40,4.3540,false,no_solution,null,null,,865.3
clgbt,s024,30,3.2655,false,not_run_after_fail,,,,0.0
clgbt,s025,100,5.2959,true,,1038.0014660107345,4.752957254879361,1.3650,12.9
clgbt,s025,90,4.7663,true,,1038.0014660107345,4.752957254879361,1.3650,12.9
clgbt,s025,80,4.2367,false,recovery_failed,1372.5877668497199,4.135117536603899,,13.9
clgbt,s025,70,3.7071,false,not_run_after_fail,,,,0.0
clgbt,s025,60,3.1775,false,not_run_after_fail,,,,0.0
clgbt,s025,50,2.6480,false,not_run_after_fail,,,,0.0
clgbt,s025,40,2.1184,false,not_run_after_fail,,,,0.0
clgbt,s025,30,1.5888,false,not_run_after_fail,,,,0.0
clgbt,s028,100,5.3112,true,,1877.239096740103,4.88168291056033,2.4106,14.4
clgbt,s028,90,4.7800,true,,1674.929396328575,4.387566277806556,2.1508,129.7
clgbt,s028,80,4.2489,false,no_solution,null,null,,684.8
clgbt,s028,70,3.7178,false,not_run_after_fail,,,,0.0
clgbt,s028,60,3.1867,false,not_run_after_fail,,,,0.0
clgbt,s028,50,2.6556,false,not_run_after_fail,,,,0.0
clgbt,s028,40,2.1245,false,not_run_after_fail,,,,0.0
clgbt,s028,30,1.5933,false,not_run_after_fail,,,,0.0
clgbt,s029,100,5.0016,true,,1177.2710911252236,5.001584872358695,1.1883,13.0
clgbt,s029,90,4.5014,true,,1264.822255021639,1.198489659171839,1.2767,12.8
clgbt,s029,80,4.0013,true,,1264.880680965818,1.1976428496655516,1.2767,13.0
clgbt,s029,70,3.5011,true,,1519.3066318796111,2.923801351666233,1.5335,35.9
clgbt,s029,60,3.0010,false,recovery_failed,1502.2797726637266,2.9054451221306925,,36.3
clgbt,s029,50,2.5008,false,not_run_after_fail,,,,0.0
clgbt,s029,40,2.0006,false,not_run_after_fail,,,,0.0
clgbt,s029,30,1.5005,false,not_run_after_fail,,,,0.0
clgbt,s030,100,8.7501,true,,1148.288533772767,7.431014367535598,1.4048,13.0
clgbt,s030,90,7.8751,true,,1148.288533772767,7.431014367535598,1.4048,12.9
clgbt,s030,80,7.0001,true,,1921.3688778807737,6.500063285376001,2.3505,14.5
clgbt,s030,70,6.1250,true,,1976.5967722352398,5.500405241082545,2.4181,14.1
clgbt,s030,60,5.2500,false,recovery_failed,1275.863014764102,4.955147629488484,,463.6
clgbt,s030,50,4.3750,false,not_run_after_fail,,,,0.0
clgbt,s030,40,3.5000,false,not_run_after_fail,,,,0.0
clgbt,s030,30,2.6250,false,not_run_after_fail,,,,0.0
clgbt,s031,100,8.7490,true,,1102.7456090284836,8.579785768690275,1.1940,13.0
clgbt,s031,90,7.8741,true,,1685.8312946908661,6.736090091180247,1.8253,15.3
clgbt,s031,80,6.9992,true,,1688.2519614590367,6.668964474437288,1.8280,15.7
clgbt,s031,70,6.1243,true,,1280.3962610789938,5.857351148200911,1.3864,654.8
clgbt,s031,60,5.2494,false,no_solution,null,null,,934.9
clgbt,s031,50,4.3745,false,not_run_after_fail,,,,0.0
clgbt,s031,40,3.4996,false,not_run_after_fail,,,,0.0
clgbt,s031,30,2.6247,false,not_run_after_fail,,,,0.0
clgbt,s032,100,7.4877,true,,980.6801066850006,7.487679188955451,1.0175,14.4
clgbt,s032,90,6.7389,true,,1891.0525965581041,5.489667655589933,1.9621,13.5
clgbt,s032,80,5.9901,true,,1891.0525965581041,5.489667655589933,1.9621,13.5
clgbt,s032,70,5.2414,true,,2438.66213354325,3.391240471438615,2.5303,56.3
clgbt,s032,60,4.4926,true,,2438.66213354325,3.391240471438615,2.5303,56.2
clgbt,s032,50,3.7438,false,no_solution,null,null,,874.5
clgbt,s032,40,2.9951,false,not_run_after_fail,,,,0.0
clgbt,s032,30,2.2463,false,not_run_after_fail,,,,0.0
clgbt,s033,100,5.6674,true,,1038.0014660107345,5.515925665774315,1.3857,13.0
clgbt,s033,90,5.1006,true,,1234.8107879676188,3.0740615000349023,1.6485,14.2
clgbt,s033,80,4.5339,true,,1304.5845885445092,2.4066482188144693,1.7416,13.7
clgbt,s033,70,3.9672,true,,1306.9593081426206,2.4192133050543028,1.7448,13.6
clgbt,s033,60,3.4004,true,,1111.835436767217,2.690580105846326,1.4843,13.3
clgbt,s033,50,2.8337,true,,1363.5700841457408,2.1471730928037545,1.8204,15.1
clgbt,s033,40,2.2670,false,no_solution,null,null,,465.6
clgbt,s033,30,1.7002,false,not_run_after_fail,,,,0.0
clgbt,s035,100,8.7092,true,,1060.1011051546589,8.522083899388809,1.2184,14.8
clgbt,s035,90,7.8383,true,,1732.5281082058393,5.520742033308909,1.9912,15.7
clgbt,s035,80,6.9674,true,,1730.1638025526697,5.515389811507325,1.9885,15.7
clgbt,s035,70,6.0964,true,,1736.5789124753992,5.991511232873488,1.9959,16.2
clgbt,s035,60,5.2255,false,no_solution,null,null,,952.2
clgbt,s035,50,4.3546,false,not_run_after_fail,,,,0.0
clgbt,s035,40,3.4837,false,not_run_after_fail,,,,0.0
clgbt,s035,30,2.6128,false,not_run_after_fail,,,,0.0
clgbt,s036,100,5.3877,true,,989.4193341494824,5.155484645624892,1.3966,13.9
clgbt,s036,90,4.8489,false,recovery_failed,1356.638845345149,3.830584388906878,,14.8
clgbt,s036,80,4.3101,false,not_run_after_fail,,,,0.0
clgbt,s036,70,3.7714,false,not_run_after_fail,,,,0.0
clgbt,s036,60,3.2326,false,not_run_after_fail,,,,0.0
clgbt,s036,50,2.6938,false,not_run_after_fail,,,,0.0
clgbt,s036,40,2.1551,false,not_run_after_fail,,,,0.0
clgbt,s036,30,1.6163,false,not_run_after_fail,,,,0.0
clgbt,s037,100,5.8289,true,,2334.4335711375634,5.208448444195143,2.2221,14.2
clgbt,s037,90,5.2460,false,recovery_failed,1461.7476845508004,3.1733374326828026,,22.1
clgbt,s037,80,4.6631,false,not_run_after_fail,,,,0.0
clgbt,s037,70,4.0802,false,not_run_after_fail,,,,0.0
clgbt,s037,60,3.4973,false,not_run_after_fail,,,,0.0
clgbt,s037,50,2.9144,false,not_run_after_fail,,,,0.0
clgbt,s037,40,2.3316,false,not_run_after_fail,,,,0.0
clgbt,s037,30,1.7487,false,not_run_after_fail,,,,0.0
clgbt,s038,100,9.7823,true,,1218.9336623580928,9.48019374720272,1.2285,13.1
clgbt,s038,90,8.8041,true,,1212.1201097323412,7.735853210646154,1.2216,17.6
clgbt,s038,80,7.8259,true,,2074.9004326066442,7.3678879215367346,2.0911,19.7
clgbt,s038,70,6.8476,false,no_solution,null,null,,1198.1
clgbt,s038,60,5.8694,false,not_run_after_fail,,,,0.0
clgbt,s038,50,4.8912,false,not_run_after_fail,,,,0.0
clgbt,s038,40,3.9129,false,not_run_after_fail,,,,0.0
clgbt,s038,30,2.9347,false,not_run_after_fail,,,,0.0
clgbt,s040,100,6.6980,true,,889.5197311656848,6.355610549120931,1.1638,13.0
clgbt,s040,90,6.0282,true,,1804.3589396588607,5.555795621218288,2.3608,13.1
clgbt,s040,80,5.3584,true,,2071.401392135537,4.015357271763226,2.7102,14.3
clgbt,s040,70,4.6886,true,,1221.2635031819784,3.644003755786792,1.5979,17.3
clgbt,s040,60,4.0188,true,,1232.8113192467624,3.441207898331344,1.6130,17.1
clgbt,s040,50,3.3490,false,recovery_failed,1837.9660923301758,2.464489782092362,,28.8
clgbt,s040,40,2.6792,false,not_run_after_fail,,,,0.0
clgbt,s040,30,2.0094,false,not_run_after_fail,,,,0.0
clgbt,s043,100,9.5090,true,,1203.3469825195564,8.852774185152912,1.5687,13.8
clgbt,s043,90,8.5581,true,,1069.1696696813535,6.8302091089659145,1.3938,13.1
clgbt,s043,80,7.6072,true,,1069.118036298833,6.828488408287187,1.3937,13.3
clgbt,s043,70,6.6563,false,recovery_failed,1055.3798901506684,6.5605875408037715,,14.6
clgbt,s043,60,5.7054,false,not_run_after_fail,,,,0.0
clgbt,s043,50,4.7545,false,not_run_after_fail,,,,0.0
clgbt,s043,40,3.8036,false,not_run_after_fail,,,,0.0
clgbt,s043,30,2.8527,false,not_run_after_fail,,,,0.0
clgbt,s045,100,8.7808,true,,1100.7775299134305,5.359787940580718,1.3618,13.7
clgbt,s045,90,7.9027,true,,1144.467068024353,6.216565891139914,1.4159,13.9
clgbt,s045,80,7.0246,true,,1220.1906941685877,6.757553487930404,1.5096,13.9
clgbt,s045,70,6.1466,true,,1253.3555270863599,4.394205208989057,1.5506,13.4
clgbt,s045,60,5.2685,true,,1204.833678609597,5.2684839367793375,1.4906,14.4
clgbt,s045,50,4.3904,true,,1671.663424667329,4.098323515382097,2.0681,83.9
clgbt,s045,40,3.5123,false,no_solution,null,null,,627.3
clgbt,s045,30,2.6342,false,not_run_after_fail,,,,0.0
clgbt,s046,100,10.0078,true,,1240.9974630112915,8.891828428482269,1.2263,14.1
clgbt,s046,90,9.0070,true,,1044.8188067093383,7.314970591982005,1.0325,15.7
clgbt,s046,80,8.0062,true,,2079.891737002382,7.940585620759925,2.0553,39.8
clgbt,s046,70,7.0055,true,,2101.6269294265994,6.923063938916749,2.0768,40.5
clgbt,s046,60,6.0047,true,,1455.4384925102074,5.0606457521865496,1.4383,384.2
clgbt,s046,50,5.0039,false,no_solution,null,null,,961.6
clgbt,s046,40,4.0031,false,not_run_after_fail,,,,0.0
clgbt,s046,30,3.0023,false,not_run_after_fail,,,,0.0
clgbt,s047,100,5.8596,true,,1038.0014660107345,5.7108551854872225,1.4537,12.9
clgbt,s047,90,5.2736,true,,1353.8563735367823,5.253721513899115,1.8961,13.2
clgbt,s047,80,4.6877,true,,1565.0381857925977,4.351202252188142,2.1918,17.2
clgbt,s047,70,4.1017,true,,1540.0476690184148,3.192662228033932,2.1568,30.5
clgbt,s047,60,3.5158,true,,1421.6161175969262,3.5099675435811095,1.9910,61.2
clgbt,s047,50,2.9298,false,no_solution,null,null,,441.6
clgbt,s047,40,2.3438,false,not_run_after_fail,,,,0.0
clgbt,s047,30,1.7579,false,not_run_after_fail,,,,0.0
clgbt,s048,100,6.4952,true,,1268.3178363444226,4.762961160130846,1.3668,12.8
clgbt,s048,90,5.8457,true,,1269.93036901608,5.032963213273293,1.3686,12.9
clgbt,s048,80,5.1962,true,,1306.8311850418736,4.534743458466581,1.4083,12.8
clgbt,s048,70,4.5467,true,,1306.8311850418736,4.534743458466581,1.4083,12.9
clgbt,s048,60,3.8971,true,,2202.598045177365,1.8149838058777688,2.3737,94.1
clgbt,s048,50,3.2476,true,,2203.458035740648,1.749925729976063,2.3746,95.1
clgbt,s048,40,2.5981,false,no_solution,null,null,,905.3
clgbt,s048,30,1.9486,false,not_run_after_fail,,,,0.0
clgbt,s049,100,11.4189,true,,1102.7456090284836,8.186988352058703,1.1991,12.9
clgbt,s049,90,10.2770,true,,1102.7456090284836,8.186988352058703,1.1991,12.9
clgbt,s049,80,9.1351,true,,1102.7456090284836,8.186988352058703,1.1991,13.1
clgbt,s049,70,7.9932,true,,1098.8331230620515,6.4843760262280234,1.1948,14.4
clgbt,s049,60,6.8513,true,,2021.8871712251205,6.682787190798686,2.1985,14.6
clgbt,s049,50,5.7094,true,,1974.8827942373334,5.2649783069244265,2.1474,18.7
clgbt,s049,40,4.5675,true,,1568.6128953423565,2.2432122039578988,1.7056,21.3
clgbt,s049,30,3.4257,true,,1630.8009159074936,2.1950930248919667,1.7732,21.1
clgbt,s050,100,8.9086,true,,944.7037839983336,8.263165330152544,1.1703,13.0
clgbt,s050,90,8.0177,false,recovery_failed,1176.0891322224593,6.8034951762463916,,13.1
clgbt,s050,80,7.1269,false,not_run_after_fail,,,,0.0
clgbt,s050,70,6.2360,false,not_run_after_fail,,,,0.0
clgbt,s050,60,5.3452,false,not_run_after_fail,,,,0.0
clgbt,s050,50,4.4543,false,not_run_after_fail,,,,0.0
clgbt,s050,40,3.5634,false,not_run_after_fail,,,,0.0
clgbt,s050,30,2.6726,false,not_run_after_fail,,,,0.0
clgbt,s053,100,5.9518,true,,945.2921509071796,5.676913878764271,1.3335,13.6
clgbt,s053,90,5.3566,true,,1168.5521519045908,3.5979900212825133,1.6485,22.6
clgbt,s053,80,4.7614,true,,1168.5857998735385,3.497249606727334,1.6485,23.1
clgbt,s053,70,4.1662,true,,1168.6602949717856,3.405465747760023,1.6486,22.8
clgbt,s053,60,3.5711,true,,1168.8690928049307,3.217604891866397,1.6489,22.9
clgbt,s053,50,2.9759,true,,1170.2019415173288,2.852343565207279,1.6508,23.2
clgbt,s053,40,2.3807,false,no_solution,null,null,,453.1
clgbt,s053,30,1.7855,false,not_run_after_fail,,,,0.0
clgbt,s055,100,5.0483,true,,1306.8311850418736,4.749271778156954,1.3194,12.5
clgbt,s055,90,4.5435,true,,1292.0843494927124,4.201361489423349,1.3045,25.5
clgbt,s055,80,4.0386,true,,1254.3596452399215,3.8784574603428195,1.2664,77.8
clgbt,s055,70,3.5338,true,,1203.972308847896,2.96296533341835,1.2155,729.8
clgbt,s055,60,3.0290,false,no_solution,null,null,,1135.8
clgbt,s055,50,2.5241,false,not_run_after_fail,,,,0.0
clgbt,s055,40,2.0193,false,not_run_after_fail,,,,0.0
clgbt,s055,30,1.5145,false,not_run_after_fail,,,,0.0
clgbt,s057,100,5.1397,true,,1359.7983587925082,2.7346034631766956,1.3202,23.7
clgbt,s057,90,4.6257,true,,1373.4727421933535,2.881445696227937,1.3335,22.9
clgbt,s057,80,4.1118,true,,1373.3985690873374,2.8770665467391323,1.3334,23.1
clgbt,s057,70,3.5978,true,,1373.3901617684473,2.8718536851258496,1.3334,23.7
clgbt,s057,60,3.0838,true,,1370.6967118110836,2.8908215659454966,1.3308,23.2
clgbt,s057,50,2.5699,true,,2033.2987944489455,2.121442885434744,1.9741,458.4
clgbt,s057,40,2.0559,false,no_solution,null,null,,999.9
clgbt,s057,30,1.5419,false,not_run_after_fail,,,,0.0
clgbt,s058,100,6.9173,true,,1025.9898409481762,5.016937929575266,1.6133,13.3
clgbt,s058,90,6.2256,true,,1025.830459678952,4.973389985653907,1.6130,13.1
clgbt,s058,80,5.5338,true,,1038.0014660107345,5.440647042593285,1.6322,13.2
clgbt,s058,70,4.8421,true,,1661.259103303635,2.797574787170843,2.6122,342.4
clgbt,s058,60,4.1504,true,,1661.259103303635,2.797574787170843,2.6122,340.6
clgbt,s058,50,3.4586,true,,1661.259103303635,2.797574787170843,2.6122,340.0
clgbt,s058,40,2.7669,false,no_solution,null,null,,492.7
clgbt,s058,30,2.0752,false,not_run_after_fail,,,,0.0
clgbt,s060,100,7.4188,true,,1038.0014660107345,5.576318951858831,1.6475,12.9
clgbt,s060,90,6.6769,true,,1038.0014660107345,5.576318951858831,1.6475,12.9
clgbt,s060,80,5.9351,true,,1038.0014660107345,5.576318951858831,1.6475,13.1
clgbt,s060,70,5.1932,true,,1226.7202452927738,5.193169196516806,1.9470,74.3
clgbt,s060,60,4.4513,true,,1251.0049755248006,4.444322916537923,1.9855,75.0
clgbt,s060,50,3.7094,false,no_solution,null,null,,422.7
clgbt,s060,40,2.9675,false,not_run_after_fail,,,,0.0
clgbt,s060,30,2.2256,false,not_run_after_fail,,,,0.0
clgbt,s061,100,8.9677,true,,841.2755202123677,5.352857406515553,1.3548,12.9
clgbt,s061,90,8.0709,true,,841.2755239141413,5.352857482234645,1.3548,12.9
clgbt,s061,80,7.1741,true,,841.2755311882513,5.352857632362007,1.3548,12.9
clgbt,s061,70,6.2774,true,,841.275552013549,5.352858072636125,1.3548,13.0
clgbt,s061,60,5.3806,true,,841.2742978894181,5.352916603365167,1.3548,12.9
clgbt,s061,50,4.4838,true,,931.9465338470259,4.353723013698185,1.5008,12.6
clgbt,s061,40,3.5871,true,,1160.9381840642857,1.2814086143174275,1.8695,14.3
clgbt,s061,30,2.6903,true,,1352.9460164002314,1.9794966298527774,2.1787,16.9
clgbt,s062,100,5.2141,true,,1828.3629447404687,4.261941953032692,2.2699,15.0
clgbt,s062,90,4.6927,true,,1368.105954970756,2.947928602434864,1.6985,126.5
clgbt,s062,80,4.1712,true,,1368.105954970756,2.947928602434864,1.6985,129.4
clgbt,s062,70,3.6498,true,,1368.105954970756,2.947928602434864,1.6985,127.2
clgbt,s062,60,3.1284,false,no_solution,null,null,,809.6
clgbt,s062,50,2.6070,false,not_run_after_fail,,,,0.0
clgbt,s062,40,2.0856,false,not_run_after_fail,,,,0.0
clgbt,s062,30,1.5642,false,not_run_after_fail,,,,0.0
clgbt,s063,100,5.2198,true,,1776.128277256183,2.6742468191747055,1.7461,19.0
clgbt,s063,90,4.6978,true,,1776.128277256183,2.6742468191747055,1.7461,18.8
clgbt,s063,80,4.1758,true,,1776.128277256183,2.6742468191747055,1.7461,18.6
clgbt,s063,70,3.6539,true,,1776.128277256183,2.6742468191747055,1.7461,18.8
clgbt,s063,60,3.1319,true,,1776.128277256183,2.6742468191747055,1.7461,18.6
clgbt,s063,50,2.6099,false,no_solution,null,null,,716.7
clgbt,s063,40,2.0879,false,not_run_after_fail,,,,0.0
clgbt,s063,30,1.5659,false,not_run_after_fail,,,,0.0
clgbt,s064,100,10.1594,true,,1058.8443121074251,9.541971437142838,1.3155,14.4
clgbt,s064,90,9.1435,true,,1066.0241895185363,9.143452677225191,1.3244,13.5
clgbt,s064,80,8.1275,true,,1725.6147479572435,5.910169179478233,2.1438,26.6
clgbt,s064,70,7.1116,true,,1725.6147479572435,5.910169179478233,2.1438,27.6
clgbt,s064,60,6.0956,true,,1725.6147479572435,5.910169179478233,2.1438,26.6
clgbt,s064,50,5.0797,true,,2071.7149922159765,4.925830254657403,2.5738,599.3
clgbt,s064,40,4.0638,false,no_solution,null,null,,760.2
clgbt,s064,30,3.0478,false,not_run_after_fail,,,,0.0
clgbt,s066,100,5.3454,true,,1038.0014660107345,4.936406318242825,1.6751,12.9
clgbt,s066,90,4.8109,false,recovery_failed,1549.7419653851375,2.416868603323652,,16.8
clgbt,s066,80,4.2763,false,not_run_after_fail,,,,0.0
clgbt,s066,70,3.7418,false,not_run_after_fail,,,,0.0
clgbt,s066,60,3.2073,false,not_run_after_fail,,,,0.0
clgbt,s066,50,2.6727,false,not_run_after_fail,,,,0.0
clgbt,s066,40,2.1382,false,not_run_after_fail,,,,0.0
clgbt,s066,30,1.6036,false,not_run_after_fail,,,,0.0
clgbt,s067,100,9.1966,true,,1172.5176143609422,8.307477344899327,1.3298,13.1
clgbt,s067,90,8.2770,true,,1023.2418094550026,6.943373306851352,1.1605,13.6
clgbt,s067,80,7.3573,true,,1391.450336534119,6.528157770759473,1.5781,14.9
clgbt,s067,70,6.4376,true,,1111.4609039655295,5.1551614198064675,1.2605,87.2
clgbt,s067,60,5.5180,true,,1110.8732155689863,5.192818021949169,1.2599,84.0
clgbt,s067,50,4.5983,false,no_solution,null,null,,729.2
clgbt,s067,40,3.6786,false,not_run_after_fail,,,,0.0
clgbt,s067,30,2.7590,false,not_run_after_fail,,,,0.0
clgbt,s068,100,4.9268,true,,945.1395835344342,3.677542345557356,1.3865,13.7
clgbt,s068,90,4.4341,true,,1026.7246909992941,3.910861054096695,1.5062,13.0
clgbt,s068,80,3.9414,true,,1370.8081958398275,1.4618972366894811,2.0110,15.9
clgbt,s068,70,3.4488,true,,1349.6749586635742,2.063905595216856,1.9800,16.5
clgbt,s068,60,2.9561,false,recovery_failed,1372.4625202747293,2.7858570155611444,,14.1
clgbt,s068,50,2.4634,false,not_run_after_fail,,,,0.0
clgbt,s068,40,1.9707,false,not_run_after_fail,,,,0.0
clgbt,s068,30,1.4780,false,not_run_after_fail,,,,0.0
clgbt,s069,100,5.0933,true,,1345.0458909057627,2.2426129423705867,1.5604,13.5
clgbt,s069,90,4.5840,true,,1345.0678400815598,2.236853301521855,1.5605,13.4
clgbt,s069,80,4.0746,true,,1344.8796179178976,2.224519170104263,1.5603,13.8
clgbt,s069,70,3.5653,true,,1344.720313188074,2.2072172683501896,1.5601,13.8
clgbt,s069,60,3.0560,true,,1344.5173677244914,2.176710498883527,1.5598,13.7
clgbt,s069,50,2.5467,true,,1333.5339176545463,1.8436864050538424,1.5471,14.1
clgbt,s069,40,2.0373,true,,1207.340919118536,0.8279642266293803,1.4007,290.9
clgbt,s069,30,1.5280,false,no_solution,null,null,,659.0
clgbt,s070,100,9.7873,true,,1188.1343501283168,7.8508005760052155,1.2444,15.9
clgbt,s070,90,8.8086,true,,1277.9572821616675,8.235591276550203,1.3385,14.8
clgbt,s070,80,7.8299,false,no_solution,null,null,,742.1
clgbt,s070,70,6.8511,false,not_run_after_fail,,,,0.0
clgbt,s070,60,5.8724,false,not_run_after_fail,,,,0.0
clgbt,s070,50,4.8937,false,not_run_after_fail,,,,0.0
clgbt,s070,40,3.9149,false,not_run_after_fail,,,,0.0
clgbt,s070,30,2.9362,false,not_run_after_fail,,,,0.0
clgbt,s073,100,5.1636,true,,1475.8625002790395,2.674267606898562,2.2424,16.7
clgbt,s073,90,4.6472,true,,1515.3668447231314,1.1701596283763873,2.3024,16.6
clgbt,s073,80,4.1309,true,,1516.0396229678245,1.1751789355767828,2.3035,16.6
clgbt,s073,70,3.6145,true,,1514.344574907636,1.3513706070035556,2.3009,16.7
clgbt,s073,60,3.0981,true,,1440.1042509460435,2.9544565750667893,2.1881,17.0
clgbt,s073,50,2.5818,true,,1379.8843968449528,2.0385869265129397,2.0966,17.1
clgbt,s073,40,2.0654,false,no_solution,null,null,,426.6
clgbt,s073,30,1.5491,false,not_run_after_fail,,,,0.0
clgbt,s075,100,5.6962,true,,1034.9386599034299,5.2778343856963685,1.5815,13.9
clgbt,s075,90,5.1266,true,,1423.9818825456352,3.507852554539153,2.1760,14.3
clgbt,s075,80,4.5570,false,recovery_failed,1385.0066419180332,4.414754926192141,,13.6
clgbt,s075,70,3.9874,false,not_run_after_fail,,,,0.0
clgbt,s075,60,3.4177,false,not_run_after_fail,,,,0.0
clgbt,s075,50,2.8481,false,not_run_after_fail,,,,0.0
clgbt,s075,40,2.2785,false,not_run_after_fail,,,,0.0
clgbt,s075,30,1.7089,false,not_run_after_fail,,,,0.0
clgbt,s079,100,8.3152,true,,1081.2063559841224,6.557836515741076,1.1525,14.5
clgbt,s079,90,7.4837,true,,1326.8014183948003,5.321242572665043,1.4143,14.0
clgbt,s079,80,6.6521,true,,1168.7541399209242,6.630651571949573,1.2458,14.4
clgbt,s079,70,5.8206,true,,1251.7868736563819,5.569084671352211,1.3344,23.5
clgbt,s079,60,4.9891,false,no_solution,null,null,,997.4
clgbt,s079,50,4.1576,false,not_run_after_fail,,,,0.0
clgbt,s079,40,3.3261,false,not_run_after_fail,,,,0.0
clgbt,s079,30,2.4946,false,not_run_after_fail,,,,0.0
clgbt,s080,100,9.1105,true,,1146.0741089576682,8.200576429280236,1.2732,13.3
clgbt,s080,90,8.1994,true,,1144.3985343798286,8.105310206407278,1.2714,13.4
clgbt,s080,80,7.2884,true,,1628.2180313873005,4.908355999856411,1.8089,14.8
clgbt,s080,70,6.3773,true,,1629.7056350211515,4.943186812680428,1.8105,14.8
clgbt,s080,60,5.4663,true,,1693.086616092478,4.549756912700061,1.8809,54.5
clgbt,s080,50,4.5552,false,no_solution,null,null,,1183.1
clgbt,s080,40,3.6442,false,not_run_after_fail,,,,0.0
clgbt,s080,30,2.7331,false,not_run_after_fail,,,,0.0
clgbt,s081,100,5.2657,true,,1075.895309085129,4.978179328280758,1.3391,13.1
clgbt,s081,90,4.7391,true,,2007.849727731337,4.446726507559934,2.4990,14.3
clgbt,s081,80,4.2125,true,,1932.7020766764936,3.4558482525223635,2.4055,16.1
clgbt,s081,70,3.6860,false,recovery_failed,1490.5314509267312,1.4852541341155114,,37.6
clgbt,s081,60,3.1594,false,not_run_after_fail,,,,0.0
clgbt,s081,50,2.6328,false,not_run_after_fail,,,,0.0
clgbt,s081,40,2.1063,false,not_run_after_fail,,,,0.0
clgbt,s081,30,1.5797,false,not_run_after_fail,,,,0.0
clgbt,s082,100,5.1178,true,,1148.288533772767,4.213913108924143,1.4644,12.9
clgbt,s082,90,4.6060,true,,1148.288533772767,4.213913108924143,1.4644,12.9
clgbt,s082,80,4.0943,true,,1181.3379212340471,3.8945856931638305,1.5065,13.0
clgbt,s082,70,3.5825,false,recovery_failed,1276.7196078602612,0.9232794707018833,,43.6
clgbt,s082,60,3.0707,false,not_run_after_fail,,,,0.0
clgbt,s082,50,2.5589,false,not_run_after_fail,,,,0.0
clgbt,s082,40,2.0471,false,not_run_after_fail,,,,0.0
clgbt,s082,30,1.5353,false,not_run_after_fail,,,,0.0
clgbt,s084,100,6.6722,true,,1033.573756301828,3.8092699004938413,1.6935,14.1
clgbt,s084,90,6.0050,true,,1034.7457178241564,3.563811543505066,1.6954,13.8
clgbt,s084,80,5.3378,true,,1034.7136700026338,3.571993735687126,1.6954,14.3
clgbt,s084,70,4.6705,true,,1031.993107830057,3.7107368884747003,1.6909,14.9
clgbt,s084,60,4.0033,true,,1059.477112147691,2.5872850730491215,1.7359,13.5
clgbt,s084,50,3.3361,true,,1059.477112147691,2.5872850730491215,1.7359,13.5
clgbt,s084,40,2.6689,false,recovery_failed,1414.2115740620463,1.4020169719608102,,14.7
clgbt,s084,30,2.0017,false,not_run_after_fail,,,,0.0
